date,EUR,GBP,JPY,CHF,VIX,UST10Y,TBILL_3M,SP500,US_3M,EUR_3M,GBP_3M,JPY_3M,CHF_3M
2000-01-03,1.0155,1.627,0.00983284169124877,0.6325910931174089,24.21,6.58,5.27,1455.219970703125,5.95,3.34314285714286,6.13632,,1.72924735
2000-01-04,1.0309,1.637,0.00970026190707149,0.6424670735624799,27.01,6.49,5.27,1399.4200439453125,5.95,3.34314285714286,6.13632,,1.72924735
2000-01-05,1.0335,1.6415,0.009636696540425942,0.6440808965606081,26.41,6.62,5.28,1402.1099853515625,5.95,3.34314285714286,6.13632,,1.72924735
2000-01-06,1.0324,1.6475,0.00950660709192889,0.6435006435006435,25.73,6.57,5.25,1403.449951171875,5.95,3.34314285714286,6.13632,,1.72924735
2000-01-07,1.0294,1.6384,0.009508414947228297,0.6400819304871024,21.72,6.52,5.22,1441.469970703125,5.95,3.34314285714286,6.13632,,1.72924735
2000-01-10,1.0252,1.6374,0.009498480243161094,0.6367804381049414,21.71,6.57,5.24,1457.5999755859375,5.95,3.34314285714286,6.13632,,1.72924735
2000-01-11,1.0322,1.648,0.009425959091337543,0.6408202499198975,22.5,6.67,5.27,1438.56005859375,5.95,3.34314285714286,6.13632,,1.72924735
2000-01-12,1.0281,1.6465,0.0094553706505295,0.6385696040868455,22.84,6.72,5.29,1432.25,5.95,3.34314285714286,6.13632,,1.72924735
2000-01-13,1.027,1.6482,0.009425959091337543,0.6366588145412874,21.71,6.63,5.25,1449.6800537109375,5.95,3.34314285714286,6.13632,,1.72924735
2000-01-14,1.0128,1.6353,0.009446438692612885,0.6271558482282847,19.66,6.69,5.25,1465.1500244140625,5.95,3.34314285714286,6.13632,,1.72924735
2000-01-17,,,,,,,,,5.95,3.34314285714286,6.13632,,1.72924735
2000-01-18,1.0121,1.638,0.009479571523367144,0.6272738677706686,21.5,6.75,5.24,1455.1400146484375,5.95,3.34314285714286,6.13632,,1.72924735
2000-01-19,1.0115,1.6438,0.00948856627763545,0.6263701847792045,21.72,6.73,5.35,1455.9000244140625,5.95,3.34314285714286,6.13632,,1.72924735
2000-01-20,1.0133,1.6538,0.009483167377904219,0.6283380458686774,21.75,6.79,5.32,1445.5699462890625,5.95,3.34314285714286,6.13632,,1.72924735
2000-01-21,1.01,1.6504,0.009527439024390244,0.6260564702936205,20.82,6.79,5.31,1441.3599853515625,5.95,3.34314285714286,6.13632,,1.72924735
2000-01-24,1.0019,1.652,0.009476876421531463,0.6215040397762586,24.07,6.69,5.32,1401.530029296875,5.95,3.34314285714286,6.13632,,1.72924735
2000-01-25,1.0041,1.6482,0.009445546424860677,0.6216972334473111,23.02,6.7,5.4,1410.030029296875,5.95,3.34314285714286,6.13632,,1.72924735
2000-01-26,1.0011,1.6395,0.00944733112895607,0.6210408644888833,23.03,6.69,5.41,1404.0899658203125,5.95,3.34314285714286,6.13632,,1.72924735
2000-01-27,0.989,1.6363,0.009531979792202841,0.6128577557148986,23.54,6.68,5.42,1398.56005859375,5.95,3.34314285714286,6.13632,,1.72924735
2000-01-28,0.9765,1.621,0.009332711152589827,0.6066120715802245,26.14,6.66,5.48,1360.1600341796875,5.95,3.34314285714286,6.13632,,1.72924735
2000-01-31,0.9757,1.6182,0.009317059536010435,0.6062443164595333,24.95,6.68,5.53,1394.4599609375,5.95,3.34314285714286,6.13632,,1.72924735
2000-02-01,0.9731,1.615,0.009287638153617534,0.6045949214026602,23.45,6.62,5.54,1409.280029296875,6.01,3.53676190476191,6.23781,,2.23797919047619
2000-02-02,0.9768,1.606,0.00922509225092251,0.605987153072355,23.12,6.6,5.49,1409.1199951171875,6.01,3.53676190476191,6.23781,,2.23797919047619
2000-02-03,0.9887,1.6025,0.009266123054114159,0.6151953245155337,22.01,6.49,5.46,1424.969970703125,6.01,3.53676190476191,6.23781,,2.23797919047619
2000-02-04,0.976,1.5915,0.009298865538404314,0.607164541590771,21.54,6.53,5.5,1424.3699951171875,6.01,3.53676190476191,6.23781,,2.23797919047619
2000-02-07,0.9783,1.5917,0.009195402298850575,0.608790941190795,22.79,6.64,5.47,1424.239990234375,6.01,3.53676190476191,6.23781,,2.23797919047619
2000-02-08,0.9862,1.6105,0.009124920156948626,0.6134592969756456,21.25,6.59,5.52,1441.719970703125,6.01,3.53676190476191,6.23781,,2.23797919047619
2000-02-09,0.9914,1.6115,0.009165062780680048,0.6160670280926565,22.9,6.56,5.49,1411.7099609375,6.01,3.53676190476191,6.23781,,2.23797919047619
2000-02-10,0.9865,1.6057,0.009196247930844215,0.6142506142506143,23.07,6.67,5.5,1416.8299560546875,6.01,3.53676190476191,6.23781,,2.23797919047619
2000-02-11,0.9847,1.5923,0.009175153683824204,0.613308800981294,24.42,6.63,5.49,1387.1199951171875,6.01,3.53676190476191,6.23781,,2.23797919047619
2000-02-14,0.9783,1.589,0.009203865623561895,0.608457560085184,24.38,6.56,5.47,1389.93994140625,6.01,3.53676190476191,6.23781,,2.23797919047619
2000-02-15,0.9834,1.595,0.009195402298850575,0.612369871402327,22.92,6.56,5.58,1402.050048828125,6.01,3.53676190476191,6.23781,,2.23797919047619
2000-02-16,0.9842,1.604,0.009142439202779302,0.613421666053245,23.51,6.56,5.56,1387.6700439453125,6.01,3.53676190476191,6.23781,,2.23797919047619
2000-02-17,0.9863,1.605,0.009068649678062937,0.6144770800049159,23.17,6.58,5.57,1388.260009765625,6.01,3.53676190476191,6.23781,,2.23797919047619
2000-02-18,0.985,1.5984,0.00901875901875902,0.6141751627564181,26.0,6.49,5.58,1346.0899658203125,6.01,3.53676190476191,6.23781,,2.23797919047619
2000-02-21,,,,,,,,,6.01,3.53676190476191,6.23781,,2.23797919047619
2000-02-22,1.006,1.6165,0.009005763688760807,0.6256647688168679,25.86,6.36,5.6,1352.1700439453125,6.01,3.53676190476191,6.23781,,2.23797919047619
2000-02-23,1.0017,1.6047,0.00900009000090001,0.6218132073125233,23.89,6.44,5.64,1360.68994140625,6.01,3.53676190476191,6.23781,,2.23797919047619
2000-02-24,0.9931,1.5981,0.009013068949977467,0.6172839506172839,24.38,6.36,5.63,1353.4300537109375,6.01,3.53676190476191,6.23781,,2.23797919047619
2000-02-25,0.9763,1.5908,0.009010632546404758,0.6069802731411229,25.2,6.36,5.62,1333.3599853515625,6.01,3.53676190476191,6.23781,,2.23797919047619
2000-02-28,0.9669,1.5935,0.009160025648071814,0.6018657839301835,24.68,6.37,5.63,1348.050048828125,6.01,3.53676190476191,6.23781,,2.23797919047619
2000-02-29,0.9643,1.578,0.009100837277029487,0.6000600060006,23.37,6.42,5.62,1366.4200439453125,6.01,3.53676190476191,6.23781,,2.23797919047619
2000-03-01,0.97,1.5849,0.009337068160597572,0.6035731530661516,21.64,6.39,5.6,1379.18994140625,6.14,3.74704347826087,6.22838,,2.43072330434783
2000-03-02,0.9619,1.5765,0.009313588525658936,0.5983008256551394,21.06,6.4,5.6,1381.760009765625,6.14,3.74704347826087,6.22838,,2.43072330434783
2000-03-03,0.9618,1.581,0.00927643784786642,0.5983724269985639,19.21,6.39,5.63,1409.1700439453125,6.14,3.74704347826087,6.22838,,2.43072330434783
2000-03-06,0.9603,1.5732,0.009281603861147207,0.5970149253731343,21.5,6.42,5.66,1391.280029296875,6.14,3.74704347826087,6.22838,,2.43072330434783
2000-03-07,0.956,1.5772,0.009416195856873822,0.594883997620464,24.31,6.39,5.67,1355.6199951171875,6.14,3.74704347826087,6.22838,,2.43072330434783
2000-03-08,0.9576,1.5855,0.009355412105903266,0.5963029218843172,23.82,6.38,5.67,1366.699951171875,6.14,3.74704347826087,6.22838,,2.43072330434783
2000-03-09,0.9684,1.5815,0.009394081728511038,0.6025911419102139,22.21,6.35,5.66,1401.68994140625,6.14,3.74704347826087,6.22838,,2.43072330434783
2000-03-10,0.9659,1.5793,0.009409993413004612,0.6002040693835905,21.24,6.39,5.7,1395.0699462890625,6.14,3.74704347826087,6.22838,,2.43072330434783
2000-03-13,0.9648,1.5782,0.0094948727687049,0.5987306909352174,22.85,6.36,5.71,1383.6199951171875,6.14,3.74704347826087,6.22838,,2.43072330434783
2000-03-14,0.9644,1.5725,0.009537434430138294,0.5982650314089142,24.41,6.31,5.71,1359.1500244140625,6.14,3.74704347826087,6.22838,,2.43072330434783
2000-03-15,0.9696,1.573,0.009471490812653912,0.6017571308220002,22.34,6.29,5.69,1392.1400146484375,6.14,3.74704347826087,6.22838,,2.43072330434783
2000-03-16,0.971,1.5747,0.00946700747893591,0.602663773880552,20.77,6.26,5.7,1458.469970703125,6.14,3.74704347826087,6.22838,,2.43072330434783
2000-03-17,0.9694,1.5705,0.009425070688030161,0.601684717208183,22.37,6.2,5.72,1464.469970703125,6.14,3.74704347826087,6.22838,,2.43072330434783
2000-03-20,0.971,1.5686,0.009389671361502348,0.6022282445046673,22.96,6.18,5.74,1456.6300048828125,6.14,3.74704347826087,6.22838,,2.43072330434783
2000-03-21,0.9703,1.5725,0.009353661958656815,0.6018657839301835,21.7,6.13,5.74,1493.8699951171875,6.14,3.74704347826087,6.22838,,2.43072330434783
2000-03-22,0.9608,1.5705,0.009365926758452749,0.5970149253731343,21.49,6.13,5.74,1500.6400146484375,6.14,3.74704347826087,6.22838,,2.43072330434783
2000-03-23,0.9691,1.583,0.009306654257794323,0.6052536012589276,22.26,6.08,5.73,1527.3499755859375,6.14,3.74704347826087,6.22838,,2.43072330434783
2000-03-24,0.9724,1.591,0.009324009324009324,0.6122573930080206,23.31,6.2,5.74,1527.4599609375,6.14,3.74704347826087,6.22838,,2.43072330434783
2000-03-27,0.9645,1.5855,0.009334453467749464,0.6072382803011902,24.53,6.21,5.69,1523.8599853515625,6.14,3.74704347826087,6.22838,,2.43072330434783
2000-03-28,0.9614,1.5872,0.009442870632672332,0.6041931001147967,24.86,6.17,5.72,1507.72998046875,6.14,3.74704347826087,6.22838,,2.43072330434783
2000-03-29,0.9524,1.587,0.00946969696969697,0.5979073243647234,24.1,6.18,5.73,1508.52001953125,6.14,3.74704347826087,6.22838,,2.43072330434783
2000-03-30,0.9594,1.5922,0.00947597839476926,0.6022282445046673,25.47,6.06,5.71,1487.9200439453125,6.14,3.74704347826087,6.22838,,2.43072330434783
2000-03-31,0.9574,1.5922,0.009734254842791784,0.6013229104028863,24.11,6.03,5.72,1498.5799560546875,6.14,3.74704347826087,6.22838,,2.43072330434783
2000-04-03,0.956,1.598,0.009540164090822362,0.6028817748839452,24.03,6.0,5.69,1505.969970703125,6.28,3.92527777777778,6.29647,,2.8121195
2000-04-04,0.9588,1.5965,0.009493971328206589,0.6060606060606061,27.12,5.9,5.67,1494.72998046875,6.28,3.92527777777778,6.29647,,2.8121195
2000-04-05,0.9647,1.59,0.009523809523809525,0.612369871402327,28.41,5.9,5.7,1487.3699951171875,6.28,3.92527777777778,6.29647,,2.8121195
2000-04-06,0.958,1.58,0.00954380606986066,0.6101281269066504,27.15,5.93,5.72,1501.3399658203125,6.28,3.92527777777778,6.29647,,2.8121195
2000-04-07,0.959,1.583,0.009493971328206589,0.6103888176768602,24.39,5.86,5.73,1516.3499755859375,6.28,3.92527777777778,6.29647,,2.8121195
2000-04-10,0.9588,1.5828,0.00940114693992667,0.608457560085184,25.99,5.8,5.7,1504.4599609375,6.28,3.92527777777778,6.29647,,2.8121195
2000-04-11,0.9591,1.5873,0.009350163627863487,0.6091989034419738,27.25,5.89,5.67,1500.5899658203125,6.28,3.92527777777778,6.29647,,2.8121195
2000-04-12,0.9551,1.5882,0.009446438692612885,0.6064281382656155,28.98,5.97,5.67,1467.1700439453125,6.28,3.92527777777778,6.29647,,2.8121195
2000-04-13,0.9524,1.5881,0.0094553706505295,0.6053268765133172,29.4,5.94,5.65,1440.510009765625,6.28,3.92527777777778,6.29647,,2.8121195
2000-04-14,0.9564,1.586,0.009512937595129375,0.6094588005850804,33.49,5.85,5.65,1356.56005859375,6.28,3.92527777777778,6.29647,,2.8121195
2000-04-17,0.955,1.5853,0.009597850081581726,0.6082725060827251,28.95,6.01,5.65,1401.43994140625,6.28,3.92527777777778,6.29647,,2.8121195
2000-04-18,0.9477,1.5764,0.009561143512764126,0.6023007890140336,26.12,6.05,5.65,1441.6099853515625,6.28,3.92527777777778,6.29647,,2.8121195
2000-04-19,0.9369,1.5777,0.00952925481227368,0.5968367651447329,27.02,5.99,5.65,1427.469970703125,6.28,3.92527777777778,6.29647,,2.8121195
2000-04-20,0.9376,1.5801,0.009483167377904219,0.5962318149296446,25.85,5.99,5.63,1434.5400390625,6.28,3.92527777777778,6.29647,,2.8121195
2000-04-21,0.9379,1.5785,0.009444654325651681,0.5966587112171838,,,,,6.28,3.92527777777778,6.29647,,2.8121195
2000-04-24,0.9396,1.58,0.00946431951542684,0.5983724269985639,27.37,6.0,5.61,1429.8599853515625,6.28,3.92527777777778,6.29647,,2.8121195
2000-04-25,0.9265,1.5787,0.009459842966606754,0.588754783632617,25.24,6.14,5.63,1477.43994140625,6.28,3.92527777777778,6.29647,,2.8121195
2000-04-26,0.9217,1.5795,0.00939319932368965,0.585308750365818,26.97,6.14,5.59,1460.989990234375,6.28,3.92527777777778,6.29647,,2.8121195
2000-04-27,0.9083,1.5748,0.009402030838661151,0.5777007510109763,26.19,6.23,5.59,1464.9200439453125,6.28,3.92527777777778,6.29647,,2.8121195
2000-04-28,0.9089,1.556,0.009260974254491572,0.5797101449275363,26.2,6.23,5.66,1452.4300537109375,6.28,3.92527777777778,6.29647,,2.8121195
2000-05-01,0.912,1.5558,0.00918357975939021,0.5836008170411439,25.88,6.29,5.67,1468.25,6.71,4.36204545454546,6.30356,,3.01037731818182
2000-05-02,0.9068,1.559,0.009205560158335634,0.5819028222286878,28.5,6.32,5.75,1446.2900390625,6.71,4.36204545454546,6.30356,,3.01037731818182
2000-05-03,0.8891,1.5605,0.00916254352208173,0.5757383844780931,31.63,6.4,5.74,1415.0999755859375,6.71,4.36204545454546,6.30356,,3.01037731818182
2000-05-04,0.8907,1.5435,0.00924470740501063,0.5762692329856509,30.77,6.46,5.73,1409.5699462890625,6.71,4.36204545454546,6.30356,,3.01037731818182
2000-05-05,0.8953,1.5288,0.009214042200313277,0.5772672169947469,27.53,6.51,5.79,1432.6300048828125,6.71,4.36204545454546,6.30356,,3.01037731818182
2000-05-08,0.895,1.531,0.009171787581399615,0.5778676683039584,28.2,6.57,5.87,1424.1700439453125,6.71,4.36204545454546,6.30356,,3.01037731818182
2000-05-09,0.9023,1.5315,0.009123255177447314,0.5807538184563563,28.93,6.53,5.96,1412.1400146484375,6.71,4.36204545454546,6.30356,,3.01037731818182
2000-05-10,0.9097,1.5153,0.00914662032379036,0.5830903790087463,29.87,6.47,5.96,1383.050048828125,6.71,4.36204545454546,6.30356,,3.01037731818182
2000-05-11,0.9021,1.4997,0.009219138932423711,0.5796429399489914,27.76,6.43,5.96,1407.81005859375,6.71,4.36204545454546,6.30356,,3.01037731818182
2000-05-12,0.908,1.5172,0.009196247930844215,0.5851375073142188,26.05,6.51,5.96,1420.9599609375,6.71,4.36204545454546,6.30356,,3.01037731818182
2000-05-15,0.9138,1.5075,0.009134088417975885,0.5870956378794105,24.86,6.47,5.94,1452.3599853515625,6.71,4.36204545454546,6.30356,,3.01037731818182
2000-05-16,0.9053,1.5008,0.009111617312072893,0.5830223880597015,24.34,6.43,6.02,1466.0400390625,6.71,4.36204545454546,6.30356,,3.01037731818182
2000-05-17,0.8921,1.4905,0.009129918743723181,0.5747787101965743,23.98,6.48,5.88,1447.800048828125,6.71,4.36204545454546,6.30356,,3.01037731818182
2000-05-18,0.8952,1.4818,0.00919963201471941,0.5754733268113023,23.96,6.56,5.75,1437.2099609375,6.71,4.36204545454546,6.30356,,3.01037731818182
2000-05-19,0.8946,1.4855,0.009355412105903266,0.576468553640399,25.44,6.51,5.71,1406.949951171875,6.71,4.36204545454546,6.30356,,3.01037731818182
2000-05-22,0.9036,1.4907,0.009344047841524948,0.5819028222286878,26.0,6.44,5.71,1400.719970703125,6.71,4.36204545454546,6.30356,,3.01037731818182
2000-05-23,0.9032,1.4728,0.009370314842578711,0.5782017924255565,25.87,6.45,5.84,1373.8599853515625,6.71,4.36204545454546,6.30356,,3.01037731818182
2000-05-24,0.9096,1.4755,0.009295408068414203,0.5811250581125058,24.32,6.47,5.75,1399.050048828125,6.71,4.36204545454546,6.30356,,3.01037731818182
2000-05-25,0.9072,1.4705,0.009304056568663937,0.5810575246949448,24.58,6.39,5.68,1381.52001953125,6.71,4.36204545454546,6.30356,,3.01037731818182
2000-05-26,0.931,1.4875,0.009330098899048329,0.5942476824340385,24.47,6.33,5.65,1378.02001953125,6.71,4.36204545454546,6.30356,,3.01037731818182
2000-05-29,,,,,,,,,6.71,4.36204545454546,6.30356,,3.01037731818182
2000-05-30,0.9314,1.495,0.009394964299135663,0.5922416345869115,23.62,6.38,5.6,1422.449951171875,6.71,4.36204545454546,6.30356,,3.01037731818182
2000-05-31,0.9328,1.4968,0.009281603861147207,0.5923117929277972,23.65,6.29,5.48,1420.5999755859375,6.71,4.36204545454546,6.30356,,3.01037731818182
2000-06-01,0.9307,1.4915,0.009196247930844215,0.5924872615238772,22.36,6.2,5.57,1448.81005859375,6.73,4.50172727272727,6.22682,,3.20290635
2000-06-02,0.9432,1.5079,0.009246417013407305,0.5995203836930456,21.48,6.15,5.7,1477.260009765625,6.73,4.50172727272727,6.22682,,3.20290635
2000-06-05,0.9471,1.5135,0.009307520476545048,0.6013229104028863,22.71,6.12,5.72,1467.6300048828125,6.73,4.50172727272727,6.22682,,3.20290635
2000-06-06,0.957,1.5235,0.00946611132146914,0.6086427267194157,23.05,6.14,5.82,1457.8399658203125,6.73,4.50172727272727,6.22682,,3.20290635
2000-06-07,0.96,1.5225,0.009478672985781991,0.6110601894286587,22.48,6.13,5.75,1471.3599853515625,6.73,4.50172727272727,6.22682,,3.20290635
2000-06-08,0.9548,1.506,0.009446438692612885,0.6093845216331505,22.77,6.13,5.74,1461.6700439453125,6.73,4.50172727272727,6.22682,,3.20290635
2000-06-09,0.9526,1.5079,0.009365049634763064,0.6081615277017576,22.14,6.13,5.75,1456.949951171875,6.73,4.50172727272727,6.22682,,3.20290635
2000-06-12,0.9544,1.512,0.009376465072667603,0.6113964294448521,22.32,6.09,5.69,1446.0,6.73,4.50172727272727,6.22682,,3.20290635
2000-06-13,0.9619,1.513,0.009364172675344134,0.6151953245155337,21.67,6.11,5.72,1469.43994140625,6.73,4.50172727272727,6.22682,,3.20290635
2000-06-14,0.959,1.5023,0.009355412105903266,0.6128201985537444,21.48,6.06,5.66,1470.5400390625,6.73,4.50172727272727,6.22682,,3.20290635
2000-06-15,0.953,1.5103,0.00938790837401427,0.6102770657878677,20.68,6.05,5.67,1478.72998046875,6.73,4.50172727272727,6.22682,,3.20290635
2000-06-16,0.9648,1.5165,0.009414422895876483,0.6181233774261343,20.5,5.99,5.66,1464.4599609375,6.73,4.50172727272727,6.22682,,3.20290635
2000-06-19,0.9622,1.5154,0.009457159069415548,0.6161429451632778,20.63,6.0,5.64,1486.0,6.73,4.50172727272727,6.22682,,3.20290635
2000-06-20,0.9557,1.51,0.00948586605957124,0.6142506142506143,20.88,6.03,5.63,1475.949951171875,6.73,4.50172727272727,6.22682,,3.20290635
2000-06-21,0.9455,1.497,0.009478672985781991,0.6101281269066504,20.61,6.11,5.65,1479.1300048828125,6.73,4.50172727272727,6.22682,,3.20290635
2000-06-22,0.9398,1.511,0.009578544061302681,0.6077180188392586,22.0,6.12,5.67,1452.1800537109375,6.73,4.50172727272727,6.22682,,3.20290635
2000-06-23,0.9358,1.501,0.009561143512764126,0.6036824630244491,22.34,6.19,5.69,1441.47998046875,6.73,4.50172727272727,6.22682,,3.20290635
2000-06-26,0.9382,1.499,0.00946431951542684,0.6056935190793459,22.45,6.11,5.66,1455.31005859375,6.73,4.50172727272727,6.22682,,3.20290635
2000-06-27,0.9444,1.5,0.00947597839476926,0.6105378838756945,21.8,6.1,5.67,1450.550048828125,6.73,4.50172727272727,6.22682,,3.20290635
2000-06-28,0.9444,1.5107,0.009477774618519572,0.6090133982947625,20.29,6.11,5.65,1454.8199462890625,6.73,4.50172727272727,6.22682,,3.20290635
2000-06-29,0.9515,1.5194,0.009515653249595584,0.6106870229007634,19.7,6.04,5.68,1442.3900146484375,6.73,4.50172727272727,6.22682,,3.20290635
2000-06-30,0.9545,1.513,0.00942151874882231,0.6128577557148986,19.54,6.03,5.71,1454.5999755859375,6.73,4.50172727272727,6.22682,,3.20290635
2000-07-03,0.9526,1.5135,0.00946611132146914,0.6126324817741836,19.83,6.0,5.75,1469.5400390625,6.67,4.58290476190476,6.19247,,3.29050628571429
2000-07-04,,,,,,,,,6.67,4.58290476190476,6.19247,,3.29050628571429
2000-07-05,0.9548,1.512,0.009353661958656815,0.6165228113440197,21.16,5.99,5.82,1446.22998046875,6.67,4.58290476190476,6.19247,,3.29050628571429
2000-07-06,0.9527,1.512,0.009313588525658936,0.6153846153846154,20.94,6.05,5.85,1456.6700439453125,6.67,4.58290476190476,6.19247,,3.29050628571429
2000-07-07,0.9484,1.5143,0.009275577404693442,0.6143260842855388,19.22,6.01,5.87,1478.9000244140625,6.67,4.58290476190476,6.19247,,3.29050628571429
2000-07-10,0.9521,1.5137,0.009337068160597572,0.6144393241167435,20.33,6.04,5.9,1475.6199951171875,6.67,4.58290476190476,6.19247,,3.29050628571429
2000-07-11,0.9497,1.514,0.009351912466099318,0.6121824303642486,20.11,6.06,5.93,1480.8800048828125,6.67,4.58290476190476,6.19247,,3.29050628571429
2000-07-12,0.9401,1.5068,0.009228497600590625,0.6056935190793459,20.03,6.09,5.99,1492.9200439453125,6.67,4.58290476190476,6.19247,,3.29050628571429
2000-07-13,0.9339,1.499,0.009236168837166344,0.6021194605009633,20.03,6.01,6.0,1495.8399658203125,6.67,4.58290476190476,6.19247,,3.29050628571429
2000-07-14,0.9374,1.499,0.009269558769002597,0.6048874909266876,19.32,6.1,5.99,1509.97998046875,6.67,4.58290476190476,6.19247,,3.29050628571429
2000-07-17,0.9351,1.492,0.009214042200313277,0.6033182503770739,19.45,6.17,5.98,1510.489990234375,6.67,4.58290476190476,6.19247,,3.29050628571429
2000-07-18,0.9322,1.4945,0.009233610341643583,0.6021194605009633,19.75,6.16,5.98,1493.739990234375,6.67,4.58290476190476,6.19247,,3.29050628571429
2000-07-19,0.9237,1.4942,0.009242144177449167,0.5959120433823968,19.65,6.16,6.0,1481.9599609375,6.67,4.58290476190476,6.19247,,3.29050628571429
2000-07-20,0.9292,1.5094,0.009268699601445917,0.5995203836930456,18.94,6.01,6.0,1495.5699462890625,6.67,4.58290476190476,6.19247,,3.29050628571429
2000-07-21,0.9343,1.5167,0.009167583425009168,0.6010337780983291,18.94,6.01,5.95,1480.18994140625,6.67,4.58290476190476,6.19247,,3.29050628571429
2000-07-24,0.9314,1.514,0.00918105031215571,0.5988023952095809,19.92,6.04,5.98,1464.2900390625,6.67,4.58290476190476,6.19247,,3.29050628571429
2000-07-25,0.9391,1.519,0.009149130832570906,0.6050338818973863,19.39,6.04,6.02,1474.469970703125,6.67,4.58290476190476,6.19247,,3.29050628571429
2000-07-26,0.9413,1.5154,0.009150805270863836,0.6063178318074335,19.67,6.04,6.0,1452.4200439453125,6.67,4.58290476190476,6.19247,,3.29050628571429
2000-07-27,0.9331,1.5116,0.009161704076958314,0.6022282445046673,19.6,6.02,6.04,1449.6199951171875,6.67,4.58290476190476,6.19247,,3.29050628571429
2000-07-28,0.9246,1.5025,0.009121590805436468,0.5969080164746613,20.84,6.04,6.02,1419.8900146484375,6.67,4.58290476190476,6.19247,,3.29050628571429
2000-07-31,0.9266,1.4983,0.00911743253099927,0.5991970759182695,20.74,6.04,6.03,1430.8299560546875,6.67,4.58290476190476,6.19247,,3.29050628571429
2000-08-01,0.9228,1.4992,0.009134922809902257,0.5967299200381907,20.55,6.0,6.07,1438.0999755859375,6.61,4.77708695652174,6.21754,,3.30846527272727
2000-08-02,0.9137,1.4926,0.009193711501333088,0.5921714928643335,20.0,5.98,6.07,1438.699951171875,6.61,4.77708695652174,6.21754,,3.30846527272727
2000-08-03,0.9042,1.4947,0.009228497600590625,0.5852402411189793,19.99,5.95,6.05,1452.56005859375,6.61,4.77708695652174,6.21754,,3.30846527272727
2000-08-04,0.9075,1.5022,0.009213193292795283,0.5864070837975722,18.62,5.91,6.05,1462.9300537109375,6.61,4.77708695652174,6.21754,,3.30846527272727
2000-08-07,0.9105,1.507,0.009175153683824204,0.5880623346074684,19.03,5.97,6.06,1479.3199462890625,6.61,4.77708695652174,6.21754,,3.30846527272727
2000-08-08,0.9019,1.5022,0.009204712812960236,0.583192395171167,18.79,5.93,6.08,1482.800048828125,6.61,4.77708695652174,6.21754,,3.30846527272727
2000-08-09,0.8991,1.4992,0.009260116677470136,0.5818351079304126,19.18,5.81,6.07,1472.8699951171875,6.61,4.77708695652174,6.21754,,3.30846527272727
2000-08-10,0.9077,1.498,0.00919963201471941,0.5859947260474656,19.19,5.76,6.07,1460.25,6.61,4.77708695652174,6.21754,,3.30846527272727
2000-08-11,0.9046,1.504,0.009201324990798674,0.5820382981200163,18.55,5.79,6.11,1471.8399658203125,6.61,4.77708695652174,6.21754,,3.30846527272727
2000-08-14,0.9037,1.506,0.009130752373995618,0.5809225049378413,17.88,5.78,6.09,1491.56005859375,6.61,4.77708695652174,6.21754,,3.30846527272727
2000-08-15,0.9135,1.5056,0.009174311926605505,0.584966364434045,17.98,5.81,6.1,1484.4300537109375,6.61,4.77708695652174,6.21754,,3.30846527272727
2000-08-16,0.9143,1.4988,0.00921234454168586,0.5850348095711695,18.02,5.83,6.09,1479.8499755859375,6.61,4.77708695652174,6.21754,,3.30846527272727
2000-08-17,0.9152,1.4992,0.009218289085545723,0.585308750365818,17.48,5.81,6.09,1496.0699462890625,6.61,4.77708695652174,6.21754,,3.30846527272727
2000-08-18,0.9068,1.4895,0.009222539887485013,0.5802146794313896,17.05,5.78,6.09,1491.719970703125,6.61,4.77708695652174,6.21754,,3.30846527272727
2000-08-21,0.9027,1.49,0.009214042200313277,0.5788712011577424,17.35,5.79,6.09,1499.47998046875,6.61,4.77708695652174,6.21754,,3.30846527272727
2000-08-22,0.8965,1.4797,0.009230201218386561,0.5745475438092502,17.47,5.78,6.1,1498.1300048828125,6.61,4.77708695652174,6.21754,,3.30846527272727
2000-08-23,0.8967,1.4813,0.009344047841524948,0.5786367318597385,17.38,5.73,6.11,1505.969970703125,6.61,4.77708695652174,6.21754,,3.30846527272727
2000-08-24,0.9028,1.4806,0.009355412105903266,0.584214523573056,17.04,5.73,6.11,1508.31005859375,6.61,4.77708695652174,6.21754,,3.30846527272727
2000-08-25,0.9024,1.4745,0.009330969487729775,0.584966364434045,16.53,5.73,6.13,1506.449951171875,6.61,4.77708695652174,6.21754,,3.30846527272727
2000-08-28,0.9002,1.4716,0.009394081728511038,0.5837711617046117,16.54,5.78,6.14,1514.0899658203125,6.61,4.77708695652174,6.21754,,3.30846527272727
2000-08-29,0.8966,1.4616,0.009416195856873822,0.580113702285648,16.89,5.81,6.13,1509.8399658203125,6.61,4.77708695652174,6.21754,,3.30846527272727
2000-08-30,0.8924,1.456,0.009392317084624777,0.5760368663594471,17.69,5.81,6.14,1502.5899658203125,6.61,4.77708695652174,6.21754,,3.30846527272727
2000-08-31,0.8878,1.4515,0.009375585974123383,0.5738880918220947,16.84,5.73,6.13,1517.6800537109375,6.61,4.77708695652174,6.21754,,3.30846527272727
2000-09-01,0.8993,1.4605,0.009453582907922102,0.5803830528148578,17.53,5.68,6.09,1520.77001953125,6.6,4.85280952380952,6.20569,,3.3217070952381
2000-09-04,,,,,,,,,6.6,4.85280952380952,6.20569,,3.3217070952381
2000-09-05,0.8876,1.4522,0.009444654325651681,0.5718206770356816,19.82,5.69,6.07,1507.0799560546875,6.6,4.85280952380952,6.20569,,3.3217070952381
2000-09-06,0.8702,1.4455,0.00942684766214178,0.562429696287964,20.79,5.72,6.03,1492.25,6.6,4.85280952380952,6.20569,,3.3217070952381
2000-09-07,0.874,1.438,0.009514747859181731,0.5643340857787811,19.42,5.76,6.02,1502.510009765625,6.6,4.85280952380952,6.20569,,3.3217070952381
2000-09-08,0.8664,1.4196,0.00943129303027445,0.559628406737926,18.46,5.73,5.97,1494.5,6.6,4.85280952380952,6.20569,,3.3217070952381
2000-09-11,0.8624,1.4123,0.009436633009342266,0.5644933672029353,18.4,5.77,5.95,1489.260009765625,6.6,4.85280952380952,6.20569,,3.3217070952381
2000-09-12,0.8596,1.402,0.009351912466099318,0.564652738565782,18.59,5.78,5.92,1481.989990234375,6.6,4.85280952380952,6.20569,,3.3217070952381
2000-09-13,0.864,1.4125,0.009336196433572962,0.5670541536716757,18.32,5.74,5.92,1484.9100341796875,6.6,4.85280952380952,6.20569,,3.3217070952381
2000-09-14,0.8617,1.406,0.009324009324009324,0.5638249887235002,18.26,5.79,5.97,1480.8699951171875,6.6,4.85280952380952,6.20569,,3.3217070952381
2000-09-15,0.8572,1.4005,0.009317059536010435,0.5616399887672002,18.52,5.84,5.97,1465.81005859375,6.6,4.85280952380952,6.20569,,3.3217070952381
2000-09-18,0.8523,1.4015,0.009357162908206231,0.5595970900951315,20.25,5.88,5.97,1444.510009765625,6.6,4.85280952380952,6.20569,,3.3217070952381
2000-09-19,0.8514,1.408,0.009344047841524948,0.5629045876723895,19.54,5.86,5.99,1459.9000244140625,6.6,4.85280952380952,6.20569,,3.3217070952381
2000-09-20,0.8462,1.4107,0.009365926758452749,0.5603810591202018,19.93,5.91,5.98,1451.3399658203125,6.6,4.85280952380952,6.20569,,3.3217070952381
2000-09-21,0.8558,1.428,0.009389671361502348,0.5644933672029353,20.18,5.88,5.98,1449.050048828125,6.6,4.85280952380952,6.20569,,3.3217070952381
2000-09-22,0.8793,1.4568,0.009264406151565685,0.5782017924255565,20.74,5.85,5.99,1448.719970703125,6.6,4.85280952380952,6.20569,,3.3217070952381
2000-09-25,0.8738,1.454,0.0092910898448388,0.5750431282346176,21.41,5.84,5.99,1439.030029296875,6.6,4.85280952380952,6.20569,,3.3217070952381
2000-09-26,0.8815,1.46,0.0092910898448388,0.5787371954395509,21.88,5.81,6.0,1427.2099609375,6.6,4.85280952380952,6.20569,,3.3217070952381
2000-09-27,0.8805,1.4607,0.009307520476545048,0.5772005772005773,21.67,5.83,6.02,1426.5699462890625,6.6,4.85280952380952,6.20569,,3.3217070952381
2000-09-28,0.8826,1.4635,0.009294544102611766,0.5784359093012494,19.47,5.82,6.07,1458.2900390625,6.6,4.85280952380952,6.20569,,3.3217070952381
2000-09-29,0.8837,1.4787,0.009267840593141797,0.5792064871126557,20.57,5.8,6.05,1436.510009765625,6.6,4.85280952380952,6.20569,,3.3217070952381
2000-10-02,0.8806,1.4675,0.009190331770976933,0.5773005426625101,21.23,5.83,6.03,1436.22998046875,6.67,5.04127272727273,6.16274,,3.34387236363636
2000-10-03,0.8741,1.4565,0.009203018590097553,0.5758710048949036,21.85,5.87,6.06,1426.4599609375,6.67,5.04127272727273,6.16274,,3.34387236363636
2000-10-04,0.8726,1.4558,0.009149967975112087,0.5748778384593274,21.54,5.9,6.06,1434.3199462890625,6.67,5.04127272727273,6.16274,,3.34387236363636
2000-10-05,0.8685,1.4502,0.009149130832570906,0.5717226001943857,21.03,5.87,6.07,1436.280029296875,6.67,5.04127272727273,6.16274,,3.34387236363636
2000-10-06,0.868,1.4445,0.009190331770976933,0.5709391949757351,22.71,5.82,6.06,1408.989990234375,6.67,5.04127272727273,6.16274,,3.34387236363636
2000-10-09,,,,,24.02,,,1402.030029296875,6.67,5.04127272727273,6.16274,,3.34387236363636
2000-10-10,0.8682,1.4484,0.009267840593141797,0.5709391949757351,24.86,5.8,6.05,1387.02001953125,6.67,5.04127272727273,6.16274,,3.34387236363636
2000-10-11,0.8715,1.462,0.0092910898448388,0.577100646352724,26.57,5.77,6.05,1364.5899658203125,6.67,5.04127272727273,6.16274,,3.34387236363636
2000-10-12,0.8644,1.4735,0.009295408068414203,0.5742176284811944,30.51,5.73,6.01,1329.780029296875,6.67,5.04127272727273,6.16274,,3.34387236363636
2000-10-13,0.8568,1.4597,0.009287638153617534,0.5683432793407218,27.6,5.73,6.02,1374.1700439453125,6.67,5.04127272727273,6.16274,,3.34387236363636
2000-10-16,0.8489,1.4455,0.009233610341643583,0.5621135469364812,26.79,5.74,6.06,1374.6199951171875,6.67,5.04127272727273,6.16274,,3.34387236363636
2000-10-17,0.8507,1.4426,0.009246417013407305,0.5626512125133629,27.84,5.68,6.12,1349.969970703125,6.67,5.04127272727273,6.16274,,3.34387236363636
2000-10-18,0.8391,1.4464,0.009278159213212098,0.5594405594405594,28.72,5.66,6.12,1342.1300048828125,6.67,5.04127272727273,6.16274,,3.34387236363636
2000-10-19,0.8406,1.4422,0.00921234454168586,0.5594405594405594,25.09,5.66,6.14,1388.760009765625,6.67,5.04127272727273,6.16274,,3.34387236363636
2000-10-20,0.84,1.4448,0.009170946441672781,0.5591277606933184,24.24,5.64,6.13,1396.9300537109375,6.67,5.04127272727273,6.16274,,3.34387236363636
2000-10-23,0.8364,1.455,0.009220839096357769,0.5560189046427578,24.69,5.59,6.16,1395.780029296875,6.67,5.04127272727273,6.16274,,3.34387236363636
2000-10-24,0.8364,1.449,0.009252405625462621,0.5554012774229381,24.28,5.63,6.17,1398.1300048828125,6.67,5.04127272727273,6.16274,,3.34387236363636
2000-10-25,0.827,1.4335,0.00925497454881999,0.5505092210294522,26.65,5.67,6.2,1364.9000244140625,6.67,5.04127272727273,6.16274,,3.34387236363636
2000-10-26,0.8271,1.4313,0.009228497600590625,0.547945205479452,28.62,5.69,6.18,1364.43994140625,6.67,5.04127272727273,6.16274,,3.34387236363636
2000-10-27,0.8406,1.4517,0.009195402298850575,0.5535566011624689,26.47,5.72,6.17,1379.5799560546875,6.67,5.04127272727273,6.16274,,3.34387236363636
2000-10-30,0.8432,1.453,0.009175153683824204,0.5534646889528448,25.46,5.74,6.19,1398.6600341796875,6.67,5.04127272727273,6.16274,,3.34387236363636
2000-10-31,0.8486,1.4505,0.009161704076958314,0.5562353988207809,23.63,5.77,6.19,1429.4000244140625,6.67,5.04127272727273,6.16274,,3.34387236363636
2000-11-01,0.8584,1.4452,0.009218289085545723,0.5629045876723895,24.28,5.74,6.18,1421.219970703125,6.65,5.09195454545454,6.08629,,3.34746895454545
2000-11-02,0.8594,1.444,0.009225943352707815,0.5618293162537221,23.92,5.74,6.19,1428.3199462890625,6.65,5.09195454545454,6.08629,,3.34746895454545
2000-11-03,0.8614,1.4484,0.009295408068414203,0.5660270560932813,23.67,5.83,6.2,1426.68994140625,6.65,5.09195454545454,6.08629,,3.34746895454545
2000-11-06,0.8584,1.432,0.009316191540898081,0.5641748942172073,24.52,5.87,6.24,1432.18994140625,6.65,5.09195454545454,6.08629,,3.34746895454545
2000-11-07,0.8583,1.431,0.009319664492078286,0.5640794223826715,24.91,5.87,6.23,1431.8699951171875,6.65,5.09195454545454,6.08629,,3.34746895454545
2000-11-08,0.8559,1.4236,0.009296272194849865,0.5625879043600562,25.66,5.87,6.22,1409.280029296875,6.65,5.09195454545454,6.08629,,3.34746895454545
2000-11-09,0.8574,1.4242,0.009310120100549298,0.563729635266926,27.2,5.82,6.21,1400.1400146484375,6.65,5.09195454545454,6.08629,,3.34746895454545
2000-11-10,0.8625,1.4305,0.009273856997125105,0.5663476241717166,28.53,5.82,6.19,1365.97998046875,6.65,5.09195454545454,6.08629,,3.34746895454545
2000-11-13,0.8607,1.4388,0.009285051067780872,0.5669898508816692,29.06,5.77,6.19,1351.260009765625,6.65,5.09195454545454,6.08629,,3.34746895454545
2000-11-14,0.8573,1.4306,0.009246417013407305,0.5642385600631947,26.81,5.76,6.18,1382.949951171875,6.65,5.09195454545454,6.08629,,3.34746895454545
2000-11-15,0.857,1.4257,0.009195402298850575,0.5613247263541958,26.15,5.72,6.19,1389.81005859375,6.65,5.09195454545454,6.08629,,3.34746895454545
2000-11-16,0.8532,1.4228,0.009167583425009168,0.559190292456523,25.05,5.68,6.17,1372.3199462890625,6.65,5.09195454545454,6.08629,,3.34746895454545
2000-11-17,0.8516,1.423,0.009186110600771633,0.558191459670667,24.81,5.71,6.17,1367.719970703125,6.65,5.09195454545454,6.08629,,3.34746895454545
2000-11-20,0.8486,1.4222,0.009108297659167501,0.5555555555555556,27.43,5.68,6.18,1342.6199951171875,6.65,5.09195454545454,6.08629,,3.34746895454545
2000-11-21,0.8458,1.416,0.009067005168192945,0.5557099194220616,26.62,5.67,6.18,1347.3499755859375,6.65,5.09195454545454,6.08629,,3.34746895454545
2000-11-22,0.8423,1.4077,0.00907770515613653,0.554016620498615,27.71,5.62,6.18,1322.3599853515625,6.65,5.09195454545454,6.08629,,3.34746895454545
2000-11-23,,,,,,,,,6.65,5.09195454545454,6.08629,,3.34746895454545
2000-11-24,0.8382,1.3997,0.00897827258035554,0.552944429084877,26.0,5.63,6.18,1341.77001953125,6.65,5.09195454545454,6.08629,,3.34746895454545
2000-11-27,0.85,1.4155,0.009033423667570008,0.5617030837499298,26.93,5.64,6.14,1348.969970703125,6.65,5.09195454545454,6.08629,,3.34746895454545
2000-11-28,0.8547,1.4182,0.009071940488070397,0.567118471048602,27.64,5.59,6.1,1336.0899658203125,6.65,5.09195454545454,6.08629,,3.34746895454545
2000-11-29,0.8577,1.4209,0.008986340762041696,0.5683432793407218,27.49,5.55,6.06,1341.9300537109375,6.65,5.09195454545454,6.08629,,3.34746895454545
2000-11-30,0.8694,1.421,0.009014693951140358,0.5758710048949036,29.65,5.48,6.03,1314.949951171875,6.65,5.09195454545454,6.08629,,3.34746895454545
2000-12-01,0.8765,1.4373,0.00899685110211426,0.5785363031530228,27.48,5.52,6.05,1315.22998046875,6.45,4.93915789473684,5.95539,,3.25550668421053
2000-12-04,0.8875,1.4523,0.009003331232556045,0.5861664712778429,27.78,5.53,6.0,1324.969970703125,6.45,4.93915789473684,5.95539,,3.25550668421053
2000-12-05,0.8804,1.441,0.009009009009009009,0.5829883985308693,24.99,5.43,5.91,1376.5400390625,6.45,4.93915789473684,5.95539,,3.25550668421053
2000-12-06,0.8877,1.4365,0.009056330374932078,0.5855486590935707,25.07,5.32,5.92,1351.4599609375,6.45,4.93915789473684,5.95539,,3.25550668421053
2000-12-07,0.8891,1.44,0.009033423667570008,0.5877167205406993,25.34,5.32,5.94,1343.550048828125,6.45,4.93915789473684,5.95539,,3.25550668421053
2000-12-08,0.8838,1.4442,0.008985533291400845,0.5860634120611851,22.41,5.35,5.92,1369.8900146484375,6.45,4.93915789473684,5.95539,,3.25550668421053
2000-12-11,0.8771,1.4554,0.009027715085311907,0.5830903790087463,23.51,5.37,5.91,1380.199951171875,6.45,4.93915789473684,5.95539,,3.25550668421053
2000-12-12,0.8775,1.448,0.008968609865470852,0.5832944470368643,24.88,5.36,5.89,1371.1800537109375,6.45,4.93915789473684,5.95539,,3.25550668421053
2000-12-13,0.8755,1.451,0.00889679715302491,0.5822416302765647,23.63,5.29,5.89,1359.989990234375,6.45,4.93915789473684,5.95539,,3.25550668421053
2000-12-14,0.8858,1.4665,0.00889521437466643,0.5885815185403178,24.86,5.23,5.89,1340.9300537109375,6.45,4.93915789473684,5.95539,,3.25550668421053
2000-12-15,0.8981,1.4763,0.00888494002665482,0.5954153021732659,26.55,5.2,5.85,1312.1500244140625,6.45,4.93915789473684,5.95539,,3.25550668421053
2000-12-18,0.8929,1.4677,0.00892379082634303,0.5936479667557139,27.7,5.17,5.78,1322.739990234375,6.45,4.93915789473684,5.95539,,3.25550668421053
2000-12-19,0.8902,1.462,0.00888494002665482,0.5903187721369539,27.17,5.19,5.76,1305.5999755859375,6.45,4.93915789473684,5.95539,,3.25550668421053
2000-12-20,0.9058,1.4737,0.008882572392965003,0.5964807634953773,31.74,5.08,5.66,1264.739990234375,6.45,4.93915789473684,5.95539,,3.25550668421053
2000-12-21,0.9112,1.4707,0.008914244963451595,0.598014591556034,29.66,5.03,5.24,1274.8599853515625,6.45,4.93915789473684,5.95539,,3.25550668421053
2000-12-22,0.923,1.4783,0.008869179600886918,0.6066120715802245,27.55,5.02,5.13,1305.949951171875,6.45,4.93915789473684,5.95539,,3.25550668421053
2000-12-25,,,,,,,,,6.45,4.93915789473684,5.95539,,3.25550668421053
2000-12-26,0.9292,1.48,0.00880126738250308,0.611920205605189,28.73,5.04,5.61,1315.18994140625,6.45,4.93915789473684,5.95539,,3.25550668421053
2000-12-27,0.9304,1.4912,0.008756567425569177,0.608457560085184,28.14,5.11,5.59,1328.9200439453125,6.45,4.93915789473684,5.95539,,3.25550668421053
2000-12-28,0.9257,1.4907,0.008724480893386843,0.60790273556231,26.57,5.13,5.71,1334.219970703125,6.45,4.93915789473684,5.95539,,3.25550668421053
2000-12-29,0.9388,1.4955,0.008745080891998252,0.6172077521293667,26.85,5.12,5.73,1320.280029296875,6.45,4.93915789473684,5.95539,,3.25550668421053
2001-01-01,,,,,,,,,5.62,4.77072727272727,5.84578,,3.25396728571429
2001-01-02,0.9465,1.4977,0.008716116098666434,0.6220839813374806,29.99,4.92,5.69,1283.27001953125,5.62,4.77072727272727,5.84578,,3.25396728571429
2001-01-03,0.9473,1.5045,0.00875196919306844,0.62402496099844,26.6,5.14,5.53,1347.56005859375,5.62,4.77072727272727,5.84578,,3.25396728571429
2001-01-04,0.9448,1.493,0.008660258075690656,0.6205398696866274,26.97,5.03,5.23,1333.3399658203125,5.62,4.77072727272727,5.84578,,3.25396728571429
2001-01-05,0.9535,1.499,0.008606592649969876,0.62402496099844,28.67,4.93,4.99,1298.3499755859375,5.62,4.77072727272727,5.84578,,3.25396728571429
2001-01-08,0.9486,1.4969,0.0086229197206174,0.6220452848967405,29.84,4.94,5.06,1295.8599853515625,5.62,4.77072727272727,5.84578,,3.25396728571429
2001-01-09,0.9397,1.49,0.008573388203017833,0.6169031462060457,27.99,4.98,5.1,1300.800048828125,5.62,4.77072727272727,5.84578,,3.25396728571429
2001-01-10,0.9387,1.491,0.00860141063134354,0.6151953245155337,26.8,5.1,5.15,1313.27001953125,5.62,4.77072727272727,5.84578,,3.25396728571429
2001-01-11,0.952,1.4965,0.008506294658046955,0.6202319667555666,25.79,5.14,5.17,1326.8199462890625,5.62,4.77072727272727,5.84578,,3.25396728571429
2001-01-12,0.9486,1.4778,0.008491847826086956,0.6160670280926565,24.56,5.25,5.19,1318.550048828125,5.62,4.77072727272727,5.84578,,3.25396728571429
2001-01-15,,,,,,,,,5.62,4.77072727272727,5.84578,,3.25396728571429
2001-01-16,0.9374,1.4675,0.008526603001364257,0.6101281269066504,25.28,5.24,5.22,1326.6500244140625,5.62,4.77072727272727,5.84578,,3.25396728571429
2001-01-17,0.9306,1.4723,0.008449514152936207,0.6053268765133172,24.93,5.19,5.22,1329.469970703125,5.62,4.77072727272727,5.84578,,3.25396728571429
2001-01-18,0.9446,1.4755,0.008490405841399219,0.6174745291756715,23.37,5.12,5.14,1347.969970703125,5.62,4.77072727272727,5.84578,,3.25396728571429
2001-01-19,0.9363,1.4683,0.008530239699735563,0.6122199093914534,23.24,5.19,5.1,1342.5400390625,5.62,4.77072727272727,5.84578,,3.25396728571429
2001-01-22,0.9374,1.465,0.008574858514834504,0.6108735491753207,23.25,5.25,5.11,1342.9000244140625,5.62,4.77072727272727,5.84578,,3.25396728571429
2001-01-23,0.9389,1.4715,0.008550662676357417,0.612369871402327,21.57,5.3,5.1,1360.4000244140625,5.62,4.77072727272727,5.84578,,3.25396728571429
2001-01-24,0.9258,1.4616,0.008461668641056016,0.604339155133861,22.03,5.33,5.14,1364.300048828125,5.62,4.77072727272727,5.84578,,3.25396728571429
2001-01-25,0.9219,1.4605,0.008553588230262595,0.6039376736320812,22.64,5.29,5.14,1357.510009765625,5.62,4.77072727272727,5.84578,,3.25396728571429
2001-01-26,0.9213,1.459,0.008535336292249915,0.6030635628995297,22.57,5.29,5.04,1354.949951171875,5.62,4.77072727272727,5.84578,,3.25396728571429
2001-01-29,0.9181,1.457,0.008571183680466271,0.6038647342995169,22.61,5.32,4.99,1364.1700439453125,5.62,4.77072727272727,5.84578,,3.25396728571429
2001-01-30,0.9264,1.4615,0.008639308855291577,0.6077180188392586,22.57,5.24,4.89,1373.72998046875,5.62,4.77072727272727,5.84578,,3.25396728571429
2001-01-31,0.9308,1.4613,0.00859180341953776,0.60882800608828,22.02,5.19,4.86,1366.010009765625,5.62,4.77072727272727,5.84578,,3.25396728571429
2001-02-01,0.9384,1.4775,0.008670770831526923,0.612369871402327,21.66,5.1,4.87,1373.469970703125,5.26,4.7558,5.75655,,3.34404575
2001-02-02,0.9357,1.4692,0.008646779074794638,0.60882800608828,21.95,5.17,4.93,1349.469970703125,5.26,4.7558,5.75655,,3.34404575
2001-02-05,0.9395,1.475,0.008696408383337682,0.6114338122898196,22.19,5.18,4.96,1354.31005859375,5.26,4.7558,5.75655,,3.34404575
2001-02-06,0.9304,1.4585,0.008704735376044569,0.6046680372475511,21.98,5.22,4.94,1352.260009765625,5.26,4.7558,5.75655,,3.34404575
2001-02-07,0.9331,1.4633,0.0086051114361931,0.6069802731411229,21.67,5.1,4.94,1340.8900146484375,5.26,4.7558,5.75655,,3.34404575
2001-02-08,0.9184,1.444,0.008598452278589854,0.5985515053570359,21.46,5.1,4.95,1332.530029296875,5.26,4.7558,5.75655,,3.34404575
2001-02-09,0.9267,1.449,0.008505571149102662,0.6038647342995169,22.03,5.03,4.93,1314.760009765625,5.26,4.7558,5.75655,,3.34404575
2001-02-12,0.9287,1.4513,0.008501955449753443,0.603974149906384,21.92,5.05,4.93,1330.31005859375,5.26,4.7558,5.75655,,3.34404575
2001-02-13,0.9204,1.451,0.008525149190110827,0.5994125756758377,21.37,5.07,4.92,1318.800048828125,5.26,4.7558,5.75655,,3.34404575
2001-02-14,0.9197,1.4578,0.008572653236176597,0.5991611743559018,21.52,5.13,4.94,1315.9200439453125,5.26,4.7558,5.75655,,3.34404575
2001-02-15,0.9057,1.449,0.00864528399757932,0.5910165484633569,20.27,5.19,4.95,1326.6099853515625,5.26,4.7558,5.75655,,3.34404575
2001-02-16,0.9162,1.4505,0.008661008141347654,0.5965519298454931,22.12,5.11,4.89,1301.530029296875,5.26,4.7558,5.75655,,3.34404575
2001-02-19,,,,,,,,,5.26,4.7558,5.75655,,3.34404575
2001-02-20,0.9096,1.4436,0.00865276455827637,0.5927682276229994,24.69,5.11,4.92,1278.93994140625,5.26,4.7558,5.75655,,3.34404575
2001-02-21,0.9077,1.4385,0.008587376556462,0.5918210333195242,25.75,5.14,4.89,1255.27001953125,5.26,4.7558,5.75655,,3.34404575
2001-02-22,0.9069,1.4447,0.008581481163648846,0.5916109566349169,26.76,5.15,4.88,1252.8199462890625,5.26,4.7558,5.75655,,3.34404575
2001-02-23,0.9095,1.447,0.008609556607834697,0.5922416345869115,27.21,5.1,4.77,1245.8599853515625,5.26,4.7558,5.75655,,3.34404575
2001-02-26,0.9093,1.444,0.008574123295892995,0.5918910920390648,25.43,5.05,4.71,1267.6500244140625,5.26,4.7558,5.75655,,3.34404575
2001-02-27,0.9128,1.4405,0.008605851979345954,0.593930035041872,26.49,4.96,4.7,1257.93994140625,5.26,4.7558,5.75655,,3.34404575
2001-02-28,0.9212,1.4433,0.008526603001364257,0.5975143403441683,28.35,4.92,4.73,1239.93994140625,5.26,4.7558,5.75655,,3.34404575
2001-03-01,0.9291,1.4553,0.008522969402539845,0.603974149906384,28.08,4.87,4.72,1241.22998046875,4.89,4.70863636363636,5.55126,,3.26320313636364
2001-03-02,0.934,1.4725,0.008399126490844951,0.6073489219556635,27.43,4.95,4.72,1234.1800537109375,4.89,4.70863636363636,5.55126,,3.26320313636364
2001-03-05,0.9289,1.4687,0.008397715821296607,0.6046680372475511,27.12,4.98,4.7,1241.4100341796875,4.89,4.70863636363636,5.55126,,3.26320313636364
2001-03-06,0.9313,1.4655,0.008412551526878103,0.6052169702838467,25.89,4.99,4.67,1253.800048828125,4.89,4.70863636363636,5.55126,,3.26320313636364
2001-03-07,0.9274,1.4612,0.00834306691139663,0.6030635628995297,24.12,4.92,4.57,1261.8900146484375,4.89,4.70863636363636,5.55126,,3.26320313636364
2001-03-08,0.9281,1.4667,0.008367500627562547,0.602663773880552,24.29,4.89,4.56,1264.739990234375,4.89,4.70863636363636,5.55126,,3.26320313636364
2001-03-09,0.9315,1.4675,0.008353521009105339,0.6044122091266243,25.62,4.95,4.61,1233.4200439453125,4.89,4.70863636363636,5.55126,,3.26320313636364
2001-03-12,0.93,1.467,0.008289811821271658,0.6040471156750227,30.32,4.92,4.54,1180.1600341796875,4.89,4.70863636363636,5.55126,,3.26320313636364
2001-03-13,0.9148,1.4513,0.008319467554076539,0.5938947618482006,27.55,4.95,4.54,1197.6600341796875,4.89,4.70863636363636,5.55126,,3.26320313636364
2001-03-14,0.9133,1.4497,0.008266512358435976,0.5938242280285035,29.61,4.84,4.43,1166.7099609375,4.89,4.70863636363636,5.55126,,3.26320313636364
2001-03-15,0.9046,1.4436,0.008181297553792032,0.5881660981061052,28.56,4.81,4.41,1173.56005859375,4.89,4.70863636363636,5.55126,,3.26320313636364
2001-03-16,0.8929,1.4265,0.008140008140008141,0.5827505827505828,29.91,4.78,4.43,1150.530029296875,4.89,4.70863636363636,5.55126,,3.26320313636364
2001-03-19,0.8985,1.4237,0.008158603247124092,0.5858917272088118,29.78,4.82,4.42,1170.81005859375,4.89,4.70863636363636,5.55126,,3.26320313636364
2001-03-20,0.9054,1.4285,0.008147967082212987,0.5897269564191779,30.96,4.78,4.38,1142.6199951171875,4.89,4.70863636363636,5.55126,,3.26320313636364
2001-03-21,0.897,1.431,0.008089305937550558,0.585308750365818,31.93,4.77,4.21,1122.1400146484375,4.89,4.70863636363636,5.55126,,3.26320313636364
2001-03-22,0.8881,1.4223,0.008074935400516795,0.5802820170602913,32.84,4.73,4.16,1117.5799560546875,4.89,4.70863636363636,5.55126,,3.26320313636364
2001-03-23,0.8926,1.4292,0.008153946510110893,0.5829204313611192,30.45,4.8,4.19,1139.8299560546875,4.89,4.70863636363636,5.55126,,3.26320313636364
2001-03-26,0.8955,1.4345,0.00814265939255761,0.5829204313611192,29.04,4.85,4.19,1152.68994140625,4.89,4.70863636363636,5.55126,,3.26320313636364
2001-03-27,0.891,1.429,0.008130742336775349,0.5814629608093964,27.04,5.0,4.24,1182.1700439453125,4.89,4.70863636363636,5.55126,,3.26320313636364
2001-03-28,0.8882,1.4352,0.008155276463872124,0.5798782255726298,28.58,4.97,4.23,1153.2900390625,4.89,4.70863636363636,5.55126,,3.26320313636364
2001-03-29,0.8807,1.4302,0.008100445524503848,0.5772672169947469,29.17,4.98,4.22,1147.949951171875,4.89,4.70863636363636,5.55126,,3.26320313636364
2001-03-30,0.8794,1.419,0.007965588657001752,0.5760368663594471,28.64,4.93,4.2,1160.3299560546875,4.89,4.70863636363636,5.55126,,3.26320313636364
2001-04-02,0.8824,1.42,0.007889546351084813,0.5774672287347693,31.21,4.98,4.12,1145.8699951171875,4.53,4.682,5.40449,,3.12508536842105
2001-04-03,0.893,1.4305,0.007973845785822503,0.5841121495327103,34.72,4.94,4.05,1106.4599609375,4.53,4.682,5.40449,,3.12508536842105
2001-04-04,0.9013,1.435,0.007975753708725474,0.589935697009026,34.07,4.94,4.0,1103.25,4.53,4.682,5.40449,,3.12508536842105
2001-04-05,0.8976,1.4266,0.008043111075363952,0.5875440658049353,29.94,4.98,4.01,1151.43994140625,4.53,4.682,5.40449,,3.12508536842105
2001-04-06,0.9002,1.4383,0.008062565508344756,0.5882352941176471,31.69,4.89,3.85,1128.4300537109375,4.53,4.682,5.40449,,3.12508536842105
2001-04-09,0.9014,1.447,0.008009611533840609,0.5897965202005309,31.91,4.93,3.84,1137.5899658203125,4.53,4.682,5.40449,,3.12508536842105
2001-04-10,0.8884,1.436,0.008033419023136246,0.5825808330905914,29.44,5.09,3.85,1168.3800048828125,4.53,4.682,5.40449,,3.12508536842105
2001-04-11,0.8856,1.434,0.00801153661272232,0.5827166249053085,28.46,5.12,3.98,1165.8900146484375,4.53,4.682,5.40449,,3.12508536842105
2001-04-12,0.8922,1.4391,0.008096510404015869,0.5860977611065525,26.12,5.17,3.92,1183.5,4.53,4.682,5.40449,,3.12508536842105
2001-04-13,0.8888,1.4354,0.00805477245267821,0.5838734162433584,,,,,4.53,4.682,5.40449,,3.12508536842105
2001-04-16,0.8862,1.436,0.008023106546854942,0.5820721769499418,26.33,5.28,4.05,1179.6800537109375,4.53,4.682,5.40449,,3.12508536842105
2001-04-17,0.8814,1.4287,0.008086035416835126,0.5777007510109763,25.61,5.21,4.02,1191.81005859375,4.53,4.682,5.40449,,3.12508536842105
2001-04-18,0.8816,1.4257,0.008173273395995096,0.5755395683453237,24.13,5.14,3.82,1238.1600341796875,4.53,4.682,5.40449,,3.12508536842105
2001-04-19,0.8909,1.4366,0.008205464839583163,0.5824111822947,24.16,5.27,3.78,1253.68994140625,4.53,4.682,5.40449,,3.12508536842105
2001-04-20,0.9032,1.4428,0.008161932745674175,0.5908070424199456,25.38,5.29,3.68,1242.97998046875,4.53,4.682,5.40449,,3.12508536842105
2001-04-23,0.896,1.4377,0.00821827744904668,0.5852402411189793,28.16,5.2,3.66,1224.3599853515625,4.53,4.682,5.40449,,3.12508536842105
2001-04-24,0.8946,1.4365,0.0081913499344692,0.5842827928717499,28.49,5.22,3.71,1209.469970703125,4.53,4.682,5.40449,,3.12508536842105
2001-04-25,0.8972,1.4397,0.00818263644546273,0.5856515373352855,27.4,5.28,3.75,1228.75,4.53,4.682,5.40449,,3.12508536842105
2001-04-26,0.9011,1.4378,0.008121497604158208,0.5861664712778429,25.96,5.2,3.74,1234.52001953125,4.53,4.682,5.40449,,3.12508536842105
2001-04-27,0.8924,1.4362,0.008080155138978667,0.5803156917363045,24.02,5.34,3.76,1253.050048828125,4.53,4.682,5.40449,,3.12508536842105
2001-04-30,0.8874,1.4306,0.008092579104960751,0.5765350245027385,25.48,5.35,3.86,1249.4599609375,4.53,4.682,5.40449,,3.12508536842105
2001-05-01,0.8937,1.434,0.008202099737532808,0.5795421616922631,24.2,5.3,3.83,1266.43994140625,4.02,4.63668181818182,5.24858,,3.0529099047619
2001-05-02,0.8925,1.4345,0.00821557673348669,0.5778008898133703,24.23,5.31,3.8,1267.4300537109375,4.02,4.63668181818182,5.24858,,3.0529099047619
2001-05-03,0.8891,1.4322,0.00825150589982672,0.5762028233938347,25.78,5.22,3.75,1248.5799560546875,4.02,4.63668181818182,5.24858,,3.0529099047619
2001-05-04,0.8934,1.4362,0.008261049153242462,0.5779010633379565,23.91,5.21,3.65,1266.6099853515625,4.02,4.63668181818182,5.24858,,3.0529099047619
2001-05-07,0.8916,1.44,0.008241305422778967,0.5778676683039584,24.86,5.21,3.65,1263.510009765625,4.02,4.63668181818182,5.24858,,3.0529099047619
2001-05-08,0.8848,1.4315,0.00821962847279303,0.574052812858783,24.44,5.24,3.62,1261.199951171875,4.02,4.63668181818182,5.24858,,3.0529099047619
2001-05-09,0.8845,1.4209,0.0081799591002045,0.5737563830397614,24.35,5.2,3.64,1255.5400390625,4.02,4.63668181818182,5.24858,,3.0529099047619
2001-05-10,0.8792,1.4186,0.008149295085975063,0.5719187875321704,24.0,5.31,3.66,1255.1800537109375,4.02,4.63668181818182,5.24858,,3.0529099047619
2001-05-11,0.8759,1.4177,0.00816326530612245,0.5707111060381235,23.54,5.51,3.69,1245.6700439453125,4.02,4.63668181818182,5.24858,,3.0529099047619
2001-05-14,0.8748,1.4176,0.008122157244964262,0.5709065996802923,24.26,5.46,3.63,1248.9200439453125,4.02,4.63668181818182,5.24858,,3.0529099047619
2001-05-15,0.8788,1.4236,0.008112932013629726,0.5736576411197797,23.71,5.5,3.55,1249.43994140625,4.02,4.63668181818182,5.24858,,3.0529099047619
2001-05-16,0.8842,1.4293,0.008091269520187717,0.5770673437590167,21.89,5.48,3.49,1284.989990234375,4.02,4.63668181818182,5.24858,,3.0529099047619
2001-05-17,0.8828,1.431,0.008151287903488751,0.5749439429655608,21.47,5.46,3.49,1288.489990234375,4.02,4.63668181818182,5.24858,,3.0529099047619
2001-05-18,0.8774,1.4333,0.008086035416835126,0.5718860802928057,21.23,5.41,3.53,1291.9599609375,4.02,4.63668181818182,5.24858,,3.0529099047619
2001-05-21,0.8762,1.438,0.008136034496786267,0.5719187875321704,20.76,5.41,3.57,1312.8299560546875,4.02,4.63668181818182,5.24858,,3.0529099047619
2001-05-22,0.8657,1.4278,0.008143985666585226,0.5660590965696819,21.35,5.42,3.56,1309.3800048828125,4.02,4.63668181818182,5.24858,,3.0529099047619
2001-05-23,0.8598,1.4245,0.008306337735692334,0.5632216277105041,22.08,5.41,3.56,1289.050048828125,4.02,4.63668181818182,5.24858,,3.0529099047619
2001-05-24,0.857,1.4103,0.008322929671244277,0.5620187714269657,20.57,5.52,3.62,1293.1700439453125,4.02,4.63668181818182,5.24858,,3.0529099047619
2001-05-25,0.8577,1.4207,0.008281573498964804,0.5621135469364812,20.6,5.52,3.58,1277.8900146484375,4.02,4.63668181818182,5.24858,,3.0529099047619
2001-05-28,,,,,,,,,4.02,4.63668181818182,5.24858,,3.0529099047619
2001-05-29,0.8547,1.4187,0.00832639467110741,0.5605381165919282,22.14,5.54,3.63,1267.9300537109375,4.02,4.63668181818182,5.24858,,3.0529099047619
2001-05-30,0.8576,1.4251,0.008314625426124553,0.5625879043600562,22.76,5.54,3.6,1248.0799560546875,4.02,4.63668181818182,5.24858,,3.0529099047619
2001-05-31,0.8455,1.4175,0.008411843876177659,0.5564830272676684,22.64,5.43,3.55,1255.8199462890625,4.02,4.63668181818182,5.24858,,3.0529099047619
2001-06-01,0.8452,1.416,0.008394191219675984,0.5558025789239662,21.59,5.39,3.59,1260.6700439453125,3.74,4.45357142857143,5.25854,,3.10380645
2001-06-04,0.8449,1.4123,0.008368200836820083,0.5565449688334818,21.38,5.35,3.6,1267.1099853515625,3.74,4.45357142857143,5.25854,,3.10380645
2001-06-05,0.8504,1.4113,0.008314625426124553,0.5616399887672002,19.58,5.29,3.55,1283.5699462890625,3.74,4.45357142857143,5.25854,,3.10380645
2001-06-06,0.8452,1.3906,0.008309098462816784,0.5559261730042251,20.39,5.27,3.54,1270.030029296875,3.74,4.45357142857143,5.25854,,3.10380645
2001-06-07,0.8506,1.39,0.008339588024351597,0.5579423087652736,19.67,5.33,3.55,1276.9599609375,3.74,4.45357142857143,5.25854,,3.10380645
2001-06-08,0.8505,1.3817,0.008291873963515755,0.5578178167010654,19.92,5.38,3.56,1264.9599609375,3.74,4.45357142857143,5.25854,,3.10380645
2001-06-11,0.8425,1.373,0.0081953778069169,0.554139421478444,20.7,5.32,3.52,1254.3900146484375,3.74,4.45357142857143,5.25854,,3.10380645
2001-06-12,0.8479,1.3781,0.00821422704123542,0.5567928730512249,20.7,5.27,3.48,1255.8499755859375,3.74,4.45357142857143,5.25854,,3.10380645
2001-06-13,0.8536,1.3909,0.00820411846747067,0.5585968048262764,21.45,5.28,3.47,1241.5999755859375,3.74,4.45357142857143,5.25854,,3.10380645
2001-06-14,0.8598,1.4005,0.00823587547356284,0.5632850785782685,23.12,5.26,3.48,1219.8699951171875,3.74,4.45357142857143,5.25854,,3.10380645
2001-06-15,0.8628,1.4056,0.008132064731235261,0.5641430666817105,22.81,5.27,3.44,1214.3599853515625,3.74,4.45357142857143,5.25854,,3.10380645
2001-06-18,0.861,1.4034,0.008116883116883116,0.5627462014631401,23.17,5.27,3.44,1208.4300537109375,3.74,4.45357142857143,5.25854,,3.10380645
2001-06-19,0.8558,1.4008,0.008132064731235261,0.5598790661217177,22.34,5.26,3.43,1212.5799560546875,3.74,4.45357142857143,5.25854,,3.10380645
2001-06-20,0.8506,1.3952,0.008110300081103,0.5579111805400581,21.71,5.24,3.41,1223.1400146484375,3.74,4.45357142857143,5.25854,,3.10380645
2001-06-21,0.8544,1.4167,0.008038585209003215,0.5618924537843456,19.38,5.22,3.43,1237.0400390625,3.74,4.45357142857143,5.25854,,3.10380645
2001-06-22,0.857,1.414,0.008048289738430584,0.5640157924421884,20.02,5.14,3.37,1225.3499755859375,3.74,4.45357142857143,5.25854,,3.10380645
2001-06-25,0.8611,1.413,0.008063215610385421,0.5664117813650523,20.67,5.16,3.38,1218.5999755859375,3.74,4.45357142857143,5.25854,,3.10380645
2001-06-26,0.8623,1.4154,0.008076239702794379,0.5664117813650523,21.2,5.24,3.38,1216.760009765625,3.74,4.45357142857143,5.25854,,3.10380645
2001-06-27,0.8621,1.419,0.008048289738430584,0.5666364460562103,20.88,5.26,3.44,1211.0699462890625,3.74,4.45357142857143,5.25854,,3.10380645
2001-06-28,0.847,1.407,0.008023750300890637,0.5560807429238726,20.01,5.35,3.56,1226.199951171875,3.74,4.45357142857143,5.25854,,3.10380645
2001-06-29,0.8474,1.4077,0.008017317405596087,0.5565449688334818,19.06,5.42,3.57,1224.3800048828125,3.74,4.45357142857143,5.25854,,3.10380645
2001-07-02,0.8455,1.4168,0.008050233456770247,0.5554629783924901,18.76,5.37,3.59,1236.719970703125,3.66,4.46713636363636,5.25436,,3.12780690909091
2001-07-03,0.8477,1.4058,0.008033419023136246,0.5564830272676684,18.92,5.41,3.58,1234.449951171875,3.66,4.46713636363636,5.25436,,3.12780690909091
2001-07-04,,,,,,,,,3.66,4.46713636363636,5.25436,,3.12780690909091
2001-07-05,0.837,1.3998,0.007951021706289259,0.5499037668408029,20.09,5.44,3.57,1219.239990234375,3.66,4.46713636363636,5.25436,,3.12780690909091
2001-07-06,0.8465,1.4106,0.007945967421533572,0.5572582892170521,21.63,5.41,3.55,1190.5899658203125,3.66,4.46713636363636,5.25436,,3.12780690909091
2001-07-09,0.8474,1.4081,0.007972574344255759,0.55666889334224,22.48,5.37,3.57,1198.780029296875,3.66,4.46713636363636,5.25436,,3.12780690909091
2001-07-10,0.8557,1.4098,0.007966223213574444,0.561955605507165,23.25,5.32,3.55,1181.52001953125,3.66,4.46713636363636,5.25436,,3.12780690909091
2001-07-11,0.8614,1.4121,0.008060615831049492,0.5679236710586097,24.01,5.31,3.5,1180.1800537109375,3.66,4.46713636363636,5.25436,,3.12780690909091
2001-07-12,0.853,1.4065,0.008058017727639002,0.5641748942172073,22.09,5.27,3.52,1208.1400146484375,3.66,4.46713636363636,5.25436,,3.12780690909091
2001-07-13,0.8527,1.3995,0.008016032064128256,0.5637614161686774,21.14,5.27,3.54,1215.6800537109375,3.66,4.46713636363636,5.25436,,3.12780690909091
2001-07-16,0.8549,1.4011,0.007971938775510204,0.5652911249293386,22.91,5.21,3.56,1202.449951171875,3.66,4.46713636363636,5.25436,,3.12780690909091
2001-07-17,0.8549,1.4037,0.008007046200656578,0.56471651231082,22.61,5.22,3.53,1214.43994140625,3.66,4.46713636363636,5.25436,,3.12780690909091
2001-07-18,0.8701,1.416,0.008041817450743869,0.5777007510109763,23.6,5.12,3.46,1207.7099609375,3.66,4.46713636363636,5.25436,,3.12780690909091
2001-07-19,0.869,1.419,0.00808996035919424,0.5771339527904427,22.51,5.13,3.47,1215.02001953125,3.66,4.46713636363636,5.25436,,3.12780690909091
2001-07-20,0.8713,1.429,0.008140008140008141,0.5795421616922631,22.34,5.15,3.45,1210.8499755859375,3.66,4.46713636363636,5.25436,,3.12780690909091
2001-07-23,0.8676,1.4185,0.008052178114179886,0.5762692329856509,23.74,5.13,3.48,1191.030029296875,3.66,4.46713636363636,5.25436,,3.12780690909091
2001-07-24,0.8752,1.4223,0.008064516129032258,0.5809225049378413,25.24,5.13,3.48,1171.6500244140625,3.66,4.46713636363636,5.25436,,3.12780690909091
2001-07-25,0.8797,1.428,0.008087997411840828,0.5832604257801108,24.0,5.2,3.48,1190.489990234375,3.66,4.46713636363636,5.25436,,3.12780690909091
2001-07-26,0.8765,1.4265,0.008075587498990552,0.5801810164771408,23.01,5.19,3.48,1202.9300537109375,3.66,4.46713636363636,5.25436,,3.12780690909091
2001-07-27,0.8749,1.4256,0.008110957904128477,0.5797101449275363,22.0,5.13,3.47,1205.8199462890625,3.66,4.46713636363636,5.25436,,3.12780690909091
2001-07-30,0.875,1.426,0.007988496564946476,0.579139398853304,22.69,5.11,3.49,1204.52001953125,3.66,4.46713636363636,5.25436,,3.12780690909091
2001-07-31,0.8752,1.4252,0.008,0.5785363031530228,21.62,5.07,3.46,1211.22998046875,3.66,4.46713636363636,5.25436,,3.12780690909091
2001-08-01,0.8793,1.433,0.00800832866180828,0.5828185103158876,20.56,5.11,3.45,1215.9300537109375,3.48,4.35352173913043,4.99658,,3.07501459090909
2001-08-02,0.8813,1.4295,0.008082767539605561,0.584009811364831,20.09,5.17,3.45,1220.75,3.48,4.35352173913043,4.99658,,3.07501459090909
2001-08-03,0.8843,1.4268,0.008099789405475458,0.5863726984871585,19.89,5.2,3.44,1214.3499755859375,3.48,4.35352173913043,4.99658,,3.07501459090909
2001-08-06,0.8802,1.4175,0.008074283407347598,0.5836008170411439,21.89,5.19,3.44,1200.47998046875,3.48,4.35352173913043,4.99658,,3.07501459090909
2001-08-07,0.8775,1.4169,0.008075587498990552,0.5825808330905914,21.01,5.2,3.44,1204.4000244140625,3.48,4.35352173913043,4.99658,,3.07501459090909
2001-08-08,0.8778,1.4135,0.008116883116883116,0.5838734162433584,22.32,4.99,3.41,1183.530029296875,3.48,4.35352173913043,4.99658,,3.07501459090909
2001-08-09,0.8886,1.4218,0.008128098837681867,0.5900401227283455,21.75,5.04,3.38,1183.4300537109375,3.48,4.35352173913043,4.99658,,3.07501459090909
2001-08-10,0.894,1.4273,0.008198737394441257,0.5910864168341412,20.55,4.99,3.36,1190.1600341796875,3.48,4.35352173913043,4.99658,,3.07501459090909
2001-08-13,0.8983,1.4217,0.008165931732810714,0.5922416345869115,20.42,4.97,3.37,1191.2900390625,3.48,4.35352173913043,4.99658,,3.07501459090909
2001-08-14,0.9025,1.4285,0.008223684210526315,0.5949547834364588,20.48,4.97,3.35,1186.72998046875,3.48,4.35352173913043,4.99658,,3.07501459090909
2001-08-15,0.9114,1.4379,0.008338892595063376,0.5999520038396928,20.91,5.0,3.35,1178.02001953125,3.48,4.35352173913043,4.99658,,3.07501459090909
2001-08-16,0.9138,1.4438,0.00832570144034635,0.6021194605009633,21.54,4.95,3.32,1181.6600341796875,3.48,4.35352173913043,4.99658,,3.07501459090909
2001-08-17,0.9165,1.4465,0.008307717869901138,0.6030271965265633,23.84,4.84,3.29,1161.969970703125,3.48,4.35352173913043,4.99658,,3.07501459090909
2001-08-20,0.9127,1.4445,0.00828363154406892,0.6011421701232341,22.87,4.91,3.34,1171.4100341796875,3.48,4.35352173913043,4.99658,,3.07501459090909
2001-08-21,0.9115,1.4468,0.008339588024351597,0.6006727534839019,24.4,4.87,3.31,1157.260009765625,3.48,4.35352173913043,4.99658,,3.07501459090909
2001-08-22,0.9194,1.4538,0.008339588024351597,0.6041565973900435,22.44,4.91,3.31,1165.31005859375,3.48,4.35352173913043,4.99658,,3.07501459090909
2001-08-23,0.9166,1.4478,0.008344459279038718,0.6031363088057902,22.23,4.89,3.33,1162.0899658203125,3.48,4.35352173913043,4.99658,,3.07501459090909
2001-08-24,0.9116,1.4443,0.008324315325064514,0.6002400960384154,19.71,4.93,3.35,1184.9300537109375,3.48,4.35352173913043,4.99658,,3.07501459090909
2001-08-27,0.9098,1.443,0.008325008325008324,0.5989099838294305,20.56,4.94,3.37,1179.2099609375,3.48,4.35352173913043,4.99658,,3.07501459090909
2001-08-28,0.9102,1.4501,0.008300132802124834,0.6002400960384154,22.0,4.85,3.33,1161.510009765625,3.48,4.35352173913043,4.99658,,3.07501459090909
2001-08-29,0.9097,1.4515,0.008347942232239752,0.5991611743559018,23.03,4.78,3.34,1148.56005859375,3.48,4.35352173913043,4.99658,,3.07501459090909
2001-08-30,0.9154,1.4577,0.008375209380234505,0.6033182503770739,25.41,4.79,3.29,1129.030029296875,3.48,4.35352173913043,4.99658,,3.07501459090909
2001-08-31,0.909,1.451,0.008421052631578947,0.5988741166606779,24.92,4.85,3.3,1133.5799560546875,3.48,4.35352173913043,4.99658,,3.07501459090909
2001-09-03,,,,,,,,,2.87,3.98285,4.72946,,2.66832555
2001-09-04,0.8868,1.4444,0.008368901163277261,0.5856515373352855,25.85,4.99,3.36,1132.93994140625,2.87,3.98285,4.72946,,2.66832555
2001-09-05,0.8897,1.4553,0.008280887711162636,0.5883737349964697,26.35,4.97,3.33,1131.739990234375,2.87,3.98285,4.72946,,2.66832555
2001-09-06,0.8943,1.4561,0.00826787928896238,0.5914360066240832,28.61,4.86,3.27,1106.4000244140625,2.87,3.98285,4.72946,,2.66832555
2001-09-07,0.9044,1.4626,0.008328475056217206,0.5962673662870431,30.99,4.8,3.2,1085.780029296875,2.87,3.98285,4.72946,,2.66832555
2001-09-10,0.8988,1.4585,0.008259002312520648,0.5927682276229994,31.84,4.84,3.19,1092.5400390625,2.87,3.98285,4.72946,,2.66832555
2001-09-11,,,,,,,,,2.87,3.98285,4.72946,,2.66832555
2001-09-12,0.9069,1.4666,0.008366100560528738,0.602663773880552,,,,,2.87,3.98285,4.72946,,2.66832555
2001-09-13,0.9089,1.4697,0.0084167999326656,0.6051071039574004,,4.64,2.68,,2.87,3.98285,4.72946,,2.66832555
2001-09-14,0.9199,1.4678,0.008519338899301414,0.6155361319709467,,4.57,2.59,,2.87,3.98285,4.72946,,2.66832555
2001-09-17,0.9198,1.4661,0.008504124500382685,0.619463544570402,41.76,4.63,2.54,1038.77001953125,2.87,3.98285,4.72946,,2.66832555
2001-09-18,0.9233,1.4635,0.008523695874531197,0.623558022073954,38.87,4.72,2.43,1032.739990234375,2.87,3.98285,4.72946,,2.66832555
2001-09-19,0.931,1.4714,0.008525149190110827,0.630596544330937,40.56,4.69,2.15,1016.0999755859375,2.87,3.98285,4.72946,,2.66832555
2001-09-20,0.9255,1.4642,0.008628872206402623,0.6281407035175879,43.74,4.75,2.18,984.5399780273438,2.87,3.98285,4.72946,,2.66832555
2001-09-21,0.9099,1.4547,0.008566778034781118,0.6298022420959818,42.66,4.7,2.21,965.7999877929688,2.87,3.98285,4.72946,,2.66832555
2001-09-24,0.9135,1.4616,0.00850918992511913,0.6234025310142759,37.75,4.73,2.33,1003.4500122070312,2.87,3.98285,4.72946,,2.66832555
2001-09-25,0.9222,1.4692,0.008490405841399219,0.6283775292195551,35.81,4.72,2.35,1012.27001953125,2.87,3.98285,4.72946,,2.66832555
2001-09-26,0.9231,1.4745,0.008482483671218934,0.6253908692933083,35.26,4.65,2.33,1007.0399780273438,2.87,3.98285,4.72946,,2.66832555
2001-09-27,0.9181,1.4733,0.008354916868577159,0.6196554715578139,34.0,4.58,2.33,1018.6099853515625,2.87,3.98285,4.72946,,2.66832555
2001-09-28,0.9099,1.4691,0.008387150884844418,0.6177415369409439,31.93,4.6,2.35,1040.93994140625,2.87,3.98285,4.72946,,2.66832555
2001-10-01,0.9159,1.4785,0.008314625426124553,0.6174364040503828,32.32,4.55,2.32,1038.550048828125,2.31,3.59986956521739,4.42821,,2.06915434782609
2001-10-02,0.9149,1.4618,0.008279516476237788,0.6162568558575214,31.18,4.53,2.22,1051.3299560546875,2.31,3.59986956521739,4.42821,,2.06915434782609
2001-10-03,0.9181,1.4756,0.008287063893262617,0.6189267809618122,31.34,4.5,2.19,1072.280029296875,2.31,3.59986956521739,4.42821,,2.06915434782609
2001-10-04,0.9141,1.4774,0.008289811821271658,0.6154603643525357,31.97,4.53,2.17,1069.6300048828125,2.31,3.59986956521739,4.42821,,2.06915434782609
2001-10-05,0.9168,1.4795,0.008307717869901138,0.6171315724512466,33.39,4.52,2.15,1071.3800048828125,2.31,3.59986956521739,4.42821,,2.06915434782609
2001-10-08,,,,,35.12,,,1062.43994140625,2.31,3.59986956521739,4.42821,,2.06915434782609
2001-10-09,0.915,1.4605,0.008319467554076539,0.6175507935527698,34.83,4.62,2.18,1056.75,2.31,3.59986956521739,4.42821,,2.06915434782609
2001-10-10,0.9118,1.449,0.008303578842481108,0.6143260842855388,31.6,4.61,2.18,1080.989990234375,2.31,3.59986956521739,4.42821,,2.06915434782609
2001-10-11,0.9008,1.4415,0.008225713580653122,0.6069802731411229,31.5,4.69,2.23,1097.4300537109375,2.31,3.59986956521739,4.42821,,2.06915434782609
2001-10-12,0.9078,1.4518,0.008269246671628214,0.6125574272588055,35.27,4.68,2.21,1091.6500244140625,2.31,3.59986956521739,4.42821,,2.06915434782609
2001-10-15,0.9077,1.447,0.00826856292376385,0.6139489194499017,35.31,4.62,2.21,1089.97998046875,2.31,3.59986956521739,4.42821,,2.06915434782609
2001-10-16,0.9094,1.4478,0.008246062505153789,0.6135722174499939,32.88,4.59,2.18,1097.5400390625,2.31,3.59986956521739,4.42821,,2.06915434782609
2001-10-17,0.9065,1.4505,0.008261049153242462,0.6114338122898196,35.08,4.59,2.18,1077.0899658203125,2.31,3.59986956521739,4.42821,,2.06915434782609
2001-10-18,0.9025,1.444,0.00825218682950982,0.6102398242509306,34.95,4.58,2.15,1068.6099853515625,2.31,3.59986956521739,4.42821,,2.06915434782609
2001-10-19,0.8987,1.4372,0.008254230293025175,0.6087538808059901,34.11,4.63,2.15,1073.47998046875,2.31,3.59986956521739,4.42821,,2.06915434782609
2001-10-22,0.8906,1.4265,0.008166598611678236,0.6017209218364523,32.25,4.63,2.18,1089.9000244140625,2.31,3.59986956521739,4.42821,,2.06915434782609
2001-10-23,0.8893,1.4214,0.008141333550435562,0.6008893161879583,32.0,4.66,2.16,1084.780029296875,2.31,3.59986956521739,4.42821,,2.06915434782609
2001-10-24,0.8925,1.4263,0.008139345596614032,0.6027000964320154,30.95,4.61,2.13,1085.199951171875,2.31,3.59986956521739,4.42821,,2.06915434782609
2001-10-25,0.8965,1.4306,0.008148631029986962,0.6064281382656155,29.46,4.56,2.1,1100.0899658203125,2.31,3.59986956521739,4.42821,,2.06915434782609
2001-10-26,0.8921,1.4348,0.008130742336775349,0.6047777441790142,28.42,4.53,2.1,1104.6099853515625,2.31,3.59986956521739,4.42821,,2.06915434782609
2001-10-29,0.9037,1.4525,0.0081913499344692,0.6127450980392157,31.64,4.5,2.05,1078.300048828125,2.31,3.59986956521739,4.42821,,2.06915434782609
2001-10-30,0.906,1.4546,0.008192020971573687,0.6155740227762388,33.46,4.44,2.01,1059.7900390625,2.31,3.59986956521739,4.42821,,2.06915434782609
2001-10-31,0.8993,1.4534,0.008160600620205646,0.6117330397014743,33.56,4.3,2.01,1059.780029296875,2.31,3.59986956521739,4.42821,,2.06915434782609
2001-11-01,0.9044,1.462,0.008205464839583163,0.613685179502915,32.31,4.24,2.02,1084.0999755859375,2.03,3.38568181818182,3.99675,,1.93803509090909
2001-11-02,0.9037,1.4615,0.00821827744904668,0.6129328838492185,30.71,4.37,1.97,1087.199951171875,2.03,3.38568181818182,3.99675,,1.93803509090909
2001-11-05,0.8963,1.457,0.00821557673348669,0.6089021494245874,30.5,4.31,1.97,1102.8399658203125,2.03,3.38568181818182,3.99675,,1.93803509090909
2001-11-06,0.8975,1.4591,0.008254230293025175,0.6097560975609756,28.8,4.3,1.82,1118.8599853515625,2.03,3.38568181818182,3.99675,,1.93803509090909
2001-11-07,0.8999,1.465,0.008261049153242462,0.6124448799608035,29.13,4.22,1.77,1115.800048828125,2.03,3.38568181818182,3.99675,,1.93803509090909
2001-11-08,0.891,1.454,0.00833472245374229,0.6077180188392586,28.62,4.32,1.81,1118.5400390625,2.03,3.38568181818182,3.99675,,1.93803509090909
2001-11-09,0.8935,1.4574,0.008316008316008316,0.6097560975609756,27.44,4.34,1.8,1120.31005859375,2.03,3.38568181818182,3.99675,,1.93803509090909
2001-11-12,,,,,29.35,,,1118.3299560546875,2.03,3.38568181818182,3.99675,,1.93803509090909
2001-11-13,0.8811,1.4425,0.008233841086867023,0.5999520038396928,26.47,4.41,1.81,1139.0899658203125,2.03,3.38568181818182,3.99675,,1.93803509090909
2001-11-14,0.8829,1.4429,0.008218952905399852,0.6009254251547383,26.56,4.54,1.84,1141.2099609375,2.03,3.38568181818182,3.99675,,1.93803509090909
2001-11-15,0.8813,1.431,0.008169934640522876,0.600817111271329,25.56,4.79,1.88,1142.239990234375,2.03,3.38568181818182,3.99675,,1.93803509090909
2001-11-16,0.8849,1.4278,0.008151952392598028,0.6041565973900435,25.07,4.91,1.91,1138.6500244140625,2.03,3.38568181818182,3.99675,,1.93803509090909
2001-11-19,0.8781,1.4107,0.008112273870365864,0.6011421701232341,24.46,4.8,1.9,1151.06005859375,2.03,3.38568181818182,3.99675,,1.93803509090909
2001-11-20,0.8832,1.418,0.008155276463872124,0.6063913649869626,24.12,4.88,1.91,1142.6600341796875,2.03,3.38568181818182,3.99675,,1.93803509090909
2001-11-21,0.8781,1.4154,0.008117542008279893,0.6033182503770739,24.19,4.98,1.92,1137.030029296875,2.03,3.38568181818182,3.99675,,1.93803509090909
2001-11-22,,,,,,,,,2.03,3.38568181818182,3.99675,,1.93803509090909
2001-11-23,0.877,1.4095,0.008036001285760206,0.5995203836930456,23.25,5.04,1.91,1150.3399658203125,2.03,3.38568181818182,3.99675,,1.93803509090909
2001-11-26,0.8811,1.4125,0.008051529790660225,0.6011421701232341,23.79,5.05,1.94,1157.4200439453125,2.03,3.38568181818182,3.99675,,1.93803509090909
2001-11-27,0.8812,1.4137,0.008053475074494644,0.6024096385542169,24.0,4.98,1.88,1149.5,2.03,3.38568181818182,3.99675,,1.93803509090909
2001-11-28,0.8863,1.4235,0.008110957904128477,0.6066120715802245,25.9,4.98,1.84,1128.52001953125,2.03,3.38568181818182,3.99675,,1.93803509090909
2001-11-29,0.8879,1.4232,0.008076239702794379,0.6043756799226399,25.18,4.79,1.77,1140.199951171875,2.03,3.38568181818182,3.99675,,1.93803509090909
2001-11-30,0.8958,1.4255,0.008115565654926148,0.6095702529716549,23.84,4.78,1.75,1139.449951171875,2.03,3.38568181818182,3.99675,,1.93803509090909
2001-12-03,0.8897,1.4217,0.008071025020177562,0.6042296072507553,25.77,4.75,1.75,1129.9000244140625,1.83,3.34488888888889,4.0506,,1.74428288888889
2001-12-04,0.8898,1.4216,0.00804634695848085,0.6044122091266243,24.08,4.7,1.71,1144.800048828125,1.83,3.34488888888889,4.0506,,1.74428288888889
2001-12-05,0.8856,1.4164,0.008038585209003215,0.6009976561091412,23.02,4.92,1.74,1170.3499755859375,1.83,3.34488888888889,4.0506,,1.74428288888889
2001-12-06,0.8916,1.425,0.008010894816951053,0.6041200990756963,23.71,5.04,1.72,1167.0999755859375,1.83,3.34488888888889,4.0506,,1.74428288888889
2001-12-07,0.8905,1.4315,0.007957981855801368,0.6027727546714888,23.49,5.2,1.66,1158.31005859375,1.83,3.34488888888889,4.0506,,1.74428288888889
2001-12-10,0.8884,1.4342,0.007919537499010058,0.5997720866070892,25.62,5.17,1.68,1139.9300537109375,1.83,3.34488888888889,4.0506,,1.74428288888889
2001-12-11,0.8904,1.4365,0.007922047056959518,0.6029544769369912,25.3,5.13,1.63,1136.760009765625,1.83,3.34488888888889,4.0506,,1.74428288888889
2001-12-12,0.8945,1.444,0.007903888713246918,0.6062443164595333,24.87,5.02,1.64,1137.0699462890625,1.83,3.34488888888889,4.0506,,1.74428288888889
2001-12-13,0.8976,1.4454,0.007916402786573781,0.6089021494245874,25.91,5.13,1.66,1119.3800048828125,1.83,3.34488888888889,4.0506,,1.74428288888889
2001-12-14,0.9044,1.4547,0.00785916378497328,0.6132335806708775,24.63,5.24,1.7,1123.0899658203125,1.83,3.34488888888889,4.0506,,1.74428288888889
2001-12-17,0.904,1.4588,0.007840677434530343,0.612369871402327,24.26,5.26,1.71,1134.3599853515625,1.83,3.34488888888889,4.0506,,1.74428288888889
2001-12-18,0.9019,1.4565,0.007814331483941549,0.6119951040391677,23.29,5.16,1.68,1142.9200439453125,1.83,3.34488888888889,4.0506,,1.74428288888889
2001-12-19,0.8997,1.4508,0.0078003120124804995,0.6101653548111539,22.58,5.08,1.66,1149.56005859375,1.83,3.34488888888889,4.0506,,1.74428288888889
2001-12-20,0.8972,1.4464,0.007779074290159471,0.6112843083318051,23.67,5.08,1.66,1139.9300537109375,1.83,3.34488888888889,4.0506,,1.74428288888889
2001-12-21,0.8864,1.4385,0.007723200494284832,0.6045949214026602,22.5,5.12,1.68,1144.8900146484375,1.83,3.34488888888889,4.0506,,1.74428288888889
2001-12-24,0.8773,1.4385,0.007698229407236335,0.5910165484633569,22.62,5.18,1.69,1144.6500244140625,1.83,3.34488888888889,4.0506,,1.74428288888889
2001-12-25,,,,,,,,,1.83,3.34488888888889,4.0506,,1.74428288888889
2001-12-26,0.8778,1.449,0.007645844483523206,0.5911213572146362,22.29,5.22,1.72,1149.3699951171875,1.83,3.34488888888889,4.0506,,1.74428288888889
2001-12-27,0.8843,1.454,0.007606298014756218,0.5959475566150179,21.59,5.13,1.71,1157.1300048828125,1.83,3.34488888888889,4.0506,,1.74428288888889
2001-12-28,0.8822,1.4475,0.007616146230007615,0.5955926146515783,21.4,5.15,1.69,1161.02001953125,1.83,3.34488888888889,4.0506,,1.74428288888889
2001-12-31,0.8901,1.4543,0.007631257631257632,0.6024822267743102,23.8,5.07,1.71,1148.0799560546875,1.83,3.34488888888889,4.0506,,1.74428288888889
2002-01-01,,,,,,,,,1.74,3.33877272727273,4.04677,,1.60372514285714
2002-01-02,0.9031,1.4451,0.007574609907589759,0.6088650754992694,22.71,5.2,1.71,1154.6700439453125,1.74,3.33877272727273,4.04677,,1.60372514285714
2002-01-03,0.8992,1.44,0.0075895567698846395,0.6062443164595333,21.34,5.16,1.7,1165.27001953125,1.74,3.33877272727273,4.04677,,1.60372514285714
2002-01-04,0.8946,1.4455,0.00763242253091131,0.605803598473375,20.45,5.18,1.69,1172.510009765625,1.74,3.33877272727273,4.04677,,1.60372514285714
2002-01-07,0.8931,1.4385,0.007637668983426258,0.6056935190793459,21.94,5.09,1.66,1164.8900146484375,1.74,3.33877272727273,4.04677,,1.60372514285714
2002-01-08,0.8925,1.4426,0.007545461404964914,0.6041200990756963,21.83,5.1,1.65,1160.7099609375,1.74,3.33877272727273,4.04677,,1.60372514285714
2002-01-09,0.8882,1.4373,0.007540340823405218,0.6018657839301835,22.13,5.1,1.65,1155.1400146484375,1.74,3.33877272727273,4.04677,,1.60372514285714
2002-01-10,0.8925,1.4433,0.007540909433677701,0.601576129459183,22.36,5.0,1.65,1156.550048828125,1.74,3.33877272727273,4.04677,,1.60372514285714
2002-01-11,0.8905,1.4448,0.007566013467503973,0.6023370678231539,22.6,4.92,1.55,1145.5999755859375,1.74,3.33877272727273,4.04677,,1.60372514285714
2002-01-14,0.8935,1.4482,0.00758552681483729,0.603536725209729,23.58,4.91,1.55,1138.4100341796875,1.74,3.33877272727273,4.04677,,1.60372514285714
2002-01-15,0.8913,1.445,0.007625438462711607,0.6023370678231539,22.7,4.88,1.57,1146.18994140625,1.74,3.33877272727273,4.04677,,1.60372514285714
2002-01-16,0.8834,1.4375,0.007588980799878576,0.6010337780983291,23.45,4.88,1.58,1127.5699462890625,1.74,3.33877272727273,4.04677,,1.60372514285714
2002-01-17,0.88,1.4348,0.007568303943086355,0.5993407252022774,22.25,4.98,1.61,1138.8800048828125,1.74,3.33877272727273,4.04677,,1.60372514285714
2002-01-18,0.8844,1.4365,0.007539203860072377,0.6011421701232341,22.52,4.94,1.59,1127.5799560546875,1.74,3.33877272727273,4.04677,,1.60372514285714
2002-01-21,,,,,,,,,1.74,3.33877272727273,4.04677,,1.60372514285714
2002-01-22,0.8838,1.4295,0.007463800567248844,0.6013590715015936,23.61,4.96,1.66,1119.31005859375,1.74,3.33877272727273,4.04677,,1.60372514285714
2002-01-23,0.8836,1.4273,0.0074487895716946,0.600456346823586,21.88,5.05,1.68,1128.1800537109375,1.74,3.33877272727273,4.04677,,1.60372514285714
2002-01-24,0.8782,1.4229,0.007427213309566251,0.5967655308229397,21.15,5.07,1.69,1132.1500244140625,1.74,3.33877272727273,4.04677,,1.60372514285714
2002-01-25,0.8655,1.4096,0.007436602959767978,0.5873715124816447,21.01,5.1,1.69,1133.280029296875,1.74,3.33877272727273,4.04677,,1.60372514285714
2002-01-28,0.8605,1.4074,0.007494566439331485,0.5851375073142188,21.14,5.12,1.7,1133.06005859375,1.74,3.33877272727273,4.04677,,1.60372514285714
2002-01-29,0.8643,1.4132,0.007490075649764063,0.5869233478107759,24.35,5.02,1.69,1100.6400146484375,1.74,3.33877272727273,4.04677,,1.60372514285714
2002-01-30,0.8648,1.416,0.007527853056308341,0.5866823115283074,23.22,5.02,1.72,1113.5699462890625,1.74,3.33877272727273,4.04677,,1.60372514285714
2002-01-31,0.8594,1.412,0.007459346561241235,0.5817335660267597,21.09,5.07,1.73,1130.199951171875,1.74,3.33877272727273,4.04677,,1.60372514285714
2002-02-01,0.8613,1.4158,0.007475517679599312,0.5821060597240817,21.12,5.02,1.73,1122.199951171875,1.82,3.3571,4.05268,,1.5666706
2002-02-04,0.8685,1.4197,0.007535227187099691,0.5875095470301392,24.87,4.94,1.74,1094.43994140625,1.82,3.3571,4.05268,,1.5666706
2002-02-05,0.8672,1.417,0.0074682598954443615,0.5892751915144372,25.45,4.92,1.73,1090.02001953125,1.82,3.3571,4.05268,,1.5666706
2002-02-06,0.8693,1.4138,0.007478312892611427,0.5900401227283455,26.09,4.92,1.71,1083.510009765625,1.82,3.3571,4.05268,,1.5666706
2002-02-07,0.869,1.4117,0.007491197842535021,0.5900401227283455,25.11,4.93,1.7,1080.1700439453125,1.82,3.3571,4.05268,,1.5666706
2002-02-08,0.8727,1.4176,0.007420048972323217,0.591715976331361,23.26,4.9,1.7,1096.219970703125,1.82,3.3571,4.05268,,1.5666706
2002-02-11,0.8778,1.4237,0.0074839095943721,0.594000594000594,21.78,4.91,1.7,1111.93994140625,1.82,3.3571,4.05268,,1.5666706
2002-02-12,0.8768,1.4322,0.007528986598403856,0.5932957579353307,21.62,4.97,1.72,1107.5,1.82,3.3571,4.05268,,1.5666706
2002-02-13,0.873,1.4298,0.007505817008181341,0.5892751915144372,20.85,5.01,1.73,1118.510009765625,1.82,3.3571,4.05268,,1.5666706
2002-02-14,0.8713,1.4285,0.007560864962951762,0.5880623346074684,21.77,4.95,1.72,1116.47998046875,1.82,3.3571,4.05268,,1.5666706
2002-02-15,0.873,1.4315,0.0075323892738776745,0.5889281507656066,22.37,4.86,1.71,1104.1800537109375,1.82,3.3571,4.05268,,1.5666706
2002-02-18,,,,,,,,,1.82,3.3571,4.05268,,1.5666706
2002-02-19,0.8764,1.4302,0.007493443237167479,0.5918910920390648,24.43,4.88,1.71,1083.3399658203125,1.82,3.3571,4.05268,,1.5666706
2002-02-20,0.8705,1.4269,0.007476076555023924,0.5882698982293076,22.66,4.88,1.73,1097.97998046875,1.82,3.3571,4.05268,,1.5666706
2002-02-21,0.8712,1.4253,0.007447680047665152,0.5886854653558603,23.8,4.88,1.73,1080.949951171875,1.82,3.3571,4.05268,,1.5666706
2002-02-22,0.8757,1.4301,0.007471049682480389,0.5920663114268798,22.86,4.84,1.73,1089.8399658203125,1.82,3.3571,4.05268,,1.5666706
2002-02-25,0.8713,1.4263,0.007468817686160281,0.5900401227283455,21.84,4.86,1.74,1109.4300537109375,1.82,3.3571,4.05268,,1.5666706
2002-02-26,0.8682,1.4225,0.00744324525493115,0.5884083553986467,21.68,4.93,1.74,1109.3800048828125,1.82,3.3571,4.05268,,1.5666706
2002-02-27,0.8642,1.4165,0.007427764985515859,0.585308750365818,21.49,4.84,1.74,1109.8900146484375,1.82,3.3571,4.05268,,1.5666706
2002-02-28,0.8658,1.4129,0.00746491489997014,0.5873715124816447,21.59,4.88,1.76,1106.72998046875,1.82,3.3571,4.05268,,1.5666706
2002-03-01,0.8652,1.419,0.0074990626171728535,0.5861664712778429,19.96,4.98,1.74,1131.780029296875,1.91,3.3908,4.13055,,1.60416375
2002-03-04,0.8705,1.4228,0.007564296520423602,0.5892751915144372,20.5,5.02,1.76,1153.8399658203125,1.91,3.3908,4.13055,,1.60416375
2002-03-05,0.8699,1.4212,0.007558007709167864,0.5890322200624374,20.3,5.02,1.77,1146.1400146484375,1.91,3.3908,4.13055,,1.60416375
2002-03-06,0.8772,1.4238,0.007642338555598013,0.594565669778227,19.94,5.06,1.75,1162.77001953125,1.91,3.3908,4.13055,,1.60416375
2002-03-07,0.8795,1.4245,0.007869678130164476,0.5977286312014345,20.04,5.22,1.75,1157.5400390625,1.91,3.3908,4.13055,,1.60416375
2002-03-08,0.8752,1.4227,0.007799703611262771,0.594883997620464,19.27,5.33,1.77,1164.31005859375,1.91,3.3908,4.13055,,1.60416375
2002-03-11,0.8768,1.422,0.007807620237351654,0.5961251862891207,19.84,5.33,1.8,1168.260009765625,1.91,3.3908,4.13055,,1.60416375
2002-03-12,0.8759,1.4146,0.0077718193829175415,0.5964096141229797,19.59,5.32,1.81,1165.5799560546875,1.91,3.3908,4.13055,,1.60416375
2002-03-13,0.877,1.4157,0.007726184037703778,0.5974072525240457,19.46,5.28,1.79,1154.0899658203125,1.91,3.3908,4.13055,,1.60416375
2002-03-14,0.8816,1.42,0.007755545214828603,0.6025911419102139,19.2,5.4,1.82,1153.0400390625,1.91,3.3908,4.13055,,1.60416375
2002-03-15,0.8823,1.4238,0.0077459333849728895,0.6025548324897566,18.42,5.35,1.82,1166.1600341796875,1.91,3.3908,4.13055,,1.60416375
2002-03-18,0.8826,1.4256,0.007617886798202178,0.6029544769369912,18.93,5.32,1.83,1165.550048828125,1.91,3.3908,4.13055,,1.60416375
2002-03-19,0.8805,1.4213,0.007558578987150415,0.6016123210203346,18.16,5.33,1.82,1170.2900390625,1.91,3.3908,4.13055,,1.60416375
2002-03-20,0.8836,1.426,0.007598784194528876,0.6035731530661516,18.46,5.4,1.81,1151.8499755859375,1.91,3.3908,4.13055,,1.60416375
2002-03-21,0.8836,1.4287,0.007583801001061732,0.6040471156750227,18.15,5.39,1.8,1153.5899658203125,1.91,3.3908,4.13055,,1.60416375
2002-03-22,0.8791,1.4263,0.007525586995785672,0.601576129459183,17.77,5.4,1.8,1148.699951171875,1.91,3.3908,4.13055,,1.60416375
2002-03-25,0.8768,1.4255,0.00749288176232579,0.6002400960384154,18.48,5.41,1.79,1131.8699951171875,1.91,3.3908,4.13055,,1.60416375
2002-03-26,0.8767,1.427,0.007531254707034192,0.5991611743559018,18.13,5.35,1.78,1138.489990234375,1.91,3.3908,4.13055,,1.60416375
2002-03-27,0.8726,1.4238,0.007540909433677701,0.595734540688669,17.7,5.35,1.78,1144.5799560546875,1.91,3.3908,4.13055,,1.60416375
2002-03-28,0.8711,1.4242,0.007540909433677701,0.5934718100890207,17.4,5.42,1.76,1147.3900146484375,1.91,3.3908,4.13055,,1.60416375
2002-03-29,0.8717,1.425,0.0075357950263752835,0.5945303210463734,,,,,1.91,3.3908,4.13055,,1.60416375
2002-04-01,0.8806,1.4407,0.0075007500750075016,0.6021557174685374,18.73,5.44,1.75,1146.5400390625,1.87,3.40690476190476,4.17319,0.1,1.46064661904762
2002-04-02,0.8782,1.4358,0.0074962518740629685,0.6004202942059441,19.16,5.36,1.77,1136.760009765625,1.87,3.40690476190476,4.17319,0.1,1.46064661904762
2002-04-03,0.8804,1.435,0.007538635506973238,0.6021557174685374,20.2,5.3,1.76,1125.4000244140625,1.87,3.40690476190476,4.17319,0.1,1.46064661904762
2002-04-04,0.8779,1.4349,0.007558578987150415,0.600456346823586,19.78,5.28,1.75,1126.3399658203125,1.87,3.40690476190476,4.17319,0.1,1.46064661904762
2002-04-05,0.8805,1.435,0.007591285204585137,0.6010699044298852,19.13,5.22,1.73,1122.72998046875,1.87,3.40690476190476,4.17319,0.1,1.46064661904762
2002-04-08,0.875,1.431,0.007617886798202178,0.5973715651135006,19.61,5.25,1.72,1125.2900390625,1.87,3.40690476190476,4.17319,0.1,1.46064661904762
2002-04-09,0.8793,1.4345,0.007631840036632832,0.5996641880546894,19.47,5.22,1.7,1117.800048828125,1.87,3.40690476190476,4.17319,0.1,1.46064661904762
2002-04-10,0.8794,1.4365,0.0076481835564053535,0.5987306909352174,18.19,5.24,1.68,1130.469970703125,1.87,3.40690476190476,4.17319,0.1,1.46064661904762
2002-04-11,0.8829,1.4382,0.007601672367920942,0.6022645145748012,20.3,5.22,1.69,1103.68994140625,1.87,3.40690476190476,4.17319,0.1,1.46064661904762
2002-04-12,0.8792,1.4371,0.007570595805889924,0.599592277251469,19.42,5.18,1.68,1111.010009765625,1.87,3.40690476190476,4.17319,0.1,1.46064661904762
2002-04-15,0.8802,1.4372,0.007578628268283441,0.6000240009600384,19.82,5.15,1.68,1102.550048828125,1.87,3.40690476190476,4.17319,0.1,1.46064661904762
2002-04-16,0.883,1.4396,0.007622532205198567,0.6010337780983291,18.11,5.2,1.71,1128.3699951171875,1.87,3.40690476190476,4.17319,0.1,1.46064661904762
2002-04-17,0.8885,1.4438,0.007651109410864576,0.6042296072507553,18.43,5.24,1.7,1126.0699462890625,1.87,3.40690476190476,4.17319,0.1,1.46064661904762
2002-04-18,0.8898,1.4479,0.007701786814540973,0.6066120715802245,19.29,5.23,1.69,1124.469970703125,1.87,3.40690476190476,4.17319,0.1,1.46064661904762
2002-04-19,0.8893,1.4472,0.007662835249042145,0.605766900896535,18.3,5.21,1.7,1125.1700439453125,1.87,3.40690476190476,4.17319,0.1,1.46064661904762
2002-04-22,0.8877,1.4488,0.007698229407236335,0.6044852807834129,19.77,5.19,1.69,1107.8299560546875,1.87,3.40690476190476,4.17319,0.1,1.46064661904762
2002-04-23,0.8897,1.4486,0.007698822080221727,0.6064281382656155,20.28,5.18,1.7,1100.9599609375,1.87,3.40690476190476,4.17319,0.1,1.46064661904762
2002-04-24,0.8915,1.448,0.007706535141800247,0.6080875646093037,20.77,5.11,1.69,1093.1400146484375,1.87,3.40690476190476,4.17319,0.1,1.46064661904762
2002-04-25,0.8978,1.454,0.00778816199376947,0.613195977434388,20.95,5.1,1.71,1091.47998046875,1.87,3.40690476190476,4.17319,0.1,1.46064661904762
2002-04-26,0.898,1.4545,0.007801529099703541,0.6137605106487448,22.14,5.08,1.72,1076.3199462890625,1.87,3.40690476190476,4.17319,0.1,1.46064661904762
2002-04-29,0.9028,1.4592,0.007804573480059315,0.6167129201356769,24.05,5.13,1.74,1065.449951171875,1.87,3.40690476190476,4.17319,0.1,1.46064661904762
2002-04-30,0.9002,1.4565,0.007785130400934217,0.61667488899852,21.91,5.11,1.74,1076.9200439453125,1.87,3.40690476190476,4.17319,0.1,1.46064661904762
2002-05-01,0.9062,1.4621,0.007846214201647704,0.6246096189881324,20.06,5.08,1.74,1086.4599609375,1.82,3.46713636363636,4.1537,0.08,1.1634939
2002-05-02,0.9032,1.4645,0.007811279487580065,0.6211951795254069,20.07,5.13,1.74,1084.56005859375,1.82,3.46713636363636,4.1537,0.08,1.1634939
2002-05-03,0.9133,1.4664,0.007861017215627703,0.6281407035175879,20.19,5.08,1.73,1073.4300537109375,1.82,3.46713636363636,4.1537,0.08,1.1634939
2002-05-06,0.9166,1.4676,0.007857311228097746,0.6292870178088226,22.56,5.1,1.73,1052.6700439453125,1.82,3.46713636363636,4.1537,0.08,1.1634939
2002-05-07,0.9148,1.4675,0.00782472613458529,0.6277463904582549,21.94,5.09,1.73,1049.489990234375,1.82,3.46713636363636,4.1537,0.08,1.1634939
2002-05-08,0.904,1.4533,0.007773631840796021,0.6210408644888833,20.39,5.24,1.73,1088.8499755859375,1.82,3.46713636363636,4.1537,0.08,1.1634939
2002-05-09,0.9088,1.4585,0.00779058896852602,0.6248047485160887,21.56,5.2,1.74,1073.010009765625,1.82,3.46713636363636,4.1537,0.08,1.1634939
2002-05-10,0.9116,1.4606,0.00781921964187974,0.6271165182490906,22.41,5.15,1.74,1054.989990234375,1.82,3.46713636363636,4.1537,0.08,1.1634939
2002-05-13,0.9107,1.4588,0.00783146683373796,0.6256647688168679,20.72,5.23,1.74,1074.56005859375,1.82,3.46713636363636,4.1537,0.08,1.1634939
2002-05-14,0.9022,1.4474,0.0077724234416291,0.6190034045187249,19.35,5.32,1.75,1097.280029296875,1.82,3.46713636363636,4.1537,0.08,1.1634939
2002-05-15,0.9074,1.4558,0.007817385866166354,0.6228977201943441,19.19,5.28,1.73,1091.0699462890625,1.82,3.46713636363636,4.1537,0.08,1.1634939
2002-05-16,0.9105,1.4567,0.007800920508620017,0.6252735571812669,18.5,5.2,1.72,1098.22998046875,1.82,3.46713636363636,4.1537,0.08,1.1634939
2002-05-17,0.9206,1.4602,0.007934618741569468,0.6325110689437066,17.7,5.27,1.73,1106.5899658203125,1.82,3.46713636363636,4.1537,0.08,1.1634939
2002-05-20,0.9213,1.4588,0.00795924864692773,0.6335128286347799,19.24,5.21,1.72,1091.8800048828125,1.82,3.46713636363636,4.1537,0.08,1.1634939
2002-05-21,0.9191,1.4568,0.008075587498990552,0.6329915179136599,20.05,5.18,1.72,1079.8800048828125,1.82,3.46713636363636,4.1537,0.08,1.1634939
2002-05-22,0.9265,1.4589,0.008054123711340207,0.6375111564452378,19.58,5.13,1.71,1086.02001953125,1.82,3.46713636363636,4.1537,0.08,1.1634939
2002-05-23,0.9233,1.4545,0.008010253123998718,0.634719136781974,18.23,5.16,1.71,1097.0799560546875,1.82,3.46713636363636,4.1537,0.08,1.1634939
2002-05-24,0.922,1.4577,0.008018603159329646,0.6318316800404372,18.9,5.16,1.71,1083.8199462890625,1.82,3.46713636363636,4.1537,0.08,1.1634939
2002-05-27,,,,,,,,,1.82,3.46713636363636,4.1537,0.08,1.1634939
2002-05-28,0.9285,1.4618,0.008039877793857534,0.6352029473416757,20.31,5.16,1.73,1074.550048828125,1.82,3.46713636363636,4.1537,0.08,1.1634939
2002-05-29,0.9313,1.46,0.008041817450743869,0.6346385733324871,20.39,5.11,1.72,1067.6600341796875,1.82,3.46713636363636,4.1537,0.08,1.1634939
2002-05-30,0.9373,1.4655,0.008124796880077998,0.6401638819537802,20.61,5.06,1.72,1064.6600341796875,1.82,3.46713636363636,4.1537,0.08,1.1634939
2002-05-31,0.9339,1.4625,0.008056070248932571,0.6372267890142101,19.98,5.08,1.71,1067.1400146484375,1.82,3.46713636363636,4.1537,0.08,1.1634939
2002-06-03,0.939,1.4622,0.008084727948904519,0.639467962655071,23.37,5.06,1.72,1040.6800537109375,1.81,3.464,4.17758,0.09,1.14959405
2002-06-04,0.9424,1.4605,0.008067769261799113,0.6413545407901489,23.89,5.04,1.73,1040.68994140625,1.81,3.464,4.17758,0.09,1.14959405
2002-06-05,0.9391,1.4574,0.008038585209003215,0.6380806533945891,22.61,5.08,1.72,1049.9000244140625,1.81,3.464,4.17758,0.09,1.14959405
2002-06-06,0.9457,1.4593,0.00804246421103426,0.6414368184733804,24.16,5.04,1.71,1029.1500244140625,1.81,3.464,4.17758,0.09,1.14959405
2002-06-07,0.9449,1.4604,0.0080327737167644,0.6430868167202572,23.51,5.1,1.71,1027.530029296875,1.81,3.464,4.17758,0.09,1.14959405
2002-06-10,0.9446,1.461,0.008025682182985555,0.6416426050689766,23.72,5.07,1.72,1030.739990234375,1.81,3.464,4.17758,0.09,1.14959405
2002-06-11,0.9445,1.4686,0.00796431984708506,0.6402048655569782,24.45,5.02,1.72,1013.5999755859375,1.81,3.464,4.17758,0.09,1.14959405
2002-06-12,0.9473,1.4705,0.00795924864692773,0.6412311638345624,24.15,4.98,1.71,1020.260009765625,1.81,3.464,4.17758,0.09,1.14959405
2002-06-13,0.944,1.4709,0.0079923273657289,0.639467962655071,25.02,4.94,1.69,1009.5599975585938,1.81,3.464,4.17758,0.09,1.14959405
2002-06-14,0.9448,1.4735,0.008048289738430584,0.6399590426212722,25.96,4.83,1.68,1007.27001953125,1.81,3.464,4.17758,0.09,1.14959405
2002-06-17,0.9442,1.4782,0.00804052424218059,0.6397134083930399,24.64,4.89,1.7,1036.1700439453125,1.81,3.464,4.17758,0.09,1.14959405
2002-06-18,0.9483,1.4868,0.008028259473346178,0.6423432682425488,24.24,4.88,1.7,1037.1400146484375,1.81,3.464,4.17758,0.09,1.14959405
2002-06-19,0.9544,1.4873,0.008061915511125443,0.6484243288808196,26.06,4.76,1.68,1019.989990234375,1.81,3.464,4.17758,0.09,1.14959405
2002-06-20,0.9646,1.4982,0.008108327252087894,0.6563833278634722,27.48,4.85,1.7,1006.2899780273438,1.81,3.464,4.17758,0.09,1.14959405
2002-06-21,0.9705,1.4987,0.008248783304462591,0.6612007405448295,27.23,4.79,1.69,989.1400146484375,1.81,3.464,4.17758,0.09,1.14959405
2002-06-24,0.9786,1.5056,0.008245382585751979,0.6664445184938355,26.98,4.87,1.7,992.719970703125,1.81,3.464,4.17758,0.09,1.14959405
2002-06-25,0.9692,1.4999,0.008203445447087777,0.6605019815059445,27.84,4.88,1.7,976.1400146484375,1.81,3.464,4.17758,0.09,1.14959405
2002-06-26,0.9825,1.5217,0.008345155637152633,0.6693440428380187,28.42,4.75,1.67,973.530029296875,1.81,3.464,4.17758,0.09,1.14959405
2002-06-27,0.9885,1.5285,0.008376612497905847,0.6718172657037286,26.29,4.84,1.67,990.6400146484375,1.81,3.464,4.17758,0.09,1.14959405
2002-06-28,0.9856,1.5245,0.008343763037129746,0.6702412868632708,25.4,4.86,1.67,989.8200073242188,1.81,3.464,4.17758,0.09,1.14959405
2002-07-01,0.9893,1.5307,0.008330556481172941,0.6736274840013473,27.11,4.85,1.68,968.6500244140625,1.79,3.41,4.06054,0.09,1.00306152173913
2002-07-02,0.984,1.53,0.008324315325064514,0.6711409395973155,28.96,4.77,1.69,948.0900268554688,1.79,3.41,4.06054,0.09,1.00306152173913
2002-07-03,0.9816,1.5268,0.008349336227769892,0.6708257865432348,29.42,4.78,1.69,953.989990234375,1.79,3.41,4.06054,0.09,1.00306152173913
2002-07-04,,,,,,,,,1.79,3.41,4.06054,0.09,1.00306152173913
2002-07-05,0.973,1.5206,0.008320159747067143,0.6639224538573895,27.11,4.9,1.69,989.030029296875,1.79,3.41,4.06054,0.09,1.00306152173913
2002-07-08,0.9869,1.5348,0.008427439743805831,0.6714563889075404,28.25,4.84,1.7,976.97998046875,1.79,3.41,4.06054,0.09,1.00306152173913
2002-07-09,0.9938,1.5465,0.00848536274925753,0.6747638326585695,30.22,4.78,1.69,952.8300170898438,1.79,3.41,4.06054,0.09,1.00306152173913
2002-07-10,0.989,1.5483,0.008478887569950822,0.6716818914562064,34.1,4.66,1.69,920.469970703125,1.79,3.41,4.06054,0.09,1.00306152173913
2002-07-11,0.9927,1.5545,0.008574858514834504,0.675995403231258,33.85,4.66,1.69,927.3699951171875,1.79,3.41,4.06054,0.09,1.00306152173913
2002-07-12,0.9904,1.55,0.008566778034781118,0.674217907227616,32.94,4.63,1.68,921.3900146484375,1.79,3.41,4.06054,0.09,1.00306152173913
2002-07-15,1.0072,1.5656,0.008616232982939858,0.6857769853243726,35.03,4.66,1.68,917.9299926757812,1.79,3.41,4.06054,0.09,1.00306152173913
2002-07-16,1.0087,1.5693,0.008642295393656556,0.6873797085510035,36.65,4.75,1.69,900.9400024414062,1.79,3.41,4.06054,0.09,1.00306152173913
2002-07-17,1.0078,1.5682,0.008602890571231933,0.687757909215956,35.45,4.71,1.69,906.0399780273438,1.79,3.41,4.06054,0.09,1.00306152173913
2002-07-18,1.0067,1.5685,0.008545547769612033,0.687757909215956,35.12,4.66,1.69,881.5599975585938,1.79,3.41,4.06054,0.09,1.00306152173913
2002-07-19,1.0156,1.5785,0.008640801866413203,0.6950719399457843,38.17,4.61,1.68,847.75,1.79,3.41,4.06054,0.09,1.00306152173913
2002-07-22,1.0098,1.58,0.008604371020478403,0.6940588561910049,41.87,4.51,1.68,819.8499755859375,1.79,3.41,4.06054,0.09,1.00306152173913
2002-07-23,0.9933,1.5657,0.00852151682999574,0.6828269033799932,44.92,4.47,1.67,797.7000122070312,1.79,3.41,4.06054,0.09,1.00306152173913
2002-07-24,0.9945,1.5745,0.008596234849136079,0.686766018817389,39.86,4.49,1.66,843.4299926757812,1.79,3.41,4.06054,0.09,1.00306152173913
2002-07-25,0.9997,1.5754,0.008556515786771626,0.6897503103876397,39.27,4.43,1.67,838.6799926757812,1.79,3.41,4.06054,0.09,1.00306152173913
2002-07-26,0.9882,1.5635,0.008418925745074928,0.6811061163329247,35.51,4.43,1.66,852.8400268554688,1.79,3.41,4.06054,0.09,1.00306152173913
2002-07-29,0.9779,1.557,0.008342370901810295,0.6714563889075404,31.33,4.62,1.69,898.9600219726562,1.79,3.41,4.06054,0.09,1.00306152173913
2002-07-30,0.9879,1.5725,0.008340283569641367,0.6780120686148213,31.92,4.65,1.69,902.780029296875,1.79,3.41,4.06054,0.09,1.00306152173913
2002-07-31,0.9796,1.5625,0.008349336227769892,0.6741724533135576,32.03,4.51,1.68,911.6199951171875,1.79,3.41,4.06054,0.09,1.00306152173913
2002-08-01,0.9843,1.5578,0.008396305625524769,0.6801333061280012,36.95,4.47,1.65,884.6599731445312,1.73,3.35190909090909,3.98654,0.07,0.668342047619048
2002-08-02,0.9882,1.5709,0.008404773911581778,0.6799020940984498,41.29,4.33,1.6,864.239990234375,1.73,3.35190909090909,3.98654,0.07,0.668342047619048
2002-08-05,0.9846,1.5665,0.008385041086701324,0.6770480704129993,45.08,4.29,1.61,834.5999755859375,1.73,3.35190909090909,3.98654,0.07,0.668342047619048
2002-08-06,0.964,1.5382,0.008254911672445105,0.6609385327164574,42.03,4.42,1.62,859.5700073242188,1.73,3.35190909090909,3.98654,0.07,0.668342047619048
2002-08-07,0.9738,1.5354,0.008307717869901138,0.668002672010688,38.73,4.35,1.56,876.77001953125,1.73,3.35190909090909,3.98654,0.07,0.668342047619048
2002-08-08,0.9653,1.5278,0.008261731658955716,0.6602403274792025,36.33,4.4,1.59,905.4600219726562,1.73,3.35190909090909,3.98654,0.07,0.668342047619048
2002-08-09,0.9714,1.5235,0.008322929671244277,0.6653359946773121,35.33,4.27,1.59,908.6400146484375,1.73,3.35190909090909,3.98654,0.07,0.668342047619048
2002-08-12,0.9778,1.5317,0.008413967185527976,0.6682258603407952,37.05,4.22,1.64,903.7999877929688,1.73,3.35190909090909,3.98654,0.07,0.668342047619048
2002-08-13,0.9787,1.531,0.008397715821296607,0.6688068485821295,35.82,4.12,1.6,884.2100219726562,1.73,3.35190909090909,3.98654,0.07,0.668342047619048
2002-08-14,0.9867,1.5442,0.008581481163648846,0.6750826976304597,32.36,4.06,1.61,919.6199951171875,1.73,3.35190909090909,3.98654,0.07,0.668342047619048
2002-08-15,0.9816,1.536,0.008526603001364257,0.6708257865432348,29.43,4.17,1.59,930.25,1.73,3.35190909090909,3.98654,0.07,0.668342047619048
2002-08-16,0.9836,1.5372,0.008509914049868096,0.670465973851827,28.81,4.32,1.59,928.77001953125,1.73,3.35190909090909,3.98654,0.07,0.668342047619048
2002-08-19,0.9775,1.5272,0.00843668269636379,0.666000666000666,28.61,4.29,1.63,950.7000122070312,1.73,3.35190909090909,3.98654,0.07,0.668342047619048
2002-08-20,0.9779,1.5266,0.00841467519353753,0.6654688227856526,29.59,4.17,1.59,937.4299926757812,1.73,3.35190909090909,3.98654,0.07,0.668342047619048
2002-08-21,0.9796,1.5295,0.008435970980259827,0.6667111140742716,28.23,4.2,1.6,949.3599853515625,1.73,3.35190909090909,3.98654,0.07,0.668342047619048
2002-08-22,0.9697,1.5192,0.008343763037129746,0.6584145377929945,27.75,4.3,1.62,962.7000122070312,1.73,3.35190909090909,3.98654,0.07,0.668342047619048
2002-08-23,0.9726,1.5215,0.008366100560528738,0.6610259122157589,29.32,4.25,1.62,940.8599853515625,1.73,3.35190909090909,3.98654,0.07,0.668342047619048
2002-08-26,0.9731,1.5236,0.008365400702693659,0.6611570247933884,29.89,4.22,1.64,947.9500122070312,1.73,3.35190909090909,3.98654,0.07,0.668342047619048
2002-08-27,0.9814,1.5305,0.008452370890034654,0.6680472977486807,30.11,4.29,1.65,934.8200073242188,1.73,3.35190909090909,3.98654,0.07,0.668342047619048
2002-08-28,0.982,1.5363,0.008452370890034654,0.6680919294494923,33.32,4.22,1.64,917.8699951171875,1.73,3.35190909090909,3.98654,0.07,0.668342047619048
2002-08-29,0.9829,1.5484,0.008450228156160216,0.6692992436918547,33.67,4.16,1.65,917.7999877929688,1.73,3.35190909090909,3.98654,0.07,0.668342047619048
2002-08-30,0.9806,1.5476,0.00842034355001684,0.6663557006730193,32.64,4.14,1.66,916.0700073242188,1.73,3.35190909090909,3.98654,0.07,0.668342047619048
2002-09-02,,,,,,,,,1.76,3.31014285714286,3.98872,0.08,0.612999095238095
2002-09-03,0.9959,1.5625,0.008538251366120218,0.678886625933469,39.97,3.98,1.61,878.02001953125,1.76,3.31014285714286,3.98872,0.08,0.612999095238095
2002-09-04,0.9923,1.5642,0.008473858147614609,0.6779201410073893,37.44,3.96,1.6,893.4000244140625,1.76,3.31014285714286,3.98872,0.08,0.612999095238095
2002-09-05,0.9911,1.566,0.008450228156160216,0.6787483879725785,38.86,3.91,1.58,879.1500244140625,1.76,3.31014285714286,3.98872,0.08,0.612999095238095
2002-09-06,0.9843,1.5597,0.008440243079000674,0.6745362563237775,36.33,4.05,1.63,893.9199829101562,1.76,3.31014285714286,3.98872,0.08,0.612999095238095
2002-09-09,0.9817,1.5585,0.008413967185527976,0.6734913793103449,36.45,4.05,1.66,902.9600219726562,1.76,3.31014285714286,3.98872,0.08,0.612999095238095
2002-09-10,0.9752,1.5544,0.008348639171814994,0.6684491978609626,35.08,4.0,1.65,909.5800170898438,1.76,3.31014285714286,3.98872,0.08,0.612999095238095
2002-09-11,0.9724,1.5492,0.008289124668435014,0.6637021304838389,34.81,4.07,1.66,909.4500122070312,1.76,3.31014285714286,3.98872,0.08,0.612999095238095
2002-09-12,0.9761,1.5549,0.008286377195889956,0.6648052120728627,37.5,3.98,1.66,886.9099731445312,1.76,3.31014285714286,3.98872,0.08,0.612999095238095
2002-09-13,0.9743,1.5585,0.00823045267489712,0.6657789613848203,35.82,3.92,1.66,889.8099975585938,1.76,3.31014285714286,3.98872,0.08,0.612999095238095
2002-09-16,0.9723,1.544,0.008185315543914218,0.6622516556291391,36.74,3.9,1.68,891.0999755859375,1.76,3.31014285714286,3.98872,0.08,0.612999095238095
2002-09-17,0.9685,1.5343,0.008153946510110893,0.6578081831337982,38.01,3.87,1.67,873.52001953125,1.76,3.31014285714286,3.98872,0.08,0.612999095238095
2002-09-18,0.9789,1.5525,0.008231130134167422,0.6674676278200508,37.52,3.86,1.65,869.4600219726562,1.76,3.31014285714286,3.98872,0.08,0.612999095238095
2002-09-19,0.9817,1.5545,0.008231807704972012,0.6702412868632708,40.65,3.79,1.62,843.3200073242188,1.76,3.31014285714286,3.98872,0.08,0.612999095238095
2002-09-20,0.9839,1.5558,0.008119519324455992,0.6720430107526881,38.98,3.79,1.62,845.3900146484375,1.76,3.31014285714286,3.98872,0.08,0.612999095238095
2002-09-23,0.9822,1.5575,0.008069071249899137,0.670690811535882,39.68,3.7,1.62,833.7000122070312,1.76,3.31014285714286,3.98872,0.08,0.612999095238095
2002-09-24,0.9815,1.5565,0.008105041335710812,0.670331143584931,40.52,3.69,1.62,819.2899780273438,1.76,3.31014285714286,3.98872,0.08,0.612999095238095
2002-09-25,0.9797,1.5625,0.008148631029986962,0.6696578048617157,37.33,3.77,1.63,839.6599731445312,1.76,3.31014285714286,3.98872,0.08,0.612999095238095
2002-09-26,0.9755,1.5563,0.008157272208173586,0.6653802648213455,34.6,3.79,1.62,854.9500122070312,1.76,3.31014285714286,3.98872,0.08,0.612999095238095
2002-09-27,0.9772,1.5548,0.008139345596614032,0.6663113006396589,36.97,3.69,1.6,827.3699951171875,1.76,3.31014285714286,3.98872,0.08,0.612999095238095
2002-09-30,0.9879,1.57,0.00821422704123542,0.6775985905949315,39.69,3.63,1.54,815.280029296875,1.76,3.31014285714286,3.98872,0.08,0.612999095238095
2002-10-01,0.9859,1.5708,0.008147967082212987,0.675995403231258,34.12,3.72,1.56,847.9099731445312,1.73,3.26126086956522,3.96401,0.08,0.627853739130435
2002-10-02,0.9842,1.5655,0.008116224332440549,0.6740361283364789,36.83,3.71,1.55,827.9099731445312,1.73,3.26126086956522,3.96401,0.08,0.627853739130435
2002-10-03,0.9871,1.5704,0.00812743823146944,0.675949709341625,37.31,3.7,1.54,818.9500122070312,1.73,3.26126086956522,3.96401,0.08,0.627853739130435
2002-10-04,0.9821,1.569,0.008128759551292473,0.6714563889075404,39.46,3.69,1.58,800.5800170898438,1.73,3.26126086956522,3.96401,0.08,0.627853739130435
2002-10-07,0.9816,1.5643,0.008036001285760206,0.6711409395973155,42.64,3.64,1.6,785.280029296875,1.73,3.26126086956522,3.96401,0.08,0.627853739130435
2002-10-08,0.9796,1.5569,0.00804764204088202,0.6684938832809679,41.02,3.65,1.58,798.5499877929688,1.73,3.26126086956522,3.96401,0.08,0.627853739130435
2002-10-09,0.9868,1.5595,0.008093889113719142,0.6739906989283547,42.13,3.61,1.54,776.760009765625,1.73,3.26126086956522,3.96401,0.08,0.627853739130435
2002-10-10,0.9861,1.5625,0.008087997411840828,0.6738090425173506,37.55,3.68,1.55,803.9199829101562,1.73,3.26126086956522,3.96401,0.08,0.627853739130435
2002-10-11,0.9854,1.5605,0.008061915511125443,0.6729475100942126,35.7,3.83,1.55,835.3200073242188,1.73,3.26126086956522,3.96401,0.08,0.627853739130435
2002-10-14,,,,,36.04,,,841.4400024414062,1.73,3.26126086956522,3.96401,0.08,0.627853739130435
2002-10-15,0.981,1.5542,0.00802181934862827,0.6685385746757588,34.02,4.07,1.65,881.27001953125,1.73,3.26126086956522,3.96401,0.08,0.627853739130435
2002-10-16,0.9824,1.5543,0.008045052292839904,0.6700616456714018,36.0,4.06,1.63,860.02001953125,1.73,3.26126086956522,3.96401,0.08,0.627853739130435
2002-10-17,0.9718,1.5525,0.008012820512820514,0.6614194060453734,34.1,4.16,1.64,879.2000122070312,1.73,3.26126086956522,3.96401,0.08,0.627853739130435
2002-10-18,0.9708,1.5461,0.007966857871255577,0.6605019815059445,33.53,4.14,1.64,884.3900146484375,1.73,3.26126086956522,3.96401,0.08,0.627853739130435
2002-10-21,0.9732,1.5418,0.008018603159329646,0.6618133686300464,33.11,4.24,1.68,899.719970703125,1.73,3.26126086956522,3.96401,0.08,0.627853739130435
2002-10-22,0.9782,1.5463,0.007994244144216164,0.666000666000666,34.09,4.27,1.66,890.1599731445312,1.73,3.26126086956522,3.96401,0.08,0.627853739130435
2002-10-23,0.9772,1.5499,0.008053475074494644,0.6664889362836577,33.2,4.26,1.65,896.1400146484375,1.73,3.26126086956522,3.96401,0.08,0.627853739130435
2002-10-24,0.9742,1.5478,0.0080147471347279,0.6639224538573895,34.03,4.16,1.62,882.5,1.73,3.26126086956522,3.96401,0.08,0.627853739130435
2002-10-25,0.9767,1.5533,0.008055421298533913,0.6660450246436659,30.0,4.12,1.61,897.6500244140625,1.73,3.26126086956522,3.96401,0.08,0.627853739130435
2002-10-28,0.9843,1.5602,0.008087997411840828,0.671952694530305,31.07,4.1,1.56,890.22998046875,1.73,3.26126086956522,3.96401,0.08,0.627853739130435
2002-10-29,0.9851,1.5585,0.008159934720522236,0.6724949562878278,32.27,3.97,1.48,882.1500244140625,1.73,3.26126086956522,3.96401,0.08,0.627853739130435
2002-10-30,0.9835,1.5568,0.008136034496786267,0.6714563889075404,31.23,3.99,1.48,890.7100219726562,1.73,3.26126086956522,3.96401,0.08,0.627853739130435
2002-10-31,0.9881,1.563,0.00814464896562958,0.6754474839581223,31.14,3.93,1.42,885.760009765625,1.73,3.26126086956522,3.96401,0.08,0.627853739130435
2002-11-01,0.9971,1.5638,0.008185985592665358,0.6815238874122538,29.3,4.01,1.41,900.9600219726562,1.39,3.12414285714286,3.97142,0.08,0.592497857142857
2002-11-04,0.9953,1.5545,0.008165931732810714,0.6802721088435374,30.82,4.07,1.41,908.3499755859375,1.39,3.12414285714286,3.97142,0.08,0.592497857142857
2002-11-05,0.9994,1.5625,0.008207485226526591,0.683293474547318,31.23,4.1,1.4,915.3900146484375,1.39,3.12414285714286,3.97142,0.08,0.592497857142857
2002-11-06,0.9974,1.559,0.008181966944853543,0.6819886789879288,30.73,4.09,1.21,923.760009765625,1.39,3.12414285714286,3.97142,0.08,0.592497857142857
2002-11-07,1.0092,1.5796,0.008246742536698003,0.6893699158968704,31.42,3.88,1.2,902.6500244140625,1.39,3.12414285714286,3.97142,0.08,0.592497857142857
2002-11-08,1.0139,1.5915,0.00835282325425994,0.6928086462519052,29.41,3.85,1.2,894.739990234375,1.39,3.12414285714286,3.97142,0.08,0.592497857142857
2002-11-11,,,,,31.3,,,876.1900024414062,1.39,3.12414285714286,3.97142,0.08,0.592497857142857
2002-11-12,1.0105,1.5879,0.008363301831563101,0.6913238852402351,30.58,3.84,1.2,882.9500122070312,1.39,3.12414285714286,3.97142,0.08,0.592497857142857
2002-11-13,1.006,1.585,0.008313934153641503,0.6860122110173561,31.24,3.84,1.19,882.530029296875,1.39,3.12414285714286,3.97142,0.08,0.592497857142857
2002-11-14,1.0034,1.5788,0.008302200083022,0.6842285323297982,28.67,4.03,1.2,904.27001953125,1.39,3.12414285714286,3.97142,0.08,0.592497857142857
2002-11-15,1.0082,1.579,0.008307717869901138,0.6876633200385092,26.65,4.05,1.2,909.8300170898438,1.39,3.12414285714286,3.97142,0.08,0.592497857142857
2002-11-18,1.0083,1.579,0.008254230293025175,0.6870491240123668,27.66,4.02,1.21,900.3599853515625,1.39,3.12414285714286,3.97142,0.08,0.592497857142857
2002-11-19,1.0107,1.588,0.008220304151253596,0.6883733737179045,27.41,3.99,1.19,896.739990234375,1.39,3.12414285714286,3.97142,0.08,0.592497857142857
2002-11-20,1.0024,1.575,0.008161932745674175,0.682640453273261,25.32,4.08,1.2,914.1500244140625,1.39,3.12414285714286,3.97142,0.08,0.592497857142857
2002-11-21,0.9984,1.5753,0.008135372600065083,0.6796248470844094,23.81,4.14,1.2,933.760009765625,1.39,3.12414285714286,3.97142,0.08,0.592497857142857
2002-11-22,0.9966,1.5778,0.0081406707912732,0.677139761646804,23.16,4.18,1.21,930.5499877929688,1.39,3.12414285714286,3.97142,0.08,0.592497857142857
2002-11-25,0.9937,1.5667,0.008175277959450621,0.6738998584810297,24.07,4.19,1.22,932.8699951171875,1.39,3.12414285714286,3.97142,0.08,0.592497857142857
2002-11-26,0.9913,1.5485,0.00820411846747067,0.6721333512568893,25.97,4.08,1.2,913.3099975585938,1.39,3.12414285714286,3.97142,0.08,0.592497857142857
2002-11-27,0.9895,1.544,0.00818263644546273,0.671366230278617,27.25,4.26,1.21,938.8699951171875,1.39,3.12414285714286,3.97142,0.08,0.592497857142857
2002-11-28,,,,,,,,,1.39,3.12414285714286,3.97142,0.08,0.592497857142857
2002-11-29,0.9932,1.5553,0.008148631029986962,0.6729475100942126,27.5,4.22,1.2,936.3099975585938,1.39,3.12414285714286,3.97142,0.08,0.592497857142857
2002-12-02,0.9927,1.5555,0.008025038118931065,0.6736274840013473,27.46,4.22,1.22,934.530029296875,1.34,2.94105,4.01777,0.1,0.54338995
2002-12-03,0.9968,1.5687,0.008037293039704227,0.677185616577504,28.33,4.24,1.21,920.75,1.34,2.94105,4.01777,0.1,0.54338995
2002-12-04,0.9999,1.5682,0.008010253123998718,0.6789327177676692,28.92,4.18,1.2,917.5800170898438,1.34,2.94105,4.01777,0.1,0.54338995
2002-12-05,0.9989,1.5708,0.008000640051204096,0.6788405403570701,30.1,4.13,1.2,906.5499877929688,1.34,2.94105,4.01777,0.1,0.54338995
2002-12-06,1.0081,1.573,0.008084727948904519,0.6848376934666485,28.88,4.09,1.19,912.22998046875,1.34,2.94105,4.01777,0.1,0.54338995
2002-12-09,1.0088,1.5785,0.008106355382619975,0.6851661527920521,30.78,4.06,1.21,892.0,1.34,2.94105,4.01777,0.1,0.54338995
2002-12-10,1.0073,1.5699,0.008086689309396733,0.6836204539239814,28.76,4.06,1.19,904.4500122070312,1.34,2.94105,4.01777,0.1,0.54338995
2002-12-11,1.0083,1.5744,0.008099789405475458,0.6839477463921757,27.76,4.01,1.19,904.9600219726562,1.34,2.94105,4.01777,0.1,0.54338995
2002-12-12,1.0189,1.58,0.008146639511201629,0.6901311249137336,27.29,4.01,1.19,901.5800170898438,1.34,2.94105,4.01777,0.1,0.54338995
2002-12-13,1.0226,1.5896,0.008284317786430288,0.693433187712364,28.18,4.07,1.19,889.47998046875,1.34,2.94105,4.01777,0.1,0.54338995
2002-12-16,1.021,1.5905,0.008245382585751979,0.6921373200442967,26.24,4.15,1.21,910.4000244140625,1.34,2.94105,4.01777,0.1,0.54338995
2002-12-17,1.0267,1.5963,0.008246062505153789,0.6981777560566921,26.66,4.13,1.2,902.989990234375,1.34,2.94105,4.01777,0.1,0.54338995
2002-12-18,1.0254,1.6,0.008256274768824306,0.6994963626189143,28.29,4.06,1.19,891.1199951171875,1.34,2.94105,4.01777,0.1,0.54338995
2002-12-19,1.0217,1.5986,0.008274036074797287,0.6988120195667366,30.21,3.96,1.19,884.25,1.34,2.94105,4.01777,0.1,0.54338995
2002-12-20,1.0268,1.6015,0.00829737802854298,0.7017543859649122,26.71,3.97,1.19,895.760009765625,1.34,2.94105,4.01777,0.1,0.54338995
2002-12-23,1.0217,1.587,0.008280202036929701,0.7017543859649122,26.2,3.98,1.17,897.3800048828125,1.34,2.94105,4.01777,0.1,0.54338995
2002-12-24,1.0305,1.5958,0.008314625426124553,0.7093707881109456,26.49,3.95,1.17,892.469970703125,1.34,2.94105,4.01777,0.1,0.54338995
2002-12-25,,,,,,,,,1.34,2.94105,4.01777,0.1,0.54338995
2002-12-26,1.0358,1.5978,0.008325008325008324,0.7123014459719353,27.37,3.93,1.16,889.6599731445312,1.34,2.94105,4.01777,0.1,0.54338995
2002-12-27,1.0411,1.6022,0.008338892595063376,0.7166403898523721,29.55,3.83,1.14,875.4000244140625,1.34,2.94105,4.01777,0.1,0.54338995
2002-12-30,1.046,1.6044,0.00844737286703835,0.7182876023559833,29.62,3.82,1.2,879.3900146484375,1.34,2.94105,4.01777,0.1,0.54338995
2002-12-31,1.0485,1.6095,0.008421052631578947,0.722908985758693,28.62,3.83,1.2,879.8200073242188,1.34,2.94105,4.01777,0.1,0.54338995
2003-01-01,,,,,,,,,1.29,2.83181818181818,3.98263,0.1,0.508735476190476
2003-01-02,1.0361,1.5975,0.00834306691139663,0.7135212272565109,25.39,4.07,1.2,909.030029296875,1.29,2.83181818181818,3.98263,0.1,0.508735476190476
2003-01-03,1.0418,1.6045,0.008343763037129746,0.7155635062611807,24.68,4.05,1.2,908.5900268554688,1.29,2.83181818181818,3.98263,0.1,0.508735476190476
2003-01-06,1.0469,1.608,0.008399126490844951,0.7179781734635267,24.91,4.09,1.19,929.010009765625,1.29,2.83181818181818,3.98263,0.1,0.508735476190476
2003-01-07,1.0419,1.6055,0.008320852055250457,0.7151541157119359,25.13,4.04,1.17,922.9299926757812,1.29,2.83181818181818,3.98263,0.1,0.508735476190476
2003-01-08,1.0447,1.6063,0.008378718056137411,0.7161784716751414,25.53,4.0,1.17,909.9299926757812,1.29,2.83181818181818,3.98263,0.1,0.508735476190476
2003-01-09,1.0467,1.6035,0.008363301831563101,0.7172057663343613,24.25,4.19,1.18,927.5700073242188,1.29,2.83181818181818,3.98263,0.1,0.508735476190476
2003-01-10,1.0535,1.6079,0.008372404554588079,0.7215007215007215,24.32,4.16,1.18,927.5700073242188,1.29,2.83181818181818,3.98263,0.1,0.508735476190476
2003-01-13,1.0535,1.603,0.008401243384020835,0.7210845111047015,24.9,4.15,1.19,926.260009765625,1.29,2.83181818181818,3.98263,0.1,0.508735476190476
2003-01-14,1.0571,1.607,0.0084774499830451,0.7225433526011561,24.57,4.1,1.17,931.6599731445312,1.29,2.83181818181818,3.98263,0.1,0.508735476190476
2003-01-15,1.0576,1.6029,0.008481044864727335,0.7231180851833104,25.51,4.1,1.18,918.219970703125,1.29,2.83181818181818,3.98263,0.1,0.508735476190476
2003-01-16,1.0569,1.6073,0.00847314014573801,0.7231703789412786,25.01,4.1,1.16,914.5999755859375,1.29,2.83181818181818,3.98263,0.1,0.508735476190476
2003-01-17,1.066,1.6173,0.00848320325755005,0.7311010381634743,25.7,4.05,1.16,901.780029296875,1.29,2.83181818181818,3.98263,0.1,0.508735476190476
2003-01-20,,,,,,,,,1.29,2.83181818181818,3.98263,0.1,0.508735476190476
2003-01-21,1.0677,1.6123,0.008433836552247618,0.7306202966318405,27.59,4.01,1.17,887.6199951171875,1.29,2.83181818181818,3.98263,0.1,0.508735476190476
2003-01-22,1.0729,1.6162,0.008463817181548879,0.7337295472888693,29.01,3.95,1.15,878.3599853515625,1.29,2.83181818181818,3.98263,0.1,0.508735476190476
2003-01-23,1.0767,1.6233,0.008486803021301876,0.7363770250368188,27.53,3.98,1.15,887.3400268554688,1.29,2.83181818181818,3.98263,0.1,0.508735476190476
2003-01-24,1.0825,1.632,0.008488964346349746,0.7392075694855116,31.51,3.94,1.14,861.4000244140625,1.29,2.83181818181818,3.98263,0.1,0.508735476190476
2003-01-27,1.0838,1.6351,0.008428860418071477,0.7377895824110964,34.69,3.98,1.15,847.47998046875,1.29,2.83181818181818,3.98263,0.1,0.508735476190476
2003-01-28,1.0833,1.64,0.008426729586247577,0.7374631268436578,31.93,4.0,1.16,858.5399780273438,1.29,2.83181818181818,3.98263,0.1,0.508735476190476
2003-01-29,1.0861,1.6457,0.008465250148141878,0.7400828892835998,31.26,4.06,1.16,864.3599853515625,1.29,2.83181818181818,3.98263,0.1,0.508735476190476
2003-01-30,1.0776,1.6482,0.008387854386847844,0.7337295472888693,31.32,4.0,1.16,844.6099853515625,1.29,2.83181818181818,3.98263,0.1,0.508735476190476
2003-01-31,1.0739,1.6448,0.008336112037345782,0.7308338814587444,31.17,4.0,1.16,855.7000122070312,1.29,2.83181818181818,3.98263,0.1,0.508735476190476
2003-02-03,1.0761,1.6405,0.008300821781356355,0.7336218912772358,31.02,4.01,1.16,860.3200073242188,1.27,2.68745,3.75425,0.09,0.48923735
2003-02-04,1.0875,1.648,0.008350730688935281,0.7411250277921886,32.76,3.96,1.14,848.2000122070312,1.27,2.68745,3.75425,0.09,0.48923735
2003-02-05,1.0842,1.6455,0.008348639171814994,0.7385524372230428,33.04,4.02,1.16,843.5900268554688,1.27,2.68745,3.75425,0.09,0.48923735
2003-02-06,1.0828,1.6354,0.008338197281747686,0.7384978952809984,33.35,3.97,1.15,838.1500244140625,1.27,2.68745,3.75425,0.09,0.48923735
2003-02-07,1.0801,1.6284,0.00830564784053156,0.7361601884570083,34.01,3.96,1.15,829.6900024414062,1.27,2.68745,3.75425,0.09,0.48923735
2003-02-10,1.074,1.6275,0.008247422680412371,0.7320644216691068,33.99,3.99,1.15,835.969970703125,1.27,2.68745,3.75425,0.09,0.48923735
2003-02-11,1.0747,1.6193,0.00825150589982672,0.7324397568300007,33.68,3.98,1.16,829.2000122070312,1.27,2.68745,3.75425,0.09,0.48923735
2003-02-12,1.0716,1.6155,0.008244023083264633,0.7299270072992701,34.33,3.93,1.16,818.6799926757812,1.27,2.68745,3.75425,0.09,0.48923735
2003-02-13,1.0834,1.6209,0.008299443937256205,0.7375175160410059,33.7,3.89,1.15,817.3699951171875,1.27,2.68745,3.75425,0.09,0.48923735
2003-02-14,1.0799,1.6105,0.008304958059961797,0.7343222205903951,32.62,3.95,1.16,834.8900146484375,1.27,2.68745,3.75425,0.09,0.48923735
2003-02-17,,,,,,,,,1.27,2.68745,3.75425,0.09,0.48923735
2003-02-18,1.0708,1.5921,0.008408307407718826,0.7275372862859221,31.11,3.94,1.17,851.1699829101562,1.27,2.68745,3.75425,0.09,0.48923735
2003-02-19,1.0744,1.5957,0.008428150021070375,0.7300868803387603,31.31,3.88,1.16,845.1300048828125,1.27,2.68745,3.75425,0.09,0.48923735
2003-02-20,1.0821,1.5925,0.008461668641056016,0.7374631268436578,31.16,3.85,1.17,837.0999755859375,1.27,2.68745,3.75425,0.09,0.48923735
2003-02-21,1.0787,1.5864,0.008418925745074928,0.7343222205903951,30.25,3.9,1.17,848.1699829101562,1.27,2.68745,3.75425,0.09,0.48923735
2003-02-24,1.0783,1.586,0.008490405841399219,0.7357268981753973,31.98,3.86,1.19,832.5800170898438,1.27,2.68745,3.75425,0.09,0.48923735
2003-02-25,1.0782,1.5727,0.008536793580331228,0.7386615452799528,31.74,3.81,1.18,838.5700073242188,1.27,2.68745,3.75425,0.09,0.48923735
2003-02-26,1.0797,1.5806,0.008533151292772422,0.7380073800738007,31.94,3.78,1.19,827.5499877929688,1.27,2.68745,3.75425,0.09,0.48923735
2003-02-27,1.0763,1.5798,0.008504847763225038,0.7354022650389763,30.53,3.76,1.19,837.280029296875,1.27,2.68745,3.75425,0.09,0.48923735
2003-02-28,1.0779,1.5737,0.00845880561664693,0.7376263185070444,29.63,3.71,1.18,841.1500244140625,1.27,2.68745,3.75425,0.09,0.48923735
2003-03-03,1.0835,1.5755,0.008479606546256253,0.7425007425007425,30.43,3.68,1.18,834.8099975585938,1.23,2.52995238095238,3.65503,0.08,0.233193714285714
2003-03-04,1.0883,1.582,0.0084774499830451,0.7462686567164178,31.83,3.65,1.17,821.989990234375,1.23,2.52995238095238,3.65503,0.08,0.233193714285714
2003-03-05,1.0967,1.6003,0.008523695874531197,0.7519362358072035,30.38,3.63,1.16,829.8499755859375,1.23,2.52995238095238,3.65503,0.08,0.233193714285714
2003-03-06,1.0997,1.6049,0.008530967411704487,0.751089079164789,31.37,3.67,1.16,822.0999755859375,1.23,2.52995238095238,3.65503,0.08,0.233193714285714
2003-03-07,1.1014,1.602,0.008585901948999743,0.7497375918428549,31.08,3.63,1.1,828.8900146484375,1.23,2.52995238095238,3.65503,0.08,0.233193714285714
2003-03-10,1.1062,1.6007,0.00858000858000858,0.7548878991469766,33.31,3.59,1.06,807.47998046875,1.23,2.52995238095238,3.65503,0.08,0.233193714285714
2003-03-11,1.1028,1.6038,0.008541898009737764,0.7509762691498949,33.61,3.6,1.08,800.72998046875,1.23,2.52995238095238,3.65503,0.08,0.233193714285714
2003-03-12,1.1023,1.6129,0.008533879501621437,0.7510326699211416,33.51,3.6,1.08,804.1900024414062,1.23,2.52995238095238,3.65503,0.08,0.233193714285714
2003-03-13,1.087,1.6057,0.008452370890034654,0.7412898443291327,31.76,3.74,1.1,831.9000244140625,1.23,2.52995238095238,3.65503,0.08,0.233193714285714
2003-03-14,1.0725,1.5821,0.008432414200185513,0.7304601899196493,30.98,3.72,1.11,833.27001953125,1.23,2.52995238095238,3.65503,0.08,0.233193714285714
2003-03-17,1.0606,1.5682,0.008442380751371886,0.7222824124232574,31.75,3.82,1.13,862.7899780273438,1.23,2.52995238095238,3.65503,0.08,0.233193714285714
2003-03-18,1.0624,1.5624,0.008410428931875526,0.7223867658744492,30.43,3.91,1.12,866.4500122070312,1.23,2.52995238095238,3.65503,0.08,0.233193714285714
2003-03-19,1.059,1.5648,0.008324315325064514,0.7192692224699705,31.54,3.98,1.14,874.02001953125,1.23,2.52995238095238,3.65503,0.08,0.233193714285714
2003-03-20,1.0613,1.567,0.008329862557267805,0.7209805335255948,30.44,4.01,1.15,875.6699829101562,1.23,2.52995238095238,3.65503,0.08,0.233193714285714
2003-03-21,1.0545,1.566,0.00823587547356284,0.7142857142857143,28.67,4.11,1.16,895.7899780273438,1.23,2.52995238095238,3.65503,0.08,0.233193714285714
2003-03-24,1.0644,1.5748,0.008285690612312536,0.7221780891167762,30.39,3.98,1.15,864.22998046875,1.23,2.52995238095238,3.65503,0.08,0.233193714285714
2003-03-25,1.0673,1.5707,0.008331250520703158,0.7243752263672583,28.75,3.97,1.16,874.739990234375,1.23,2.52995238095238,3.65503,0.08,0.233193714285714
2003-03-26,1.0677,1.5742,0.008324315325064514,0.723222680263253,28.23,3.96,1.16,869.9500122070312,1.23,2.52995238095238,3.65503,0.08,0.233193714285714
2003-03-27,1.0708,1.5676,0.008348639171814994,0.7242702976750923,27.96,3.95,1.14,868.52001953125,1.23,2.52995238095238,3.65503,0.08,0.233193714285714
2003-03-28,1.0762,1.5673,0.008320852055250457,0.728650539201399,27.75,3.92,1.12,863.5,1.23,2.52995238095238,3.65503,0.08,0.233193714285714
2003-03-31,1.09,1.579,0.00846955196070128,0.7386615452799528,29.15,3.83,1.12,848.1799926757812,1.23,2.52995238095238,3.65503,0.08,0.233193714285714
2003-04-01,1.0904,1.5767,0.008456659619450317,0.7387161113983897,28.36,3.84,1.1,858.47998046875,1.24,2.53335,3.64598,0.08,0.1737809
2003-04-02,1.0765,1.5659,0.00839137366786943,0.724952878062926,28.02,3.94,1.11,880.9000244140625,1.24,2.53335,3.64598,0.08,0.1737809
2003-04-03,1.0736,1.5718,0.008364700961940611,0.7241653993772178,28.21,3.93,1.09,876.4500122070312,1.24,2.53335,3.64598,0.08,0.1737809
2003-04-04,1.0711,1.5597,0.008329862557267805,0.7207207207207208,29.13,3.96,1.09,878.8499755859375,1.24,2.53335,3.64598,0.08,0.1737809
2003-04-07,1.0621,1.55,0.008304958059961797,0.7145409074669525,28.45,4.03,1.15,879.9299926757812,1.24,2.53335,3.64598,0.08,0.1737809
2003-04-08,1.0684,1.5507,0.008339588024351597,0.719165767709457,27.13,3.95,1.13,878.2899780273438,1.24,2.53335,3.64598,0.08,0.1737809
2003-04-09,1.0722,1.5562,0.00829531314807134,0.7216048491845866,27.11,3.93,1.11,865.989990234375,1.24,2.53335,3.64598,0.08,0.1737809
2003-04-10,1.0803,1.5719,0.008362602441879913,0.7222302470027444,25.6,3.95,1.12,871.5800170898438,1.24,2.53335,3.64598,0.08,0.1737809
2003-04-11,1.0751,1.5713,0.008300821781356355,0.7177205196296562,24.44,4.0,1.15,868.2999877929688,1.24,2.53335,3.64598,0.08,0.1737809
2003-04-14,1.0773,1.5713,0.00831255195344971,0.7196833393306945,23.41,4.04,1.18,885.22998046875,1.24,2.53335,3.64598,0.08,0.1737809
2003-04-15,1.0801,1.5705,0.008319467554076539,0.718803910293272,22.56,3.98,1.16,890.8099975585938,1.24,2.53335,3.64598,0.08,0.1737809
2003-04-16,1.0872,1.574,0.008330556481172941,0.7254261878853826,22.52,3.96,1.15,879.9099731445312,1.24,2.53335,3.64598,0.08,0.1737809
2003-04-17,1.0907,1.5748,0.008382229673093043,0.7262164124909223,21.5,3.98,1.16,893.5800170898438,1.24,2.53335,3.64598,0.08,0.1737809
2003-04-18,1.0882,1.5733,0.00835282325425994,0.724112961622013,,,,,1.24,2.53335,3.64598,0.08,0.1737809
2003-04-21,1.0857,1.5592,0.00829531314807134,0.7193727069994965,21.95,4.0,1.16,892.010009765625,1.24,2.53335,3.64598,0.08,0.1737809
2003-04-22,1.0966,1.5768,0.00835561497326203,0.7295010213014298,20.7,4.01,1.16,911.3699951171875,1.24,2.53335,3.64598,0.08,0.1737809
2003-04-23,1.0949,1.5815,0.008310479514667997,0.726797005596337,20.8,4.02,1.15,919.02001953125,1.24,2.53335,3.64598,0.08,0.1737809
2003-04-24,1.1039,1.5971,0.008345155637152633,0.7358351729212657,20.33,3.93,1.13,911.4299926757812,1.24,2.53335,3.64598,0.08,0.1737809
2003-04-25,1.104,1.5915,0.008316008316008316,0.7346459006758742,20.8,3.91,1.12,898.8099975585938,1.24,2.53335,3.64598,0.08,0.1737809
2003-04-28,1.0999,1.5906,0.008309788931361143,0.7301935012778387,20.84,3.92,1.12,914.8400268554688,1.24,2.53335,3.64598,0.08,0.1737809
2003-04-29,1.101,1.5904,0.0083236224404861,0.7305669199298656,20.76,3.96,1.13,917.8400268554688,1.24,2.53335,3.64598,0.08,0.1737809
2003-04-30,1.118,1.6,0.008398421096833796,0.7382798080472499,21.21,3.89,1.11,916.9199829101562,1.24,2.53335,3.64598,0.08,0.1737809
2003-05-01,1.1238,1.6103,0.008434547908232119,0.7451564828614009,21.59,3.88,1.08,916.2999877929688,1.22,2.40052380952381,3.63252,0.08,0.1585085
2003-05-02,1.12,1.602,0.008396305625524769,0.7418397626112759,20.63,3.94,1.1,930.0800170898438,1.22,2.40052380952381,3.63252,0.08,0.1585085
2003-05-05,1.1271,1.606,0.008428860418071477,0.744047619047619,21.13,3.92,1.11,926.5499877929688,1.22,2.40052380952381,3.63252,0.08,0.1585085
2003-05-06,1.1354,1.614,0.008478887569950822,0.7501312729727703,20.8,3.84,1.08,934.3900146484375,1.22,2.40052380952381,3.63252,0.08,0.1585085
2003-05-07,1.134,1.593,0.008582954252853832,0.7539203860072377,21.0,3.72,1.09,929.6199951171875,1.22,2.40052380952381,3.63252,0.08,0.1585085
2003-05-08,1.1453,1.6034,0.008572653236176597,0.7591861524445794,21.24,3.7,1.07,920.27001953125,1.22,2.40052380952381,3.63252,0.08,0.1585085
2003-05-09,1.1498,1.6045,0.008532423208191127,0.7625438462711607,19.69,3.69,1.09,933.4099731445312,1.22,2.40052380952381,3.63252,0.08,0.1585085
2003-05-12,1.1557,1.6095,0.008551393877201984,0.7629510948348212,19.52,3.64,1.08,945.1099853515625,1.22,2.40052380952381,3.63252,0.08,0.1585085
2003-05-13,1.1499,1.6092,0.008579272477693892,0.7594167679222358,19.91,3.63,1.07,942.2999877929688,1.22,2.40052380952381,3.63252,0.08,0.1585085
2003-05-14,1.1498,1.6163,0.008608815426997245,0.7600516835144789,20.0,3.53,1.04,939.280029296875,1.22,2.40052380952381,3.63252,0.08,0.1585085
2003-05-15,1.1457,1.6262,0.008625150940141452,0.7603984487871646,19.24,3.53,1.04,946.6699829101562,1.22,2.40052380952381,3.63252,0.08,0.1585085
2003-05-16,1.1542,1.6241,0.00861994655633135,0.7632422530911311,18.4,3.46,1.03,944.2999877929688,1.22,2.40052380952381,3.63252,0.08,0.1585085
2003-05-19,1.1686,1.6352,0.00857780065191285,0.772499034376207,20.51,3.46,1.03,920.77001953125,1.22,2.40052380952381,3.63252,0.08,0.1585085
2003-05-20,1.1685,1.6393,0.00856384345294168,0.7727975270479134,21.29,3.38,1.02,919.72998046875,1.22,2.40052380952381,3.63252,0.08,0.1585085
2003-05-21,1.1707,1.6415,0.008530239699735563,0.7750135627373479,21.21,3.39,1.04,923.4199829101562,1.22,2.40052380952381,3.63252,0.08,0.1585085
2003-05-22,1.17,1.6346,0.008528784648187633,0.7727975270479134,19.78,3.34,1.06,931.8699951171875,1.22,2.40052380952381,3.63252,0.08,0.1585085
2003-05-23,1.1786,1.6376,0.008555051758063136,0.7733952049497294,19.17,3.34,1.06,933.219970703125,1.22,2.40052380952381,3.63252,0.08,0.1585085
2003-05-26,,,,,,,,,1.22,2.40052380952381,3.63252,0.08,0.1585085
2003-05-27,1.1853,1.64,0.008538251366120218,0.7781495603454984,19.99,3.41,1.07,951.47998046875,1.22,2.40052380952381,3.63252,0.08,0.1585085
2003-05-28,1.1742,1.635,0.0084224711530363,0.7698229407236336,20.03,3.44,1.1,953.219970703125,1.22,2.40052380952381,3.63252,0.08,0.1585085
2003-05-29,1.1835,1.6484,0.008442380751371886,0.7753140021708792,20.43,3.34,1.08,949.6400146484375,1.22,2.40052380952381,3.63252,0.08,0.1585085
2003-05-30,1.1766,1.6393,0.008368200836820083,0.7679311933650744,19.47,3.37,1.09,963.5900268554688,1.22,2.40052380952381,3.63252,0.08,0.1585085
2003-06-02,1.1744,1.6372,0.008437394532568343,0.7708317274339013,20.85,3.43,1.12,967.0,1.04,2.15185714285714,3.63966,0.09,0.15839465
2003-06-03,1.1702,1.6278,0.008384338056510439,0.7617886798202179,20.84,3.34,1.06,971.5599975585938,1.04,2.15185714285714,3.63966,0.09,0.15839465
2003-06-04,1.1708,1.6333,0.008431703204047217,0.7616726331022926,20.62,3.3,1.03,986.239990234375,1.04,2.15185714285714,3.63966,0.09,0.15839465
2003-06-05,1.187,1.6597,0.008502678343678259,0.7708317274339013,20.83,3.34,1.02,990.1400146484375,1.04,2.15185714285714,3.63966,0.09,0.15839465
2003-06-06,1.1695,1.6622,0.008415383320710259,0.7556865412227008,21.25,3.37,1.03,987.760009765625,1.04,2.15185714285714,3.63966,0.09,0.15839465
2003-06-09,1.1743,1.6452,0.008466683600033867,0.7615566217348261,22.15,3.29,1.01,975.9299926757812,1.04,2.15185714285714,3.63966,0.09,0.15839465
2003-06-10,1.1686,1.6523,0.00849762066621346,0.7580351728320195,20.64,3.2,0.95,984.8400268554688,1.04,2.15185714285714,3.63966,0.09,0.15839465
2003-06-11,1.1764,1.6675,0.00849689863199932,0.7656967840735068,20.21,3.21,0.92,997.47998046875,1.04,2.15185714285714,3.63966,0.09,0.15839465
2003-06-12,1.1767,1.6682,0.008499065102838687,0.7631257631257631,20.41,3.18,0.9,998.510009765625,1.04,2.15185714285714,3.63966,0.09,0.15839465
2003-06-13,1.183,1.6676,0.008513536523071685,0.7664597225415805,20.66,3.13,0.84,988.6099853515625,1.04,2.15185714285714,3.63966,0.09,0.15839465
2003-06-16,1.1843,1.6815,0.008489685032685287,0.7686985932815743,20.22,3.18,0.85,1010.739990234375,1.04,2.15185714285714,3.63966,0.09,0.15839465
2003-06-17,1.1812,1.684,0.008460236886632826,0.7662248103593595,20.01,3.27,0.88,1011.6599731445312,1.04,2.15185714285714,3.63966,0.09,0.15839465
2003-06-18,1.171,1.6798,0.008445945945945945,0.7572889057175313,19.76,3.37,0.87,1010.0900268554688,1.04,2.15185714285714,3.63966,0.09,0.15839465
2003-06-19,1.1678,1.674,0.008421761832575375,0.7549448890231013,19.8,3.35,0.8,994.7000122070312,1.04,2.15185714285714,3.63966,0.09,0.15839465
2003-06-20,1.1616,1.6644,0.008446659346228567,0.7524454477050414,19.14,3.4,0.81,995.6900024414062,1.04,2.15185714285714,3.63966,0.09,0.15839465
2003-06-23,1.1548,1.6682,0.008507018290089324,0.753693096171239,20.58,3.32,0.83,981.6400146484375,1.04,2.15185714285714,3.63966,0.09,0.15839465
2003-06-24,1.1498,1.6607,0.0084774499830451,0.7513148009015778,20.75,3.29,0.81,983.4500122070312,1.04,2.15185714285714,3.63966,0.09,0.15839465
2003-06-25,1.1592,1.6787,0.008507742045261188,0.75431847325941,20.81,3.38,0.9,975.3200073242188,1.04,2.15185714285714,3.63966,0.09,0.15839465
2003-06-26,1.1429,1.664,0.008380824673147838,0.7418947993174567,19.4,3.55,0.89,985.8200073242188,1.04,2.15185714285714,3.63966,0.09,0.15839465
2003-06-27,1.1423,1.6492,0.00835282325425994,0.7403020432336394,19.16,3.58,0.85,976.219970703125,1.04,2.15185714285714,3.63966,0.09,0.15839465
2003-06-30,1.1502,1.6529,0.008342370901810295,0.7396996819291367,19.52,3.54,0.89,974.5,1.04,2.15185714285714,3.63966,0.09,0.15839465
2003-07-01,1.158,1.6626,0.008371703641691083,0.7456009543692216,19.46,3.56,0.87,982.3200073242188,1.05,2.13004347826087,3.49022,0.09,0.16359952173913
2003-07-02,1.1524,1.6646,0.008429570934839417,0.742170105388155,19.03,3.56,0.85,993.75,1.05,2.13004347826087,3.49022,0.09,0.16359952173913
2003-07-03,1.1503,1.6718,0.008457374830852503,0.7426661715558857,19.39,3.67,0.85,985.7000122070312,1.05,2.13004347826087,3.49022,0.09,0.16359952173913
2003-07-04,,,,,,,,,1.05,2.13004347826087,3.49022,0.09,0.16359952173913
2003-07-07,1.1341,1.6515,0.008468834688346884,0.7309407207075506,20.06,3.74,0.9,1004.4199829101562,1.05,2.13004347826087,3.49022,0.09,0.16359952173913
2003-07-08,1.1265,1.6326,0.008433125316242199,0.726480203414457,19.48,3.75,0.9,1007.8400268554688,1.05,2.13004347826087,3.49022,0.09,0.16359952173913
2003-07-09,1.1311,1.6306,0.00848536274925753,0.7317965605561654,18.93,3.73,0.88,1002.2100219726562,1.05,2.13004347826087,3.49022,0.09,0.16359952173913
2003-07-10,1.139,1.6326,0.00849689863199932,0.7348078477478139,19.19,3.7,0.87,988.7000122070312,1.05,2.13004347826087,3.49022,0.09,0.16359952173913
2003-07-11,1.1304,1.6323,0.008488964346349746,0.728650539201399,18.47,3.66,0.87,998.1400146484375,1.05,2.13004347826087,3.49022,0.09,0.16359952173913
2003-07-14,1.1298,1.6238,0.008507742045261188,0.7287567409998542,19.59,3.74,0.89,1003.8599853515625,1.05,2.13004347826087,3.49022,0.09,0.16359952173913
2003-07-15,1.1233,1.5986,0.0085295121119072,0.7236937328122739,19.55,3.94,0.9,1000.4199829101562,1.05,2.13004347826087,3.49022,0.09,0.16359952173913
2003-07-16,1.1209,1.5952,0.008457374830852503,0.7267441860465117,19.76,3.97,0.89,994.0900268554688,1.05,2.13004347826087,3.49022,0.09,0.16359952173913
2003-07-17,1.1164,1.5893,0.008412551526878103,0.7261109497531223,20.22,3.98,0.88,981.72998046875,1.05,2.13004347826087,3.49022,0.09,0.16359952173913
2003-07-18,1.1239,1.5867,0.008445945945945945,0.731368390258173,19.11,4.0,0.89,993.3200073242188,1.05,2.13004347826087,3.49022,0.09,0.16359952173913
2003-07-21,1.1346,1.601,0.008449514152936207,0.7379529186037931,19.78,4.19,0.91,978.7999877929688,1.05,2.13004347826087,3.49022,0.09,0.16359952173913
2003-07-22,1.1325,1.5978,0.008379420144126026,0.7340527049842178,19.17,4.17,0.91,988.1099853515625,1.05,2.13004347826087,3.49022,0.09,0.16359952173913
2003-07-23,1.1484,1.609,0.008419634587858887,0.7429420505200593,18.64,4.12,0.91,988.6099853515625,1.05,2.13004347826087,3.49022,0.09,0.16359952173913
2003-07-24,1.1441,1.611,0.008385744234800839,0.7398091292446549,18.6,4.2,0.91,981.5999755859375,1.05,2.13004347826087,3.49022,0.09,0.16359952173913
2003-07-25,1.1513,1.6198,0.008416091567076251,0.7446016381236039,17.75,4.22,0.91,998.6799926757812,1.05,2.13004347826087,3.49022,0.09,0.16359952173913
2003-07-28,1.1497,1.6272,0.008373806732540613,0.7431629013079668,18.36,4.31,0.95,996.52001953125,1.05,2.13004347826087,3.49022,0.09,0.16359952173913
2003-07-29,1.1466,1.6225,0.008348639171814994,0.7409053863821591,18.67,4.42,0.97,989.280029296875,1.05,2.13004347826087,3.49022,0.09,0.16359952173913
2003-07-30,1.1367,1.6167,0.00829531314807134,0.7330303474563846,18.85,4.34,0.96,987.489990234375,1.05,2.13004347826087,3.49022,0.09,0.16359952173913
2003-07-31,1.1231,1.609,0.008304268393954492,0.7280139778683751,19.49,4.49,0.94,990.3099975585938,1.05,2.13004347826087,3.49022,0.09,0.16359952173913
2003-08-01,1.1252,1.6045,0.008333333333333333,0.7316359379572724,20.75,4.44,0.93,980.1500244140625,1.08,2.14042857142857,3.52249,0.09,0.1508667
2003-08-04,1.1337,1.608,0.008300821781356355,0.7404664938911514,21.27,4.35,0.95,982.8200073242188,1.08,2.14042857142857,3.52249,0.09,0.1508667
2003-08-05,1.1349,1.6085,0.008336807002917883,0.7396449704142012,22.68,4.47,0.94,965.4600219726562,1.08,2.14042857142857,3.52249,0.09,0.1508667
2003-08-06,1.1357,1.6081,0.008310479514667997,0.7412348973389667,21.5,4.32,0.93,967.0800170898438,1.08,2.14042857142857,3.52249,0.09,0.1508667
2003-08-07,1.139,1.617,0.008409721638213775,0.7421150278293136,20.26,4.3,0.93,974.1199951171875,1.08,2.14042857142857,3.52249,0.09,0.1508667
2003-08-08,1.1321,1.608,0.008401949252226516,0.7367567965814484,19.59,4.27,0.94,977.5900268554688,1.08,2.14042857142857,3.52249,0.09,0.1508667
2003-08-11,1.1349,1.6068,0.00844880027036161,0.7358351729212657,19.75,4.38,0.94,980.5900268554688,1.08,2.14042857142857,3.52249,0.09,0.1508667
2003-08-12,1.1304,1.6028,0.00843668269636379,0.7320644216691068,17.94,4.37,0.93,990.3499755859375,1.08,2.14042857142857,3.52249,0.09,0.1508667
2003-08-13,1.1317,1.6082,0.008398421096833796,0.7320644216691068,18.77,4.58,0.94,984.030029296875,1.08,2.14042857142857,3.52249,0.09,0.1508667
2003-08-14,1.1249,1.6,0.008393486654356219,0.7290223809870964,18.47,4.55,0.94,990.510009765625,1.08,2.14042857142857,3.52249,0.09,0.1508667
2003-08-15,1.1255,1.5958,0.008386447500838645,0.728650539201399,18.27,4.55,0.93,990.6699829101562,1.08,2.14042857142857,3.52249,0.09,0.1508667
2003-08-18,1.1138,1.5891,0.008373105584861425,0.7179781734635267,18.18,4.49,0.94,999.739990234375,1.08,2.14042857142857,3.52249,0.09,0.1508667
2003-08-19,1.1117,1.5872,0.008385041086701324,0.7182876023559833,17.86,4.38,0.94,1002.3499755859375,1.08,2.14042857142857,3.52249,0.09,0.1508667
2003-08-20,1.1104,1.5922,0.008458090163241139,0.7192174913693901,17.82,4.45,0.94,1000.2999877929688,1.08,2.14042857142857,3.52249,0.09,0.1508667
2003-08-21,1.0976,1.5845,0.008504847763225038,0.7113387395077536,17.84,4.53,0.95,1003.27001953125,1.08,2.14042857142857,3.52249,0.09,0.1508667
2003-08-22,1.0871,1.5755,0.008504847763225038,0.7051688879486637,18.55,4.48,0.96,993.0599975585938,1.08,2.14042857142857,3.52249,0.09,0.1508667
2003-08-25,1.0892,1.5728,0.008515711487694796,0.7071635669330316,19.53,4.53,1.0,993.7100219726562,1.08,2.14042857142857,3.52249,0.09,0.1508667
2003-08-26,1.0893,1.5732,0.008511362669163334,0.7097232079488999,19.49,4.5,0.99,996.72998046875,1.08,2.14042857142857,3.52249,0.09,0.1508667
2003-08-27,1.0906,1.5746,0.008493290300662476,0.7092701610043266,19.13,4.54,0.98,996.7899780273438,1.08,2.14042857142857,3.52249,0.09,0.1508667
2003-08-28,1.0896,1.577,0.0085149863760218,0.7079646017699115,18.48,4.42,0.97,1002.8400268554688,1.08,2.14042857142857,3.52249,0.09,0.1508667
2003-08-29,1.0986,1.5773,0.008568246080027419,0.7140307033202428,18.63,4.45,0.96,1008.010009765625,1.08,2.14042857142857,3.52249,0.09,0.1508667
2003-09-01,,,,,,,,,1.08,2.14731818181818,3.6967,0.09,0.138722590909091
2003-09-02,1.0872,1.574,0.008609556607834697,0.7079646017699115,19.02,4.61,0.96,1021.989990234375,1.08,2.14731818181818,3.6967,0.09,0.138722590909091
2003-09-03,1.0845,1.5732,0.008617718028266115,0.7075638576381519,19.44,4.6,0.95,1026.27001953125,1.08,2.14731818181818,3.6967,0.09,0.138722590909091
2003-09-04,1.0899,1.5785,0.00856384345294168,0.7079646017699115,18.71,4.52,0.95,1027.969970703125,1.08,2.14731818181818,3.6967,0.09,0.138722590909091
2003-09-05,1.1073,1.5891,0.008542627712284298,0.7199424046076314,18.17,4.35,0.94,1021.3900146484375,1.08,2.14731818181818,3.6967,0.09,0.138722590909091
2003-09-08,1.1124,1.5858,0.008585164835164834,0.7224389539083947,18.26,4.41,0.95,1031.6400146484375,1.08,2.14731818181818,3.6967,0.09,0.138722590909091
2003-09-09,1.119,1.5909,0.008596234849136079,0.7233273056057866,18.85,4.37,0.94,1023.1699829101562,1.08,2.14731818181818,3.6967,0.09,0.138722590909091
2003-09-10,1.1195,1.5897,0.00853752241099633,0.7207207207207208,20.01,4.28,0.94,1010.9199829101562,1.08,2.14731818181818,3.6967,0.09,0.138722590909091
2003-09-11,1.1186,1.5937,0.008541898009737764,0.7212405337179949,19.25,4.35,0.94,1016.4199829101562,1.08,2.14731818181818,3.6967,0.09,0.138722590909091
2003-09-12,1.1307,1.6062,0.008519338899301414,0.7265329845975007,18.68,4.27,0.94,1018.6300048828125,1.08,2.14731818181818,3.6967,0.09,0.138722590909091
2003-09-15,1.1304,1.6018,0.008517162081594414,0.725689404934688,19.28,4.28,0.94,1014.8099975585938,1.08,2.14731818181818,3.6967,0.09,0.138722590909091
2003-09-16,1.1166,1.5871,0.008600670852326481,0.7173086579155011,18.03,4.29,0.91,1029.3199462890625,1.08,2.14731818181818,3.6967,0.09,0.138722590909091
2003-09-17,1.1239,1.6044,0.008621432882145013,0.723222680263253,18.15,4.2,0.93,1025.969970703125,1.08,2.14731818181818,3.6967,0.09,0.138722590909091
2003-09-18,1.124,1.6155,0.008675284115554785,0.7223867658744492,17.57,4.19,0.94,1039.5799560546875,1.08,2.14731818181818,3.6967,0.09,0.138722590909091
2003-09-19,1.1346,1.6315,0.008772699359592948,0.7293946024799417,17.54,4.17,0.93,1036.300048828125,1.08,2.14731818181818,3.6967,0.09,0.138722590909091
2003-09-22,1.1468,1.6472,0.008932559178204555,0.7381163271331562,19.65,4.26,0.94,1022.8200073242188,1.08,2.14731818181818,3.6967,0.09,0.138722590909091
2003-09-23,1.1487,1.656,0.008956560680698611,0.7389890629618682,19.47,4.24,0.92,1029.030029296875,1.08,2.14731818181818,3.6967,0.09,0.138722590909091
2003-09-24,1.1472,1.6558,0.008952551477170993,0.7381708127260648,21.22,4.16,0.93,1009.3800048828125,1.08,2.14731818181818,3.6967,0.09,0.138722590909091
2003-09-25,1.1484,1.6587,0.008939746111210442,0.7427764985515858,22.26,4.12,0.92,1003.27001953125,1.08,2.14731818181818,3.6967,0.09,0.138722590909091
2003-09-26,1.1482,1.6597,0.008944543828264758,0.744047619047619,22.23,4.04,0.92,996.8499755859375,1.08,2.14731818181818,3.6967,0.09,0.138722590909091
2003-09-29,1.1578,1.6642,0.009003331232556045,0.7512019230769231,21.67,4.09,0.95,1006.5800170898438,1.08,2.14731818181818,3.6967,0.09,0.138722590909091
2003-09-30,1.165,1.662,0.008974243919949743,0.7571168988491823,22.72,3.96,0.93,995.969970703125,1.08,2.14731818181818,3.6967,0.09,0.138722590909091
2003-10-01,1.1708,1.6667,0.009040773890245005,0.76057195010648,21.07,3.96,0.93,1018.219970703125,1.1,2.1435652173913,3.80338,0.09,0.129131043478261
2003-10-02,1.1717,1.675,0.009042408897730355,0.76103500761035,20.8,4.03,0.92,1020.239990234375,1.1,2.1435652173913,3.80338,0.09,0.129131043478261
2003-10-03,1.1596,1.663,0.009017132551848512,0.7488953793155096,19.5,4.21,0.92,1029.8499755859375,1.1,2.1435652173913,3.80338,0.09,0.129131043478261
2003-10-06,1.1706,1.6742,0.00902445627650934,0.7567158531971245,19.51,4.17,0.92,1034.3499755859375,1.1,2.1435652173913,3.80338,0.09,0.129131043478261
2003-10-07,1.1784,1.6628,0.009106638739641197,0.76103500761035,19.41,4.27,0.9,1039.25,1.1,2.1435652173913,3.80338,0.09,0.129131043478261
2003-10-08,1.1805,1.6598,0.009128251939753538,0.7617886798202179,19.18,4.27,0.89,1033.780029296875,1.1,2.1435652173913,3.80338,0.09,0.129131043478261
2003-10-09,1.1695,1.6609,0.009145783793671118,0.7553440592189742,18.82,4.32,0.89,1038.72998046875,1.1,2.1435652173913,3.80338,0.09,0.129131043478261
2003-10-10,1.1812,1.6654,0.00921064750851985,0.762660158633313,18.45,4.29,0.9,1038.06005859375,1.1,2.1435652173913,3.80338,0.09,0.129131043478261
2003-10-13,,,,,17.55,,,1045.3499755859375,1.1,2.1435652173913,3.80338,0.09,0.129131043478261
2003-10-14,1.1724,1.6737,0.009149967975112087,0.7575757575757576,17.37,4.37,0.91,1049.47998046875,1.1,2.1435652173913,3.80338,0.09,0.129131043478261
2003-10-15,1.1652,1.6698,0.009127418765972983,0.7527286413248024,17.69,4.43,0.91,1046.760009765625,1.1,2.1435652173913,3.80338,0.09,0.129131043478261
2003-10-16,1.1665,1.676,0.009144111192392099,0.7531254707034192,17.19,4.47,0.91,1050.0699462890625,1.1,2.1435652173913,3.80338,0.09,0.129131043478261
2003-10-17,1.163,1.6721,0.009126585744273068,0.749232037161909,17.62,4.41,0.91,1039.3199462890625,1.1,2.1435652173913,3.80338,0.09,0.129131043478261
2003-10-20,1.1671,1.6749,0.009072763563781528,0.7517101405697962,17.04,4.41,0.93,1044.6800537109375,1.1,2.1435652173913,3.80338,0.09,0.129131043478261
2003-10-21,1.1676,1.6746,0.009116601331023794,0.7521058965102287,16.55,4.38,0.91,1046.030029296875,1.1,2.1435652173913,3.80338,0.09,0.129131043478261
2003-10-22,1.1805,1.6935,0.009178522257916474,0.7609191903819814,17.67,4.29,0.94,1030.3599853515625,1.1,2.1435652173913,3.80338,0.09,0.129131043478261
2003-10-23,1.1795,1.6943,0.009124920156948626,0.7619628162145687,17.68,4.34,0.94,1033.77001953125,1.1,2.1435652173913,3.80338,0.09,0.129131043478261
2003-10-24,1.1833,1.6972,0.009154994049253868,0.7652865998316369,17.71,4.24,0.93,1028.9100341796875,1.1,2.1435652173913,3.80338,0.09,0.129131043478261
2003-10-27,1.1762,1.6952,0.009226794611551948,0.7599361653621095,18.05,4.3,0.96,1031.1300048828125,1.1,2.1435652173913,3.80338,0.09,0.129131043478261
2003-10-28,1.1689,1.6956,0.009231053263177328,0.7526153383005946,16.82,4.23,0.94,1046.7900390625,1.1,2.1435652173913,3.80338,0.09,0.129131043478261
2003-10-29,1.1673,1.6988,0.009243852837862821,0.7522756337922215,16.43,4.31,0.94,1048.1099853515625,1.1,2.1435652173913,3.80338,0.09,0.129131043478261
2003-10-30,1.1694,1.7025,0.009236168837166344,0.7547169811320755,16.33,4.36,0.94,1046.93994140625,1.1,2.1435652173913,3.80338,0.09,0.129131043478261
2003-10-31,1.1609,1.6956,0.009082652134423252,0.7472724555372888,16.1,4.33,0.94,1050.7099609375,1.1,2.1435652173913,3.80338,0.09,0.129131043478261
2003-11-03,1.1454,1.6786,0.008992805755395683,0.7349158521349305,16.55,4.4,0.94,1059.02001953125,1.11,2.15905,3.98043,0.08,0.14283225
2003-11-04,1.1497,1.6802,0.009124087591240877,0.7356727727506805,16.55,4.33,0.93,1053.25,1.11,2.15905,3.98043,0.08,0.14283225
2003-11-05,1.1473,1.678,0.00909835319807115,0.7324397568300007,16.86,4.38,0.94,1051.81005859375,1.11,2.15905,3.98043,0.08,0.14283225
2003-11-06,1.1417,1.6693,0.009078529278256921,0.7279609812914029,16.74,4.45,0.94,1058.050048828125,1.11,2.15905,3.98043,0.08,0.14283225
2003-11-07,1.1505,1.6708,0.009149967975112087,0.7334066740007334,16.93,4.48,0.94,1053.2099609375,1.11,2.15905,3.98043,0.08,0.14283225
2003-11-10,1.1515,1.6737,0.009260974254491572,0.7319572536963841,17.62,4.49,0.95,1047.1099853515625,1.11,2.15905,3.98043,0.08,0.14283225
2003-11-11,,,,,17.54,,,1046.5699462890625,1.11,2.15905,3.98043,0.08,0.14283225
2003-11-12,1.1647,1.677,0.00921234454168586,0.7422251911229868,16.75,4.44,0.93,1058.530029296875,1.11,2.15905,3.98043,0.08,0.14283225
2003-11-13,1.1711,1.688,0.009231053263177328,0.74487895716946,16.47,4.3,0.92,1058.4100341796875,1.11,2.15905,3.98043,0.08,0.14283225
2003-11-14,1.1743,1.6841,0.009222539887485013,0.7500187504687618,16.94,4.22,0.93,1050.3499755859375,1.11,2.15905,3.98043,0.08,0.14283225
2003-11-17,1.1744,1.6885,0.009175995595522114,0.7550018875047187,18.6,4.18,0.94,1043.6300048828125,1.11,2.15905,3.98043,0.08,0.14283225
2003-11-18,1.1893,1.6998,0.009249838127832763,0.7659900421294522,19.11,4.17,0.94,1034.1500244140625,1.11,2.15905,3.98043,0.08,0.14283225
2003-11-19,1.1909,1.6982,0.009169264624977077,0.7673419275629221,18.8,4.24,0.93,1042.43994140625,1.11,2.15905,3.98043,0.08,0.14283225
2003-11-20,1.1895,1.7024,0.009175153683824204,0.7680491551459293,19.48,4.16,0.93,1033.6500244140625,1.11,2.15905,3.98043,0.08,0.14283225
2003-11-21,1.1913,1.7025,0.009185266832001469,0.7701193685021178,18.98,4.15,0.92,1035.280029296875,1.11,2.15905,3.98043,0.08,0.14283225
2003-11-24,1.1768,1.695,0.009141603437242893,0.7576905591756327,17.44,4.23,0.94,1052.0799560546875,1.11,2.15905,3.98043,0.08,0.14283225
2003-11-25,1.1785,1.6983,0.00911410864017499,0.7591861524445794,16.71,4.19,0.93,1053.8900146484375,1.11,2.15905,3.98043,0.08,0.14283225
2003-11-26,1.1918,1.709,0.009165062780680048,0.7698229407236336,16.23,4.25,0.92,1058.449951171875,1.11,2.15905,3.98043,0.08,0.14283225
2003-11-27,,,,,,,,,1.11,2.15905,3.98043,0.08,0.14283225
2003-11-28,1.1995,1.7219,0.009129918743723181,0.7741735697143299,16.32,4.34,0.91,1058.199951171875,1.11,2.15905,3.98043,0.08,0.14283225
2003-12-01,1.1956,1.7209,0.009123255177447314,0.7690532953933708,16.77,4.4,0.93,1070.1199951171875,1.1,2.14633333333333,4.01864,0.1,0.136828571428571
2003-12-02,1.2084,1.7291,0.009189487226612756,0.7766990291262136,16.27,4.38,0.92,1066.6199951171875,1.1,2.14633333333333,4.01864,0.1,0.136828571428571
2003-12-03,1.2093,1.7248,0.00924470740501063,0.7759155803848542,16.63,4.41,0.92,1064.72998046875,1.1,2.14633333333333,4.01864,0.1,0.136828571428571
2003-12-04,1.2077,1.72,0.009242998428690268,0.7748334108166745,16.3,4.38,0.91,1069.719970703125,1.1,2.14633333333333,4.01864,0.1,0.136828571428571
2003-12-05,1.2157,1.727,0.009278159213212098,0.7840062720501764,17.09,4.23,0.9,1061.5,1.1,2.14633333333333,4.01864,0.1,0.136828571428571
2003-12-08,1.2217,1.7334,0.009325748391308402,0.7897022822395957,16.54,4.29,0.91,1069.300048828125,1.1,2.14633333333333,4.01864,0.1,0.136828571428571
2003-12-09,1.2229,1.743,0.009319664492078286,0.7896399241945673,17.63,4.32,0.91,1060.1800537109375,1.1,2.14633333333333,4.01864,0.1,0.136828571428571
2003-12-10,1.2215,1.7446,0.00922509225092251,0.790076637433831,17.87,4.3,0.91,1059.050048828125,1.1,2.14633333333333,4.01864,0.1,0.136828571428571
2003-12-11,1.2164,1.7445,0.009239582370876836,0.7838219156607619,16.73,4.27,0.88,1071.2099609375,1.1,2.14633333333333,4.01864,0.1,0.136828571428571
2003-12-12,1.2284,1.7466,0.0092824654228163,0.7918910357934749,16.41,4.26,0.89,1074.1400146484375,1.1,2.14633333333333,4.01864,0.1,0.136828571428571
2003-12-15,1.229,1.745,0.009300595238095238,0.7914523149980214,17.23,4.28,0.89,1068.0400390625,1.1,2.14633333333333,4.01864,0.1,0.136828571428571
2003-12-16,1.2328,1.751,0.00929368029739777,0.7939658594680429,15.93,4.24,0.89,1075.1300048828125,1.1,2.14633333333333,4.01864,0.1,0.136828571428571
2003-12-17,1.2381,1.7615,0.00930925339787749,0.7966223213574444,15.58,4.19,0.88,1076.47998046875,1.1,2.14633333333333,4.01864,0.1,0.136828571428571
2003-12-18,1.2376,1.7673,0.009266123054114159,0.7964954201513341,16.16,4.16,0.87,1089.1800537109375,1.1,2.14633333333333,4.01864,0.1,0.136828571428571
2003-12-19,1.238,1.7675,0.009264406151565685,0.7958615200955034,16.42,4.15,0.86,1088.6600341796875,1.1,2.14633333333333,4.01864,0.1,0.136828571428571
2003-12-22,1.2415,1.7635,0.009310986964618248,0.7974481658692185,16.94,4.18,0.89,1092.93994140625,1.1,2.14633333333333,4.01864,0.1,0.136828571428571
2003-12-23,1.2406,1.765,0.009307520476545048,0.7947230390209012,16.49,4.28,0.88,1096.02001953125,1.1,2.14633333333333,4.01864,0.1,0.136828571428571
2003-12-24,1.2464,1.7748,0.009320533134495292,0.802181934862827,16.66,4.2,0.88,1094.0400390625,1.1,2.14633333333333,4.01864,0.1,0.136828571428571
2003-12-25,,,,,,,,,1.1,2.14633333333333,4.01864,0.1,0.136828571428571
2003-12-26,1.2441,1.7725,0.009330098899048329,0.7985307035055498,17.45,4.17,0.85,1095.8900146484375,1.1,2.14633333333333,4.01864,0.1,0.136828571428571
2003-12-29,1.2485,1.7705,0.009351912466099318,0.8004482510205715,17.09,4.24,0.89,1109.47998046875,1.1,2.14633333333333,4.01864,0.1,0.136828571428571
2003-12-30,1.2521,1.7786,0.009345794392523364,0.8030838419530999,17.68,4.29,0.92,1109.6400146484375,1.1,2.14633333333333,4.01864,0.1,0.136828571428571
2003-12-31,1.2597,1.7842,0.009334453467749464,0.8077544426494346,18.31,4.27,0.93,1111.9200439453125,1.1,2.14633333333333,4.01864,0.1,0.136828571428571
2004-01-01,,,,,,,,,1.06,2.08947619047619,4.05531,0.09,0.1284939
2004-01-02,1.2592,1.7902,0.009350163627863487,0.8071025020177562,18.22,4.38,0.91,1108.47998046875,1.06,2.08947619047619,4.05531,0.09,0.1284939
2004-01-05,1.2679,1.8085,0.009425070688030161,0.8115565654926149,17.49,4.41,0.9,1122.219970703125,1.06,2.08947619047619,4.05531,0.09,0.1284939
2004-01-06,1.2773,1.8245,0.009416195856873822,0.8148631029986961,16.73,4.29,0.9,1123.6700439453125,1.06,2.08947619047619,4.05531,0.09,0.1284939
2004-01-07,1.2665,1.8193,0.009417082587814296,0.8074283407347599,15.5,4.27,0.89,1126.3299560546875,1.06,2.08947619047619,4.05531,0.09,0.1284939
2004-01-08,1.2772,1.8338,0.00941885655081473,0.8161266628580756,15.61,4.27,0.86,1131.9200439453125,1.06,2.08947619047619,4.05531,0.09,0.1284939
2004-01-09,1.2853,1.8472,0.009386146048432513,0.8203445447087776,16.75,4.11,0.85,1121.8599853515625,1.06,2.08947619047619,4.05531,0.09,0.1284939
2004-01-12,1.2802,1.8511,0.009391435011269721,0.8179959100204499,16.82,4.11,0.88,1127.22998046875,1.06,2.08947619047619,4.05531,0.09,0.1284939
2004-01-13,1.2735,1.8432,0.009411764705882352,0.8155276463872125,18.04,4.05,0.87,1121.219970703125,1.06,2.08947619047619,4.05531,0.09,0.1284939
2004-01-14,1.2726,1.8409,0.009428625306430322,0.8151287903488752,16.75,4.01,0.86,1130.52001953125,1.06,2.08947619047619,4.05531,0.09,0.1284939
2004-01-15,1.2588,1.8205,0.009425070688030161,0.8050233456770246,15.56,3.99,0.86,1132.050048828125,1.06,2.08947619047619,4.05531,0.09,0.1284939
2004-01-16,1.2395,1.7996,0.009357162908206231,0.7899518129394106,15.0,4.04,0.87,1139.8299560546875,1.06,2.08947619047619,4.05531,0.09,0.1284939
2004-01-19,,,,,,,,,1.06,2.08947619047619,4.05531,0.09,0.1284939
2004-01-20,1.2584,1.8187,0.009330969487729775,0.8020532563362208,15.21,4.08,0.88,1138.77001953125,1.06,2.08947619047619,4.05531,0.09,0.1284939
2004-01-21,1.2617,1.8295,0.009359790340696368,0.8047642040882022,14.34,4.05,0.87,1147.6199951171875,1.06,2.08947619047619,4.05531,0.09,0.1284939
2004-01-22,1.2717,1.8446,0.00942684766214178,0.8105041335710812,14.71,3.99,0.86,1143.93994140625,1.06,2.08947619047619,4.05531,0.09,0.1284939
2004-01-23,1.261,1.8203,0.009415309292910273,0.8045052292839903,14.84,4.09,0.88,1141.550048828125,1.06,2.08947619047619,4.05531,0.09,0.1284939
2004-01-26,1.2552,1.82,0.009420631182289214,0.8010253123998718,14.55,4.16,0.89,1155.3699951171875,1.06,2.08947619047619,4.05531,0.09,0.1284939
2004-01-27,1.2643,1.8277,0.009473285335354301,0.8071676487206394,15.35,4.11,0.89,1144.050048828125,1.06,2.08947619047619,4.05531,0.09,0.1284939
2004-01-28,1.262,1.837,0.009476876421531463,0.8045052292839903,16.78,4.22,0.92,1128.47998046875,1.06,2.08947619047619,4.05531,0.09,0.1284939
2004-01-29,1.2389,1.8112,0.009425959091337543,0.7923302432453847,17.14,4.22,0.92,1134.1099853515625,1.06,2.08947619047619,4.05531,0.09,0.1284939
2004-01-30,1.2452,1.8215,0.00944822373393802,0.7940919558484872,16.63,4.16,0.9,1131.1300048828125,1.06,2.08947619047619,4.05531,0.09,0.1284939
2004-02-02,1.2426,1.8182,0.00947059380623165,0.7918910357934749,17.11,4.18,0.93,1135.260009765625,1.05,2.07055,4.16654,0.09,0.14803445
2004-02-03,1.2561,1.838,0.009491268033409264,0.8014104824491104,17.34,4.13,0.92,1136.030029296875,1.05,2.07055,4.16654,0.09,0.14803445
2004-02-04,1.2552,1.8335,0.00947597839476926,0.8001920460910619,17.87,4.15,0.92,1126.52001953125,1.05,2.07055,4.16654,0.09,0.14803445
2004-02-05,1.2606,1.8378,0.009476876421531463,0.8036647110825363,17.71,4.2,0.92,1128.5899658203125,1.05,2.07055,4.16654,0.09,0.14803445
2004-02-06,1.2694,1.8459,0.00947238798901203,0.8101758081503687,16.0,4.12,0.91,1142.760009765625,1.05,2.07055,4.16654,0.09,0.14803445
2004-02-09,1.2672,1.858,0.009462528387585161,0.8082114281095935,16.39,4.09,0.93,1139.81005859375,1.05,2.07055,4.16654,0.09,0.14803445
2004-02-10,1.2727,1.8697,0.009474182851729039,0.8109642364771713,15.94,4.13,0.93,1145.5400390625,1.05,2.07055,4.16654,0.09,0.14803445
2004-02-11,1.2815,1.885,0.009490367277213628,0.8134710811030668,15.39,4.05,0.91,1157.760009765625,1.05,2.07055,4.16654,0.09,0.14803445
2004-02-12,1.2807,1.891,0.00948586605957124,0.8126777732629014,15.31,4.1,0.91,1152.1099853515625,1.05,2.07055,4.16654,0.09,0.14803445
2004-02-13,1.2751,1.883,0.00946969696969697,0.8082767539605561,15.58,4.05,0.9,1145.81005859375,1.05,2.07055,4.16654,0.09,0.14803445
2004-02-16,,,,,,,,,1.05,2.07055,4.16654,0.09,0.14803445
2004-02-17,1.2848,1.9045,0.00945179584120983,0.8150623522699486,15.4,4.05,0.93,1156.989990234375,1.05,2.07055,4.16654,0.09,0.14803445
2004-02-18,1.2812,1.9023,0.00940114693992667,0.8130742336775347,15.59,4.05,0.92,1151.8199462890625,1.05,2.07055,4.16654,0.09,0.14803445
2004-02-19,1.2685,1.8921,0.009337940050424876,0.8047642040882022,15.8,4.05,0.92,1147.06005859375,1.05,2.07055,4.16654,0.09,0.14803445
2004-02-20,1.2563,1.8668,0.009188642837452908,0.7954183900731784,16.04,4.1,0.92,1144.1099853515625,1.05,2.07055,4.16654,0.09,0.14803445
2004-02-23,1.2569,1.8686,0.009240436148586214,0.7964954201513341,16.29,4.05,0.95,1140.989990234375,1.05,2.07055,4.16654,0.09,0.14803445
2004-02-24,1.2692,1.8901,0.009249838127832763,0.8063865817272801,15.9,4.04,0.95,1139.0899658203125,1.05,2.07055,4.16654,0.09,0.14803445
2004-02-25,1.2503,1.8757,0.009175153683824204,0.7944704854214666,14.93,4.02,0.94,1143.6700439453125,1.05,2.07055,4.16654,0.09,0.14803445
2004-02-26,1.2444,1.8609,0.009124920156948626,0.78976465013426,14.83,4.05,0.94,1144.9100341796875,1.05,2.07055,4.16654,0.09,0.14803445
2004-02-27,1.2441,1.8575,0.009152480322167308,0.7886435331230284,14.55,3.99,0.94,1144.93994140625,1.05,2.07055,4.16654,0.09,0.14803445
2004-03-01,1.2431,1.868,0.009180207472688882,0.7872156183578682,14.44,4.0,0.95,1155.969970703125,1.05,2.02882608695652,4.29673,0.08,0.158294043478261
2004-03-02,1.2212,1.8386,0.009068649678062937,0.7714263673532361,14.86,4.05,0.95,1149.0999755859375,1.05,2.02882608695652,4.29673,0.08,0.158294043478261
2004-03-03,1.2088,1.8192,0.009070294784580499,0.7669888019634913,14.55,4.07,0.95,1151.030029296875,1.05,2.02882608695652,4.29673,0.08,0.158294043478261
2004-03-04,1.2225,1.825,0.009030160736861116,0.7750736319950395,14.4,4.04,0.94,1154.8699951171875,1.05,2.02882608695652,4.29673,0.08,0.158294043478261
2004-03-05,1.2401,1.8428,0.008975049362771496,0.7857928650007858,14.48,3.85,0.93,1156.8599853515625,1.05,2.02882608695652,4.29673,0.08,0.158294043478261
2004-03-08,1.2371,1.8471,0.008919015340706386,0.781983109164842,15.79,3.78,0.95,1147.199951171875,1.05,2.02882608695652,4.29673,0.08,0.158294043478261
2004-03-09,1.2428,1.8395,0.008992805755395683,0.7869678130164477,16.6,3.73,0.94,1140.5799560546875,1.05,2.02882608695652,4.29673,0.08,0.158294043478261
2004-03-10,1.2226,1.8,0.009005763688760807,0.7751937984496123,18.67,3.74,0.94,1123.8900146484375,1.05,2.02882608695652,4.29673,0.08,0.158294043478261
2004-03-11,1.2268,1.8008,0.009017945711966813,0.7822277847309137,20.67,3.74,0.95,1106.780029296875,1.05,2.02882608695652,4.29673,0.08,0.158294043478261
2004-03-12,1.2191,1.7943,0.009023641941887747,0.777302759424796,18.3,3.78,0.94,1120.5699462890625,1.05,2.02882608695652,4.29673,0.08,0.158294043478261
2004-03-15,1.2243,1.7993,0.009051412020275162,0.7821666014861166,21.13,3.78,0.95,1104.489990234375,1.05,2.02882608695652,4.29673,0.08,0.158294043478261
2004-03-16,1.227,1.8105,0.009178522257916474,0.78125,20.34,3.7,0.94,1110.699951171875,1.05,2.02882608695652,4.29673,0.08,0.158294043478261
2004-03-17,1.2197,1.8132,0.009243852837862821,0.779058896852602,18.11,3.71,0.92,1123.75,1.05,2.02882608695652,4.29673,0.08,0.158294043478261
2004-03-18,1.2392,1.8363,0.009380863039399626,0.7954183900731784,18.53,3.76,0.92,1122.3199462890625,1.05,2.02882608695652,4.29673,0.08,0.158294043478261
2004-03-19,1.2269,1.827,0.009348415443582312,0.7867820613690009,19.15,3.8,0.92,1109.780029296875,1.05,2.02882608695652,4.29673,0.08,0.158294043478261
2004-03-22,1.2368,1.8485,0.009359790340696368,0.7961783439490446,21.58,3.74,0.94,1095.4000244140625,1.05,2.02882608695652,4.29673,0.08,0.158294043478261
2004-03-23,1.2311,1.8502,0.00937822376441902,0.7934618741569468,20.67,3.73,0.93,1093.949951171875,1.05,2.02882608695652,4.29673,0.08,0.158294043478261
2004-03-24,1.2213,1.8351,0.009413536665725312,0.7886435331230284,19.81,3.73,0.92,1091.3299560546875,1.05,2.02882608695652,4.29673,0.08,0.158294043478261
2004-03-25,1.217,1.8099,0.009428625306430322,0.7843137254901962,17.88,3.75,0.92,1109.18994140625,1.05,2.02882608695652,4.29673,0.08,0.158294043478261
2004-03-26,1.2092,1.8104,0.009440196356084205,0.7765180928715639,17.33,3.85,0.93,1108.06005859375,1.05,2.02882608695652,4.29673,0.08,0.158294043478261
2004-03-29,1.2141,1.8163,0.009476876421531463,0.7768800497203232,16.5,3.91,0.95,1122.469970703125,1.05,2.02882608695652,4.29673,0.08,0.158294043478261
2004-03-30,1.2202,1.8283,0.00946880030300161,0.7818608287724785,16.28,3.91,0.94,1127.0,1.05,2.02882608695652,4.29673,0.08,0.158294043478261
2004-03-31,1.2292,1.84,0.00959877135726627,0.7888301648655044,16.74,3.86,0.93,1126.2099609375,1.05,2.02882608695652,4.29673,0.08,0.158294043478261
2004-04-01,1.2358,1.8564,0.009643201542912247,0.7919537499010059,16.65,3.91,0.92,1132.1700439453125,1.08,2.04875,4.39472,0.08,0.18674945
2004-04-02,1.2109,1.8293,0.009564801530368245,0.7732755954222086,15.64,4.15,0.93,1141.81005859375,1.08,2.04875,4.39472,0.08,0.18674945
2004-04-05,1.2008,1.814,0.009491268033409264,0.766342248448157,14.97,4.24,0.93,1150.5699462890625,1.08,2.04875,4.39472,0.08,0.18674945
2004-04-06,1.2089,1.8374,0.009442870632672332,0.7735148514851485,15.32,4.19,0.92,1148.1600341796875,1.08,2.04875,4.39472,0.08,0.18674945
2004-04-07,1.2171,1.841,0.009505703422053232,0.783146683373796,15.76,4.19,0.93,1140.530029296875,1.08,2.04875,4.39472,0.08,0.18674945
2004-04-08,1.2088,1.8325,0.009425070688030161,0.7794839816041781,16.26,4.21,0.92,1139.3199462890625,1.08,2.04875,4.39472,0.08,0.18674945
2004-04-09,1.2102,1.8322,0.009394081728511038,0.7800920508620017,,,,,1.08,2.04875,4.39472,0.08,0.18674945
2004-04-12,1.2068,1.8358,0.009478672985781991,0.778816199376947,15.28,4.25,0.93,1145.199951171875,1.08,2.04875,4.39472,0.08,0.18674945
2004-04-13,1.1923,1.816,0.009349289454001496,0.7677543186180422,17.26,4.35,0.93,1129.43994140625,1.08,2.04875,4.39472,0.08,0.18674945
2004-04-14,1.194,1.7902,0.009214042200313277,0.769704433497537,15.62,4.4,0.94,1128.1700439453125,1.08,2.04875,4.39472,0.08,0.18674945
2004-04-15,1.1914,1.7785,0.009209799226376865,0.7671064743786437,15.74,4.42,0.93,1128.8399658203125,1.08,2.04875,4.39472,0.08,0.18674945
2004-04-16,1.2025,1.8004,0.009285913269570062,0.7744733581164809,14.94,4.37,0.92,1134.6099853515625,1.08,2.04875,4.39472,0.08,0.18674945
2004-04-19,1.2019,1.8055,0.009216589861751152,0.7747133560582585,15.42,4.39,0.95,1135.8199462890625,1.08,2.04875,4.39472,0.08,0.18674945
2004-04-20,1.191,1.7914,0.009222539887485013,0.764525993883792,16.67,4.43,0.96,1118.1500244140625,1.08,2.04875,4.39472,0.08,0.18674945
2004-04-21,1.1853,1.772,0.009128251939753538,0.7621951219512195,15.6,4.45,0.98,1124.0899658203125,1.08,2.04875,4.39472,0.08,0.18674945
2004-04-22,1.1861,1.7684,0.00910332271279017,0.761266747868453,14.61,4.4,0.95,1139.9300537109375,1.08,2.04875,4.39472,0.08,0.18674945
2004-04-23,1.1802,1.7674,0.009142439202779302,0.7574609907589759,14.01,4.48,0.96,1140.5999755859375,1.08,2.04875,4.39472,0.08,0.18674945
2004-04-26,1.1851,1.7857,0.00921234454168586,0.7627183281214248,14.77,4.46,0.98,1135.530029296875,1.08,2.04875,4.39472,0.08,0.18674945
2004-04-27,1.1927,1.7925,0.009134088417975885,0.7711289327575571,15.07,4.43,0.97,1138.1099853515625,1.08,2.04875,4.39472,0.08,0.18674945
2004-04-28,1.183,1.772,0.00910332271279017,0.7636502481863306,16.29,4.5,0.96,1122.4100341796875,1.08,2.04875,4.39472,0.08,0.18674945
2004-04-29,1.1945,1.7751,0.009094216078574028,0.7721411474017451,16.6,4.55,0.95,1113.8900146484375,1.08,2.04875,4.39472,0.08,0.18674945
2004-04-30,1.1975,1.7744,0.00906043308870164,0.7701786814540974,17.19,4.53,0.96,1107.300048828125,1.08,2.04875,4.39472,0.08,0.18674945
2004-05-03,1.1937,1.772,0.00906289650172195,0.7686395080707149,16.62,4.53,0.99,1117.489990234375,1.2,2.08585714285714,4.52872,0.08,0.182353368421053
2004-05-04,1.2076,1.7907,0.009089256498818397,0.779423226812159,16.55,4.56,0.99,1119.550048828125,1.2,2.08585714285714,4.52872,0.08,0.182353368421053
2004-05-05,1.2165,1.7932,0.009216589861751152,0.7846214201647705,15.77,4.61,0.97,1121.530029296875,1.2,2.08585714285714,4.52872,0.08,0.182353368421053
2004-05-06,1.209,1.7941,0.009125752874612156,0.7792410192472531,17.05,4.63,0.98,1113.989990234375,1.2,2.08585714285714,4.52872,0.08,0.182353368421053
2004-05-07,1.1885,1.7842,0.008904719501335707,0.7680491551459293,18.13,4.79,1.05,1098.699951171875,1.2,2.08585714285714,4.52872,0.08,0.182353368421053
2004-05-10,1.1834,1.7723,0.008769622029290538,0.7674597083653109,19.77,4.81,1.07,1087.1199951171875,1.2,2.08585714285714,4.52872,0.08,0.182353368421053
2004-05-11,1.1818,1.7544,0.008797395970792645,0.7665772326561902,18.57,4.79,1.04,1095.449951171875,1.2,2.08585714285714,4.52872,0.08,0.182353368421053
2004-05-12,1.1911,1.7743,0.008833141948591115,0.7757951900698216,18.14,4.83,1.02,1097.280029296875,1.2,2.08585714285714,4.52872,0.08,0.182353368421053
2004-05-13,1.1801,1.7584,0.0087527352297593,0.7647598654022636,18.86,4.85,0.98,1096.43994140625,1.2,2.08585714285714,4.52872,0.08,0.182353368421053
2004-05-14,1.1874,1.7572,0.008748906386701663,0.7689350249903883,18.47,4.79,0.97,1095.699951171875,1.2,2.08585714285714,4.52872,0.08,0.182353368421053
2004-05-17,1.2009,1.7695,0.008764241893076249,0.7818608287724785,19.96,4.7,1.05,1084.0999755859375,1.2,2.08585714285714,4.52872,0.08,0.182353368421053
2004-05-18,1.1971,1.7695,0.00876731544800982,0.7797878976918279,19.33,4.74,1.04,1091.489990234375,1.2,2.08585714285714,4.52872,0.08,0.182353368421053
2004-05-19,1.2015,1.7827,0.008867606632969762,0.7825950853028643,18.93,4.79,1.02,1088.6800537109375,1.2,2.08585714285714,4.52872,0.08,0.182353368421053
2004-05-20,1.1926,1.771,0.00883548330093656,0.7763975155279503,18.67,4.72,1.01,1089.18994140625,1.2,2.08585714285714,4.52872,0.08,0.182353368421053
2004-05-21,1.2009,1.788,0.00892140244446427,0.7814331483941549,18.49,4.76,1.01,1093.56005859375,1.2,2.08585714285714,4.52872,0.08,0.182353368421053
2004-05-24,1.1978,1.7908,0.008876264867743653,0.7799703611262772,18.08,4.75,1.06,1095.4100341796875,1.2,2.08585714285714,4.52872,0.08,0.182353368421053
2004-05-25,1.2107,1.8135,0.008911861687906605,0.7880220646178093,15.96,4.73,1.06,1113.050048828125,1.2,2.08585714285714,4.52872,0.08,0.182353368421053
2004-05-26,1.2102,1.8142,0.008952551477170993,0.7859163784973279,15.97,4.67,1.06,1114.93994140625,1.2,2.08585714285714,4.52872,0.08,0.182353368421053
2004-05-27,1.2274,1.8369,0.009027715085311907,0.8025682182985554,15.28,4.6,1.04,1121.280029296875,1.2,2.08585714285714,4.52872,0.08,0.182353368421053
2004-05-28,1.2217,1.833,0.009076057360682519,0.7978935609989627,15.5,4.66,1.06,1120.6800537109375,1.2,2.08585714285714,4.52872,0.08,0.182353368421053
2004-05-31,,,,,,,,,1.2,2.08585714285714,4.52872,0.08,0.182353368421053
2004-06-01,1.221,1.8359,0.009053870529651425,0.7993605115907275,16.3,4.71,1.15,1121.199951171875,1.46,2.11268181818182,4.78974,0.09,0.328464045454545
2004-06-02,1.225,1.8381,0.009067827348567283,0.8026326350429408,16.08,4.74,1.15,1124.989990234375,1.46,2.11268181818182,4.78974,0.09,0.328464045454545
2004-06-03,1.2205,1.8387,0.008997660608241857,0.7987220447284346,17.03,4.71,1.15,1116.6400146484375,1.46,2.11268181818182,4.78974,0.09,0.328464045454545
2004-06-04,1.2258,1.8367,0.008987148377819719,0.8038585209003215,16.78,4.78,1.18,1122.5,1.46,2.11268181818182,4.78974,0.09,0.328464045454545
2004-06-07,1.232,1.8386,0.009123255177447314,0.8083420903726456,15.39,4.78,1.23,1140.4200439453125,1.46,2.11268181818182,4.78974,0.09,0.328464045454545
2004-06-08,1.2273,1.8361,0.009109957183201239,0.8082114281095935,15.01,4.78,1.25,1142.1800537109375,1.46,2.11268181818182,4.78974,0.09,0.328464045454545
2004-06-09,1.2097,1.8292,0.00911244760342628,0.7983394539358135,15.39,4.82,1.25,1131.3299560546875,1.46,2.11268181818182,4.78974,0.09,0.328464045454545
2004-06-10,1.211,1.838,0.00914662032379036,0.8037293039704227,15.04,4.81,1.27,1136.469970703125,1.46,2.11268181818182,4.78974,0.09,0.328464045454545
2004-06-11,1.2011,1.8175,0.009083477155054955,0.7938398031277288,15.04,,,,1.46,2.11268181818182,4.78974,0.09,0.328464045454545
2004-06-14,1.2073,1.8148,0.00899685110211426,0.7955449482895784,16.07,4.89,1.4,1125.2900390625,1.46,2.11268181818182,4.78974,0.09,0.328464045454545
2004-06-15,1.2139,1.8278,0.009124920156948626,0.799744081893794,15.05,4.69,1.32,1132.010009765625,1.46,2.11268181818182,4.78974,0.09,0.328464045454545
2004-06-16,1.2006,1.8262,0.009078529278256921,0.7887679444707367,14.79,4.74,1.28,1133.56005859375,1.46,2.11268181818182,4.78974,0.09,0.328464045454545
2004-06-17,1.204,1.8341,0.009121590805436468,0.7958615200955034,15.15,4.71,1.25,1132.050048828125,1.46,2.11268181818182,4.78974,0.09,0.328464045454545
2004-06-18,1.2118,1.8368,0.009203865623561895,0.8036647110825363,14.99,4.72,1.26,1135.02001953125,1.46,2.11268181818182,4.78974,0.09,0.328464045454545
2004-06-21,1.211,1.831,0.00921064750851985,0.8019889325527308,15.26,4.7,1.32,1130.300048828125,1.46,2.11268181818182,4.78974,0.09,0.328464045454545
2004-06-22,1.2092,1.8217,0.009174311926605505,0.7993605115907275,14.31,4.72,1.3,1134.4100341796875,1.46,2.11268181818182,4.78974,0.09,0.328464045454545
2004-06-23,1.209,1.8184,0.009204712812960236,0.797702616464582,13.98,4.71,1.27,1144.06005859375,1.46,2.11268181818182,4.78974,0.09,0.328464045454545
2004-06-24,1.217,1.8216,0.009337068160597572,0.8048289738430584,14.81,4.66,1.26,1140.6500244140625,1.46,2.11268181818182,4.78974,0.09,0.328464045454545
2004-06-25,1.2145,1.8218,0.009274717121127806,0.799744081893794,15.19,4.66,1.28,1134.4300537109375,1.46,2.11268181818182,4.78974,0.09,0.328464045454545
2004-06-28,1.2193,1.8294,0.009263547938860583,0.801153661272232,16.07,4.76,1.36,1133.3499755859375,1.46,2.11268181818182,4.78974,0.09,0.328464045454545
2004-06-29,1.2124,1.809,0.009243852837862821,0.7927070947284978,15.47,4.7,1.36,1136.199951171875,1.46,2.11268181818182,4.78974,0.09,0.328464045454545
2004-06-30,1.2179,1.8126,0.009138261902586127,0.7987220447284346,14.34,4.62,1.31,1140.8399658203125,1.46,2.11268181818182,4.78974,0.09,0.328464045454545
2004-07-01,1.2158,1.816,0.009238728750923873,0.7994244144216165,15.2,4.57,1.2,1128.93994140625,1.57,2.11604545454546,4.85702,0.09,0.422401363636364
2004-07-02,1.2307,1.83,0.009208103130755065,0.8106355382619974,15.08,4.48,1.27,1125.3800048828125,1.57,2.11604545454546,4.85702,0.09,0.422401363636364
2004-07-05,,,,,,,,,1.57,2.11604545454546,4.85702,0.09,0.422401363636364
2004-07-06,1.229,1.8423,0.009154155986818015,0.8100445524503849,16.25,4.49,1.32,1116.2099609375,1.57,2.11604545454546,4.85702,0.09,0.422401363636364
2004-07-07,1.2384,1.8571,0.009226794611551948,0.8153946510110894,15.81,4.5,1.28,1118.3299560546875,1.57,2.11604545454546,4.85702,0.09,0.422401363636364
2004-07-08,1.239,1.8566,0.009194556822361161,0.8165264962848046,16.2,4.49,1.25,1109.1099853515625,1.57,2.11604545454546,4.85702,0.09,0.422401363636364
2004-07-09,1.2388,1.8555,0.00924129008409574,0.8157937673356176,15.78,4.49,1.25,1112.81005859375,1.57,2.11604545454546,4.85702,0.09,0.422401363636364
2004-07-12,1.2409,1.864,0.009238728750923873,0.8167932696234583,14.96,4.46,1.32,1114.3499755859375,1.57,2.11604545454546,4.85702,0.09,0.422401363636364
2004-07-13,1.2302,1.854,0.009143275121148394,0.8070373658300378,14.46,4.5,1.32,1115.1400146484375,1.57,2.11604545454546,4.85702,0.09,0.422401363636364
2004-07-14,1.2385,1.8564,0.009163383121048292,0.8138020833333334,13.76,4.5,1.32,1111.469970703125,1.57,2.11604545454546,4.85702,0.09,0.422401363636364
2004-07-15,1.2373,1.8545,0.009130752373995618,0.8103727714748784,14.71,4.5,1.32,1106.68994140625,1.57,2.11604545454546,4.85702,0.09,0.422401363636364
2004-07-16,1.2437,1.8708,0.009193711501333088,0.8151952392598028,14.34,4.38,1.32,1101.3900146484375,1.57,2.11604545454546,4.85702,0.09,0.422401363636364
2004-07-19,1.2431,1.8734,0.009235315847801994,0.814265939255761,15.17,4.38,1.33,1100.9000244140625,1.57,2.11604545454546,4.85702,0.09,0.422401363636364
2004-07-20,1.2377,1.8556,0.009226794611551948,0.80768920119538,14.17,4.47,1.34,1108.6700439453125,1.57,2.11604545454546,4.85702,0.09,0.422401363636364
2004-07-21,1.2224,1.8354,0.009082652134423252,0.796876245119133,16.41,4.5,1.33,1093.8800048828125,1.57,2.11604545454546,4.85702,0.09,0.422401363636364
2004-07-22,1.2273,1.847,0.00911743253099927,0.8025038118931065,15.75,4.48,1.34,1096.8399658203125,1.57,2.11604545454546,4.85702,0.09,0.422401363636364
2004-07-23,1.2122,1.8321,0.009081827263645445,0.7916402786573781,16.5,4.45,1.35,1086.199951171875,1.57,2.11604545454546,4.85702,0.09,0.422401363636364
2004-07-26,1.2135,1.8393,0.009084302325581396,0.791514959632737,17.3,4.49,1.43,1084.0699462890625,1.57,2.11604545454546,4.85702,0.09,0.422401363636364
2004-07-27,1.2056,1.8219,0.009001710324961743,0.7843137254901962,16.55,4.62,1.44,1094.8299560546875,1.57,2.11604545454546,4.85702,0.09,0.422401363636364
2004-07-28,1.2046,1.8222,0.008946144211844694,0.7836376459525115,16.15,4.61,1.43,1095.4200439453125,1.57,2.11604545454546,4.85702,0.09,0.422401363636364
2004-07-29,1.207,1.8174,0.00893814801573114,0.7840677434530343,15.68,4.6,1.42,1100.4300537109375,1.57,2.11604545454546,4.85702,0.09,0.422401363636364
2004-07-30,1.2032,1.8183,0.008977466558937068,0.7814942169427945,15.32,4.5,1.42,1101.719970703125,1.57,2.11604545454546,4.85702,0.09,0.422401363636364
2004-08-02,1.2034,1.8273,0.009002520705797623,0.7822277847309137,15.37,4.48,1.48,1106.6199951171875,1.68,2.11427272727273,4.96284,0.09,0.471912181818182
2004-08-03,1.2051,1.8243,0.009041591320072333,0.7819219641879741,16.03,4.45,1.46,1099.68994140625,1.68,2.11427272727273,4.96284,0.09,0.471912181818182
2004-08-04,1.2057,1.8248,0.008985533291400845,0.7844367743959837,16.21,4.45,1.46,1098.6300048828125,1.68,2.11427272727273,4.96284,0.09,0.471912181818182
2004-08-05,1.205,1.8231,0.008966197435667534,0.7834534628643058,18.32,4.43,1.45,1080.699951171875,1.68,2.11427272727273,4.96284,0.09,0.471912181818182
2004-08-06,1.2272,1.8459,0.009086778736937756,0.7990411506192568,19.34,4.24,1.41,1063.969970703125,1.68,2.11427272727273,4.96284,0.09,0.471912181818182
2004-08-09,1.2261,1.8403,0.009044044496698924,0.796876245119133,18.89,4.28,1.49,1065.219970703125,1.68,2.11427272727273,4.96284,0.09,0.471912181818182
2004-08-10,1.2306,1.8387,0.009026085386767758,0.7982120051085568,17.47,4.32,1.48,1079.0400390625,1.68,2.11427272727273,4.96284,0.09,0.471912181818182
2004-08-11,1.2222,1.828,0.009026900162484202,0.7933359777865927,18.04,4.3,1.42,1075.7900390625,1.68,2.11427272727273,4.96284,0.09,0.471912181818182
2004-08-12,1.2224,1.821,0.008997660608241857,0.7944704854214666,19.08,4.27,1.41,1063.22998046875,1.68,2.11427272727273,4.96284,0.09,0.471912181818182
2004-08-13,1.2354,1.8432,0.009035872413481522,0.8061265618702137,17.98,4.22,1.41,1064.800048828125,1.68,2.11427272727273,4.96284,0.09,0.471912181818182
2004-08-16,1.2333,1.8392,0.009038322487346349,0.8039877793857533,17.57,4.26,1.47,1079.3399658203125,1.68,2.11427272727273,4.96284,0.09,0.471912181818182
2004-08-17,1.2329,1.8288,0.009085127646043427,0.8018603159329644,17.02,4.21,1.46,1081.7099609375,1.68,2.11427272727273,4.96284,0.09,0.471912181818182
2004-08-18,1.2299,1.8225,0.009114939385653087,0.8002560819462228,16.23,4.23,1.46,1095.1700439453125,1.68,2.11427272727273,4.96284,0.09,0.471912181818182
2004-08-19,1.2368,1.8313,0.009145783793671118,0.8051529790660226,16.96,4.22,1.45,1091.22998046875,1.68,2.11427272727273,4.96284,0.09,0.471912181818182
2004-08-20,1.2324,1.8213,0.009147457006952069,0.8007046200656578,16.0,4.24,1.46,1098.3499755859375,1.68,2.11427272727273,4.96284,0.09,0.471912181818182
2004-08-23,1.2196,1.8143,0.009134922809902257,0.790513833992095,15.88,4.28,1.52,1095.6800537109375,1.68,2.11427272727273,4.96284,0.09,0.471912181818182
2004-08-24,1.2099,1.7935,0.009121590805436468,0.7858546168958743,15.33,4.28,1.52,1096.18994140625,1.68,2.11427272727273,4.96284,0.09,0.471912181818182
2004-08-25,1.209,1.7965,0.00905961224859576,0.7852991989948169,14.98,4.26,1.52,1104.9599609375,1.68,2.11427272727273,4.96284,0.09,0.471912181818182
2004-08-26,1.2084,1.7939,0.009113278046113187,0.7845598619174643,14.91,4.22,1.52,1105.0899658203125,1.68,2.11427272727273,4.96284,0.09,0.471912181818182
2004-08-27,1.2025,1.7921,0.009131586156515386,0.779423226812159,14.71,4.23,1.53,1107.77001953125,1.68,2.11427272727273,4.96284,0.09,0.471912181818182
2004-08-30,1.2049,1.7925,0.009104151493080845,0.7818608287724785,15.44,4.19,1.59,1099.1500244140625,1.68,2.11427272727273,4.96284,0.09,0.471912181818182
2004-08-31,1.2183,1.8031,0.009174311926605505,0.7910766553279013,15.29,4.13,1.57,1104.239990234375,1.68,2.11427272727273,4.96284,0.09,0.471912181818182
2004-09-01,1.2179,1.794,0.009122422915526363,0.7927070947284978,14.91,4.13,1.55,1105.9100341796875,1.86,2.11859090909091,4.9469,0.09,0.584377681818182
2004-09-02,1.2164,1.7916,0.009130752373995618,0.7927070947284978,14.28,4.2,1.57,1118.31005859375,1.86,2.11859090909091,4.9469,0.09,0.584377681818182
2004-09-03,1.2052,1.7759,0.009052231375033946,0.7865963973884998,13.91,4.3,1.62,1113.6300048828125,1.86,2.11859090909091,4.9469,0.09,0.584377681818182
2004-09-06,,,,,,,,,1.86,2.11859090909091,4.9469,0.09,0.584377681818182
2004-09-07,1.2093,1.7733,0.009147457006952069,0.7873395795606645,14.07,4.26,1.64,1121.300048828125,1.86,2.11859090909091,4.9469,0.09,0.584377681818182
2004-09-08,1.2164,1.7882,0.009155832265152902,0.7921419518377694,14.06,4.18,1.62,1116.27001953125,1.86,2.11859090909091,4.9469,0.09,0.584377681818182
2004-09-09,1.2189,1.7853,0.009116601331023794,0.7911392405063291,14.01,4.22,1.61,1118.3800048828125,1.86,2.11859090909091,4.9469,0.09,0.584377681818182
2004-09-10,1.2282,1.7979,0.00914662032379036,0.7961783439490446,13.76,4.19,1.63,1123.9200439453125,1.86,2.11859090909091,4.9469,0.09,0.584377681818182
2004-09-13,1.2251,1.7956,0.009080177971488242,0.7940919558484872,13.17,4.16,1.64,1125.8199462890625,1.86,2.11859090909091,4.9469,0.09,0.584377681818182
2004-09-14,1.2268,1.8001,0.009140767824497258,0.7948493760432398,13.56,4.15,1.63,1128.3299560546875,1.86,2.11859090909091,4.9469,0.09,0.584377681818182
2004-09-15,1.2144,1.7772,0.00906289650172195,0.7871536523929471,14.64,4.18,1.64,1120.3699951171875,1.86,2.11859090909091,4.9469,0.09,0.584377681818182
2004-09-16,1.2154,1.7909,0.009111617312072893,0.7865963973884998,14.39,4.08,1.64,1123.5,1.86,2.11859090909091,4.9469,0.09,0.584377681818182
2004-09-17,1.2174,1.7921,0.009093389106119851,0.7870297497245397,14.03,4.14,1.68,1128.550048828125,1.86,2.11859090909091,4.9469,0.09,0.584377681818182
2004-09-20,1.2172,1.788,0.00910166560480568,0.7856076675308351,14.43,4.07,1.7,1122.199951171875,1.86,2.11859090909091,4.9469,0.09,0.584377681818182
2004-09-21,1.2264,1.7946,0.00909587047480444,0.7939658594680429,13.66,4.05,1.69,1129.300048828125,1.86,2.11859090909091,4.9469,0.09,0.584377681818182
2004-09-22,1.2261,1.7949,0.009047317470370035,0.7931472081218275,14.74,4.0,1.68,1113.56005859375,1.86,2.11859090909091,4.9469,0.09,0.584377681818182
2004-09-23,1.2298,1.8003,0.009058791557206269,0.7946598855689765,14.8,4.02,1.69,1108.3599853515625,1.86,2.11859090909091,4.9469,0.09,0.584377681818182
2004-09-24,1.2256,1.8031,0.009031791907514452,0.7912644405760405,14.28,4.04,1.7,1110.1099853515625,1.86,2.11859090909091,4.9469,0.09,0.584377681818182
2004-09-27,1.2307,1.8076,0.008998470260055791,0.7943442688061007,14.62,4.01,1.72,1103.52001953125,1.86,2.11859090909091,4.9469,0.09,0.584377681818182
2004-09-28,1.2306,1.8105,0.00897021887334051,0.792832791564259,13.83,4.02,1.69,1110.06005859375,1.86,2.11859090909091,4.9469,0.09,0.584377681818182
2004-09-29,1.2308,1.797,0.009017132551848512,0.7923930269413629,13.21,4.1,1.69,1114.800048828125,1.86,2.11859090909091,4.9469,0.09,0.584377681818182
2004-09-30,1.2417,1.809,0.009074410163339383,0.8018603159329644,13.34,4.14,1.68,1114.5799560546875,1.86,2.11859090909091,4.9469,0.09,0.584377681818182
2004-10-01,1.24,1.7976,0.009053870529651425,0.8002560819462228,12.75,4.21,1.67,1131.5,2.04,2.14733333333333,4.90071,0.09,0.620791047619048
2004-10-04,1.2274,1.7827,0.008998470260055791,0.7897022822395957,13.41,4.19,1.69,1135.1700439453125,2.04,2.14733333333333,4.90071,0.09,0.620791047619048
2004-10-05,1.2316,1.7828,0.008991997122560921,0.7923930269413629,13.95,4.18,1.68,1134.47998046875,2.04,2.14733333333333,4.90071,0.09,0.620791047619048
2004-10-06,1.2298,1.779,0.008981498113885395,0.7912644405760405,13.28,4.23,1.68,1142.050048828125,2.04,2.14733333333333,4.90071,0.09,0.620791047619048
2004-10-07,1.2286,1.7822,0.00899685110211426,0.7908264136022144,14.5,4.26,1.67,1130.6500244140625,2.04,2.14733333333333,4.90071,0.09,0.620791047619048
2004-10-08,1.2418,1.7935,0.009137426900584795,0.800768737988469,15.05,4.15,1.67,1122.1400146484375,2.04,2.14733333333333,4.90071,0.09,0.620791047619048
2004-10-11,,,,,14.71,,,1124.3900146484375,2.04,2.14733333333333,4.90071,0.09,0.620791047619048
2004-10-12,1.232,1.7879,0.009108297659167501,0.795924864692773,15.05,4.12,1.69,1121.8399658203125,2.04,2.14733333333333,4.90071,0.09,0.620791047619048
2004-10-13,1.2271,1.789,0.009109127345600291,0.7936507936507936,15.42,4.09,1.69,1113.6500244140625,2.04,2.14733333333333,4.90071,0.09,0.620791047619048
2004-10-14,1.2393,1.7972,0.009124087591240877,0.8030838419530999,16.43,4.03,1.71,1103.2900390625,2.04,2.14733333333333,4.90071,0.09,0.620791047619048
2004-10-15,1.2478,1.8048,0.00916254352208173,0.8112273870365864,15.04,4.07,1.72,1108.199951171875,2.04,2.14733333333333,4.90071,0.09,0.620791047619048
2004-10-18,1.252,1.801,0.009154994049253868,0.8132726089785296,14.71,4.07,1.78,1114.02001953125,2.04,2.14733333333333,4.90071,0.09,0.620791047619048
2004-10-19,1.2515,1.8039,0.009228497600590625,0.813140348024069,15.13,4.07,1.79,1103.22998046875,2.04,2.14733333333333,4.90071,0.09,0.620791047619048
2004-10-20,1.2627,1.8187,0.009245562130177515,0.820950660865282,14.85,4.01,1.79,1103.6600341796875,2.04,2.14733333333333,4.90071,0.09,0.620791047619048
2004-10-21,1.2622,1.8297,0.009308386856557757,0.8218277449046679,14.54,4.01,1.81,1106.489990234375,2.04,2.14733333333333,4.90071,0.09,0.620791047619048
2004-10-22,1.2639,1.8277,0.00930925339787749,0.8221655841486476,15.28,4.0,1.81,1095.739990234375,2.04,2.14733333333333,4.90071,0.09,0.620791047619048
2004-10-25,1.2783,1.8404,0.009379983116030392,0.8345852111500585,16.58,3.99,1.87,1094.800048828125,2.04,2.14733333333333,4.90071,0.09,0.620791047619048
2004-10-26,1.2758,1.8369,0.00937822376441902,0.8322929671244278,16.39,4.01,1.88,1111.0899658203125,2.04,2.14733333333333,4.90071,0.09,0.620791047619048
2004-10-27,1.2725,1.8323,0.009374707040404988,0.8296689620841284,15.72,4.11,1.88,1125.4000244140625,2.04,2.14733333333333,4.90071,0.09,0.620791047619048
2004-10-28,1.2759,1.832,0.009425959091337543,0.8359806052499582,15.39,4.09,1.87,1127.43994140625,2.04,2.14733333333333,4.90071,0.09,0.620791047619048
2004-10-29,1.2746,1.8345,0.00943040362127499,0.8341675008341675,16.27,4.05,1.87,1130.199951171875,2.04,2.14733333333333,4.90071,0.09,0.620791047619048
2004-11-01,1.2741,1.8323,0.009397613006296402,0.8313934153641502,16.27,4.11,1.96,1130.510009765625,2.26,2.17031818181818,4.88359,0.09,0.648511
2004-11-02,1.2703,1.8385,0.00940822278671559,0.8281573498964803,16.18,4.1,1.94,1130.56005859375,2.26,2.17031818181818,4.88359,0.09,0.648511
2004-11-03,1.2787,1.8445,0.009416195856873822,0.8355614973262031,14.04,4.09,1.92,1143.199951171875,2.26,2.17031818181818,4.88359,0.09,0.648511
2004-11-04,1.2883,1.844,0.009432182607055273,0.8433125316242199,13.97,4.1,1.94,1161.6700439453125,2.26,2.17031818181818,4.88359,0.09,0.648511
2004-11-05,1.2938,1.8542,0.00946969696969697,0.8470269354565475,13.84,4.21,1.99,1166.1700439453125,2.26,2.17031818181818,4.88359,0.09,0.648511
2004-11-08,1.2936,1.8564,0.00947238798901203,0.8476012883539583,13.8,4.22,2.04,1164.8900146484375,2.26,2.17031818181818,4.88359,0.09,0.648511
2004-11-09,1.293,1.8589,0.00947238798901203,0.8468834688346883,13.61,4.22,2.04,1164.0799560546875,2.26,2.17031818181818,4.88359,0.09,0.648511
2004-11-10,1.2925,1.8476,0.009353661958656815,0.8480325644504749,13.08,4.25,2.04,1162.9100341796875,2.26,2.17031818181818,4.88359,0.09,0.648511
2004-11-11,,,,,13.04,,,1173.47998046875,2.26,2.17031818181818,4.88359,0.09,0.648511
2004-11-12,1.2973,1.8552,0.00947597839476926,0.8526603001364256,13.33,4.2,2.04,1184.1700439453125,2.26,2.17031818181818,4.88359,0.09,0.648511
2004-11-15,1.2944,1.848,0.00947597839476926,0.8483922965979468,13.38,4.2,2.09,1183.81005859375,2.26,2.17031818181818,4.88359,0.09,0.648511
2004-11-16,1.2979,1.8544,0.009492168960607499,0.8515711487694798,13.21,4.21,2.1,1175.4300537109375,2.26,2.17031818181818,4.88359,0.09,0.648511
2004-11-17,1.3031,1.858,0.00959877135726627,0.8583690987124464,13.21,4.14,2.09,1181.93994140625,2.26,2.17031818181818,4.88359,0.09,0.648511
2004-11-18,1.2982,1.8514,0.009594166746618055,0.8553588230262595,12.98,4.12,2.09,1183.550048828125,2.26,2.17031818181818,4.88359,0.09,0.648511
2004-11-19,1.3059,1.86,0.009727626459143969,0.8631851532153646,13.5,4.2,2.1,1170.3399658203125,2.26,2.17031818181818,4.88359,0.09,0.648511
2004-11-22,1.3048,1.859,0.009689922480620155,0.8602890571231934,12.97,4.18,2.16,1177.239990234375,2.26,2.17031818181818,4.88359,0.09,0.648511
2004-11-23,1.309,1.8713,0.009669309611293753,0.8634832915983076,12.67,4.19,2.15,1176.93994140625,2.26,2.17031818181818,4.88359,0.09,0.648511
2004-11-24,1.3162,1.8813,0.009714396735962697,0.8699434536755111,12.72,4.2,2.14,1181.760009765625,2.26,2.17031818181818,4.88359,0.09,0.648511
2004-11-25,,,,,,,,,2.26,2.17031818181818,4.88359,0.09,0.648511
2004-11-26,1.3288,1.8965,0.009748488984207448,0.8780402142418122,12.79,4.24,2.16,1182.6500244140625,2.26,2.17031818181818,4.88359,0.09,0.648511
2004-11-29,1.3286,1.8948,0.009745638826625085,0.8771160424524166,13.3,4.34,2.2,1178.5699462890625,2.26,2.17031818181818,4.88359,0.09,0.648511
2004-11-30,1.3259,1.9073,0.009704968944099378,0.8755800717975659,13.24,4.36,2.19,1173.8199462890625,2.26,2.17031818181818,4.88359,0.09,0.648511
2004-12-01,1.3308,1.9297,0.00972951936174353,0.8741258741258742,12.97,4.38,2.18,1191.3699951171875,2.45,2.17317391304348,4.87103,0.1,0.649346863636364
2004-12-02,1.3268,1.9225,0.00969838037047813,0.8686587908269632,12.98,4.4,2.18,1190.3299560546875,2.45,2.17317391304348,4.87103,0.1,0.649346863636364
2004-12-03,1.339,1.9375,0.009750390015600624,0.8778860503906593,12.96,4.27,2.17,1191.1700439453125,2.45,2.17317391304348,4.87103,0.1,0.649346863636364
2004-12-06,1.3431,1.9423,0.009738994935722632,0.8786574114752659,13.19,4.24,2.22,1190.25,2.45,2.17317391304348,4.87103,0.1,0.649346863636364
2004-12-07,1.3437,1.9459,0.009733307377846993,0.8783487044356609,13.67,4.23,2.21,1177.0699462890625,2.45,2.17317391304348,4.87103,0.1,0.649346863636364
2004-12-08,1.3252,1.9283,0.009547450830628223,0.8631851532153646,13.19,4.14,2.2,1182.81005859375,2.45,2.17317391304348,4.87103,0.1,0.649346863636364
2004-12-09,1.3274,1.9185,0.009530162965786714,0.8661758336942399,12.88,4.19,2.2,1189.239990234375,2.45,2.17317391304348,4.87103,0.1,0.649346863636364
2004-12-10,1.3224,1.9134,0.009483167377904219,0.8611039352449841,12.76,4.16,2.21,1188.0,2.45,2.17317391304348,4.87103,0.1,0.649346863636364
2004-12-13,1.3309,1.9235,0.009553835865099837,0.8670019074041964,12.54,4.16,2.21,1198.6800537109375,2.45,2.17317391304348,4.87103,0.1,0.649346863636364
2004-12-14,1.328,1.9239,0.00947059380623165,0.8646031471554556,12.73,4.14,2.18,1203.3800048828125,2.45,2.17317391304348,4.87103,0.1,0.649346863636364
2004-12-15,1.3429,1.9446,0.009613535858488752,0.8777319406653208,12.35,4.09,2.17,1205.719970703125,2.45,2.17317391304348,4.87103,0.1,0.649346863636364
2004-12-16,1.3287,1.9375,0.009582215408202376,0.8654262224145391,12.27,4.19,2.16,1203.2099609375,2.45,2.17317391304348,4.87103,0.1,0.649346863636364
2004-12-17,1.3295,1.939,0.009589566551591868,0.8642295393656555,11.95,4.21,2.16,1194.199951171875,2.45,2.17317391304348,4.87103,0.1,0.649346863636364
2004-12-20,1.3396,1.9482,0.009614460148062685,0.8709284096847238,11.83,4.21,2.19,1194.6500244140625,2.45,2.17317391304348,4.87103,0.1,0.649346863636364
2004-12-21,1.3377,1.9263,0.009584970765839165,0.8676036786395974,11.55,4.18,2.17,1205.449951171875,2.45,2.17317391304348,4.87103,0.1,0.649346863636364
2004-12-22,1.339,1.9125,0.00962000962000962,0.8676789587852494,11.45,4.21,2.15,1209.5699462890625,2.45,2.17317391304348,4.87103,0.1,0.649346863636364
2004-12-23,1.3491,1.9193,0.009642271719217048,0.8738203425375742,11.23,4.23,2.15,1210.1300048828125,2.45,2.17317391304348,4.87103,0.1,0.649346863636364
2004-12-24,1.3536,1.9236,0.00964785335262904,0.8754267705506433,,,,,2.45,2.17317391304348,4.87103,0.1,0.649346863636364
2004-12-27,1.3625,1.9369,0.009711566475672525,0.8809796493700995,12.14,4.3,2.24,1204.9200439453125,2.45,2.17317391304348,4.87103,0.1,0.649346863636364
2004-12-28,1.3621,1.9316,0.00969649956365752,0.8819897689186806,12.0,4.31,2.22,1213.5400390625,2.45,2.17317391304348,4.87103,0.1,0.649346863636364
2004-12-29,1.3568,1.9157,0.009597850081581726,0.8795074758135444,11.62,4.33,2.19,1213.449951171875,2.45,2.17317391304348,4.87103,0.1,0.649346863636364
2004-12-30,1.3623,1.922,0.00969838037047813,0.881678716275789,12.56,4.27,2.18,1213.550048828125,2.45,2.17317391304348,4.87103,0.1,0.649346863636364
2004-12-31,1.3538,1.916,0.009738994935722632,0.8762705923589205,13.29,4.24,2.18,1211.9200439453125,2.45,2.17317391304348,4.87103,0.1,0.649346863636364
2005-01-03,1.3476,1.9058,0.009724788485850433,0.8721437292865863,14.08,4.23,2.29,1202.0799560546875,2.61,2.14542857142857,4.87316,0.1,0.651069238095238
2005-01-04,1.3295,1.8834,0.009590486237652249,0.8566044200788077,13.98,4.29,2.3,1188.050048828125,2.61,2.14542857142857,4.87316,0.1,0.651069238095238
2005-01-05,1.3292,1.8875,0.00962000962000962,0.8566778034781118,14.09,4.29,2.29,1183.739990234375,2.61,2.14542857142857,4.87316,0.1,0.651069238095238
2005-01-06,1.3187,1.8751,0.009535615523982072,0.8522969402539845,13.58,4.29,2.27,1187.8900146484375,2.61,2.14542857142857,4.87316,0.1,0.651069238095238
2005-01-07,1.3062,1.8702,0.009530162965786714,0.8432414200185513,13.49,4.29,2.28,1186.18994140625,2.61,2.14542857142857,4.87316,0.1,0.651069238095238
2005-01-10,1.3109,1.8751,0.009585889570552147,0.8480325644504749,13.23,4.29,2.33,1190.25,2.61,2.14542857142857,4.87316,0.1,0.651069238095238
2005-01-11,1.3161,1.8796,0.009669309611293753,0.8504847763225039,13.19,4.26,2.31,1182.989990234375,2.61,2.14542857142857,4.87316,0.1,0.651069238095238
2005-01-12,1.3281,1.8932,0.009778994719342852,0.8584427847883939,12.56,4.25,2.3,1187.699951171875,2.61,2.14542857142857,4.87316,0.1,0.651069238095238
2005-01-13,1.3207,1.8832,0.009751340809361287,0.8528057308545113,12.84,4.2,2.31,1177.449951171875,2.61,2.14542857142857,4.87316,0.1,0.651069238095238
2005-01-14,1.3106,1.8695,0.00975609756097561,0.8459521191100584,12.43,4.23,2.32,1184.52001953125,2.61,2.14542857142857,4.87316,0.1,0.651069238095238
2005-01-17,,,,,,,,,2.61,2.14542857142857,4.87316,0.1,0.651069238095238
2005-01-18,1.3043,1.8693,0.009769441187964049,0.8446659346228567,12.47,4.21,2.36,1195.97998046875,2.61,2.14542857142857,4.87316,0.1,0.651069238095238
2005-01-19,1.3036,1.8742,0.009754194303550527,0.8450942280064228,13.18,4.2,2.33,1184.6300048828125,2.61,2.14542857142857,4.87316,0.1,0.651069238095238
2005-01-20,1.2959,1.872,0.009679605072113058,0.8400537634408602,13.83,4.17,2.31,1175.4100341796875,2.61,2.14542857142857,4.87316,0.1,0.651069238095238
2005-01-21,1.3049,1.874,0.009722897423432183,0.843668269636379,14.36,4.16,2.31,1167.8699951171875,2.61,2.14542857142857,4.87316,0.1,0.651069238095238
2005-01-24,1.3041,1.8778,0.009739943508327652,0.8434547908232118,14.65,4.14,2.34,1163.75,2.61,2.14542857142857,4.87316,0.1,0.651069238095238
2005-01-25,1.2954,1.8647,0.009600614439324117,0.8361204013377926,14.06,4.2,2.36,1168.4100341796875,2.61,2.14542857142857,4.87316,0.1,0.651069238095238
2005-01-26,1.3081,1.8833,0.009718172983479106,0.8454514710855596,13.44,4.21,2.37,1174.0699462890625,2.61,2.14542857142857,4.87316,0.1,0.651069238095238
2005-01-27,1.3032,1.8866,0.009694619486185167,0.8432414200185513,13.24,4.22,2.4,1174.550048828125,2.61,2.14542857142857,4.87316,0.1,0.651069238095238
2005-01-28,1.3033,1.885,0.009666505558240696,0.8420343550016841,13.24,4.16,2.41,1171.3599853515625,2.61,2.14542857142857,4.87316,0.1,0.651069238095238
2005-01-31,1.3049,1.885,0.009657170449058426,0.8419634587858887,12.82,4.14,2.48,1181.27001953125,2.61,2.14542857142857,4.87316,0.1,0.651069238095238
2005-02-01,1.3017,1.8792,0.00962186086789185,0.8377314233056882,12.03,4.15,2.47,1189.4100341796875,2.77,2.13835,4.89069,0.1,0.6771861
2005-02-02,1.3015,1.8826,0.009610764055742432,0.8368901163277261,11.66,4.15,2.47,1193.18994140625,2.77,2.13835,4.89069,0.1,0.6771861
2005-02-03,1.2959,1.8805,0.009564801530368245,0.8313242996092776,11.79,4.18,2.44,1189.8900146484375,2.77,2.13835,4.89069,0.1,0.6771861
2005-02-04,1.2927,1.885,0.009643201542912247,0.8292561572269674,11.21,4.09,2.43,1203.030029296875,2.77,2.13835,4.89069,0.1,0.6771861
2005-02-07,1.2773,1.8607,0.009552923194497515,0.8181966944853543,11.73,4.07,2.48,1201.719970703125,2.77,2.13835,4.89069,0.1,0.6771861
2005-02-08,1.2783,1.857,0.00946521533364884,0.8194706219782021,11.6,4.05,2.48,1202.300048828125,2.77,2.13835,4.89069,0.1,0.6771861
2005-02-09,1.2797,1.8582,0.00944822373393802,0.8216926869350862,12.0,4.0,2.47,1191.989990234375,2.77,2.13835,4.89069,0.1,0.6771861
2005-02-10,1.2882,1.8708,0.009461633077869241,0.8273351534706709,11.51,4.07,2.47,1197.010009765625,2.77,2.13835,4.89069,0.1,0.6771861
2005-02-11,1.2864,1.866,0.009456264775413711,0.8267879288962381,11.43,4.1,2.5,1205.300048828125,2.77,2.13835,4.89069,0.1,0.6771861
2005-02-14,1.2981,1.8917,0.00952925481227368,0.8350730688935282,11.52,4.08,2.55,1206.1400146484375,2.77,2.13835,4.89069,0.1,0.6771861
2005-02-15,1.2986,1.8894,0.009572125969177754,0.8376612497905848,11.27,4.1,2.55,1210.1199951171875,2.77,2.13835,4.89069,0.1,0.6771861
2005-02-16,1.2994,1.878,0.00946790380609733,0.8395600705230459,11.1,4.16,2.53,1210.3399658203125,2.77,2.13835,4.89069,0.1,0.6771861
2005-02-17,1.3083,1.895,0.009487666034155597,0.8456659619450316,11.77,4.19,2.53,1200.75,2.77,2.13835,4.89069,0.1,0.6771861
2005-02-18,1.3075,1.8949,0.009461633077869241,0.845880561664693,11.18,4.27,2.56,1201.5899658203125,2.77,2.13835,4.89069,0.1,0.6771861
2005-02-21,,,,,,,,,2.77,2.13835,4.89069,0.1,0.6771861
2005-02-22,1.323,1.9092,0.009601536245799328,0.860807437376259,13.14,4.29,2.63,1184.1600341796875,2.77,2.13835,4.89069,0.1,0.6771861
2005-02-23,1.3208,1.9066,0.009527439024390244,0.8592541673827119,12.39,4.27,2.63,1190.800048828125,2.77,2.13835,4.89069,0.1,0.6771861
2005-02-24,1.3205,1.9104,0.00948676596148373,0.8553588230262595,11.57,4.29,2.64,1200.199951171875,2.77,2.13835,4.89069,0.1,0.6771861
2005-02-25,1.3195,1.9149,0.009504799923961601,0.8557247989046722,11.49,4.27,2.69,1211.3699951171875,2.77,2.13835,4.89069,0.1,0.6771861
2005-02-28,1.3274,1.9249,0.009592326139088728,0.8631851532153646,12.08,4.36,2.72,1203.5999755859375,2.77,2.13835,4.89069,0.1,0.6771861
2005-03-01,1.3189,1.9206,0.009581297307655456,0.8580744808649391,12.04,4.38,2.7,1210.4100341796875,2.97,2.13719047619048,4.98736,0.08,0.666316238095238
2005-03-02,1.3127,1.9124,0.00955018622863146,0.8507018290089324,12.5,4.38,2.68,1210.0799560546875,2.97,2.13719047619048,4.98736,0.08,0.666316238095238
2005-03-03,1.313,1.9098,0.009521995810321844,0.8483922965979468,12.93,4.39,2.7,1210.469970703125,2.97,2.13719047619048,4.98736,0.08,0.666316238095238
2005-03-04,1.3244,1.9243,0.009573042312847023,0.8561643835616439,11.94,4.32,2.7,1222.1199951171875,2.97,2.13719047619048,4.98736,0.08,0.666316238095238
2005-03-07,1.3203,1.9159,0.009503896597605019,0.8505571149102662,12.26,4.31,2.71,1225.31005859375,2.97,2.13719047619048,4.98736,0.08,0.666316238095238
2005-03-08,1.3342,1.9292,0.00956846234810066,0.8615490652192642,12.4,4.38,2.7,1219.4300537109375,2.97,2.13719047619048,4.98736,0.08,0.666316238095238
2005-03-09,1.3384,1.9239,0.00962741888899586,0.8614748449345279,12.7,4.52,2.7,1207.010009765625,2.97,2.13719047619048,4.98736,0.08,0.666316238095238
2005-03-10,1.3409,1.9233,0.009601536245799328,0.8661008141347653,12.49,4.48,2.69,1209.25,2.97,2.13719047619048,4.98736,0.08,0.666316238095238
2005-03-11,1.3465,1.9261,0.00962186086789185,0.8694896095991653,12.8,4.56,2.7,1200.0799560546875,2.97,2.13719047619048,4.98736,0.08,0.666316238095238
2005-03-14,1.3346,1.9116,0.009522902580706599,0.8605111436193099,12.39,4.52,2.75,1206.8299560546875,2.97,2.13719047619048,4.98736,0.08,0.666316238095238
2005-03-15,1.3315,1.9134,0.009565716472163765,0.8582954252853832,13.15,4.54,2.75,1197.75,2.97,2.13719047619048,4.98736,0.08,0.666316238095238
2005-03-16,1.3423,1.9264,0.009606147934678195,0.8679048776254124,13.49,4.52,2.74,1188.0699462890625,2.97,2.13719047619048,4.98736,0.08,0.666316238095238
2005-03-17,1.3373,1.924,0.009562972171750981,0.8648274669203493,13.29,4.47,2.73,1190.2099609375,2.97,2.13719047619048,4.98736,0.08,0.666316238095238
2005-03-18,1.3311,1.9192,0.009551098376313277,0.8584427847883939,13.14,4.51,2.75,1189.6500244140625,2.97,2.13719047619048,4.98736,0.08,0.666316238095238
2005-03-21,1.3165,1.8974,0.009514747859181731,0.848536274925753,13.61,4.53,2.8,1183.780029296875,2.97,2.13719047619048,4.98736,0.08,0.666316238095238
2005-03-22,1.321,1.8997,0.00952471663967997,0.8505571149102662,14.27,4.63,2.83,1171.7099609375,2.97,2.13719047619048,4.98736,0.08,0.666316238095238
2005-03-23,1.3005,1.8712,0.0094553706505295,0.8366100560528738,14.06,4.61,2.77,1172.530029296875,2.97,2.13719047619048,4.98736,0.08,0.666316238095238
2005-03-24,1.2957,1.8709,0.009410878976096366,0.8340283569641367,13.42,4.6,2.78,1171.4200439453125,2.97,2.13719047619048,4.98736,0.08,0.666316238095238
2005-03-25,1.2954,1.8684,0.009405568096313018,0.833472245374229,,,,,2.97,2.13719047619048,4.98736,0.08,0.666316238095238
2005-03-28,1.2877,1.8657,0.009326618168252192,0.8291873963515755,13.75,4.64,2.79,1174.280029296875,2.97,2.13719047619048,4.98736,0.08,0.666316238095238
2005-03-29,1.2913,1.8752,0.009303190994511117,0.8309788931361143,14.49,4.6,2.78,1165.3599853515625,2.97,2.13719047619048,4.98736,0.08,0.666316238095238
2005-03-30,1.2944,1.8816,0.009317059536010435,0.8358408559010365,13.64,4.56,2.77,1181.4100341796875,2.97,2.13719047619048,4.98736,0.08,0.666316238095238
2005-03-31,1.2969,1.8888,0.009326618168252192,0.8366800535475234,14.02,4.5,2.73,1180.5899658203125,2.97,2.13719047619048,4.98736,0.08,0.666316238095238
2005-04-01,1.2896,1.8789,0.009296272194849865,0.8304268393954493,14.09,4.46,2.74,1172.9200439453125,3.09,2.1372380952381,4.94336,0.08,0.67295219047619
2005-04-04,1.2838,1.8733,0.009235315847801994,0.8259002312520647,14.11,4.47,2.75,1176.1199951171875,3.09,2.1372380952381,4.94336,0.08,0.67295219047619
2005-04-05,1.2842,1.8773,0.009222539887485013,0.8278145695364238,13.68,4.48,2.74,1181.3900146484375,3.09,2.1372380952381,4.94336,0.08,0.67295219047619
2005-04-06,1.2868,1.8787,0.009202171712524156,0.8291186468783683,13.15,4.44,2.71,1184.0699462890625,3.09,2.1372380952381,4.94336,0.08,0.67295219047619
2005-04-07,1.2906,1.8768,0.009221689413500553,0.8325008325008325,12.33,4.49,2.71,1191.1400146484375,3.09,2.1372380952381,4.94336,0.08,0.67295219047619
2005-04-08,1.2912,1.8824,0.009237021984112321,0.8343763037129747,12.62,4.5,2.73,1181.199951171875,3.09,2.1372380952381,4.94336,0.08,0.67295219047619
2005-04-11,1.2972,1.8908,0.009277298450691158,0.8378718056137411,11.98,4.45,2.71,1181.2099609375,3.09,2.1372380952381,4.94336,0.08,0.67295219047619
2005-04-12,1.2873,1.8842,0.009237021984112321,0.8307717869901138,11.3,4.38,2.71,1187.760009765625,3.09,2.1372380952381,4.94336,0.08,0.67295219047619
2005-04-13,1.2918,1.893,0.009317927692881103,0.8333333333333334,13.31,4.38,2.72,1173.7900390625,3.09,2.1372380952381,4.94336,0.08,0.67295219047619
2005-04-14,1.2819,1.8806,0.009243852837862821,0.8240626287597858,14.53,4.37,2.72,1162.050048828125,3.09,2.1372380952381,4.94336,0.08,0.67295219047619
2005-04-15,1.2928,1.893,0.009289363678588016,0.8325701440346349,17.74,4.27,2.73,1142.6199951171875,3.09,2.1372380952381,4.94336,0.08,0.67295219047619
2005-04-18,1.3037,1.9052,0.009311853990129435,0.8433836552247618,16.56,4.27,2.85,1145.97998046875,3.09,2.1372380952381,4.94336,0.08,0.67295219047619
2005-04-19,1.3034,1.9165,0.009344047841524948,0.8443806467955756,14.96,4.21,2.85,1152.780029296875,3.09,2.1372380952381,4.94336,0.08,0.67295219047619
2005-04-20,1.308,1.9197,0.009361542782250515,0.847673137238281,16.92,4.22,2.81,1137.5,3.09,2.1372380952381,4.94336,0.08,0.67295219047619
2005-04-21,1.3093,1.9104,0.009358914365933552,0.848320325755005,14.41,4.32,2.82,1159.949951171875,3.09,2.1372380952381,4.94336,0.08,0.67295219047619
2005-04-22,1.3068,1.9151,0.00944733112895607,0.8459521191100584,15.38,4.26,2.87,1152.1199951171875,3.09,2.1372380952381,4.94336,0.08,0.67295219047619
2005-04-25,1.2984,1.9117,0.009463423866754991,0.8413967185527977,14.62,4.26,2.88,1162.0999755859375,3.09,2.1372380952381,4.94336,0.08,0.67295219047619
2005-04-26,1.2964,1.904,0.00943129303027445,0.8407600470825626,14.91,4.28,2.86,1151.8299560546875,3.09,2.1372380952381,4.94336,0.08,0.67295219047619
2005-04-27,1.2938,1.9047,0.009435742592942064,0.8389261744966443,14.87,4.25,2.83,1156.3800048828125,3.09,2.1372380952381,4.94336,0.08,0.67295219047619
2005-04-28,1.2916,1.9097,0.009436633009342266,0.8390669575432119,16.86,4.19,2.82,1143.219970703125,3.09,2.1372380952381,4.94336,0.08,0.67295219047619
2005-04-29,1.2919,1.9122,0.0095565749235474,0.8404773911581779,15.31,4.21,2.84,1156.8499755859375,3.09,2.1372380952381,4.94336,0.08,0.67295219047619
2005-05-02,1.2857,1.8959,0.009517464547444562,0.8347245409015025,15.12,4.21,2.88,1162.1600341796875,3.22,2.12563636363636,4.89375,0.08,0.67066215
2005-05-03,1.2889,1.891,0.009509319132750096,0.835282325425994,14.53,4.21,2.85,1161.1700439453125,3.22,2.12563636363636,4.89375,0.08,0.67066215
2005-05-04,1.2936,1.9,0.009544716999140977,0.8384338056510438,13.85,4.2,2.81,1175.6500244140625,3.22,2.12563636363636,4.89375,0.08,0.67066215
2005-05-05,1.2936,1.9048,0.009577626664112633,0.8354916868577157,13.98,4.19,2.75,1172.6300048828125,3.22,2.12563636363636,4.89375,0.08,0.67066215
2005-05-06,1.2832,1.892,0.009530162965786714,0.829324929507381,14.05,4.28,2.8,1171.3499755859375,3.22,2.12563636363636,4.89375,0.08,0.67066215
2005-05-09,1.2839,1.8836,0.009475080538184574,0.829393713195654,13.75,4.29,2.86,1178.8399658203125,3.22,2.12563636363636,4.89375,0.08,0.67066215
2005-05-10,1.2877,1.8828,0.00947597839476926,0.832639467110741,14.91,4.23,2.84,1166.219970703125,3.22,2.12563636363636,4.89375,0.08,0.67066215
2005-05-11,1.2803,1.8735,0.009457159069415548,0.8287063893262616,14.45,4.21,2.81,1171.1099853515625,3.22,2.12563636363636,4.89375,0.08,0.67066215
2005-05-12,1.2706,1.865,0.009373828271466066,0.8229098090849243,16.12,4.18,2.82,1159.3599853515625,3.22,2.12563636363636,4.89375,0.08,0.67066215
2005-05-13,1.2645,1.853,0.009333582228859437,0.8178621084485157,16.32,4.12,2.76,1154.050048828125,3.22,2.12563636363636,4.89375,0.08,0.67066215
2005-05-16,1.263,1.8368,0.009344047841524948,0.8181297553792032,15.68,4.13,2.84,1165.68994140625,3.22,2.12563636363636,4.89375,0.08,0.67066215
2005-05-17,1.2644,1.8401,0.009332711152589827,0.8193363375665711,14.57,4.12,2.82,1173.800048828125,3.22,2.12563636363636,4.89375,0.08,0.67066215
2005-05-18,1.266,1.8382,0.009341429238673517,0.820411846747067,13.63,4.07,2.8,1185.56005859375,3.22,2.12563636363636,4.89375,0.08,0.67066215
2005-05-19,1.2628,1.8367,0.009308386856557757,0.8173273395995095,13.32,4.11,2.81,1191.0799560546875,3.22,2.12563636363636,4.89375,0.08,0.67066215
2005-05-20,1.2553,1.8246,0.00924470740501063,0.8107012565869477,13.14,4.13,2.83,1189.280029296875,3.22,2.12563636363636,4.89375,0.08,0.67066215
2005-05-23,1.2575,1.8288,0.00928332714444857,0.8122816992933148,12.95,4.07,2.91,1193.8599853515625,3.22,2.12563636363636,4.89375,0.08,0.67066215
2005-05-24,1.2588,1.8288,0.009305788200260562,0.8134710811030668,12.69,4.04,2.88,1194.0699462890625,3.22,2.12563636363636,4.89375,0.08,0.67066215
2005-05-25,1.2602,1.8312,0.0092824654228163,0.8153946510110894,12.58,4.08,2.89,1190.010009765625,3.22,2.12563636363636,4.89375,0.08,0.67066215
2005-05-26,1.2517,1.8205,0.009263547938860583,0.8091269520187717,12.24,4.08,2.88,1197.6199951171875,3.22,2.12563636363636,4.89375,0.08,0.67066215
2005-05-27,1.2568,1.8227,0.009269558769002597,0.8114248620577735,12.15,4.08,2.9,1198.780029296875,3.22,2.12563636363636,4.89375,0.08,0.67066215
2005-05-30,,,,,,,,,3.22,2.12563636363636,4.89375,0.08,0.67066215
2005-05-31,1.2349,1.8231,0.009261831990367694,0.8034064433196755,13.29,4.0,2.93,1191.5,3.22,2.12563636363636,4.89375,0.08,0.67066215
2005-06-01,1.2232,1.812,0.009223390518354546,0.7981482959533882,12.36,3.91,2.91,1202.219970703125,3.38,2.11104545454545,4.84144,0.09,0.672201227272727
2005-06-02,1.2266,1.8156,0.009232757824762256,0.7990411506192568,11.84,3.89,2.91,1204.2900390625,3.38,2.11104545454545,4.84144,0.09,0.672201227272727
2005-06-03,1.2227,1.8119,0.009272997032640949,0.7971303308090874,12.15,3.98,2.94,1196.02001953125,3.38,2.11104545454545,4.84144,0.09,0.672201227272727
2005-06-06,1.2268,1.8209,0.009358038555118848,0.8007046200656578,12.28,3.96,2.96,1197.510009765625,3.38,2.11104545454545,4.84144,0.09,0.672201227272727
2005-06-07,1.2277,1.832,0.009377344336084021,0.8023106546854942,12.39,3.92,2.96,1197.260009765625,3.38,2.11104545454545,4.84144,0.09,0.672201227272727
2005-06-08,1.232,1.8368,0.009355412105903266,0.8028259473346179,12.7,3.95,2.96,1194.6700439453125,3.38,2.11104545454545,4.84144,0.09,0.672201227272727
2005-06-09,1.2216,1.8209,0.009300595238095238,0.7966857871255576,12.08,3.98,2.93,1200.9300537109375,3.38,2.11104545454545,4.84144,0.09,0.672201227272727
2005-06-10,1.2127,1.8128,0.009220839096357769,0.7881462799495587,11.96,4.05,2.94,1198.1099853515625,3.38,2.11104545454545,4.84144,0.09,0.672201227272727
2005-06-13,1.2035,1.8011,0.009125752874612156,0.7825950853028643,11.65,4.09,2.97,1200.8199462890625,3.38,2.11104545454545,4.84144,0.09,0.672201227272727
2005-06-14,1.2038,1.8062,0.009142439202779302,0.7827175954915466,11.79,4.13,2.95,1203.9100341796875,3.38,2.11104545454545,4.84144,0.09,0.672201227272727
2005-06-15,1.2106,1.8219,0.009145783793671118,0.7867820613690009,11.46,4.12,2.94,1206.5799560546875,3.38,2.11104545454545,4.84144,0.09,0.672201227272727
2005-06-16,1.2089,1.8206,0.009167583425009168,0.7848061528802386,11.15,4.09,2.91,1210.9599609375,3.38,2.11104545454545,4.84144,0.09,0.672201227272727
2005-06-17,1.224,1.8266,0.009188642837452908,0.791702953052015,11.48,4.09,2.92,1216.9599609375,3.38,2.11104545454545,4.84144,0.09,0.672201227272727
2005-06-20,1.214,1.8231,0.009139097057210747,0.7860399308284861,11.47,4.11,2.96,1216.0999755859375,3.38,2.11104545454545,4.84144,0.09,0.672201227272727
2005-06-21,1.2134,1.824,0.009214891264283083,0.7872775940796725,11.08,4.06,2.96,1213.6099853515625,3.38,2.11104545454545,4.84144,0.09,0.672201227272727
2005-06-22,1.213,1.8218,0.00918357975939021,0.7867201636377941,11.05,3.95,2.97,1213.8800048828125,3.38,2.11104545454545,4.84144,0.09,0.672201227272727
2005-06-23,1.2054,1.818,0.009192021325489474,0.7827175954915466,12.13,3.96,3.0,1200.72998046875,3.38,2.11104545454545,4.84144,0.09,0.672201227272727
2005-06-24,1.2088,1.8221,0.009155832265152902,0.7843752451172642,12.18,3.92,3.02,1191.5699462890625,3.38,2.11104545454545,4.84144,0.09,0.672201227272727
2005-06-27,1.2152,1.8252,0.009141603437242893,0.7877737513786041,12.52,3.9,3.09,1190.68994140625,3.38,2.11104545454545,4.84144,0.09,0.672201227272727
2005-06-28,1.2078,1.8157,0.0091000091000091,0.781799702916113,11.58,3.97,3.08,1201.5699462890625,3.38,2.11104545454545,4.84144,0.09,0.672201227272727
2005-06-29,1.2101,1.808,0.009068649678062937,0.782105427811669,11.77,3.99,3.06,1199.8499755859375,3.38,2.11104545454545,4.84144,0.09,0.672201227272727
2005-06-30,1.2098,1.793,0.00901631953836444,0.7796055196070788,12.04,3.94,3.06,1191.3299560546875,3.38,2.11104545454545,4.84144,0.09,0.672201227272727
2005-07-01,1.1957,1.7708,0.008954154727793696,0.7713073659853452,11.4,4.06,3.1,1194.43994140625,3.57,2.11942857142857,4.65794,0.09,0.666276380952381
2005-07-04,,,,,,,,,3.57,2.11942857142857,4.65794,0.09,0.666276380952381
2005-07-05,1.1917,1.757,0.008959770629871876,0.7671064743786437,11.68,4.11,3.15,1204.989990234375,3.57,2.11942857142857,4.65794,0.09,0.666276380952381
2005-07-06,1.1918,1.7583,0.00892299455697332,0.7668123610152595,12.27,4.08,3.12,1194.93994140625,3.57,2.11942857142857,4.65794,0.09,0.666276380952381
2005-07-07,1.1928,1.7418,0.008922198429693077,0.7705347511172753,12.49,4.05,3.08,1197.8699951171875,3.57,2.11942857142857,4.65794,0.09,0.666276380952381
2005-07-08,1.1934,1.736,0.00891503967192654,0.7680491551459293,11.45,4.11,3.1,1211.8599853515625,3.57,2.11942857142857,4.65794,0.09,0.666276380952381
2005-07-11,1.2066,1.7563,0.008947745168217608,0.7760360080707746,11.28,4.11,3.13,1219.43994140625,3.57,2.11942857142857,4.65794,0.09,0.666276380952381
2005-07-12,1.22,1.7753,0.009013881377321075,0.7840677434530343,10.95,4.15,3.14,1222.2099609375,3.57,2.11942857142857,4.65794,0.09,0.666276380952381
2005-07-13,1.209,1.7554,0.008922198429693077,0.7751937984496123,10.84,4.17,3.15,1223.2900390625,3.57,2.11942857142857,4.65794,0.09,0.666276380952381
2005-07-14,1.2089,1.7585,0.008917424647761726,0.7752538956508256,10.81,4.19,3.16,1226.5,3.57,2.11942857142857,4.65794,0.09,0.666276380952381
2005-07-15,1.2037,1.7533,0.008903133903133903,0.7714858818083629,10.33,4.18,3.18,1227.9200439453125,3.57,2.11942857142857,4.65794,0.09,0.666276380952381
2005-07-18,1.2077,1.7523,0.008958967926894821,0.774233508826262,10.77,4.22,3.23,1221.1300048828125,3.57,2.11942857142857,4.65794,0.09,0.666276380952381
2005-07-19,1.2001,1.7364,0.008853474988933156,0.7671653241273494,10.45,4.2,3.24,1229.3499755859375,3.57,2.11942857142857,4.65794,0.09,0.666276380952381
2005-07-20,1.2046,1.7303,0.00881678716275789,0.7709505820676895,10.23,4.17,3.23,1235.199951171875,3.57,2.11942857142857,4.65794,0.09,0.666276380952381
2005-07-21,1.2113,1.7471,0.009052231375033946,0.775975789555366,10.97,4.28,3.27,1227.0400390625,3.57,2.11942857142857,4.65794,0.09,0.666276380952381
2005-07-22,1.2079,1.7413,0.009010632546404758,0.7721411474017451,10.52,4.23,3.3,1233.6800537109375,3.57,2.11942857142857,4.65794,0.09,0.666276380952381
2005-07-25,1.2054,1.7455,0.008961376467425397,0.7713073659853452,11.1,4.25,3.37,1229.030029296875,3.57,2.11942857142857,4.65794,0.09,0.666276380952381
2005-07-26,1.2007,1.7415,0.008904719501335707,0.7688167909587146,10.99,4.24,3.36,1231.1600341796875,3.57,2.11942857142857,4.65794,0.09,0.666276380952381
2005-07-27,1.2048,1.7438,0.008904719501335707,0.7700600646850454,10.36,4.27,3.33,1236.7900390625,3.57,2.11942857142857,4.65794,0.09,0.666276380952381
2005-07-28,1.2121,1.7547,0.008901548869503293,0.7763975155279503,10.52,4.2,3.33,1243.719970703125,3.57,2.11942857142857,4.65794,0.09,0.666276380952381
2005-07-29,1.2129,1.7593,0.008908685968819599,0.7770007770007771,11.57,4.28,3.34,1234.1800537109375,3.57,2.11942857142857,4.65794,0.09,0.666276380952381
2005-08-01,1.2195,1.7695,0.008919015340706386,0.7824726134585289,12.08,4.32,3.41,1235.3499755859375,3.77,2.13247826086957,4.59465,0.09,0.675881090909091
2005-08-02,1.2209,1.7728,0.008986340762041696,0.7841292244961969,11.75,4.34,3.41,1244.1199951171875,3.77,2.13247826086957,4.59465,0.09,0.675881090909091
2005-08-03,1.2337,1.7808,0.0090049527239982,0.7926442612555484,11.83,4.3,3.38,1245.0400390625,3.77,2.13247826086957,4.59465,0.09,0.675881090909091
2005-08-04,1.2383,1.7797,0.008995232526760816,0.7946598855689765,12.52,4.32,3.39,1235.8599853515625,3.77,2.13247826086957,4.59465,0.09,0.675881090909091
2005-08-05,1.2327,1.7748,0.00892140244446427,0.7897022822395957,12.48,4.4,3.44,1226.4200439453125,3.77,2.13247826086957,4.59465,0.09,0.675881090909091
2005-08-08,1.2361,1.7863,0.008938946992044337,0.7932101213611487,13.21,4.42,3.47,1223.1300048828125,3.77,2.13247826086957,4.59465,0.09,0.675881090909091
2005-08-09,1.2347,1.7844,0.00892299455697332,0.7925186241876684,12.4,4.41,3.44,1231.3800048828125,3.77,2.13247826086957,4.59465,0.09,0.675881090909091
2005-08-10,1.2345,1.7922,0.009035872413481522,0.7931472081218275,12.38,4.4,3.43,1229.1300048828125,3.77,2.13247826086957,4.59465,0.09,0.675881090909091
2005-08-11,1.2434,1.8071,0.009097525473071324,0.8008328661808282,12.42,4.32,3.43,1237.81005859375,3.77,2.13247826086957,4.59465,0.09,0.675881090909091
2005-08-12,1.2428,1.8148,0.009128251939753538,0.8006405124099278,12.74,4.24,3.44,1230.3900146484375,3.77,2.13247826086957,4.59465,0.09,0.675881090909091
2005-08-15,1.2362,1.8088,0.009140767824497258,0.7966223213574444,12.26,4.27,3.47,1233.8699951171875,3.77,2.13247826086957,4.59465,0.09,0.675881090909091
2005-08-16,1.2342,1.8096,0.009143275121148394,0.7953551260637874,13.52,4.23,3.46,1219.3399658203125,3.77,2.13247826086957,4.59465,0.09,0.675881090909091
2005-08-17,1.229,1.8076,0.009121590805436468,0.7937767899666613,13.3,4.28,3.44,1220.239990234375,3.77,2.13247826086957,4.59465,0.09,0.675881090909091
2005-08-18,1.2178,1.7949,0.00904649900488511,0.7870916961826053,13.42,4.21,3.42,1219.02001953125,3.77,2.13247826086957,4.59465,0.09,0.675881090909091
2005-08-19,1.2147,1.7933,0.009035056017347307,0.7839448102853559,13.42,4.21,3.44,1219.7099609375,3.77,2.13247826086957,4.59465,0.09,0.675881090909091
2005-08-22,1.2235,1.8022,0.009111617312072893,0.7878978884336589,13.42,4.22,3.46,1221.72998046875,3.77,2.13247826086957,4.59465,0.09,0.675881090909091
2005-08-23,1.2213,1.7996,0.009104980424292088,0.7860399308284861,13.34,4.2,3.46,1217.5899658203125,3.77,2.13247826086957,4.59465,0.09,0.675881090909091
2005-08-24,1.2239,1.7965,0.009062075215224287,0.7883948281299274,14.17,4.19,3.45,1209.5899658203125,3.77,2.13247826086957,4.59465,0.09,0.675881090909091
2005-08-25,1.2311,1.8045,0.009099181073703366,0.7964319847085058,13.73,4.18,3.46,1212.3699951171875,3.77,2.13247826086957,4.59465,0.09,0.675881090909091
2005-08-26,1.2324,1.8066,0.00910332271279017,0.7973845785822502,13.72,4.2,3.47,1205.0999755859375,3.77,2.13247826086957,4.59465,0.09,0.675881090909091
2005-08-29,1.2248,1.8006,0.009047317470370035,0.7910140800506249,13.52,4.2,3.47,1212.280029296875,3.77,2.13247826086957,4.59465,0.09,0.675881090909091
2005-08-30,1.2204,1.784,0.008969414297246391,0.7872156183578682,13.65,4.16,3.46,1208.4100341796875,3.77,2.13247826086957,4.59465,0.09,0.675881090909091
2005-08-31,1.233,1.8012,0.009022013713460845,0.7970667941973538,12.6,4.02,3.44,1220.3299560546875,3.77,2.13247826086957,4.59465,0.09,0.675881090909091
2005-09-01,1.2447,1.8279,0.00907770515613653,0.8064516129032259,13.15,4.02,3.4,1221.5899658203125,3.87,2.13913636363636,4.59686,0.09,0.674919636363636
2005-09-02,1.2538,1.8403,0.009119095385737736,0.813868316106454,13.57,4.03,3.38,1218.02001953125,3.87,2.13913636363636,4.59686,0.09,0.674919636363636
2005-09-05,,,,,,,,,3.87,2.13913636363636,4.59686,0.09,0.674919636363636
2005-09-06,1.2483,1.842,0.009118263882556762,0.8086689309396734,12.93,4.09,3.45,1233.3900146484375,3.87,2.13913636363636,4.59686,0.09,0.674919636363636
2005-09-07,1.2439,1.8394,0.009085953116481919,0.8065166545689169,12.52,4.15,3.41,1236.3599853515625,3.87,2.13913636363636,4.59686,0.09,0.674919636363636
2005-09-08,1.24,1.8388,0.009050592813829306,0.8037293039704227,12.93,4.15,3.4,1231.6700439453125,3.87,2.13913636363636,4.59686,0.09,0.674919636363636
2005-09-09,1.2433,1.84,0.009116601331023794,0.805607024893257,11.98,4.14,3.41,1241.47998046875,3.87,2.13913636363636,4.59686,0.09,0.674919636363636
2005-09-12,1.2288,1.8236,0.00909835319807115,0.7955449482895784,11.65,4.18,3.44,1240.56005859375,3.87,2.13913636363636,4.59686,0.09,0.674919636363636
2005-09-13,1.2263,1.8214,0.009021199819576005,0.7920792079207921,12.39,4.14,3.4,1231.199951171875,3.87,2.13913636363636,4.59686,0.09,0.674919636363636
2005-09-14,1.2282,1.8244,0.009068649678062937,0.7949757532395262,12.91,4.17,3.35,1227.1600341796875,3.87,2.13913636363636,4.59686,0.09,0.674919636363636
2005-09-15,1.2216,1.8069,0.009051412020275162,0.7890791446382072,12.49,4.22,3.37,1227.72998046875,3.87,2.13913636363636,4.59686,0.09,0.674919636363636
2005-09-16,1.2214,1.8035,0.00897827258035554,0.7867820613690009,11.22,4.26,3.42,1237.9100341796875,3.87,2.13913636363636,4.59686,0.09,0.674919636363636
2005-09-19,1.2153,1.8041,0.008984725965858042,0.7836376459525115,12.14,4.25,3.51,1231.02001953125,3.87,2.13913636363636,4.59686,0.09,0.674919636363636
2005-09-20,1.2177,1.8046,0.008965393580778195,0.7838833581563063,12.64,4.26,3.54,1221.3399658203125,3.87,2.13913636363636,4.59686,0.09,0.674919636363636
2005-09-21,1.2208,1.8097,0.008982304859426929,0.7867820613690009,13.79,4.19,3.34,1210.199951171875,3.87,2.13913636363636,4.59686,0.09,0.674919636363636
2005-09-22,1.2153,1.7917,0.008958165367732689,0.7820442637053258,13.33,4.19,3.39,1214.6199951171875,3.87,2.13913636363636,4.59686,0.09,0.674919636363636
2005-09-23,1.2077,1.7788,0.00891503967192654,0.775975789555366,12.96,4.25,3.4,1215.2900390625,3.87,2.13913636363636,4.59686,0.09,0.674919636363636
2005-09-26,1.2036,1.7746,0.008896005693443645,0.7730962504831851,13.04,4.3,3.46,1215.6300048828125,3.87,2.13913636363636,4.59686,0.09,0.674919636363636
2005-09-27,1.2011,1.7677,0.008824567596187787,0.7711884013264441,12.76,4.3,3.42,1215.6600341796875,3.87,2.13913636363636,4.59686,0.09,0.674919636363636
2005-09-28,1.2016,1.7639,0.008828462964597864,0.7715454054471106,12.63,4.26,3.39,1216.8900146484375,3.87,2.13913636363636,4.59686,0.09,0.674919636363636
2005-09-29,1.202,1.762,0.0088386070355312,0.771366862079605,12.24,4.29,3.46,1227.6800537109375,3.87,2.13913636363636,4.59686,0.09,0.674919636363636
2005-09-30,1.2058,1.7696,0.008826904404625297,0.7757951900698216,11.92,4.34,3.47,1228.81005859375,3.87,2.13913636363636,4.59686,0.09,0.674919636363636
2005-10-03,1.1914,1.7558,0.008758868354208636,0.7679311933650744,12.46,4.39,3.54,1226.699951171875,4.13,2.19661904761905,4.58701,0.09,0.722154380952381
2005-10-04,1.1918,1.7587,0.008746610688358261,0.7681671531725303,13.2,4.38,3.55,1214.469970703125,4.13,2.19661904761905,4.58701,0.09,0.722154380952381
2005-10-05,1.1984,1.7655,0.008793527963418923,0.773814129846011,14.55,4.36,3.5,1196.3900146484375,4.13,2.19661904761905,4.58701,0.09,0.722154380952381
2005-10-06,1.2133,1.7728,0.008807468733485996,0.7844983133286264,14.96,4.37,3.52,1191.489990234375,4.13,2.19661904761905,4.58701,0.09,0.722154380952381
2005-10-07,1.2115,1.7599,0.008785802143735724,0.7814942169427945,14.59,4.35,3.54,1195.9000244140625,4.13,2.19661904761905,4.58701,0.09,0.722154380952381
2005-10-10,,,,,15.55,,,1187.3299560546875,4.13,2.19661904761905,4.58701,0.09,0.722154380952381
2005-10-11,1.2015,1.7489,0.00875580071797566,0.7763975155279503,15.63,4.39,3.65,1184.8699951171875,4.13,2.19661904761905,4.58701,0.09,0.722154380952381
2005-10-12,1.204,1.7532,0.008744316194473592,0.7782101167315175,16.22,4.45,3.62,1177.6800537109375,4.13,2.19661904761905,4.58701,0.09,0.722154380952381
2005-10-13,1.1938,1.7484,0.008697921196833956,0.7701786814540974,16.47,4.48,3.66,1176.8399658203125,4.13,2.19661904761905,4.58701,0.09,0.722154380952381
2005-10-14,1.2073,1.7677,0.008769622029290538,0.778694907335306,14.87,4.48,3.69,1186.5699462890625,4.13,2.19661904761905,4.58701,0.09,0.722154380952381
2005-10-17,1.204,1.7553,0.008706251088281386,0.774593338497289,14.67,4.5,3.78,1190.0999755859375,4.13,2.19661904761905,4.58701,0.09,0.722154380952381
2005-10-18,1.1939,1.7487,0.008642295393656556,0.7680491551459293,15.33,4.49,3.77,1178.1400146484375,4.13,2.19661904761905,4.58701,0.09,0.722154380952381
2005-10-19,1.1988,1.7627,0.008660258075690656,0.7725587144622992,13.5,4.47,3.77,1195.760009765625,4.13,2.19661904761905,4.58701,0.09,0.722154380952381
2005-10-20,1.1982,1.7712,0.008659508139937652,0.7742934572202864,16.11,4.46,3.76,1177.800048828125,4.13,2.19661904761905,4.58701,0.09,0.722154380952381
2005-10-21,1.1958,1.7692,0.008625894936599671,0.774233508826262,16.13,4.39,3.77,1179.5899658203125,4.13,2.19661904761905,4.58701,0.09,0.722154380952381
2005-10-24,1.1998,1.7711,0.008682062858135092,0.7777864198491093,14.74,4.45,3.84,1199.3800048828125,4.13,2.19661904761905,4.58701,0.09,0.722154380952381
2005-10-25,1.2099,1.7855,0.008712319219376197,0.7835762419683435,14.53,4.54,3.84,1196.5400390625,4.13,2.19661904761905,4.58701,0.09,0.722154380952381
2005-10-26,1.2082,1.7766,0.008634832915983076,0.7806401249024201,14.59,4.6,3.81,1191.3800048828125,4.13,2.19661904761905,4.58701,0.09,0.722154380952381
2005-10-27,1.2148,1.7836,0.00868507903421921,0.7854842510407667,16.02,4.57,3.79,1178.9000244140625,4.13,2.19661904761905,4.58701,0.09,0.722154380952381
2005-10-28,1.2089,1.7781,0.00865650969529086,0.7832693663350827,14.25,4.58,3.83,1198.4100341796875,4.13,2.19661904761905,4.58701,0.09,0.722154380952381
2005-10-31,1.1995,1.7689,0.008594018563080097,0.7751937984496123,15.32,4.57,3.89,1207.010009765625,4.13,2.19661904761905,4.58701,0.09,0.722154380952381
2005-11-01,1.1998,1.763,0.008574123295892995,0.7750135627373479,14.85,4.58,3.87,1202.760009765625,4.31,2.36086363636364,4.61847,0.09,0.865552090909091
2005-11-02,1.2067,1.7755,0.00856457690990065,0.7824726134585289,13.48,4.61,3.85,1214.760009765625,4.31,2.36086363636364,4.61847,0.09,0.865552090909091
2005-11-03,1.1971,1.772,0.008531695247845748,0.7756146746296441,13.0,4.65,3.85,1219.93994140625,4.31,2.36086363636364,4.61847,0.09,0.865552090909091
2005-11-04,1.1828,1.751,0.008460236886632826,0.7659900421294522,13.17,4.66,3.88,1220.1400146484375,4.31,2.36086363636364,4.61847,0.09,0.865552090909091
2005-11-07,1.1795,1.744,0.008505571149102662,0.7644675483525724,13.1,4.65,3.87,1222.81005859375,4.31,2.36086363636364,4.61847,0.09,0.865552090909091
2005-11-08,1.1773,1.7415,0.008539709649871904,0.7632422530911311,13.08,4.57,3.87,1218.5899658203125,4.31,2.36086363636364,4.61847,0.09,0.865552090909091
2005-11-09,1.1748,1.7415,0.008509914049868096,0.7624857033930613,12.8,4.64,3.9,1220.6500244140625,4.31,2.36086363636364,4.61847,0.09,0.865552090909091
2005-11-10,1.174,1.7462,0.008470986869970352,0.7633587786259541,11.9,4.55,3.88,1230.9599609375,4.31,2.36086363636364,4.61847,0.09,0.865552090909091
2005-11-11,,,,,11.63,,,1234.719970703125,4.31,2.36086363636364,4.61847,0.09,0.865552090909091
2005-11-14,1.1667,1.7349,0.008411843876177659,0.7574609907589759,12.18,4.61,3.93,1233.760009765625,4.31,2.36086363636364,4.61847,0.09,0.865552090909091
2005-11-15,1.1695,1.7366,0.008408307407718826,0.7577479730241721,12.23,4.56,3.92,1229.010009765625,4.31,2.36086363636364,4.61847,0.09,0.865552090909091
2005-11-16,1.1672,1.7166,0.00839137366786943,0.7544322897019993,12.26,4.49,3.91,1231.2099609375,4.31,2.36086363636364,4.61847,0.09,0.865552090909091
2005-11-17,1.1706,1.719,0.0084167999326656,0.75642965204236,11.25,4.46,3.92,1242.800048828125,4.31,2.36086363636364,4.61847,0.09,0.865552090909091
2005-11-18,1.1741,1.7147,0.008388558006878618,0.7582650894752806,11.12,4.5,3.91,1248.27001953125,4.31,2.36086363636364,4.61847,0.09,0.865552090909091
2005-11-21,1.1734,1.7165,0.008401243384020835,0.7581501137225171,10.82,4.46,3.91,1254.8499755859375,4.31,2.36086363636364,4.61847,0.09,0.865552090909091
2005-11-22,1.1737,1.7138,0.008387854386847844,0.7578628268283442,10.6,4.43,3.84,1261.22998046875,4.31,2.36086363636364,4.61847,0.09,0.865552090909091
2005-11-23,1.1799,1.7214,0.00842034355001684,0.7608034083992696,10.96,4.47,3.86,1265.6099853515625,4.31,2.36086363636364,4.61847,0.09,0.865552090909091
2005-11-24,,,,,,,,,4.31,2.36086363636364,4.61847,0.09,0.865552090909091
2005-11-25,1.1724,1.7155,0.008357709987463435,0.7577479730241721,10.88,4.43,3.86,1268.25,4.31,2.36086363636364,4.61847,0.09,0.865552090909091
2005-11-28,1.1804,1.7221,0.008385744234800839,0.7627765064836003,11.84,4.41,3.89,1257.4599609375,4.31,2.36086363636364,4.61847,0.09,0.865552090909091
2005-11-29,1.1786,1.7203,0.008369601606963508,0.7614406457016676,11.89,4.48,3.89,1257.47998046875,4.31,2.36086363636364,4.61847,0.09,0.865552090909091
2005-11-30,1.179,1.7321,0.008357011532675915,0.76057195010648,12.06,4.49,3.86,1249.47998046875,4.31,2.36086363636364,4.61847,0.09,0.865552090909091
2005-12-01,1.1702,1.729,0.0082904990880451,0.757002271006813,11.24,4.52,3.88,1264.6700439453125,4.45,2.47285714285714,4.63732,0.1,0.9330752
2005-12-02,1.1699,1.7304,0.008280202036929701,0.7576905591756327,11.01,4.52,3.9,1265.0799560546875,4.45,2.47285714285714,4.63732,0.1,0.9330752
2005-12-05,1.1787,1.7397,0.008276090374906894,0.7643506840938622,11.6,4.57,3.95,1262.0899658203125,4.45,2.47285714285714,4.63732,0.1,0.9330752
2005-12-06,1.1784,1.7402,0.008276775368316504,0.765345170671973,11.52,4.49,3.95,1263.699951171875,4.45,2.47285714285714,4.63732,0.1,0.9330752
2005-12-07,1.1722,1.735,0.008269246671628214,0.7613826709304097,12.18,4.52,3.94,1257.3699951171875,4.45,2.47285714285714,4.63732,0.1,0.9330752
2005-12-08,1.183,1.7514,0.008314625426124553,0.7694083249980764,12.21,4.47,3.85,1255.8399658203125,4.45,2.47285714285714,4.63732,0.1,0.9330752
2005-12-09,1.1824,1.7554,0.008296001327360213,0.7678132678132679,11.69,4.54,3.85,1259.3699951171875,4.45,2.47285714285714,4.63732,0.1,0.9330752
2005-12-12,1.1969,1.774,0.008340283569641367,0.7763975155279503,11.47,4.56,3.83,1260.4300537109375,4.45,2.47285714285714,4.63732,0.1,0.9330752
2005-12-13,1.1926,1.7674,0.00832570144034635,0.7720815318097591,11.11,4.54,3.83,1267.4300537109375,4.45,2.47285714285714,4.63732,0.1,0.9330752
2005-12-14,1.2041,1.7739,0.008560910880917729,0.781983109164842,10.48,4.45,3.81,1272.739990234375,4.45,2.47285714285714,4.63732,0.1,0.9330752
2005-12-15,1.1965,1.7648,0.00858000858000858,0.7758553805570642,10.73,4.47,3.84,1270.93994140625,4.45,2.47285714285714,4.63732,0.1,0.9330752
2005-12-16,1.2012,1.7716,0.008637070305752288,0.7753741180119407,10.68,4.45,3.84,1267.3199462890625,4.45,2.47285714285714,4.63732,0.1,0.9330752
2005-12-19,1.1996,1.7641,0.00861994655633135,0.7732755954222086,11.38,4.45,3.89,1259.9200439453125,4.45,2.47285714285714,4.63732,0.1,0.9330752
2005-12-20,1.1848,1.7544,0.00854627809588924,0.7627765064836003,11.19,4.47,3.88,1259.6199951171875,4.45,2.47285714285714,4.63732,0.1,0.9330752
2005-12-21,1.1816,1.7402,0.008517887563884156,0.7602828252109786,10.81,4.49,3.9,1262.7900390625,4.45,2.47285714285714,4.63732,0.1,0.9330752
2005-12-22,1.1883,1.7395,0.00858000858000858,0.7631840036632832,10.29,4.44,3.89,1268.1199951171875,4.45,2.47285714285714,4.63732,0.1,0.9330752
2005-12-23,1.1857,1.7326,0.008592541673827118,0.76103500761035,10.27,4.38,3.9,1268.6600341796875,4.45,2.47285714285714,4.63732,0.1,0.9330752
2005-12-26,,,,,,,,,4.45,2.47285714285714,4.63732,0.1,0.9330752
2005-12-27,1.1856,1.7308,0.008541898009737764,0.7609191903819814,11.57,4.34,3.9,1256.5400390625,4.45,2.47285714285714,4.63732,0.1,0.9330752
2005-12-28,1.1875,1.7226,0.008501955449753443,0.7616726331022926,11.35,4.38,3.87,1258.1700439453125,4.45,2.47285714285714,4.63732,0.1,0.9330752
2005-12-29,1.1846,1.7261,0.008484642796538266,0.760861294985924,11.61,4.37,3.92,1254.4200439453125,4.45,2.47285714285714,4.63732,0.1,0.9330752
2005-12-30,1.1842,1.7188,0.00848320325755005,0.76057195010648,12.07,4.39,3.99,1248.2900390625,4.45,2.47285714285714,4.63732,0.1,0.9330752
2006-01-02,,,,,,,,,4.56,2.51168181818182,4.60368,0.1036,0.924489476190476
2006-01-03,1.198,1.7404,0.008595495960116899,0.7729169887154119,11.14,4.37,4.07,1268.800048828125,4.56,2.51168181818182,4.60368,0.1036,0.924489476190476
2006-01-04,1.2091,1.7588,0.008597713008339782,0.7811889696117491,11.37,4.36,4.09,1273.4599609375,4.56,2.51168181818182,4.60368,0.1036,0.924489476190476
2006-01-05,1.2101,1.7566,0.008623663332183512,0.7830853563038371,11.31,4.36,4.1,1273.47998046875,4.56,2.51168181818182,4.60368,0.1036,0.924489476190476
2006-01-06,1.2148,1.7697,0.00873743993010048,0.7877116975187081,11.0,4.38,4.12,1285.449951171875,4.56,2.51168181818182,4.60368,0.1036,0.924489476190476
2006-01-09,1.2064,1.7645,0.008721437292865864,0.7816163826793809,11.13,4.38,4.14,1290.1500244140625,4.56,2.51168181818182,4.60368,0.1036,0.924489476190476
2006-01-10,1.2063,1.7645,0.008722958827634334,0.7809449433814917,10.86,4.43,4.19,1289.68994140625,4.56,2.51168181818182,4.60368,0.1036,0.924489476190476
2006-01-11,1.2135,1.7643,0.008775008775008775,0.7852991989948169,10.94,4.46,4.2,1294.1800537109375,4.56,2.51168181818182,4.60368,0.1036,0.924489476190476
2006-01-12,1.2035,1.7612,0.008748141020033243,0.777665448324131,11.2,4.42,4.22,1286.06005859375,4.56,2.51168181818182,4.60368,0.1036,0.924489476190476
2006-01-13,1.2103,1.7715,0.008738967054094205,0.7813110399249941,11.23,4.36,4.23,1287.6099853515625,4.56,2.51168181818182,4.60368,0.1036,0.924489476190476
2006-01-16,,,,,,,,,4.56,2.51168181818182,4.60368,0.1036,0.924489476190476
2006-01-17,1.2073,1.7628,0.0086333419666753,0.7792410192472531,11.91,4.34,4.28,1282.9300537109375,4.56,2.51168181818182,4.60368,0.1036,0.924489476190476
2006-01-18,1.2083,1.7622,0.008669267446900737,0.7798487093503861,12.25,4.34,4.25,1277.9300537109375,4.56,2.51168181818182,4.60368,0.1036,0.924489476190476
2006-01-19,1.211,1.7618,0.008690362388111585,0.7799095304944627,11.98,4.38,4.25,1285.0400390625,4.56,2.51168181818182,4.60368,0.1036,0.924489476190476
2006-01-20,1.2101,1.7663,0.008664009703690868,0.779666302822392,14.56,4.37,4.25,1261.489990234375,4.56,2.51168181818182,4.60368,0.1036,0.924489476190476
2006-01-23,1.2276,1.7842,0.008720676724513822,0.7933359777865927,13.93,4.36,4.28,1263.8199462890625,4.56,2.51168181818182,4.60368,0.1036,0.924489476190476
2006-01-24,1.2287,1.7885,0.008730574471800244,0.7939658594680429,13.31,4.4,4.3,1266.8599853515625,4.56,2.51168181818182,4.60368,0.1036,0.924489476190476
2006-01-25,1.2252,1.7874,0.008640801866413203,0.7913896802785692,12.87,4.49,4.32,1264.6800537109375,4.56,2.51168181818182,4.60368,0.1036,0.924489476190476
2006-01-26,1.2229,1.783,0.008600670852326481,0.7883948281299274,12.42,4.53,4.34,1273.8299560546875,4.56,2.51168181818182,4.60368,0.1036,0.924489476190476
2006-01-27,1.213,1.7733,0.008535336292249915,0.781372089388967,11.97,4.52,4.34,1283.719970703125,4.56,2.51168181818182,4.60368,0.1036,0.924489476190476
2006-01-30,1.2091,1.7688,0.008507018290089324,0.777363184079602,12.39,4.54,4.38,1285.18994140625,4.56,2.51168181818182,4.60368,0.1036,0.924489476190476
2006-01-31,1.2158,1.782,0.008555783709787816,0.7822277847309137,12.95,4.53,4.37,1280.0799560546875,4.56,2.51168181818182,4.60368,0.1036,0.924489476190476
2006-02-01,1.2092,1.7781,0.00848536274925753,0.778755548633284,12.36,4.57,4.37,1282.4599609375,4.72,2.60035,4.58199,0.11,0.9967605
2006-02-02,1.21,1.7807,0.00845594452900389,0.7785130400934216,13.23,4.57,4.37,1270.8399658203125,4.72,2.60035,4.58199,0.11,0.9967605
2006-02-03,1.2021,1.7626,0.008406893652795292,0.7725587144622992,12.96,4.54,4.37,1264.030029296875,4.72,2.60035,4.58199,0.11,0.9967605
2006-02-06,1.1971,1.7462,0.008407600470825626,0.7685804319422028,13.04,4.55,4.38,1265.02001953125,4.72,2.60035,4.58199,0.11,0.9967605
2006-02-07,1.1974,1.7444,0.008473858147614609,0.7702973347712216,13.59,4.57,4.39,1254.780029296875,4.72,2.60035,4.58199,0.11,0.9967605
2006-02-08,1.1935,1.7405,0.008425309630128908,0.7673419275629221,12.83,4.56,4.4,1265.6500244140625,4.72,2.60035,4.58199,0.11,0.9967605
2006-02-09,1.1963,1.7411,0.008427439743805831,0.7686395080707149,13.12,4.54,4.41,1263.780029296875,4.72,2.60035,4.58199,0.11,0.9967605
2006-02-10,1.192,1.7454,0.008500510030601836,0.766342248448157,12.87,4.59,4.42,1266.989990234375,4.72,2.60035,4.58199,0.11,0.9967605
2006-02-13,1.1905,1.7438,0.008501232678738417,0.764876854826373,13.35,4.58,4.45,1262.8599853515625,4.72,2.60035,4.58199,0.11,0.9967605
2006-02-14,1.1895,1.7343,0.008515711487694796,0.7635336336565626,12.25,4.62,4.45,1275.530029296875,4.72,2.60035,4.58199,0.11,0.9967605
2006-02-15,1.1884,1.7401,0.008479606546256253,0.7629510948348212,12.31,4.61,4.44,1280.0,4.72,2.60035,4.58199,0.11,0.9967605
2006-02-16,1.1882,1.7354,0.008481044864727335,0.7617886798202179,11.48,4.59,4.44,1289.3800048828125,4.72,2.60035,4.58199,0.11,0.9967605
2006-02-17,1.1906,1.7403,0.008443806467955754,0.7620208793720947,12.01,4.54,4.43,1287.239990234375,4.72,2.60035,4.58199,0.11,0.9967605
2006-02-20,,,,,,,,,4.72,2.60035,4.58199,0.11,0.9967605
2006-02-21,1.1912,1.7447,0.008413967185527976,0.7644091117566121,12.41,4.57,4.46,1283.030029296875,4.72,2.60035,4.58199,0.11,0.9967605
2006-02-22,1.1905,1.7425,0.00843810648890389,0.7625438462711607,11.88,4.53,4.46,1292.6700439453125,4.72,2.60035,4.58199,0.11,0.9967605
2006-02-23,1.1923,1.7522,0.008547008547008548,0.7643506840938622,11.87,4.56,4.48,1287.7900390625,4.72,2.60035,4.58199,0.11,0.9967605
2006-02-24,1.1882,1.7448,0.008556515786771626,0.7599939200486395,11.46,4.58,4.49,1289.4300537109375,4.72,2.60035,4.58199,0.11,0.9967605
2006-02-27,1.186,1.7409,0.0086229197206174,0.7575183698204682,11.59,4.59,4.51,1294.1199951171875,4.72,2.60035,4.58199,0.11,0.9967605
2006-02-28,1.1925,1.7539,0.008634087376964255,0.7627183281214248,12.34,4.55,4.51,1280.6600341796875,4.72,2.60035,4.58199,0.11,0.9967605
2006-03-01,1.1899,1.7473,0.00860733344809778,0.759589821496392,11.54,4.59,4.49,1291.239990234375,4.88,2.72260869565217,4.58741,0.1255,1.11319943478261
2006-03-02,1.2003,1.7493,0.008615490652192644,0.7668123610152595,11.72,4.64,4.5,1289.1400146484375,4.88,2.72260869565217,4.58741,0.1255,1.11319943478261
2006-03-03,1.2028,1.7531,0.008586639189421262,0.7698229407236336,11.96,4.68,4.5,1287.22998046875,4.88,2.72260869565217,4.58741,0.1255,1.11319943478261
2006-03-06,1.2002,1.7492,0.008513536523071685,0.7691124442393478,12.74,4.74,4.49,1278.260009765625,4.88,2.72260869565217,4.58741,0.1255,1.11319943478261
2006-03-07,1.1888,1.7362,0.008491847826086956,0.7618467164406522,12.66,4.74,4.49,1275.8800048828125,4.88,2.72260869565217,4.58741,0.1255,1.11319943478261
2006-03-08,1.1914,1.7359,0.008481764206955046,0.7640586797066015,12.32,4.73,4.47,1278.469970703125,4.88,2.72260869565217,4.58741,0.1255,1.11319943478261
2006-03-09,1.192,1.7366,0.0084774499830451,0.761266747868453,12.68,4.74,4.48,1272.22998046875,4.88,2.72260869565217,4.58741,0.1255,1.11319943478261
2006-03-10,1.1886,1.7256,0.008398421096833796,0.7575183698204682,11.85,4.76,4.5,1281.4200439453125,4.88,2.72260869565217,4.58741,0.1255,1.11319943478261
2006-03-13,1.1942,1.731,0.008402655239055541,0.7609770945894528,11.37,4.77,4.5,1284.1300048828125,4.88,2.72260869565217,4.58741,0.1255,1.11319943478261
2006-03-14,1.2025,1.7479,0.008520790729379687,0.7687576875768758,10.74,4.71,4.48,1297.47998046875,4.88,2.72260869565217,4.58741,0.1255,1.11319943478261
2006-03-15,1.2045,1.746,0.008525149190110827,0.7692899453804138,11.35,4.73,4.51,1303.02001953125,4.88,2.72260869565217,4.58741,0.1255,1.11319943478261
2006-03-16,1.2151,1.7552,0.00853752241099633,0.7733353955610549,11.98,4.65,4.5,1305.3299560546875,4.88,2.72260869565217,4.58741,0.1255,1.11319943478261
2006-03-17,1.2197,1.7567,0.008628872206402623,0.7756146746296441,12.12,4.68,4.52,1307.25,4.88,2.72260869565217,4.58741,0.1255,1.11319943478261
2006-03-20,1.2168,1.7563,0.008602150537634409,0.7745333436604447,11.79,4.66,4.55,1305.0799560546875,4.88,2.72260869565217,4.58741,0.1255,1.11319943478261
2006-03-21,1.2079,1.7459,0.008530239699735563,0.7669888019634913,11.62,4.71,4.57,1297.22998046875,4.88,2.72260869565217,4.58741,0.1255,1.11319943478261
2006-03-22,1.2095,1.7483,0.008567511994516792,0.7678132678132679,11.21,4.7,4.57,1305.0400390625,4.88,2.72260869565217,4.58741,0.1255,1.11319943478261
2006-03-23,1.1984,1.7367,0.008503401360544218,0.7599361653621095,11.17,4.73,4.55,1301.6700439453125,4.88,2.72260869565217,4.58741,0.1255,1.11319943478261
2006-03-24,1.2034,1.7427,0.00851063829787234,0.7634170547370028,11.19,4.67,4.54,1302.949951171875,4.88,2.72260869565217,4.58741,0.1255,1.11319943478261
2006-03-27,1.2015,1.747,0.008574858514834504,0.7638252367858235,11.46,4.7,4.51,1301.6099853515625,4.88,2.72260869565217,4.58741,0.1255,1.11319943478261
2006-03-28,1.2078,1.7497,0.008530239699735563,0.7689350249903883,11.58,4.79,4.53,1293.22998046875,4.88,2.72260869565217,4.58741,0.1255,1.11319943478261
2006-03-29,1.203,1.7356,0.008488964346349746,0.7638835841417768,10.95,4.81,4.51,1302.8900146484375,4.88,2.72260869565217,4.58741,0.1255,1.11319943478261
2006-03-30,1.2132,1.7448,0.008517162081594414,0.7698822080221727,11.57,4.86,4.5,1300.25,4.88,2.72260869565217,4.58741,0.1255,1.11319943478261
2006-03-31,1.2139,1.7393,0.008512087163772556,0.7677543186180422,11.39,4.86,4.52,1294.8699951171875,4.88,2.72260869565217,4.58741,0.1255,1.11319943478261
2006-04-03,1.2124,1.7389,0.008487523340689187,0.7666360012266176,11.57,4.88,4.55,1297.81005859375,5.03,2.79377777777778,4.6296,0.14,1.17550216666667
2006-04-04,1.2258,1.7559,0.0085149863760218,0.7753140021708792,11.14,4.87,4.56,1305.9300537109375,5.03,2.79377777777778,4.6296,0.14,1.17550216666667
2006-04-05,1.2272,1.7497,0.008504124500382685,0.7777864198491093,11.13,4.84,4.55,1311.56005859375,5.03,2.79377777777778,4.6296,0.14,1.17550216666667
2006-04-06,1.2216,1.7504,0.008494733265375467,0.7744133818632387,11.45,4.9,4.56,1309.0400390625,5.03,2.79377777777778,4.6296,0.14,1.17550216666667
2006-04-07,1.2109,1.7407,0.008452370890034654,0.767518612326349,12.26,4.97,4.57,1295.5,5.03,2.79377777777778,4.6296,0.14,1.17550216666667
2006-04-10,1.2091,1.7405,0.008427439743805831,0.7666947788085563,12.19,4.97,4.58,1296.6199951171875,5.03,2.79377777777778,4.6296,0.14,1.17550216666667
2006-04-11,1.2125,1.7467,0.008430992327796982,0.7694083249980764,13.0,4.93,4.58,1286.5699462890625,5.03,2.79377777777778,4.6296,0.14,1.17550216666667
2006-04-12,1.2107,1.7508,0.00844095551616443,0.7695267410542516,12.76,4.98,4.58,1288.1199951171875,5.03,2.79377777777778,4.6296,0.14,1.17550216666667
2006-04-13,1.2107,1.7529,0.00844451950684006,0.7704753833115031,12.38,5.05,4.58,1289.1199951171875,5.03,2.79377777777778,4.6296,0.14,1.17550216666667
2006-04-14,1.2106,1.751,0.008428150021070375,0.7698229407236336,,,,,5.03,2.79377777777778,4.6296,0.14,1.17550216666667
2006-04-17,1.2267,1.7716,0.00849762066621346,0.7827175954915466,12.58,5.01,4.61,1285.3299560546875,5.03,2.79377777777778,4.6296,0.14,1.17550216666667
2006-04-18,1.2274,1.7762,0.008492569002123142,0.7837604827964574,11.4,4.99,4.61,1307.280029296875,5.03,2.79377777777778,4.6296,0.14,1.17550216666667
2006-04-19,1.2345,1.7895,0.008504847763225038,0.7870916961826053,11.32,5.04,4.61,1309.9300537109375,5.03,2.79377777777778,4.6296,0.14,1.17550216666667
2006-04-20,1.2326,1.7801,0.008511362669163334,0.7827175954915466,11.64,5.04,4.61,1311.4599609375,5.03,2.79377777777778,4.6296,0.14,1.17550216666667
2006-04-21,1.234,1.7817,0.008553588230262595,0.7842522155125089,11.59,5.01,4.63,1311.280029296875,5.03,2.79377777777778,4.6296,0.14,1.17550216666667
2006-04-24,1.2373,1.7839,0.008700948403375968,0.7873395795606645,11.75,4.99,4.64,1308.1099853515625,5.03,2.79377777777778,4.6296,0.14,1.17550216666667
2006-04-25,1.2412,1.7876,0.00870852564660803,0.7882084023015685,11.75,5.07,4.67,1301.739990234375,5.03,2.79377777777778,4.6296,0.14,1.17550216666667
2006-04-26,1.2464,1.7897,0.008716875871687587,0.7889546351084812,11.76,5.12,4.67,1305.4100341796875,5.03,2.79377777777778,4.6296,0.14,1.17550216666667
2006-04-27,1.2525,1.8011,0.00877039115944571,0.7929585282689715,11.84,5.09,4.66,1309.719970703125,5.03,2.79377777777778,4.6296,0.14,1.17550216666667
2006-04-28,1.2624,1.822,0.008788118463836892,0.8057368463459833,11.59,5.07,4.65,1310.6099853515625,5.03,2.79377777777778,4.6296,0.14,1.17550216666667
2006-05-01,1.2607,1.8286,0.00884486113568017,0.8073631519457453,12.54,5.14,4.7,1305.18994140625,5.15,2.889,4.7015,0.27,1.30199257142857
2006-05-02,1.2644,1.8397,0.008829242450997704,0.8100445524503849,11.99,5.12,4.69,1313.2099609375,5.15,2.889,4.7015,0.27,1.30199257142857
2006-05-03,1.2639,1.8446,0.008815232722143865,0.8096510404015869,11.99,5.15,4.7,1308.1199951171875,5.15,2.889,4.7015,0.27,1.30199257142857
2006-05-04,1.2684,1.8485,0.008813678829543451,0.813206473123526,11.86,5.16,4.68,1312.25,5.15,2.889,4.7015,0.27,1.30199257142857
2006-05-05,1.2733,1.8588,0.008892841262783458,0.8158603247124092,11.62,5.12,4.7,1325.760009765625,5.15,2.889,4.7015,0.27,1.30199257142857
2006-05-08,1.272,1.8584,0.008964589870013447,0.8145975887911372,12.0,5.12,4.75,1324.6600341796875,5.15,2.889,4.7015,0.27,1.30199257142857
2006-05-09,1.2747,1.8632,0.00898391878537418,0.8181297553792032,11.99,5.13,4.76,1325.1400146484375,5.15,2.889,4.7015,0.27,1.30199257142857
2006-05-10,1.2799,1.8648,0.009045680687471733,0.8206138191367143,11.78,5.13,4.76,1322.8499755859375,5.15,2.889,4.7015,0.27,1.30199257142857
2006-05-11,1.2855,1.8842,0.009069472156720479,0.8260366760284157,12.49,5.14,4.7,1305.9200439453125,5.15,2.889,4.7015,0.27,1.30199257142857
2006-05-12,1.2888,1.8911,0.009050592813829306,0.831946755407654,14.19,5.19,4.72,1291.239990234375,5.15,2.889,4.7015,0.27,1.30199257142857
2006-05-15,1.2826,1.8836,0.009073586788857635,0.8273351534706709,13.57,5.15,4.74,1294.5,5.15,2.889,4.7015,0.27,1.30199257142857
2006-05-16,1.2817,1.8819,0.009085127646043427,0.825218682950982,13.35,5.1,4.71,1292.0799560546875,5.15,2.889,4.7015,0.27,1.30199257142857
2006-05-17,1.2722,1.882,0.009041591320072333,0.8211528986697323,16.26,5.16,4.71,1270.3199462890625,5.15,2.889,4.7015,0.27,1.30199257142857
2006-05-18,1.2795,1.8878,0.009017945711966813,0.8248783304462592,16.99,5.08,4.71,1261.81005859375,5.15,2.889,4.7015,0.27,1.30199257142857
2006-05-19,1.275,1.8755,0.008947745168217608,0.8208832703989493,17.18,5.05,4.7,1267.030029296875,5.15,2.889,4.7015,0.27,1.30199257142857
2006-05-22,1.285,1.8861,0.008958967926894821,0.8299443937256203,17.72,5.04,4.71,1262.0699462890625,5.15,2.889,4.7015,0.27,1.30199257142857
2006-05-23,1.2844,1.8809,0.00898069151324652,0.8276090374906895,18.26,5.07,4.72,1256.5799560546875,5.15,2.889,4.7015,0.27,1.30199257142857
2006-05-24,1.2747,1.8678,0.008865248226950355,0.8204791598293403,17.36,5.03,4.7,1258.5699462890625,5.15,2.889,4.7015,0.27,1.30199257142857
2006-05-25,1.2777,1.8719,0.008934953538241601,0.8207485226526593,15.5,5.07,4.7,1272.8800048828125,5.15,2.889,4.7015,0.27,1.30199257142857
2006-05-26,1.2739,1.8566,0.008882572392965003,0.8153281695882594,14.26,5.06,4.72,1280.1600341796875,5.15,2.889,4.7015,0.27,1.30199257142857
2006-05-29,,,,,,,,,5.15,2.889,4.7015,0.27,1.30199257142857
2006-05-30,1.2868,1.8825,0.008914244963451595,0.8257638315441783,18.66,5.09,4.72,1259.8699951171875,5.15,2.889,4.7015,0.27,1.30199257142857
2006-05-31,1.2833,1.8732,0.008907892392659897,0.8224360555966773,16.44,5.12,4.74,1270.0899658203125,5.15,2.889,4.7015,0.27,1.30199257142857
2006-06-01,1.2824,1.8686,0.008894423196655697,0.8198737394441256,14.52,5.11,4.71,1285.7099609375,5.35,2.98568181818182,4.73498,0.35,1.37270757142857
2006-06-02,1.2912,1.8817,0.008955758552749419,0.8276090374906895,14.32,5.0,4.69,1288.219970703125,5.35,2.98568181818182,4.73498,0.35,1.37270757142857
2006-06-05,1.2953,1.8786,0.008952551477170993,0.8314625426124552,16.65,5.02,4.73,1265.2900390625,5.35,2.98568181818182,4.73498,0.35,1.37270757142857
2006-06-06,1.2828,1.8608,0.008829242450997704,0.8227067050596463,17.34,5.01,4.74,1263.8499755859375,5.35,2.98568181818182,4.73498,0.35,1.37270757142857
2006-06-07,1.2799,1.8585,0.00882223202470225,0.81913499344692,17.8,5.02,4.74,1256.1500244140625,5.35,2.98568181818182,4.73498,0.35,1.37270757142857
2006-06-08,1.2648,1.8425,0.008755034144633165,0.8110300081103,18.35,5.0,4.74,1257.9300537109375,5.35,2.98568181818182,4.73498,0.35,1.37270757142857
2006-06-09,1.2636,1.8426,0.008780402142418122,0.8115565654926149,18.12,4.98,4.75,1252.300048828125,5.35,2.98568181818182,4.73498,0.35,1.37270757142857
2006-06-12,1.2587,1.844,0.008758868354208636,0.8100445524503849,20.96,4.99,4.81,1237.43994140625,5.35,2.98568181818182,4.73498,0.35,1.37270757142857
2006-06-13,1.2574,1.8398,0.008691117677733355,0.8093234056328908,23.81,4.97,4.77,1223.68994140625,5.35,2.98568181818182,4.73498,0.35,1.37270757142857
2006-06-14,1.2631,1.8491,0.0087070091423596,0.8149295085975062,21.46,5.05,4.77,1230.0400390625,5.35,2.98568181818182,4.73498,0.35,1.37270757142857
2006-06-15,1.2616,1.8477,0.008691117677733355,0.8118860112040269,15.9,5.1,4.72,1256.1600341796875,5.35,2.98568181818182,4.73498,0.35,1.37270757142857
2006-06-16,1.2623,1.8484,0.008686587908269632,0.8112932013629727,17.25,5.13,4.75,1251.5400390625,5.35,2.98568181818182,4.73498,0.35,1.37270757142857
2006-06-19,1.2577,1.8401,0.008676036786395974,0.805607024893257,17.83,5.14,4.81,1240.1300048828125,5.35,2.98568181818182,4.73498,0.35,1.37270757142857
2006-06-20,1.2568,1.8399,0.00869414014953921,0.8063215610385422,16.69,5.15,4.8,1240.1199951171875,5.35,2.98568181818182,4.73498,0.35,1.37270757142857
2006-06-21,1.2665,1.846,0.008713837574067618,0.8110957904128477,15.52,5.16,4.79,1252.199951171875,5.35,2.98568181818182,4.73498,0.35,1.37270757142857
2006-06-22,1.2582,1.8306,0.008625150940141452,0.8050881571532083,15.88,5.2,4.79,1245.5999755859375,5.35,2.98568181818182,4.73498,0.35,1.37270757142857
2006-06-23,1.2522,1.8204,0.00860141063134354,0.8019889325527308,15.89,5.23,4.84,1244.5,5.35,2.98568181818182,4.73498,0.35,1.37270757142857
2006-06-26,1.2554,1.819,0.008592541673827118,0.8028904054596547,15.62,5.25,4.91,1250.56005859375,5.35,2.98568181818182,4.73498,0.35,1.37270757142857
2006-06-27,1.2589,1.8237,0.00860141063134354,0.8048937540244688,16.4,5.21,4.92,1239.199951171875,5.35,2.98568181818182,4.73498,0.35,1.37270757142857
2006-06-28,1.2532,1.8159,0.008589589417625837,0.801346261719689,15.79,5.25,4.88,1246.0,5.35,2.98568181818182,4.73498,0.35,1.37270757142857
2006-06-29,1.2534,1.8108,0.008608074373762589,0.8006405124099278,13.03,5.22,4.88,1272.8699951171875,5.35,2.98568181818182,4.73498,0.35,1.37270757142857
2006-06-30,1.2779,1.8491,0.008732861758798357,0.8165264962848046,13.08,5.15,4.87,1270.199951171875,5.35,2.98568181818182,4.73498,0.35,1.37270757142857
2006-07-03,1.2793,1.841,0.00870170553428472,0.8161266628580756,13.05,5.15,4.96,1280.18994140625,5.46,3.10219047619048,4.73322,0.44,1.42769528571429
2006-07-04,,,,,,,,,5.46,3.10219047619048,4.73322,0.44,1.42769528571429
2006-07-05,1.2726,1.8342,0.008646779074794638,0.8106355382619974,14.15,5.23,4.88,1270.9100341796875,5.46,3.10219047619048,4.73322,0.44,1.42769528571429
2006-07-06,1.2757,1.8376,0.008682062858135092,0.8130742336775347,13.65,5.19,4.87,1274.0799560546875,5.46,3.10219047619048,4.73322,0.44,1.42769528571429
2006-07-07,1.2822,1.8513,0.008773469029654325,0.8181297553792032,13.97,5.14,4.89,1265.47998046875,5.46,3.10219047619048,4.73322,0.44,1.42769528571429
2006-07-10,1.2751,1.842,0.008774238834781083,0.8134049129656743,14.02,5.13,4.93,1267.3399658203125,5.46,3.10219047619048,4.73322,0.44,1.42769528571429
2006-07-11,1.2754,1.8431,0.008760402978537012,0.8139345596614033,13.14,5.1,4.92,1272.4300537109375,5.46,3.10219047619048,4.73322,0.44,1.42769528571429
2006-07-12,1.2706,1.8347,0.008664760419374404,0.8101101749837978,14.49,5.1,4.93,1258.5999755859375,5.46,3.10219047619048,4.73322,0.44,1.42769528571429
2006-07-13,1.2673,1.8404,0.0086617583369424,0.8112932013629727,17.79,5.08,4.92,1242.280029296875,5.46,3.10219047619048,4.73322,0.44,1.42769528571429
2006-07-14,1.2641,1.8364,0.008596234849136079,0.8091924259588931,18.05,5.07,4.93,1236.199951171875,5.46,3.10219047619048,4.73322,0.44,1.42769528571429
2006-07-17,1.2529,1.8203,0.008541168431841476,0.8015389547932029,18.64,5.07,4.98,1234.489990234375,5.46,3.10219047619048,4.73322,0.44,1.42769528571429
2006-07-18,1.25,1.8271,0.0085149863760218,0.7981482959533882,17.74,5.13,5.0,1236.8599853515625,5.46,3.10219047619048,4.73322,0.44,1.42769528571429
2006-07-19,1.256,1.8377,0.008541168431841476,0.8001920460910619,15.55,5.06,4.98,1259.81005859375,5.46,3.10219047619048,4.73322,0.44,1.42769528571429
2006-07-20,1.2639,1.8495,0.008559445347941454,0.8041817450743868,16.21,5.03,4.95,1249.1300048828125,5.46,3.10219047619048,4.73322,0.44,1.42769528571429
2006-07-21,1.2684,1.8586,0.008595495960116899,0.8082114281095935,17.4,5.05,4.96,1240.2900390625,5.46,3.10219047619048,4.73322,0.44,1.42769528571429
2006-07-24,1.263,1.8492,0.008572653236176597,0.8023106546854942,14.98,5.05,4.97,1260.9100341796875,5.46,3.10219047619048,4.73322,0.44,1.42769528571429
2006-07-25,1.2576,1.8407,0.008525149190110827,0.7978299026647518,14.85,5.07,5.0,1268.8800048828125,5.46,3.10219047619048,4.73322,0.44,1.42769528571429
2006-07-26,1.2628,1.8474,0.008557980316645272,0.800768737988469,14.62,5.04,4.98,1268.4000244140625,5.46,3.10219047619048,4.73322,0.44,1.42769528571429
2006-07-27,1.2732,1.8627,0.008654262224145393,0.8094544277157195,14.94,5.07,4.97,1263.199951171875,5.46,3.10219047619048,4.73322,0.44,1.42769528571429
2006-07-28,1.2748,1.8645,0.008715356458079136,0.8108327252087894,14.33,5.0,4.94,1278.550048828125,5.46,3.10219047619048,4.73322,0.44,1.42769528571429
2006-07-31,1.2764,1.8685,0.008738203425375743,0.8122816992933148,14.95,4.99,4.97,1276.6600341796875,5.46,3.10219047619048,4.73322,0.44,1.42769528571429
2006-08-01,1.2778,1.8711,0.008698677800974252,0.8118860112040269,15.05,4.99,4.99,1270.9200439453125,5.38,3.22647826086957,4.94425,0.432,1.52308863636364
2006-08-02,1.2798,1.8781,0.008730574471800244,0.8134710811030668,14.34,4.96,4.97,1277.4100341796875,5.38,3.22647826086957,4.94425,0.432,1.52308863636364
2006-08-03,1.2779,1.8847,0.008675284115554785,0.810898475510866,14.46,4.96,4.98,1280.27001953125,5.38,3.22647826086957,4.94425,0.432,1.52308863636364
2006-08-04,1.2894,1.9098,0.00875580071797566,0.8190679007289704,14.34,4.91,4.96,1279.3599853515625,5.38,3.22647826086957,4.94425,0.432,1.52308863636364
2006-08-07,1.2867,1.9102,0.0087070091423596,0.8181297553792032,15.23,4.93,4.99,1275.77001953125,5.38,3.22647826086957,4.94425,0.432,1.52308863636364
2006-08-08,1.2839,1.9077,0.008694896095991653,0.8155941603458119,15.23,4.93,4.97,1271.47998046875,5.38,3.22647826086957,4.94425,0.432,1.52308863636364
2006-08-09,1.2888,1.9089,0.00868507903421921,0.8177952240758913,15.2,4.92,4.94,1265.949951171875,5.38,3.22647826086957,4.94425,0.432,1.52308863636364
2006-08-10,1.2765,1.8888,0.008651267410675664,0.8082114281095935,14.46,4.93,4.92,1271.81005859375,5.38,3.22647826086957,4.94425,0.432,1.52308863636364
2006-08-11,1.2757,1.8952,0.00860733344809778,0.8072328059412335,14.3,4.97,4.94,1266.739990234375,5.38,3.22647826086957,4.94425,0.432,1.52308863636364
2006-08-14,1.2735,1.8902,0.008581481163648846,0.8062565508344756,14.26,5.0,4.99,1268.2099609375,5.38,3.22647826086957,4.94425,0.432,1.52308863636364
2006-08-15,1.2788,1.8948,0.008623663332183512,0.8082767539605561,13.42,4.93,4.97,1285.5799560546875,5.38,3.22647826086957,4.94425,0.432,1.52308863636364
2006-08-16,1.2864,1.8999,0.008642295393656556,0.8148631029986961,12.41,4.87,4.94,1295.4300537109375,5.38,3.22647826086957,4.94425,0.432,1.52308863636364
2006-08-17,1.287,1.894,0.008662508662508662,0.8145975887911372,12.24,4.87,4.96,1297.47998046875,5.38,3.22647826086957,4.94425,0.432,1.52308863636364
2006-08-18,1.281,1.8808,0.008636324380343726,0.8104384471999352,11.64,4.84,4.97,1302.300048828125,5.38,3.22647826086957,4.94425,0.432,1.52308863636364
2006-08-21,1.2914,1.8968,0.008631106507854307,0.8179290037624735,12.22,4.82,4.98,1297.52001953125,5.38,3.22647826086957,4.94425,0.432,1.52308863636364
2006-08-22,1.2804,1.8881,0.008575593859874796,0.810307106393323,12.19,4.82,4.97,1298.8199462890625,5.38,3.22647826086957,4.94425,0.432,1.52308863636364
2006-08-23,1.2794,1.8929,0.008588851670531649,0.8092579104960751,12.4,4.82,4.96,1292.989990234375,5.38,3.22647826086957,4.94425,0.432,1.52308863636364
2006-08-24,1.276,1.8884,0.008592541673827118,0.80768920119538,12.4,4.81,4.96,1296.06005859375,5.38,3.22647826086957,4.94425,0.432,1.52308863636364
2006-08-25,1.2767,1.8884,0.008524422470377631,0.8080808080808081,12.31,4.79,4.98,1295.0899658203125,5.38,3.22647826086957,4.94425,0.432,1.52308863636364
2006-08-28,1.2784,1.8968,0.008536064874093042,0.8091924259588931,12.18,4.8,4.97,1301.780029296875,5.38,3.22647826086957,4.94425,0.432,1.52308863636364
2006-08-29,1.2768,1.8914,0.008552856654122476,0.8093234056328908,12.28,4.79,4.94,1304.280029296875,5.38,3.22647826086957,4.94425,0.432,1.52308863636364
2006-08-30,1.2825,1.9042,0.008541898009737764,0.8134710811030668,12.22,4.76,4.92,1305.3699951171875,5.38,3.22647826086957,4.94425,0.432,1.52308863636364
2006-08-31,1.2793,1.9024,0.00852151682999574,0.8106355382619974,12.31,4.74,4.92,1303.8199462890625,5.38,3.22647826086957,4.94425,0.432,1.52308863636364
2006-09-01,1.2833,1.905,0.008531695247845748,0.8124796880077999,11.96,4.73,4.89,1311.010009765625,5.34,3.33538095238095,5.02501,0.436,1.643369
2006-09-04,,,,,,,,,5.34,3.33538095238095,5.02501,0.436,1.643369
2006-09-05,1.281,1.8926,0.008617718028266115,0.8099133392726979,12.63,4.78,4.87,1313.25,5.34,3.33538095238095,5.02501,0.436,1.643369
2006-09-06,1.2787,1.881,0.008566778034781118,0.8078849571820973,13.74,4.8,4.84,1300.260009765625,5.34,3.33538095238095,5.02501,0.436,1.643369
2006-09-07,1.2757,1.8763,0.008598452278589854,0.8061265618702137,13.88,4.8,4.84,1294.02001953125,5.34,3.33538095238095,5.02501,0.436,1.643369
2006-09-08,1.2673,1.8655,0.008555051758063136,0.8012820512820513,13.16,4.78,4.8,1298.9200439453125,5.34,3.33538095238095,5.02501,0.436,1.643369
2006-09-11,1.2699,1.863,0.008505571149102662,0.8031483414986748,12.99,4.8,4.81,1299.5400390625,5.34,3.33538095238095,5.02501,0.436,1.643369
2006-09-12,1.2693,1.8747,0.008487523340689187,0.801153661272232,11.92,4.78,4.78,1313.0,5.34,3.33538095238095,5.02501,0.436,1.643369
2006-09-13,1.2708,1.8767,0.008512811781731506,0.8005764150188135,11.18,4.77,4.79,1318.0699462890625,5.34,3.33538095238095,5.02501,0.436,1.643369
2006-09-14,1.2736,1.8886,0.008512811781731506,0.8000640051204096,11.55,4.79,4.82,1316.280029296875,5.34,3.33538095238095,5.02501,0.436,1.643369
2006-09-15,1.2648,1.8783,0.008494733265375467,0.794912559618442,11.76,4.8,4.83,1319.6600341796875,5.34,3.33538095238095,5.02501,0.436,1.643369
2006-09-18,1.2671,1.8773,0.00847314014573801,0.7973845785822502,11.78,4.81,4.82,1321.1800537109375,5.34,3.33538095238095,5.02501,0.436,1.643369
2006-09-19,1.2683,1.8828,0.008503401360544218,0.79923273657289,11.98,4.74,4.82,1317.6400146484375,5.34,3.33538095238095,5.02501,0.436,1.643369
2006-09-20,1.2701,1.8894,0.008525876033762468,0.8001280204832774,11.39,4.73,4.81,1325.1800537109375,5.34,3.33538095238095,5.02501,0.436,1.643369
2006-09-21,1.273,1.897,0.00856457690990065,0.7987858455148175,12.25,4.65,4.79,1318.030029296875,5.34,3.33538095238095,5.02501,0.436,1.643369
2006-09-22,1.2796,1.9012,0.008587376556462,0.8097821685966474,12.59,4.6,4.8,1314.780029296875,5.34,3.33538095238095,5.02501,0.436,1.643369
2006-09-25,1.2747,1.9001,0.008588851670531649,0.8074283407347599,12.12,4.56,4.76,1326.3699951171875,5.34,3.33538095238095,5.02501,0.436,1.643369
2006-09-26,1.2687,1.8954,0.008535336292249915,0.8041170794467675,11.53,4.59,4.76,1336.3499755859375,5.34,3.33538095238095,5.02501,0.436,1.643369
2006-09-27,1.2699,1.8866,0.008508465923593975,0.8031483414986748,11.58,4.6,4.76,1336.5899658203125,5.34,3.33538095238095,5.02501,0.436,1.643369
2006-09-28,1.2697,1.8746,0.008486082824168364,0.8016674683341349,11.72,4.63,4.75,1338.8800048828125,5.34,3.33538095238095,5.02501,0.436,1.643369
2006-09-29,1.2687,1.8716,0.008475294516484448,0.799744081893794,11.98,4.64,4.77,1335.8499755859375,5.34,3.33538095238095,5.02501,0.436,1.643369
2006-10-02,1.2744,1.8861,0.008499065102838687,0.8047642040882022,12.57,4.62,4.76,1331.3199462890625,5.33,3.502,5.13176,0.447,1.74738009090909
2006-10-03,1.2727,1.8873,0.008486082824168364,0.8030193527664016,12.24,4.62,4.78,1334.1099853515625,5.33,3.502,5.13176,0.447,1.74738009090909
2006-10-04,1.2687,1.8839,0.00847314014573801,0.7989134776703682,11.86,4.57,4.8,1350.199951171875,5.33,3.502,5.13176,0.447,1.74738009090909
2006-10-05,1.2687,1.8772,0.00849689863199932,0.7981482959533882,11.98,4.61,4.81,1353.219970703125,5.33,3.502,5.13176,0.447,1.74738009090909
2006-10-06,1.26,1.8712,0.008411136344520145,0.7932101213611487,11.56,4.7,4.82,1349.5899658203125,5.33,3.502,5.13176,0.447,1.74738009090909
2006-10-09,,,,,11.68,,,1350.6600341796875,5.33,3.502,5.13176,0.447,1.74738009090909
2006-10-10,1.2541,1.8548,0.00835561497326203,0.7879599716334411,11.52,4.75,4.87,1353.4200439453125,5.33,3.502,5.13176,0.447,1.74738009090909
2006-10-11,1.2547,1.8568,0.008368901163277261,0.7872775940796725,11.62,4.78,4.89,1349.949951171875,5.33,3.502,5.13176,0.447,1.74738009090909
2006-10-12,1.2537,1.8558,0.008366100560528738,0.7869058860560277,11.09,4.79,4.93,1362.8299560546875,5.33,3.502,5.13176,0.447,1.74738009090909
2006-10-13,1.2502,1.8551,0.008346548702111677,0.7841907151819323,10.75,4.81,4.92,1365.6199951171875,5.33,3.502,5.13176,0.447,1.74738009090909
2006-10-16,1.2518,1.8606,0.008385744234800839,0.7864726700747149,11.09,4.79,4.96,1369.06005859375,5.33,3.502,5.13176,0.447,1.74738009090909
2006-10-17,1.2564,1.8734,0.008429570934839417,0.7908264136022144,11.73,4.78,4.96,1364.050048828125,5.33,3.502,5.13176,0.447,1.74738009090909
2006-10-18,1.2516,1.8675,0.008397010664203543,0.7861017215627703,11.34,4.77,4.96,1365.800048828125,5.33,3.502,5.13176,0.447,1.74738009090909
2006-10-19,1.2594,1.876,0.008449514152936207,0.7923302432453847,10.9,4.79,4.97,1366.9599609375,5.33,3.502,5.13176,0.447,1.74738009090909
2006-10-20,1.2613,1.8828,0.0084224711530363,0.7944704854214666,10.63,4.79,4.96,1368.5999755859375,5.33,3.502,5.13176,0.447,1.74738009090909
2006-10-23,1.2544,1.871,0.008380824673147838,0.7886435331230284,11.08,4.83,4.99,1377.02001953125,5.33,3.502,5.13176,0.447,1.74738009090909
2006-10-24,1.2565,1.8745,0.008385744234800839,0.7900142202559646,10.78,4.83,5.0,1377.3800048828125,5.33,3.502,5.13176,0.447,1.74738009090909
2006-10-25,1.2591,1.8772,0.008394191219675984,0.7906388361796332,10.66,4.78,4.99,1382.219970703125,5.33,3.502,5.13176,0.447,1.74738009090909
2006-10-26,1.2669,1.8876,0.008430281571404484,0.7957348611442667,10.56,4.73,4.99,1389.0799560546875,5.33,3.502,5.13176,0.447,1.74738009090909
2006-10-27,1.2725,1.8968,0.008502678343678259,0.8002560819462228,10.8,4.68,4.98,1377.3399658203125,5.33,3.502,5.13176,0.447,1.74738009090909
2006-10-30,1.2717,1.9025,0.008519338899301414,0.800768737988469,11.2,4.68,4.97,1377.9300537109375,5.33,3.502,5.13176,0.447,1.74738009090909
2006-10-31,1.2773,1.9084,0.008560178051703476,0.8048937540244688,11.1,4.61,4.95,1377.93994140625,5.33,3.502,5.13176,0.447,1.74738009090909
2006-11-01,1.2771,1.9091,0.00854627809588924,0.804311107536395,11.51,4.57,4.94,1367.81005859375,5.32,3.59718181818182,5.22544,0.502,1.80596172727273
2006-11-02,1.278,1.9088,0.008538251366120218,0.8036647110825363,11.42,4.6,4.94,1367.3399658203125,5.32,3.59718181818182,5.22544,0.502,1.80596172727273
2006-11-03,1.2705,1.9011,0.008470269354565475,0.796876245119133,11.16,4.72,4.96,1364.300048828125,5.32,3.59718181818182,5.22544,0.502,1.80596172727273
2006-11-06,1.2715,1.8967,0.008445945945945945,0.7957981855801369,11.16,4.71,4.96,1379.780029296875,5.32,3.59718181818182,5.22544,0.502,1.80596172727273
2006-11-07,1.2806,1.9098,0.0085149863760218,0.8025682182985554,11.09,4.66,4.95,1382.8399658203125,5.32,3.59718181818182,5.22544,0.502,1.80596172727273
2006-11-08,1.2775,1.9057,0.008493290300662476,0.800384184408516,10.75,4.64,4.97,1385.719970703125,5.32,3.59718181818182,5.22544,0.502,1.80596172727273
2006-11-09,1.2835,1.9067,0.008480325644504749,0.8050881571532083,11.01,4.62,4.96,1378.3299560546875,5.32,3.59718181818182,5.22544,0.502,1.80596172727273
2006-11-10,1.2861,1.912,0.008512811781731506,0.8072328059412335,10.79,4.59,4.97,1380.9000244140625,5.32,3.59718181818182,5.22544,0.502,1.80596172727273
2006-11-13,1.281,1.9024,0.008464533604198408,0.8037939072421831,10.86,4.61,4.96,1384.4200439453125,5.32,3.59718181818182,5.22544,0.502,1.80596172727273
2006-11-14,1.2812,1.8946,0.008494733265375467,0.80327737167644,10.5,4.57,4.96,1393.219970703125,5.32,3.59718181818182,5.22544,0.502,1.80596172727273
2006-11-15,1.2808,1.8883,0.008470269354565475,0.8017960230917254,10.31,4.61,4.96,1396.5699462890625,5.32,3.59718181818182,5.22544,0.502,1.80596172727273
2006-11-16,1.2808,1.8902,0.008465966813410091,0.8021175904387584,10.16,4.66,4.96,1399.760009765625,5.32,3.59718181818182,5.22544,0.502,1.80596172727273
2006-11-17,1.2823,1.8936,0.008494011721736175,0.8036647110825363,10.05,4.61,4.96,1401.199951171875,5.32,3.59718181818182,5.22544,0.502,1.80596172727273
2006-11-20,1.281,1.8963,0.008463100880162491,0.804246421103426,9.97,4.6,4.95,1400.5,5.32,3.59718181818182,5.22544,0.502,1.80596172727273
2006-11-21,1.2824,1.8984,0.00847457627118644,0.8052178114179885,9.9,4.58,4.94,1402.81005859375,5.32,3.59718181818182,5.22544,0.502,1.80596172727273
2006-11-22,1.2928,1.9145,0.008575593859874796,0.8145975887911372,10.14,4.57,4.92,1406.0899658203125,5.32,3.59718181818182,5.22544,0.502,1.80596172727273
2006-11-23,,,,,,,,,5.32,3.59718181818182,5.22544,0.502,1.80596172727273
2006-11-24,1.3081,1.9315,0.008625894936599671,0.8254911672445104,10.73,4.55,4.91,1400.949951171875,5.32,3.59718181818182,5.22544,0.502,1.80596172727273
2006-11-27,1.312,1.9368,0.008611780916293488,0.8276090374906895,12.3,4.54,4.92,1381.9599609375,5.32,3.59718181818182,5.22544,0.502,1.80596172727273
2006-11-28,1.3162,1.948,0.008610297916307904,0.8290499088045101,11.62,4.51,4.91,1386.719970703125,5.32,3.59718181818182,5.22544,0.502,1.80596172727273
2006-11-29,1.3146,1.9492,0.008599191675982457,0.8265829062654985,10.83,4.52,4.91,1399.47998046875,5.32,3.59718181818182,5.22544,0.502,1.80596172727273
2006-11-30,1.3261,1.9693,0.008654262224145393,0.8357011532675914,10.91,4.46,4.9,1400.6300048828125,5.32,3.59718181818182,5.22544,0.502,1.80596172727273
2006-12-01,1.3316,1.9794,0.008670770831526923,0.8370302167908261,11.66,4.43,4.9,1396.7099609375,5.32,3.68421052631579,5.29167,0.54,1.90840782352941
2006-12-04,1.3327,1.9788,0.008667764583513912,0.8370302167908261,11.23,4.43,4.88,1409.1199951171875,5.32,3.68421052631579,5.29167,0.54,1.90840782352941
2006-12-05,1.3327,1.9746,0.008697164724299877,0.8395600705230459,11.27,4.45,4.86,1414.760009765625,5.32,3.68421052631579,5.29167,0.54,1.90840782352941
2006-12-06,1.3307,1.9692,0.008690362388111585,0.8380122349786306,11.33,4.48,4.86,1412.9000244140625,5.32,3.68421052631579,5.29167,0.54,1.90840782352941
2006-12-07,1.3296,1.9628,0.00868583340571528,0.8366100560528738,12.67,4.49,4.85,1407.2900390625,5.32,3.68421052631579,5.29167,0.54,1.90840782352941
2006-12-08,1.3215,1.9564,0.008603630732168976,0.8306337735692333,12.07,4.56,4.84,1409.8399658203125,5.32,3.68421052631579,5.29167,0.54,1.90840782352941
2006-12-11,1.3223,1.9552,0.008545547769612033,0.8308408109006314,10.71,4.52,4.81,1413.0400390625,5.32,3.68421052631579,5.29167,0.54,1.90840782352941
2006-12-12,1.3233,1.9655,0.008536064874093042,0.8312551953449708,10.65,4.49,4.81,1411.56005859375,5.32,3.68421052631579,5.29167,0.54,1.90840782352941
2006-12-13,1.3215,1.9663,0.008515711487694796,0.8289811821271658,10.18,4.58,4.82,1413.2099609375,5.32,3.68421052631579,5.29167,0.54,1.90840782352941
2006-12-14,1.3174,1.9646,0.008502678343678259,0.8246742536698005,9.97,4.6,4.83,1425.489990234375,5.32,3.68421052631579,5.29167,0.54,1.90840782352941
2006-12-15,1.3095,1.9538,0.008486082824168364,0.8192020971573688,10.05,4.6,4.79,1427.0899658203125,5.32,3.68421052631579,5.29167,0.54,1.90840782352941
2006-12-18,1.3073,1.9458,0.008464533604198408,0.8167932696234583,10.6,4.6,4.84,1422.47998046875,5.32,3.68421052631579,5.29167,0.54,1.90840782352941
2006-12-19,1.3194,1.9666,0.008479606546256253,0.8236553825879253,10.3,4.6,4.84,1425.550048828125,5.32,3.68421052631579,5.29167,0.54,1.90840782352941
2006-12-20,1.3183,1.9648,0.008446659346228567,0.8217602103706138,10.26,4.6,4.84,1423.530029296875,5.32,3.68421052631579,5.29167,0.54,1.90840782352941
2006-12-21,1.3175,1.9622,0.00845594452900389,0.8220304151253597,10.53,4.55,4.84,1418.300048828125,5.32,3.68421052631579,5.29167,0.54,1.90840782352941
2006-12-22,1.3131,1.957,0.008410428931875526,0.8192020971573688,11.36,4.63,4.86,1410.760009765625,5.32,3.68421052631579,5.29167,0.54,1.90840782352941
2006-12-25,,,,,,,,,5.32,3.68421052631579,5.29167,0.54,1.90840782352941
2006-12-26,1.3132,1.9568,0.008408307407718826,0.819672131147541,11.26,4.61,4.87,1416.9000244140625,5.32,3.68421052631579,5.29167,0.54,1.90840782352941
2006-12-27,1.3125,1.9566,0.00842034355001684,0.8161266628580756,10.64,4.66,4.85,1426.8399658203125,5.32,3.68421052631579,5.29167,0.54,1.90840782352941
2006-12-28,1.3158,1.9621,0.008406893652795292,0.8192020971573688,10.99,4.7,4.87,1424.72998046875,5.32,3.68421052631579,5.29167,0.54,1.90840782352941
2006-12-29,1.3197,1.9586,0.008401949252226516,0.8200082000820008,11.56,4.71,4.89,1418.300048828125,5.32,3.68421052631579,5.29167,0.54,1.90840782352941
2007-01-01,,,,,,,,,5.32,3.75186363636364,5.48623,0.54,2.05046923809524
2007-01-02,1.3286,1.9736,0.008415383320710259,0.8247422680412372,,4.68,4.94,,5.32,3.75186363636364,5.48623,0.54,2.05046923809524
2007-01-03,1.3169,1.9498,0.008362602441879913,0.8154611432765229,12.04,4.67,4.92,1416.5999755859375,5.32,3.75186363636364,5.48623,0.54,2.05046923809524
2007-01-04,1.3094,1.9443,0.008383635144198525,0.8120838070488874,11.51,4.62,4.91,1418.3399658203125,5.32,3.75186363636364,5.48623,0.54,2.05046923809524
2007-01-05,1.3005,1.9305,0.008419634587858887,0.8086689309396734,12.14,4.65,4.92,1409.7099609375,5.32,3.75186363636364,5.48623,0.54,2.05046923809524
2007-01-08,1.3023,1.9385,0.008439530762089628,0.8092579104960751,12.0,4.66,4.95,1412.8399658203125,5.32,3.75186363636364,5.48623,0.54,2.05046923809524
2007-01-09,1.2995,1.94,0.008371703641691083,0.8053475074494644,11.91,4.66,4.95,1412.1099853515625,5.32,3.75186363636364,5.48623,0.54,2.05046923809524
2007-01-10,1.294,1.9334,0.008366800535475234,0.8026326350429408,11.47,4.69,4.96,1414.8499755859375,5.32,3.75186363636364,5.48623,0.54,2.05046923809524
2007-01-11,1.2904,1.9439,0.008299443937256205,0.801153661272232,10.87,4.74,4.98,1423.8199462890625,5.32,3.75186363636364,5.48623,0.54,2.05046923809524
2007-01-12,1.2926,1.9577,0.008308408109006314,0.8009611533840609,10.15,4.77,4.96,1430.72998046875,5.32,3.75186363636364,5.48623,0.54,2.05046923809524
2007-01-15,,,,,,,,,5.32,3.75186363636364,5.48623,0.54,2.05046923809524
2007-01-16,1.2918,1.9605,0.008289124668435014,0.8012820512820513,10.74,4.75,4.98,1431.9000244140625,5.32,3.75186363636364,5.48623,0.54,2.05046923809524
2007-01-17,1.2948,1.972,0.008296001327360213,0.8028259473346179,10.59,4.79,4.99,1430.6199951171875,5.32,3.75186363636364,5.48623,0.54,2.05046923809524
2007-01-18,1.2942,1.9715,0.008242664029014178,0.8002560819462228,10.85,4.75,4.99,1426.3699951171875,5.32,3.75186363636364,5.48623,0.54,2.05046923809524
2007-01-19,1.2968,1.9759,0.008249463784853984,0.801346261719689,10.4,4.78,5.01,1430.5,5.32,3.75186363636364,5.48623,0.54,2.05046923809524
2007-01-22,1.2957,1.9772,0.008226390259953932,0.8010253123998718,10.77,4.76,5.0,1422.949951171875,5.32,3.75186363636364,5.48623,0.54,2.05046923809524
2007-01-23,1.3025,1.9847,0.008227743952608195,0.8061915511125444,10.34,4.81,5.01,1427.989990234375,5.32,3.75186363636364,5.48623,0.54,2.05046923809524
2007-01-24,1.2964,1.9675,0.008280202036929701,0.8012178511337232,9.89,4.81,5.0,1440.1300048828125,5.32,3.75186363636364,5.48623,0.54,2.05046923809524
2007-01-25,1.298,1.9703,0.008266512358435976,0.8039231449473431,11.22,4.87,5.01,1423.9000244140625,5.32,3.75186363636364,5.48623,0.54,2.05046923809524
2007-01-26,1.2909,1.9598,0.008228420966016621,0.7978299026647518,11.13,4.88,5.0,1422.1800537109375,5.32,3.75186363636364,5.48623,0.54,2.05046923809524
2007-01-29,1.2948,1.9592,0.00820950660865282,0.7982120051085568,11.45,4.9,5.01,1420.6199951171875,5.32,3.75186363636364,5.48623,0.54,2.05046923809524
2007-01-30,1.2954,1.9617,0.008216926869350863,0.7980845969672786,10.96,4.88,5.0,1428.8199462890625,5.32,3.75186363636364,5.48623,0.54,2.05046923809524
2007-01-31,1.2998,1.9611,0.008263097008758883,0.8019246190858058,10.42,4.83,4.99,1438.239990234375,5.32,3.75186363636364,5.48623,0.54,2.05046923809524
2007-02-01,1.3021,1.9686,0.008287063893262617,0.8046994447573832,10.31,4.84,5.0,1445.93994140625,5.31,3.8182,5.5657,0.66,2.11132155
2007-02-02,1.296,1.9662,0.008263097008758883,0.8015389547932029,10.08,4.83,5.01,1448.3900146484375,5.31,3.8182,5.5657,0.66,2.11132155
2007-02-05,1.2933,1.96,0.008309788931361143,0.8012178511337232,10.55,4.81,5.02,1446.989990234375,5.31,3.8182,5.5657,0.66,2.11132155
2007-02-06,1.2969,1.9693,0.008309098462816784,0.8055421298533912,10.65,4.77,5.01,1448.0,5.31,3.8182,5.5657,0.66,2.11132155
2007-02-07,1.302,1.9699,0.008288437629506838,0.8065817067268914,10.32,4.74,5.02,1450.02001953125,5.31,3.8182,5.5657,0.66,2.11132155
2007-02-08,1.3034,1.9586,0.00825150589982672,0.8018603159329644,10.44,4.73,5.03,1448.31005859375,5.31,3.8182,5.5657,0.66,2.11132155
2007-02-09,1.3005,1.9512,0.008224360555966773,0.8010253123998718,11.1,4.79,5.02,1438.06005859375,5.31,3.8182,5.5657,0.66,2.11132155
2007-02-12,1.2962,1.9474,0.008212203334154554,0.7979572294924991,11.61,4.8,5.04,1433.3699951171875,5.31,3.8182,5.5657,0.66,2.11132155
2007-02-13,1.3024,1.9443,0.008248102936324647,0.8007046200656578,10.34,4.82,5.03,1444.260009765625,5.31,3.8182,5.5657,0.66,2.11132155
2007-02-14,1.3126,1.9628,0.008278145695364239,0.8065166545689169,10.23,4.74,5.02,1455.300048828125,5.31,3.8182,5.5657,0.66,2.11132155
2007-02-15,1.314,1.9532,0.008368901163277261,0.8089305937550558,10.22,4.7,5.03,1456.81005859375,5.31,3.8182,5.5657,0.66,2.11132155
2007-02-16,1.3137,1.9499,0.008387150884844418,0.810307106393323,10.02,4.69,5.04,1455.5400390625,5.31,3.8182,5.5657,0.66,2.11132155
2007-02-19,,,,,,,,,5.31,3.8182,5.5657,0.66,2.11132155
2007-02-20,1.3134,1.9547,0.00832639467110741,0.8084727948904519,10.24,4.68,5.05,1459.6800537109375,5.31,3.8182,5.5657,0.66,2.11132155
2007-02-21,1.3126,1.9524,0.008265145879824779,0.8069071249899136,10.2,4.69,5.04,1457.6300048828125,5.31,3.8182,5.5657,0.66,2.11132155
2007-02-22,1.3134,1.9571,0.008244023083264633,0.8075587498990552,10.18,4.73,5.05,1456.3800048828125,5.31,3.8182,5.5657,0.66,2.11132155
2007-02-23,1.3164,1.9639,0.008257638315441783,0.810898475510866,10.58,4.68,5.05,1451.18994140625,5.31,3.8182,5.5657,0.66,2.11132155
2007-02-26,1.3159,1.9631,0.008280887711162636,0.8112273870365864,11.15,4.63,5.05,1449.3699951171875,5.31,3.8182,5.5657,0.66,2.11132155
2007-02-27,1.3246,1.9661,0.008426729586247577,0.8193363375665711,18.31,4.5,4.99,1399.0400390625,5.31,3.8182,5.5657,0.66,2.11132155
2007-02-28,1.323,1.9613,0.008450942280064227,0.820411846747067,15.42,4.56,5.01,1406.8199462890625,5.31,3.8182,5.5657,0.66,2.11132155
2007-03-01,1.3173,1.9579,0.008508465923593975,0.8179290037624735,15.82,4.56,5.0,1403.1700439453125,5.3,3.89090909090909,5.54946,0.66,2.15987477272727
2007-03-02,1.3182,1.9458,0.008560178051703476,0.8214901831923108,18.61,4.52,4.98,1387.1700439453125,5.3,3.89090909090909,5.54946,0.66,2.15987477272727
2007-03-05,1.3094,1.9235,0.00861994655633135,0.818464560484531,19.63,4.51,4.97,1374.1199951171875,5.3,3.89090909090909,5.54946,0.66,2.15987477272727
2007-03-06,1.3108,1.927,0.008583690987124463,0.8169267216730659,15.96,4.53,4.99,1395.4100341796875,5.3,3.89090909090909,5.54946,0.66,2.15987477272727
2007-03-07,1.3148,1.9315,0.008590327291469805,0.81913499344692,15.24,4.5,4.97,1391.969970703125,5.3,3.89090909090909,5.54946,0.66,2.15987477272727
2007-03-08,1.3129,1.93,0.00852151682999574,0.813868316106454,14.29,4.51,4.95,1401.8900146484375,5.3,3.89090909090909,5.54946,0.66,2.15987477272727
2007-03-09,1.3118,1.9318,0.008463817181548879,0.810898475510866,14.09,4.59,4.96,1402.8399658203125,5.3,3.89090909090909,5.54946,0.66,2.15987477272727
2007-03-12,1.3186,1.9291,0.008509914049868096,0.8163265306122448,13.99,4.56,4.96,1406.5999755859375,5.3,3.89090909090909,5.54946,0.66,2.15987477272727
2007-03-13,1.3199,1.9322,0.008549931600547196,0.818464560484531,18.13,4.5,4.94,1377.949951171875,5.3,3.89090909090909,5.54946,0.66,2.15987477272727
2007-03-14,1.3227,1.9337,0.008596234849136079,0.8237910865804432,17.27,4.53,4.92,1387.1700439453125,5.3,3.89090909090909,5.54946,0.66,2.15987477272727
2007-03-15,1.3249,1.9365,0.008528057308545113,0.823587547356284,16.43,4.54,4.91,1392.280029296875,5.3,3.89090909090909,5.54946,0.66,2.15987477272727
2007-03-16,1.3307,1.9423,0.00856384345294168,0.8278831029058697,16.79,4.55,4.9,1386.949951171875,5.3,3.89090909090909,5.54946,0.66,2.15987477272727
2007-03-19,1.3299,1.946,0.008504847763225038,0.8247422680412372,14.59,4.58,4.93,1402.06005859375,5.3,3.89090909090909,5.54946,0.66,2.15987477272727
2007-03-20,1.3291,1.958,0.008523695874531197,0.8239268352970256,13.27,4.56,4.92,1410.93994140625,5.3,3.89090909090909,5.54946,0.66,2.15987477272727
2007-03-21,1.3305,1.9596,0.008486803021301876,0.8229775327133568,12.19,4.53,4.91,1435.0400390625,5.3,3.89090909090909,5.54946,0.66,2.15987477272727
2007-03-22,1.3359,1.9672,0.008489685032685287,0.8254230293025175,12.93,4.6,4.92,1434.5400390625,5.3,3.89090909090909,5.54946,0.66,2.15987477272727
2007-03-23,1.3302,1.9632,0.008487523340689187,0.8217602103706138,12.95,4.62,4.94,1436.1099853515625,5.3,3.89090909090909,5.54946,0.66,2.15987477272727
2007-03-26,1.3336,1.9694,0.008486082824168364,0.8234519104084322,13.16,4.6,4.93,1437.5,5.3,3.89090909090909,5.54946,0.66,2.15987477272727
2007-03-27,1.3357,1.9664,0.008488964346349746,0.8244023083264632,13.48,4.62,4.93,1428.6099853515625,5.3,3.89090909090909,5.54946,0.66,2.15987477272727
2007-03-28,1.3331,1.9611,0.008559445347941454,0.8232485387338438,14.98,4.62,4.92,1417.22998046875,5.3,3.89090909090909,5.54946,0.66,2.15987477272727
2007-03-29,1.3336,1.9627,0.008492569002123142,0.821962847279303,15.14,4.64,4.91,1422.530029296875,5.3,3.89090909090909,5.54946,0.66,2.15987477272727
2007-03-30,1.3374,1.9685,0.008506294658046955,0.8246742536698005,14.64,4.65,4.9,1420.8599853515625,5.3,3.89090909090909,5.54946,0.66,2.15987477272727
2007-04-02,1.3374,1.9786,0.00849689863199932,0.8237910865804432,14.53,4.65,4.91,1424.550048828125,5.31,3.97526315789474,5.64899,0.65,2.22386673684211
2007-04-03,1.3363,1.9781,0.008415383320710259,0.8202099737532808,13.46,4.67,4.91,1437.77001953125,5.31,3.97526315789474,5.64899,0.65,2.22386673684211
2007-04-04,1.3364,1.9756,0.008423180592991913,0.8200754469411186,13.24,4.66,4.92,1439.3699951171875,5.31,3.97526315789474,5.64899,0.65,2.22386673684211
2007-04-05,1.3426,1.9708,0.008427439743805831,0.8233841086867024,13.23,4.68,4.9,1443.760009765625,5.31,3.97526315789474,5.64899,0.65,2.22386673684211
2007-04-06,1.338,1.9655,0.008380122349786308,0.8186655751125665,,4.76,4.91,,5.31,3.97526315789474,5.64899,0.65,2.22386673684211
2007-04-09,1.3367,1.9608,0.008383635144198525,0.8163265306122448,13.14,4.75,4.89,1444.6099853515625,5.31,3.97526315789474,5.64899,0.65,2.22386673684211
2007-04-10,1.3436,1.9718,0.008398421096833796,0.8220304151253597,12.68,4.73,4.89,1448.3900146484375,5.31,3.97526315789474,5.64899,0.65,2.22386673684211
2007-04-11,1.3436,1.9786,0.008378016085790885,0.8200754469411186,13.49,4.74,4.9,1438.8699951171875,5.31,3.97526315789474,5.64899,0.65,2.22386673684211
2007-04-12,1.3484,1.9769,0.008404067568703252,0.8225713580653121,12.71,4.74,4.89,1447.800048828125,5.31,3.97526315789474,5.64899,0.65,2.22386673684211
2007-04-13,1.3518,1.9829,0.008384338056510439,0.8227743952608194,12.2,4.76,4.88,1452.8499755859375,5.31,3.97526315789474,5.64899,0.65,2.22386673684211
2007-04-16,1.355,1.9907,0.008344459279038718,0.8242664029014177,11.98,4.74,4.88,1468.3299560546875,5.31,3.97526315789474,5.64899,0.65,2.22386673684211
2007-04-17,1.3569,2.0061,0.008406186953597848,0.8269930532583526,12.14,4.69,4.87,1471.47998046875,5.31,3.97526315789474,5.64899,0.65,2.22386673684211
2007-04-18,1.3574,2.0041,0.00845522955948254,0.8294625082946251,12.42,4.66,4.86,1472.5,5.31,3.97526315789474,5.64899,0.65,2.22386673684211
2007-04-19,1.3605,2.0029,0.00844880027036161,0.8302889405513119,12.54,4.68,4.85,1470.72998046875,5.31,3.97526315789474,5.64899,0.65,2.22386673684211
2007-04-20,1.3601,2.0047,0.0084167999326656,0.8277460475126232,12.07,4.68,4.85,1484.3499755859375,5.31,3.97526315789474,5.64899,0.65,2.22386673684211
2007-04-23,1.358,2.0017,0.00844095551616443,0.8272667107875579,13.04,4.66,4.85,1480.9300537109375,5.31,3.97526315789474,5.64899,0.65,2.22386673684211
2007-04-24,1.3622,2.0028,0.008437394532568343,0.831186102568365,13.12,4.63,4.84,1480.4100341796875,5.31,3.97526315789474,5.64899,0.65,2.22386673684211
2007-04-25,1.3647,2.0042,0.008430281571404484,0.8312551953449708,13.21,4.66,4.83,1495.4200439453125,5.31,3.97526315789474,5.64899,0.65,2.22386673684211
2007-04-26,1.359,1.9903,0.008368200836820083,0.8269930532583526,12.79,4.69,4.82,1494.25,5.31,3.97526315789474,5.64899,0.65,2.22386673684211
2007-04-27,1.3625,1.9985,0.008361903169161302,0.8277460475126232,12.45,4.71,4.81,1494.0699462890625,5.31,3.97526315789474,5.64899,0.65,2.22386673684211
2007-04-30,1.366,2.0,0.008372404554588079,0.8289124668435014,14.22,4.63,4.79,1482.3699951171875,5.31,3.97526315789474,5.64899,0.65,2.22386673684211
2007-05-01,1.36,1.9993,0.008349336227769892,0.8229775327133568,13.51,4.64,4.76,1486.300048828125,5.31,4.07136363636364,5.76742,0.67,2.31683825
2007-05-02,1.3598,1.991,0.008329862557267805,0.8238589553468446,13.08,4.65,4.77,1495.9200439453125,5.31,4.07136363636364,5.76742,0.67,2.31683825
2007-05-03,1.3566,1.9878,0.008310479514667997,0.8229775327133568,13.09,4.68,4.76,1502.3900146484375,5.31,4.07136363636364,5.76742,0.67,2.31683825
2007-05-04,1.3587,1.9931,0.008322237017310254,0.8254230293025175,12.91,4.65,4.76,1505.6199951171875,5.31,4.07136363636364,5.76742,0.67,2.31683825
2007-05-07,1.3616,1.9944,0.008336112037345782,0.8267195767195767,13.15,4.64,4.77,1509.47998046875,5.31,4.07136363636364,5.76742,0.67,2.31683825
2007-05-08,1.3532,1.9902,0.008340979230961715,0.8208832703989493,13.21,4.63,4.76,1507.719970703125,5.31,4.07136363636364,5.76742,0.67,2.31683825
2007-05-09,1.3549,1.9963,0.008347245409015025,0.8220304151253597,12.88,4.67,4.74,1512.5799560546875,5.31,4.07136363636364,5.76742,0.67,2.31683825
2007-05-10,1.3512,1.9833,0.008307717869901138,0.8202099737532808,13.6,4.65,4.73,1491.469970703125,5.31,4.07136363636364,5.76742,0.67,2.31683825
2007-05-11,1.3519,1.9824,0.008320159747067143,0.8204791598293403,12.95,4.67,4.73,1505.8499755859375,5.31,4.07136363636364,5.76742,0.67,2.31683825
2007-05-14,1.3544,1.9803,0.008307717869901138,0.8200754469411186,13.96,4.69,4.73,1503.1500244140625,5.31,4.07136363636364,5.76742,0.67,2.31683825
2007-05-15,1.3603,1.9862,0.008318083513558476,0.8240626287597858,14.01,4.71,4.7,1501.18994140625,5.31,4.07136363636364,5.76742,0.67,2.31683825
2007-05-16,1.3522,1.9774,0.00828225940036442,0.8183306055646481,13.5,4.71,4.62,1514.1400146484375,5.31,4.07136363636364,5.76742,0.67,2.31683825
2007-05-17,1.3494,1.9748,0.008244023083264633,0.8151287903488752,13.51,4.76,4.68,1512.75,5.31,4.07136363636364,5.76742,0.67,2.31683825
2007-05-18,1.3511,1.9755,0.008258320257659591,0.8151952392598028,12.76,4.81,4.7,1522.75,5.31,4.07136363636364,5.76742,0.67,2.31683825
2007-05-21,1.3457,1.9695,0.008225713580653122,0.8126117341134407,13.3,4.79,4.76,1525.0999755859375,5.31,4.07136363636364,5.76742,0.67,2.31683825
2007-05-22,1.3464,1.9768,0.008232485387338437,0.8130081300813008,13.06,4.83,4.79,1524.1199951171875,5.31,4.07136363636364,5.76742,0.67,2.31683825
2007-05-23,1.3482,1.9879,0.008229098090849244,0.8152616990053808,13.24,4.86,4.77,1522.280029296875,5.31,4.07136363636364,5.76742,0.67,2.31683825
2007-05-24,1.3429,1.9852,0.008233163181294254,0.8134049129656743,14.08,4.86,4.77,1507.510009765625,5.31,4.07136363636364,5.76742,0.67,2.31683825
2007-05-25,1.3452,1.9845,0.00821557673348669,0.814265939255761,13.34,4.86,4.75,1515.72998046875,5.31,4.07136363636364,5.76742,0.67,2.31683825
2007-05-28,,,,,,,,,5.31,4.07136363636364,5.76742,0.67,2.31683825
2007-05-29,1.3483,1.9814,0.008210854749979473,0.8178621084485157,13.53,4.88,4.76,1518.1099853515625,5.31,4.07136363636364,5.76742,0.67,2.31683825
2007-05-30,1.3419,1.9747,0.008231807704972012,0.8157272208173587,12.83,4.88,4.71,1530.22998046875,5.31,4.07136363636364,5.76742,0.67,2.31683825
2007-05-31,1.3453,1.9797,0.00821287779237845,0.8161932745674175,13.05,4.9,4.6,1530.6199951171875,5.31,4.07136363636364,5.76742,0.67,2.31683825
2007-06-01,1.344,1.9804,0.00819000819000819,0.8130742336775347,12.78,4.95,4.66,1536.3399658203125,5.33,4.14776190476191,5.88018,0.73,2.44371828571429
2007-06-04,1.3488,1.9922,0.00821557673348669,0.817594636579184,13.29,4.93,4.68,1539.1800537109375,5.33,4.14776190476191,5.88018,0.73,2.44371828571429
2007-06-05,1.3526,1.9941,0.008231130134167422,0.8205464839583163,13.63,4.98,4.7,1530.949951171875,5.33,4.14776190476191,5.88018,0.73,2.44371828571429
2007-06-06,1.3492,1.9915,0.008259002312520648,0.8212877792378449,14.87,4.97,4.67,1517.3800048828125,5.33,4.14776190476191,5.88018,0.73,2.44371828571429
2007-06-07,1.3456,1.9798,0.008241305422778967,0.8167932696234583,17.06,5.11,4.67,1490.719970703125,5.33,4.14776190476191,5.88018,0.73,2.44371828571429
2007-06-08,1.3359,1.9657,0.0082223318533136,0.8100445524503849,14.84,5.12,4.64,1507.6700439453125,5.33,4.14776190476191,5.88018,0.73,2.44371828571429
2007-06-11,1.3359,1.9686,0.008211528986697324,0.8073631519457453,14.71,5.14,4.6,1509.1199951171875,5.33,4.14776190476191,5.88018,0.73,2.44371828571429
2007-06-12,1.3325,1.975,0.00821287779237845,0.8048937540244688,16.67,5.26,4.59,1493.0,5.33,4.14776190476191,5.88018,0.73,2.44371828571429
2007-06-13,1.3295,1.9728,0.008171937566396992,0.8034064433196755,14.73,5.2,4.53,1515.6700439453125,5.33,4.14776190476191,5.88018,0.73,2.44371828571429
2007-06-14,1.3311,1.9696,0.008132064731235261,0.8030838419530999,13.64,5.23,4.52,1522.969970703125,5.33,4.14776190476191,5.88018,0.73,2.44371828571429
2007-06-15,1.3365,1.9765,0.008093889113719142,0.804634695848085,13.94,5.16,4.43,1532.9100341796875,5.33,4.14776190476191,5.88018,0.73,2.44371828571429
2007-06-18,1.3401,1.9822,0.008086035416835126,0.8058667096462245,13.42,5.15,4.51,1531.050048828125,5.33,4.14776190476191,5.88018,0.73,2.44371828571429
2007-06-19,1.3416,1.9884,0.008104384471999352,0.8063215610385422,12.85,5.09,4.52,1533.699951171875,5.33,4.14776190476191,5.88018,0.73,2.44371828571429
2007-06-20,1.3426,1.9937,0.008090614886731393,0.8081461128171973,14.67,5.14,4.61,1512.8399658203125,5.33,4.14776190476191,5.88018,0.73,2.44371828571429
2007-06-21,1.3399,1.9924,0.008085381630012937,0.8061915511125444,14.21,5.16,4.57,1522.18994140625,5.33,4.14776190476191,5.88018,0.73,2.44371828571429
2007-06-22,1.3438,1.9975,0.008058667096462245,0.8119519324455992,15.75,5.14,4.59,1502.56005859375,5.33,4.14776190476191,5.88018,0.73,2.44371828571429
2007-06-25,1.345,1.9962,0.008074935400516795,0.8126777732629014,16.65,5.09,4.69,1497.739990234375,5.33,4.14776190476191,5.88018,0.73,2.44371828571429
2007-06-26,1.3468,1.9997,0.008097821685966476,0.8140670791273201,18.89,5.1,4.69,1492.8900146484375,5.33,4.14776190476191,5.88018,0.73,2.44371828571429
2007-06-27,1.3433,1.9965,0.008161932745674175,0.8136034496786266,15.53,5.09,4.64,1506.3399658203125,5.33,4.14776190476191,5.88018,0.73,2.44371828571429
2007-06-28,1.3466,2.0022,0.008129420372327452,0.8139345596614033,15.54,5.12,4.64,1505.7099609375,5.33,4.14776190476191,5.88018,0.73,2.44371828571429
2007-06-29,1.352,2.0063,0.008104384471999352,0.8169934640522876,16.23,5.03,4.68,1503.3499755859375,5.33,4.14776190476191,5.88018,0.73,2.44371828571429
2007-07-02,1.3627,2.0161,0.008175277959450621,0.8256274768824307,15.4,5.0,4.81,1519.4300537109375,5.32,4.21618181818182,6.02396,0.77,2.61172740909091
2007-07-03,1.3615,2.0168,0.008169934640522876,0.8229098090849243,14.92,5.05,4.81,1524.8699951171875,5.32,4.21618181818182,6.02396,0.77,2.61172740909091
2007-07-04,,,,,,,,,5.32,4.21618181818182,6.02396,0.77,2.61172740909091
2007-07-05,1.3592,2.0114,0.008141996417521577,0.8211528986697323,15.48,5.16,4.81,1525.4000244140625,5.32,4.21618181818182,6.02396,0.77,2.61172740909091
2007-07-06,1.3626,2.0119,0.008112273870365864,0.820950660865282,14.72,5.19,4.81,1530.43994140625,5.32,4.21618181818182,6.02396,0.77,2.61172740909091
2007-07-09,1.3623,2.0166,0.008107669855683477,0.8216926869350862,15.16,5.16,4.83,1531.8499755859375,5.32,4.21618181818182,6.02396,0.77,2.61172740909091
2007-07-10,1.3714,2.0248,0.008183975775431705,0.8282259400364419,17.57,5.03,4.81,1510.1199951171875,5.32,4.21618181818182,6.02396,0.77,2.61172740909091
2007-07-11,1.3757,2.032,0.008187996397281586,0.8302889405513119,16.64,5.09,4.81,1518.760009765625,5.32,4.21618181818182,6.02396,0.77,2.61172740909091
2007-07-12,1.3776,2.0288,0.00816326530612245,0.8310479514667997,15.54,5.13,4.83,1547.699951171875,5.32,4.21618181818182,6.02396,0.77,2.61172740909091
2007-07-13,1.3788,2.0344,0.008197393228953194,0.8320159747067144,15.15,5.11,4.83,1552.5,5.32,4.21618181818182,6.02396,0.77,2.61172740909091
2007-07-16,1.3785,2.0374,0.008203445447087777,0.8320852055250457,15.59,5.05,4.84,1549.52001953125,5.32,4.21618181818182,6.02396,0.77,2.61172740909091
2007-07-17,1.3782,2.0455,0.008172605426610004,0.8312551953449708,15.63,5.08,4.82,1549.3699951171875,5.32,4.21618181818182,6.02396,0.77,2.61172740909091
2007-07-18,1.3808,2.0534,0.008208158909956497,0.8335417187630241,16.0,5.02,4.82,1546.1700439453125,5.32,4.21618181818182,6.02396,0.77,2.61172740909091
2007-07-19,1.3811,2.049,0.008192692118630182,0.8317391665973551,15.23,5.04,4.84,1553.0799560546875,5.32,4.21618181818182,6.02396,0.77,2.61172740909091
2007-07-20,1.3831,2.0566,0.008254230293025175,0.833472245374229,16.95,4.96,4.83,1534.0999755859375,5.32,4.21618181818182,6.02396,0.77,2.61172740909091
2007-07-23,1.3817,2.0585,0.00824334350012365,0.8296001327360212,16.81,4.97,4.88,1541.5699462890625,5.32,4.21618181818182,6.02396,0.77,2.61172740909091
2007-07-24,1.3824,2.0626,0.00829393713195654,0.8298755186721991,18.55,4.94,4.88,1511.0400390625,5.32,4.21618181818182,6.02396,0.77,2.61172740909091
2007-07-25,1.3711,2.0511,0.008310479514667997,0.8237232289950577,18.1,4.92,4.85,1518.0899658203125,5.32,4.21618181818182,6.02396,0.77,2.61172740909091
2007-07-26,1.373,2.0488,0.008393486654356219,0.8286377195889957,20.74,4.79,4.78,1482.6600341796875,5.32,4.21618181818182,6.02396,0.77,2.61172740909091
2007-07-27,1.3647,2.029,0.008434547908232119,0.8282945415389712,24.17,4.8,4.72,1458.949951171875,5.32,4.21618181818182,6.02396,0.77,2.61172740909091
2007-07-30,1.3681,2.0238,0.008445232666159952,0.8322929671244278,20.87,4.82,4.82,1473.9100341796875,5.32,4.21618181818182,6.02396,0.77,2.61172740909091
2007-07-31,1.3711,2.0364,0.008394191219675984,0.8318775476249897,23.52,4.78,4.82,1455.27001953125,5.32,4.21618181818182,6.02396,0.77,2.61172740909091
2007-08-01,1.3682,2.0309,0.008423890152472413,0.8324315325064513,23.67,4.76,4.75,1465.81005859375,5.49,4.54360869565217,6.41946,0.84,2.60672072727273
2007-08-02,1.3693,2.0346,0.008378718056137411,0.8291873963515755,21.22,4.77,4.75,1472.199951171875,5.49,4.54360869565217,6.41946,0.84,2.60672072727273
2007-08-03,1.3785,2.0426,0.008443806467955754,0.8380122349786306,25.16,4.71,4.72,1433.06005859375,5.49,4.54360869565217,6.41946,0.84,2.60672072727273
2007-08-06,1.3789,2.0293,0.008471704506946797,0.8422471153036301,22.94,4.72,4.74,1467.6700439453125,5.49,4.54360869565217,6.41946,0.84,2.60672072727273
2007-08-07,1.3747,2.0202,0.008440243079000674,0.8365400702693659,21.56,4.77,4.8,1476.7099609375,5.49,4.54360869565217,6.41946,0.84,2.60672072727273
2007-08-08,1.3808,2.0368,0.0083500334001336,0.8371002846140967,21.45,4.84,4.81,1497.489990234375,5.49,4.54360869565217,6.41946,0.84,2.60672072727273
2007-08-09,1.3701,2.0271,0.008425309630128908,0.8356313194618533,26.48,4.79,4.67,1453.0899658203125,5.49,4.54360869565217,6.41946,0.84,2.60672072727273
2007-08-10,1.3686,2.0219,0.00847457627118644,0.8354916868577157,28.3,4.81,4.44,1453.6400146484375,5.49,4.54360869565217,6.41946,0.84,2.60672072727273
2007-08-13,1.3624,2.0123,0.00844095551616443,0.829393713195654,26.57,4.78,4.61,1452.9200439453125,5.49,4.54360869565217,6.41946,0.84,2.60672072727273
2007-08-14,1.3581,2.0,0.008459521191100584,0.8267879288962381,27.68,4.73,4.51,1426.5400390625,5.49,4.54360869565217,6.41946,0.84,2.60672072727273
2007-08-15,1.3479,1.9923,0.008533151292772422,0.820950660865282,30.67,4.69,4.1,1406.699951171875,5.49,4.54360869565217,6.41946,0.84,2.60672072727273
2007-08-16,1.3402,1.9829,0.008769622029290538,0.8213552361396304,30.83,4.6,3.69,1411.27001953125,5.49,4.54360869565217,6.41946,0.84,2.60672072727273
2007-08-17,1.3492,1.9828,0.008786574114752657,0.830357884248111,29.99,4.68,3.65,1445.93994140625,5.49,4.54360869565217,6.41946,0.84,2.60672072727273
2007-08-20,1.3468,1.983,0.008734387282732117,0.8287750704458811,26.33,4.64,3.08,1445.550048828125,5.49,4.54360869565217,6.41946,0.84,2.60672072727273
2007-08-21,1.3483,1.9813,0.008739730816290859,0.8310479514667997,25.25,4.6,3.51,1447.1199951171875,5.49,4.54360869565217,6.41946,0.84,2.60672072727273
2007-08-22,1.3535,1.9916,0.008699434536755112,0.8290499088045101,22.89,4.63,3.58,1464.0699462890625,5.49,4.54360869565217,6.41946,0.84,2.60672072727273
2007-08-23,1.356,2.0035,0.008634832915983076,0.8291186468783683,22.62,4.62,3.79,1462.5,5.49,4.54360869565217,6.41946,0.84,2.60672072727273
2007-08-24,1.3645,2.0099,0.008611780916293488,0.8322929671244278,20.72,4.63,4.13,1479.3699951171875,5.49,4.54360869565217,6.41946,0.84,2.60672072727273
2007-08-27,1.3645,2.0134,0.008616975441619991,0.8311170212765957,22.72,4.6,4.5,1466.7900390625,5.49,4.54360869565217,6.41946,0.84,2.60672072727273
2007-08-28,1.3626,2.0065,0.008718395815170008,0.8329168748958855,26.3,4.53,4.28,1432.3599853515625,5.49,4.54360869565217,6.41946,0.84,2.60672072727273
2007-08-29,1.3675,2.0182,0.00865650969529086,0.8343066911396628,23.81,4.57,3.88,1463.760009765625,5.49,4.54360869565217,6.41946,0.84,2.60672072727273
2007-08-30,1.3648,2.016,0.008634832915983076,0.8311170212765957,25.06,4.51,3.74,1457.6400146484375,5.49,4.54360869565217,6.41946,0.84,2.60672072727273
2007-08-31,1.3641,2.0165,0.0086333419666753,0.8284317786430287,23.38,4.54,3.91,1473.989990234375,5.49,4.54360869565217,6.41946,0.84,2.60672072727273
2007-09-03,1.3641,2.0165,0.0086333419666753,0.8284317786430287,,,,,5.46,4.7417,6.64694,0.85,2.49345425
2007-09-04,1.3606,2.0109,0.0086051114361931,0.8258320257659592,22.78,4.56,4.35,1489.4200439453125,5.46,4.7417,6.64694,0.85,2.49345425
2007-09-05,1.3669,2.0221,0.008684324793747285,0.8316008316008316,24.58,4.48,4.24,1472.2900390625,5.46,4.7417,6.64694,0.85,2.49345425
2007-09-06,1.3697,2.0242,0.008670770831526923,0.832778147901399,23.99,4.51,4.18,1478.550048828125,5.46,4.7417,6.64694,0.85,2.49345425
2007-09-07,1.3772,2.0283,0.00880514220304658,0.841609156707625,26.23,4.38,3.96,1453.550048828125,5.46,4.7417,6.64694,0.85,2.49345425
2007-09-10,1.3794,2.0288,0.008816009873931059,0.8431703204047218,27.38,4.34,3.86,1451.699951171875,5.46,4.7417,6.64694,0.85,2.49345425
2007-09-11,1.3837,2.0319,0.008774238834781083,0.8428860418071478,25.27,4.37,4.0,1471.489990234375,5.46,4.7417,6.64694,0.85,2.49345425
2007-09-12,1.3904,2.0314,0.008753501400560224,0.8443093549476529,24.96,4.41,3.93,1471.56005859375,5.46,4.7417,6.64694,0.85,2.49345425
2007-09-13,1.3885,2.0278,0.008667764583513912,0.8424599831508003,24.76,4.49,3.97,1483.949951171875,5.46,4.7417,6.64694,0.85,2.49345425
2007-09-14,1.3848,2.0067,0.00867227473766369,0.8393486654356219,24.92,4.47,3.9,1484.25,5.46,4.7417,6.64694,0.85,2.49345425
2007-09-17,1.386,1.992,0.008700948403375968,0.8421761832575375,26.48,4.48,4.05,1476.6500244140625,5.46,4.7417,6.64694,0.85,2.49345425
2007-09-18,1.3869,1.9973,0.008639308855291577,0.8409721638213775,20.35,4.5,3.91,1519.780029296875,5.46,4.7417,6.64694,0.85,2.49345425
2007-09-19,1.395,1.9983,0.0086051114361931,0.8434547908232118,20.03,4.53,3.83,1529.030029296875,5.46,4.7417,6.64694,0.85,2.49345425
2007-09-20,1.4092,2.0132,0.008758101243650377,0.8549200649739249,20.45,4.69,3.69,1518.75,5.46,4.7417,6.64694,0.85,2.49345425
2007-09-21,1.4076,2.0208,0.00865051903114187,0.8521516829995739,19.0,4.64,3.64,1525.75,5.46,4.7417,6.64694,0.85,2.49345425
2007-09-24,1.4086,2.0222,0.00870170553428472,0.851861316977596,19.37,4.63,3.76,1517.72998046875,5.46,4.7417,6.64694,0.85,2.49345425
2007-09-25,1.4128,2.0169,0.008735150244584206,0.856091088091773,18.6,4.63,3.7,1517.2099609375,5.46,4.7417,6.64694,0.85,2.49345425
2007-09-26,1.4126,2.0159,0.008646031471554556,0.8539709649871904,17.63,4.63,3.64,1525.4200439453125,5.46,4.7417,6.64694,0.85,2.49345425
2007-09-27,1.4138,2.0235,0.008638562543192813,0.8521516829995739,17.0,4.58,3.62,1531.3800048828125,5.46,4.7417,6.64694,0.85,2.49345425
2007-09-28,1.4219,2.0389,0.008697921196833956,0.8567511994516792,18.0,4.59,3.72,1526.75,5.46,4.7417,6.64694,0.85,2.49345425
2007-10-01,1.4229,2.0436,0.00862738331464067,0.8559445347941455,17.84,4.56,3.83,1547.0400390625,5.08,4.68739130434783,6.27014,0.85,2.45670126086957
2007-10-02,1.4163,2.0417,0.0086333419666753,0.851063829787234,18.49,4.54,3.86,1546.6300048828125,5.08,4.68739130434783,6.27014,0.85,2.45670126086957
2007-10-03,1.4135,2.0369,0.008566044200788077,0.8481044864727334,18.8,4.55,3.86,1539.5899658203125,5.08,4.68739130434783,6.27014,0.85,2.45670126086957
2007-10-04,1.4128,2.0392,0.008577064928381508,0.8509189925119128,18.44,4.54,3.85,1542.8399658203125,5.08,4.68739130434783,6.27014,0.85,2.45670126086957
2007-10-05,1.4154,2.0436,0.008559445347941454,0.8503401360544218,16.91,4.65,3.89,1557.5899658203125,5.08,4.68739130434783,6.27014,0.85,2.45670126086957
2007-10-08,1.4154,2.0436,0.008559445347941454,0.8503401360544218,17.46,,,1552.5799560546875,5.08,4.68739130434783,6.27014,0.85,2.45670126086957
2007-10-09,1.4092,2.0331,0.008548469823901521,0.8447372867038352,16.12,4.67,3.96,1565.1500244140625,5.08,4.68739130434783,6.27014,0.85,2.45670126086957
2007-10-10,1.4157,2.0432,0.008534607834769992,0.8468834688346883,16.67,4.65,3.95,1562.469970703125,5.08,4.68739130434783,6.27014,0.85,2.45670126086957
2007-10-11,1.4228,2.0342,0.008495454931611588,0.8473858147614609,18.88,4.66,4.01,1554.4100341796875,5.08,4.68739130434783,6.27014,0.85,2.45670126086957
2007-10-12,1.4168,2.034,0.00851063829787234,0.8437394532568343,17.73,4.7,4.09,1561.800048828125,5.08,4.68739130434783,6.27014,0.85,2.45670126086957
2007-10-15,1.4216,2.0419,0.008520064752492118,0.8475294516484448,19.25,4.69,4.19,1548.7099609375,5.08,4.68739130434783,6.27014,0.85,2.45670126086957
2007-10-16,1.4165,2.0327,0.008575593859874796,0.8452370890034654,20.02,4.66,4.14,1538.530029296875,5.08,4.68739130434783,6.27014,0.85,2.45670126086957
2007-10-17,1.4208,2.0387,0.008574858514834504,0.8463100880162492,18.54,4.57,3.91,1541.239990234375,5.08,4.68739130434783,6.27014,0.85,2.45670126086957
2007-10-18,1.4291,2.0457,0.008647526807333102,0.8549200649739249,18.5,4.52,3.66,1540.0799560546875,5.08,4.68739130434783,6.27014,0.85,2.45670126086957
2007-10-19,1.4263,2.0484,0.008684324793747285,0.8533879501621437,22.96,4.41,3.75,1500.6300048828125,5.08,4.68739130434783,6.27014,0.85,2.45670126086957
2007-10-22,1.4138,2.0279,0.008766546857192952,0.8491126772522714,21.64,4.42,3.9,1506.3299560546875,5.08,4.68739130434783,6.27014,0.85,2.45670126086957
2007-10-23,1.4248,2.0495,0.00872219799389446,0.8527330092947898,20.41,4.41,3.88,1519.5899658203125,5.08,4.68739130434783,6.27014,0.85,2.45670126086957
2007-10-24,1.4237,2.0491,0.008776549060909251,0.8528057308545113,20.8,4.36,3.75,1515.8800048828125,5.08,4.68739130434783,6.27014,0.85,2.45670126086957
2007-10-25,1.4299,2.0485,0.008765010079761592,0.8568246080027418,21.17,4.37,3.84,1514.4000244140625,5.08,4.68739130434783,6.27014,0.85,2.45670126086957
2007-10-26,1.439,2.0514,0.008771160424524164,0.8600670852326481,19.56,4.41,3.86,1535.280029296875,5.08,4.68739130434783,6.27014,0.85,2.45670126086957
2007-10-29,1.4405,2.0609,0.008719155985700585,0.8580744808649391,19.87,4.39,3.91,1540.97998046875,5.08,4.68739130434783,6.27014,0.85,2.45670126086957
2007-10-30,1.4424,2.0671,0.008716875871687587,0.8609556607834696,21.07,4.4,3.86,1531.02001953125,5.08,4.68739130434783,6.27014,0.85,2.45670126086957
2007-10-31,1.4468,2.0777,0.008675284115554785,0.8628872206402622,18.53,4.48,3.84,1549.3800048828125,5.08,4.68739130434783,6.27014,0.85,2.45670126086957
2007-11-01,1.4435,2.0818,0.008705493166187864,0.862738331464067,23.21,4.36,3.71,1508.43994140625,4.97,4.63854545454545,6.40858,0.87,2.29504331818182
2007-11-02,1.4481,2.082,0.008715356458079136,0.8663259118080221,23.01,4.31,3.52,1509.6500244140625,4.97,4.63854545454545,6.40858,0.87,2.29504331818182
2007-11-05,1.4469,2.0799,0.008730574471800244,0.8668515950069349,24.31,4.35,3.62,1502.1700439453125,4.97,4.63854545454545,6.40858,0.87,2.29504331818182
2007-11-06,1.4555,2.0859,0.008732861758798357,0.8731336767659129,21.39,4.38,3.66,1520.27001953125,4.97,4.63854545454545,6.40858,0.87,2.29504331818182
2007-11-07,1.4667,2.1045,0.008826904404625297,0.882223202470225,26.49,4.34,3.4,1475.6199951171875,4.97,4.63854545454545,6.40858,0.87,2.29504331818182
2007-11-08,1.4691,2.1104,0.008876264867743653,0.8877052818464269,26.16,4.28,3.3,1474.77001953125,4.97,4.63854545454545,6.40858,0.87,2.29504331818182
2007-11-09,1.4665,2.0911,0.009017132551848512,0.8903133903133903,28.5,4.23,3.19,1453.699951171875,4.97,4.63854545454545,6.40858,0.87,2.29504331818182
2007-11-12,,,,,31.09,,,1439.1800537109375,4.97,4.63854545454545,6.40858,0.87,2.29504331818182
2007-11-13,1.4598,2.0729,0.009065361254645998,0.8884150675195451,24.1,4.26,3.41,1481.050048828125,4.97,4.63854545454545,6.40858,0.87,2.29504331818182
2007-11-14,1.467,2.0586,0.00897827258035554,0.8911067545891997,25.94,4.28,3.33,1470.5799560546875,4.97,4.63854545454545,6.40858,0.87,2.29504331818182
2007-11-15,1.4639,2.0483,0.009026900162484202,0.8909479686386315,28.06,4.17,3.22,1451.1500244140625,4.97,4.63854545454545,6.40858,0.87,2.29504331818182
2007-11-16,1.4652,2.048,0.0090049527239982,0.8952551477170994,25.49,4.15,3.32,1458.739990234375,4.97,4.63854545454545,6.40858,0.87,2.29504331818182
2007-11-19,1.4658,2.0478,0.009086778736937756,0.8958165367732688,26.01,4.07,3.32,1433.27001953125,4.97,4.63854545454545,6.40858,0.87,2.29504331818182
2007-11-20,1.4787,2.0652,0.009086778736937756,0.9009820704567978,24.88,4.06,3.17,1439.699951171875,4.97,4.63854545454545,6.40858,0.87,2.29504331818182
2007-11-21,1.4829,2.0585,0.009213193292795283,0.906043308870164,26.84,4.0,3.02,1416.77001953125,4.97,4.63854545454545,6.40858,0.87,2.29504331818182
2007-11-22,1.4829,2.0585,0.009213193292795283,0.906043308870164,,,,,4.97,4.63854545454545,6.40858,0.87,2.29504331818182
2007-11-23,1.4825,2.0564,0.00924470740501063,0.9069472156720478,25.61,4.01,3.15,1440.699951171875,4.97,4.63854545454545,6.40858,0.87,2.29504331818182
2007-11-26,1.4862,2.0681,0.00924470740501063,0.9086778736937755,28.91,3.83,3.06,1407.219970703125,4.97,4.63854545454545,6.40858,0.87,2.29504331818182
2007-11-27,1.4817,2.0653,0.009204712812960236,0.904649900488511,26.28,3.95,3.08,1428.22998046875,4.97,4.63854545454545,6.40858,0.87,2.29504331818182
2007-11-28,1.475,2.0688,0.00905961224859576,0.8939746111210441,24.11,4.03,2.98,1469.02001953125,4.97,4.63854545454545,6.40858,0.87,2.29504331818182
2007-11-29,1.4766,2.0642,0.00909587047480444,0.8946944618412813,23.97,3.94,2.92,1469.719970703125,4.97,4.63854545454545,6.40858,0.87,2.29504331818182
2007-11-30,1.4688,2.0567,0.009007386056566384,0.8859750155045627,22.87,3.97,3.08,1481.1400146484375,4.97,4.63854545454545,6.40858,0.87,2.29504331818182
2007-12-03,1.4657,2.0658,0.009054690329590729,0.885661146045523,23.61,3.89,2.99,1472.4200439453125,5.02,4.84836842105263,6.35943,0.86,2.34431588235294
2007-12-04,1.4759,2.0577,0.00911743253099927,0.8950948800572861,23.79,3.89,3.0,1462.7900390625,5.02,4.84836842105263,6.35943,0.86,2.34431588235294
2007-12-05,1.4666,2.0288,0.009021199819576005,0.8889679082585119,22.53,3.92,3.0,1485.010009765625,5.02,4.84836842105263,6.35943,0.86,2.34431588235294
2007-12-06,1.4638,2.0289,0.0090049527239982,0.8868393047179851,20.96,4.02,3.02,1507.3399658203125,5.02,4.84836842105263,6.35943,0.86,2.34431588235294
2007-12-07,1.4664,2.0289,0.00895094880057286,0.8852691218130312,20.85,4.12,3.04,1504.6600341796875,5.02,4.84836842105263,6.35943,0.86,2.34431588235294
2007-12-10,1.4714,2.0457,0.00896057347670251,0.8868393047179851,20.74,4.15,2.98,1515.9599609375,5.02,4.84836842105263,6.35943,0.86,2.34431588235294
2007-12-11,1.4702,2.0387,0.008946944618412812,0.8826125330979699,23.59,3.98,2.87,1477.6500244140625,5.02,4.84836842105263,6.35943,0.86,2.34431588235294
2007-12-12,1.4702,2.0494,0.0088999644001424,0.8806693086745927,22.47,4.05,2.81,1486.5899658203125,5.02,4.84836842105263,6.35943,0.86,2.34431588235294
2007-12-13,1.4591,2.0395,0.008907892392659897,0.8747375787263821,22.56,4.18,2.8,1488.4100341796875,5.02,4.84836842105263,6.35943,0.86,2.34431588235294
2007-12-14,1.4433,2.0197,0.00882223202470225,0.8668515950069349,23.27,4.24,2.81,1467.949951171875,5.02,4.84836842105263,6.35943,0.86,2.34431588235294
2007-12-17,1.4369,2.0168,0.0088339222614841,0.8679048776254124,24.52,4.2,3.01,1445.9000244140625,5.02,4.84836842105263,6.35943,0.86,2.34431588235294
2007-12-18,1.4392,2.014,0.008836264027569143,0.8673779165582444,22.64,4.14,2.98,1454.97998046875,5.02,4.84836842105263,6.35943,0.86,2.34431588235294
2007-12-19,1.4344,1.9931,0.008815232722143865,0.8648274669203493,21.68,4.06,2.85,1453.0,5.02,4.84836842105263,6.35943,0.86,2.34431588235294
2007-12-20,1.4353,1.9821,0.008851907586084801,0.8648274669203493,20.58,4.04,2.85,1460.1199951171875,5.02,4.84836842105263,6.35943,0.86,2.34431588235294
2007-12-21,1.4361,1.9833,0.00877577885037297,0.8646031471554556,18.47,4.18,2.92,1484.4599609375,5.02,4.84836842105263,6.35943,0.86,2.34431588235294
2007-12-24,1.4409,1.9774,0.00873743993010048,0.864528399757932,18.6,4.23,3.26,1496.449951171875,5.02,4.84836842105263,6.35943,0.86,2.34431588235294
2007-12-25,,,,,,,,,5.02,4.84836842105263,6.35943,0.86,2.34431588235294
2007-12-26,1.45,1.9833,0.00876577840112202,0.8692628650904033,18.66,4.3,3.24,1497.6600341796875,5.02,4.84836842105263,6.35943,0.86,2.34431588235294
2007-12-27,1.4601,1.9907,0.008771929824561403,0.8765010079761592,20.26,4.21,3.09,1476.27001953125,5.02,4.84836842105263,6.35943,0.86,2.34431588235294
2007-12-28,1.4718,1.9929,0.008855042946958292,0.8869179600886918,20.74,4.11,3.1,1478.489990234375,5.02,4.84836842105263,6.35943,0.86,2.34431588235294
2007-12-31,1.4603,1.9843,0.008951750067138126,0.8826904404625298,22.5,4.04,3.29,1468.3599853515625,5.02,4.84836842105263,6.35943,0.86,2.34431588235294
2008-01-01,,,,,,,,,3.84,4.48154545454545,5.65965,0.85,2.28750271428571
2008-01-02,1.4738,1.9824,0.009115770282588878,0.8949346697691068,23.17,3.91,3.18,1447.1600341796875,3.84,4.48154545454545,5.65965,0.85,2.28750271428571
2008-01-03,1.4736,1.9733,0.009125752874612156,0.8981498113885397,22.49,3.91,3.16,1447.1600341796875,3.84,4.48154545454545,5.65965,0.85,2.28750271428571
2008-01-04,1.4786,1.9757,0.009226794611551948,0.9038322487346349,23.94,3.88,3.12,1411.6300048828125,3.84,4.48154545454545,5.65965,0.85,2.28750271428571
2008-01-07,1.4684,1.9703,0.00916590284142988,0.894774516821761,23.79,3.86,3.19,1416.1800537109375,3.84,4.48154545454545,5.65965,0.85,2.28750271428571
2008-01-08,1.4717,1.9731,0.009149967975112087,0.8978272580355541,25.43,3.86,3.17,1390.18994140625,3.84,4.48154545454545,5.65965,0.85,2.28750271428571
2008-01-09,1.4663,1.9564,0.009140767824497258,0.896780557797507,24.12,3.82,3.14,1409.1300048828125,3.84,4.48154545454545,5.65965,0.85,2.28750271428571
2008-01-10,1.474,1.9565,0.009142439202779302,0.9034239768723462,23.45,3.91,3.16,1420.3299560546875,3.84,4.48154545454545,5.65965,0.85,2.28750271428571
2008-01-11,1.4787,1.9592,0.009165062780680048,0.9069472156720478,23.68,3.82,3.02,1401.02001953125,3.84,4.48154545454545,5.65965,0.85,2.28750271428571
2008-01-14,1.4877,1.9583,0.009243852837862821,0.9150805270863837,22.9,3.81,3.11,1416.25,3.84,4.48154545454545,5.65965,0.85,2.28750271428571
2008-01-15,1.4842,1.9671,0.009339684318670029,0.9160025648071816,23.34,3.72,3.09,1380.949951171875,3.84,4.48154545454545,5.65965,0.85,2.28750271428571
2008-01-16,1.4643,1.9638,0.009322270905192505,0.9084302325581395,24.38,3.74,3.06,1373.199951171875,3.84,4.48154545454545,5.65965,0.85,2.28750271428571
2008-01-17,1.469,1.9744,0.00934492103541725,0.9096697898662786,28.46,3.66,3.0,1333.25,3.84,4.48154545454545,5.65965,0.85,2.28750271428571
2008-01-18,1.4616,1.9529,0.009361542782250515,0.9082652134423251,27.18,3.66,2.79,1325.18994140625,3.84,4.48154545454545,5.65965,0.85,2.28750271428571
2008-01-21,,,,,,,,,3.84,4.48154545454545,5.65965,0.85,2.28750271428571
2008-01-22,1.4609,1.9577,0.009366804046459348,0.9102494083378846,31.01,3.52,2.3,1310.5,3.84,4.48154545454545,5.65965,0.85,2.28750271428571
2008-01-23,1.4574,1.9515,0.00948586605957124,0.9175995595522113,29.02,3.51,2.16,1338.5999755859375,3.84,4.48154545454545,5.65965,0.85,2.28750271428571
2008-01-24,1.4737,1.9733,0.009373828271466066,0.9200478424878094,27.78,3.68,2.32,1352.0699462890625,3.84,4.48154545454545,5.65965,0.85,2.28750271428571
2008-01-25,1.4673,1.9802,0.009318796011555306,0.9102494083378846,29.08,3.61,2.25,1330.6099853515625,3.84,4.48154545454545,5.65965,0.85,2.28750271428571
2008-01-28,1.4789,1.9857,0.009376465072667603,0.9192866335723477,27.78,3.61,2.29,1353.9599609375,3.84,4.48154545454545,5.65965,0.85,2.28750271428571
2008-01-29,1.4767,1.9857,0.009338812103100485,0.9140767824497257,27.32,3.69,2.23,1362.300048828125,3.84,4.48154545454545,5.65965,0.85,2.28750271428571
2008-01-30,1.4782,1.988,0.009324009324009324,0.9151642719868216,27.62,3.78,2.16,1355.81005859375,3.84,4.48154545454545,5.65965,0.85,2.28750271428571
2008-01-31,1.4841,1.9895,0.00936855911560802,0.9220839096357768,26.2,3.67,1.92,1378.550048828125,3.84,4.48154545454545,5.65965,0.85,2.28750271428571
2008-02-01,1.4851,1.9687,0.009407337723424272,0.9241290084095739,24.02,3.62,2.06,1395.4200439453125,3.06,4.36209523809524,5.64202,0.85,2.41745680952381
2008-02-04,1.4832,1.9777,0.0093694368968425,0.9181050312155711,25.99,3.68,2.22,1380.8199462890625,3.06,4.36209523809524,5.64202,0.85,2.41745680952381
2008-02-05,1.4638,1.9626,0.009351037965214139,0.9086778736937755,28.24,3.61,2.14,1336.6400146484375,3.06,4.36209523809524,5.64202,0.85,2.41745680952381
2008-02-06,1.4647,1.9604,0.00936768149882904,0.9109957183201239,28.97,3.61,2.05,1326.449951171875,3.06,4.36209523809524,5.64202,0.85,2.41745680952381
2008-02-07,1.4495,1.942,0.009361542782250515,0.9050592813829306,27.66,3.74,2.12,1336.9100341796875,3.06,4.36209523809524,5.64202,0.85,2.41745680952381
2008-02-08,1.4505,1.9473,0.009316191540898081,0.9059612248595761,28.01,3.64,2.18,1331.2900390625,3.06,4.36209523809524,5.64202,0.85,2.41745680952381
2008-02-11,1.4506,1.9486,0.009377344336084021,0.9071940488070398,27.6,3.62,2.25,1339.1300048828125,3.06,4.36209523809524,5.64202,0.85,2.41745680952381
2008-02-12,1.4592,1.9622,0.00930925339787749,0.9085953116481919,26.33,3.66,2.25,1348.8599853515625,3.06,4.36209523809524,5.64202,0.85,2.41745680952381
2008-02-13,1.4569,1.9618,0.009246417013407305,0.9030160736861117,24.88,3.7,2.22,1367.2099609375,3.06,4.36209523809524,5.64202,0.85,2.41745680952381
2008-02-14,1.4635,1.9708,0.009261831990367694,0.9104151493080844,25.54,3.85,2.26,1348.8599853515625,3.06,4.36209523809524,5.64202,0.85,2.41745680952381
2008-02-15,1.4674,1.9613,0.009287638153617534,0.9163383121048292,25.02,3.76,2.16,1349.989990234375,3.06,4.36209523809524,5.64202,0.85,2.41745680952381
2008-02-18,,,,,,,,,3.06,4.36209523809524,5.64202,0.85,2.41745680952381
2008-02-19,1.4742,1.9511,0.009302325581395349,0.9149130832570906,25.59,3.89,2.23,1348.780029296875,3.06,4.36209523809524,5.64202,0.85,2.41745680952381
2008-02-20,1.4663,1.9405,0.009261831990367694,0.9088430428065073,24.4,3.93,2.2,1360.030029296875,3.06,4.36209523809524,5.64202,0.85,2.41745680952381
2008-02-21,1.4813,1.9614,0.00929368029739777,0.9160864785635765,25.12,3.77,2.15,1342.530029296875,3.06,4.36209523809524,5.64202,0.85,2.41745680952381
2008-02-22,1.4825,1.9668,0.009347541596560104,0.9211495946941785,24.06,3.79,2.15,1353.1099853515625,3.06,4.36209523809524,5.64202,0.85,2.41745680952381
2008-02-25,1.4822,1.9668,0.009269558769002597,0.9211495946941785,23.03,3.91,2.15,1371.800048828125,3.06,4.36209523809524,5.64202,0.85,2.41745680952381
2008-02-26,1.4889,1.9747,0.0092824654228163,0.9217439395335976,21.9,3.88,2.09,1381.2900390625,3.06,4.36209523809524,5.64202,0.85,2.41745680952381
2008-02-27,1.5132,1.9923,0.009400263207369806,0.940114693992667,22.69,3.85,1.94,1380.02001953125,3.06,4.36209523809524,5.64202,0.85,2.41745680952381
2008-02-28,1.5172,1.9879,0.00946611132146914,0.949397132820659,23.53,3.71,1.86,1367.6800537109375,3.06,4.36209523809524,5.64202,0.85,2.41745680952381
2008-02-29,1.5187,1.9864,0.009597850081581726,0.9583133684714901,26.54,3.53,1.81,1330.6300048828125,3.06,4.36209523809524,5.64202,0.85,2.41745680952381
2008-03-03,1.5195,1.985,0.009655305590421938,0.9586808551433229,26.28,3.54,1.67,1331.3399658203125,2.79,4.59636842105263,5.89929,0.84,2.28812894736842
2008-03-04,1.521,1.9854,0.009739943508327652,0.9658103148541626,25.52,3.63,1.63,1326.75,2.79,4.59636842105263,5.89929,0.84,2.28812894736842
2008-03-05,1.5282,1.9939,0.009616309260505818,0.9648784253184098,24.6,3.7,1.5,1333.699951171875,2.79,4.59636842105263,5.89929,0.84,2.28812894736842
2008-03-06,1.5356,2.0073,0.009699321047526674,0.971722864639005,27.55,3.62,1.37,1304.3399658203125,2.79,4.59636842105263,5.89929,0.84,2.28812894736842
2008-03-07,1.5333,2.0128,0.009738046547862499,0.9756097560975611,27.49,3.56,1.42,1293.3699951171875,2.79,4.59636842105263,5.89929,0.84,2.28812894736842
2008-03-10,1.5369,2.0166,0.009823182711198428,0.9811616954474096,29.38,3.46,1.33,1273.3699951171875,2.79,4.59636842105263,5.89929,0.84,2.28812894736842
2008-03-11,1.5329,2.0041,0.00972100709633518,0.971628449280995,26.36,3.6,1.45,1320.6500244140625,2.79,4.59636842105263,5.89929,0.84,2.28812894736842
2008-03-12,1.5495,2.0211,0.009767532721234616,0.9787608887148869,27.22,3.49,1.45,1308.77001953125,2.79,4.59636842105263,5.89929,0.84,2.28812894736842
2008-03-13,1.5584,2.0311,0.00994233446013124,0.9885330170027679,27.29,3.56,1.33,1315.47998046875,2.79,4.59636842105263,5.89929,0.84,2.28812894736842
2008-03-14,1.5604,2.0294,0.00998003992015968,0.9928514694201747,31.16,3.44,1.16,1288.1400146484375,2.79,4.59636842105263,5.89929,0.84,2.28812894736842
2008-03-17,1.5765,2.0008,0.01032204789430223,1.0141987829614605,32.24,3.34,1.09,1276.5999755859375,2.79,4.59636842105263,5.89929,0.84,2.28812894736842
2008-03-18,1.5784,2.0216,0.010180189351521938,1.0102030508132134,25.79,3.48,0.91,1330.739990234375,2.79,4.59636842105263,5.89929,0.84,2.28812894736842
2008-03-19,1.5642,1.9858,0.010066438494060801,0.9994003597841296,29.84,3.38,0.6,1298.4200439453125,2.79,4.59636842105263,5.89929,0.84,2.28812894736842
2008-03-20,1.5417,1.9823,0.010122482032594391,0.9894132779261898,26.62,3.34,0.62,1329.510009765625,2.79,4.59636842105263,5.89929,0.84,2.28812894736842
2008-03-21,1.5447,1.9826,0.01006036217303823,0.991571641051066,,,,,2.79,4.59636842105263,5.89929,0.84,2.28812894736842
2008-03-24,1.5394,1.9852,0.009923588369554431,0.9775171065493647,25.73,3.56,1.23,1349.8800048828125,2.79,4.59636842105263,5.89929,0.84,2.28812894736842
2008-03-25,1.5595,1.9997,0.0099930048965724,0.9912767644726408,25.72,3.51,1.27,1352.989990234375,2.79,4.59636842105263,5.89929,0.84,2.28812894736842
2008-03-26,1.5761,2.0019,0.010088781275221953,1.0045203415369162,26.08,3.51,1.27,1341.1300048828125,2.79,4.59636842105263,5.89929,0.84,2.28812894736842
2008-03-27,1.5798,2.0097,0.010013016921998599,1.0068465565847766,25.88,3.56,1.28,1325.760009765625,2.79,4.59636842105263,5.89929,0.84,2.28812894736842
2008-03-28,1.5759,1.989,0.01002908434459934,1.001903616872057,25.71,3.47,1.31,1315.219970703125,2.79,4.59636842105263,5.89929,0.84,2.28812894736842
2008-03-31,1.5805,1.9855,0.010015022533800702,1.0079629069650238,25.61,3.45,1.36,1322.699951171875,2.79,4.59636842105263,5.89929,0.84,2.28812894736842
2008-04-01,1.5615,1.9774,0.009826078412105728,0.9893153937475268,22.68,3.57,1.38,1370.1800537109375,2.85,4.7835,5.91881,0.84,2.18122622727273
2008-04-02,1.5618,1.9827,0.009730466089325679,0.9854158454867955,23.43,3.6,1.39,1367.530029296875,2.85,4.7835,5.91881,0.84,2.18122622727273
2008-04-03,1.5667,1.9961,0.009783778495254868,0.9921619208254787,23.21,3.61,1.38,1369.31005859375,2.85,4.7835,5.91881,0.84,2.18122622727273
2008-04-04,1.5735,1.9947,0.009828009828009828,0.9948269001193791,22.45,3.5,1.33,1370.4000244140625,2.85,4.7835,5.91881,0.84,2.18122622727273
2008-04-07,1.5713,1.9855,0.009744689144416292,0.9858044164037855,22.42,3.57,1.43,1372.5400390625,2.85,4.7835,5.91881,0.84,2.18122622727273
2008-04-08,1.5705,1.969,0.009751340809361287,0.9861932938856016,22.36,3.58,1.39,1365.5400390625,2.85,4.7835,5.91881,0.84,2.18122622727273
2008-04-09,1.5804,1.9726,0.009820288716488264,0.9981036031540074,22.81,3.49,1.29,1354.489990234375,2.85,4.7835,5.91881,0.84,2.18122622727273
2008-04-10,1.5744,1.9742,0.009831874938550783,0.9949258780220872,21.98,3.55,1.25,1360.550048828125,2.85,4.7835,5.91881,0.84,2.18122622727273
2008-04-11,1.5796,1.9707,0.009892175289346126,0.998402555910543,23.46,3.49,1.17,1332.8299560546875,2.85,4.7835,5.91881,0.84,2.18122622727273
2008-04-14,1.5827,1.9816,0.009913750371765638,1.0025062656641603,23.82,3.53,1.07,1328.3199462890625,2.85,4.7835,5.91881,0.84,2.18122622727273
2008-04-15,1.5801,1.9627,0.009868745682423763,0.9981036031540074,22.78,3.6,1.09,1334.4300537109375,2.85,4.7835,5.91881,0.84,2.18122622727273
2008-04-16,1.5978,1.9756,0.009861932938856016,1.002104419280489,20.53,3.72,1.11,1364.7099609375,2.85,4.7835,5.91881,0.84,2.18122622727273
2008-04-17,1.5924,1.9908,0.009782821365681862,0.9975062344139651,20.37,3.75,1.21,1365.56005859375,2.85,4.7835,5.91881,0.84,2.18122622727273
2008-04-18,1.5742,1.9965,0.009563886763580718,0.9753242953281965,20.13,3.77,1.32,1390.3299560546875,2.85,4.7835,5.91881,0.84,2.18122622727273
2008-04-21,1.5881,1.9813,0.00967305088024763,0.9880446596186148,20.5,3.75,1.33,1388.1700439453125,2.85,4.7835,5.91881,0.84,2.18122622727273
2008-04-22,1.601,1.9994,0.00973709834469328,0.9996001599360256,20.87,3.74,1.26,1375.93994140625,2.85,4.7835,5.91881,0.84,2.18122622727273
2008-04-23,1.5898,1.9786,0.009657170449058426,0.9856100926473488,20.26,3.77,1.24,1379.9300537109375,2.85,4.7835,5.91881,0.84,2.18122622727273
2008-04-24,1.5668,1.9716,0.009596928982725527,0.9670244657189827,20.06,3.87,1.24,1388.8199462890625,2.85,4.7835,5.91881,0.84,2.18122622727273
2008-04-25,1.5634,1.9833,0.009599692809830085,0.9675858732462506,19.59,3.91,1.31,1397.8399658203125,2.85,4.7835,5.91881,0.84,2.18122622727273
2008-04-28,1.5648,1.9908,0.009587727708533078,0.9672115291614276,19.64,3.86,1.42,1396.3699951171875,2.85,4.7835,5.91881,0.84,2.18122622727273
2008-04-29,1.5604,1.9747,0.00967117988394584,0.9681479330041631,20.24,3.85,1.44,1390.93994140625,2.85,4.7835,5.91881,0.84,2.18122622727273
2008-04-30,1.5568,1.9847,0.009566631589017507,0.9595087315294569,20.79,3.77,1.41,1385.5899658203125,2.85,4.7835,5.91881,0.84,2.18122622727273
2008-05-01,1.5458,1.9749,0.009611687812379853,0.954380606986066,18.88,3.78,1.42,1409.3399658203125,2.66,4.85738095238095,5.82639,0.84,2.0428156
2008-05-02,1.5431,1.9756,0.009493971328206589,0.946790380609733,18.18,3.89,1.47,1413.9000244140625,2.66,4.85738095238095,5.82639,0.84,2.0428156
2008-05-05,1.5491,1.9679,0.009512937595129375,0.9488566277635448,18.9,3.88,1.51,1407.489990234375,2.66,4.85738095238095,5.82639,0.84,2.0428156
2008-05-06,1.5548,1.9747,0.009565716472163765,0.9537434430138293,18.21,3.93,1.6,1418.260009765625,2.66,4.85738095238095,5.82639,0.84,2.0428156
2008-05-07,1.537,1.9522,0.009498480243161094,0.9449116507606539,19.73,3.87,1.64,1392.5699462890625,2.66,4.85738095238095,5.82639,0.84,2.0428156
2008-05-08,1.5409,1.9543,0.00962741888899586,0.9514747859181732,19.4,3.79,1.63,1397.6800537109375,2.66,4.85738095238095,5.82639,0.84,2.0428156
2008-05-09,1.5447,1.9486,0.009707795359673817,0.9585889570552149,19.41,3.77,1.66,1388.280029296875,2.66,4.85738095238095,5.82639,0.84,2.0428156
2008-05-12,1.5536,1.9616,0.009631127805065974,0.9575792396820837,17.79,3.78,1.74,1403.5799560546875,2.66,4.85738095238095,5.82639,0.84,2.0428156
2008-05-13,1.5509,1.947,0.009577626664112633,0.9532888465204957,17.98,3.9,1.8,1403.0400390625,2.66,4.85738095238095,5.82639,0.84,2.0428156
2008-05-14,1.5467,1.9451,0.009505703422053232,0.9471490812653911,17.66,3.92,1.79,1408.6600341796875,2.66,4.85738095238095,5.82639,0.84,2.0428156
2008-05-15,1.5492,1.9488,0.009559315553006405,0.9495774380400722,16.3,3.83,1.8,1423.5699462890625,2.66,4.85738095238095,5.82639,0.84,2.0428156
2008-05-16,1.5591,1.958,0.009628345850182938,0.9571209800918836,16.47,3.85,1.81,1425.3499755859375,2.66,4.85738095238095,5.82639,0.84,2.0428156
2008-05-19,1.5516,1.9472,0.009564801530368245,0.948316737790422,17.01,3.83,1.79,1426.6300048828125,2.66,4.85738095238095,5.82639,0.84,2.0428156
2008-05-20,1.5667,1.9705,0.009646922631680495,0.9637625289128758,17.58,3.78,1.83,1413.4000244140625,2.66,4.85738095238095,5.82639,0.84,2.0428156
2008-05-21,1.5772,1.9669,0.009676795045480937,0.9711566475672525,18.59,3.81,1.83,1390.7099609375,2.66,4.85738095238095,5.82639,0.84,2.0428156
2008-05-22,1.5703,1.9785,0.009612611746611554,0.9686168151879117,18.05,3.92,1.83,1394.3499755859375,2.66,4.85738095238095,5.82639,0.84,2.0428156
2008-05-23,1.5784,1.9818,0.00968804495252858,0.9770395701025891,19.55,3.85,1.82,1375.9300537109375,2.66,4.85738095238095,5.82639,0.84,2.0428156
2008-05-26,,,,,,,,,2.66,4.85738095238095,5.82639,0.84,2.0428156
2008-05-27,1.5731,1.9751,0.009617234083477592,0.9723842862699339,19.64,3.93,1.86,1385.3499755859375,2.66,4.85738095238095,5.82639,0.84,2.0428156
2008-05-28,1.5628,1.9806,0.009552010698251982,0.9632055480639569,19.07,4.03,1.86,1390.8399658203125,2.66,4.85738095238095,5.82639,0.84,2.0428156
2008-05-29,1.5527,1.9759,0.009476876421531463,0.9541984732824427,18.14,4.08,1.87,1398.260009765625,2.66,4.85738095238095,5.82639,0.84,2.0428156
2008-05-30,1.556,1.9793,0.009482268158543524,0.959140610013428,17.83,4.06,1.85,1400.3800048828125,2.66,4.85738095238095,5.82639,0.84,2.0428156
2008-06-02,1.555,1.9666,0.009577626664112633,0.9634839579920994,19.83,3.98,1.82,1385.6700439453125,2.76,4.94052380952381,5.92944,0.86,2.1437270952381
2008-06-03,1.5454,1.965,0.009497578117580016,0.9581297307655456,20.24,3.92,1.82,1377.6500244140625,2.76,4.94052380952381,5.92944,0.86,2.1437270952381
2008-06-04,1.5453,1.9548,0.00952471663967997,0.9607993850883936,20.8,3.98,1.81,1377.199951171875,2.76,4.94052380952381,5.92944,0.86,2.1437270952381
2008-06-05,1.556,1.9563,0.009433962264150943,0.9617234083477592,18.63,4.06,1.82,1404.050048828125,2.76,4.94052380952381,5.92944,0.86,2.1437270952381
2008-06-06,1.5731,1.9695,0.009493971328206589,0.976848686138517,23.56,3.94,1.81,1360.6800537109375,2.76,4.94052380952381,5.92944,0.86,2.1437270952381
2008-06-09,1.5718,1.9758,0.009428625306430322,0.976848686138517,23.12,4.02,1.86,1361.760009765625,2.76,4.94052380952381,5.92944,0.86,2.1437270952381
2008-06-10,1.5473,1.9543,0.009329228472805299,0.9611687812379854,23.18,4.11,1.98,1358.43994140625,2.76,4.94052380952381,5.92944,0.86,2.1437270952381
2008-06-11,1.5562,1.9646,0.009365926758452749,0.9682416731216112,24.12,4.1,1.92,1335.489990234375,2.76,4.94052380952381,5.92944,0.86,2.1437270952381
2008-06-12,1.5418,1.9467,0.009264406151565685,0.9577626664112633,23.33,4.23,1.96,1339.8699951171875,2.76,4.94052380952381,5.92944,0.86,2.1437270952381
2008-06-13,1.5368,1.9496,0.009266123054114159,0.9537434430138293,21.22,4.27,1.95,1360.030029296875,2.76,4.94052380952381,5.92944,0.86,2.1437270952381
2008-06-16,1.5472,1.9637,0.009242998428690268,0.9583133684714901,20.95,4.25,2.04,1360.1400146484375,2.76,4.94052380952381,5.92944,0.86,2.1437270952381
2008-06-17,1.5519,1.9544,0.009256687957048967,0.9589566551591868,21.13,4.23,1.96,1350.9300537109375,2.76,4.94052380952381,5.92944,0.86,2.1437270952381
2008-06-18,1.5502,1.957,0.00925497454881999,0.9603380389897245,22.24,4.16,1.89,1337.81005859375,2.76,4.94052380952381,5.92944,0.86,2.1437270952381
2008-06-19,1.5502,1.9729,0.009263547938860583,0.956297217175098,21.58,4.22,1.87,1342.8299560546875,2.76,4.94052380952381,5.92944,0.86,2.1437270952381
2008-06-20,1.5626,1.9737,0.00930925339787749,0.9666505558240697,22.87,4.16,1.83,1317.9300537109375,2.76,4.94052380952381,5.92944,0.86,2.1437270952381
2008-06-23,1.5492,1.9609,0.009268699601445917,0.9547450830628221,22.64,4.19,1.85,1318.0,2.76,4.94052380952381,5.92944,0.86,2.1437270952381
2008-06-24,1.5591,1.9707,0.009279881217520415,0.963020030816641,22.42,4.1,1.8,1314.2900390625,2.76,4.94052380952381,5.92944,0.86,2.1437270952381
2008-06-25,1.557,1.9672,0.00923446301597562,0.9593246354566385,21.14,4.12,1.78,1321.969970703125,2.76,4.94052380952381,5.92944,0.86,2.1437270952381
2008-06-26,1.5738,1.9873,0.009320533134495292,0.9733307377846991,23.93,4.07,1.7,1283.1500244140625,2.76,4.94052380952381,5.92944,0.86,2.1437270952381
2008-06-27,1.5749,1.9938,0.00940910801656003,0.9799118079372857,23.44,3.99,1.64,1278.3800048828125,2.76,4.94052380952381,5.92944,0.86,2.1437270952381
2008-06-30,1.5748,1.9906,0.00941885655081473,0.9801999607920016,23.95,3.99,1.87,1280.0,2.76,4.94052380952381,5.92944,0.86,2.1437270952381
2008-07-01,1.5778,1.993,0.009458053532582994,0.9820288716488265,23.65,4.01,1.84,1284.9100341796875,2.79,4.961,5.8322,0.85,2.20689582608696
2008-07-02,1.5869,1.9925,0.009445546424860677,0.9851246182642105,25.92,3.99,1.79,1261.52001953125,2.79,4.961,5.8322,0.85,2.20689582608696
2008-07-03,1.5708,1.9825,0.009364172675344134,0.9734254842791783,24.79,3.99,1.81,1262.9000244140625,2.79,4.961,5.8322,0.85,2.20689582608696
2008-07-04,,,,,,,,,2.79,4.961,5.8322,0.85,2.20689582608696
2008-07-07,1.5646,1.9697,0.009298000929800094,0.9682416731216112,25.78,3.95,1.84,1252.31005859375,2.79,4.961,5.8322,0.85,2.20689582608696
2008-07-08,1.5653,1.9685,0.009315323707498836,0.9686168151879117,23.15,3.91,1.83,1273.699951171875,2.79,4.961,5.8322,0.85,2.20689582608696
2008-07-09,1.5744,1.9812,0.009335324869305451,0.9707795359673818,25.23,3.85,1.79,1244.68994140625,2.79,4.961,5.8322,0.85,2.20689582608696
2008-07-10,1.5771,1.9777,0.00934317481080071,0.9725734292939117,25.59,3.83,1.64,1253.3900146484375,2.79,4.961,5.8322,0.85,2.20689582608696
2008-07-11,1.5898,1.9895,0.00942151874882231,0.9824147755182238,27.49,3.96,1.58,1239.489990234375,2.79,4.961,5.8322,0.85,2.20689582608696
2008-07-14,1.5914,1.9925,0.009417969485778865,0.98405825624877,28.48,3.9,1.5,1228.300048828125,2.79,4.961,5.8322,0.85,2.20689582608696
2008-07-15,1.5923,2.0036,0.00954380606986066,0.9911785112498762,28.54,3.87,1.37,1214.9100341796875,2.79,4.961,5.8322,0.85,2.20689582608696
2008-07-16,1.5847,1.9995,0.0095565749235474,0.9854158454867955,25.1,3.97,1.35,1245.3599853515625,2.79,4.961,5.8322,0.85,2.20689582608696
2008-07-17,1.5861,2.0038,0.00945000945000945,0.9806805923310777,25.01,4.07,1.4,1260.3199462890625,2.79,4.961,5.8322,0.85,2.20689582608696
2008-07-18,1.5855,1.9985,0.00936768149882904,0.9797198001371609,24.05,4.11,1.45,1260.6800537109375,2.79,4.961,5.8322,0.85,2.20689582608696
2008-07-21,1.5877,1.9979,0.00936855911560802,0.9797198001371609,23.05,4.09,1.46,1260.0,2.79,4.961,5.8322,0.85,2.20689582608696
2008-07-22,1.5811,1.9941,0.009336196433572962,0.9724788485850433,21.18,4.14,1.52,1277.0,2.79,4.961,5.8322,0.85,2.20689582608696
2008-07-23,1.5708,2.0021,0.009286775631500743,0.9641342074816815,21.31,4.16,1.56,1282.18994140625,2.79,4.961,5.8322,0.85,2.20689582608696
2008-07-24,1.5657,1.9832,0.00929195316855603,0.9624639076034649,23.44,4.03,1.62,1252.5400390625,2.79,4.961,5.8322,0.85,2.20689582608696
2008-07-25,1.5687,1.988,0.009268699601445917,0.9628345850182939,22.91,4.13,1.71,1257.760009765625,2.79,4.961,5.8322,0.85,2.20689582608696
2008-07-28,1.5747,1.9943,0.009303190994511117,0.9678668215253582,24.23,4.06,1.7,1234.3699951171875,2.79,4.961,5.8322,0.85,2.20689582608696
2008-07-29,1.5588,1.9805,0.009242998428690268,0.9565716472163764,22.03,4.09,1.69,1263.199951171875,2.79,4.961,5.8322,0.85,2.20689582608696
2008-07-30,1.5559,1.981,0.00924470740501063,0.9538344143456696,21.21,4.07,1.67,1284.260009765625,2.79,4.961,5.8322,0.85,2.20689582608696
2008-07-31,1.5589,1.9806,0.009250693802035153,0.9533797311469159,22.94,3.99,1.65,1267.3800048828125,2.79,4.961,5.8322,0.85,2.20689582608696
2008-08-01,1.5567,1.9743,0.009294544102611766,0.9541984732824427,22.57,3.97,1.63,1260.31005859375,2.79,4.96519047619048,5.76619,0.85,2.1833859
2008-08-04,1.5569,1.9606,0.009239582370876836,0.9531071292413268,23.49,3.98,1.72,1249.010009765625,2.79,4.96519047619048,5.76619,0.85,2.1833859
2008-08-05,1.5468,1.9532,0.009242144177449167,0.9480470231323475,21.14,4.04,1.72,1284.8800048828125,2.79,4.96519047619048,5.76619,0.85,2.1833859
2008-08-06,1.5409,1.9479,0.009141603437242893,0.9432182607055273,20.23,4.06,1.61,1289.18994140625,2.79,4.96519047619048,5.76619,0.85,2.1833859
2008-08-07,1.5341,1.9439,0.009137426900584795,0.941885655081473,21.15,3.92,1.63,1266.0699462890625,2.79,4.96519047619048,5.76619,0.85,2.1833859
2008-08-08,1.5047,1.9193,0.009083477155054955,0.9258401999814831,20.66,3.94,1.67,1296.3199462890625,2.79,4.96519047619048,5.76619,0.85,2.1833859
2008-08-11,1.4958,1.9144,0.009084302325581396,0.9235315847801995,20.12,3.99,1.84,1305.3199462890625,2.79,4.96519047619048,5.76619,0.85,2.1833859
2008-08-12,1.4905,1.9005,0.009109127345600291,0.9191176470588235,21.17,3.91,1.83,1289.5899658203125,2.79,4.96519047619048,5.76619,0.85,2.1833859
2008-08-13,1.4895,1.8682,0.009198785760279644,0.921234454168586,21.55,3.94,1.82,1285.8299560546875,2.79,4.96519047619048,5.76619,0.85,2.1833859
2008-08-14,1.4856,1.8715,0.009111617312072893,0.9165062780680048,20.34,3.89,1.85,1292.9300537109375,2.79,4.96519047619048,5.76619,0.85,2.1833859
2008-08-15,1.4695,1.8651,0.009051412020275162,0.9124087591240875,19.58,3.84,1.81,1298.199951171875,2.79,4.96519047619048,5.76619,0.85,2.1833859
2008-08-18,1.473,1.8673,0.009085127646043427,0.9124920156948626,20.98,3.82,1.79,1278.5999755859375,2.79,4.96519047619048,5.76619,0.85,2.1833859
2008-08-19,1.4746,1.8655,0.00911743253099927,0.9151642719868216,21.28,3.83,1.77,1266.68994140625,2.79,4.96519047619048,5.76619,0.85,2.1833859
2008-08-20,1.4701,1.8603,0.009092562284051645,0.9084302325581395,20.42,3.79,1.68,1274.5400390625,2.79,4.96519047619048,5.76619,0.85,2.1833859
2008-08-21,1.4875,1.8758,0.009229349330872175,0.9206407659731173,19.82,3.84,1.69,1277.719970703125,2.79,4.96519047619048,5.76619,0.85,2.1833859
2008-08-22,1.48,1.8544,0.009100837277029487,0.9115770282588879,18.81,3.87,1.67,1292.199951171875,2.79,4.96519047619048,5.76619,0.85,2.1833859
2008-08-25,1.4803,1.8587,0.009165062780680048,0.9152480322167307,20.97,3.79,1.71,1266.8399658203125,2.79,4.96519047619048,5.76619,0.85,2.1833859
2008-08-26,1.466,1.8387,0.009104980424292088,0.9087604507451835,20.49,3.79,1.68,1271.510009765625,2.79,4.96519047619048,5.76619,0.85,2.1833859
2008-08-27,1.4684,1.8318,0.00911410864017499,0.9083477155054955,19.76,3.77,1.64,1281.6600341796875,2.79,4.96519047619048,5.76619,0.85,2.1833859
2008-08-28,1.4685,1.8264,0.009127418765972983,0.9095870474804439,19.43,3.79,1.71,1300.6800537109375,2.79,4.96519047619048,5.76619,0.85,2.1833859
2008-08-29,1.4669,1.819,0.009200478424878094,0.9075233687267447,20.65,3.83,1.69,1282.8299560546875,2.79,4.96519047619048,5.76619,0.85,2.1833859
2008-09-01,,,,,,,,,3.59,5.01918181818182,5.9106,0.87,2.124653
2008-09-02,1.4522,1.7853,0.009186954524575104,0.903342366757001,21.99,3.74,1.69,1277.5799560546875,3.59,5.01918181818182,5.9106,0.87,2.124653
2008-09-03,1.4489,1.7795,0.009243852837862821,0.9045680687471733,21.43,3.71,1.67,1274.97998046875,3.59,5.01918181818182,5.9106,0.87,2.124653
2008-09-04,1.436,1.7689,0.009279881217520415,0.9013881377321075,24.03,3.64,1.66,1236.8299560546875,3.59,5.01918181818182,5.9106,0.87,2.124653
2008-09-05,1.4273,1.7687,0.009349289454001496,0.9000900090009001,23.06,3.66,1.65,1242.31005859375,3.59,5.01918181818182,5.9106,0.87,2.124653
2008-09-08,1.4126,1.7543,0.009266981744045964,0.884486113568017,22.64,3.66,1.69,1267.7900390625,3.59,5.01918181818182,5.9106,0.87,2.124653
2008-09-09,1.4173,1.7672,0.009337068160597572,0.8888888888888888,25.47,3.62,1.63,1224.510009765625,3.59,5.01918181818182,5.9106,0.87,2.124653
2008-09-10,1.402,1.7547,0.009271277582050807,0.8802816901408451,24.52,3.65,1.62,1232.0400390625,3.59,5.01918181818182,5.9106,0.87,2.124653
2008-09-11,1.3939,1.7497,0.009375585974123383,0.8775778850372971,24.39,3.64,1.58,1249.050048828125,3.59,5.01918181818182,5.9106,0.87,2.124653
2008-09-12,1.4172,1.7896,0.009301460329271696,0.882223202470225,25.66,3.74,1.46,1251.699951171875,3.59,5.01918181818182,5.9106,0.87,2.124653
2008-09-15,1.4175,1.7877,0.009463423866754991,0.8933357155619082,31.7,3.47,1.03,1192.699951171875,3.59,5.01918181818182,5.9106,0.87,2.124653
2008-09-16,1.4155,1.7802,0.009513842641042717,0.892936869363336,30.3,3.48,0.84,1213.5999755859375,3.59,5.01918181818182,5.9106,0.87,2.124653
2008-09-17,1.4215,1.7895,0.00955018622863146,0.8922198429693077,36.22,3.41,0.03,1156.3900146484375,3.59,5.01918181818182,5.9106,0.87,2.124653
2008-09-18,1.4382,1.8186,0.009537434430138294,0.9100837277029487,33.1,3.54,0.23,1206.510009765625,3.59,5.01918181818182,5.9106,0.87,2.124653
2008-09-19,1.4384,1.8297,0.009330098899048329,0.9003331232556046,32.07,3.78,0.97,1255.0799560546875,3.59,5.01918181818182,5.9106,0.87,2.124653
2008-09-22,1.4697,1.8484,0.009402914903620123,0.9230201218386561,33.85,3.83,1.29,1207.0899658203125,3.59,5.01918181818182,5.9106,0.87,2.124653
2008-09-23,1.4737,1.8558,0.00945179584120983,0.9248127254231019,35.72,3.85,0.81,1188.219970703125,3.59,5.01918181818182,5.9106,0.87,2.124653
2008-09-24,1.4655,1.8502,0.00943129303027445,0.918357975939021,35.19,3.8,0.5,1185.8699951171875,3.59,5.01918181818182,5.9106,0.87,2.124653
2008-09-25,1.4643,1.8406,0.009391435011269721,0.9188642837452908,32.82,3.88,0.75,1209.1800537109375,3.59,5.01918181818182,5.9106,0.87,2.124653
2008-09-26,1.4596,1.84,0.009428625306430322,0.9182736455463728,34.74,3.85,0.86,1213.27001953125,3.59,5.01918181818182,5.9106,0.87,2.124653
2008-09-29,1.4381,1.8044,0.009514747859181731,0.9120758847136081,46.72,3.61,0.96,1106.4200439453125,3.59,5.01918181818182,5.9106,0.87,2.124653
2008-09-30,1.4081,1.7804,0.009439305267132339,0.893734918223255,39.39,3.85,0.9,1166.3599853515625,3.59,5.01918181818182,5.9106,0.87,2.124653
2008-10-01,1.4058,1.7804,0.009428625306430322,0.8921402444464269,39.81,3.77,0.84,1161.06005859375,4.32,5.11308695652174,6.13304,0.89,1.41079118181818
2008-10-02,1.3854,1.7655,0.00949667616334283,0.8819119851838787,45.26,3.66,0.62,1114.280029296875,4.32,5.11308695652174,6.13304,0.89,1.41079118181818
2008-10-03,1.3816,1.774,0.0094553706505295,0.8853474988933157,45.14,3.63,0.5,1099.22998046875,4.32,5.11308695652174,6.13304,0.89,1.41079118181818
2008-10-06,1.3508,1.738,0.009875567845151095,0.8729050279329609,52.05,3.48,0.54,1056.8900146484375,4.32,5.11308695652174,6.13304,0.89,1.41079118181818
2008-10-07,1.3649,1.7592,0.009775171065493646,0.8772699359592947,53.68,3.5,0.81,996.22998046875,4.32,5.11308695652174,6.13304,0.89,1.41079118181818
2008-10-08,1.368,1.731,0.010027073097362879,0.8871540099361249,57.53,3.72,0.67,984.9400024414062,4.32,5.11308695652174,6.13304,0.89,1.41079118181818
2008-10-09,1.3646,1.7225,0.009933445912387007,0.8840951286358413,63.92,3.84,0.58,909.9199829101562,4.32,5.11308695652174,6.13304,0.89,1.41079118181818
2008-10-10,1.3471,1.7037,0.01005631536604988,0.8911861687906603,69.95,3.89,0.24,899.219970703125,4.32,5.11308695652174,6.13304,0.89,1.41079118181818
2008-10-13,,,,,54.99,,,1003.3499755859375,4.32,5.11308695652174,6.13304,0.89,1.41079118181818
2008-10-14,1.3658,1.7482,0.00978760888714887,0.8812902088657795,55.13,4.08,0.34,998.010009765625,4.32,5.11308695652174,6.13304,0.89,1.41079118181818
2008-10-15,1.3567,1.7432,0.009855129594954173,0.8813678829543451,69.25,4.04,0.22,907.8400268554688,4.32,5.11308695652174,6.13304,0.89,1.41079118181818
2008-10-16,1.3416,1.7243,0.009954210631096954,0.8824567596187787,67.61,3.99,0.45,946.4299926757812,4.32,5.11308695652174,6.13304,0.89,1.41079118181818
2008-10-17,1.3462,1.7307,0.009861932938856016,0.8819119851838787,70.33,3.98,0.8,940.5499877929688,4.32,5.11308695652174,6.13304,0.89,1.41079118181818
2008-10-20,1.3314,1.7134,0.009828975820719482,0.8687342541916427,52.97,3.91,1.24,985.4000244140625,4.32,5.11308695652174,6.13304,0.89,1.41079118181818
2008-10-21,1.3102,1.6837,0.009957184108334162,0.8634832915983076,53.11,3.76,1.09,955.0499877929688,4.32,5.11308695652174,6.13304,0.89,1.41079118181818
2008-10-22,1.2835,1.6174,0.01013890297069857,0.8579272477693892,69.65,3.65,1.03,896.780029296875,4.32,5.11308695652174,6.13304,0.89,1.41079118181818
2008-10-23,1.2878,1.6181,0.010245901639344263,0.8602150537634408,67.8,3.63,0.96,908.1099853515625,4.32,5.11308695652174,6.13304,0.89,1.41079118181818
2008-10-24,1.2639,1.5631,0.01079447322970639,0.8676036786395974,79.13,3.76,0.86,876.77001953125,4.32,5.11308695652174,6.13304,0.89,1.41079118181818
2008-10-27,1.2446,1.5472,0.01072041166380789,0.8634832915983076,80.06,3.79,0.84,848.9199829101562,4.32,5.11308695652174,6.13304,0.89,1.41079118181818
2008-10-28,1.2476,1.5591,0.010451505016722408,0.861178091629349,66.96,3.89,0.76,940.510009765625,4.32,5.11308695652174,6.13304,0.89,1.41079118181818
2008-10-29,1.2851,1.6298,0.010258514567090685,0.879430129276229,69.96,3.93,0.61,930.0900268554688,4.32,5.11308695652174,6.13304,0.89,1.41079118181818
2008-10-30,1.285,1.627,0.010259567046270648,0.8733624454148472,62.9,4.0,0.4,954.0900268554688,4.32,5.11308695652174,6.13304,0.89,1.41079118181818
2008-10-31,1.2682,1.6165,0.010175010175010175,0.856971462850287,59.89,4.01,0.44,968.75,4.32,5.11308695652174,6.13304,0.89,1.41079118181818
2008-11-03,1.2719,1.5855,0.01010611419909045,0.856091088091773,53.68,3.96,0.49,966.2999877929688,2.36,4.2383,4.44684,0.88,0.700317846153846
2008-11-04,1.3021,1.6095,0.009952229299363057,0.8600670852326481,47.73,3.81,0.48,1005.75,2.36,4.2383,4.44684,0.88,0.700317846153846
2008-11-05,1.3039,1.6156,0.01010611419909045,0.8616232982939858,54.56,3.73,0.39,952.77001953125,2.36,4.2383,4.44684,0.88,0.700317846153846
2008-11-06,1.2756,1.5814,0.010199918400652794,0.8514261387824605,63.68,3.75,0.31,904.8800048828125,2.36,4.2383,4.44684,0.88,0.700317846153846
2008-11-07,1.2777,1.5788,0.010188487009679063,0.8502678343678259,56.1,3.83,0.3,930.989990234375,2.36,4.2383,4.44684,0.88,0.700317846153846
2008-11-10,1.276,1.5639,0.010208248264597796,0.8486082824168365,59.98,3.82,0.29,919.2100219726562,2.36,4.2383,4.44684,0.88,0.700317846153846
2008-11-11,,,,,61.44,,,898.9500122070312,2.36,4.2383,4.44684,0.88,0.700317846153846
2008-11-12,1.2558,1.5012,0.010466820180029306,0.8481764206955046,66.46,3.75,0.18,852.2999877929688,2.36,4.2383,4.44684,0.88,0.700317846153846
2008-11-13,1.2526,1.4799,0.010422094841063054,0.8336807002917882,59.83,3.84,0.21,911.2899780273438,2.36,4.2383,4.44684,0.88,0.700317846153846
2008-11-14,1.2731,1.486,0.010345541071798055,0.8424599831508003,66.31,3.72,0.14,873.2899780273438,2.36,4.2383,4.44684,0.88,0.700317846153846
2008-11-17,1.2726,1.503,0.010306090899721735,0.8365400702693659,69.15,3.68,0.12,850.75,2.36,4.2383,4.44684,0.88,0.700317846153846
2008-11-18,1.269,1.5042,0.010269049086054631,0.8350033400133601,67.64,3.53,0.12,859.1199951171875,2.36,4.2383,4.44684,0.88,0.700317846153846
2008-11-19,1.2595,1.5095,0.0103359173126615,0.8262414277451872,74.26,3.38,0.07,806.5800170898438,2.36,4.2383,4.44684,0.88,0.700317846153846
2008-11-20,1.2525,1.4789,0.01052853232259423,0.8198737394441256,80.86,3.1,0.03,752.4400024414062,2.36,4.2383,4.44684,0.88,0.700317846153846
2008-11-21,1.2531,1.4816,0.010479983232026828,0.8171937566396993,72.67,3.2,0.02,800.030029296875,2.36,4.2383,4.44684,0.88,0.700317846153846
2008-11-24,1.289,1.5177,0.01034233116144379,0.8355614973262031,64.7,3.35,0.13,851.8099975585938,2.36,4.2383,4.44684,0.88,0.700317846153846
2008-11-25,1.303,1.5349,0.010467915837956662,0.8429570934839418,60.9,3.11,0.1,857.3900146484375,2.36,4.2383,4.44684,0.88,0.700317846153846
2008-11-26,1.2828,1.5218,0.01047559187094071,0.8289124668435014,54.92,2.99,0.05,887.6799926757812,2.36,4.2383,4.44684,0.88,0.700317846153846
2008-11-27,,,,,,,,,2.36,4.2383,4.44684,0.88,0.700317846153846
2008-11-28,1.2694,1.5348,0.01047559187094071,0.8220304151253597,55.84,2.93,0.01,896.239990234375,2.36,4.2383,4.44684,0.88,0.700317846153846
2008-12-01,1.2634,1.484,0.010671219720414044,0.8280887711162637,68.51,2.72,0.07,816.2100219726562,1.77,3.29261904761905,3.17247,0.74,0.1075305
2008-12-02,1.2724,1.4949,0.010679196924391286,0.8290499088045101,62.98,2.68,0.06,848.8099975585938,1.77,3.29261904761905,3.17247,0.74,0.1075305
2008-12-03,1.2669,1.4783,0.010723860589812333,0.823587547356284,60.72,2.67,0.02,870.739990234375,1.77,3.29261904761905,3.17247,0.74,0.1075305
2008-12-04,1.284,1.4791,0.010778184953653805,0.8353521009105338,63.64,2.55,0.02,845.219970703125,1.77,3.29261904761905,3.17247,0.74,0.1075305
2008-12-05,1.2654,1.4606,0.010848340203948795,0.8171269815329302,59.93,2.67,0.02,876.0700073242188,1.77,3.29261904761905,3.17247,0.74,0.1075305
2008-12-08,1.2942,1.4831,0.010779346771585643,0.8308408109006314,58.49,2.77,0.03,909.7000122070312,1.77,3.29261904761905,3.17247,0.74,0.1075305
2008-12-09,1.2937,1.4776,0.010817827780181739,0.8290499088045101,58.91,2.67,0.03,888.6699829101562,1.77,3.29261904761905,3.17247,0.74,0.1075305
2008-12-10,1.3024,1.483,0.010759629868732516,0.8368901163277261,55.73,2.69,0.0,899.239990234375,1.77,3.29261904761905,3.17247,0.74,0.1075305
2008-12-11,1.3294,1.4953,0.01087429317094389,0.8423180592991913,55.78,2.64,0.01,873.5900268554688,1.77,3.29261904761905,3.17247,0.74,0.1075305
2008-12-12,1.3349,1.4874,0.010957703265395573,0.84774499830451,54.28,2.6,0.02,879.72998046875,1.77,3.29261904761905,3.17247,0.74,0.1075305
2008-12-15,1.3664,1.5278,0.011027790030877812,0.8628127696289905,56.76,2.53,0.04,868.5700073242188,1.77,3.29261904761905,3.17247,0.74,0.1075305
2008-12-16,1.381,1.532,0.011113580795732384,0.8767315448009819,52.37,2.37,0.04,913.1799926757812,1.77,3.29261904761905,3.17247,0.74,0.1075305
2008-12-17,1.4358,1.5457,0.011384335154826957,0.9214891264283082,49.84,2.2,0.05,904.4199829101562,1.77,3.29261904761905,3.17247,0.74,0.1075305
2008-12-18,1.4298,1.5103,0.011134617525887985,0.9280742459396752,47.34,2.08,0.0,885.280029296875,1.77,3.29261904761905,3.17247,0.74,0.1075305
2008-12-19,1.3875,1.4854,0.011175681716584712,0.9004952723998199,44.93,2.13,0.02,887.8800048828125,1.77,3.29261904761905,3.17247,0.74,0.1075305
2008-12-22,1.3952,1.4805,0.011102475852115023,0.9133254178463787,44.56,2.16,0.01,871.6300048828125,1.77,3.29261904761905,3.17247,0.74,0.1075305
2008-12-23,1.3966,1.4761,0.011041183614883517,0.9211495946941785,45.02,2.18,0.02,863.1599731445312,1.77,3.29261904761905,3.17247,0.74,0.1075305
2008-12-24,1.3964,1.4673,0.011027790030877812,0.9269558769002596,44.21,2.2,0.0,868.1500244140625,1.77,3.29261904761905,3.17247,0.74,0.1075305
2008-12-25,,,,,,,,,1.77,3.29261904761905,3.17247,0.74,0.1075305
2008-12-26,1.4062,1.47,0.011031439602868174,0.9345794392523364,43.38,2.16,0.03,872.7999877929688,1.77,3.29261904761905,3.17247,0.74,0.1075305
2008-12-29,1.4232,1.4591,0.011086474501108647,0.9602458229306702,43.9,2.13,0.06,869.4199829101562,1.77,3.29261904761905,3.17247,0.74,0.1075305
2008-12-30,1.4085,1.4395,0.011065619121389841,0.9463423866754992,41.63,2.11,0.1,890.6400146484375,1.77,3.29261904761905,3.17247,0.74,0.1075305
2008-12-31,1.3919,1.4619,0.011014428901861438,0.93694368968425,40.0,2.25,0.11,903.25,1.77,3.29261904761905,3.17247,0.74,0.1075305
2009-01-01,,,,,,,,,1.02,2.45652380952381,2.34276,0.72,0.0938757
2009-01-02,1.3946,1.452,0.010974539069359086,0.9358914365933552,39.19,2.46,0.08,931.7999877929688,1.02,2.45652380952381,2.34276,0.72,0.0938757
2009-01-05,1.3576,1.4602,0.01072961373390558,0.9027715085311908,39.08,2.49,0.14,927.4500122070312,1.02,2.45652380952381,2.34276,0.72,0.0938757
2009-01-06,1.3445,1.4777,0.010615711252653927,0.8919015340706387,38.56,2.51,0.14,934.7000122070312,1.02,2.45652380952381,2.34276,0.72,0.0938757
2009-01-07,1.3718,1.5254,0.010787486515641855,0.9139932364500503,43.39,2.52,0.11,906.6500244140625,1.02,2.45652380952381,2.34276,0.72,0.0938757
2009-01-08,1.3714,1.519,0.010970927043335162,0.9153318077803203,42.56,2.47,0.09,909.72998046875,1.02,2.45652380952381,2.34276,0.72,0.0938757
2009-01-09,1.3495,1.5239,0.0110803324099723,0.9012256669069936,42.82,2.43,0.07,890.3499755859375,1.02,2.45652380952381,2.34276,0.72,0.0938757
2009-01-12,1.3347,1.4827,0.011246063877642825,0.8977466558937068,45.84,2.34,0.12,870.260009765625,1.02,2.45652380952381,2.34276,0.72,0.0938757
2009-01-13,1.3198,1.4528,0.011154489682097044,0.8919015340706387,43.27,2.33,0.11,871.7899780273438,1.02,2.45652380952381,2.34276,0.72,0.0938757
2009-01-14,1.3174,1.4617,0.011200716845878136,0.894534394847482,49.14,2.24,0.12,842.6199951171875,1.02,2.45652380952381,2.34276,0.72,0.0938757
2009-01-15,1.3094,1.4602,0.011161960040183055,0.8903133903133903,51.0,2.23,0.11,843.739990234375,1.02,2.45652380952381,2.34276,0.72,0.0938757
2009-01-16,1.3244,1.4737,0.011075423634954036,0.8946944618412813,46.11,2.36,0.12,850.1199951171875,1.02,2.45652380952381,2.34276,0.72,0.0938757
2009-01-19,,,,,,,,,1.02,2.45652380952381,2.34276,0.72,0.0938757
2009-01-20,1.2946,1.4023,0.011087703736556159,0.8747375787263821,56.65,2.4,0.13,805.219970703125,1.02,2.45652380952381,2.34276,0.72,0.0938757
2009-01-21,1.287,1.3728,0.011389521640091117,0.8716116098666434,46.42,2.56,0.11,840.239990234375,1.02,2.45652380952381,2.34276,0.72,0.0938757
2009-01-22,1.2955,1.384,0.01128158844765343,0.8667013347200555,47.29,2.62,0.1,827.5,1.02,2.45652380952381,2.34276,0.72,0.0938757
2009-01-23,1.2849,1.3658,0.01127141568981064,0.8599191675982457,47.27,2.65,0.11,831.9500122070312,1.02,2.45652380952381,2.34276,0.72,0.0938757
2009-01-26,1.3123,1.396,0.011204481792717087,0.8743551630672379,45.69,2.7,0.15,836.5700073242188,1.02,2.45652380952381,2.34276,0.72,0.0938757
2009-01-27,1.3159,1.4148,0.011237217664906169,0.8781173164734808,42.25,2.59,0.13,845.7100219726562,1.02,2.45652380952381,2.34276,0.72,0.0938757
2009-01-28,1.3244,1.4317,0.011252391133115786,0.8739730816290857,39.66,2.71,0.19,874.0900268554688,1.02,2.45652380952381,2.34276,0.72,0.0938757
2009-01-29,1.2988,1.4262,0.011139578923916676,0.8690362388111584,42.63,2.87,0.23,845.1400146484375,1.02,2.45652380952381,2.34276,0.72,0.0938757
2009-01-30,1.2804,1.4413,0.011132138483802739,0.861178091629349,44.84,2.87,0.24,825.8800048828125,1.02,2.45652380952381,2.34276,0.72,0.0938757
2009-02-02,1.2808,1.4228,0.011128421989761852,0.859106529209622,45.52,2.76,0.27,825.4400024414062,1.16,1.94305,2.09038,0.71,0.110002944444444
2009-02-03,1.301,1.4394,0.011224604332697272,0.875733426744899,43.06,2.89,0.32,838.510009765625,1.16,1.94305,2.09038,0.71,0.110002944444444
2009-02-04,1.2857,1.4472,0.011169440411035406,0.8636324380343726,43.85,2.95,0.3,832.22998046875,1.16,1.94305,2.09038,0.71,0.110002944444444
2009-02-05,1.2838,1.4633,0.010987803538072738,0.8580744808649391,43.73,2.95,0.29,845.8499755859375,1.16,1.94305,2.09038,0.71,0.110002944444444
2009-02-06,1.2874,1.4775,0.01087547580206634,0.8551393877201984,43.37,3.05,0.28,868.5999755859375,1.16,1.94305,2.09038,0.71,0.110002944444444
2009-02-09,1.3064,1.4936,0.010932546190007653,0.8646031471554556,43.64,3.07,0.32,869.8900146484375,1.16,1.94305,2.09038,0.71,0.110002944444444
2009-02-10,1.2966,1.4604,0.011031439602868174,0.8669267446900737,46.67,2.9,0.31,827.1599731445312,1.16,1.94305,2.09038,0.71,0.110002944444444
2009-02-11,1.2893,1.4367,0.011030222810500773,0.8621432882145013,44.53,2.78,0.3,833.739990234375,1.16,1.94305,2.09038,0.71,0.110002944444444
2009-02-12,1.2822,1.4248,0.011043622308117063,0.8595495960116899,41.25,2.75,0.29,835.1900024414062,1.16,1.94305,2.09038,0.71,0.110002944444444
2009-02-13,1.2879,1.4422,0.010888501742160278,0.8634832915983076,42.93,2.89,0.29,826.8400268554688,1.16,1.94305,2.09038,0.71,0.110002944444444
2009-02-16,,,,,,,,,1.16,1.94305,2.09038,0.71,0.110002944444444
2009-02-17,1.2571,1.4224,0.010849517196484757,0.8514986376021798,48.66,2.64,0.32,789.1699829101562,1.16,1.94305,2.09038,0.71,0.110002944444444
2009-02-18,1.2547,1.4235,0.010659844366272252,0.8465250148141877,48.46,2.74,0.31,788.4199829101562,1.16,1.94305,2.09038,0.71,0.110002944444444
2009-02-19,1.2675,1.4307,0.010628122010840685,0.8516436722875149,47.08,2.85,0.3,778.9400024414062,1.16,1.94305,2.09038,0.71,0.110002944444444
2009-02-20,1.269,1.4333,0.010653030787258974,0.856091088091773,49.3,2.78,0.27,770.0499877929688,1.16,1.94305,2.09038,0.71,0.110002944444444
2009-02-23,1.2747,1.4553,0.010567473317129875,0.8596234849136078,52.62,2.78,0.3,743.3300170898438,1.16,1.94305,2.09038,0.71,0.110002944444444
2009-02-24,1.2742,1.4408,0.010351966873706004,0.856898029134533,45.49,2.8,0.32,773.1400146484375,1.16,1.94305,2.09038,0.71,0.110002944444444
2009-02-25,1.2731,1.4265,0.010274324463166546,0.858663918942126,44.67,2.95,0.3,764.9000244140625,1.16,1.94305,2.09038,0.71,0.110002944444444
2009-02-26,1.2764,1.4342,0.010147133434804667,0.8585901948999742,44.66,2.98,0.27,752.8300170898438,1.16,1.94305,2.09038,0.71,0.110002944444444
2009-02-27,1.2662,1.4276,0.010231225700838962,0.8567511994516792,46.35,3.02,0.26,735.0900268554688,1.16,1.94305,2.09038,0.71,0.110002944444444
2009-03-02,1.258,1.3989,0.010291242152927859,0.8530239699735563,52.65,2.91,0.28,700.8200073242188,1.07,1.63545454545455,1.83139,0.65,0.113013047619048
2009-03-03,1.2549,1.4034,0.010187449062754686,0.8507018290089324,50.93,2.93,0.27,696.3300170898438,1.07,1.63545454545455,1.83139,0.65,0.113013047619048
2009-03-04,1.2607,1.4142,0.010066438494060801,0.8501955449753444,47.56,3.01,0.26,712.8699951171875,1.07,1.63545454545455,1.83139,0.65,0.113013047619048
2009-03-05,1.2565,1.4124,0.010170870626525632,0.8527330092947898,50.17,2.83,0.2,682.5499877929688,1.07,1.63545454545455,1.83139,0.65,0.113013047619048
2009-03-06,1.2674,1.411,0.010216591744993871,0.8676789587852494,49.33,2.83,0.2,683.3800048828125,1.07,1.63545454545455,1.83139,0.65,0.113013047619048
2009-03-09,1.2636,1.3757,0.010114291493880854,0.8595495960116899,49.68,2.89,0.23,676.530029296875,1.07,1.63545454545455,1.83139,0.65,0.113013047619048
2009-03-10,1.2752,1.384,0.010163634515702815,0.8665511265164645,44.37,2.99,0.24,719.5999755859375,1.07,1.63545454545455,1.83139,0.65,0.113013047619048
2009-03-11,1.2774,1.378,0.010231225700838962,0.8631851532153646,43.61,2.95,0.23,721.3599853515625,1.07,1.63545454545455,1.83139,0.65,0.113013047619048
2009-03-12,1.2799,1.3811,0.010218679746576743,0.8408307407718826,41.18,2.89,0.21,750.739990234375,1.07,1.63545454545455,1.83139,0.65,0.113013047619048
2009-03-13,1.2891,1.3972,0.010199918400652794,0.8417508417508418,42.36,2.89,0.19,756.5499877929688,1.07,1.63545454545455,1.83139,0.65,0.113013047619048
2009-03-16,1.2997,1.4091,0.010186411327289396,0.8460952703274389,43.74,2.97,0.24,753.8900146484375,1.07,1.63545454545455,1.83139,0.65,0.113013047619048
2009-03-17,1.2972,1.4018,0.010116337885685382,0.8455944529003889,40.8,3.02,0.24,778.1199951171875,1.07,1.63545454545455,1.83139,0.65,0.113013047619048
2009-03-18,1.311,1.3974,0.010195758564437194,0.8571183680466272,40.06,2.51,0.21,794.3499755859375,1.07,1.63545454545455,1.83139,0.65,0.113013047619048
2009-03-19,1.373,1.4584,0.010655301012253596,0.8941344778254648,43.68,2.61,0.2,784.0399780273438,1.07,1.63545454545455,1.83139,0.65,0.113013047619048
2009-03-20,1.3566,1.4435,0.010397171969224371,0.8894423196655696,45.89,2.65,0.21,768.5399780273438,1.07,1.63545454545455,1.83139,0.65,0.113013047619048
2009-03-23,1.3569,1.4496,0.010277492291880781,0.8857395925597874,43.23,2.68,0.22,822.9199829101562,1.07,1.63545454545455,1.83139,0.65,0.113013047619048
2009-03-24,1.3524,1.473,0.010218679746576743,0.8861320336730172,42.93,2.68,0.21,806.1199951171875,1.07,1.63545454545455,1.83139,0.65,0.113013047619048
2009-03-25,1.3539,1.4585,0.010235414534288638,0.8897588753447816,42.25,2.81,0.19,813.8800048828125,1.07,1.63545454545455,1.83139,0.65,0.113013047619048
2009-03-26,1.356,1.4497,0.010155377272265665,0.8871540099361249,40.36,2.76,0.15,832.8599853515625,1.07,1.63545454545455,1.83139,0.65,0.113013047619048
2009-03-27,1.3306,1.4325,0.01020512297173181,0.8745080891998251,41.04,2.78,0.13,815.9400024414062,1.07,1.63545454545455,1.83139,0.65,0.113013047619048
2009-03-30,1.3146,1.4148,0.010262725779967159,0.8671522719389525,45.54,2.73,0.18,787.530029296875,1.07,1.63545454545455,1.83139,0.65,0.113013047619048
2009-03-31,1.3261,1.43,0.010085728693898134,0.8775778850372971,44.14,2.71,0.21,797.8699951171875,1.07,1.63545454545455,1.83139,0.65,0.113013047619048
2009-04-01,1.3223,1.4402,0.010108157282927322,0.872219799389446,42.28,2.68,0.22,811.0800170898438,0.89,1.4223,1.53413,0.6,0.0902461818181818
2009-04-02,1.3458,1.47,0.010052271813429835,0.8811349017534584,42.04,2.77,0.22,834.3800048828125,0.89,1.4223,1.53413,0.6,0.0902461818181818
2009-04-03,1.3447,1.4801,0.010006003602161298,0.8833141948591113,39.7,2.91,0.21,842.5,0.89,1.4223,1.53413,0.6,0.0902461818181818
2009-04-06,1.3363,1.4712,0.009935419771485345,0.8781173164734808,40.93,2.95,0.2,835.47998046875,0.89,1.4223,1.53413,0.6,0.0902461818181818
2009-04-07,1.3282,1.4744,0.00992950054612253,0.8738967054094205,40.39,2.93,0.2,815.5499877929688,0.89,1.4223,1.53413,0.6,0.0902461818181818
2009-04-08,1.3288,1.4692,0.010005002501250625,0.8726764988218868,38.85,2.86,0.18,825.1599731445312,0.89,1.4223,1.53413,0.6,0.0902461818181818
2009-04-09,1.3149,1.4623,0.009957184108334162,0.86333419666753,36.53,2.96,0.18,856.5599975585938,0.89,1.4223,1.53413,0.6,0.0902461818181818
2009-04-10,1.3143,1.4635,0.009970089730807577,0.8639308855291576,,,,,0.89,1.4223,1.53413,0.6,0.0902461818181818
2009-04-13,1.3354,1.4831,0.00998801438274071,0.8805917576611484,37.81,2.88,0.18,858.72998046875,0.89,1.4223,1.53413,0.6,0.0902461818181818
2009-04-14,1.3277,1.4907,0.010092854259184497,0.8781944322472995,37.67,2.8,0.17,841.5,0.89,1.4223,1.53413,0.6,0.0902461818181818
2009-04-15,1.3182,1.499,0.010063399416322833,0.8731336767659129,36.17,2.82,0.15,852.0599975585938,0.89,1.4223,1.53413,0.6,0.0902461818181818
2009-04-16,1.3197,1.4909,0.010071507704703393,0.871763577717723,35.79,2.86,0.13,865.2999877929688,0.89,1.4223,1.53413,0.6,0.0902461818181818
2009-04-17,1.303,1.4778,0.010079629069650238,0.8566044200788077,33.94,2.98,0.14,869.5999755859375,0.89,1.4223,1.53413,0.6,0.0902461818181818
2009-04-20,1.2903,1.4532,0.010173974972021568,0.8537522410996329,39.18,2.88,0.14,832.3900146484375,0.89,1.4223,1.53413,0.6,0.0902461818181818
2009-04-21,1.2978,1.4688,0.010141987829614604,0.8580744808649391,37.14,2.94,0.15,850.0800170898438,0.89,1.4223,1.53413,0.6,0.0902461818181818
2009-04-22,1.3012,1.4496,0.010189525168127165,0.8595495960116899,38.1,2.98,0.14,843.5499877929688,0.89,1.4223,1.53413,0.6,0.0902461818181818
2009-04-23,1.3048,1.4635,0.010216591744993871,0.8634832915983076,37.15,2.96,0.1,851.9199829101562,0.89,1.4223,1.53413,0.6,0.0902461818181818
2009-04-24,1.3277,1.4697,0.010300782859497322,0.8796622097114708,36.82,3.03,0.1,866.22998046875,0.89,1.4223,1.53413,0.6,0.0902461818181818
2009-04-27,1.3136,1.4678,0.010355182768975874,0.8716875871687587,38.32,2.95,0.13,857.510009765625,0.89,1.4223,1.53413,0.6,0.0902461818181818
2009-04-28,1.3061,1.4607,0.01036376826614157,0.8682816705739342,37.95,3.05,0.13,855.1599731445312,0.89,1.4223,1.53413,0.6,0.0902461818181818
2009-04-29,1.3324,1.4802,0.010312467773538208,0.8842514811212309,36.08,3.12,0.11,873.6400146484375,0.89,1.4223,1.53413,0.6,0.0902461818181818
2009-04-30,1.3244,1.4799,0.01012555690562981,0.8770391159445711,36.5,3.16,0.14,872.8099975585938,0.89,1.4223,1.53413,0.6,0.0902461818181818
2009-05-01,1.3267,1.4881,0.01007658202337767,0.8799718409010912,35.3,3.21,0.15,877.52001953125,0.57,1.2817,1.35795,0.57,0.0912780588235294
2009-05-04,1.3365,1.4985,0.010088781275221953,0.8858180529719195,34.53,3.19,0.19,907.239990234375,0.57,1.2817,1.35795,0.57,0.0912780588235294
2009-05-05,1.3375,1.5099,0.01012555690562981,0.8851907586084802,33.36,3.2,0.19,903.7999877929688,0.57,1.2817,1.35795,0.57,0.0912780588235294
2009-05-06,1.3313,1.5063,0.010141987829614604,0.8839388314328649,32.45,3.18,0.19,919.530029296875,0.57,1.2817,1.35795,0.57,0.0912780588235294
2009-05-07,1.3411,1.5019,0.010101010101010102,0.8866820358219543,33.44,3.29,0.18,907.3900146484375,0.57,1.2817,1.35795,0.57,0.0912780588235294
2009-05-08,1.3494,1.509,0.0100999899000101,0.8926977325477593,32.05,3.29,0.18,929.22998046875,0.57,1.2817,1.35795,0.57,0.0912780588235294
2009-05-11,1.362,1.5145,0.01026167265264238,0.9035872413481522,32.87,3.17,0.19,909.239990234375,0.57,1.2817,1.35795,0.57,0.0912780588235294
2009-05-12,1.3638,1.524,0.01035303861683404,0.9048136083966704,31.8,3.17,0.19,908.3499755859375,0.57,1.2817,1.35795,0.57,0.0912780588235294
2009-05-13,1.3612,1.5165,0.010443864229765013,0.9040773890245004,33.65,3.11,0.17,883.9199829101562,0.57,1.2817,1.35795,0.57,0.0912780588235294
2009-05-14,1.3608,1.5195,0.010458063166701526,0.9041591320072332,31.37,3.1,0.16,893.0700073242188,0.57,1.2817,1.35795,0.57,0.0912780588235294
2009-05-15,1.3539,1.5222,0.010538518284329224,0.8983111749910169,33.12,3.14,0.17,882.8800048828125,0.57,1.2817,1.35795,0.57,0.0912780588235294
2009-05-18,1.3503,1.5309,0.010411244143675169,0.8943743851176101,30.24,3.22,0.19,909.7100219726562,0.57,1.2817,1.35795,0.57,0.0912780588235294
2009-05-19,1.3608,1.5501,0.01040582726326743,0.899199712256092,28.8,3.25,0.18,908.1300048828125,0.57,1.2817,1.35795,0.57,0.0912780588235294
2009-05-20,1.3765,1.567,0.010508617065994116,0.9072763563781527,29.03,3.19,0.18,903.469970703125,0.57,1.2817,1.35795,0.57,0.0912780588235294
2009-05-21,1.3804,1.5763,0.010529640939243972,0.9082652134423251,31.35,3.35,0.19,888.3300170898438,0.57,1.2817,1.35795,0.57,0.0912780588235294
2009-05-22,1.4005,1.5892,0.010587612493382742,0.9219138932423712,32.63,3.45,0.18,887.0,0.57,1.2817,1.35795,0.57,0.0912780588235294
2009-05-25,,,,,,,,,0.57,1.2817,1.35795,0.57,0.0912780588235294
2009-05-26,1.3992,1.5938,0.010547410610695074,0.9231053263177329,30.62,3.5,0.18,910.3300170898438,0.57,1.2817,1.35795,0.57,0.0912780588235294
2009-05-27,1.3924,1.6068,0.010525207872855488,0.9207255317189945,32.36,3.71,0.17,893.0599975585938,0.57,1.2817,1.35795,0.57,0.0912780588235294
2009-05-28,1.3948,1.5956,0.010334849111202976,0.9226794611551946,31.67,3.67,0.15,906.8300170898438,0.57,1.2817,1.35795,0.57,0.0912780588235294
2009-05-29,1.4126,1.616,0.010465724751439037,0.9352787130564909,28.92,3.47,0.14,919.1400146484375,0.57,1.2817,1.35795,0.57,0.0912780588235294
2009-06-01,1.4192,1.6448,0.010359473738734071,0.9356287425149701,30.04,3.71,0.13,942.8699951171875,0.39,1.22790909090909,1.24117,0.56,0.0871305263157895
2009-06-02,1.427,1.6515,0.010447137484329294,0.9412650602409638,29.63,3.65,0.14,944.739990234375,0.39,1.22790909090909,1.24117,0.56,0.0871305263157895
2009-06-03,1.4194,1.6405,0.010447137484329294,0.9359790340696368,31.02,3.56,0.14,931.760009765625,0.39,1.22790909090909,1.24117,0.56,0.0871305263157895
2009-06-04,1.4187,1.6173,0.010376673238559717,0.9364172675344132,30.18,3.72,0.14,942.4600219726562,0.39,1.22790909090909,1.24117,0.56,0.0871305263157895
2009-06-05,1.399,1.6017,0.010185373803218578,0.9214891264283082,29.62,3.84,0.19,940.0900268554688,0.39,1.22790909090909,1.24117,0.56,0.0871305263157895
2009-06-08,1.3884,1.5976,0.010146103896103896,0.9149967975112088,29.77,3.91,0.19,939.1400146484375,0.39,1.22790909090909,1.24117,0.56,0.0871305263157895
2009-06-09,1.4014,1.6267,0.010245901639344263,0.9240436148586213,28.27,3.86,0.19,942.4299926757812,0.39,1.22790909090909,1.24117,0.56,0.0871305263157895
2009-06-10,1.3983,1.6334,0.010190563538163661,0.9245562130177516,28.46,3.98,0.18,939.1500244140625,0.39,1.22790909090909,1.24117,0.56,0.0871305263157895
2009-06-11,1.4093,1.6547,0.010221813349688235,0.9327488107452663,28.11,3.88,0.19,944.8900146484375,0.39,1.22790909090909,1.24117,0.56,0.0871305263157895
2009-06-12,1.404,1.6523,0.010186411327289396,0.9297136481963556,28.15,3.81,0.18,946.2100219726562,0.39,1.22790909090909,1.24117,0.56,0.0871305263157895
2009-06-15,1.3784,1.6268,0.010200958890135673,0.9139097057210747,30.81,3.76,0.17,923.719970703125,0.39,1.22790909090909,1.24117,0.56,0.0871305263157895
2009-06-16,1.3878,1.6446,0.010388531061707874,0.9214042200313278,32.68,3.67,0.17,911.969970703125,0.39,1.22790909090909,1.24117,0.56,0.0871305263157895
2009-06-17,1.385,1.6293,0.010454783063251438,0.9199632014719411,31.54,3.68,0.17,910.7100219726562,0.39,1.22790909090909,1.24117,0.56,0.0871305263157895
2009-06-18,1.3978,1.6369,0.0103777501037775,0.9236168837166343,30.03,3.86,0.18,918.3699951171875,0.39,1.22790909090909,1.24117,0.56,0.0871305263157895
2009-06-19,1.3998,1.6537,0.010400416016640665,0.9282465422816301,27.99,3.79,0.18,921.22998046875,0.39,1.22790909090909,1.24117,0.56,0.0871305263157895
2009-06-22,1.3846,1.6343,0.010427528675703858,0.9195402298850576,31.17,3.72,0.2,893.0399780273438,0.39,1.22790909090909,1.24117,0.56,0.0871305263157895
2009-06-23,1.4035,1.6344,0.010490977759127152,0.933968431867003,30.58,3.65,0.2,895.0999755859375,0.39,1.22790909090909,1.24117,0.56,0.0871305263157895
2009-06-24,1.4015,1.6486,0.010484378276368212,0.9223390518354546,29.05,3.72,0.19,900.9400024414062,0.39,1.22790909090909,1.24117,0.56,0.0871305263157895
2009-06-25,1.3953,1.6336,0.010393929944912172,0.9124087591240875,26.36,3.55,0.18,920.260009765625,0.39,1.22790909090909,1.24117,0.56,0.0871305263157895
2009-06-26,1.4056,1.6498,0.010505305179115453,0.9211495946941785,25.93,3.52,0.19,918.9000244140625,0.39,1.22790909090909,1.24117,0.56,0.0871305263157895
2009-06-29,1.4058,1.6533,0.010434056761268781,0.9217439395335976,25.35,3.51,0.2,927.22998046875,0.39,1.22790909090909,1.24117,0.56,0.0871305263157895
2009-06-30,1.402,1.6452,0.01037129226301597,0.9202171712524155,26.35,3.53,0.19,919.3200073242188,0.39,1.22790909090909,1.24117,0.56,0.0871305263157895
2009-07-01,1.4186,1.6524,0.010372368011617053,0.9328358208955223,26.22,3.55,0.17,923.3300170898438,0.35,0.974956521739131,1.00113,0.55,0.0717845652173913
2009-07-02,1.4018,1.6398,0.010427528675703858,0.9228497600590625,27.95,3.51,0.17,896.4199829101562,0.35,0.974956521739131,1.00113,0.55,0.0717845652173913
2009-07-03,1.3991,1.6336,0.010422094841063054,0.9205560158335634,,,,,0.35,0.974956521739131,1.00113,0.55,0.0717845652173913
2009-07-06,1.3938,1.623,0.010526315789473684,0.919371150133309,29.0,3.52,0.19,898.719970703125,0.35,0.974956521739131,1.00113,0.55,0.0717845652173913
2009-07-07,1.3965,1.6158,0.010514141520344864,0.9209799226376865,30.85,3.47,0.19,881.030029296875,0.35,0.974956521739131,1.00113,0.55,0.0717845652173913
2009-07-08,1.3852,1.6027,0.01076426264800861,0.9154994049253867,31.3,3.33,0.18,879.5599975585938,0.35,0.974956521739131,1.00113,0.55,0.0717845652173913
2009-07-09,1.4026,1.6301,0.010777023386140748,0.9282465422816301,29.78,3.44,0.19,882.6799926757812,0.35,0.974956521739131,1.00113,0.55,0.0717845652173913
2009-07-10,1.3926,1.6185,0.010830715910321672,0.9211495946941785,29.02,3.32,0.18,879.1300048828125,0.35,0.974956521739131,1.00113,0.55,0.0717845652173913
2009-07-13,1.3973,1.6179,0.010782833728703903,0.9223390518354546,26.31,3.38,0.18,901.0499877929688,0.35,0.974956521739131,1.00113,0.55,0.0717845652173913
2009-07-14,1.3971,1.6294,0.01074922068150059,0.9216589861751152,25.02,3.5,0.18,905.8400268554688,0.35,0.974956521739131,1.00113,0.55,0.0717845652173913
2009-07-15,1.4116,1.6439,0.010628122010840685,0.9305788200260562,25.89,3.63,0.18,932.6799926757812,0.35,0.974956521739131,1.00113,0.55,0.0717845652173913
2009-07-16,1.4115,1.6417,0.010684902233144566,0.9298000929800094,25.42,3.59,0.19,940.739990234375,0.35,0.974956521739131,1.00113,0.55,0.0717845652173913
2009-07-17,1.412,1.633,0.010629251700680272,0.9288500835965076,24.34,3.67,0.17,940.3800048828125,0.35,0.974956521739131,1.00113,0.55,0.0717845652173913
2009-07-20,1.4211,1.6494,0.010579771476936098,0.9356287425149701,24.4,3.61,0.19,951.1300048828125,0.35,0.974956521739131,1.00113,0.55,0.0717845652173913
2009-07-21,1.4196,1.6419,0.010711225364181662,0.9365926758452748,23.87,3.5,0.19,954.5800170898438,0.35,0.974956521739131,1.00113,0.55,0.0717845652173913
2009-07-22,1.422,1.6439,0.010664391596459422,0.9381743127873158,23.47,3.58,0.19,954.0700073242188,0.35,0.974956521739131,1.00113,0.55,0.0717845652173913
2009-07-23,1.4266,1.6562,0.010554089709762533,0.9374707040404987,23.43,3.72,0.19,976.2899780273438,0.35,0.974956521739131,1.00113,0.55,0.0717845652173913
2009-07-24,1.4213,1.6432,0.010541851149061775,0.9344921035417251,23.09,3.7,0.18,979.260009765625,0.35,0.974956521739131,1.00113,0.55,0.0717845652173913
2009-07-27,1.4212,1.6486,0.010490977759127152,0.9320533134495294,24.28,3.75,0.19,982.1799926757812,0.35,0.974956521739131,1.00113,0.55,0.0717845652173913
2009-07-28,1.4215,1.6477,0.010570824524312896,0.9342301943198804,25.01,3.72,0.19,979.6199951171875,0.35,0.974956521739131,1.00113,0.55,0.0717845652173913
2009-07-29,1.4033,1.6379,0.010511931041732366,0.9189487226612755,25.61,3.69,0.19,975.1500244140625,0.35,0.974956521739131,1.00113,0.55,0.0717845652173913
2009-07-30,1.4066,1.6483,0.010452597470471413,0.9179364787956674,25.4,3.67,0.18,986.75,0.35,0.974956521739131,1.00113,0.55,0.0717845652173913
2009-07-31,1.4279,1.6713,0.010577533319229955,0.9373828271466067,25.92,3.52,0.18,987.47998046875,0.35,0.974956521739131,1.00113,0.55,0.0717845652173913
2009-08-03,1.4416,1.6956,0.01050089257586895,0.9453582907922102,25.56,3.66,0.19,1002.6300048828125,0.3,0.860476190476191,0.77369,0.54,0.0738368095238095
2009-08-04,1.44,1.6932,0.010481081647626036,0.9429514380009429,24.89,3.7,0.18,1005.6500244140625,0.3,0.860476190476191,0.77369,0.54,0.0738368095238095
2009-08-05,1.4391,1.6977,0.01052853232259423,0.9407337723424272,24.9,3.8,0.18,1002.719970703125,0.3,0.860476190476191,0.77369,0.54,0.0738368095238095
2009-08-06,1.4357,1.6774,0.010464629552113854,0.9382623381497466,25.67,3.79,0.17,997.0800170898438,0.3,0.860476190476191,0.77369,0.54,0.0738368095238095
2009-08-07,1.418,1.6669,0.010240655401945725,0.9237021984112322,24.76,3.89,0.18,1010.47998046875,0.3,0.860476190476191,0.77369,0.54,0.0738368095238095
2009-08-10,1.4143,1.6487,0.010284891494394734,0.921234454168586,24.99,3.8,0.19,1007.0999755859375,0.3,0.860476190476191,0.77369,0.54,0.0738368095238095
2009-08-11,1.4141,1.6501,0.010423181154888472,0.9237875288683602,25.99,3.71,0.18,994.3499755859375,0.3,0.860476190476191,0.77369,0.54,0.0738368095238095
2009-08-12,1.4215,1.6538,0.010399334442595675,0.9289363678588016,25.45,3.72,0.17,1005.8099975585938,0.3,0.860476190476191,0.77369,0.54,0.0738368095238095
2009-08-13,1.4283,1.658,0.01047559187094071,0.9332711152589829,24.71,3.59,0.17,1012.72998046875,0.3,0.860476190476191,0.77369,0.54,0.0738368095238095
2009-08-14,1.4216,1.6529,0.010566356720202874,0.9329228472805299,24.27,3.55,0.18,1004.0900268554688,0.3,0.860476190476191,0.77369,0.54,0.0738368095238095
2009-08-17,1.4088,1.6323,0.01060108131029365,0.9270418095856123,27.89,3.48,0.18,979.72998046875,0.3,0.860476190476191,0.77369,0.54,0.0738368095238095
2009-08-18,1.4075,1.6418,0.010557432432432432,0.9263547938860585,26.18,3.51,0.18,989.6699829101562,0.3,0.860476190476191,0.77369,0.54,0.0738368095238095
2009-08-19,1.4262,1.6555,0.010653030787258974,0.9407337723424272,26.26,3.45,0.17,996.4600219726562,0.3,0.860476190476191,0.77369,0.54,0.0738368095238095
2009-08-20,1.4235,1.6494,0.010624734381640459,0.9381743127873158,25.09,3.42,0.17,1007.3699951171875,0.3,0.860476190476191,0.77369,0.54,0.0738368095238095
2009-08-21,1.4305,1.6503,0.010570824524312896,0.9422406482615661,25.01,3.56,0.17,1026.1300048828125,0.3,0.860476190476191,0.77369,0.54,0.0738368095238095
2009-08-24,1.432,1.6417,0.010585371017254154,0.9428625306430323,25.14,3.48,0.17,1025.5699462890625,0.3,0.860476190476191,0.77369,0.54,0.0738368095238095
2009-08-25,1.435,1.643,0.010606703436571913,0.9456264775413711,24.92,3.45,0.17,1028.0,0.3,0.860476190476191,0.77369,0.54,0.0738368095238095
2009-08-26,1.423,1.6235,0.010610079575596816,0.9348415443582312,24.95,3.44,0.15,1028.1199951171875,0.3,0.860476190476191,0.77369,0.54,0.0738368095238095
2009-08-27,1.4272,1.6212,0.010687186063909374,0.9374707040404987,24.68,3.47,0.15,1030.97998046875,0.3,0.860476190476191,0.77369,0.54,0.0738368095238095
2009-08-28,1.4358,1.6331,0.010689470871191877,0.9469696969696969,24.76,3.46,0.15,1028.9300537109375,0.3,0.860476190476191,0.77369,0.54,0.0738368095238095
2009-08-31,1.4354,1.6314,0.010773540185304893,0.946163307786924,26.01,3.4,0.15,1020.6199951171875,0.3,0.860476190476191,0.77369,0.54,0.0738368095238095
2009-09-01,1.4235,1.6168,0.010742292405199269,0.9387027128508402,29.15,3.38,0.14,998.0399780273438,0.25,0.772090909090909,0.6056,0.54,0.073400380952381
2009-09-02,1.4246,1.6269,0.010818998160770312,0.940910801656003,28.9,3.29,0.14,994.75,0.25,0.772090909090909,0.6056,0.54,0.073400380952381
2009-09-03,1.4278,1.6354,0.010806137886319428,0.9435742592942064,27.1,3.33,0.15,1003.239990234375,0.25,0.772090909090909,0.6056,0.54,0.073400380952381
2009-09-04,1.4278,1.6378,0.01078167115902965,0.9422406482615661,25.26,3.45,0.14,1016.4000244140625,0.25,0.772090909090909,0.6056,0.54,0.073400380952381
2009-09-07,,,,,,,,,0.25,0.772090909090909,0.6056,0.54,0.073400380952381
2009-09-08,1.4497,1.6512,0.010844810758052272,0.9557488292076842,25.62,3.47,0.14,1025.3900146484375,0.25,0.772090909090909,0.6056,0.54,0.073400380952381
2009-09-09,1.4573,1.6557,0.010887316276537834,0.9612611746611555,24.32,3.48,0.14,1033.3699951171875,0.25,0.772090909090909,0.6056,0.54,0.073400380952381
2009-09-10,1.4568,1.6649,0.010886131069018071,0.9619084263178145,23.55,3.36,0.14,1044.1400146484375,0.25,0.772090909090909,0.6056,0.54,0.073400380952381
2009-09-11,1.4586,1.6695,0.01107419712070875,0.9640412609659692,24.15,3.34,0.14,1042.72998046875,0.25,0.772090909090909,0.6056,0.54,0.073400380952381
2009-09-14,1.4613,1.6588,0.01100715465052284,0.9653441451877594,23.86,3.42,0.14,1049.3399658203125,0.25,0.772090909090909,0.6056,0.54,0.073400380952381
2009-09-15,1.4617,1.6436,0.010995052226498075,0.9639483323693849,23.42,3.47,0.13,1052.6300048828125,0.25,0.772090909090909,0.6056,0.54,0.073400380952381
2009-09-16,1.4698,1.6501,0.01098901098901099,0.9682416731216112,23.69,3.48,0.1,1068.760009765625,0.25,0.772090909090909,0.6056,0.54,0.073400380952381
2009-09-17,1.4735,1.6522,0.010970927043335162,0.9718172983479106,23.65,3.42,0.1,1065.489990234375,0.25,0.772090909090909,0.6056,0.54,0.073400380952381
2009-09-18,1.4704,1.6266,0.010951702989814916,0.971534052268532,23.92,3.49,0.08,1068.300048828125,0.25,0.772090909090909,0.6056,0.54,0.073400380952381
2009-09-21,1.4692,1.6228,0.010884946119516709,0.9692740137636909,24.06,3.49,0.11,1064.6600341796875,0.25,0.772090909090909,0.6056,0.54,0.073400380952381
2009-09-22,1.4795,1.638,0.010979358805445762,0.976848686138517,23.08,3.46,0.11,1071.6600341796875,0.25,0.772090909090909,0.6056,0.54,0.073400380952381
2009-09-23,1.4752,1.6404,0.010934937124111536,0.9747538746466516,23.49,3.44,0.11,1060.8699951171875,0.25,0.772090909090909,0.6056,0.54,0.073400380952381
2009-09-24,1.4696,1.6068,0.010969723562966214,0.9728572818367545,24.95,3.4,0.1,1050.780029296875,0.25,0.772090909090909,0.6056,0.54,0.073400380952381
2009-09-25,1.4682,1.5967,0.011132138483802739,0.9730466089325678,25.61,3.34,0.1,1044.3800048828125,0.25,0.772090909090909,0.6056,0.54,0.073400380952381
2009-09-28,1.465,1.591,0.011193194537721066,0.9707795359673818,24.88,3.31,0.11,1062.97998046875,0.25,0.772090909090909,0.6056,0.54,0.073400380952381
2009-09-29,1.4553,1.5924,0.011079104808331486,0.9629272989889264,25.19,3.31,0.13,1060.6099853515625,0.25,0.772090909090909,0.6056,0.54,0.073400380952381
2009-09-30,1.463,1.6004,0.01117443289753045,0.9638554216867469,25.61,3.31,0.14,1057.0799560546875,0.25,0.772090909090909,0.6056,0.54,0.073400380952381
2009-10-01,1.4532,1.595,0.011144544745347151,0.9593246354566385,28.27,3.21,0.1,1029.8499755859375,0.24,0.7375,0.57087,0.53,0.0850033333333333
2009-10-02,1.459,1.5878,0.01115822361080116,0.9666505558240697,28.68,3.24,0.1,1025.2099609375,0.24,0.7375,0.57087,0.53,0.0850033333333333
2009-10-05,1.4647,1.5926,0.011165698972755694,0.968804495252858,26.84,3.24,0.08,1040.4599609375,0.24,0.7375,0.57087,0.53,0.0850033333333333
2009-10-06,1.4744,1.5904,0.011265067027148813,0.9758001561280251,25.7,3.27,0.08,1054.719970703125,0.24,0.7375,0.57087,0.53,0.0850033333333333
2009-10-07,1.4675,1.5899,0.011266336187471833,0.9677731539727087,24.68,3.21,0.09,1057.5799560546875,0.24,0.7375,0.57087,0.53,0.0850033333333333
2009-10-08,1.4777,1.609,0.011307100859339666,0.9737098344693282,24.18,3.27,0.06,1065.47998046875,0.24,0.7375,0.57087,0.53,0.0850033333333333
2009-10-09,1.4715,1.5896,0.01114951499609767,0.9693679720822024,23.12,3.4,0.07,1071.489990234375,0.24,0.7375,0.57087,0.53,0.0850033333333333
2009-10-12,,,,,23.01,,,1076.18994140625,0.24,0.7375,0.57087,0.53,0.0850033333333333
2009-10-13,1.4839,1.5896,0.011147029316687103,0.9775171065493647,22.99,3.34,0.07,1073.18994140625,0.24,0.7375,0.57087,0.53,0.0850033333333333
2009-10-14,1.4899,1.5974,0.011180679785330949,0.9830908375933936,22.86,3.45,0.07,1092.02001953125,0.24,0.7375,0.57087,0.53,0.0850033333333333
2009-10-15,1.4945,1.6249,0.011063170704723974,0.9865824782951854,21.72,3.49,0.07,1096.56005859375,0.24,0.7375,0.57087,0.53,0.0850033333333333
2009-10-16,1.4889,1.635,0.011021712774165105,0.9815469179426777,21.43,3.43,0.07,1087.6800537109375,0.24,0.7375,0.57087,0.53,0.0850033333333333
2009-10-19,1.4947,1.64,0.011022927689594356,0.987166831194472,21.49,3.41,0.08,1097.9100341796875,0.24,0.7375,0.57087,0.53,0.0850033333333333
2009-10-20,1.4905,1.638,0.01100957833314984,0.9858044164037855,20.9,3.35,0.08,1091.06005859375,0.24,0.7375,0.57087,0.53,0.0850033333333333
2009-10-21,1.5009,1.661,0.010984182776801405,0.9936406995230525,22.22,3.42,0.07,1081.4000244140625,0.24,0.7375,0.57087,0.53,0.0850033333333333
2009-10-22,1.5003,1.6595,0.010938525486764383,0.9931472837421791,20.69,3.44,0.06,1092.9100341796875,0.24,0.7375,0.57087,0.53,0.0850033333333333
2009-10-23,1.5029,1.6351,0.0108837614279495,0.99304865938431,22.27,3.51,0.07,1079.5999755859375,0.24,0.7375,0.57087,0.53,0.0850033333333333
2009-10-26,1.4941,1.6351,0.01087429317094389,0.9865824782951854,24.31,3.59,0.08,1066.949951171875,0.24,0.7375,0.57087,0.53,0.0850033333333333
2009-10-27,1.4821,1.6334,0.01086484137331595,0.9786651008025053,24.83,3.49,0.08,1063.4100341796875,0.24,0.7375,0.57087,0.53,0.0850033333333333
2009-10-28,1.4763,1.6375,0.010980564401010213,0.977326035965598,27.91,3.44,0.07,1042.6300048828125,0.24,0.7375,0.57087,0.53,0.0850033333333333
2009-10-29,1.4819,1.6559,0.010939722131057872,0.9809691975671964,24.76,3.53,0.06,1066.1099853515625,0.24,0.7375,0.57087,0.53,0.0850033333333333
2009-10-30,1.4755,1.6479,0.011049723756906077,0.9767532721234615,30.69,3.41,0.05,1036.18994140625,0.24,0.7375,0.57087,0.53,0.0850033333333333
2009-11-02,1.4828,1.641,0.011042402826855124,0.9826078412105728,29.78,3.45,0.06,1042.8800048828125,0.21,0.716190476190476,0.60936,0.51,0.118535785714286
2009-11-03,1.4658,1.6383,0.01107419712070875,0.9703085581214826,28.81,3.5,0.06,1045.4100341796875,0.21,0.716190476190476,0.60936,0.51,0.118535785714286
2009-11-04,1.4836,1.6571,0.010993843447669306,0.9820288716488265,27.72,3.57,0.05,1046.5,0.21,0.716190476190476,0.60936,0.51,0.118535785714286
2009-11-05,1.4857,1.6565,0.01105583195135434,0.9832841691248771,25.43,3.57,0.04,1066.6300048828125,0.21,0.716190476190476,0.60936,0.51,0.118535785714286
2009-11-06,1.4835,1.6586,0.011128421989761852,0.9821253191907288,24.19,3.54,0.06,1069.300048828125,0.21,0.716190476190476,0.60936,0.51,0.118535785714286
2009-11-09,1.4999,1.6721,0.01112099644128114,0.992358836955443,23.15,3.52,0.07,1093.0799560546875,0.21,0.716190476190476,0.60936,0.51,0.118535785714286
2009-11-10,1.496,1.6681,0.011133377866844802,0.9908838684106221,22.84,3.5,0.07,1093.010009765625,0.21,0.716190476190476,0.60936,0.51,0.118535785714286
2009-11-11,,,,,23.04,,,1098.510009765625,0.21,0.716190476190476,0.60936,0.51,0.118535785714286
2009-11-12,1.4865,1.6543,0.011061946902654867,0.9838646202282566,24.24,3.45,0.07,1087.239990234375,0.21,0.716190476190476,0.60936,0.51,0.118535785714286
2009-11-13,1.4886,1.6657,0.011166945840312675,0.9860960457548565,23.36,3.43,0.06,1093.47998046875,0.21,0.716190476190476,0.60936,0.51,0.118535785714286
2009-11-16,1.4977,1.6795,0.011200716845878136,0.9925558312655086,22.89,3.33,0.07,1109.300048828125,0.21,0.716190476190476,0.60936,0.51,0.118535785714286
2009-11-17,1.483,1.6768,0.011184431271669836,0.9811616954474096,22.41,3.33,0.06,1110.3199462890625,0.21,0.716190476190476,0.60936,0.51,0.118535785714286
2009-11-18,1.499,1.6756,0.011190689346463742,0.9920634920634921,21.63,3.36,0.04,1109.800048828125,0.21,0.716190476190476,0.60936,0.51,0.118535785714286
2009-11-19,1.4905,1.6658,0.011242270938729622,0.9853187506158243,22.63,3.35,0.02,1094.9000244140625,0.21,0.716190476190476,0.60936,0.51,0.118535785714286
2009-11-20,1.487,1.6529,0.01124859392575928,0.9826078412105728,22.19,3.36,0.02,1091.3800048828125,0.21,0.716190476190476,0.60936,0.51,0.118535785714286
2009-11-23,1.4968,1.6599,0.01121830827911151,0.9903931860948796,21.16,3.37,0.05,1106.239990234375,0.21,0.716190476190476,0.60936,0.51,0.118535785714286
2009-11-24,1.4937,1.6577,0.011289230074508919,0.9885330170027679,20.47,3.32,0.05,1105.6500244140625,0.21,0.716190476190476,0.60936,0.51,0.118535785714286
2009-11-25,1.5085,1.6671,0.011409013120365089,0.9996001599360256,20.48,3.28,0.05,1110.6300048828125,0.21,0.716190476190476,0.60936,0.51,0.118535785714286
2009-11-26,,,,,,,,,0.21,0.716190476190476,0.60936,0.51,0.118535785714286
2009-11-27,1.4963,1.6494,0.011511453896627144,0.9937394415184339,24.85,3.21,0.03,1091.489990234375,0.21,0.716190476190476,0.60936,0.51,0.118535785714286
2009-11-30,1.4994,1.6409,0.011611704598235021,0.9950248756218907,24.51,3.21,0.06,1095.6300048828125,0.21,0.716190476190476,0.60936,0.51,0.118535785714286
2009-12-01,1.51,1.6626,0.011544677903486492,1.001602564102564,21.92,3.28,0.06,1108.8599853515625,0.22,0.712045454545454,0.60541,0.46,0.115619909090909
2009-12-02,1.5059,1.6641,0.011477103179157582,0.9994003597841296,21.12,3.32,0.05,1109.239990234375,0.22,0.712045454545454,0.60541,0.46,0.115619909090909
2009-12-03,1.5081,1.6578,0.011337868480725623,1.0005002501250624,22.46,3.39,0.06,1099.9200439453125,0.22,0.712045454545454,0.60541,0.46,0.115619909090909
2009-12-04,1.4885,1.6515,0.011127183709803048,0.9865824782951854,21.25,3.48,0.06,1105.97998046875,0.22,0.712045454545454,0.60541,0.46,0.115619909090909
2009-12-07,1.482,1.6429,0.011180679785330949,0.9804882831650161,22.1,3.44,0.04,1103.25,0.22,0.712045454545454,0.60541,0.46,0.115619909090909
2009-12-08,1.4741,1.6302,0.011310937676733402,0.9760858955588092,23.69,3.4,0.03,1091.93994140625,0.22,0.712045454545454,0.60541,0.46,0.115619909090909
2009-12-09,1.4725,1.6242,0.011385631333257429,0.9744689144416293,22.66,3.45,0.03,1095.949951171875,0.22,0.712045454545454,0.60541,0.46,0.115619909090909
2009-12-10,1.4716,1.6257,0.011337868480725623,0.9737098344693282,22.32,3.49,0.02,1102.3499755859375,0.22,0.712045454545454,0.60541,0.46,0.115619909090909
2009-12-11,1.4601,1.6236,0.01120699316373417,0.9656237929702587,21.59,3.55,0.03,1106.4100341796875,0.22,0.712045454545454,0.60541,0.46,0.115619909090909
2009-12-14,1.4645,1.6285,0.011280315848843767,0.9688983625617672,21.15,3.56,0.04,1114.1099853515625,0.22,0.712045454545454,0.60541,0.46,0.115619909090909
2009-12-15,1.4514,1.6234,0.011122233344455567,0.9596008060646771,21.49,3.6,0.05,1107.9300537109375,0.22,0.712045454545454,0.60541,0.46,0.115619909090909
2009-12-16,1.4577,1.6369,0.011170688114387846,0.9657170449058425,20.54,3.61,0.04,1109.1800537109375,0.22,0.712045454545454,0.60541,0.46,0.115619909090909
2009-12-17,1.4317,1.6135,0.011068068622025458,0.9531979792202842,22.51,3.5,0.04,1096.0799560546875,0.22,0.712045454545454,0.60541,0.46,0.115619909090909
2009-12-18,1.4281,1.6083,0.011053387863380126,0.9567546880979718,21.68,3.55,0.05,1102.469970703125,0.22,0.712045454545454,0.60541,0.46,0.115619909090909
2009-12-21,1.4319,1.6083,0.010995052226498075,0.9577626664112633,20.49,3.69,0.08,1114.050048828125,0.22,0.712045454545454,0.60541,0.46,0.115619909090909
2009-12-22,1.4243,1.5956,0.010908694229300752,0.9536524890329964,19.54,3.76,0.08,1118.02001953125,0.22,0.712045454545454,0.60541,0.46,0.115619909090909
2009-12-23,1.4341,1.5955,0.010926573426573428,0.9633911368015414,19.71,3.77,0.07,1120.5899658203125,0.22,0.712045454545454,0.60541,0.46,0.115619909090909
2009-12-24,1.4367,1.5941,0.010906314756243865,0.9644131545954288,19.47,3.82,0.05,1126.47998046875,0.22,0.712045454545454,0.60541,0.46,0.115619909090909
2009-12-25,,,,,,,,,0.22,0.712045454545454,0.60541,0.46,0.115619909090909
2009-12-28,1.4392,1.6001,0.01092060718575953,0.9670244657189827,19.93,3.85,0.11,1127.780029296875,0.22,0.712045454545454,0.60541,0.46,0.115619909090909
2009-12-29,1.4356,1.5892,0.01087547580206634,0.964785335262904,20.01,3.82,0.1,1126.199951171875,0.22,0.712045454545454,0.60541,0.46,0.115619909090909
2009-12-30,1.4316,1.605,0.010792143319663286,0.9623712828409201,19.96,3.8,0.05,1126.4200439453125,0.22,0.712045454545454,0.60541,0.46,0.115619909090909
2009-12-31,1.4332,1.6167,0.010743446497636443,0.9654373431164317,21.68,3.85,0.06,1115.0999755859375,0.22,0.712045454545454,0.60541,0.46,0.115619909090909
2010-01-01,,,,,,,,,0.2,0.67975,0.61265,0.45,0.0903594
2010-01-04,1.4419,1.6109,0.010804970286331712,0.9714396735962696,20.04,3.85,0.08,1132.989990234375,0.2,0.67975,0.61265,0.45,0.0903594
2010-01-05,1.4402,1.6009,0.010931351114997814,0.968804495252858,19.35,3.77,0.07,1136.52001953125,0.2,0.67975,0.61265,0.45,0.0903594
2010-01-06,1.4404,1.6016,0.010807305738679347,0.9725734292939117,19.16,3.85,0.06,1137.1400146484375,0.2,0.67975,0.61265,0.45,0.0903594
2010-01-07,1.4314,1.5912,0.010716964955524596,0.9670244657189827,19.06,3.85,0.05,1141.68994140625,0.2,0.67975,0.61265,0.45,0.0903594
2010-01-08,1.4357,1.5993,0.010787486515641855,0.9712509712509712,18.13,3.83,0.05,1144.97998046875,0.2,0.67975,0.61265,0.45,0.0903594
2010-01-11,1.4536,1.6146,0.010881392818280738,0.9848335631278313,17.55,3.85,0.04,1146.97998046875,0.2,0.67975,0.61265,0.45,0.0903594
2010-01-12,1.4523,1.6181,0.010995052226498075,0.984251968503937,18.25,3.74,0.05,1136.219970703125,0.2,0.67975,0.61265,0.45,0.0903594
2010-01-13,1.4492,1.6288,0.01094331363536879,0.9809691975671964,17.85,3.8,0.06,1145.6800537109375,0.2,0.67975,0.61265,0.45,0.0903594
2010-01-14,1.4478,1.632,0.010985389432055365,0.9798157946306095,17.63,3.76,0.05,1148.4599609375,0.2,0.67975,0.61265,0.45,0.0903594
2010-01-15,1.4376,1.624,0.011014428901861438,0.9742790335151987,17.91,3.7,0.06,1136.030029296875,0.2,0.67975,0.61265,0.45,0.0903594
2010-01-18,,,,,,,,,0.2,0.67975,0.61265,0.45,0.0903594
2010-01-19,1.4269,1.637,0.01097333479644464,0.9671179883945841,17.58,3.73,0.06,1150.22998046875,0.2,0.67975,0.61265,0.45,0.0903594
2010-01-20,1.4094,1.6287,0.01096130658774526,0.9566631589017508,18.68,3.68,0.05,1138.0400390625,0.2,0.67975,0.61265,0.45,0.0903594
2010-01-21,1.4106,1.6214,0.0110803324099723,0.959140610013428,22.27,3.62,0.06,1116.47998046875,0.2,0.67975,0.61265,0.45,0.0903594
2010-01-22,1.4154,1.612,0.011102475852115023,0.9615384615384615,27.31,3.62,0.06,1091.760009765625,0.2,0.67975,0.61265,0.45,0.0903594
2010-01-25,1.4146,1.6236,0.011096316023080336,0.9612611746611555,25.41,3.66,0.06,1096.780029296875,0.2,0.67975,0.61265,0.45,0.0903594
2010-01-26,1.4063,1.6109,0.011156978690170702,0.9554748710108925,24.55,3.65,0.07,1092.1700439453125,0.2,0.67975,0.61265,0.45,0.0903594
2010-01-27,1.4053,1.6204,0.011184431271669836,0.9549274255156609,23.14,3.66,0.08,1097.5,0.2,0.67975,0.61265,0.45,0.0903594
2010-01-28,1.3993,1.6242,0.011101243339253997,0.9508414947228296,23.73,3.68,0.08,1084.530029296875,0.2,0.67975,0.61265,0.45,0.0903594
2010-01-29,1.387,1.6009,0.011064394777605666,0.9472387989012029,24.62,3.63,0.08,1073.8699951171875,0.2,0.67975,0.61265,0.45,0.0903594
2010-02-01,1.3904,1.5924,0.011013215859030838,0.9446438692612885,22.59,3.68,0.1,1089.18994140625,0.19,0.6617,0.6331,0.44,0.09874325
2010-02-02,1.3955,1.5968,0.011063170704723974,0.9472387989012029,21.48,3.67,0.1,1103.3199462890625,0.19,0.6617,0.6331,0.44,0.09874325
2010-02-03,1.3907,1.5915,0.010975743606629349,0.9442870632672333,21.6,3.73,0.1,1097.280029296875,0.19,0.6617,0.6331,0.44,0.09874325
2010-02-04,1.3759,1.5763,0.011222085063404781,0.938526513374003,26.08,3.62,0.09,1063.1099853515625,0.19,0.6617,0.6331,0.44,0.09874325
2010-02-05,1.3608,1.5619,0.011204481792717087,0.9277298450691158,26.11,3.59,0.1,1066.18994140625,0.19,0.6617,0.6331,0.44,0.09874325
2010-02-08,1.3699,1.565,0.011195700850873265,0.9349289454001495,26.51,3.62,0.12,1056.739990234375,0.19,0.6617,0.6331,0.44,0.09874325
2010-02-09,1.3795,1.5679,0.011179429849077696,0.93976130062964,26.0,3.67,0.12,1070.52001953125,0.19,0.6617,0.6331,0.44,0.09874325
2010-02-10,1.3722,1.5606,0.011125945705384959,0.9361542782250515,25.4,3.72,0.11,1068.1300048828125,0.19,0.6617,0.6331,0.44,0.09874325
2010-02-11,1.364,1.5674,0.011133377866844802,0.9304922303898763,23.96,3.73,0.11,1078.469970703125,0.19,0.6617,0.6331,0.44,0.09874325
2010-02-12,1.3625,1.5669,0.011111111111111112,0.9287638153617536,22.73,3.69,0.1,1075.510009765625,0.19,0.6617,0.6331,0.44,0.09874325
2010-02-15,,,,,,,,,0.19,0.6617,0.6331,0.44,0.09874325
2010-02-16,1.3742,1.5732,0.011054609772275039,0.9362419249133975,22.25,3.66,0.1,1094.8699951171875,0.19,0.6617,0.6331,0.44,0.09874325
2010-02-17,1.3623,1.5704,0.011014428901861438,0.9286775631500743,21.72,3.74,0.1,1099.510009765625,0.19,0.6617,0.6331,0.44,0.09874325
2010-02-18,1.3563,1.5582,0.010937329104232745,0.9254118082546733,20.63,3.79,0.1,1106.75,0.19,0.6617,0.6331,0.44,0.09874325
2010-02-19,1.3538,1.5437,0.010876658690450293,0.9238728750923872,20.02,3.78,0.11,1109.1700439453125,0.19,0.6617,0.6331,0.44,0.09874325
2010-02-22,1.359,1.5477,0.010975743606629349,0.9282465422816301,19.94,3.8,0.11,1108.010009765625,0.19,0.6617,0.6331,0.44,0.09874325
2010-02-23,1.3537,1.5464,0.011106175033318524,0.924385283786282,21.37,3.69,0.12,1094.5999755859375,0.19,0.6617,0.6331,0.44,0.09874325
2010-02-24,1.3576,1.5432,0.01110370863868532,0.9277298450691158,20.27,3.7,0.12,1105.239990234375,0.19,0.6617,0.6331,0.44,0.09874325
2010-02-25,1.3476,1.5201,0.011254924029262803,0.9209799226376865,20.1,3.64,0.13,1102.93994140625,0.19,0.6617,0.6331,0.44,0.09874325
2010-02-26,1.366,1.5239,0.011256190904997748,0.9336196433572963,19.5,3.61,0.13,1104.489990234375,0.19,0.6617,0.6331,0.44,0.09874325
2010-03-01,1.3516,1.4974,0.011200716845878136,0.9236168837166343,19.26,3.61,0.13,1115.7099609375,0.23,0.64495652173913,0.64549,0.43,0.0957777272727273
2010-03-02,1.3564,1.494,0.011242270938729622,0.9267840593141798,19.06,3.62,0.14,1118.31005859375,0.23,0.64495652173913,0.64549,0.43,0.0957777272727273
2010-03-03,1.3731,1.5124,0.01130837950921633,0.938790837401427,18.83,3.63,0.14,1118.7900390625,0.23,0.64495652173913,0.64549,0.43,0.0957777272727273
2010-03-04,1.3571,1.5031,0.011233430689732645,0.9276437847866419,18.72,3.61,0.14,1122.969970703125,0.23,0.64495652173913,0.64549,0.43,0.0957777272727273
2010-03-05,1.3608,1.5115,0.011071744906997343,0.9301460329271696,17.42,3.69,0.15,1138.699951171875,0.23,0.64495652173913,0.64549,0.43,0.0957777272727273
2010-03-08,1.3613,1.506,0.01107419712070875,0.9307520476545048,17.79,3.72,0.16,1138.5,0.23,0.64495652173913,0.64549,0.43,0.0957777272727273
2010-03-09,1.3586,1.5003,0.01112470797641562,0.9289363678588016,17.92,3.71,0.16,1140.449951171875,0.23,0.64495652173913,0.64549,0.43,0.0957777272727273
2010-03-10,1.3658,1.4977,0.011035091591260206,0.9344047841524948,18.57,3.73,0.15,1145.6099853515625,0.23,0.64495652173913,0.64549,0.43,0.0957777272727273
2010-03-11,1.3674,1.5052,0.011037527593818985,0.9355412105903266,18.06,3.73,0.16,1150.239990234375,0.23,0.64495652173913,0.64549,0.43,0.0957777272727273
2010-03-12,1.3753,1.5188,0.011054609772275039,0.9434852344560807,17.58,3.71,0.15,1149.989990234375,0.23,0.64495652173913,0.64549,0.43,0.0957777272727273
2010-03-15,1.3652,1.5043,0.01105583195135434,0.9402914903620123,18.0,3.71,0.17,1150.510009765625,0.23,0.64495652173913,0.64549,0.43,0.0957777272727273
2010-03-16,1.3758,1.5192,0.011058277120424637,0.94732853353543,17.69,3.66,0.16,1159.4599609375,0.23,0.64495652173913,0.64549,0.43,0.0957777272727273
2010-03-17,1.3739,1.5296,0.011059500110595,0.9477774618519572,16.91,3.65,0.15,1166.2099609375,0.23,0.64495652173913,0.64549,0.43,0.0957777272727273
2010-03-18,1.3603,1.5247,0.011054609772275039,0.9407337723424272,16.62,3.68,0.16,1165.8299560546875,0.23,0.64495652173913,0.64549,0.43,0.0957777272727273
2010-03-19,1.353,1.5014,0.011049723756906077,0.9420631182289212,16.97,3.7,0.16,1159.9000244140625,0.23,0.64495652173913,0.64549,0.43,0.0957777272727273
2010-03-22,1.3531,1.5071,0.011108642523883583,0.9451795841209829,16.87,3.67,0.15,1165.81005859375,0.23,0.64495652173913,0.64549,0.43,0.0957777272727273
2010-03-23,1.3535,1.5067,0.011081560283687944,0.9468800303001609,16.35,3.69,0.14,1174.1700439453125,0.23,0.64495652173913,0.64549,0.43,0.0957777272727273
2010-03-24,1.3347,1.4914,0.010882576994232234,0.9352787130564909,17.55,3.84,0.14,1167.719970703125,0.23,0.64495652173913,0.64549,0.43,0.0957777272727273
2010-03-25,1.3344,1.4884,0.010788650339842486,0.9348415443582312,18.4,3.91,0.14,1165.72998046875,0.23,0.64495652173913,0.64549,0.43,0.0957777272727273
2010-03-26,1.3398,1.4906,0.010803802938634399,0.9379103357719002,17.77,3.86,0.14,1166.5899658203125,0.23,0.64495652173913,0.64549,0.43,0.0957777272727273
2010-03-29,1.3465,1.4969,0.010793308148947653,0.940379913485048,17.59,3.88,0.15,1173.219970703125,0.23,0.64495652173913,0.64549,0.43,0.0957777272727273
2010-03-30,1.3409,1.509,0.010765421466250404,0.93711929528629,17.13,3.88,0.16,1173.27001953125,0.23,0.64495652173913,0.64549,0.43,0.0957777272727273
2010-03-31,1.3526,1.5186,0.010706638115631691,0.9498480243161095,17.59,3.84,0.16,1169.4300537109375,0.23,0.64495652173913,0.64549,0.43,0.0957777272727273
2010-04-01,1.3569,1.529,0.01065757220505169,0.947059380623165,17.47,3.89,0.16,1178.0999755859375,0.3,0.6447,0.65592,0.4,0.0879435
2010-04-02,1.3487,1.5197,0.010580890911014707,0.9405568096313018,,3.96,0.16,,0.3,0.6447,0.65592,0.4,0.0879435
2010-04-05,1.3486,1.5284,0.010606703436571913,0.9417082587814295,17.02,4.01,0.18,1187.43994140625,0.3,0.6447,0.65592,0.4,0.0879435
2010-04-06,1.3378,1.523,0.010659844366272252,0.9342301943198804,16.23,3.98,0.17,1189.43994140625,0.3,0.6447,0.65592,0.4,0.0879435
2010-04-07,1.3364,1.5246,0.010684902233144566,0.9331840238895109,16.62,3.89,0.17,1182.449951171875,0.3,0.6447,0.65592,0.4,0.0879435
2010-04-08,1.336,1.5272,0.010734220695577501,0.9325748391308403,16.48,3.91,0.17,1186.43994140625,0.3,0.6447,0.65592,0.4,0.0879435
2010-04-09,1.3468,1.5371,0.01072041166380789,0.9370314842578711,16.14,3.9,0.16,1194.3699951171875,0.3,0.6447,0.65592,0.4,0.0879435
2010-04-12,1.3587,1.5368,0.0107284626113078,0.9435742592942064,15.58,3.87,0.16,1196.47998046875,0.3,0.6447,0.65592,0.4,0.0879435
2010-04-13,1.3592,1.5416,0.010778184953653805,0.9458053532582995,16.2,3.84,0.16,1197.300048828125,0.3,0.6447,0.65592,0.4,0.0879435
2010-04-14,1.3666,1.5484,0.010751532093323298,0.9512937595129377,15.59,3.88,0.16,1210.6500244140625,0.3,0.6447,0.65592,0.4,0.0879435
2010-04-15,1.354,1.5465,0.010748065348237317,0.9438414346389805,15.89,3.86,0.16,1211.6700439453125,0.3,0.6447,0.65592,0.4,0.0879435
2010-04-16,1.3487,1.5395,0.010866021949364337,0.9412650602409638,18.36,3.79,0.16,1192.1300048828125,0.3,0.6447,0.65592,0.4,0.0879435
2010-04-19,1.3458,1.5263,0.010848340203948795,0.9389671361502347,17.34,3.83,0.16,1197.52001953125,0.3,0.6447,0.65592,0.4,0.0879435
2010-04-20,1.3446,1.5375,0.01072041166380789,0.93694368968425,15.73,3.82,0.16,1207.1700439453125,0.3,0.6447,0.65592,0.4,0.0879435
2010-04-21,1.3383,1.5397,0.010725010725010725,0.9338812103100486,16.32,3.77,0.15,1205.93994140625,0.3,0.6447,0.65592,0.4,0.0879435
2010-04-22,1.3298,1.5368,0.010751532093323298,0.9278159213212098,16.47,3.8,0.16,1208.6700439453125,0.3,0.6447,0.65592,0.4,0.0879435
2010-04-23,1.336,1.5363,0.010617965597791462,0.9308386856557759,16.62,3.84,0.16,1217.280029296875,0.3,0.6447,0.65592,0.4,0.0879435
2010-04-26,1.3336,1.5466,0.0106315118009781,0.9299730307821074,17.47,3.83,0.16,1212.050048828125,0.3,0.6447,0.65592,0.4,0.0879435
2010-04-27,1.323,1.5285,0.010751532093323298,0.9227646027498384,22.81,3.71,0.16,1183.7099609375,0.3,0.6447,0.65592,0.4,0.0879435
2010-04-28,1.313,1.516,0.010630381630700543,0.9165902841429882,21.08,3.8,0.16,1191.3599853515625,0.3,0.6447,0.65592,0.4,0.0879435
2010-04-29,1.3243,1.5303,0.010620220900594732,0.9238728750923872,18.44,3.76,0.17,1206.780029296875,0.3,0.6447,0.65592,0.4,0.0879435
2010-04-30,1.3302,1.5308,0.010611205432937183,0.9287638153617536,22.05,3.69,0.16,1186.68994140625,0.3,0.6447,0.65592,0.4,0.0879435
2010-05-03,1.3183,1.5242,0.010561892691170256,0.9201324990798675,20.19,3.72,0.17,1202.260009765625,0.45,0.68652380952381,0.69713,0.39,0.08190975
2010-05-04,1.3037,1.5135,0.010573059843518714,0.910166560480568,23.84,3.63,0.16,1173.5999755859375,0.45,0.68652380952381,0.69713,0.39,0.08190975
2010-05-05,1.289,1.5134,0.010604453870625663,0.8994423457456378,24.91,3.58,0.15,1165.8699951171875,0.45,0.68652380952381,0.69713,0.39,0.08190975
2010-05-06,1.2689,1.4889,0.010843634786380394,0.9015506671474938,32.8,3.41,0.11,1128.1500244140625,0.45,0.68652380952381,0.69713,0.39,0.08190975
2010-05-07,1.2721,1.4739,0.010908694229300752,0.9021199819576003,40.95,3.45,0.13,1110.8800048828125,0.45,0.68652380952381,0.69713,0.39,0.08190975
2010-05-10,1.2861,1.498,0.010707784559374666,0.9034239768723462,28.84,3.57,0.16,1159.72998046875,0.45,0.68652380952381,0.69713,0.39,0.08190975
2010-05-11,1.2715,1.4952,0.010772379618657763,0.9042408897730354,28.32,3.56,0.16,1155.7900390625,0.45,0.68652380952381,0.69713,0.39,0.08190975
2010-05-12,1.2642,1.4855,0.010760787689658883,0.9008197459688315,25.52,3.56,0.16,1171.6700439453125,0.45,0.68652380952381,0.69713,0.39,0.08190975
2010-05-13,1.2568,1.4659,0.010787486515641855,0.897182845863987,26.68,3.55,0.16,1157.43994140625,0.45,0.68652380952381,0.69713,0.39,0.08190975
2010-05-14,1.239,1.4557,0.010876658690450293,0.8846426043878273,31.24,3.44,0.16,1135.6800537109375,0.45,0.68652380952381,0.69713,0.39,0.08190975
2010-05-17,1.2299,1.4388,0.010860121633362294,0.877808988764045,30.84,3.47,0.16,1136.93994140625,0.45,0.68652380952381,0.69713,0.39,0.08190975
2010-05-18,1.2358,1.4439,0.010808473843493299,0.881678716275789,33.55,3.38,0.17,1120.800048828125,0.45,0.68652380952381,0.69713,0.39,0.08190975
2010-05-19,1.2317,1.4349,0.010969723562966214,0.8647526807333102,35.32,3.36,0.17,1115.050048828125,0.45,0.68652380952381,0.69713,0.39,0.08190975
2010-05-20,1.237,1.4344,0.011102475852115023,0.8695652173913044,45.79,3.25,0.17,1071.5899658203125,0.45,0.68652380952381,0.69713,0.39,0.08190975
2010-05-21,1.2575,1.4466,0.011085245538188671,0.8707009142359599,40.1,3.2,0.17,1087.68994140625,0.45,0.68652380952381,0.69713,0.39,0.08190975
2010-05-24,1.2406,1.4437,0.01105094485578517,0.8649770781074302,38.32,3.23,0.17,1073.6500244140625,0.45,0.68652380952381,0.69713,0.39,0.08190975
2010-05-25,1.2279,1.4352,0.01112470797641562,0.8625894936599672,34.61,3.18,0.17,1074.030029296875,0.45,0.68652380952381,0.69713,0.39,0.08190975
2010-05-26,1.2224,1.4401,0.011076650420912717,0.8619203585588693,35.02,3.21,0.17,1067.949951171875,0.45,0.68652380952381,0.69713,0.39,0.08190975
2010-05-27,1.237,1.4569,0.011024142872891633,0.8695652173913044,29.68,3.34,0.17,1103.06005859375,0.45,0.68652380952381,0.69713,0.39,0.08190975
2010-05-28,1.2369,1.4492,0.011012003083360863,0.8670019074041964,32.07,3.31,0.16,1089.4100341796875,0.45,0.68652380952381,0.69713,0.39,0.08190975
2010-05-31,,,,,,,,,0.45,0.68652380952381,0.69713,0.39,0.08190975
2010-06-01,1.2266,1.4673,0.010969723562966214,0.8659508139937652,35.54,3.29,0.16,1070.7099609375,0.52,0.727590909090909,0.72839,0.38,0.11774075
2010-06-02,1.2206,1.4641,0.010844810758052272,0.8639308855291576,30.17,3.35,0.16,1098.3800048828125,0.52,0.727590909090909,0.72839,0.38,0.11774075
2010-06-03,1.2193,1.4616,0.010830715910321672,0.8665511265164645,29.46,3.39,0.14,1102.8299560546875,0.52,0.727590909090909,0.72839,0.38,0.11774075
2010-06-04,1.1998,1.4493,0.010889687465969727,0.8610297916307904,35.48,3.2,0.14,1064.8800048828125,0.52,0.727590909090909,0.72839,0.38,0.11774075
2010-06-07,1.1959,1.4498,0.010869565217391304,0.8611039352449841,36.57,3.17,0.12,1050.469970703125,0.52,0.727590909090909,0.72839,0.38,0.11774075
2010-06-08,1.1995,1.4422,0.01095290251916758,0.8688097306689835,33.7,3.18,0.12,1062.0,0.52,0.727590909090909,0.72839,0.38,0.11774075
2010-06-09,1.2045,1.4585,0.010924186148131964,0.8729812309035356,33.73,3.2,0.1,1055.68994140625,0.52,0.727590909090909,0.72839,0.38,0.11774075
2010-06-10,1.2111,1.4674,0.010984182776801405,0.8758101243650377,30.57,3.33,0.1,1086.8399658203125,0.52,0.727590909090909,0.72839,0.38,0.11774075
2010-06-11,1.2077,1.4545,0.010902747492368078,0.867980210051211,28.79,3.24,0.08,1091.5999755859375,0.52,0.727590909090909,0.72839,0.38,0.11774075
2010-06-14,1.2277,1.477,0.010893246187363835,0.8788890841975743,28.58,3.28,0.07,1089.6300048828125,0.52,0.727590909090909,0.72839,0.38,0.11774075
2010-06-15,1.2327,1.4827,0.010958904109589041,0.8841732979664014,25.87,3.32,0.09,1115.22998046875,0.52,0.727590909090909,0.72839,0.38,0.11774075
2010-06-16,1.2323,1.4838,0.0109421162052741,0.8875477056891807,25.92,3.27,0.1,1114.6099853515625,0.52,0.727590909090909,0.72839,0.38,0.11774075
2010-06-17,1.2365,1.4806,0.010998680158380994,0.8979078746520608,25.05,3.21,0.09,1116.0400390625,0.52,0.727590909090909,0.72839,0.38,0.11774075
2010-06-18,1.236,1.4787,0.011014428901861438,0.9003331232556046,23.95,3.24,0.11,1117.510009765625,0.52,0.727590909090909,0.72839,0.38,0.11774075
2010-06-21,1.2385,1.4826,0.010967317394165387,0.9025270758122743,24.88,3.26,0.12,1113.199951171875,0.52,0.727590909090909,0.72839,0.38,0.11774075
2010-06-22,1.2303,1.485,0.011038745998454575,0.9052231375033946,27.05,3.18,0.13,1095.31005859375,0.52,0.727590909090909,0.72839,0.38,0.11774075
2010-06-23,1.231,1.4952,0.011133377866844802,0.9047317470370035,26.91,3.13,0.13,1092.0400390625,0.52,0.727590909090909,0.72839,0.38,0.11774075
2010-06-24,1.2288,1.4986,0.011185682326621923,0.9051412020275162,29.74,3.14,0.13,1073.68994140625,0.52,0.727590909090909,0.72839,0.38,0.11774075
2010-06-25,1.2332,1.4985,0.011191941801902631,0.9143275121148396,28.53,3.12,0.13,1076.760009765625,0.52,0.727590909090909,0.72839,0.38,0.11774075
2010-06-28,1.2316,1.5098,0.01120699316373417,0.9208103130755064,29.0,3.05,0.17,1074.5699462890625,0.52,0.727590909090909,0.72839,0.38,0.11774075
2010-06-29,1.2187,1.5081,0.011313497001923294,0.9250693802035153,34.13,2.97,0.15,1041.239990234375,0.52,0.727590909090909,0.72839,0.38,0.11774075
2010-06-30,1.2291,1.4947,0.011300711944852526,0.9281603861147207,34.54,2.97,0.18,1030.7099609375,0.52,0.727590909090909,0.72839,0.38,0.11774075
2010-07-01,1.2464,1.5126,0.011439029970258523,0.936768149882904,32.86,2.96,0.17,1027.3699951171875,0.41,0.848818181818182,0.73603,0.37,0.18285119047619
2010-07-02,1.2577,1.5179,0.011403808872163303,0.9402914903620123,30.12,3.0,0.17,1022.5800170898438,0.41,0.848818181818182,0.73603,0.37,0.18285119047619
2010-07-05,,,,,,,,,0.41,0.848818181818182,0.73603,0.37,0.18285119047619
2010-07-06,1.2646,1.518,0.011422044545973729,0.9445546424860678,29.65,2.95,0.17,1028.06005859375,0.41,0.848818181818182,0.73603,0.37,0.18285119047619
2010-07-07,1.2594,1.5179,0.011473152822395595,0.948316737790422,26.84,3.0,0.16,1060.27001953125,0.41,0.848818181818182,0.73603,0.37,0.18285119047619
2010-07-08,1.2683,1.5157,0.011307100859339666,0.9521995810321843,25.71,3.04,0.15,1070.25,0.41,0.848818181818182,0.73603,0.37,0.18285119047619
2010-07-09,1.2639,1.5095,0.011301989150090416,0.9454476694714947,24.98,3.07,0.16,1077.9599609375,0.41,0.848818181818182,0.73603,0.37,0.18285119047619
2010-07-12,1.2573,1.5016,0.011295606009262396,0.9415309292910272,24.43,3.08,0.16,1078.75,0.41,0.848818181818182,0.73603,0.37,0.18285119047619
2010-07-13,1.2719,1.5175,0.011332728921124207,0.9502090459901178,24.56,3.15,0.15,1095.3399658203125,0.41,0.848818181818182,0.73603,0.37,0.18285119047619
2010-07-14,1.2755,1.5284,0.011287955751213455,0.94732853353543,24.89,3.07,0.15,1095.1700439453125,0.41,0.848818181818182,0.73603,0.37,0.18285119047619
2010-07-15,1.2893,1.5376,0.011440338634023568,0.9596008060646771,25.14,3.0,0.15,1096.47998046875,0.41,0.848818181818182,0.73603,0.37,0.18285119047619
2010-07-16,1.2919,1.5289,0.011574074074074073,0.9503896597605018,26.25,2.96,0.15,1064.8800048828125,0.41,0.848818181818182,0.73603,0.37,0.18285119047619
2010-07-19,1.2963,1.5222,0.011524720525527256,0.9502090459901178,25.97,2.99,0.17,1071.25,0.41,0.848818181818182,0.73603,0.37,0.18285119047619
2010-07-20,1.2905,1.5255,0.011465260261407935,0.9541074324968991,23.93,2.98,0.16,1083.47998046875,0.41,0.848818181818182,0.73603,0.37,0.18285119047619
2010-07-21,1.2818,1.5201,0.01145475372279496,0.9505703422053231,25.64,2.9,0.16,1069.5899658203125,0.41,0.848818181818182,0.73603,0.37,0.18285119047619
2010-07-22,1.2903,1.5283,0.011494252873563218,0.9612611746611555,24.63,2.96,0.16,1093.6700439453125,0.41,0.848818181818182,0.73603,0.37,0.18285119047619
2010-07-23,1.2874,1.5425,0.011453441759248654,0.9497578117580018,23.47,3.02,0.16,1102.6600341796875,0.41,0.848818181818182,0.73603,0.37,0.18285119047619
2010-07-26,1.2983,1.549,0.01146788990825688,0.9541984732824427,22.73,3.03,0.16,1115.010009765625,0.41,0.848818181818182,0.73603,0.37,0.18285119047619
2010-07-27,1.2983,1.5538,0.01137915339098771,0.9414422895876482,23.19,3.08,0.15,1113.8399658203125,0.41,0.848818181818182,0.73603,0.37,0.18285119047619
2010-07-28,1.2998,1.5611,0.011412919424788861,0.9453582907922102,24.25,3.03,0.15,1106.1300048828125,0.41,0.848818181818182,0.73603,0.37,0.18285119047619
2010-07-29,1.3064,1.5591,0.011511453896627144,0.9604302727621975,24.13,3.03,0.15,1101.530029296875,0.41,0.848818181818182,0.73603,0.37,0.18285119047619
2010-07-30,1.3069,1.5714,0.011570056693277797,0.9606147934678195,23.5,2.94,0.15,1101.5999755859375,0.41,0.848818181818182,0.73603,0.37,0.18285119047619
2010-08-02,1.3174,1.5897,0.011571395510298541,0.9634839579920994,22.01,2.99,0.16,1125.8599853515625,0.32,0.8955,0.73296,0.36,0.20656935
2010-08-03,1.3239,1.5941,0.011644154634373545,0.963020030816641,22.63,2.94,0.16,1120.4599609375,0.32,0.8955,0.73296,0.36,0.20656935
2010-08-04,1.3158,1.5887,0.011592858798979828,0.9511128019783147,22.21,2.98,0.16,1127.239990234375,0.32,0.8955,0.73296,0.36,0.20656935
2010-08-05,1.3157,1.586,0.01165093790050099,0.954653937947494,22.1,2.94,0.15,1125.81005859375,0.32,0.8955,0.73296,0.36,0.20656935
2010-08-06,1.3282,1.5979,0.011730205278592375,0.964785335262904,21.74,2.86,0.15,1121.6400146484375,0.32,0.8955,0.73296,0.36,0.20656935
2010-08-09,1.3241,1.5945,0.011644154634373545,0.956297217175098,22.14,2.86,0.15,1127.7900390625,0.32,0.8955,0.73296,0.36,0.20656935
2010-08-10,1.3095,1.5776,0.011644154634373545,0.9456264775413711,22.37,2.79,0.15,1121.06005859375,0.32,0.8955,0.73296,0.36,0.20656935
2010-08-11,1.2899,1.5688,0.011715089034676664,0.9448223733938019,25.39,2.72,0.15,1089.469970703125,0.32,0.8955,0.73296,0.36,0.20656935
2010-08-12,1.2866,1.5573,0.01165093790050099,0.9537434430138293,25.73,2.74,0.16,1083.6099853515625,0.32,0.8955,0.73296,0.36,0.20656935
2010-08-13,1.2767,1.558,0.01160092807424594,0.9500285008550257,26.24,2.68,0.15,1079.25,0.32,0.8955,0.73296,0.36,0.20656935
2010-08-16,1.2838,1.5679,0.011719207781553968,0.9635767970707265,26.1,2.58,0.16,1079.3800048828125,0.32,0.8955,0.73296,0.36,0.20656935
2010-08-17,1.289,1.5586,0.01169453865045024,0.9584052137243626,24.33,2.64,0.17,1092.5400390625,0.32,0.8955,0.73296,0.36,0.20656935
2010-08-18,1.2872,1.5619,0.01172195522213105,0.9611687812379854,24.59,2.64,0.16,1094.1600341796875,0.32,0.8955,0.73296,0.36,0.20656935
2010-08-19,1.2837,1.5612,0.01172745396974317,0.9699321047526674,26.44,2.58,0.16,1075.6300048828125,0.32,0.8955,0.73296,0.36,0.20656935
2010-08-20,1.2687,1.5515,0.01167815018101133,0.9641342074816815,25.49,2.62,0.15,1071.68994140625,0.32,0.8955,0.73296,0.36,0.20656935
2010-08-23,1.2663,1.5532,0.011742602160638799,0.9623712828409201,25.66,2.6,0.16,1067.3599853515625,0.32,0.8955,0.73296,0.36,0.20656935
2010-08-24,1.2675,1.5471,0.011882129277566541,0.9702144173862424,27.46,2.5,0.16,1051.8699951171875,0.32,0.8955,0.73296,0.36,0.20656935
2010-08-25,1.2652,1.546,0.011825922421948912,0.9734254842791783,26.7,2.54,0.16,1055.3299560546875,0.32,0.8955,0.73296,0.36,0.20656935
2010-08-26,1.2717,1.5574,0.011818933932159319,0.9753242953281965,27.37,2.5,0.16,1047.219970703125,0.32,0.8955,0.73296,0.36,0.20656935
2010-08-27,1.2765,1.5528,0.011750881316098707,0.9738994935722634,24.45,2.66,0.15,1064.5899658203125,0.32,0.8955,0.73296,0.36,0.20656935
2010-08-30,1.2686,1.5473,0.011810558639423645,0.9761811792268645,27.21,2.54,0.14,1048.9200439453125,0.32,0.8955,0.73296,0.36,0.20656935
2010-08-31,1.2704,1.5358,0.011890606420927468,0.9852216748768474,26.05,2.47,0.14,1049.3299560546875,0.32,0.8955,0.73296,0.36,0.20656935
2010-09-01,1.2813,1.5472,0.011837121212121212,0.9853187506158243,23.89,2.58,0.13,1080.2900390625,0.28,0.8805,0.72859,0.36,0.213812095238095
2010-09-02,1.2824,1.5393,0.011883541295306001,0.9883376161296699,23.19,2.63,0.14,1090.0999755859375,0.28,0.8805,0.72859,0.36,0.213812095238095
2010-09-03,1.2885,1.5452,0.011841326228537596,0.982897582071948,21.31,2.72,0.14,1104.510009765625,0.28,0.8805,0.72859,0.36,0.213812095238095
2010-09-06,,,,,,,,,0.28,0.8805,0.72859,0.36,0.213812095238095
2010-09-07,1.2723,1.5315,0.011940298507462687,0.9887284951552303,23.8,2.61,0.14,1091.8399658203125,0.28,0.8805,0.72859,0.36,0.213812095238095
2010-09-08,1.2727,1.5513,0.011926058437686345,0.9895111814763508,23.25,2.66,0.14,1098.8699951171875,0.28,0.8805,0.72859,0.36,0.213812095238095
2010-09-09,1.2708,1.5448,0.011928903733746868,0.9853187506158243,22.81,2.77,0.14,1104.1800537109375,0.28,0.8805,0.72859,0.36,0.213812095238095
2010-09-10,1.2731,1.5387,0.011886366337810532,0.9828009828009827,21.99,2.81,0.14,1109.550048828125,0.28,0.8805,0.72859,0.36,0.213812095238095
2010-09-13,1.289,1.5466,0.011971746677840296,0.9921619208254787,21.21,2.74,0.15,1121.9000244140625,0.28,0.8805,0.72859,0.36,0.213812095238095
2010-09-14,1.3014,1.5559,0.012040939193257074,1.0062386798148522,21.56,2.68,0.15,1121.0999755859375,0.28,0.8805,0.72859,0.36,0.213812095238095
2010-09-15,1.3008,1.5641,0.01167815018101133,0.996810207336523,22.1,2.74,0.15,1125.0699462890625,0.28,0.8805,0.72859,0.36,0.213812095238095
2010-09-16,1.3079,1.5612,0.011665888940737284,0.9859016070196195,21.72,2.77,0.16,1124.6600341796875,0.28,0.8805,0.72859,0.36,0.213812095238095
2010-09-17,1.3046,1.5635,0.011659088259298123,0.9908838684106221,22.01,2.75,0.16,1125.5899658203125,0.28,0.8805,0.72859,0.36,0.213812095238095
2010-09-20,1.3074,1.5564,0.011663167716351761,0.9950248756218907,21.5,2.72,0.17,1142.7099609375,0.28,0.8805,0.72859,0.36,0.213812095238095
2010-09-21,1.3136,1.5551,0.011715089034676664,0.9962143853357243,22.35,2.61,0.17,1139.780029296875,0.28,0.8805,0.72859,0.36,0.213812095238095
2010-09-22,1.3385,1.5649,0.011852554225435581,1.0136847440446022,22.51,2.56,0.16,1134.280029296875,0.28,0.8805,0.72859,0.36,0.213812095238095
2010-09-23,1.3344,1.5723,0.011859582542694497,1.015950421619425,23.87,2.56,0.16,1124.8299560546875,0.28,0.8805,0.72859,0.36,0.213812095238095
2010-09-24,1.3476,1.5829,0.011870845204178538,1.0175010175010175,21.71,2.62,0.15,1148.6700439453125,0.28,0.8805,0.72859,0.36,0.213812095238095
2010-09-27,1.3475,1.5851,0.011880717595342758,1.0171905197843556,22.54,2.54,0.16,1142.1600341796875,0.28,0.8805,0.72859,0.36,0.213812095238095
2010-09-28,1.3583,1.5808,0.011930326890956813,1.025010250102501,22.6,2.48,0.16,1147.699951171875,0.28,0.8805,0.72859,0.36,0.213812095238095
2010-09-29,1.3638,1.5812,0.011960291831120679,1.0254306808859721,23.25,2.52,0.16,1144.72998046875,0.28,0.8805,0.72859,0.36,0.213812095238095
2010-09-30,1.3601,1.5731,0.011971746677840296,1.0195758564437194,23.7,2.53,0.16,1141.199951171875,0.28,0.8805,0.72859,0.36,0.213812095238095
2010-10-01,1.3754,1.5829,0.012004801920768308,1.0244851961889152,22.5,2.54,0.16,1146.239990234375,0.27,0.997666666666667,0.7384,0.34,0.24791775
2010-10-04,1.3688,1.5849,0.012000480019200769,1.0284891494394734,23.53,2.5,0.13,1137.030029296875,0.27,0.997666666666667,0.7384,0.34,0.24791775
2010-10-05,1.3834,1.5915,0.012023566189731874,1.034875297526648,21.76,2.5,0.12,1160.75,0.27,0.997666666666667,0.7384,0.34,0.24791775
2010-10-06,1.3924,1.5903,0.012077294685990338,1.0412328196584757,21.49,2.41,0.13,1159.969970703125,0.27,0.997666666666667,0.7384,0.34,0.24791775
2010-10-07,1.3921,1.593,0.012143290831815423,1.0344470880314471,21.56,2.41,0.13,1158.06005859375,0.27,0.997666666666667,0.7384,0.34,0.24791775
2010-10-08,1.3923,1.5951,0.012215978499877841,1.0406910188365075,20.71,2.41,0.12,1165.1500244140625,0.27,0.997666666666667,0.7384,0.34,0.24791775
2010-10-11,,,,,18.96,,,1165.3199462890625,0.27,0.997666666666667,0.7384,0.34,0.24791775
2010-10-12,1.3846,1.5799,0.01223391240518718,1.0424267695194411,18.93,2.44,0.13,1169.77001953125,0.27,0.997666666666667,0.7384,0.34,0.24791775
2010-10-13,1.3964,1.5843,0.01222344456667889,1.0429703796412182,19.07,2.46,0.13,1178.0999755859375,0.27,0.997666666666667,0.7384,0.34,0.24791775
2010-10-14,1.4066,1.5992,0.012278978388998036,1.0493179433368311,19.88,2.52,0.14,1173.81005859375,0.27,0.997666666666667,0.7384,0.34,0.24791775
2010-10-15,1.3998,1.6027,0.012297097884899164,1.0458063166701526,19.03,2.59,0.14,1176.18994140625,0.27,0.997666666666667,0.7384,0.34,0.24791775
2010-10-18,1.3978,1.5907,0.01232134056185313,1.0462439840970914,19.09,2.52,0.15,1184.7099609375,0.27,0.997666666666667,0.7384,0.34,0.24791775
2010-10-19,1.3827,1.5739,0.012254901960784315,1.0307153164296021,20.63,2.5,0.14,1165.9000244140625,0.27,0.997666666666667,0.7384,0.34,0.24791775
2010-10-20,1.3949,1.5857,0.012324377618930243,1.0400416016640666,19.79,2.51,0.14,1178.1700439453125,0.27,0.997666666666667,0.7384,0.34,0.24791775
2010-10-21,1.3973,1.5753,0.01232134056185313,1.0371292263015972,19.27,2.57,0.13,1180.260009765625,0.27,0.997666666666667,0.7384,0.34,0.24791775
2010-10-22,1.3904,1.5677,0.012272950417280314,1.0212418300653596,18.78,2.59,0.13,1183.0799560546875,0.27,0.997666666666667,0.7384,0.34,0.24791775
2010-10-25,1.3986,1.5748,0.012405408758218583,1.0297600659046442,19.85,2.59,0.14,1185.6199951171875,0.27,0.997666666666667,0.7384,0.34,0.24791775
2010-10-26,1.3873,1.5871,0.012303149606299212,1.017915309446254,20.22,2.67,0.14,1185.6400146484375,0.27,0.997666666666667,0.7384,0.34,0.24791775
2010-10-27,1.3788,1.5782,0.012262415695892091,1.0108157282927324,20.71,2.75,0.14,1182.449951171875,0.27,0.997666666666667,0.7384,0.34,0.24791775
2010-10-28,1.3929,1.5945,0.012347203358439314,1.016880211511084,20.88,2.69,0.13,1183.780029296875,0.27,0.997666666666667,0.7384,0.34,0.24791775
2010-10-29,1.3894,1.602,0.012425447316103379,1.015228426395939,21.2,2.63,0.12,1183.260009765625,0.27,0.997666666666667,0.7384,0.34,0.24791775
2010-11-01,1.3888,1.605,0.012397718819737169,1.0065425264217414,21.83,2.66,0.13,1184.3800048828125,0.27,1.04204545454545,0.73901,0.34,0.18600105
2010-11-02,1.4026,1.601,0.012376237623762377,1.0222858311183807,21.57,2.63,0.13,1193.5699462890625,0.27,1.04204545454545,0.73901,0.34,0.18600105
2010-11-03,1.4014,1.608,0.012283503255128362,1.0211375472276116,19.56,2.67,0.13,1197.9599609375,0.27,1.04204545454545,0.73901,0.34,0.18600105
2010-11-04,1.4224,1.6282,0.012405408758218583,1.0385294423096896,18.52,2.53,0.13,1221.06005859375,0.27,1.04204545454545,0.73901,0.34,0.18600105
2010-11-05,1.4033,1.6211,0.012292562999385373,1.0438413361169103,18.26,2.58,0.13,1225.8499755859375,0.27,1.04204545454545,0.73901,0.34,0.18600105
2010-11-08,1.3927,1.615,0.012324377618930243,1.0371292263015972,18.29,2.6,0.13,1223.25,0.27,1.04204545454545,0.73901,0.34,0.18600105
2010-11-09,1.3865,1.605,0.012322858903265557,1.036699149906697,19.08,2.72,0.13,1213.4000244140625,0.27,1.04204545454545,0.73901,0.34,0.18600105
2010-11-10,1.3728,1.6071,0.01211680600993578,1.0267994660642776,18.47,2.65,0.13,1218.7099609375,0.27,1.04204545454545,0.73901,0.34,0.18600105
2010-11-11,,,,,18.64,,,1213.5400390625,0.27,1.04204545454545,0.73901,0.34,0.18600105
2010-11-12,1.37,1.6172,0.012130033964095099,1.0248001639680262,20.61,2.76,0.13,1199.2099609375,0.27,1.04204545454545,0.73901,0.34,0.18600105
2010-11-15,1.3615,1.6064,0.012062726176115802,1.0165700925078784,20.2,2.92,0.14,1197.75,0.27,1.04204545454545,0.73901,0.34,0.18600105
2010-11-16,1.3517,1.5881,0.011988970147464334,1.0076582023377672,22.58,2.85,0.15,1178.3399658203125,0.27,1.04204545454545,0.73901,0.34,0.18600105
2010-11-17,1.3555,1.5941,0.012026458208057726,1.010611419909045,21.76,2.89,0.14,1178.5899658203125,0.27,1.04204545454545,0.73901,0.34,0.18600105
2010-11-18,1.3618,1.601,0.011956001912960305,1.0031096398836392,18.75,2.9,0.15,1196.68994140625,0.27,1.04204545454545,0.73901,0.34,0.18600105
2010-11-19,1.3654,1.5961,0.011977482333213559,1.002104419280489,18.04,2.88,0.14,1199.72998046875,0.27,1.04204545454545,0.73901,0.34,0.18600105
2010-11-22,1.3612,1.5932,0.011981787682722263,1.0083694665725522,18.37,2.8,0.15,1197.8399658203125,0.27,1.04204545454545,0.73901,0.34,0.18600105
2010-11-23,1.3388,1.5824,0.012068549360366883,1.0049241282283188,20.63,2.77,0.15,1180.72998046875,0.27,1.04204545454545,0.73901,0.34,0.18600105
2010-11-24,1.335,1.5774,0.011993283761093787,1.0055304172951232,19.56,2.93,0.16,1198.3499755859375,0.27,1.04204545454545,0.73901,0.34,0.18600105
2010-11-25,,,,,,,,,0.27,1.04204545454545,0.73901,0.34,0.18600105
2010-11-26,1.3243,1.5616,0.011893434823977166,0.998402555910543,22.22,2.87,0.16,1189.4000244140625,0.27,1.04204545454545,0.73901,0.34,0.18600105
2010-11-29,1.3092,1.5557,0.011856770215793217,0.998801438274071,21.53,2.84,0.18,1187.760009765625,0.27,1.04204545454545,0.73901,0.34,0.18600105
2010-11-30,1.3036,1.5578,0.011967448539971278,1.0015022533800702,23.54,2.81,0.17,1180.550048828125,0.27,1.04204545454545,0.73901,0.34,0.18600105
2010-12-01,1.3149,1.5603,0.011904761904761904,1.000300090027008,21.36,2.97,0.16,1206.0699462890625,0.3,1.02169565217391,0.74962,0.34,0.191368111111111
2010-12-02,1.3228,1.561,0.011971746677840296,1.00999899000101,19.39,3.01,0.16,1221.530029296875,0.3,1.02169565217391,0.74962,0.34,0.191368111111111
2010-12-03,1.3367,1.5723,0.012087513598452797,1.0241704219582137,18.01,3.03,0.14,1224.7099609375,0.3,1.02169565217391,0.74962,0.34,0.191368111111111
2010-12-06,1.3275,1.568,0.012091898428053204,1.0154346060113728,18.02,2.95,0.15,1223.1199951171875,0.3,1.02169565217391,0.74962,0.34,0.191368111111111
2010-12-07,1.3323,1.5802,0.012042389210019266,1.0175010175010175,17.99,3.15,0.14,1223.75,0.3,1.02169565217391,0.74962,0.34,0.191368111111111
2010-12-08,1.3242,1.5792,0.011882129277566541,1.0122482032594393,17.74,3.26,0.15,1228.280029296875,0.3,1.02169565217391,0.74962,0.34,0.191368111111111
2010-12-09,1.3206,1.5733,0.011926058437686345,1.015640869388584,17.25,3.23,0.14,1233.0,0.3,1.02169565217391,0.74962,0.34,0.191368111111111
2010-12-10,1.3242,1.5809,0.011923214498628829,1.0208248264597795,17.61,3.32,0.13,1240.4000244140625,0.3,1.02169565217391,0.74962,0.34,0.191368111111111
2010-12-13,1.3389,1.5882,0.011966016513102789,1.034340091021928,17.55,3.29,0.15,1240.4599609375,0.3,1.02169565217391,0.74962,0.34,0.191368111111111
2010-12-14,1.3395,1.5795,0.011973180076628353,1.040582726326743,17.61,3.49,0.15,1241.5899658203125,0.3,1.02169565217391,0.74962,0.34,0.191368111111111
2010-12-15,1.3306,1.5613,0.011899095668729176,1.0396091069757771,17.94,3.53,0.14,1235.22998046875,0.3,1.02169565217391,0.74962,0.34,0.191368111111111
2010-12-16,1.3206,1.5612,0.011872254541137361,1.0351966873706004,17.39,3.47,0.13,1242.8699951171875,0.3,1.02169565217391,0.74962,0.34,0.191368111111111
2010-12-17,1.3155,1.548,0.011883541295306001,1.0301844030081384,16.11,3.33,0.11,1243.9100341796875,0.3,1.02169565217391,0.74962,0.34,0.191368111111111
2010-12-20,1.3124,1.5521,0.011944577161968466,1.0375596596804317,16.41,3.36,0.14,1247.0799560546875,0.3,1.02169565217391,0.74962,0.34,0.191368111111111
2010-12-21,1.3131,1.5462,0.011938872970391595,1.0432968179447053,16.49,3.35,0.14,1254.5999755859375,0.3,1.02169565217391,0.74962,0.34,0.191368111111111
2010-12-22,1.3089,1.539,0.011967448539971278,1.0522992739135009,15.45,3.36,0.14,1258.8399658203125,0.3,1.02169565217391,0.74962,0.34,0.191368111111111
2010-12-23,1.3101,1.54,0.01205254911413764,1.0395010395010396,16.47,3.41,0.14,1256.77001953125,0.3,1.02169565217391,0.74962,0.34,0.191368111111111
2010-12-24,,,,,,,,,0.3,1.02169565217391,0.74962,0.34,0.191368111111111
2010-12-27,1.3146,1.5382,0.012061271257990593,1.0388531061707875,17.67,3.36,0.17,1257.5400390625,0.3,1.02169565217391,0.74962,0.34,0.191368111111111
2010-12-28,1.3122,1.5361,0.01216397031991242,1.0508617065994115,17.52,3.5,0.15,1258.510009765625,0.3,1.02169565217391,0.74962,0.34,0.191368111111111
2010-12-29,1.3183,1.5463,0.01221001221001221,1.0530749789385003,17.28,3.35,0.13,1259.780029296875,0.3,1.02169565217391,0.74962,0.34,0.191368111111111
2010-12-30,1.3269,1.5392,0.012244398187829068,1.0673497705197994,17.52,3.38,0.12,1257.8800048828125,0.3,1.02169565217391,0.74962,0.34,0.191368111111111
2010-12-31,,,,,17.75,3.3,0.12,1257.6400146484375,0.3,1.02169565217391,0.74962,0.34,0.191368111111111
2011-01-03,1.3371,1.549,0.012260912211868563,1.0719262514738988,17.61,3.36,0.15,1271.8699951171875,0.29,1.0172380952381,0.76866,0.34,0.15081019047619
2011-01-04,1.3306,1.5586,0.012201073694485115,1.0550749103186325,17.38,3.36,0.14,1270.199951171875,0.29,1.0172380952381,0.76866,0.34,0.15081019047619
2011-01-05,1.3171,1.5497,0.01201634222542658,1.0369141435089175,17.02,3.5,0.14,1276.56005859375,0.29,1.0172380952381,0.76866,0.34,0.15081019047619
2011-01-06,1.3027,1.549,0.012026458208057726,1.0384215991692627,17.4,3.44,0.15,1273.8499755859375,0.29,1.0172380952381,0.76866,0.34,0.15081019047619
2011-01-07,1.2944,1.556,0.012042389210019266,1.0362694300518136,17.14,3.34,0.14,1271.5,0.29,1.0172380952381,0.76866,0.34,0.15081019047619
2011-01-10,1.2945,1.5583,0.012080212611741966,1.0324179227751393,17.54,3.32,0.15,1269.75,0.29,1.0172380952381,0.76866,0.34,0.15081019047619
2011-01-11,1.2978,1.5628,0.01199616122840691,1.0251153254741159,16.89,3.37,0.15,1274.47998046875,0.29,1.0172380952381,0.76866,0.34,0.15081019047619
2011-01-12,1.3066,1.5716,0.012006243246488173,1.0291242152927857,16.24,3.4,0.15,1285.9599609375,0.29,1.0172380952381,0.76866,0.34,0.15081019047619
2011-01-13,1.3364,1.587,0.012088974854932303,1.0390689941812137,16.39,3.34,0.15,1283.760009765625,0.29,1.0172380952381,0.76866,0.34,0.15081019047619
2011-01-14,1.3328,1.5874,0.012049644535486204,1.0355182768975872,15.46,3.35,0.15,1293.239990234375,0.29,1.0172380952381,0.76866,0.34,0.15081019047619
2011-01-17,,,,,,,,,0.29,1.0172380952381,0.76866,0.34,0.15081019047619
2011-01-18,1.3399,1.6,0.012097749818533753,1.0380982040901068,15.87,3.39,0.16,1295.02001953125,0.29,1.0172380952381,0.76866,0.34,0.15081019047619
2011-01-19,1.3495,1.5991,0.012190661952944045,1.0432968179447053,17.31,3.37,0.16,1281.9200439453125,0.29,1.0172380952381,0.76866,0.34,0.15081019047619
2011-01-20,1.3443,1.5875,0.012045290291496025,1.035625517812759,17.99,3.47,0.16,1280.260009765625,0.29,1.0172380952381,0.76866,0.34,0.15081019047619
2011-01-21,1.3581,1.5997,0.012102142079148009,1.0427528675703859,18.47,3.44,0.16,1283.3499755859375,0.29,1.0172380952381,0.76866,0.34,0.15081019047619
2011-01-24,1.3653,1.5995,0.012130033964095099,1.0539629005059021,17.65,3.43,0.16,1290.8399658203125,0.29,1.0172380952381,0.76866,0.34,0.15081019047619
2011-01-25,1.3644,1.5818,0.012143290831815423,1.0580890911014706,17.59,3.35,0.16,1291.1800537109375,0.29,1.0172380952381,0.76866,0.34,0.15081019047619
2011-01-26,1.3688,1.5886,0.012155099064057373,1.05977108944468,16.64,3.45,0.16,1296.6300048828125,0.29,1.0172380952381,0.76866,0.34,0.15081019047619
2011-01-27,1.3688,1.5905,0.012043839576056847,1.0566356720202874,16.15,3.42,0.15,1299.5400390625,0.29,1.0172380952381,0.76866,0.34,0.15081019047619
2011-01-28,1.3607,1.5838,0.012190661952944045,1.0605578534309048,20.04,3.36,0.15,1276.3399658203125,0.29,1.0172380952381,0.76866,0.34,0.15081019047619
2011-01-31,1.3715,1.6042,0.01219958521410272,1.0636034886194425,19.53,3.42,0.15,1286.1199951171875,0.29,1.0172380952381,0.76866,0.34,0.15081019047619
2011-02-01,1.3793,1.6124,0.012272950417280314,1.0651896037494675,17.63,3.48,0.15,1307.5899658203125,0.28,1.08675,0.79962,0.34,0.13954275
2011-02-02,1.3779,1.6167,0.012221950623319483,1.06315118009781,17.3,3.52,0.16,1304.030029296875,0.28,1.08675,0.79962,0.34,0.13954275
2011-02-03,1.3654,1.6159,0.012272950417280314,1.0598834128245893,16.69,3.58,0.14,1307.0999755859375,0.28,1.08675,0.79962,0.34,0.13954275
2011-02-04,1.3584,1.6089,0.012196609342602758,1.0463534581981793,15.93,3.68,0.15,1310.8699951171875,0.28,1.08675,0.79962,0.34,0.13954275
2011-02-07,1.3557,1.6111,0.012135922330097087,1.0450412791305257,16.28,3.68,0.16,1319.050048828125,0.28,1.08675,0.79962,0.34,0.13954275
2011-02-08,1.3687,1.6091,0.01220703125,1.044932079414838,15.81,3.75,0.15,1324.5699462890625,0.28,1.08675,0.79962,0.34,0.13954275
2011-02-09,1.3688,1.6089,0.012125621438098703,1.0404744563520967,15.87,3.65,0.14,1320.8800048828125,0.28,1.08675,0.79962,0.34,0.13954275
2011-02-10,1.3637,1.6132,0.01203224642040669,1.035303861683404,16.09,3.7,0.12,1321.8699951171875,0.28,1.08675,0.79962,0.34,0.13954275
2011-02-11,1.352,1.5986,0.011973180076628353,1.0251153254741159,15.69,3.64,0.12,1329.1500244140625,0.28,1.08675,0.79962,0.34,0.13954275
2011-02-14,1.3474,1.6023,0.012001920307249161,1.0300782859497322,15.95,3.62,0.13,1332.3199462890625,0.28,1.08675,0.79962,0.34,0.13954275
2011-02-15,1.3494,1.6128,0.011934598400763814,1.0333781130515656,16.37,3.61,0.13,1328.010009765625,0.28,1.08675,0.79962,0.34,0.13954275
2011-02-16,1.3547,1.6063,0.011943150603129105,1.0399334442595674,16.72,3.62,0.12,1336.3199462890625,0.28,1.08675,0.79962,0.34,0.13954275
2011-02-17,1.3612,1.6172,0.012012012012012012,1.051745898190997,16.59,3.58,0.09,1340.4300537109375,0.28,1.08675,0.79962,0.34,0.13954275
2011-02-18,1.3673,1.6245,0.01201634222542658,1.0545186122535062,16.43,3.59,0.1,1343.010009765625,0.28,1.08675,0.79962,0.34,0.13954275
2011-02-21,,,,,,,,,0.28,1.08675,0.79962,0.34,0.13954275
2011-02-22,1.3661,1.6129,0.012056908608632746,1.0646225912913871,20.8,3.46,0.12,1315.43994140625,0.28,1.08675,0.79962,0.34,0.13954275
2011-02-23,1.3758,1.6221,0.012137395314965408,1.0729613733905579,22.13,3.49,0.12,1307.4000244140625,0.28,1.08675,0.79962,0.34,0.13954275
2011-02-24,1.3794,1.6106,0.012244398187829068,1.0808473843493298,21.32,3.46,0.13,1306.0999755859375,0.28,1.08675,0.79962,0.34,0.13954275
2011-02-25,1.3757,1.6078,0.01223091976516634,1.077354018530489,19.22,3.42,0.13,1319.8800048828125,0.28,1.08675,0.79962,0.34,0.13954275
2011-02-28,1.3793,1.6247,0.0122040517451794,1.07469102632993,18.35,3.42,0.15,1327.219970703125,0.28,1.08675,0.79962,0.34,0.13954275
2011-03-01,1.3813,1.6309,0.012215978499877841,1.077121930202499,21.01,3.41,0.14,1306.3299560546875,0.28,1.17552173913043,0.80913,0.33615,0.155124173913043
2011-03-02,1.3869,1.6311,0.012251899044351873,1.0845986984815619,20.7,3.46,0.13,1308.43994140625,0.28,1.17552173913043,0.80913,0.33615,0.155124173913043
2011-03-03,1.3947,1.6266,0.012134449702705982,1.0745755426606491,18.6,3.58,0.13,1330.969970703125,0.28,1.17552173913043,0.80913,0.33615,0.155124173913043
2011-03-04,1.3983,1.625,0.012143290831815423,1.0795638562020944,19.06,3.49,0.12,1321.1500244140625,0.28,1.17552173913043,0.80913,0.33615,0.155124173913043
2011-03-07,1.3976,1.6204,0.012177301509985387,1.08038029386344,20.66,3.51,0.11,1310.1300048828125,0.28,1.17552173913043,0.80913,0.33615,0.155124173913043
2011-03-08,1.3912,1.6164,0.012093360744951022,1.0699764605178685,19.82,3.56,0.11,1321.8199462890625,0.28,1.17552173913043,0.80913,0.33615,0.155124173913043
2011-03-09,1.3906,1.6202,0.012080212611741966,1.0755001075500108,20.22,3.48,0.1,1320.02001953125,0.28,1.17552173913043,0.80913,0.33615,0.155124173913043
2011-03-10,1.3823,1.6063,0.012051096649795132,1.0729613733905579,21.88,3.37,0.08,1295.1099853515625,0.28,1.17552173913043,0.80913,0.33615,0.155124173913043
2011-03-11,1.3864,1.6033,0.012229423994129877,1.0780508840017249,20.08,3.4,0.08,1304.280029296875,0.28,1.17552173913043,0.80913,0.33615,0.155124173913043
2011-03-14,1.3975,1.6181,0.01224739742804654,1.0807305738679347,21.13,3.36,0.09,1296.3900146484375,0.28,1.17552173913043,0.80913,0.33615,0.155124173913043
2011-03-15,1.3968,1.6064,0.012373174956693888,1.088494611951671,24.32,3.33,0.1,1281.8699951171875,0.28,1.17552173913043,0.80913,0.33615,0.155124173913043
2011-03-16,1.3922,1.6028,0.012473493825620557,1.0964912280701753,29.4,3.22,0.1,1256.8800048828125,0.28,1.17552173913043,0.80913,0.33615,0.155124173913043
2011-03-17,1.4021,1.6143,0.012700025400050802,1.1113580795732385,26.37,3.25,0.08,1273.719970703125,0.28,1.17552173913043,0.80913,0.33615,0.155124173913043
2011-03-18,1.4141,1.6187,0.012324377618930243,1.10803324099723,24.44,3.28,0.07,1279.2099609375,0.28,1.17552173913043,0.80913,0.33615,0.155124173913043
2011-03-21,1.4184,1.6276,0.012328936012822093,1.1041183614883516,20.61,3.34,0.1,1298.3800048828125,0.28,1.17552173913043,0.80913,0.33615,0.155124173913043
2011-03-22,1.4212,1.6387,0.012345679012345678,1.1060723371308483,20.21,3.34,0.1,1293.77001953125,0.28,1.17552173913043,0.80913,0.33615,0.155124173913043
2011-03-23,1.4124,1.6246,0.012354830738818878,1.1032656663724625,19.17,3.36,0.09,1297.5400390625,0.28,1.17552173913043,0.80913,0.33615,0.155124173913043
2011-03-24,1.42,1.6159,0.012373174956693888,1.1036309458117206,18.0,3.42,0.09,1309.6600341796875,0.28,1.17552173913043,0.80913,0.33615,0.155124173913043
2011-03-25,1.4144,1.6086,0.012327416173570018,1.0937329104232747,17.91,3.46,0.09,1313.800048828125,0.28,1.17552173913043,0.80913,0.33615,0.155124173913043
2011-03-28,1.4104,1.6024,0.012244398187829068,1.0906314756243864,19.44,3.47,0.11,1310.18994140625,0.28,1.17552173913043,0.80913,0.33615,0.155124173913043
2011-03-29,1.409,1.5983,0.012138868657441126,1.0863661053775122,18.16,3.5,0.1,1319.43994140625,0.28,1.17552173913043,0.80913,0.33615,0.155124173913043
2011-03-30,1.4095,1.6038,0.012051096649795132,1.08542277216976,17.71,3.47,0.1,1328.260009765625,0.28,1.17552173913043,0.80913,0.33615,0.155124173913043
2011-03-31,1.4183,1.6048,0.01208313194780087,1.0920607185759528,17.74,3.47,0.09,1325.8299560546875,0.28,1.17552173913043,0.80913,0.33615,0.155124173913043
2011-04-01,1.4215,1.6132,0.011897679952409281,1.0818998160770312,17.4,3.46,0.07,1332.4100341796875,0.23,1.32121052631579,0.82096,0.33286,0.139454111111111
2011-04-04,1.4221,1.6129,0.011907597046915932,1.0841283607979184,17.5,3.45,0.06,1332.8699951171875,0.23,1.32121052631579,0.82096,0.33286,0.139454111111111
2011-04-05,1.423,1.6282,0.011813349084465446,1.0820168794633196,17.25,3.5,0.07,1332.6300048828125,0.23,1.32121052631579,0.82096,0.33286,0.139454111111111
2011-04-06,1.4333,1.6314,0.01172882946281961,1.0902747492368077,16.9,3.56,0.06,1335.5400390625,0.23,1.32121052631579,0.82096,0.33286,0.139454111111111
2011-04-07,1.4287,1.6304,0.011767474699929394,1.0895619960775769,17.11,3.58,0.04,1333.510009765625,0.23,1.32121052631579,0.82096,0.33286,0.139454111111111
2011-04-08,1.4437,1.6341,0.011766090128250382,1.098297638660077,17.87,3.59,0.04,1328.1700439453125,0.23,1.32121052631579,0.82096,0.33286,0.139454111111111
2011-04-11,1.4454,1.6386,0.011823126034523528,1.1029006286533585,16.59,3.59,0.05,1324.4599609375,0.23,1.32121052631579,0.82096,0.33286,0.139454111111111
2011-04-12,1.4455,1.6263,0.011934598400763814,1.1135857461024499,17.09,3.52,0.05,1314.1600341796875,0.23,1.32121052631579,0.82096,0.33286,0.139454111111111
2011-04-13,1.4477,1.6285,0.01196315348725924,1.1186933661483387,16.92,3.49,0.06,1314.4100341796875,0.23,1.32121052631579,0.82096,0.33286,0.139454111111111
2011-04-14,1.4464,1.635,0.012014898474107893,1.1205737337516808,16.27,3.51,0.07,1314.52001953125,0.23,1.32121052631579,0.82096,0.33286,0.139454111111111
2011-04-15,1.4443,1.6325,0.012029351617947793,1.119194180190263,15.32,3.43,0.07,1319.6800537109375,0.23,1.32121052631579,0.82096,0.33286,0.139454111111111
2011-04-18,1.4211,1.6229,0.01213150551983501,1.1128421989761852,16.96,3.4,0.07,1305.1400146484375,0.23,1.32121052631579,0.82096,0.33286,0.139454111111111
2011-04-19,1.4319,1.6315,0.012134449702705982,1.1123470522803114,15.83,3.39,0.06,1312.6199951171875,0.23,1.32121052631579,0.82096,0.33286,0.139454111111111
2011-04-20,1.4513,1.6405,0.012109469605231292,1.121830827911151,15.07,3.43,0.06,1330.3599853515625,0.23,1.32121052631579,0.82096,0.33286,0.139454111111111
2011-04-21,1.4585,1.6572,0.01222344456667889,1.1336583153837434,14.69,3.42,0.06,1337.3800048828125,0.23,1.32121052631579,0.82096,0.33286,0.139454111111111
2011-04-22,1.4545,1.6517,0.01220703125,1.1280315848843767,,,,,0.23,1.32121052631579,0.82096,0.33286,0.139454111111111
2011-04-25,1.4576,1.6497,0.012205541315757353,1.1355893708834885,15.77,3.39,0.07,1335.25,0.23,1.32121052631579,0.82096,0.33286,0.139454111111111
2011-04-26,1.4625,1.6465,0.012205541315757353,1.1359763716914688,15.62,3.34,0.07,1347.239990234375,0.23,1.32121052631579,0.82096,0.33286,0.139454111111111
2011-04-27,1.4659,1.653,0.012106537530266345,1.1354604292040422,15.35,3.39,0.06,1355.6600341796875,0.23,1.32121052631579,0.82096,0.33286,0.139454111111111
2011-04-28,1.4785,1.6636,0.01225940909648155,1.1446886446886446,14.62,3.34,0.04,1360.47998046875,0.23,1.32121052631579,0.82096,0.33286,0.139454111111111
2011-04-29,1.4821,1.6691,0.012298610257040954,1.1539349180706209,14.75,3.32,0.04,1363.6099853515625,0.23,1.32121052631579,0.82096,0.33286,0.139454111111111
2011-05-02,1.487,1.669,0.012310722639418934,1.1574074074074074,15.99,3.31,0.05,1361.219970703125,0.21,1.42509090909091,0.82344,0.33214,0.119449863636364
2011-05-03,1.4875,1.6536,0.012342631449024933,1.1615750958299453,16.7,3.28,0.03,1356.6199951171875,0.21,1.42509090909091,0.82344,0.33214,0.119449863636364
2011-05-04,1.4859,1.6524,0.012393109431156277,1.1652295502213936,17.08,3.25,0.03,1347.3199462890625,0.21,1.42509090909091,0.82344,0.33214,0.119449863636364
2011-05-05,1.4583,1.6427,0.012481278082875686,1.1496895838123706,18.2,3.18,0.02,1335.0999755859375,0.21,1.42509090909091,0.82344,0.33214,0.119449863636364
2011-05-06,1.4495,1.6417,0.012420817289777666,1.1452130096197892,18.4,3.19,0.02,1340.199951171875,0.21,1.42509090909091,0.82344,0.33214,0.119449863636364
2011-05-09,1.4301,1.6338,0.012397718819737169,1.1424654404204273,17.16,3.17,0.03,1346.2900390625,0.21,1.42509090909091,0.82344,0.33214,0.119449863636364
2011-05-10,1.4358,1.6331,0.01238390092879257,1.135718341851221,15.91,3.23,0.03,1357.1600341796875,0.21,1.42509090909091,0.82344,0.33214,0.119449863636364
2011-05-11,1.4269,1.6412,0.012379301807378064,1.1304544426859597,16.95,3.19,0.03,1342.0799560546875,0.21,1.42509090909091,0.82344,0.33214,0.119449863636364
2011-05-12,1.4229,1.629,0.01238390092879257,1.130965844831486,16.03,3.22,0.02,1348.6500244140625,0.21,1.42509090909091,0.82344,0.33214,0.119449863636364
2011-05-13,1.4141,1.6179,0.012382367508667657,1.1227124733355787,17.07,3.18,0.03,1337.77001953125,0.21,1.42509090909091,0.82344,0.33214,0.119449863636364
2011-05-16,1.4219,1.624,0.012373174956693888,1.1340440009072352,18.24,3.15,0.04,1329.469970703125,0.21,1.42509090909091,0.82344,0.33214,0.119449863636364
2011-05-17,1.4155,1.6206,0.012286521685710775,1.1301989150090415,17.55,3.12,0.04,1328.97998046875,0.21,1.42509090909091,0.82344,0.33214,0.119449863636364
2011-05-18,1.427,1.6148,0.012289541600098316,1.1373976342129208,16.23,3.18,0.05,1340.6800537109375,0.21,1.42509090909091,0.82344,0.33214,0.119449863636364
2011-05-19,1.4254,1.6179,0.012227928588897041,1.1312217194570136,15.52,3.17,0.05,1343.5999755859375,0.21,1.42509090909091,0.82344,0.33214,0.119449863636364
2011-05-20,1.4172,1.6222,0.01224889759921607,1.1394712853236098,17.43,3.15,0.05,1333.27001953125,0.21,1.42509090909091,0.82344,0.33214,0.119449863636364
2011-05-23,1.4015,1.6102,0.01222344456667889,1.1323745895142112,18.27,3.13,0.06,1317.3699951171875,0.21,1.42509090909091,0.82344,0.33214,0.119449863636364
2011-05-24,1.4107,1.6185,0.012177301509985387,1.1363636363636365,17.82,3.12,0.06,1316.280029296875,0.21,1.42509090909091,0.82344,0.33214,0.119449863636364
2011-05-25,1.4102,1.6277,0.012201073694485115,1.146788990825688,17.07,3.13,0.06,1320.469970703125,0.21,1.42509090909091,0.82344,0.33214,0.119449863636364
2011-05-26,1.4088,1.6346,0.012278978388998036,1.1539349180706209,16.09,3.07,0.05,1325.68994140625,0.21,1.42509090909091,0.82344,0.33214,0.119449863636364
2011-05-27,1.4287,1.6494,0.01238390092879257,1.1737089201877935,15.98,3.07,0.05,1331.0999755859375,0.21,1.42509090909091,0.82344,0.33214,0.119449863636364
2011-05-30,,,,,,,,,0.21,1.42509090909091,0.82344,0.33214,0.119449863636364
2011-05-31,1.4376,1.6439,0.01230163611760364,1.1730205278592374,15.45,3.05,0.06,1345.199951171875,0.21,1.42509090909091,0.82344,0.33214,0.119449863636364
2011-06-01,1.4431,1.6391,0.012373174956693888,1.1903344839900012,18.3,2.96,0.05,1314.550048828125,0.22,1.48859090909091,0.82512,0.33214,0.10205965
2011-06-02,1.4426,1.6325,0.012348728081007655,1.1851149561507466,18.09,3.04,0.04,1312.93994140625,0.22,1.48859090909091,0.82512,0.33214,0.10205965
2011-06-03,1.4604,1.6397,0.012440905697934811,1.1973180076628351,17.95,2.99,0.04,1300.1600341796875,0.22,1.48859090909091,0.82512,0.33214,0.10205965
2011-06-06,1.462,1.6362,0.012470382840753212,1.1961722488038278,18.49,3.01,0.05,1286.1700439453125,0.22,1.48859090909091,0.82512,0.33214,0.10205965
2011-06-07,1.4675,1.6444,0.012467273407305824,1.1921793037672865,18.07,3.01,0.05,1284.93994140625,0.22,1.48859090909091,0.82512,0.33214,0.10205965
2011-06-08,1.4587,1.6381,0.012520345561537497,1.194885888397658,18.79,2.98,0.04,1279.56005859375,0.22,1.48859090909091,0.82512,0.33214,0.10205965
2011-06-09,1.4534,1.6382,0.012489072061945798,1.1887779362815027,17.77,3.01,0.05,1289.0,0.22,1.48859090909091,0.82512,0.33214,0.10205965
2011-06-10,1.4365,1.6254,0.012459506603538499,1.1877895236964011,18.86,2.99,0.05,1270.97998046875,0.22,1.48859090909091,0.82512,0.33214,0.10205965
2011-06-13,1.4368,1.6308,0.0124750499001996,1.194885888397658,19.61,3.0,0.05,1271.8299560546875,0.22,1.48859090909091,0.82512,0.33214,0.10205965
2011-06-14,1.4473,1.6388,0.012422360248447204,1.1842728564661298,18.26,3.11,0.05,1287.8699951171875,0.22,1.48859090909091,0.82512,0.33214,0.10205965
2011-06-15,1.4221,1.6218,0.01239003840911907,1.1753643629525152,21.32,2.98,0.05,1265.4200439453125,0.22,1.48859090909091,0.82512,0.33214,0.10205965
2011-06-16,1.4155,1.613,0.012391573729863692,1.1755025273304338,22.73,2.93,0.05,1267.6400146484375,0.22,1.48859090909091,0.82512,0.33214,0.10205965
2011-06-17,1.4326,1.6186,0.012484394506866418,1.181753722524226,21.85,2.94,0.04,1271.5,0.22,1.48859090909091,0.82512,0.33214,0.10205965
2011-06-20,1.432,1.6206,0.012459506603538499,1.188212927756654,19.99,2.97,0.03,1278.3599853515625,0.22,1.48859090909091,0.82512,0.33214,0.10205965
2011-06-21,1.4399,1.6232,0.012476606363069244,1.1858176212498517,18.86,2.99,0.03,1295.52001953125,0.22,1.48859090909091,0.82512,0.33214,0.10205965
2011-06-22,1.4403,1.6131,0.012490632025980514,1.1967448539971277,18.52,3.01,0.02,1287.1400146484375,0.22,1.48859090909091,0.82512,0.33214,0.10205965
2011-06-23,1.4166,1.5977,0.01243008079552517,1.1934598400763814,19.29,2.93,0.01,1283.5,0.22,1.48859090909091,0.82512,0.33214,0.10205965
2011-06-24,1.4189,1.5985,0.012450199203187252,1.1943150603129105,21.1,2.88,0.02,1268.449951171875,0.22,1.48859090909091,0.82512,0.33214,0.10205965
2011-06-27,1.4282,1.5972,0.012362467548522686,1.1951715071112705,20.56,2.95,0.02,1280.0999755859375,0.22,1.48859090909091,0.82512,0.33214,0.10205965
2011-06-28,1.4368,1.6016,0.012368583797155226,1.2051096649795132,19.17,3.05,0.03,1296.6700439453125,0.22,1.48859090909091,0.82512,0.33214,0.10205965
2011-06-29,1.4428,1.607,0.012376237623762377,1.1977482333213558,17.27,3.14,0.02,1307.4100341796875,0.22,1.48859090909091,0.82512,0.33214,0.10205965
2011-06-30,1.4523,1.6067,0.01240079365079365,1.188636633781053,16.52,3.18,0.03,1320.6400146484375,0.22,1.48859090909091,0.82512,0.33214,0.10205965
2011-07-01,1.4508,1.607,0.012374706100730107,1.1793843613633683,15.87,3.22,0.02,1339.6700439453125,0.24,1.59761904761905,0.8289,0.33214,0.0909554761904762
2011-07-04,,,,,,,,,0.24,1.59761904761905,0.8289,0.33214,0.0909554761904762
2011-07-05,1.447,1.6085,0.012324377618930243,1.183151916706105,16.06,3.16,0.02,1337.8800048828125,0.24,1.59761904761905,0.8289,0.33214,0.0909554761904762
2011-07-06,1.4329,1.5998,0.012360939431396786,1.191469081377338,16.34,3.12,0.01,1339.219970703125,0.24,1.59761904761905,0.8289,0.33214,0.0909554761904762
2011-07-07,1.4349,1.5967,0.012306177701206004,1.1848341232227488,15.95,3.17,0.03,1353.219970703125,0.24,1.59761904761905,0.8289,0.33214,0.0909554761904762
2011-07-08,1.4251,1.603,0.01240079365079365,1.1938872970391594,15.95,3.03,0.03,1343.800048828125,0.24,1.59761904761905,0.8289,0.33214,0.0909554761904762
2011-07-11,1.4034,1.5932,0.012442453651860147,1.1974613818704347,18.39,2.94,0.03,1319.489990234375,0.24,1.59761904761905,0.8289,0.33214,0.0909554761904762
2011-07-12,1.4014,1.594,0.01257387149503332,1.1997600479904018,19.87,2.92,0.03,1313.6400146484375,0.24,1.59761904761905,0.8289,0.33214,0.0909554761904762
2011-07-13,1.4167,1.6111,0.0126598303582732,1.21758188238159,19.91,2.92,0.01,1317.719970703125,0.24,1.59761904761905,0.8289,0.33214,0.0909554761904762
2011-07-14,1.4182,1.6125,0.012640626975097964,1.2244398187829069,20.8,2.98,0.01,1308.8699951171875,0.24,1.59761904761905,0.8289,0.33214,0.0909554761904762
2011-07-15,1.4156,1.6149,0.012653422750854106,1.2257906349595489,19.53,2.94,0.02,1316.1400146484375,0.24,1.59761904761905,0.8289,0.33214,0.0909554761904762
2011-07-18,1.4042,1.6024,0.012642225031605564,1.2229423994129878,20.95,2.94,0.02,1305.43994140625,0.24,1.59761904761905,0.8289,0.33214,0.0909554761904762
2011-07-19,1.4156,1.6135,0.012672665061462427,1.224589762429586,19.21,2.91,0.03,1326.72998046875,0.24,1.59761904761905,0.8289,0.33214,0.0909554761904762
2011-07-20,1.4188,1.6139,0.012696800406297613,1.2189176011701608,19.09,2.96,0.02,1325.8399658203125,0.24,1.59761904761905,0.8289,0.33214,0.0909554761904762
2011-07-21,1.4372,1.6301,0.012743723716069836,1.2236906510034262,17.56,3.03,0.05,1343.800048828125,0.24,1.59761904761905,0.8289,0.33214,0.0909554761904762
2011-07-22,1.4366,1.6319,0.012748597654258032,1.224589762429586,17.52,2.99,0.05,1345.02001953125,0.24,1.59761904761905,0.8289,0.33214,0.0909554761904762
2011-07-25,1.4357,1.6285,0.012769761205465458,1.2403870007442321,19.35,3.03,0.05,1337.4300537109375,0.24,1.59761904761905,0.8289,0.33214,0.0909554761904762
2011-07-26,1.4495,1.6392,0.012813941568426447,1.2457954403886882,20.23,2.99,0.07,1331.93994140625,0.24,1.59761904761905,0.8289,0.33214,0.0909554761904762
2011-07-27,1.4373,1.6357,0.012822156686754713,1.246416552411816,22.98,3.01,0.08,1304.8900146484375,0.24,1.59761904761905,0.8289,0.33214,0.0909554761904762
2011-07-28,1.4303,1.6338,0.012841916013869269,1.2436264146250466,23.74,2.98,0.07,1300.6700439453125,0.24,1.59761904761905,0.8289,0.33214,0.0909554761904762
2011-07-29,1.4388,1.6455,0.012956724540036277,1.268874508311128,25.25,2.82,0.1,1292.280029296875,0.24,1.59761904761905,0.8289,0.33214,0.0909554761904762
2011-08-01,1.4202,1.6278,0.013008976193573565,1.2799180852425445,23.66,2.77,0.1,1286.93994140625,0.29,1.55208695652174,0.85782,0.32857,-0.0675968
2011-08-02,1.4232,1.6287,0.012965123816932453,1.2966804979253113,24.79,2.66,0.06,1254.050048828125,0.29,1.55208695652174,0.85782,0.32857,-0.0675968
2011-08-03,1.432,1.6406,0.013008976193573565,1.3054830287206267,23.38,2.64,0.02,1260.3399658203125,0.29,1.55208695652174,0.85782,0.32857,-0.0675968
2011-08-04,1.4158,1.6308,0.012656625743576762,1.3031013812874641,31.66,2.47,0.02,1200.0699462890625,0.29,1.55208695652174,0.85782,0.32857,-0.0675968
2011-08-05,1.4158,1.6362,0.0127420998980632,1.3157894736842106,32.0,2.58,0.01,1199.3800048828125,0.29,1.55208695652174,0.85782,0.32857,-0.0675968
2011-08-08,1.4241,1.6354,0.012898232942086934,1.3239772275916855,48.0,2.4,0.05,1119.4599609375,0.29,1.55208695652174,0.85782,0.32857,-0.0675968
2011-08-09,1.4242,1.6194,0.012960082944530845,1.3674278681799537,35.06,2.2,0.03,1172.530029296875,0.29,1.55208695652174,0.85782,0.32857,-0.0675968
2011-08-10,1.4193,1.6169,0.013087292239235703,1.3706140350877192,42.99,2.17,0.02,1120.760009765625,0.29,1.55208695652174,0.85782,0.32857,-0.0675968
2011-08-11,1.423,1.6228,0.013041210224308814,1.3229263130043656,39.0,2.34,0.03,1172.6400146484375,0.29,1.55208695652174,0.85782,0.32857,-0.0675968
2011-08-12,1.4239,1.6284,0.013022528975126969,1.2968486577616392,36.36,2.24,0.02,1178.81005859375,0.29,1.55208695652174,0.85782,0.32857,-0.0675968
2011-08-15,1.4452,1.6387,0.013032712107389547,1.281722635221738,31.87,2.29,0.02,1204.489990234375,0.29,1.55208695652174,0.85782,0.32857,-0.0675968
2011-08-16,1.4421,1.6424,0.013027618551328815,1.2616704516780217,32.85,2.23,0.03,1192.760009765625,0.29,1.55208695652174,0.85782,0.32857,-0.0675968
2011-08-17,1.4436,1.6591,0.013078733978550878,1.2672665061462425,31.58,2.17,0.01,1193.8900146484375,0.29,1.55208695652174,0.85782,0.32857,-0.0675968
2011-08-18,1.432,1.6489,0.013068478829064298,1.2651821862348178,42.67,2.08,0.01,1140.6500244140625,0.29,1.55208695652174,0.85782,0.32857,-0.0675968
2011-08-19,1.4408,1.6544,0.013078733978550878,1.2729124236252547,43.05,2.07,0.02,1123.530029296875,0.29,1.55208695652174,0.85782,0.32857,-0.0675968
2011-08-22,1.4384,1.6452,0.013025921583952065,1.2695188523549576,42.44,2.1,0.01,1123.8199462890625,0.29,1.55208695652174,0.85782,0.32857,-0.0675968
2011-08-23,1.4431,1.6509,0.01305653479566523,1.2672665061462425,36.27,2.15,0.01,1162.3499755859375,0.29,1.55208695652174,0.85782,0.32857,-0.0675968
2011-08-24,1.4402,1.6375,0.013024225058609012,1.2578616352201257,35.9,2.29,0.02,1177.5999755859375,0.29,1.55208695652174,0.85782,0.32857,-0.0675968
2011-08-25,1.438,1.6289,0.012923235978288964,1.2564392511622062,39.76,2.23,0.01,1159.27001953125,0.29,1.55208695652174,0.85782,0.32857,-0.0675968
2011-08-26,1.4463,1.6321,0.01305142260506395,1.2414649286157666,35.59,2.19,0.01,1176.800048828125,0.29,1.55208695652174,0.85782,0.32857,-0.0675968
2011-08-29,1.451,1.6398,0.012993762993762994,1.2212994626282365,32.28,2.28,0.02,1210.0799560546875,0.29,1.55208695652174,0.85782,0.32857,-0.0675968
2011-08-30,1.4435,1.6279,0.013029315960912053,1.223540927444023,32.89,2.19,0.01,1212.9200439453125,0.29,1.55208695652174,0.85782,0.32857,-0.0675968
2011-08-31,1.4406,1.6269,0.013071895424836602,1.244090569793481,31.62,2.23,0.02,1218.8900146484375,0.29,1.55208695652174,0.85782,0.32857,-0.0675968
2011-09-01,1.4283,1.6179,0.013019138133055592,1.2577034335303734,31.82,2.15,0.02,1204.4200439453125,0.33,1.53645454545455,0.9181,0.32929,-0.0610702727272727
2011-09-02,1.4203,1.619,0.013022528975126969,1.271940981938438,33.92,2.02,0.02,1173.969970703125,0.33,1.53645454545455,0.9181,0.32929,-0.0610702727272727
2011-09-05,,,,,,,,,0.33,1.53645454545455,0.9181,0.32929,-0.0610702727272727
2011-09-06,1.3999,1.5954,0.012906556530717603,1.1637379262190155,37.0,1.98,0.02,1165.239990234375,0.33,1.53645454545455,0.9181,0.32929,-0.0610702727272727
2011-09-07,1.4058,1.5948,0.01292156609381057,1.1629259216187928,33.38,2.05,0.02,1198.6199951171875,0.33,1.53645454545455,0.9181,0.32929,-0.0610702727272727
2011-09-08,1.3947,1.6021,0.012914890869172154,1.1475786091347258,34.32,2.0,0.02,1185.9000244140625,0.33,1.53645454545455,0.9181,0.32929,-0.0610702727272727
2011-09-09,1.3666,1.587,0.012934937265554261,1.1312217194570136,38.52,1.93,0.01,1154.22998046875,0.33,1.53645454545455,0.9181,0.32929,-0.0610702727272727
2011-09-12,1.3635,1.5814,0.012961762799740763,1.1319900384876613,38.59,1.94,0.01,1162.27001953125,0.33,1.53645454545455,0.9181,0.32929,-0.0610702727272727
2011-09-13,1.368,1.5805,0.013007284079084289,1.137009664582149,36.91,2.0,0.01,1172.8699951171875,0.33,1.53645454545455,0.9181,0.32929,-0.0610702727272727
2011-09-14,1.371,1.5773,0.01303611002476861,1.1399908800729595,34.6,2.03,0.01,1188.6800537109375,0.33,1.53645454545455,0.9181,0.32929,-0.0610702727272727
2011-09-15,1.3858,1.5808,0.013037809647979138,1.1487650775416427,31.97,2.09,0.01,1209.1099853515625,0.33,1.53645454545455,0.9181,0.32929,-0.0610702727272727
2011-09-16,1.3783,1.5802,0.013005592404734036,1.1424654404204273,30.98,2.08,0.01,1216.010009765625,0.33,1.53645454545455,0.9181,0.32929,-0.0610702727272727
2011-09-19,1.3636,1.5674,0.01307531380753138,1.1313497001923294,32.73,1.97,0.01,1204.0899658203125,0.33,1.53645454545455,0.9181,0.32929,-0.0610702727272727
2011-09-20,1.3697,1.5718,0.013068478829064298,1.1262529564140105,32.86,1.95,0.01,1202.0899658203125,0.33,1.53645454545455,0.9181,0.32929,-0.0610702727272727
2011-09-21,1.3724,1.5619,0.013092432573972244,1.1195700850873265,37.32,1.88,0.01,1166.760009765625,0.33,1.53645454545455,0.9181,0.32929,-0.0610702727272727
2011-09-22,1.3446,1.5358,0.013104442405975626,1.1021712774165104,41.35,1.72,0.0,1129.56005859375,0.33,1.53645454545455,0.9181,0.32929,-0.0610702727272727
2011-09-23,1.3518,1.5475,0.013106159895150722,1.1068068622025458,41.25,1.84,0.01,1136.4300537109375,0.33,1.53645454545455,0.9181,0.32929,-0.0610702727272727
2011-09-26,1.3516,1.5553,0.013097576948264572,1.108401684770561,39.02,1.91,0.02,1162.949951171875,0.33,1.53645454545455,0.9181,0.32929,-0.0610702727272727
2011-09-27,1.3606,1.5681,0.013054830287206267,1.1161960040183057,37.71,2.0,0.01,1175.3800048828125,0.33,1.53645454545455,0.9181,0.32929,-0.0610702727272727
2011-09-28,1.3628,1.5648,0.013070186903672721,1.1166945840312674,41.08,2.03,0.02,1151.06005859375,0.33,1.53645454545455,0.9181,0.32929,-0.0610702727272727
2011-09-29,1.3639,1.5685,0.013041210224308814,1.1176930814798256,38.84,1.99,0.02,1160.4000244140625,0.33,1.53645454545455,0.9181,0.32929,-0.0610702727272727
2011-09-30,1.3449,1.5624,0.012980269989615783,1.1052166224580018,42.96,1.92,0.02,1131.4200439453125,0.33,1.53645454545455,0.9181,0.32929,-0.0610702727272727
2011-10-03,1.3281,1.5474,0.013044612575006522,1.0927767457108513,45.45,1.8,0.02,1099.22998046875,0.37,1.57585714285714,0.96991,0.32929,-0.0933598947368421
2011-10-04,1.3294,1.5403,0.013010668748373666,1.0842459069717012,40.82,1.81,0.01,1123.949951171875,0.37,1.57585714285714,0.96991,0.32929,-0.0933598947368421
2011-10-05,1.3328,1.5436,0.013010668748373666,1.083658430862592,37.81,1.92,0.0,1144.030029296875,0.37,1.57585714285714,0.96991,0.32929,-0.0933598947368421
2011-10-06,1.3408,1.5398,0.013048016701461378,1.0847163466753444,36.27,2.01,0.01,1164.969970703125,0.37,1.57585714285714,0.96991,0.32929,-0.0933598947368421
2011-10-07,1.3512,1.5628,0.013025921583952065,1.0927767457108513,36.2,2.1,0.01,1155.4599609375,0.37,1.57585714285714,0.96991,0.32929,-0.0933598947368421
2011-10-10,,,,,33.02,,,1194.8900146484375,0.37,1.57585714285714,0.96991,0.32929,-0.0933598947368421
2011-10-11,1.3657,1.5594,0.013044612575006522,1.1031439602868174,32.86,2.18,0.02,1195.5400390625,0.37,1.57585714285714,0.96991,0.32929,-0.0933598947368421
2011-10-12,1.3805,1.5757,0.0129366106080207,1.118067978533095,31.26,2.24,0.02,1207.25,0.37,1.57585714285714,0.96991,0.32929,-0.0933598947368421
2011-10-13,1.373,1.5729,0.013007284079084289,1.1111111111111112,30.7,2.19,0.02,1203.6600341796875,0.37,1.57585714285714,0.96991,0.32929,-0.0933598947368421
2011-10-14,1.3861,1.5808,0.012926577042399173,1.1193194537721065,28.24,2.26,0.02,1224.5799560546875,0.37,1.57585714285714,0.96991,0.32929,-0.0933598947368421
2011-10-17,1.377,1.5778,0.013020833333333334,1.1137097672346585,33.39,2.18,0.04,1200.8599853515625,0.37,1.57585714285714,0.96991,0.32929,-0.0933598947368421
2011-10-18,1.3719,1.5654,0.013029315960912053,1.1096316023080337,31.56,2.19,0.04,1225.3800048828125,0.37,1.57585714285714,0.96991,0.32929,-0.0933598947368421
2011-10-19,1.3775,1.5799,0.013022528975126969,1.108401684770561,34.44,2.18,0.03,1209.8800048828125,0.37,1.57585714285714,0.96991,0.32929,-0.0933598947368421
2011-10-20,1.3672,1.5726,0.01300221037576388,1.110864252388358,34.78,2.2,0.03,1215.3900146484375,0.37,1.57585714285714,0.96991,0.32929,-0.0933598947368421
2011-10-21,1.3873,1.5945,0.01314060446780552,1.1296882060551288,31.32,2.23,0.02,1238.25,0.37,1.57585714285714,0.96991,0.32929,-0.0933598947368421
2011-10-24,1.3932,1.5986,0.01314060446780552,1.1358473421172195,29.26,2.25,0.02,1254.18994140625,0.37,1.57585714285714,0.96991,0.32929,-0.0933598947368421
2011-10-25,1.3911,1.5994,0.013178703215603585,1.137138958380714,32.22,2.14,0.01,1229.050048828125,0.37,1.57585714285714,0.96991,0.32929,-0.0933598947368421
2011-10-26,1.3838,1.5905,0.013149243918474688,1.1310937676733401,29.86,2.23,0.02,1242.0,0.37,1.57585714285714,0.96991,0.32929,-0.0933598947368421
2011-10-27,1.4172,1.6081,0.013192612137203167,1.1615750958299453,25.46,2.42,0.02,1284.5899658203125,0.37,1.57585714285714,0.96991,0.32929,-0.0933598947368421
2011-10-28,1.4164,1.613,0.013206550449022716,1.1594202898550725,24.53,2.34,0.01,1285.0899658203125,0.37,1.57585714285714,0.96991,0.32929,-0.0933598947368421
2011-10-31,1.3947,1.6141,0.012825445684237527,1.1486331265793706,29.96,2.17,0.01,1253.300048828125,0.37,1.57585714285714,0.96991,0.32929,-0.0933598947368421
2011-11-01,1.3676,1.5946,0.012774655084312723,1.1234692731153804,34.77,2.01,0.01,1218.280029296875,0.41,1.48468181818182,1.01182,0.32929,-0.0653187
2011-11-02,1.3803,1.5974,0.012813941568426447,1.1353315168029063,32.74,2.03,0.01,1237.9000244140625,0.41,1.48468181818182,1.01182,0.32929,-0.0653187
2011-11-03,1.3744,1.5959,0.012827090815802977,1.1319900384876613,30.5,2.09,0.01,1261.1500244140625,0.41,1.48468181818182,1.01182,0.32929,-0.0653187
2011-11-04,1.3761,1.6026,0.01279263144428809,1.1261261261261262,30.16,2.06,0.01,1253.22998046875,0.41,1.48468181818182,1.01182,0.32929,-0.0653187
2011-11-07,1.3744,1.6024,0.012810658467845248,1.1096316023080337,29.85,2.04,0.01,1261.1199951171875,0.41,1.48468181818182,1.01182,0.32929,-0.0653187
2011-11-08,1.3785,1.6076,0.012855122766422419,1.115324559446799,27.48,2.1,0.01,1275.9200439453125,0.41,1.48468181818182,1.01182,0.32929,-0.0653187
2011-11-09,1.3596,1.5958,0.012858428700012858,1.1037527593818983,36.16,2.0,0.01,1229.0999755859375,0.41,1.48468181818182,1.01182,0.32929,-0.0653187
2011-11-10,1.36,1.5935,0.012889920082495489,1.103996467211305,32.81,2.04,0.01,1239.699951171875,0.41,1.48468181818182,1.01182,0.32929,-0.0653187
2011-11-11,,,,,30.04,,,1263.8499755859375,0.41,1.48468181818182,1.01182,0.32929,-0.0653187
2011-11-14,1.3625,1.5899,0.012983640612827838,1.1022927689594355,31.13,2.04,0.01,1251.780029296875,0.41,1.48468181818182,1.01182,0.32929,-0.0653187
2011-11-15,1.3524,1.5818,0.012988699831146902,1.0896807235480004,31.22,2.06,0.01,1257.81005859375,0.41,1.48468181818182,1.01182,0.32929,-0.0653187
2011-11-16,1.3505,1.577,0.012983640612827838,1.0906314756243864,33.51,2.01,0.01,1236.9100341796875,0.41,1.48468181818182,1.01182,0.32929,-0.0653187
2011-11-17,1.3522,1.5801,0.012990387113535984,1.0908694229300753,34.51,1.96,0.02,1216.1300048828125,0.41,1.48468181818182,1.01182,0.32929,-0.0653187
2011-11-18,1.3521,1.5783,0.012998830105290522,1.0918222513374822,32.0,2.01,0.01,1215.6500244140625,0.41,1.48468181818182,1.01182,0.32929,-0.0653187
2011-11-21,1.3525,1.5662,0.012992074834351046,1.0919414719371043,32.91,1.97,0.02,1192.97998046875,0.41,1.48468181818182,1.01182,0.32929,-0.0653187
2011-11-22,1.35,1.5646,0.012975217334890361,1.0934937124111537,31.97,1.94,0.02,1188.0400390625,0.41,1.48468181818182,1.01182,0.32929,-0.0653187
2011-11-23,1.3347,1.5511,0.01291822761917065,1.0867202782003913,33.98,1.89,0.02,1161.7900390625,0.41,1.48468181818182,1.01182,0.32929,-0.0653187
2011-11-24,,,,,,,,,0.41,1.48468181818182,1.01182,0.32929,-0.0653187
2011-11-25,1.3244,1.5467,0.012876641771825908,1.0765421466250404,34.47,1.97,0.02,1158.6700439453125,0.41,1.48468181818182,1.01182,0.32929,-0.0653187
2011-11-28,1.3334,1.5538,0.012812299807815503,1.0851871947911014,32.13,1.97,0.03,1192.550048828125,0.41,1.48468181818182,1.01182,0.32929,-0.0653187
2011-11-29,1.3343,1.5625,0.012843565373747753,1.0876658690450294,30.64,2.0,0.02,1195.18994140625,0.41,1.48468181818182,1.01182,0.32929,-0.0653187
2011-11-30,1.3453,1.5705,0.012889920082495489,1.0981770261366133,27.8,2.08,0.01,1246.9599609375,0.41,1.48468181818182,1.01182,0.32929,-0.0653187
2011-12-01,1.3487,1.5698,0.012886597938144331,1.0946907498631637,27.41,2.11,0.01,1244.5799560546875,0.49,1.42609523809524,1.06148,0.32929,0.08
2011-12-02,1.3386,1.5592,0.012840267077555215,1.0847163466753444,27.52,2.05,0.02,1244.280029296875,0.49,1.42609523809524,1.06148,0.32929,0.08
2011-12-05,1.3463,1.5689,0.012858428700012858,1.0894432944765224,27.84,2.04,0.01,1257.0799560546875,0.49,1.42609523809524,1.06148,0.32929,0.08
2011-12-06,1.3397,1.558,0.012865045670912132,1.079097874177188,28.13,2.08,0.01,1258.469970703125,0.49,1.42609523809524,1.06148,0.32929,0.08
2011-12-07,1.3386,1.5691,0.012871669455528383,1.0809642200843153,28.67,2.02,0.02,1261.010009765625,0.49,1.42609523809524,1.06148,0.32929,0.08
2011-12-08,1.3324,1.5635,0.012874983906270118,1.0781671159029649,30.59,1.99,0.01,1234.3499755859375,0.49,1.42609523809524,1.06148,0.32929,0.08
2011-12-09,1.3368,1.5642,0.012889920082495489,1.0818998160770312,26.38,2.07,0.01,1255.18994140625,0.49,1.42609523809524,1.06148,0.32929,0.08
2011-12-12,1.3188,1.5597,0.012841916013869269,1.0683760683760684,25.67,2.03,0.01,1236.469970703125,0.49,1.42609523809524,1.06148,0.32929,0.08
2011-12-13,1.3094,1.5528,0.012843565373747753,1.0617965597791463,25.41,1.96,0.01,1225.72998046875,0.49,1.42609523809524,1.06148,0.32929,0.08
2011-12-14,1.2972,1.5445,0.012807377049180328,1.0493179433368311,26.04,1.92,0.01,1211.8199462890625,0.49,1.42609523809524,1.06148,0.32929,0.08
2011-12-15,1.3013,1.5486,0.012841916013869269,1.0636034886194425,25.11,1.92,0.0,1215.75,0.49,1.42609523809524,1.06148,0.32929,0.08
2011-12-16,1.3025,1.5514,0.0128783000643915,1.0670081092616304,24.29,1.86,0.0,1219.6600341796875,0.49,1.42609523809524,1.06148,0.32929,0.08
2011-12-19,1.3017,1.5531,0.012827090815802977,1.0679196924391285,24.92,1.82,0.01,1205.3499755859375,0.49,1.42609523809524,1.06148,0.32929,0.08
2011-12-20,1.3076,1.5674,0.012860082304526748,1.074229240519927,23.22,1.94,0.01,1241.300048828125,0.49,1.42609523809524,1.06148,0.32929,0.08
2011-12-21,1.304,1.568,0.01282051282051282,1.0663254425250588,21.43,1.98,0.01,1243.719970703125,0.49,1.42609523809524,1.06148,0.32929,0.08
2011-12-22,1.3045,1.5667,0.012799180852425445,1.067463706233988,21.16,1.97,0.01,1254.0,0.49,1.42609523809524,1.06148,0.32929,0.08
2011-12-23,1.304,1.5615,0.012799180852425445,1.0662117496534813,20.73,2.03,0.01,1265.3299560546875,0.49,1.42609523809524,1.06148,0.32929,0.08
2011-12-26,,,,,,,,,0.49,1.42609523809524,1.06148,0.32929,0.08
2011-12-27,1.3074,1.5671,0.012848515996402415,1.0707784559374667,21.91,2.02,0.02,1265.4300537109375,0.49,1.42609523809524,1.06148,0.32929,0.08
2011-12-28,1.2926,1.5478,0.012823800974608873,1.0604453870625663,23.52,1.93,0.01,1249.6400146484375,0.49,1.42609523809524,1.06148,0.32929,0.08
2011-12-29,1.2952,1.5386,0.012868356710848025,1.062473438164046,22.65,1.91,0.02,1263.02001953125,0.49,1.42609523809524,1.06148,0.32929,0.08
2011-12-30,1.2973,1.5537,0.012990387113535984,1.0667804565820354,23.4,1.89,0.02,1257.5999755859375,0.49,1.42609523809524,1.06148,0.32929,0.08
2012-01-02,,,,,,,,,0.4,1.22222727272727,1.08709,0.33077,0.0402932857142857
2012-01-03,1.3061,1.5655,0.013042911177774879,1.0730765103551885,22.97,1.97,0.02,1277.06005859375,0.4,1.22222727272727,1.08709,0.33077,0.0402932857142857
2012-01-04,1.293,1.5638,0.013041210224308814,1.0619093129446746,22.22,2.0,0.02,1277.300048828125,0.4,1.22222727272727,1.08709,0.33077,0.0402932857142857
2012-01-05,1.2783,1.548,0.012956724540036277,1.0495382031905962,21.48,2.02,0.02,1281.06005859375,0.4,1.22222727272727,1.08709,0.33077,0.0402932857142857
2012-01-06,1.2723,1.5431,0.012976901116013496,1.0465724751439036,20.63,1.98,0.02,1277.81005859375,0.4,1.22222727272727,1.08709,0.33077,0.0402932857142857
2012-01-09,1.2745,1.5436,0.013007284079084289,1.050420168067227,21.07,1.98,0.01,1280.699951171875,0.4,1.22222727272727,1.08709,0.33077,0.0402932857142857
2012-01-10,1.2782,1.5489,0.013014055179593961,1.0541851149061776,20.69,2.0,0.02,1292.0799560546875,0.4,1.22222727272727,1.08709,0.33077,0.0402932857142857
2012-01-11,1.2686,1.5325,0.013003901170351105,1.0466820180029306,21.05,1.93,0.02,1292.47998046875,0.4,1.22222727272727,1.08709,0.33077,0.0402932857142857
2012-01-12,1.2818,1.5325,0.013027618551328815,1.058873358746294,20.47,1.94,0.03,1295.5,0.4,1.22222727272727,1.08709,0.33077,0.0402932857142857
2012-01-13,1.2682,1.5301,0.013003901170351105,1.0488777008600796,20.91,1.89,0.03,1289.0899658203125,0.4,1.22222727272727,1.08709,0.33077,0.0402932857142857
2012-01-16,,,,,,,,,0.4,1.22222727272727,1.08709,0.33077,0.0402932857142857
2012-01-17,1.274,1.5356,0.013020833333333334,1.0535187526337968,22.2,1.87,0.03,1293.6700439453125,0.4,1.22222727272727,1.08709,0.33077,0.0402932857142857
2012-01-18,1.2825,1.541,0.013019138133055592,1.0607828577490188,20.89,1.92,0.03,1308.0400390625,0.4,1.22222727272727,1.08709,0.33077,0.0402932857142857
2012-01-19,1.2937,1.5484,0.012948336138806162,1.0712372790573113,19.87,2.01,0.05,1314.5,0.4,1.22222727272727,1.08709,0.33077,0.0402932857142857
2012-01-20,1.2948,1.554,0.012992074834351046,1.0721561059290232,18.28,2.05,0.05,1315.3800048828125,0.4,1.22222727272727,1.08709,0.33077,0.0402932857142857
2012-01-23,1.3035,1.5582,0.013000520020800831,1.0789814415192058,18.67,2.09,0.04,1316.0,0.4,1.22222727272727,1.08709,0.33077,0.0402932857142857
2012-01-24,1.3004,1.5595,0.012856775520699408,1.0764262648008611,18.91,2.08,0.04,1314.6500244140625,0.4,1.22222727272727,1.08709,0.33077,0.0402932857142857
2012-01-25,1.2978,1.557,0.012799180852425445,1.0741138560687433,18.31,2.01,0.04,1326.06005859375,0.4,1.22222727272727,1.08709,0.33077,0.0402932857142857
2012-01-26,1.3152,1.5706,0.012908222537756552,1.090037061260083,18.57,1.96,0.05,1318.4300537109375,0.4,1.22222727272727,1.08709,0.33077,0.0402932857142857
2012-01-27,1.3192,1.5716,0.013041210224308814,1.0938525486764383,18.53,1.93,0.06,1316.3299560546875,0.4,1.22222727272727,1.08709,0.33077,0.0402932857142857
2012-01-30,1.3123,1.569,0.013109596224436287,1.0895619960775769,19.4,1.87,0.05,1313.010009765625,0.4,1.22222727272727,1.08709,0.33077,0.0402932857142857
2012-01-31,1.3053,1.5754,0.013099292638197537,1.0845986984815619,19.44,1.83,0.06,1312.4100341796875,0.4,1.22222727272727,1.08709,0.33077,0.0402932857142857
2012-02-01,1.3179,1.5849,0.01313887793982394,1.0939722131057872,18.55,1.87,0.06,1324.0899658203125,0.3,1.04828571428571,1.07249,0.33167,0.0178765
2012-02-02,1.3167,1.5813,0.013135426244581638,1.0936132983377078,17.98,1.86,0.08,1325.5400390625,0.3,1.04828571428571,1.07249,0.33167,0.0178765
2012-02-03,1.3106,1.5779,0.013065064018813691,1.0860121633362294,17.1,1.97,0.08,1344.9000244140625,0.3,1.04828571428571,1.07249,0.33167,0.0178765
2012-02-06,1.313,1.5832,0.013065064018813691,1.08837614279495,17.76,1.93,0.08,1344.3299560546875,0.3,1.04828571428571,1.07249,0.33167,0.0178765
2012-02-07,1.3244,1.5891,0.013007284079084289,1.0954102311315588,17.65,2.0,0.08,1347.050048828125,0.3,1.04828571428571,1.07249,0.33167,0.0178765
2012-02-08,1.3253,1.582,0.013003901170351105,1.0957703265395573,18.16,2.01,0.09,1349.9599609375,0.3,1.04828571428571,1.07249,0.33167,0.0178765
2012-02-09,1.3297,1.5838,0.012916559028674762,1.0985389432055366,18.63,2.04,0.09,1351.949951171875,0.3,1.04828571428571,1.07249,0.33167,0.0178765
2012-02-10,1.3187,1.5748,0.012891581797086504,1.0897994768962511,20.79,1.96,0.09,1342.6400146484375,0.3,1.04828571428571,1.07249,0.33167,0.0178765
2012-02-13,1.3211,1.578,0.012899896800825594,1.0930156301235108,19.04,1.99,0.11,1351.77001953125,0.3,1.04828571428571,1.07249,0.33167,0.0178765
2012-02-14,1.3149,1.5691,0.012756729174639622,1.0887316276537833,19.54,1.92,0.12,1350.5,0.3,1.04828571428571,1.07249,0.33167,0.0178765
2012-02-15,1.3087,1.571,0.012784454103809767,1.0842459069717012,21.14,1.93,0.11,1343.22998046875,0.3,1.04828571428571,1.07249,0.33167,0.0178765
2012-02-16,1.311,1.5795,0.012695188523549575,1.085894233901618,19.22,1.99,0.1,1358.0400390625,0.3,1.04828571428571,1.07249,0.33167,0.0178765
2012-02-17,1.3149,1.5813,0.012605571662674902,1.0893246187363834,17.78,2.01,0.09,1361.22998046875,0.3,1.04828571428571,1.07249,0.33167,0.0178765
2012-02-20,,,,,,,,,0.3,1.04828571428571,1.07249,0.33167,0.0178765
2012-02-21,1.3255,1.5796,0.012542330364981813,1.097213078779899,18.19,2.05,0.08,1362.2099609375,0.3,1.04828571428571,1.07249,0.33167,0.0178765
2012-02-22,1.3251,1.5677,0.012453300124533002,1.0980564401010213,18.19,2.01,0.09,1357.6600341796875,0.3,1.04828571428571,1.07249,0.33167,0.0178765
2012-02-23,1.3308,1.57,0.012467273407305824,1.1038745998454575,16.8,1.99,0.09,1363.4599609375,0.3,1.04828571428571,1.07249,0.33167,0.0178765
2012-02-24,1.3463,1.5869,0.012363996043521267,1.117443289753045,17.31,1.98,0.1,1365.739990234375,0.3,1.04828571428571,1.07249,0.33167,0.0178765
2012-02-27,1.341,1.5845,0.012434717731907486,1.1127183709803048,18.19,1.92,0.12,1367.5899658203125,0.3,1.04828571428571,1.07249,0.33167,0.0178765
2012-02-28,1.3452,1.5887,0.012431626056688214,1.1159468809284678,17.96,1.94,0.1,1372.1800537109375,0.3,1.04828571428571,1.07249,0.33167,0.0178765
2012-02-29,1.3359,1.5951,0.012330456226880395,1.108278842956888,18.43,1.98,0.08,1365.6800537109375,0.3,1.04828571428571,1.07249,0.33167,0.0178765
2012-03-01,1.332,1.5953,0.01232134056185313,1.1048502927853276,17.26,2.03,0.08,1374.0899658203125,0.29,0.858454545454546,1.03757,0.33167,0.05129925
2012-03-02,1.3202,1.5852,0.012260912211868563,1.0948105977665863,17.29,1.99,0.07,1369.6300048828125,0.29,0.858454545454546,1.03757,0.33167,0.05129925
2012-03-05,1.3226,1.587,0.012280486307257766,1.0969723562966214,18.05,2.0,0.08,1364.3299560546875,0.29,0.858454545454546,1.03757,0.33167,0.05129925
2012-03-06,1.3114,1.572,0.012367054167697254,1.0886131069018072,20.87,1.96,0.08,1343.3599853515625,0.29,0.858454545454546,1.03757,0.33167,0.05129925
2012-03-07,1.3149,1.5746,0.01233654083395016,1.0906314756243864,19.07,1.98,0.08,1352.6300048828125,0.29,0.858454545454546,1.03757,0.33167,0.05129925
2012-03-08,1.3256,1.5822,0.012269938650306749,1.0998680158380993,17.95,2.03,0.08,1365.9100341796875,0.29,0.858454545454546,1.03757,0.33167,0.05129925
2012-03-09,1.3108,1.5677,0.012108003390240948,1.0869565217391304,17.11,2.04,0.09,1370.8699951171875,0.29,0.858454545454546,1.03757,0.33167,0.05129925
2012-03-12,1.3141,1.5615,0.01216397031991242,1.0896807235480004,15.64,2.04,0.09,1371.0899658203125,0.29,0.858454545454546,1.03757,0.33167,0.05129925
2012-03-13,1.3109,1.5736,0.012097749818533753,1.087192868014786,14.8,2.14,0.08,1395.949951171875,0.29,0.858454545454546,1.03757,0.33167,0.05129925
2012-03-14,1.3025,1.5686,0.011936022917164,1.0737678513905293,15.31,2.29,0.09,1394.280029296875,0.29,0.858454545454546,1.03757,0.33167,0.05129925
2012-03-15,1.307,1.5669,0.012007684918347743,1.0827197921178,15.42,2.29,0.08,1402.5999755859375,0.29,0.858454545454546,1.03757,0.33167,0.05129925
2012-03-16,1.3171,1.5845,0.011999040076793857,1.0917030567685588,14.47,2.31,0.09,1404.1700439453125,0.29,0.858454545454546,1.03757,0.33167,0.05129925
2012-03-19,1.3242,1.5894,0.012003360941063497,1.0978153474585575,15.04,2.39,0.1,1409.75,0.29,0.858454545454546,1.03757,0.33167,0.05129925
2012-03-20,1.3222,1.5857,0.01195886151638364,1.0962508221881166,15.58,2.38,0.1,1405.52001953125,0.29,0.858454545454546,1.03757,0.33167,0.05129925
2012-03-21,1.319,1.5848,0.01195886151638364,1.0937329104232747,15.13,2.31,0.09,1402.8900146484375,0.29,0.858454545454546,1.03757,0.33167,0.05129925
2012-03-22,1.3194,1.5807,0.012121212121212121,1.094570928196147,15.57,2.29,0.08,1392.780029296875,0.29,0.858454545454546,1.03757,0.33167,0.05129925
2012-03-23,1.3263,1.5864,0.012143290831815423,1.1007154650522841,14.82,2.25,0.08,1397.1099853515625,0.29,0.858454545454546,1.03757,0.33167,0.05129925
2012-03-26,1.3328,1.5939,0.012071463061323031,1.1060723371308483,14.26,2.26,0.09,1416.510009765625,0.29,0.858454545454546,1.03757,0.33167,0.05129925
2012-03-27,1.3336,1.5972,0.012026458208057726,1.1064394777605664,15.59,2.2,0.09,1412.52001953125,0.29,0.858454545454546,1.03757,0.33167,0.05129925
2012-03-28,1.33,1.5855,0.012086052695189751,1.1032656663724625,15.47,2.21,0.09,1405.5400390625,0.29,0.858454545454546,1.03757,0.33167,0.05129925
2012-03-29,1.3265,1.5911,0.012153621779290228,1.1008366358432409,15.48,2.18,0.07,1403.280029296875,0.29,0.858454545454546,1.03757,0.33167,0.05129925
2012-03-30,1.3334,1.5985,0.012134449702705982,1.1079104808331488,15.5,2.23,0.07,1408.469970703125,0.29,0.858454545454546,1.03757,0.33167,0.05129925
2012-04-02,1.3325,1.6022,0.012171372930866602,1.1065619121389842,15.64,2.22,0.08,1419.0400390625,0.29,0.744315789473684,1.01792,0.33167,0.0136988333333333
2012-04-03,1.3337,1.5966,0.012168410805548794,1.1081560283687943,15.66,2.3,0.08,1413.3800048828125,0.29,0.744315789473684,1.01792,0.33167,0.0136988333333333
2012-04-04,1.3126,1.5879,0.012103606874848705,1.0907504363001745,16.44,2.25,0.08,1398.9599609375,0.29,0.744315789473684,1.01792,0.33167,0.0136988333333333
2012-04-05,1.3064,1.5822,0.012146240738491437,1.0869565217391304,16.7,2.19,0.08,1398.0799560546875,0.29,0.744315789473684,1.01792,0.33167,0.0136988333333333
2012-04-06,1.3089,1.5877,0.012260912211868563,1.0897994768962511,,2.07,0.07,,0.29,0.744315789473684,1.01792,0.33167,0.0136988333333333
2012-04-09,1.3087,1.5879,0.012291052114060964,1.0893246187363834,18.81,2.06,0.09,1382.199951171875,0.29,0.744315789473684,1.01792,0.33167,0.0136988333333333
2012-04-10,1.3068,1.5836,0.012354830738818878,1.0875475802066341,20.39,2.01,0.09,1358.5899658203125,0.29,0.744315789473684,1.01792,0.33167,0.0136988333333333
2012-04-11,1.3104,1.5892,0.012363996043521267,1.0911074740861975,20.02,2.05,0.09,1368.7099609375,0.29,0.744315789473684,1.01792,0.33167,0.0136988333333333
2012-04-12,1.3171,1.5939,0.012365524916532707,1.095890410958904,17.2,2.08,0.09,1387.5699462890625,0.29,0.744315789473684,1.01792,0.33167,0.0136988333333333
2012-04-13,1.3082,1.5851,0.012347203358439314,1.0882576994232234,19.55,2.02,0.09,1370.260009765625,0.29,0.744315789473684,1.01792,0.33167,0.0136988333333333
2012-04-16,1.3067,1.5865,0.012428535918468805,1.0870746820306554,19.55,2.0,0.08,1369.5699462890625,0.29,0.744315789473684,1.01792,0.33167,0.0136988333333333
2012-04-17,1.3123,1.5931,0.012388503468780971,1.09217999126256,18.46,2.03,0.08,1390.780029296875,0.29,0.744315789473684,1.01792,0.33167,0.0136988333333333
2012-04-18,1.3122,1.602,0.01230163611760364,1.0914647456887143,18.64,2.0,0.07,1385.1400146484375,0.29,0.744315789473684,1.01792,0.33167,0.0136988333333333
2012-04-19,1.3132,1.6058,0.01225940909648155,1.0922992900054616,18.36,1.98,0.07,1376.9200439453125,0.29,0.744315789473684,1.01792,0.33167,0.0136988333333333
2012-04-20,1.3212,1.6123,0.012254901960784315,1.0995052226498077,17.44,1.99,0.08,1378.530029296875,0.29,0.744315789473684,1.01792,0.33167,0.0136988333333333
2012-04-23,1.3129,1.6102,0.01232134056185313,1.0926573426573427,18.97,1.96,0.08,1366.93994140625,0.29,0.744315789473684,1.01792,0.33167,0.0136988333333333
2012-04-24,1.3207,1.6135,0.012313754463735994,1.0991426687183996,18.1,2.0,0.09,1371.969970703125,0.29,0.744315789473684,1.01792,0.33167,0.0136988333333333
2012-04-25,1.321,1.6146,0.012295585884667405,1.0992634934593823,16.82,2.01,0.09,1390.68994140625,0.29,0.744315789473684,1.01792,0.33167,0.0136988333333333
2012-04-26,1.3232,1.6188,0.012379301807378064,1.1012003083360864,16.24,1.98,0.09,1399.97998046875,0.29,0.744315789473684,1.01792,0.33167,0.0136988333333333
2012-04-27,1.3248,1.6239,0.012425447316103379,1.1030222810500772,16.32,1.96,0.09,1403.3599853515625,0.29,0.744315789473684,1.01792,0.33167,0.0136988333333333
2012-04-30,1.3229,1.6225,0.012529758175667208,1.1012003083360864,17.15,1.95,0.1,1397.9100341796875,0.29,0.744315789473684,1.01792,0.33167,0.0136988333333333
2012-05-01,1.3226,1.6221,0.012473493825620557,1.1004732034774953,16.6,1.98,0.09,1405.8199462890625,0.29,0.684909090909091,1.005,0.33167,-0.0154980555555556
2012-05-02,1.3154,1.6193,0.012470382840753212,1.0946907498631637,16.88,1.96,0.08,1402.31005859375,0.29,0.684909090909091,1.005,0.33167,-0.0154980555555556
2012-05-03,1.3147,1.6185,0.012444001991040319,1.094331363536879,17.56,1.96,0.09,1391.5699462890625,0.29,0.684909090909091,1.005,0.33167,-0.0154980555555556
2012-05-04,1.3091,1.6148,0.0125250501002004,1.0897994768962511,19.16,1.91,0.07,1369.0999755859375,0.29,0.684909090909091,1.005,0.33167,-0.0154980555555556
2012-05-07,1.3052,1.6192,0.012518778167250878,1.086484137331595,18.94,1.92,0.1,1369.5799560546875,0.29,0.684909090909091,1.005,0.33167,-0.0154980555555556
2012-05-08,1.3015,1.6159,0.012532898859506203,1.083658430862592,19.05,1.88,0.09,1363.719970703125,0.29,0.684909090909091,1.005,0.33167,-0.0154980555555556
2012-05-09,1.2954,1.613,0.012556504269211451,1.0785159620362381,20.08,1.87,0.09,1354.5799560546875,0.29,0.684909090909091,1.005,0.33167,-0.0154980555555556
2012-05-10,1.2959,1.6161,0.012514078338130397,1.0788650339842487,18.83,1.89,0.1,1357.989990234375,0.29,0.684909090909091,1.005,0.33167,-0.0154980555555556
2012-05-11,1.2937,1.608,0.01252191334835963,1.0772379618657761,19.89,1.84,0.1,1353.3900146484375,0.29,0.684909090909091,1.005,0.33167,-0.0154980555555556
2012-05-14,1.2847,1.6116,0.012526619065514218,1.0696331158412664,21.87,1.78,0.1,1338.3499755859375,0.29,0.684909090909091,1.005,0.33167,-0.0154980555555556
2012-05-15,1.2769,1.6025,0.012485953302534648,1.063264221158958,21.97,1.76,0.09,1330.6600341796875,0.29,0.684909090909091,1.005,0.33167,-0.0154980555555556
2012-05-16,1.273,1.5933,0.012450199203187252,1.0598834128245893,22.27,1.76,0.1,1324.800048828125,0.29,0.684909090909091,1.005,0.33167,-0.0154980555555556
2012-05-17,1.2709,1.5823,0.012616704516780217,1.0582010582010584,24.49,1.7,0.1,1304.8599853515625,0.29,0.684909090909091,1.005,0.33167,-0.0154980555555556
2012-05-18,1.2721,1.5788,0.012635835228708618,1.0590976488032195,25.1,1.71,0.08,1295.219970703125,0.29,0.684909090909091,1.005,0.33167,-0.0154980555555556
2012-05-21,1.2769,1.579,0.012608750472828143,1.06315118009781,22.01,1.75,0.09,1315.989990234375,0.29,0.684909090909091,1.005,0.33167,-0.0154980555555556
2012-05-22,1.2735,1.5775,0.01250312578144536,1.060332944544587,22.48,1.79,0.09,1316.6300048828125,0.29,0.684909090909091,1.005,0.33167,-0.0154980555555556
2012-05-23,1.2569,1.5691,0.012605571662674902,1.0465724751439036,22.33,1.73,0.09,1318.8599853515625,0.29,0.684909090909091,1.005,0.33167,-0.0154980555555556
2012-05-24,1.2583,1.5698,0.012583364791745313,1.0462439840970914,21.54,1.77,0.1,1320.6800537109375,0.29,0.684909090909091,1.005,0.33167,-0.0154980555555556
2012-05-25,1.2518,1.5648,0.012556504269211451,1.042535446205171,21.76,1.75,0.09,1317.8199462890625,0.29,0.684909090909091,1.005,0.33167,-0.0154980555555556
2012-05-28,,,,,,,,,0.29,0.684909090909091,1.005,0.33167,-0.0154980555555556
2012-05-29,1.2488,1.563,0.012588116817724069,1.0398253093480296,21.03,1.74,0.09,1332.4200439453125,0.29,0.684909090909091,1.005,0.33167,-0.0154980555555556
2012-05-30,1.2405,1.5532,0.012669453946534903,1.032844453625284,24.14,1.63,0.07,1313.3199462890625,0.29,0.684909090909091,1.005,0.33167,-0.0154980555555556
2012-05-31,1.2364,1.5405,0.012773023374632774,1.0295480284155256,24.06,1.59,0.07,1310.3299560546875,0.29,0.684909090909091,1.005,0.33167,-0.0154980555555556
2012-06-01,1.242,1.5383,0.012786088735455826,1.0340192327577293,26.66,1.47,0.07,1278.0400390625,0.32,0.658857142857143,0.94978,0.33455,-0.0573110588235294
2012-06-04,1.2495,1.5382,0.01277139208173691,1.040582726326743,26.12,1.53,0.08,1278.1800537109375,0.32,0.658857142857143,0.94978,0.33455,-0.0573110588235294
2012-06-05,1.2437,1.5355,0.012727504136438845,1.035625517812759,24.68,1.57,0.08,1285.5,0.32,0.658857142857143,0.94978,0.33455,-0.0573110588235294
2012-06-06,1.2535,1.5475,0.012640626975097964,1.043950307965341,22.16,1.66,0.09,1315.1300048828125,0.32,0.658857142857143,0.94978,0.33455,-0.0573110588235294
2012-06-07,1.2568,1.5557,0.012551776076314799,1.0462439840970914,21.72,1.66,0.09,1314.989990234375,0.32,0.658857142857143,0.94978,0.33455,-0.0573110588235294
2012-06-08,1.2482,1.5433,0.012583364791745313,1.0395010395010396,21.23,1.65,0.09,1325.6600341796875,0.32,0.658857142857143,0.94978,0.33455,-0.0573110588235294
2012-06-11,1.2504,1.5515,0.012578616352201259,1.0412328196584757,23.56,1.6,0.09,1308.9300537109375,0.32,0.658857142857143,0.94978,0.33455,-0.0573110588235294
2012-06-12,1.2477,1.5562,0.012588116817724069,1.0390689941812137,22.09,1.67,0.1,1324.1800537109375,0.32,0.658857142857143,0.94978,0.33455,-0.0573110588235294
2012-06-13,1.2596,1.5557,0.012602394454946441,1.0489877268435959,24.27,1.61,0.1,1314.8800048828125,0.32,0.658857142857143,0.94978,0.33455,-0.0573110588235294
2012-06-14,1.2608,1.5533,0.01261193088661874,1.0498687664041995,21.68,1.64,0.11,1329.0999755859375,0.32,0.658857142857143,0.94978,0.33455,-0.0573110588235294
2012-06-15,1.2633,1.5654,0.012714558169103623,1.051967178624027,21.11,1.6,0.09,1342.8399658203125,0.32,0.658857142857143,0.94978,0.33455,-0.0573110588235294
2012-06-18,1.2578,1.5665,0.012666244458518048,1.0474494605635278,18.32,1.59,0.1,1344.780029296875,0.32,0.658857142857143,0.94978,0.33455,-0.0573110588235294
2012-06-19,1.2692,1.5732,0.012671059300557527,1.056970721911003,18.38,1.64,0.09,1357.97998046875,0.32,0.658857142857143,0.94978,0.33455,-0.0573110588235294
2012-06-20,1.2703,1.575,0.012572290671360321,1.0578652279699565,17.24,1.65,0.09,1355.68994140625,0.32,0.658857142857143,0.94978,0.33455,-0.0573110588235294
2012-06-21,1.2586,1.5633,0.012471938139186829,1.0479983232026828,20.08,1.63,0.09,1325.510009765625,0.32,0.658857142857143,0.94978,0.33455,-0.0573110588235294
2012-06-22,1.2545,1.5582,0.012419274714356682,1.0447137484329294,18.11,1.69,0.09,1335.02001953125,0.32,0.658857142857143,0.94978,0.33455,-0.0573110588235294
2012-06-25,1.248,1.5555,0.012578616352201259,1.0393929944912172,20.38,1.63,0.1,1313.719970703125,0.32,0.658857142857143,0.94978,0.33455,-0.0573110588235294
2012-06-26,1.2471,1.562,0.012584948401711553,1.0384215991692627,19.72,1.66,0.1,1319.989990234375,0.32,0.658857142857143,0.94978,0.33455,-0.0573110588235294
2012-06-27,1.2457,1.5549,0.012526619065514218,1.0371292263015972,19.45,1.65,0.09,1331.8499755859375,0.32,0.658857142857143,0.94978,0.33455,-0.0573110588235294
2012-06-28,1.2433,1.5503,0.012602394454946441,1.0350895352447986,19.71,1.6,0.09,1329.0400390625,0.32,0.658857142857143,0.94978,0.33455,-0.0573110588235294
2012-06-29,1.2668,1.5686,0.012529758175667208,1.0542962572482868,17.08,1.67,0.09,1362.1600341796875,0.32,0.658857142857143,0.94978,0.33455,-0.0573110588235294
2012-07-02,1.2584,1.5679,0.012591286829513977,1.0477787091366304,16.8,1.61,0.1,1365.510009765625,0.3,0.497045454545455,0.81735,0.32727,-0.173395066666667
2012-07-03,1.262,1.5702,0.012536041118214868,1.0507512871703268,16.66,1.65,0.09,1374.02001953125,0.3,0.497045454545455,0.81735,0.32727,-0.173395066666667
2012-07-04,,,,,,,,,0.3,0.497045454545455,0.81735,0.32727,-0.173395066666667
2012-07-05,1.2384,1.5531,0.012507817385866166,1.031140441328109,17.5,1.62,0.08,1367.5799560546875,0.3,0.497045454545455,0.81735,0.32727,-0.173395066666667
2012-07-06,1.2283,1.548,0.012561236025624922,1.0228086325048584,17.1,1.57,0.08,1354.6800537109375,0.3,0.497045454545455,0.81735,0.32727,-0.173395066666667
2012-07-09,1.2299,1.5507,0.012553351744915894,1.0241704219582137,17.98,1.53,0.09,1352.4599609375,0.3,0.497045454545455,0.81735,0.32727,-0.173395066666667
2012-07-10,1.2255,1.5506,0.012588116817724069,1.0206164523372117,18.72,1.53,0.09,1341.469970703125,0.3,0.497045454545455,0.81735,0.32727,-0.173395066666667
2012-07-11,1.2244,1.5532,0.012547051442910916,1.0195758564437194,17.95,1.54,0.1,1341.449951171875,0.3,0.497045454545455,0.81735,0.32727,-0.173395066666667
2012-07-12,1.2199,1.5425,0.01261193088661874,1.015950421619425,18.33,1.5,0.1,1334.760009765625,0.3,0.497045454545455,0.81735,0.32727,-0.173395066666667
2012-07-13,1.2232,1.555,0.012626262626262626,1.0186411327289395,16.74,1.52,0.1,1356.780029296875,0.3,0.497045454545455,0.81735,0.32727,-0.173395066666667
2012-07-16,1.2267,1.5635,0.012690355329949238,1.021346134204882,17.11,1.5,0.1,1353.6400146484375,0.3,0.497045454545455,0.81735,0.32727,-0.173395066666667
2012-07-17,1.2234,1.5613,0.012651821862348178,1.0185373803218578,16.48,1.53,0.1,1363.6700439453125,0.3,0.497045454545455,0.81735,0.32727,-0.173395066666667
2012-07-18,1.2261,1.5636,0.012691965985531158,1.0209290454313424,16.16,1.52,0.09,1372.780029296875,0.3,0.497045454545455,0.81735,0.32727,-0.173395066666667
2012-07-19,1.2257,1.5719,0.012722646310432571,1.0206164523372117,15.45,1.54,0.09,1376.510009765625,0.3,0.497045454545455,0.81735,0.32727,-0.173395066666667
2012-07-20,1.2176,1.563,0.01274047649382087,1.0138902970698571,16.27,1.49,0.09,1362.6600341796875,0.3,0.497045454545455,0.81735,0.32727,-0.173395066666667
2012-07-23,1.2126,1.5512,0.012758356723653995,1.0096930533117934,18.62,1.47,0.1,1350.52001953125,0.3,0.497045454545455,0.81735,0.32727,-0.173395066666667
2012-07-24,1.2062,1.5521,0.01278935925310142,1.0043185698503565,20.47,1.44,0.1,1338.31005859375,0.3,0.497045454545455,0.81735,0.32727,-0.173395066666667
2012-07-25,1.2132,1.5479,0.012786088735455826,1.0102030508132134,19.34,1.43,0.1,1337.8900146484375,0.3,0.497045454545455,0.81735,0.32727,-0.173395066666667
2012-07-26,1.228,1.5683,0.01278118609406953,1.0224948875255624,17.53,1.45,0.11,1360.02001953125,0.3,0.497045454545455,0.81735,0.32727,-0.173395066666667
2012-07-27,1.237,1.5728,0.012730744748567792,1.0299721907508497,16.7,1.58,0.11,1385.969970703125,0.3,0.497045454545455,0.81735,0.32727,-0.173395066666667
2012-07-30,1.225,1.5694,0.01278772378516624,1.0199918400652794,18.03,1.53,0.11,1385.300048828125,0.3,0.497045454545455,0.81735,0.32727,-0.173395066666667
2012-07-31,1.2315,1.5686,0.012804097311139566,1.0253255408592228,18.93,1.51,0.11,1379.3199462890625,0.3,0.497045454545455,0.81735,0.32727,-0.173395066666667
2012-08-01,1.2299,1.5596,0.01278935925310142,1.0238558410975735,18.96,1.56,0.1,1375.3199462890625,0.26,0.332391304347826,0.70481,0.32727,-0.207230666666667
2012-08-02,1.2149,1.55,0.012784454103809767,1.0115314586283632,17.57,1.51,0.09,1365.0,0.26,0.332391304347826,0.70481,0.32727,-0.207230666666667
2012-08-03,1.239,1.565,0.012722646310432571,1.0312467773538208,15.64,1.6,0.09,1390.989990234375,0.26,0.332391304347826,0.70481,0.32727,-0.207230666666667
2012-08-06,1.2422,1.5625,0.01279263144428809,1.034233116144379,15.95,1.59,0.1,1394.22998046875,0.26,0.332391304347826,0.70481,0.32727,-0.207230666666667
2012-08-07,1.2422,1.5658,0.012704865963664084,1.0339123242349049,15.99,1.66,0.11,1401.3499755859375,0.26,0.332391304347826,0.70481,0.32727,-0.207230666666667
2012-08-08,1.2364,1.5659,0.012748597654258032,1.0294420424130122,15.32,1.68,0.11,1402.219970703125,0.26,0.332391304347826,0.70481,0.32727,-0.207230666666667
2012-08-09,1.2278,1.5623,0.01271617497456765,1.022390348635109,15.28,1.69,0.11,1402.800048828125,0.26,0.332391304347826,0.70481,0.32727,-0.207230666666667
2012-08-10,1.2298,1.5679,0.01278118609406953,1.0241704219582137,14.74,1.65,0.1,1405.8699951171875,0.26,0.332391304347826,0.70481,0.32727,-0.207230666666667
2012-08-13,1.2339,1.569,0.012764871074802144,1.0274324463166546,13.7,1.65,0.11,1404.1099853515625,0.26,0.332391304347826,0.70481,0.32727,-0.207230666666667
2012-08-14,1.2329,1.5692,0.012687135244861711,1.0264832683227263,14.85,1.73,0.11,1403.9300537109375,0.26,0.332391304347826,0.70481,0.32727,-0.207230666666667
2012-08-15,1.2288,1.5686,0.012675877804537964,1.023122570083896,14.63,1.8,0.09,1405.530029296875,0.26,0.332391304347826,0.70481,0.32727,-0.207230666666667
2012-08-16,1.2356,1.5738,0.012618296529968454,1.0289124395513942,14.29,1.83,0.09,1415.510009765625,0.26,0.332391304347826,0.70481,0.32727,-0.207230666666667
2012-08-17,1.2315,1.5697,0.012578616352201259,1.0254306808859721,13.45,1.81,0.09,1418.1600341796875,0.26,0.332391304347826,0.70481,0.32727,-0.207230666666667
2012-08-20,1.2343,1.5707,0.012592872434202242,1.027749229188078,14.02,1.82,0.11,1418.1300048828125,0.26,0.332391304347826,0.70481,0.32727,-0.207230666666667
2012-08-21,1.2472,1.5788,0.012589701624071508,1.0384215991692627,15.02,1.8,0.11,1413.1700439453125,0.26,0.332391304347826,0.70481,0.32727,-0.207230666666667
2012-08-22,1.2472,1.58,0.012627857052658164,1.038637307852098,15.11,1.71,0.11,1413.489990234375,0.26,0.332391304347826,0.70481,0.32727,-0.207230666666667
2012-08-23,1.2583,1.5882,0.012745347947998982,1.0479983232026828,15.96,1.68,0.11,1402.0799560546875,0.26,0.332391304347826,0.70481,0.32727,-0.207230666666667
2012-08-24,1.2533,1.5815,0.012714558169103623,1.0437323870159692,15.18,1.68,0.1,1411.1300048828125,0.26,0.332391304347826,0.70481,0.32727,-0.207230666666667
2012-08-27,1.2514,1.58,0.01271132579128003,1.0419922892570594,16.35,1.65,0.11,1410.43994140625,0.26,0.332391304347826,0.70481,0.32727,-0.207230666666667
2012-08-28,1.2564,1.5828,0.012738853503184714,1.0462439840970914,16.49,1.64,0.1,1409.300048828125,0.26,0.332391304347826,0.70481,0.32727,-0.207230666666667
2012-08-29,1.2538,1.5839,0.012703252032520325,1.044059302568386,17.06,1.66,0.12,1410.489990234375,0.26,0.332391304347826,0.70481,0.32727,-0.207230666666667
2012-08-30,1.2497,1.5794,0.012730744748567792,1.0407993338884263,17.83,1.63,0.1,1399.47998046875,0.26,0.332391304347826,0.70481,0.32727,-0.207230666666667
2012-08-31,1.2578,1.5864,0.01277139208173691,1.0475591870940708,17.47,1.57,0.09,1406.5799560546875,0.26,0.332391304347826,0.70481,0.32727,-0.207230666666667
2012-09-03,,,,,,,,,0.24,0.2463,0.64803,0.32727,-0.150658058823529
2012-09-04,1.2566,1.5889,0.012763241863433313,1.0462439840970914,17.98,1.59,0.1,1404.93994140625,0.24,0.2463,0.64803,0.32727,-0.150658058823529
2012-09-05,1.2603,1.5907,0.012764871074802144,1.0473397570171763,17.74,1.6,0.11,1403.43994140625,0.24,0.2463,0.64803,0.32727,-0.150658058823529
2012-09-06,1.2626,1.5922,0.012664640324214793,1.048327916972429,15.6,1.68,0.11,1432.1199951171875,0.24,0.2463,0.64803,0.32727,-0.150658058823529
2012-09-07,1.2796,1.6016,0.012797542871768621,1.0579771476936097,14.38,1.67,0.11,1437.9200439453125,0.24,0.2463,0.64803,0.32727,-0.150658058823529
2012-09-10,1.2795,1.6009,0.01278118609406953,1.0595465140919686,16.28,1.68,0.1,1429.0799560546875,0.24,0.2463,0.64803,0.32727,-0.150658058823529
2012-09-11,1.2858,1.6071,0.012856775520699408,1.0653030787258975,16.41,1.7,0.1,1433.56005859375,0.24,0.2463,0.64803,0.32727,-0.150658058823529
2012-09-12,1.2894,1.6111,0.012843565373747753,1.0665529010238908,15.8,1.77,0.1,1436.56005859375,0.24,0.2463,0.64803,0.32727,-0.150658058823529
2012-09-13,1.2912,1.6125,0.01291822761917065,1.06439595529537,14.05,1.75,0.1,1459.989990234375,0.24,0.2463,0.64803,0.32727,-0.150658058823529
2012-09-14,1.3142,1.6244,0.012784454103809767,1.081081081081081,14.51,1.88,0.11,1465.77001953125,0.24,0.2463,0.64803,0.32727,-0.150658058823529
2012-09-17,1.3125,1.6263,0.012709710218607015,1.0792143319663285,14.59,1.85,0.11,1461.18994140625,0.24,0.2463,0.64803,0.32727,-0.150658058823529
2012-09-18,1.3051,1.6251,0.012724265173686218,1.0766580534022394,14.18,1.82,0.1,1459.3199462890625,0.24,0.2463,0.64803,0.32727,-0.150658058823529
2012-09-19,1.3065,1.6219,0.012755102040816325,1.0792143319663285,13.88,1.79,0.11,1461.050048828125,0.24,0.2463,0.64803,0.32727,-0.150658058823529
2012-09-20,1.2948,1.6198,0.01277139208173691,1.0711225364181662,14.07,1.8,0.11,1460.260009765625,0.24,0.2463,0.64803,0.32727,-0.150658058823529
2012-09-21,1.299,1.6251,0.01279263144428809,1.0721561059290232,13.98,1.77,0.11,1460.1500244140625,0.24,0.2463,0.64803,0.32727,-0.150658058823529
2012-09-24,1.2909,1.6199,0.012836970474967907,1.0671219720414042,14.15,1.74,0.11,1456.8900146484375,0.24,0.2463,0.64803,0.32727,-0.150658058823529
2012-09-25,1.2945,1.6232,0.01283532280836863,1.069747539580659,15.43,1.7,0.11,1441.5899658203125,0.24,0.2463,0.64803,0.32727,-0.150658058823529
2012-09-26,1.2852,1.6145,0.012856775520699408,1.0637166258908626,16.81,1.64,0.11,1433.3199462890625,0.24,0.2463,0.64803,0.32727,-0.150658058823529
2012-09-27,1.2874,1.6217,0.012883277505797474,1.0651896037494675,14.84,1.66,0.09,1447.1500244140625,0.24,0.2463,0.64803,0.32727,-0.150658058823529
2012-09-28,1.2856,1.6132,0.012833675564681724,1.0638297872340425,15.73,1.65,0.1,1440.6700439453125,0.24,0.2463,0.64803,0.32727,-0.150658058823529
2012-10-01,1.29,1.6142,0.01282051282051282,1.0665529010238908,16.32,1.64,0.09,1444.489990234375,0.23,0.207913043478261,0.54397,0.32636,-0.06339775
2012-10-02,1.2951,1.6186,0.01281886937572106,1.070434596446157,15.71,1.64,0.09,1445.75,0.23,0.207913043478261,0.54397,0.32636,-0.06339775
2012-10-03,1.2909,1.6077,0.012727504136438845,1.0658708164570454,15.43,1.64,0.09,1450.989990234375,0.23,0.207913043478261,0.54397,0.32636,-0.06339775
2012-10-04,1.3001,1.6165,0.012748597654258032,1.07342206955775,14.55,1.7,0.1,1461.4000244140625,0.23,0.207913043478261,0.54397,0.32636,-0.06339775
2012-10-05,1.3059,1.6196,0.012712941774726672,1.077121930202499,14.33,1.75,0.11,1460.9300537109375,0.23,0.207913043478261,0.54397,0.32636,-0.06339775
2012-10-08,,,,,15.11,,,1455.8800048828125,0.23,0.207913043478261,0.54397,0.32636,-0.06339775
2012-10-09,1.2876,1.5987,0.012782819890067748,1.0638297872340425,16.37,1.74,0.1,1441.47998046875,0.23,0.207913043478261,0.54397,0.32636,-0.06339775
2012-10-10,1.2888,1.6007,0.01277791975466394,1.0647359454855196,16.29,1.72,0.1,1432.56005859375,0.23,0.207913043478261,0.54397,0.32636,-0.06339775
2012-10-11,1.2928,1.6028,0.012748597654258032,1.0691756655618518,15.59,1.7,0.1,1432.8399658203125,0.23,0.207913043478261,0.54397,0.32636,-0.06339775
2012-10-12,1.2946,1.6075,0.012769761205465458,1.0713520462824084,16.14,1.69,0.11,1428.5899658203125,0.23,0.207913043478261,0.54397,0.32636,-0.06339775
2012-10-15,1.295,1.6069,0.012696800406297613,1.0718113612004287,15.27,1.7,0.11,1440.1300048828125,0.23,0.207913043478261,0.54397,0.32636,-0.06339775
2012-10-16,1.3036,1.6101,0.012671059300557527,1.0783996549121104,15.22,1.75,0.09,1454.9200439453125,0.23,0.207913043478261,0.54397,0.32636,-0.06339775
2012-10-17,1.3133,1.6165,0.012700025400050802,1.0849517196484757,15.07,1.83,0.11,1460.9100341796875,0.23,0.207913043478261,0.54397,0.32636,-0.06339775
2012-10-18,1.3106,1.6141,0.012619888944977285,1.0840108401084012,15.03,1.86,0.1,1457.3399658203125,0.23,0.207913043478261,0.54397,0.32636,-0.06339775
2012-10-19,1.3022,1.6003,0.012616704516780217,1.0768899418479432,17.06,1.79,0.1,1433.18994140625,0.23,0.207913043478261,0.54397,0.32636,-0.06339775
2012-10-22,1.3063,1.6028,0.0125250501002004,1.0795638562020944,16.62,1.83,0.1,1433.8199462890625,0.23,0.207913043478261,0.54397,0.32636,-0.06339775
2012-10-23,1.2971,1.5932,0.012532898859506203,1.0720411663807892,18.83,1.79,0.11,1413.1099853515625,0.23,0.207913043478261,0.54397,0.32636,-0.06339775
2012-10-24,1.2946,1.6015,0.012528188423953897,1.070434596446157,18.33,1.8,0.11,1408.75,0.23,0.207913043478261,0.54397,0.32636,-0.06339775
2012-10-25,1.2958,1.6119,0.01249375312343828,1.0711225364181662,18.12,1.86,0.11,1412.969970703125,0.23,0.207913043478261,0.54397,0.32636,-0.06339775
2012-10-26,1.2938,1.6098,0.01255808112520407,1.069747539580659,17.81,1.78,0.12,1411.93994140625,0.23,0.207913043478261,0.54397,0.32636,-0.06339775
2012-10-29,1.2906,1.6025,0.012529758175667208,1.067691650651292,,1.74,0.14,,0.23,0.207913043478261,0.54397,0.32636,-0.06339775
2012-10-30,1.2979,1.6083,0.012565971349585323,1.074229240519927,,,,,0.23,0.207913043478261,0.54397,0.32636,-0.06339775
2012-10-31,1.2958,1.6111,0.012509382036527395,1.073998496402105,18.6,1.72,0.11,1412.1600341796875,0.23,0.207913043478261,0.54397,0.32636,-0.06339775
2012-11-01,1.2937,1.6142,0.012478163214374845,1.0722710701265281,16.69,1.75,0.09,1427.5899658203125,0.23,0.192,0.52452,0.31818,-0.144987368421053
2012-11-02,1.2848,1.6036,0.012417732522041475,1.0642826734780757,17.59,1.75,0.09,1414.199951171875,0.23,0.192,0.52452,0.31818,-0.144987368421053
2012-11-05,1.279,1.5977,0.012473493825620557,1.0599957600169598,18.42,1.72,0.11,1417.260009765625,0.23,0.192,0.52452,0.31818,-0.144987368421053
2012-11-06,1.2818,1.5985,0.01245640259093174,1.061120543293718,17.58,1.78,0.1,1428.3900146484375,0.23,0.192,0.52452,0.31818,-0.144987368421053
2012-11-07,1.2759,1.5975,0.012523481527864748,1.0577533319229955,19.08,1.68,0.1,1394.530029296875,0.23,0.192,0.52452,0.31818,-0.144987368421053
2012-11-08,1.274,1.5979,0.012540757461750691,1.056859015007398,18.49,1.62,0.1,1377.510009765625,0.23,0.192,0.52452,0.31818,-0.144987368421053
2012-11-09,1.2715,1.5912,0.012584948401711553,1.0545186122535062,18.61,1.61,0.09,1379.8499755859375,0.23,0.192,0.52452,0.31818,-0.144987368421053
2012-11-12,,,,,16.68,,,1380.030029296875,0.23,0.192,0.52452,0.31818,-0.144987368421053
2012-11-13,1.2716,1.5885,0.012591286829513977,1.0559662090813096,16.65,1.59,0.11,1374.530029296875,0.23,0.192,0.52452,0.31818,-0.144987368421053
2012-11-14,1.274,1.5849,0.012468827930174562,1.0582010582010584,17.92,1.59,0.1,1355.489990234375,0.23,0.192,0.52452,0.31818,-0.144987368421053
2012-11-15,1.2783,1.5865,0.01232134056185313,1.0617965597791463,17.99,1.58,0.08,1353.3299560546875,0.23,0.192,0.52452,0.31818,-0.144987368421053
2012-11-16,1.2715,1.5866,0.012303149606299212,1.0557432432432432,16.41,1.58,0.06,1359.8800048828125,0.23,0.192,0.52452,0.31818,-0.144987368421053
2012-11-19,1.2806,1.5908,0.012318305001231829,1.0633772862611655,15.24,1.61,0.09,1386.8900146484375,0.23,0.192,0.52452,0.31818,-0.144987368421053
2012-11-20,1.2814,1.5927,0.012236906510034264,1.0634903754121026,15.08,1.66,0.08,1387.81005859375,0.23,0.192,0.52452,0.31818,-0.144987368421053
2012-11-21,1.2816,1.5936,0.012141816415735794,1.0645092612305727,15.31,1.69,0.1,1391.030029296875,0.23,0.192,0.52452,0.31818,-0.144987368421053
2012-11-22,,,,,,,,,0.23,0.192,0.52452,0.31818,-0.144987368421053
2012-11-23,1.2959,1.6032,0.012144765606023802,1.0757314974182444,15.14,1.7,0.1,1409.1500244140625,0.23,0.192,0.52452,0.31818,-0.144987368421053
2012-11-26,1.2966,1.6014,0.01217878455730118,1.077121930202499,15.5,1.66,0.1,1406.2900390625,0.23,0.192,0.52452,0.31818,-0.144987368421053
2012-11-27,1.294,1.6028,0.012161011796181441,1.0741138560687433,15.92,1.64,0.1,1398.93994140625,0.23,0.192,0.52452,0.31818,-0.144987368421053
2012-11-28,1.2923,1.5997,0.012218963831867057,1.0737678513905293,15.51,1.63,0.1,1409.9300537109375,0.23,0.192,0.52452,0.31818,-0.144987368421053
2012-11-29,1.2953,1.6026,0.012186205215695831,1.0760787689658884,15.06,1.62,0.09,1415.949951171875,0.23,0.192,0.52452,0.31818,-0.144987368421053
2012-11-30,1.301,1.6027,0.0121153380179307,1.079447322970639,15.87,1.62,0.08,1416.1800537109375,0.23,0.192,0.52452,0.31818,-0.144987368421053
2012-12-03,1.3066,1.6104,0.012159533073929961,1.081081081081081,16.64,1.63,0.1,1409.4599609375,0.24,0.185473684210526,0.51848,0.30818,-0.051343
2012-12-04,1.3081,1.6097,0.012215978499877841,1.0785159620362381,17.12,1.62,0.1,1407.050048828125,0.24,0.185473684210526,0.51848,0.30818,-0.051343
2012-12-05,1.3077,1.6102,0.012135922330097087,1.0796804145972791,16.46,1.6,0.1,1409.280029296875,0.24,0.185473684210526,0.51848,0.30818,-0.051343
2012-12-06,1.2968,1.6066,0.012152144853566653,1.0718113612004287,16.58,1.59,0.1,1413.93994140625,0.24,0.185473684210526,0.51848,0.30818,-0.051343
2012-12-07,1.2942,1.6031,0.012140342357654486,1.0714668381013608,15.9,1.64,0.09,1418.0699462890625,0.24,0.185473684210526,0.51848,0.30818,-0.051343
2012-12-10,1.293,1.6068,0.012140342357654486,1.0718113612004287,16.05,1.63,0.09,1418.550048828125,0.24,0.185473684210526,0.51848,0.30818,-0.051343
2012-12-11,1.2992,1.6103,0.012132977432661975,1.0714668381013608,15.57,1.66,0.08,1427.8399658203125,0.24,0.185473684210526,0.51848,0.30818,-0.051343
2012-12-12,1.3038,1.6132,0.012033694344163659,1.0768899418479432,15.95,1.72,0.07,1428.47998046875,0.24,0.185473684210526,0.51848,0.30818,-0.051343
2012-12-13,1.3077,1.613,0.011970313622216901,1.0818998160770312,16.56,1.74,0.06,1419.449951171875,0.24,0.185473684210526,0.51848,0.30818,-0.051343
2012-12-14,1.3134,1.6139,0.011973180076628353,1.087429317094389,17.0,1.72,0.04,1413.5799560546875,0.24,0.185473684210526,0.51848,0.30818,-0.051343
2012-12-17,1.3169,1.6203,0.01194743130227001,1.090037061260083,16.34,1.78,0.05,1430.3599853515625,0.24,0.185473684210526,0.51848,0.30818,-0.051343
2012-12-18,1.3224,1.6256,0.011904761904761904,1.095290251916758,15.57,1.84,0.06,1446.7900390625,0.24,0.185473684210526,0.51848,0.30818,-0.051343
2012-12-19,1.326,1.6275,0.011859582542694497,1.0970927043335161,17.36,1.82,0.05,1435.81005859375,0.24,0.185473684210526,0.51848,0.30818,-0.051343
2012-12-20,1.3224,1.6268,0.011858176212498519,1.095290251916758,17.67,1.81,0.06,1443.68994140625,0.24,0.185473684210526,0.51848,0.30818,-0.051343
2012-12-21,1.3166,1.6167,0.011890606420927468,1.0902747492368077,17.84,1.77,0.06,1430.1500244140625,0.24,0.185473684210526,0.51848,0.30818,-0.051343
2012-12-24,1.3179,1.6113,0.011791062374719961,1.0915838882218099,17.84,1.79,0.06,1426.6600341796875,0.24,0.185473684210526,0.51848,0.30818,-0.051343
2012-12-25,,,,,,,,,0.24,0.185473684210526,0.51848,0.30818,-0.051343
2012-12-26,1.3228,1.6118,0.011679514132212099,1.0955302366345312,19.48,1.77,0.09,1419.8299560546875,0.24,0.185473684210526,0.51848,0.30818,-0.051343
2012-12-27,1.3228,1.6106,0.011619800139437602,1.094331363536879,19.47,1.74,0.08,1418.0999755859375,0.24,0.185473684210526,0.51848,0.30818,-0.051343
2012-12-28,1.322,1.6157,0.011611704598235021,1.095290251916758,22.72,1.73,0.01,1402.4300537109375,0.24,0.185473684210526,0.51848,0.30818,-0.051343
2012-12-31,1.3186,1.6262,0.011542012927054477,1.0922992900054616,18.02,1.78,0.05,1426.18994140625,0.24,0.185473684210526,0.51848,0.30818,-0.051343
2013-01-01,,,,,,,,,0.23,0.204909090909091,0.51228,0.29182,-0.1080856
2013-01-02,1.3195,1.6255,0.011481056257175661,1.0909884355225834,14.68,1.86,0.08,1462.4200439453125,0.23,0.204909090909091,0.51228,0.29182,-0.1080856
2013-01-03,1.311,1.6151,0.011504832029452369,1.0843634786380394,14.56,1.92,0.08,1459.3699951171875,0.23,0.204909090909091,0.51228,0.29182,-0.1080856
2013-01-04,1.3047,1.6036,0.011345586566825504,1.0796804145972791,13.83,1.93,0.07,1466.469970703125,0.23,0.204909090909091,0.51228,0.29182,-0.1080856
2013-01-07,1.3099,1.608,0.011405109489051095,1.0837758751490192,13.79,1.92,0.07,1461.8900146484375,0.23,0.204909090909091,0.51228,0.29182,-0.1080856
2013-01-08,1.3068,1.604,0.011453441759248654,1.081081081081081,13.62,1.89,0.07,1457.1500244140625,0.23,0.204909090909091,0.51228,0.29182,-0.1080856
2013-01-09,1.3078,1.6024,0.011376564277588168,1.081782778018174,13.81,1.88,0.06,1461.02001953125,0.23,0.204909090909091,0.51228,0.29182,-0.1080856
2013-01-10,1.322,1.6125,0.011343012704174229,1.0914647456887143,13.49,1.91,0.06,1472.1199951171875,0.23,0.204909090909091,0.51228,0.29182,-0.1080856
2013-01-11,1.3353,1.6128,0.011208249271463798,1.0964912280701753,13.36,1.89,0.07,1472.050048828125,0.23,0.204909090909091,0.51228,0.29182,-0.1080856
2013-01-14,1.3369,1.6077,0.011193194537721066,1.090037061260083,13.52,1.89,0.08,1470.6800537109375,0.23,0.204909090909091,0.51228,0.29182,-0.1080856
2013-01-15,1.3342,1.6089,0.011280315848843767,1.0781671159029649,13.55,1.86,0.09,1472.3399658203125,0.23,0.204909090909091,0.51228,0.29182,-0.1080856
2013-01-16,1.3305,1.6009,0.01128158844765343,1.0737678513905293,13.42,1.84,0.08,1472.6300048828125,0.23,0.204909090909091,0.51228,0.29182,-0.1080856
2013-01-17,1.3356,1.5991,0.011184431271669836,1.0716964955524595,13.57,1.89,0.07,1480.93994140625,0.23,0.204909090909091,0.51228,0.29182,-0.1080856
2013-01-18,1.3303,1.5876,0.011123470522803113,1.0699764605178685,12.46,1.87,0.08,1485.97998046875,0.23,0.204909090909091,0.51228,0.29182,-0.1080856
2013-01-21,,,,,,,,,0.23,0.204909090909091,0.51228,0.29182,-0.1080856
2013-01-22,1.3304,1.5862,0.011284134506883321,1.0778184953653804,12.43,1.86,0.08,1492.56005859375,0.23,0.204909090909091,0.51228,0.29182,-0.1080856
2013-01-23,1.3308,1.5848,0.011307100859339666,1.0758472296933836,12.46,1.86,0.08,1494.81005859375,0.23,0.204909090909091,0.51228,0.29182,-0.1080856
2013-01-24,1.3378,1.5789,0.011106175033318524,1.0766580534022394,12.69,1.88,0.08,1494.8199462890625,0.23,0.204909090909091,0.51228,0.29182,-0.1080856
2013-01-25,1.3456,1.5799,0.010984182776801405,1.0808473843493298,12.89,1.98,0.08,1502.9599609375,0.23,0.204909090909091,0.51228,0.29182,-0.1080856
2013-01-28,1.3459,1.5686,0.011021712774165105,1.0785159620362381,13.57,2.0,0.07,1500.1800537109375,0.23,0.204909090909091,0.51228,0.29182,-0.1080856
2013-01-29,1.3484,1.5751,0.011031439602868174,1.0850694444444444,13.31,2.03,0.07,1507.8399658203125,0.23,0.204909090909091,0.51228,0.29182,-0.1080856
2013-01-30,1.3564,1.5793,0.010982976386600769,1.0960105217010083,14.32,2.03,0.07,1501.9599609375,0.23,0.204909090909091,0.51228,0.29182,-0.1080856
2013-01-31,1.3584,1.5856,0.010955302366345312,1.0997470581766193,14.28,2.02,0.07,1498.1099853515625,0.23,0.204909090909091,0.51228,0.29182,-0.1080856
2013-02-01,1.3692,1.5744,0.010806137886319428,1.1074197120708749,12.9,2.04,0.06,1513.1700439453125,0.22,0.22335,0.50988,0.26909,-0.0634238666666667
2013-02-04,1.3527,1.5737,0.010802635843145728,1.1004732034774953,14.67,2.0,0.07,1495.7099609375,0.22,0.22335,0.50988,0.26909,-0.0634238666666667
2013-02-05,1.3569,1.5652,0.010713520462824084,1.1008366358432409,13.72,2.04,0.07,1511.2900390625,0.22,0.22335,0.50988,0.26909,-0.0634238666666667
2013-02-06,1.3528,1.5655,0.010688328345446772,1.0989010989010988,13.41,2.0,0.07,1512.1199951171875,0.22,0.22335,0.50988,0.26909,-0.0634238666666667
2013-02-07,1.3382,1.5712,0.010725010725010725,1.0897994768962511,13.5,1.99,0.07,1509.3900146484375,0.22,0.22335,0.50988,0.26909,-0.0634238666666667
2013-02-08,1.3366,1.5814,0.010785159620362382,1.0889687465969726,13.02,1.99,0.07,1517.9300537109375,0.22,0.22335,0.50988,0.26909,-0.0634238666666667
2013-02-11,1.3414,1.5668,0.010702054794520547,1.0886131069018072,12.94,1.99,0.09,1517.010009765625,0.22,0.22335,0.50988,0.26909,-0.0634238666666667
2013-02-12,1.345,1.5654,0.010736525660296328,1.0902747492368077,12.64,2.02,0.09,1519.4300537109375,0.22,0.22335,0.50988,0.26909,-0.0634238666666667
2013-02-13,1.3448,1.5544,0.010707784559374666,1.0890873448050533,12.98,2.05,0.1,1520.3299560546875,0.22,0.22335,0.50988,0.26909,-0.0634238666666667
2013-02-14,1.3334,1.5502,0.010741138560687433,1.0831889081455806,12.66,2.0,0.11,1521.3800048828125,0.22,0.22335,0.50988,0.26909,-0.0634238666666667
2013-02-15,1.3362,1.5518,0.010679196924391286,1.0838933448948624,12.46,2.01,0.1,1519.7900390625,0.22,0.22335,0.50988,0.26909,-0.0634238666666667
2013-02-18,,,,,,,,,0.22,0.22335,0.50988,0.26909,-0.0634238666666667
2013-02-19,1.3387,1.5432,0.010690613641223005,1.0845986984815619,12.31,2.03,0.12,1530.93994140625,0.22,0.22335,0.50988,0.26909,-0.0634238666666667
2013-02-20,1.335,1.5301,0.010691756655618518,1.0821339681852613,14.68,2.02,0.12,1511.949951171875,0.22,0.22335,0.50988,0.26909,-0.0634238666666667
2013-02-21,1.3204,1.5263,0.010757314974182445,1.0733068584308254,15.22,1.99,0.13,1502.4200439453125,0.22,0.22335,0.50988,0.26909,-0.0634238666666667
2013-02-22,1.3166,1.5256,0.010712372790573113,1.0736525660296328,14.17,1.97,0.13,1515.5999755859375,0.22,0.22335,0.50988,0.26909,-0.0634238666666667
2013-02-25,1.3172,1.5112,0.010712372790573113,1.0736525660296328,18.99,1.88,0.12,1487.8499755859375,0.22,0.22335,0.50988,0.26909,-0.0634238666666667
2013-02-26,1.3054,1.5125,0.01094331363536879,1.0722710701265281,16.87,1.88,0.14,1496.93994140625,0.22,0.22335,0.50988,0.26909,-0.0634238666666667
2013-02-27,1.3104,1.5134,0.0108837614279495,1.0741138560687433,14.73,1.91,0.11,1515.989990234375,0.22,0.22335,0.50988,0.26909,-0.0634238666666667
2013-02-28,1.3079,1.5192,0.010827197921177999,1.0711225364181662,15.51,1.89,0.11,1514.6800537109375,0.22,0.22335,0.50988,0.26909,-0.0634238666666667
2013-03-01,1.2988,1.5033,0.010708931248661385,1.058425063505504,15.36,1.86,0.11,1518.199951171875,0.21,0.20605,0.50688,0.25,-0.0596407368421053
2013-03-04,1.2996,1.5084,0.010715816545220747,1.0612331529236974,14.01,1.88,0.11,1525.199951171875,0.21,0.20605,0.50688,0.25,-0.0596407368421053
2013-03-05,1.3019,1.5098,0.010707784559374666,1.060108131029365,13.48,1.9,0.08,1539.7900390625,0.21,0.20605,0.50688,0.25,-0.0596407368421053
2013-03-06,1.299,1.5036,0.010679196924391286,1.0559662090813096,13.53,1.95,0.1,1541.4599609375,0.21,0.20605,0.50688,0.25,-0.0596407368421053
2013-03-07,1.3098,1.5032,0.010526315789473684,1.0602205258693809,13.06,2.0,0.1,1544.260009765625,0.21,0.20605,0.50688,0.25,-0.0596407368421053
2013-03-08,1.2992,1.4926,0.010416666666666666,1.048767697954903,12.59,2.06,0.1,1551.1800537109375,0.21,0.20605,0.50688,0.25,-0.0596407368421053
2013-03-11,1.3014,1.4898,0.010403662089055347,1.0530749789385003,11.56,2.07,0.1,1556.219970703125,0.21,0.20605,0.50688,0.25,-0.0596407368421053
2013-03-12,1.3023,1.4877,0.010421008753647354,1.0557432432432432,12.27,2.03,0.1,1552.47998046875,0.21,0.20605,0.50688,0.25,-0.0596407368421053
2013-03-13,1.2949,1.4925,0.010416666666666666,1.0506408909434755,11.83,2.04,0.09,1554.52001953125,0.21,0.20605,0.50688,0.25,-0.0596407368421053
2013-03-14,1.2974,1.5039,0.010399334442595675,1.0513036164844407,11.3,2.04,0.1,1563.22998046875,0.21,0.20605,0.50688,0.25,-0.0596407368421053
2013-03-15,1.3076,1.5124,0.010497585555322275,1.0642826734780757,11.3,2.01,0.09,1560.699951171875,0.21,0.20605,0.50688,0.25,-0.0596407368421053
2013-03-18,1.2956,1.5113,0.01053518752633797,1.0583130489998942,13.36,1.96,0.07,1552.0999755859375,0.21,0.20605,0.50688,0.25,-0.0596407368421053
2013-03-19,1.2888,1.5118,0.010542962572482868,1.0570824524312896,14.39,1.92,0.07,1548.3399658203125,0.21,0.20605,0.50688,0.25,-0.0596407368421053
2013-03-20,1.295,1.5133,0.010470107842110773,1.0594342621040365,12.67,1.96,0.07,1558.7099609375,0.21,0.20605,0.50688,0.25,-0.0596407368421053
2013-03-21,1.2928,1.518,0.010519671786240269,1.0577533319229955,13.99,1.95,0.07,1545.800048828125,0.21,0.20605,0.50688,0.25,-0.0596407368421053
2013-03-22,1.2996,1.5239,0.010584250635055038,1.0636034886194425,13.57,1.93,0.07,1556.8900146484375,0.21,0.20605,0.50688,0.25,-0.0596407368421053
2013-03-25,1.2881,1.5184,0.010599957600169598,1.0556317956296843,13.74,1.93,0.08,1551.68994140625,0.21,0.20605,0.50688,0.25,-0.0596407368421053
2013-03-26,1.2858,1.5156,0.010613457864572278,1.054407423028258,12.77,1.92,0.07,1563.77001953125,0.21,0.20605,0.50688,0.25,-0.0596407368421053
2013-03-27,1.2782,1.5112,0.010595465140919687,1.0488777008600796,13.15,1.87,0.09,1562.8499755859375,0.21,0.20605,0.50688,0.25,-0.0596407368421053
2013-03-28,1.2842,1.5184,0.010636034886194428,1.0561892691170258,12.7,1.87,0.07,1569.18994140625,0.21,0.20605,0.50688,0.25,-0.0596407368421053
2013-03-29,1.2816,1.5193,0.010620220900594732,1.053740779768177,,,,,0.21,0.20605,0.50688,0.25,-0.0596407368421053
2013-04-01,1.2857,1.5232,0.010718113612004287,1.0570824524312896,13.58,1.86,0.08,1562.1700439453125,0.2,0.208904761904762,0.50557,0.22818,-0.0647253333333333
2013-04-02,1.2836,1.5113,0.010703200256876806,1.0542962572482868,12.78,1.88,0.07,1570.25,0.2,0.208904761904762,0.50557,0.22818,-0.0647253333333333
2013-04-03,1.2847,1.514,0.010757314974182445,1.0580890911014706,14.21,1.83,0.06,1553.68994140625,0.2,0.208904761904762,0.50557,0.22818,-0.0647253333333333
2013-04-04,1.2854,1.5198,0.010403662089055347,1.0573059843518715,13.89,1.78,0.07,1559.97998046875,0.2,0.208904761904762,0.50557,0.22818,-0.0647253333333333
2013-04-05,1.3027,1.5336,0.010324179227751393,1.0725010725010724,13.92,1.72,0.07,1553.280029296875,0.2,0.208904761904762,0.50557,0.22818,-0.0647253333333333
2013-04-08,1.3008,1.5257,0.010111223458038422,1.0699764605178685,13.19,1.76,0.07,1563.0699462890625,0.2,0.208904761904762,0.50557,0.22818,-0.0647253333333333
2013-04-09,1.3092,1.5317,0.010098969905069683,1.0733068584308254,12.84,1.78,0.06,1568.6099853515625,0.2,0.208904761904762,0.50557,0.22818,-0.0647253333333333
2013-04-10,1.306,1.5315,0.010039152695512499,1.0714668381013608,12.36,1.84,0.07,1587.72998046875,0.2,0.208904761904762,0.50557,0.22818,-0.0647253333333333
2013-04-11,1.3124,1.5403,0.010058338362502514,1.0759629868732516,12.24,1.82,0.07,1593.3699951171875,0.2,0.208904761904762,0.50557,0.22818,-0.0647253333333333
2013-04-12,1.3094,1.5373,0.010103051121438673,1.0764262648008611,12.06,1.75,0.06,1588.8499755859375,0.2,0.208904761904762,0.50557,0.22818,-0.0647253333333333
2013-04-15,1.3082,1.532,0.01020408163265306,1.074922068150059,17.27,1.72,0.06,1552.3599853515625,0.2,0.208904761904762,0.50557,0.22818,-0.0647253333333333
2013-04-16,1.3141,1.5316,0.010218679746576743,1.08038029386344,13.96,1.75,0.06,1574.5699462890625,0.2,0.208904761904762,0.50557,0.22818,-0.0647253333333333
2013-04-17,1.3049,1.5255,0.010231225700838962,1.0745755426606491,16.51,1.73,0.06,1552.010009765625,0.2,0.208904761904762,0.50557,0.22818,-0.0647253333333333
2013-04-18,1.3072,1.5282,0.010181225819588679,1.0745755426606491,17.56,1.72,0.05,1541.6099853515625,0.2,0.208904761904762,0.50557,0.22818,-0.0647253333333333
2013-04-19,1.3066,1.5254,0.010072522159548751,1.0725010725010724,14.97,1.73,0.05,1555.25,0.2,0.208904761904762,0.50557,0.22818,-0.0647253333333333
2013-04-22,1.305,1.5262,0.010071507704703393,1.0696331158412664,14.39,1.72,0.05,1562.5,0.2,0.208904761904762,0.50557,0.22818,-0.0647253333333333
2013-04-23,1.3012,1.5267,0.010057326762546514,1.0607828577490188,13.48,1.74,0.05,1578.780029296875,0.2,0.208904761904762,0.50557,0.22818,-0.0647253333333333
2013-04-24,1.2997,1.5258,0.010061374383740818,1.054407423028258,13.61,1.73,0.06,1578.7900390625,0.2,0.208904761904762,0.50557,0.22818,-0.0647253333333333
2013-04-25,1.3004,1.5434,0.010058338362502514,1.0576414595452142,13.62,1.74,0.05,1585.1600341796875,0.2,0.208904761904762,0.50557,0.22818,-0.0647253333333333
2013-04-26,1.3024,1.5479,0.010220768601798855,1.0622477161674102,13.61,1.7,0.05,1582.239990234375,0.2,0.208904761904762,0.50557,0.22818,-0.0647253333333333
2013-04-29,1.309,1.5497,0.010194719135487817,1.0672358591248665,13.71,1.7,0.05,1593.6099853515625,0.2,0.208904761904762,0.50557,0.22818,-0.0647253333333333
2013-04-30,1.3168,1.5539,0.010254306808859722,1.0755001075500108,13.52,1.7,0.05,1597.5699462890625,0.2,0.208904761904762,0.50557,0.22818,-0.0647253333333333
2013-05-01,1.3192,1.5578,0.010279605263157895,1.0789814415192058,14.49,1.66,0.06,1582.699951171875,0.2,0.201227272727273,0.50563,0.22818,-0.05881175
2013-05-02,1.3066,1.5519,0.010208248264597796,1.069747539580659,13.59,1.66,0.05,1597.5899658203125,0.2,0.201227272727273,0.50563,0.22818,-0.05881175
2013-05-03,1.3112,1.5563,0.010090817356205853,1.070663811563169,12.85,1.78,0.05,1614.4200439453125,0.2,0.201227272727273,0.50563,0.22818,-0.05881175
2013-05-06,1.3067,1.5538,0.010065425264217413,1.0646225912913871,12.66,1.8,0.04,1617.5,0.2,0.201227272727273,0.50563,0.22818,-0.05881175
2013-05-07,1.3085,1.5468,0.010101010101010102,1.0636034886194425,12.83,1.82,0.04,1625.9599609375,0.2,0.201227272727273,0.50563,0.22818,-0.05881175
2013-05-08,1.3177,1.5563,0.010111223458038422,1.0696331158412664,12.66,1.81,0.04,1632.68994140625,0.2,0.201227272727273,0.50563,0.22818,-0.05881175
2013-05-09,1.3105,1.5502,0.010071507704703393,1.06315118009781,13.13,1.81,0.04,1626.6700439453125,0.2,0.201227272727273,0.50563,0.22818,-0.05881175
2013-05-10,1.2955,1.5334,0.009828975820719482,1.0423181154888472,12.59,1.9,0.04,1633.699951171875,0.2,0.201227272727273,0.50563,0.22818,-0.05881175
2013-05-13,1.2981,1.5291,0.009819324430479183,1.0442773600668338,12.55,1.92,0.05,1633.77001953125,0.2,0.201227272727273,0.50563,0.22818,-0.05881175
2013-05-14,1.2969,1.5258,0.009786651008025053,1.0414496979795875,12.77,1.96,0.05,1650.3399658203125,0.2,0.201227272727273,0.50563,0.22818,-0.05881175
2013-05-15,1.2857,1.5198,0.009761811792268645,1.0330578512396695,12.81,1.94,0.04,1658.780029296875,0.2,0.201227272727273,0.50563,0.22818,-0.05881175
2013-05-16,1.2898,1.5302,0.009782821365681862,1.039717196922437,13.07,1.87,0.03,1650.469970703125,0.2,0.201227272727273,0.50563,0.22818,-0.05881175
2013-05-17,1.2818,1.5173,0.009710623422023694,1.027643613194944,12.45,1.95,0.04,1667.469970703125,0.2,0.201227272727273,0.50563,0.22818,-0.05881175
2013-05-20,1.2865,1.5223,0.009752291788570313,1.0335917312661498,13.02,1.97,0.05,1666.2900390625,0.2,0.201227272727273,0.50563,0.22818,-0.05881175
2013-05-21,1.291,1.517,0.009769441187964049,1.0330578512396695,13.37,1.94,0.04,1669.1600341796875,0.2,0.201227272727273,0.50563,0.22818,-0.05881175
2013-05-22,1.2864,1.5038,0.009659969088098918,1.0189525168127165,13.82,2.03,0.04,1655.3499755859375,0.2,0.201227272727273,0.50563,0.22818,-0.05881175
2013-05-23,1.2944,1.512,0.00983671060397403,1.034340091021928,14.07,2.02,0.05,1650.510009765625,0.2,0.201227272727273,0.50563,0.22818,-0.05881175
2013-05-24,1.292,1.5126,0.009902951079421667,1.0393929944912172,13.99,2.01,0.04,1649.5999755859375,0.2,0.201227272727273,0.50563,0.22818,-0.05881175
2013-05-27,,,,,,,,,0.2,0.201227272727273,0.50563,0.22818,-0.05881175
2013-05-28,1.287,1.5061,0.009797198001371608,1.027326895418122,14.48,2.15,0.05,1660.06005859375,0.2,0.201227272727273,0.50563,0.22818,-0.05881175
2013-05-29,1.2944,1.5121,0.009909820632246557,1.040257983980027,14.83,2.13,0.05,1648.3599853515625,0.2,0.201227272727273,0.50563,0.22818,-0.05881175
2013-05-30,1.3042,1.5207,0.009895111814763506,1.0462439840970914,14.53,2.13,0.04,1654.4100341796875,0.2,0.201227272727273,0.50563,0.22818,-0.05881175
2013-05-31,1.2988,1.5185,0.00991768322919766,1.0435145570280704,16.3,2.16,0.04,1630.739990234375,0.2,0.201227272727273,0.50563,0.22818,-0.05881175
2013-06-03,1.3098,1.5349,0.01008267795926598,1.0590976488032195,16.28,2.13,0.05,1640.4200439453125,0.19,0.21025,0.50794,0.22818,-0.0602111052631579
2013-06-04,1.3075,1.5304,0.009985022466300548,1.0542962572482868,16.27,2.14,0.04,1631.3800048828125,0.19,0.21025,0.50794,0.22818,-0.0602111052631579
2013-06-05,1.3088,1.5392,0.01008471157724889,1.0613457864572278,17.5,2.1,0.05,1608.9000244140625,0.19,0.21025,0.50794,0.22818,-0.0602111052631579
2013-06-06,1.3248,1.5601,0.0102291325695581,1.075268817204301,16.63,2.08,0.05,1622.56005859375,0.19,0.21025,0.50794,0.22818,-0.0602111052631579
2013-06-07,1.3242,1.5558,0.0102880658436214,1.070434596446157,15.14,2.17,0.04,1643.3800048828125,0.19,0.21025,0.50794,0.22818,-0.0602111052631579
2013-06-10,1.3234,1.5556,0.01011326860841424,1.0687186063909373,15.44,2.22,0.05,1642.81005859375,0.19,0.21025,0.50794,0.22818,-0.0602111052631579
2013-06-11,1.3278,1.5587,0.010328444536252842,1.07863229425089,17.07,2.2,0.05,1626.1300048828125,0.19,0.21025,0.50794,0.22818,-0.0602111052631579
2013-06-12,1.3354,1.5697,0.010486577181208054,1.0892059688487092,18.59,2.25,0.05,1612.52001953125,0.19,0.21025,0.50794,0.22818,-0.0602111052631579
2013-06-13,1.3314,1.5698,0.010605578534309046,1.0829542993285683,16.41,2.19,0.05,1636.3599853515625,0.19,0.21025,0.50794,0.22818,-0.0602111052631579
2013-06-14,1.333,1.5686,0.010599957600169598,1.0843634786380394,17.15,2.14,0.05,1626.72998046875,0.19,0.21025,0.50794,0.22818,-0.0602111052631579
2013-06-17,1.3341,1.5709,0.010540739959945188,1.080613788631943,16.8,2.19,0.05,1639.0400390625,0.19,0.21025,0.50794,0.22818,-0.0602111052631579
2013-06-18,1.3407,1.5625,0.010504201680672268,1.0886131069018072,16.61,2.2,0.05,1651.81005859375,0.19,0.21025,0.50794,0.22818,-0.0602111052631579
2013-06-19,1.3404,1.5657,0.010501995379122032,1.0879025239338556,16.64,2.33,0.05,1628.9300537109375,0.19,0.21025,0.50794,0.22818,-0.0602111052631579
2013-06-20,1.3214,1.5469,0.010185373803218578,1.0757314974182444,20.49,2.41,0.05,1588.18994140625,0.19,0.21025,0.50794,0.22818,-0.0602111052631579
2013-06-21,1.3113,1.5373,0.010258514567090685,1.0690613641223006,18.9,2.52,0.05,1592.4300537109375,0.19,0.21025,0.50794,0.22818,-0.0602111052631579
2013-06-24,1.3091,1.5404,0.010235414534288638,1.0700909577314073,20.11,2.57,0.06,1573.0899658203125,0.19,0.21025,0.50794,0.22818,-0.0602111052631579
2013-06-25,1.308,1.5418,0.010217635639113109,1.0651896037494675,18.47,2.6,0.06,1588.030029296875,0.19,0.21025,0.50794,0.22818,-0.0602111052631579
2013-06-26,1.3006,1.5332,0.010263779123473262,1.0602205258693809,17.21,2.55,0.06,1603.260009765625,0.19,0.21025,0.50794,0.22818,-0.0602111052631579
2013-06-27,1.3016,1.5235,0.01016260162601626,1.0566356720202874,16.86,2.49,0.06,1613.199951171875,0.19,0.21025,0.50794,0.22818,-0.0602111052631579
2013-06-28,1.301,1.521,0.010079629069650238,1.0582010582010584,16.86,2.52,0.04,1606.280029296875,0.19,0.21025,0.50794,0.22818,-0.0602111052631579
2013-07-01,1.306,1.5247,0.010038144950813089,1.0579771476936097,16.37,2.5,0.04,1614.9599609375,0.14,0.221434782608696,0.50944,0.228,-0.0558058260869565
2013-07-02,1.3017,1.5171,0.009957184108334162,1.0535187526337968,16.44,2.48,0.03,1614.0799560546875,0.14,0.221434782608696,0.50944,0.228,-0.0558058260869565
2013-07-03,1.3005,1.5264,0.010018032458425166,1.0554089709762533,16.2,2.52,0.05,1615.4100341796875,0.14,0.221434782608696,0.50944,0.228,-0.0558058260869565
2013-07-04,,,,,,,,,0.14,0.221434782608696,0.50944,0.228,-0.0558058260869565
2013-07-05,1.2831,1.491,0.009906875371507827,1.0390689941812137,14.89,2.73,0.04,1631.8900146484375,0.14,0.221434782608696,0.50944,0.228,-0.0558058260869565
2013-07-08,1.2863,1.4932,0.009894132779261898,1.0369141435089175,14.78,2.65,0.05,1640.4599609375,0.14,0.221434782608696,0.50944,0.228,-0.0558058260869565
2013-07-09,1.2774,1.4837,0.009893153937475268,1.0271158586688578,14.35,2.65,0.04,1652.3199462890625,0.14,0.221434782608696,0.50944,0.228,-0.0558058260869565
2013-07-10,1.2846,1.4935,0.00999000999000999,1.032844453625284,14.21,2.7,0.04,1652.6199951171875,0.14,0.221434782608696,0.50944,0.228,-0.0558058260869565
2013-07-11,1.3046,1.5127,0.010121457489878543,1.0530749789385003,14.01,2.6,0.04,1675.02001953125,0.14,0.221434782608696,0.50944,0.228,-0.0558058260869565
2013-07-12,1.3048,1.5108,0.010061374383740818,1.0561892691170258,13.84,2.61,0.04,1680.18994140625,0.14,0.221434782608696,0.50944,0.228,-0.0558058260869565
2013-07-15,1.3039,1.5088,0.009996001599360255,1.051745898190997,13.79,2.57,0.04,1682.5,0.14,0.221434782608696,0.50944,0.228,-0.0558058260869565
2013-07-16,1.3144,1.5122,0.010063399416322833,1.0629251700680273,14.42,2.55,0.03,1676.260009765625,0.14,0.221434782608696,0.50944,0.228,-0.0558058260869565
2013-07-17,1.3094,1.5184,0.010030090270812437,1.0606703436571914,13.78,2.52,0.03,1680.9100341796875,0.14,0.221434782608696,0.50944,0.228,-0.0558058260869565
2013-07-18,1.3078,1.5193,0.009940357852882704,1.0561892691170258,13.77,2.56,0.03,1689.3699951171875,0.14,0.221434782608696,0.50944,0.228,-0.0558058260869565
2013-07-19,1.3142,1.526,0.009970089730807577,1.0637166258908626,12.54,2.5,0.03,1692.0899658203125,0.14,0.221434782608696,0.50944,0.228,-0.0558058260869565
2013-07-22,1.3193,1.5366,0.010040160642570281,1.0687186063909373,12.29,2.5,0.04,1695.530029296875,0.14,0.221434782608696,0.50944,0.228,-0.0558058260869565
2013-07-23,1.3212,1.5354,0.010024057738572574,1.067463706233988,12.66,2.53,0.02,1692.3900146484375,0.14,0.221434782608696,0.50944,0.228,-0.0558058260869565
2013-07-24,1.3228,1.5367,0.009979044007584073,1.0690613641223006,13.18,2.61,0.03,1685.93994140625,0.14,0.221434782608696,0.50944,0.228,-0.0558058260869565
2013-07-25,1.3234,1.5333,0.010044194455604661,1.0711225364181662,12.97,2.61,0.02,1690.25,0.14,0.221434782608696,0.50944,0.228,-0.0558058260869565
2013-07-26,1.3269,1.5368,0.010179153094462542,1.0765421466250404,12.72,2.58,0.03,1691.6500244140625,0.14,0.221434782608696,0.50944,0.228,-0.0558058260869565
2013-07-29,1.3262,1.5355,0.010224948875255624,1.0743446497636442,13.39,2.61,0.03,1685.3299560546875,0.14,0.221434782608696,0.50944,0.228,-0.0558058260869565
2013-07-30,1.3266,1.5244,0.010201999591920016,1.0755001075500108,13.39,2.63,0.04,1685.9599609375,0.14,0.221434782608696,0.50944,0.228,-0.0558058260869565
2013-07-31,1.3282,1.5177,0.010167768174885614,1.077121930202499,13.45,2.6,0.04,1685.72998046875,0.14,0.221434782608696,0.50944,0.228,-0.0558058260869565
2013-08-01,1.3217,1.5145,0.010070493454179255,1.0691756655618518,12.94,2.74,0.04,1706.8699951171875,0.12,0.225863636363636,0.51262,0.228,-0.06065045
2013-08-02,1.3268,1.5277,0.010096930533117932,1.0760787689658884,11.98,2.63,0.04,1709.6700439453125,0.12,0.225863636363636,0.51262,0.228,-0.06065045
2013-08-05,1.3257,1.5347,0.010148163182463973,1.075037626316921,11.84,2.67,0.05,1707.1400146484375,0.12,0.225863636363636,0.51262,0.228,-0.06065045
2013-08-06,1.3296,1.5367,0.010219724067450179,1.0792143319663285,12.72,2.67,0.04,1697.3699951171875,0.12,0.225863636363636,0.51262,0.228,-0.06065045
2013-08-07,1.3329,1.5514,0.01033912324234905,1.0843634786380394,12.98,2.61,0.05,1690.9100341796875,0.12,0.225863636363636,0.51262,0.228,-0.06065045
2013-08-08,1.3392,1.5555,0.010413412475268145,1.0876658690450294,12.73,2.58,0.05,1697.47998046875,0.12,0.225863636363636,0.51262,0.228,-0.06065045
2013-08-09,1.3338,1.5507,0.010390689941812137,1.0844810758052272,13.41,2.57,0.05,1691.4200439453125,0.12,0.225863636363636,0.51262,0.228,-0.06065045
2013-08-12,1.3312,1.5475,0.010369141435089175,1.0813148788927336,12.81,2.61,0.06,1689.469970703125,0.12,0.225863636363636,0.51262,0.228,-0.06065045
2013-08-13,1.3247,1.5451,0.010197838058331634,1.070663811563169,12.31,2.71,0.06,1694.1600341796875,0.12,0.225863636363636,0.51262,0.228,-0.06065045
2013-08-14,1.3256,1.5531,0.010188487009679063,1.0690613641223006,13.04,2.71,0.05,1685.3900146484375,0.12,0.225863636363636,0.51262,0.228,-0.06065045
2013-08-15,1.3263,1.5573,0.010223903486351089,1.0713520462824084,14.73,2.77,0.05,1661.3199462890625,0.12,0.225863636363636,0.51262,0.228,-0.06065045
2013-08-16,1.3321,1.5621,0.010245901639344263,1.0788650339842487,14.37,2.84,0.05,1655.8299560546875,0.12,0.225863636363636,0.51262,0.228,-0.06065045
2013-08-19,1.3348,1.5665,0.010210332856851134,1.0814318157240186,15.1,2.88,0.06,1646.06005859375,0.12,0.225863636363636,0.51262,0.228,-0.06065045
2013-08-20,1.3426,1.5678,0.01029654036243822,1.0895619960775769,14.91,2.82,0.04,1652.3499755859375,0.12,0.225863636363636,0.51262,0.228,-0.06065045
2013-08-21,1.3368,1.5678,0.010239606799098916,1.0856584518510477,15.94,2.87,0.04,1642.800048828125,0.12,0.225863636363636,0.51262,0.228,-0.06065045
2013-08-22,1.3362,1.558,0.010149193139145437,1.0827197921178,14.76,2.9,0.03,1656.9599609375,0.12,0.225863636363636,0.51262,0.228,-0.06065045
2013-08-23,1.3392,1.5578,0.010145074566298063,1.0861301183881829,13.98,2.82,0.03,1663.5,0.12,0.225863636363636,0.51262,0.228,-0.06065045
2013-08-26,1.3369,1.5568,0.01013787510137875,1.0835410120273052,14.99,2.79,0.04,1656.780029296875,0.12,0.225863636363636,0.51262,0.228,-0.06065045
2013-08-27,1.3387,1.5528,0.010277492291880781,1.0886131069018072,16.77,2.72,0.05,1630.47998046875,0.12,0.225863636363636,0.51262,0.228,-0.06065045
2013-08-28,1.3326,1.552,0.010240655401945725,1.0844810758052272,16.49,2.78,0.03,1634.9599609375,0.12,0.225863636363636,0.51262,0.228,-0.06065045
2013-08-29,1.3228,1.5488,0.010156408693885843,1.07342206955775,16.81,2.75,0.02,1638.1700439453125,0.12,0.225863636363636,0.51262,0.228,-0.06065045
2013-08-30,1.3196,1.5468,0.010181225819588679,1.0737678513905293,17.01,2.78,0.03,1632.969970703125,0.12,0.225863636363636,0.51262,0.228,-0.06065045
2013-09-02,,,,,,,,,0.11,0.223238095238095,0.51688,0.228,-0.0511073157894737
2013-09-03,1.3164,1.5544,0.010057326762546514,1.0680337498664958,16.61,2.86,0.02,1639.77001953125,0.11,0.223238095238095,0.51688,0.228,-0.0511073157894737
2013-09-04,1.3212,1.5643,0.010039152695512499,1.0688328345446771,15.88,2.9,0.02,1653.0799560546875,0.11,0.223238095238095,0.51688,0.228,-0.0511073157894737
2013-09-05,1.312,1.5593,0.009992006394884094,1.0596587898696619,15.77,2.98,0.02,1655.0799560546875,0.11,0.223238095238095,0.51688,0.228,-0.0511073157894737
2013-09-06,1.3166,1.5633,0.010096930533117932,1.0655301012253595,15.85,2.94,0.02,1655.1700439453125,0.11,0.223238095238095,0.51688,0.228,-0.0511073157894737
2013-09-09,1.326,1.5724,0.010045203415369162,1.0736525660296328,15.63,2.9,0.02,1671.7099609375,0.11,0.223238095238095,0.51688,0.228,-0.0511073157894737
2013-09-10,1.326,1.5731,0.009978048293753742,1.0702054794520548,14.53,2.96,0.02,1683.989990234375,0.11,0.223238095238095,0.51688,0.228,-0.0511073157894737
2013-09-11,1.3301,1.5807,0.009992006394884094,1.0736525660296328,13.82,2.93,0.02,1689.1300048828125,0.11,0.223238095238095,0.51688,0.228,-0.0511073157894737
2013-09-12,1.3315,1.5819,0.01007658202337767,1.0768899418479432,14.29,2.92,0.01,1683.4200439453125,0.11,0.223238095238095,0.51688,0.228,-0.0511073157894737
2013-09-13,1.3276,1.5861,0.01006238679814852,1.0730765103551885,14.16,2.9,0.01,1687.989990234375,0.11,0.223238095238095,0.51688,0.228,-0.0511073157894737
2013-09-16,1.335,1.5927,0.010103051121438673,1.0801468999783972,14.38,2.88,0.02,1697.5999755859375,0.11,0.223238095238095,0.51688,0.228,-0.0511073157894737
2013-09-17,1.3357,1.5901,0.01008471157724889,1.0792143319663285,14.53,2.86,0.01,1704.760009765625,0.11,0.223238095238095,0.51688,0.228,-0.0511073157894737
2013-09-18,1.3351,1.5965,0.010096930533117932,1.079913606911447,13.59,2.69,0.01,1725.52001953125,0.11,0.223238095238095,0.51688,0.228,-0.0511073157894737
2013-09-19,1.3527,1.6043,0.010067451927917045,1.0974539069359086,13.16,2.76,0.01,1722.3399658203125,0.11,0.223238095238095,0.51688,0.228,-0.0511073157894737
2013-09-20,1.3522,1.6021,0.01006238679814852,1.0984182776801406,13.12,2.75,0.01,1709.9100341796875,0.11,0.223238095238095,0.51688,0.228,-0.0511073157894737
2013-09-23,1.352,1.6066,0.01012555690562981,1.0989010989010988,14.31,2.72,0.02,1701.8399658203125,0.11,0.223238095238095,0.51688,0.228,-0.0511073157894737
2013-09-24,1.349,1.6006,0.01012555690562981,1.097213078779899,14.08,2.67,0.02,1697.4200439453125,0.11,0.223238095238095,0.51688,0.228,-0.0511073157894737
2013-09-25,1.3536,1.608,0.01013993104846887,1.1010790574763267,14.01,2.63,0.02,1692.77001953125,0.11,0.223238095238095,0.51688,0.228,-0.0511073157894737
2013-09-26,1.3484,1.6012,0.01010611419909045,1.098297638660077,14.06,2.66,0.0,1698.6700439453125,0.11,0.223238095238095,0.51688,0.228,-0.0511073157894737
2013-09-27,1.3537,1.6135,0.01017293997965412,1.1049723756906078,15.46,2.64,0.02,1691.75,0.11,0.223238095238095,0.51688,0.228,-0.0511073157894737
2013-09-30,1.3535,1.6179,0.010173974972021568,1.1060723371308483,16.6,2.64,0.02,1681.550048828125,0.11,0.223238095238095,0.51688,0.228,-0.0511073157894737
2013-10-01,1.3534,1.6208,0.010198878123406425,1.1032656663724625,15.54,2.66,0.02,1695.0,0.12,0.225826086956522,0.51663,0.221,0.0159292
2013-10-02,1.3592,1.6224,0.010271158586688579,1.1090163025396473,16.6,2.63,0.02,1693.8699951171875,0.12,0.225826086956522,0.51663,0.221,0.0159292
2013-10-03,1.3642,1.6169,0.010300782859497322,1.1145786892554614,17.67,2.62,0.03,1678.6600341796875,0.12,0.225826086956522,0.51663,0.221,0.0159292
2013-10-04,1.3582,1.6069,0.0102880658436214,1.104728236853734,16.74,2.66,0.03,1690.5,0.12,0.225826086956522,0.51663,0.221,0.0159292
2013-10-07,1.3569,1.6082,0.010307153164296022,1.1049723756906078,19.41,2.65,0.03,1676.1199951171875,0.12,0.225826086956522,0.51663,0.221,0.0159292
2013-10-08,1.3582,1.6089,0.010315659170621003,1.1061946902654867,20.34,2.66,0.05,1655.449951171875,0.12,0.225826086956522,0.51663,0.221,0.0159292
2013-10-09,1.3513,1.5943,0.010284891494394734,1.0984182776801406,19.6,2.68,0.05,1656.4000244140625,0.12,0.225826086956522,0.51663,0.221,0.0159292
2013-10-10,1.3535,1.5975,0.010194719135487817,1.0984182776801406,16.48,2.71,0.05,1692.56005859375,0.12,0.225826086956522,0.51663,0.221,0.0159292
2013-10-11,1.3559,1.5945,0.01016053647632595,1.0985389432055366,15.72,2.7,0.08,1703.199951171875,0.12,0.225826086956522,0.51663,0.221,0.0159292
2013-10-14,,,,,16.07,,,1710.1400146484375,0.12,0.225826086956522,0.51663,0.221,0.0159292
2013-10-15,1.3494,1.5974,0.010144045445323595,1.0926573426573427,18.66,2.75,0.14,1698.06005859375,0.12,0.225826086956522,0.51663,0.221,0.0159292
2013-10-16,1.349,1.5904,0.010111223458038422,1.0913456291607553,14.71,2.69,0.1,1721.5400390625,0.12,0.225826086956522,0.51663,0.221,0.0159292
2013-10-17,1.3664,1.6166,0.010219724067450179,1.1076650420912715,13.48,2.61,0.05,1733.1500244140625,0.12,0.225826086956522,0.51663,0.221,0.0159292
2013-10-18,1.3693,1.6184,0.010228086325048584,1.1095084877399313,13.04,2.6,0.04,1744.5,0.12,0.225826086956522,0.51663,0.221,0.0159292
2013-10-21,1.3672,1.6149,0.010189525168127165,1.1087703736556158,13.16,2.63,0.04,1744.6600341796875,0.12,0.225826086956522,0.51663,0.221,0.0159292
2013-10-22,1.3778,1.6221,0.010185373803218578,1.1176930814798256,13.33,2.54,0.04,1754.6700439453125,0.12,0.225826086956522,0.51663,0.221,0.0159292
2013-10-23,1.3786,1.6171,0.010279605263157895,1.1213276519398967,13.42,2.51,0.04,1746.3800048828125,0.12,0.225826086956522,0.51663,0.221,0.0159292
2013-10-24,1.381,1.6186,0.010271158586688579,1.1215791834903546,13.2,2.53,0.03,1752.0699462890625,0.12,0.225826086956522,0.51663,0.221,0.0159292
2013-10-25,1.3794,1.6158,0.010260619741432383,1.1186933661483387,13.09,2.53,0.04,1759.77001953125,0.12,0.225826086956522,0.51663,0.221,0.0159292
2013-10-28,1.3786,1.6131,0.010235414534288638,1.1168192986374805,13.31,2.54,0.04,1762.1099853515625,0.12,0.225826086956522,0.51663,0.221,0.0159292
2013-10-29,1.377,1.6059,0.010194719135487817,1.11333778668448,13.41,2.53,0.04,1771.949951171875,0.12,0.225826086956522,0.51663,0.221,0.0159292
2013-10-30,1.3771,1.6078,0.010189525168127165,1.1155734047300312,13.65,2.55,0.04,1763.31005859375,0.12,0.225826086956522,0.51663,0.221,0.0159292
2013-10-31,1.3594,1.6068,0.010193679918450561,1.1042402826855124,13.75,2.57,0.04,1756.5400390625,0.12,0.225826086956522,0.51663,0.221,0.0159292
2013-11-01,1.3488,1.5922,0.010123506782749545,1.0960105217010083,13.28,2.65,0.04,1761.6400146484375,0.12,0.223380952380952,0.52344,0.22,-0.0169540555555556
2013-11-04,1.3516,1.595,0.01013993104846887,1.0981770261366133,12.93,2.63,0.05,1767.9300537109375,0.12,0.223380952380952,0.52344,0.22,-0.0169540555555556
2013-11-05,1.347,1.6044,0.010141987829614604,1.0957703265395573,13.27,2.69,0.05,1762.969970703125,0.12,0.223380952380952,0.52344,0.22,-0.0169540555555556
2013-11-06,1.353,1.608,0.010141987829614604,1.0978153474585575,12.67,2.67,0.05,1770.489990234375,0.12,0.223380952380952,0.52344,0.22,-0.0169540555555556
2013-11-07,1.339,1.6069,0.010146103896103896,1.088850174216028,13.91,2.63,0.05,1747.1500244140625,0.12,0.223380952380952,0.52344,0.22,-0.0169540555555556
2013-11-08,1.3357,1.5995,0.010097950116126426,1.0845986984815619,12.9,2.77,0.06,1770.6099853515625,0.12,0.223380952380952,0.52344,0.22,-0.0169540555555556
2013-11-11,,,,,12.53,,,1771.8900146484375,0.12,0.223380952380952,0.52344,0.22,-0.0169540555555556
2013-11-12,1.3428,1.5916,0.010035122930255895,1.0897994768962511,12.82,2.8,0.08,1767.68994140625,0.12,0.223380952380952,0.52344,0.22,-0.0169540555555556
2013-11-13,1.3456,1.6033,0.010069479407914611,1.0922992900054616,12.52,2.75,0.08,1782.0,0.12,0.223380952380952,0.52344,0.22,-0.0169540555555556
2013-11-14,1.3468,1.6077,0.010007004903432402,1.0926573426573427,12.37,2.69,0.08,1790.6199951171875,0.12,0.223380952380952,0.52344,0.22,-0.0169540555555556
2013-11-15,1.348,1.6107,0.009983028850953379,1.0926573426573427,12.19,2.71,0.08,1798.1800537109375,0.12,0.223380952380952,0.52344,0.22,-0.0169540555555556
2013-11-18,1.352,1.611,0.009996001599360255,1.096371011950444,13.1,2.67,0.09,1791.530029296875,0.12,0.223380952380952,0.52344,0.22,-0.0169540555555556
2013-11-19,1.3529,1.611,0.009986019572598362,1.097213078779899,13.39,2.71,0.08,1787.8699951171875,0.12,0.223380952380952,0.52344,0.22,-0.0169540555555556
2013-11-20,1.3451,1.615,0.009998000399920017,1.0919414719371043,13.4,2.8,0.08,1781.3699951171875,0.12,0.223380952380952,0.52344,0.22,-0.0169540555555556
2013-11-21,1.347,1.6155,0.009905894006934125,1.0933741526350318,12.66,2.79,0.07,1795.8499755859375,0.12,0.223380952380952,0.52344,0.22,-0.0169540555555556
2013-11-22,1.3547,1.6211,0.00987264290650607,1.1022927689594355,12.26,2.75,0.07,1804.760009765625,0.12,0.223380952380952,0.52344,0.22,-0.0169540555555556
2013-11-25,1.3502,1.6146,0.00983284169124877,1.095890410958904,12.79,2.74,0.08,1802.47998046875,0.12,0.223380952380952,0.52344,0.22,-0.0169540555555556
2013-11-26,1.3555,1.6187,0.009863878477017163,1.1013215859030836,12.81,2.71,0.07,1802.75,0.12,0.223380952380952,0.52344,0.22,-0.0169540555555556
2013-11-27,1.3563,1.6267,0.009786651008025053,1.0999890001099988,12.98,2.74,0.07,1807.22998046875,0.12,0.223380952380952,0.52344,0.22,-0.0169540555555556
2013-11-28,,,,,,,,,0.12,0.223380952380952,0.52344,0.22,-0.0169540555555556
2013-11-29,1.3606,1.6373,0.009760858955588092,1.1053387863380126,13.7,2.75,0.06,1805.81005859375,0.12,0.223380952380952,0.52344,0.22,-0.0169540555555556
2013-12-02,1.3552,1.6365,0.009704968944099378,1.101806963420009,14.23,2.81,0.05,1800.9000244140625,0.14,0.2735,0.52474,0.22,0.0174349166666667
2013-12-03,1.3604,1.6416,0.009769441187964049,1.1074197120708749,14.55,2.79,0.06,1795.1500244140625,0.14,0.2735,0.52474,0.22,0.0174349166666667
2013-12-04,1.3555,1.6352,0.00975800156128025,1.104728236853734,14.7,2.84,0.06,1792.81005859375,0.14,0.2735,0.52474,0.22,0.0174349166666667
2013-12-05,1.3664,1.6328,0.009821253191907287,1.1140819964349378,15.08,2.88,0.06,1785.030029296875,0.14,0.2735,0.52474,0.22,0.0174349166666667
2013-12-06,1.369,1.6327,0.009720062208398134,1.1186933661483387,13.79,2.88,0.06,1805.0899658203125,0.14,0.2735,0.52474,0.22,0.0174349166666667
2013-12-09,1.3726,1.6403,0.00968804495252858,1.121830827911151,13.49,2.86,0.07,1808.3699951171875,0.14,0.2735,0.52474,0.22,0.0174349166666667
2013-12-10,1.3765,1.6424,0.009727626459143969,1.1266336187471835,13.91,2.81,0.07,1802.6199951171875,0.14,0.2735,0.52474,0.22,0.0174349166666667
2013-12-11,1.3798,1.6389,0.009767532721234616,1.1291779584462511,15.42,2.86,0.07,1782.219970703125,0.14,0.2735,0.52474,0.22,0.0174349166666667
2013-12-12,1.3752,1.6326,0.00969838037047813,1.1233430689732644,15.54,2.89,0.07,1775.5,0.14,0.2735,0.52474,0.22,0.0174349166666667
2013-12-13,1.3724,1.6294,0.009682416731216111,1.1230907457322552,15.76,2.88,0.07,1775.3199462890625,0.14,0.2735,0.52474,0.22,0.0174349166666667
2013-12-16,1.3757,1.6311,0.00971722864639005,1.1266336187471835,16.03,2.89,0.07,1786.5400390625,0.14,0.2735,0.52474,0.22,0.0174349166666667
2013-12-17,1.3748,1.6254,0.009743739647276626,1.1273957158962795,16.21,2.85,0.07,1781.0,0.14,0.2735,0.52474,0.22,0.0174349166666667
2013-12-18,1.3766,1.6388,0.009691800736576855,1.127141568981064,13.8,2.89,0.07,1810.6500244140625,0.14,0.2735,0.52474,0.22,0.0174349166666667
2013-12-19,1.3666,1.6382,0.009600614439324117,1.1155734047300312,14.15,2.94,0.06,1809.5999755859375,0.14,0.2735,0.52474,0.22,0.0174349166666667
2013-12-20,1.3673,1.6355,0.009608917075045643,1.1170688114387846,13.79,2.89,0.07,1818.3199462890625,0.14,0.2735,0.52474,0.22,0.0174349166666667
2013-12-23,1.3701,1.6356,0.009609840476648087,1.1183180496533214,13.04,2.94,0.07,1827.989990234375,0.14,0.2735,0.52474,0.22,0.0174349166666667
2013-12-24,1.3676,1.6371,0.00959140610013428,1.1159468809284678,12.48,2.99,0.07,1833.3199462890625,0.14,0.2735,0.52474,0.22,0.0174349166666667
2013-12-25,,,,,,,,,0.14,0.2735,0.52474,0.22,0.0174349166666667
2013-12-26,1.369,1.6425,0.009549274255156608,1.1156978690170702,12.33,3.0,0.07,1842.02001953125,0.14,0.2735,0.52474,0.22,0.0174349166666667
2013-12-27,1.3766,1.6491,0.00951927653498334,1.1244799280332847,12.46,3.02,0.07,1841.4000244140625,0.14,0.2735,0.52474,0.22,0.0174349166666667
2013-12-30,1.3816,1.6522,0.009523809523809525,1.1279043537108053,13.56,2.99,0.07,1841.0699462890625,0.14,0.2735,0.52474,0.22,0.0174349166666667
2013-12-31,1.3779,1.6574,0.009501187648456057,1.1230907457322552,13.72,3.04,0.07,1848.3599853515625,0.14,0.2735,0.52474,0.22,0.0174349166666667
2014-01-01,,,,,,,,,0.12,0.292045454545455,0.52093,0.22,-0.0433244
2014-01-02,1.367,1.6441,0.009538344143456695,1.1113580795732385,14.23,3.0,0.07,1831.97998046875,0.12,0.292045454545455,0.52093,0.22,-0.0433244
2014-01-03,1.3606,1.6424,0.009573042312847023,1.105705440070765,13.76,3.01,0.07,1831.3699951171875,0.12,0.292045454545455,0.52093,0.22,-0.0433244
2014-01-06,1.3636,1.6412,0.009580379383023568,1.1066843736166445,13.55,2.98,0.05,1826.77001953125,0.12,0.292045454545455,0.52093,0.22,-0.0433244
2014-01-07,1.3618,1.6421,0.009565716472163765,1.100594320933304,12.92,2.96,0.04,1837.8800048828125,0.12,0.292045454545455,0.52093,0.22,-0.0433244
2014-01-08,1.3586,1.6461,0.009535615523982072,1.098659635245001,12.87,3.01,0.05,1837.489990234375,0.12,0.292045454545455,0.52093,0.22,-0.0433244
2014-01-09,1.3591,1.6459,0.009547450830628223,1.1007154650522841,12.89,2.97,0.04,1838.1300048828125,0.12,0.292045454545455,0.52093,0.22,-0.0433244
2014-01-10,1.3664,1.647,0.009609840476648087,1.1071744906997343,12.14,2.88,0.05,1842.3699951171875,0.12,0.292045454545455,0.52093,0.22,-0.0433244
2014-01-13,1.3647,1.6379,0.009679605072113058,1.1079104808331488,13.28,2.84,0.03,1819.199951171875,0.12,0.292045454545455,0.52093,0.22,-0.0433244
2014-01-14,1.3682,1.645,0.009633911368015415,1.11000111000111,12.28,2.88,0.04,1838.8800048828125,0.12,0.292045454545455,0.52093,0.22,-0.0433244
2014-01-15,1.3604,1.6375,0.00957670944263551,1.1008366358432409,12.28,2.9,0.04,1848.3800048828125,0.12,0.292045454545455,0.52093,0.22,-0.0433244
2014-01-16,1.36,1.6335,0.009585889570552147,1.1032656663724625,12.53,2.86,0.04,1845.8900146484375,0.12,0.292045454545455,0.52093,0.22,-0.0433244
2014-01-17,1.3554,1.6429,0.009585889570552147,1.0989010989010988,12.44,2.84,0.05,1838.699951171875,0.12,0.292045454545455,0.52093,0.22,-0.0433244
2014-01-20,,,,,,,,,0.12,0.292045454545455,0.52093,0.22,-0.0433244
2014-01-21,1.356,1.6469,0.009602458229306703,1.0998680158380993,12.87,2.85,0.04,1843.800048828125,0.12,0.292045454545455,0.52093,0.22,-0.0433244
2014-01-22,1.3546,1.6571,0.009582215408202376,1.0969723562966214,12.84,2.87,0.04,1844.8599853515625,0.12,0.292045454545455,0.52093,0.22,-0.0433244
2014-01-23,1.368,1.6612,0.00964785335262904,1.110864252388358,13.77,2.79,0.04,1828.4599609375,0.12,0.292045454545455,0.52093,0.22,-0.0433244
2014-01-24,1.368,1.6491,0.009764671418806757,1.117443289753045,18.14,2.75,0.04,1790.2900390625,0.12,0.292045454545455,0.52093,0.22,-0.0433244
2014-01-27,1.3679,1.6588,0.009778994719342852,1.1165698972755695,17.42,2.78,0.05,1781.56005859375,0.12,0.292045454545455,0.52093,0.22,-0.0433244
2014-01-28,1.3662,1.6581,0.009727626459143969,1.1130899376669636,15.8,2.77,0.05,1792.5,0.12,0.292045454545455,0.52093,0.22,-0.0433244
2014-01-29,1.3663,1.6561,0.009784735812133072,1.117568171658471,17.35,2.69,0.04,1774.199951171875,0.12,0.292045454545455,0.52093,0.22,-0.0433244
2014-01-30,1.3549,1.6487,0.009724788485850433,1.1059500110595002,17.29,2.72,0.02,1794.18994140625,0.12,0.292045454545455,0.52093,0.22,-0.0433244
2014-01-31,1.35,1.645,0.009777082518576457,1.104728236853734,18.41,2.67,0.02,1782.5899658203125,0.12,0.292045454545455,0.52093,0.22,-0.0433244
2014-02-03,1.3523,1.6307,0.009890218573830482,1.1093854004881296,21.44,2.61,0.05,1741.8900146484375,0.13,0.2881,0.52153,0.212,-0.04796675
2014-02-04,1.3507,1.63,0.0098405825624877,1.1049723756906078,19.11,2.64,0.06,1755.199951171875,0.13,0.2881,0.52153,0.212,-0.04796675
2014-02-05,1.3519,1.6308,0.009863878477017163,1.1059500110595002,19.95,2.7,0.07,1751.6400146484375,0.13,0.2881,0.52153,0.212,-0.04796675
2014-02-06,1.3604,1.6345,0.009819324430479183,1.112099644128114,17.23,2.73,0.07,1773.4300537109375,0.13,0.2881,0.52153,0.212,-0.04796675
2014-02-07,1.3614,1.6395,0.009773260359655983,1.112099644128114,15.29,2.71,0.08,1797.02001953125,0.13,0.2881,0.52153,0.212,-0.04796675
2014-02-10,1.3644,1.6419,0.009790483649892304,1.1152001784320285,15.26,2.7,0.07,1799.8399658203125,0.13,0.2881,0.52153,0.212,-0.04796675
2014-02-11,1.3654,1.6468,0.009743739647276626,1.114951499609767,14.51,2.75,0.05,1819.75,0.13,0.2881,0.52153,0.212,-0.04796675
2014-02-12,1.3592,1.6578,0.00975800156128025,1.1103708638685321,14.3,2.8,0.05,1819.260009765625,0.13,0.2881,0.52153,0.212,-0.04796675
2014-02-13,1.3669,1.6643,0.009784735812133072,1.118067978533095,14.14,2.73,0.03,1829.8299560546875,0.13,0.2881,0.52153,0.212,-0.04796675
2014-02-14,1.369,1.6736,0.009821253191907287,1.1200716845878136,13.57,2.75,0.02,1838.6300048828125,0.13,0.2881,0.52153,0.212,-0.04796675
2014-02-17,,,,,,,,,0.13,0.2881,0.52153,0.212,-0.04796675
2014-02-18,1.3758,1.6696,0.00977421561919656,1.1263798152737103,13.87,2.71,0.05,1840.760009765625,0.13,0.2881,0.52153,0.212,-0.04796675
2014-02-19,1.3762,1.6718,0.009775171065493646,1.1276499774470004,15.5,2.73,0.06,1828.75,0.13,0.2881,0.52153,0.212,-0.04796675
2014-02-20,1.369,1.664,0.009773260359655983,1.1220825852782765,14.79,2.76,0.05,1839.780029296875,0.13,0.2881,0.52153,0.212,-0.04796675
2014-02-21,1.3722,1.663,0.009736150326161036,1.125112511251125,14.68,2.73,0.05,1836.25,0.13,0.2881,0.52153,0.212,-0.04796675
2014-02-24,1.3744,1.6641,0.009761811792268645,1.1254924029262803,14.23,2.75,0.05,1847.6099853515625,0.13,0.2881,0.52153,0.212,-0.04796675
2014-02-25,1.3749,1.6696,0.009784735812133072,1.1273957158962795,13.67,2.7,0.05,1845.1199951171875,0.13,0.2881,0.52153,0.212,-0.04796675
2014-02-26,1.3668,1.6648,0.009769441187964049,1.1208249271463797,14.35,2.67,0.05,1845.1600341796875,0.13,0.2881,0.52153,0.212,-0.04796675
2014-02-27,1.3724,1.6693,0.009792401096748922,1.127141568981064,14.04,2.65,0.04,1854.2900390625,0.13,0.2881,0.52153,0.212,-0.04796675
2014-02-28,1.3806,1.675,0.009796238244514107,1.1350737797956867,14.0,2.66,0.05,1859.449951171875,0.13,0.2881,0.52153,0.212,-0.04796675
2014-03-03,1.3763,1.6712,0.009865824782951855,1.1350737797956867,16.0,2.6,0.05,1845.72998046875,0.12,0.305333333333333,0.52157,0.212,-0.0400058571428571
2014-03-04,1.3731,1.6665,0.009786651008025053,1.1275228323373547,14.1,2.7,0.05,1873.9100341796875,0.12,0.305333333333333,0.52157,0.212,-0.0400058571428571
2014-03-05,1.3734,1.6729,0.009773260359655983,1.127141568981064,13.89,2.7,0.06,1873.81005859375,0.12,0.305333333333333,0.52157,0.212,-0.0400058571428571
2014-03-06,1.3848,1.6743,0.00970591089973794,1.1350737797956867,14.21,2.74,0.05,1877.030029296875,0.12,0.305333333333333,0.52157,0.212,-0.0400058571428571
2014-03-07,1.3868,1.6725,0.00967305088024763,1.1383039271485487,14.11,2.8,0.06,1878.0400390625,0.12,0.305333333333333,0.52157,0.212,-0.0400058571428571
2014-03-10,1.388,1.6633,0.00968710646130001,1.1388224575788635,14.2,2.79,0.05,1877.1700439453125,0.12,0.305333333333333,0.52157,0.212,-0.0400058571428571
2014-03-11,1.3867,1.6628,0.009691800736576855,1.1385631333257429,14.8,2.77,0.05,1867.6300048828125,0.12,0.305333333333333,0.52157,0.212,-0.0400058571428571
2014-03-12,1.3904,1.6605,0.009733307377846993,1.1437721605856115,14.47,2.73,0.05,1868.199951171875,0.12,0.305333333333333,0.52157,0.212,-0.0400058571428571
2014-03-13,1.3927,1.6677,0.009792401096748922,1.1460004584001833,16.22,2.66,0.05,1846.3399658203125,0.12,0.305333333333333,0.52157,0.212,-0.0400058571428571
2014-03-14,1.3924,1.663,0.009856100926473488,1.1478420569329661,17.82,2.65,0.05,1841.1300048828125,0.12,0.305333333333333,0.52157,0.212,-0.0400058571428571
2014-03-17,1.3927,1.6645,0.0098405825624877,1.1460004584001833,15.64,2.7,0.06,1858.8299560546875,0.12,0.305333333333333,0.52157,0.212,-0.0400058571428571
2014-03-18,1.3913,1.6574,0.009864851533984413,1.1437721605856115,14.52,2.68,0.05,1872.25,0.12,0.305333333333333,0.52157,0.212,-0.0400058571428571
2014-03-19,1.391,1.6629,0.009848335631278314,1.1432491139819365,15.12,2.78,0.06,1860.77001953125,0.12,0.305333333333333,0.52157,0.212,-0.0400058571428571
2014-03-20,1.3784,1.6511,0.00976657876745776,1.1321181931393638,14.52,2.79,0.06,1872.010009765625,0.12,0.305333333333333,0.52157,0.212,-0.0400058571428571
2014-03-21,1.3783,1.6498,0.009767532721234616,1.131733816206428,15.0,2.75,0.06,1866.52001953125,0.12,0.305333333333333,0.52157,0.212,-0.0400058571428571
2014-03-24,1.3784,1.6491,0.009783778495254868,1.1312217194570136,15.09,2.74,0.06,1857.43994140625,0.12,0.305333333333333,0.52157,0.212,-0.0400058571428571
2014-03-25,1.3777,1.6507,0.009773260359655983,1.1284134506883323,14.02,2.75,0.05,1865.6199951171875,0.12,0.305333333333333,0.52157,0.212,-0.0400058571428571
2014-03-26,1.3786,1.6566,0.009775171065493646,1.12943302462164,14.93,2.71,0.05,1852.56005859375,0.12,0.305333333333333,0.52157,0.212,-0.0400058571428571
2014-03-27,1.3752,1.6627,0.009794319294809012,1.1287955751213454,14.62,2.69,0.04,1849.0400390625,0.12,0.305333333333333,0.52157,0.212,-0.0400058571428571
2014-03-28,1.3753,1.6637,0.00971628449280995,1.1275228323373547,14.41,2.73,0.04,1857.6199951171875,0.12,0.305333333333333,0.52157,0.212,-0.0400058571428571
2014-03-31,1.3777,1.6675,0.009710623422023694,1.1312217194570136,13.88,2.73,0.05,1872.3399658203125,0.12,0.305333333333333,0.52157,0.212,-0.0400058571428571
2014-04-01,1.3804,1.6639,0.009659969088098918,1.13314447592068,13.1,2.77,0.04,1885.52001953125,0.12,0.32975,0.52665,0.212,-0.0292094
2014-04-02,1.3761,1.6634,0.009632055480639569,1.1273957158962795,13.09,2.82,0.02,1890.9000244140625,0.12,0.32975,0.52665,0.212,-0.0292094
2014-04-03,1.3708,1.6583,0.009620935154897056,1.1209505660800358,13.37,2.8,0.02,1888.77001953125,0.12,0.32975,0.52665,0.212,-0.0292094
2014-04-04,1.3704,1.6594,0.009672115291614276,1.1213276519398967,13.96,2.74,0.03,1865.0899658203125,0.12,0.32975,0.52665,0.212,-0.0292094
2014-04-07,1.3745,1.6616,0.009704968944099378,1.1266336187471835,15.57,2.71,0.03,1845.0400390625,0.12,0.32975,0.52665,0.212,-0.0292094
2014-04-08,1.3802,1.6743,0.009792401096748922,1.131733816206428,14.89,2.69,0.03,1851.9599609375,0.12,0.32975,0.52665,0.212,-0.0292094
2014-04-09,1.3816,1.6751,0.009818360333824251,1.134301270417423,13.82,2.71,0.04,1872.1800537109375,0.12,0.32975,0.52665,0.212,-0.0292094
2014-04-10,1.3892,1.6781,0.009859016070196194,1.1418131993605847,15.89,2.65,0.04,1833.0799560546875,0.12,0.32975,0.52665,0.212,-0.0292094
2014-04-11,1.3898,1.6736,0.009846396218983852,1.1431184270690444,17.03,2.63,0.04,1815.68994140625,0.12,0.32975,0.52665,0.212,-0.0292094
2014-04-14,1.3824,1.6741,0.009822217856792064,1.138433515482696,16.11,2.65,0.04,1830.6099853515625,0.12,0.32975,0.52665,0.212,-0.0292094
2014-04-15,1.3806,1.6725,0.00984251968503937,1.135718341851221,15.61,2.64,0.04,1842.97998046875,0.12,0.32975,0.52665,0.212,-0.0292094
2014-04-16,1.382,1.6794,0.009775171065493646,1.1346873936230568,14.18,2.65,0.04,1862.31005859375,0.12,0.32975,0.52665,0.212,-0.0292094
2014-04-17,1.3832,1.6809,0.009782821365681862,1.1348161597821154,13.36,2.73,0.03,1864.8499755859375,0.12,0.32975,0.52665,0.212,-0.0292094
2014-04-18,1.3816,1.6792,0.009762764814995606,1.1322463768115942,,,,,0.12,0.32975,0.52665,0.212,-0.0292094
2014-04-21,1.379,1.6792,0.009750390015600624,1.1298158400180771,13.25,2.73,0.04,1871.8900146484375,0.12,0.32975,0.52665,0.212,-0.0292094
2014-04-22,1.3804,1.6833,0.009746588693957116,1.1298158400180771,13.19,2.73,0.03,1879.550048828125,0.12,0.32975,0.52665,0.212,-0.0292094
2014-04-23,1.3814,1.6768,0.009778994719342852,1.1327594019030358,13.27,2.7,0.02,1875.3900146484375,0.12,0.32975,0.52665,0.212,-0.0292094
2014-04-24,1.3828,1.6797,0.009771350400625366,1.1341726210729273,13.32,2.7,0.01,1878.6099853515625,0.12,0.32975,0.52665,0.212,-0.0292094
2014-04-25,1.3838,1.681,0.009792401096748922,1.13520263367011,14.06,2.68,0.03,1863.4000244140625,0.12,0.32975,0.52665,0.212,-0.0292094
2014-04-28,1.3844,1.6812,0.009759906304899474,1.1354604292040422,13.97,2.7,0.03,1869.4300537109375,0.12,0.32975,0.52665,0.212,-0.0292094
2014-04-29,1.3808,1.6829,0.009749439407234085,1.1305822498586773,13.71,2.71,0.02,1878.3299560546875,0.12,0.32975,0.52665,0.212,-0.0292094
2014-04-30,1.387,1.6883,0.009790483649892304,1.1363636363636365,13.41,2.67,0.03,1883.949951171875,0.12,0.32975,0.52665,0.212,-0.0292094
2014-05-01,1.3867,1.69,0.009775171065493646,1.1367511651699442,13.25,2.63,0.03,1883.6800537109375,0.11,0.324571428571429,0.52744,0.21,-0.03160255
2014-05-02,1.3864,1.6865,0.009771350400625366,1.1377858686995108,12.91,2.6,0.02,1881.1400146484375,0.11,0.324571428571429,0.52744,0.21,-0.03160255
2014-05-05,1.3884,1.687,0.009798157946306094,1.1397310234784592,13.29,2.63,0.03,1884.6600341796875,0.11,0.324571428571429,0.52744,0.21,-0.03160255
2014-05-06,1.3924,1.6976,0.009845426799251749,1.1436413540713632,13.8,2.61,0.03,1867.719970703125,0.11,0.324571428571429,0.52744,0.21,-0.03160255
2014-05-07,1.3917,1.6964,0.009830908375933936,1.1418131993605847,13.4,2.62,0.03,1878.2099609375,0.11,0.324571428571429,0.52744,0.21,-0.03160255
2014-05-08,1.3864,1.6944,0.00983671060397403,1.138433515482696,13.43,2.61,0.03,1875.6300048828125,0.11,0.324571428571429,0.52744,0.21,-0.03160255
2014-05-09,1.3763,1.6849,0.009828975820719482,1.1286681715575622,12.92,2.62,0.03,1878.47998046875,0.11,0.324571428571429,0.52744,0.21,-0.03160255
2014-05-12,1.376,1.6871,0.009794319294809012,1.1266336187471835,12.23,2.66,0.03,1896.6500244140625,0.11,0.324571428571429,0.52744,0.21,-0.03160255
2014-05-13,1.3711,1.6838,0.009784735812133072,1.124353496739375,12.13,2.61,0.03,1897.449951171875,0.11,0.324571428571429,0.52744,0.21,-0.03160255
2014-05-14,1.3718,1.6784,0.009828009828009828,1.124353496739375,12.17,2.54,0.03,1888.530029296875,0.11,0.324571428571429,0.52744,0.21,-0.03160255
2014-05-15,1.3712,1.6791,0.009858044164037854,1.1238480557428636,13.17,2.5,0.03,1870.8499755859375,0.11,0.324571428571429,0.52744,0.21,-0.03160255
2014-05-16,1.3708,1.6827,0.009852216748768473,1.122334455667789,12.44,2.52,0.03,1877.8599853515625,0.11,0.324571428571429,0.52744,0.21,-0.03160255
2014-05-19,1.3716,1.6822,0.009875567845151095,1.1215791834903546,12.42,2.54,0.03,1885.0799560546875,0.11,0.324571428571429,0.52744,0.21,-0.03160255
2014-05-20,1.3702,1.6847,0.009875567845151095,1.1215791834903546,12.96,2.52,0.03,1872.8299560546875,0.11,0.324571428571429,0.52744,0.21,-0.03160255
2014-05-21,1.3657,1.6869,0.009858044164037854,1.1171936096525528,11.91,2.54,0.04,1888.030029296875,0.11,0.324571428571429,0.52744,0.21,-0.03160255
2014-05-22,1.3652,1.6859,0.009827044025157232,1.117568171658471,12.03,2.56,0.03,1892.489990234375,0.11,0.324571428571429,0.52744,0.21,-0.03160255
2014-05-23,1.3628,1.6822,0.009815469179426778,1.1163206072784102,11.36,2.54,0.04,1900.530029296875,0.11,0.324571428571429,0.52744,0.21,-0.03160255
2014-05-26,,,,,,,,,0.11,0.324571428571429,0.52744,0.21,-0.03160255
2014-05-27,1.3618,1.68,0.009790483649892304,1.1139578923916675,11.51,2.52,0.04,1911.9100341796875,0.11,0.324571428571429,0.52744,0.21,-0.03160255
2014-05-28,1.3596,1.6709,0.009825112988799371,1.11333778668448,11.68,2.44,0.04,1909.780029296875,0.11,0.324571428571429,0.52744,0.21,-0.03160255
2014-05-29,1.3608,1.6719,0.009844457570387872,1.1148272017837235,11.57,2.45,0.04,1920.030029296875,0.11,0.324571428571429,0.52744,0.21,-0.03160255
2014-05-30,1.364,1.6764,0.009826078412105728,1.118067978533095,11.4,2.48,0.04,1923.5699462890625,0.11,0.324571428571429,0.52744,0.21,-0.03160255
2014-06-02,1.3606,1.6756,0.009775171065493646,1.1135857461024499,11.58,2.54,0.04,1924.969970703125,0.11,0.241428571428571,0.54394,0.21,-0.012441
2014-06-03,1.3624,1.6753,0.009763718023823472,1.1155734047300312,11.87,2.6,0.04,1924.239990234375,0.11,0.241428571428571,0.54394,0.21,-0.012441
2014-06-04,1.3619,1.6747,0.009738046547862499,1.1165698972755695,12.08,2.61,0.04,1927.8800048828125,0.11,0.241428571428571,0.54394,0.21,-0.012441
2014-06-05,1.3618,1.6796,0.009761811792268645,1.118067978533095,11.68,2.59,0.04,1940.4599609375,0.11,0.241428571428571,0.54394,0.21,-0.012441
2014-06-06,1.3639,1.6794,0.00975609756097561,1.1188185276348175,10.73,2.6,0.04,1949.43994140625,0.11,0.241428571428571,0.54394,0.21,-0.012441
2014-06-09,1.3589,1.6798,0.009754194303550527,1.1143302874972143,11.15,2.62,0.04,1951.27001953125,0.11,0.241428571428571,0.54394,0.21,-0.012441
2014-06-10,1.3543,1.6753,0.009768486861385171,1.1116051578479325,10.99,2.64,0.04,1950.7900390625,0.11,0.241428571428571,0.54394,0.21,-0.012441
2014-06-11,1.3532,1.6795,0.009809691975671964,1.1113580795732385,11.6,2.65,0.04,1943.8900146484375,0.11,0.241428571428571,0.54394,0.21,-0.012441
2014-06-12,1.3556,1.6853,0.009820288716488264,1.11333778668448,12.56,2.58,0.04,1930.1099853515625,0.11,0.241428571428571,0.54394,0.21,-0.012441
2014-06-13,1.3522,1.6953,0.009798157946306094,1.1101243339253997,12.18,2.6,0.04,1936.1600341796875,0.11,0.241428571428571,0.54394,0.21,-0.012441
2014-06-16,1.3578,1.6988,0.009821253191907287,1.114951499609767,12.65,2.61,0.04,1937.780029296875,0.11,0.241428571428571,0.54394,0.21,-0.012441
2014-06-17,1.3543,1.6965,0.009786651008025053,1.1113580795732385,12.06,2.66,0.04,1941.989990234375,0.11,0.241428571428571,0.54394,0.21,-0.012441
2014-06-18,1.3567,1.6951,0.009788566953797965,1.1140819964349378,10.61,2.61,0.03,1956.97998046875,0.11,0.241428571428571,0.54394,0.21,-0.012441
2014-06-19,1.362,1.7046,0.009819324430479183,1.1195700850873265,10.62,2.64,0.02,1959.47998046875,0.11,0.241428571428571,0.54394,0.21,-0.012441
2014-06-20,1.3586,1.7014,0.009790483649892304,1.1160714285714286,10.85,2.63,0.02,1962.8699951171875,0.11,0.241428571428571,0.54394,0.21,-0.012441
2014-06-23,1.3593,1.701,0.009813542688910696,1.117568171658471,10.98,2.63,0.03,1962.6099853515625,0.11,0.241428571428571,0.54394,0.21,-0.012441
2014-06-24,1.3588,1.6971,0.009791442279447763,1.1166945840312674,12.13,2.59,0.03,1949.97998046875,0.11,0.241428571428571,0.54394,0.21,-0.012441
2014-06-25,1.3638,1.6986,0.009828009828009828,1.1213276519398967,11.59,2.57,0.03,1959.530029296875,0.11,0.241428571428571,0.54394,0.21,-0.012441
2014-06-26,1.361,1.7018,0.00983671060397403,1.119444755401321,11.63,2.53,0.04,1957.219970703125,0.11,0.241428571428571,0.54394,0.21,-0.012441
2014-06-27,1.3631,1.7016,0.009862905611993293,1.121201928467317,11.26,2.54,0.03,1960.9599609375,0.11,0.241428571428571,0.54394,0.21,-0.012441
2014-06-30,1.369,1.7105,0.009873617693522907,1.1276499774470004,11.57,2.53,0.04,1960.22998046875,0.11,0.241428571428571,0.54394,0.21,-0.012441
2014-07-01,1.3681,1.7147,0.009851246182642104,1.1272686281140796,11.15,2.58,0.02,1973.3199462890625,0.13,0.20504347826087,0.55641,0.21,0.0333333333333333
2014-07-02,1.3656,1.7165,0.009827044025157232,1.1253657438667568,10.82,2.64,0.02,1974.6199951171875,0.13,0.20504347826087,0.55641,0.21,0.0333333333333333
2014-07-03,1.361,1.7152,0.009785693316371465,1.1193194537721065,10.32,2.65,0.01,1985.43994140625,0.13,0.20504347826087,0.55641,0.21,0.0333333333333333
2014-07-04,,,,,,,,,0.13,0.20504347826087,0.55641,0.21,0.0333333333333333
2014-07-07,1.3604,1.7128,0.009819324430479183,1.1193194537721065,11.33,2.63,0.04,1977.6500244140625,0.13,0.20504347826087,0.55641,0.21,0.0333333333333333
2014-07-08,1.3614,1.7127,0.009849305623953511,1.1205737337516808,11.98,2.58,0.03,1963.7099609375,0.13,0.20504347826087,0.55641,0.21,0.0333333333333333
2014-07-09,1.363,1.713,0.00983284169124877,1.1213276519398967,11.65,2.57,0.03,1972.8299560546875,0.13,0.20504347826087,0.55641,0.21,0.0333333333333333
2014-07-10,1.36,1.7122,0.009875567845151095,1.1203226529240422,12.59,2.55,0.02,1964.6800537109375,0.13,0.20504347826087,0.55641,0.21,0.0333333333333333
2014-07-11,1.3598,1.7108,0.009868745682423763,1.1203226529240422,12.08,2.53,0.02,1967.5699462890625,0.13,0.20504347826087,0.55641,0.21,0.0333333333333333
2014-07-14,1.362,1.7079,0.009844457570387872,1.1213276519398967,11.82,2.55,0.03,1977.0999755859375,0.13,0.20504347826087,0.55641,0.21,0.0333333333333333
2014-07-15,1.3573,1.7149,0.0098405825624877,1.1169440411035407,11.96,2.56,0.02,1973.280029296875,0.13,0.20504347826087,0.55641,0.21,0.0333333333333333
2014-07-16,1.353,1.7131,0.009833808634083981,1.1130899376669636,11.0,2.55,0.02,1981.5699462890625,0.13,0.20504347826087,0.55641,0.21,0.0333333333333333
2014-07-17,1.353,1.7104,0.009871668311944718,1.1144544745347154,14.54,2.47,0.02,1958.1199951171875,0.13,0.20504347826087,0.55641,0.21,0.0333333333333333
2014-07-18,1.3515,1.7069,0.009864851533984413,1.1124707976415618,12.06,2.5,0.02,1978.219970703125,0.13,0.20504347826087,0.55641,0.21,0.0333333333333333
2014-07-21,1.3524,1.7067,0.009867771857114663,1.1135857461024499,12.81,2.49,0.03,1973.6300048828125,0.13,0.20504347826087,0.55641,0.21,0.0333333333333333
2014-07-22,1.347,1.7058,0.009848335631278314,1.108401684770561,12.24,2.48,0.03,1983.530029296875,0.13,0.20504347826087,0.55641,0.21,0.0333333333333333
2014-07-23,1.3462,1.7036,0.009852216748768473,1.1081560283687943,11.52,2.48,0.03,1987.010009765625,0.13,0.20504347826087,0.55641,0.21,0.0333333333333333
2014-07-24,1.3468,1.6981,0.009821253191907287,1.1081560283687943,11.84,2.52,0.03,1987.97998046875,0.13,0.20504347826087,0.55641,0.21,0.0333333333333333
2014-07-25,1.3431,1.6972,0.009822217856792064,1.105583195135434,12.69,2.48,0.03,1978.3399658203125,0.13,0.20504347826087,0.55641,0.21,0.0333333333333333
2014-07-28,1.344,1.6991,0.009821253191907287,1.1065619121389842,12.56,2.5,0.04,1978.9100341796875,0.13,0.20504347826087,0.55641,0.21,0.0333333333333333
2014-07-29,1.341,1.6939,0.009792401096748922,1.102779003087781,13.28,2.47,0.02,1969.949951171875,0.13,0.20504347826087,0.55641,0.21,0.0333333333333333
2014-07-30,1.3378,1.6903,0.009718172983479106,1.0993843447669305,13.33,2.57,0.04,1970.0699462890625,0.13,0.20504347826087,0.55641,0.21,0.0333333333333333
2014-07-31,1.339,1.6889,0.009732360097323601,1.100594320933304,16.95,2.58,0.03,1930.6700439453125,0.13,0.20504347826087,0.55641,0.21,0.0333333333333333
2014-08-01,1.3436,1.6832,0.009760858955588092,1.1052166224580018,17.03,2.52,0.03,1925.1500244140625,0.13,0.191571428571429,0.56119,0.21,0.038
2014-08-04,1.3414,1.6841,0.009758953840148335,1.102779003087781,15.12,2.51,0.04,1938.989990234375,0.13,0.191571428571429,0.56119,0.21,0.038
2014-08-05,1.3366,1.6874,0.009730466089325679,1.098659635245001,16.87,2.49,0.03,1920.2099609375,0.13,0.191571428571429,0.56119,0.21,0.038
2014-08-06,1.3355,1.6833,0.009771350400625366,1.0995052226498077,16.37,2.49,0.03,1920.239990234375,0.13,0.191571428571429,0.56119,0.21,0.038
2014-08-07,1.3362,1.6849,0.009798157946306094,1.100594320933304,16.66,2.43,0.03,1909.5699462890625,0.13,0.191571428571429,0.56119,0.21,0.038
2014-08-08,1.3412,1.6778,0.009812579727210283,1.1049723756906078,15.77,2.44,0.03,1931.5899658203125,0.13,0.191571428571429,0.56119,0.21,0.038
2014-08-11,1.3385,1.6787,0.009790483649892304,1.1033873993158998,14.23,2.44,0.04,1936.9200439453125,0.13,0.191571428571429,0.56119,0.21,0.038
2014-08-12,1.3357,1.6806,0.009782821365681862,1.1010790574763267,14.13,2.46,0.03,1933.75,0.13,0.191571428571429,0.56119,0.21,0.038
2014-08-13,1.3367,1.6696,0.00975800156128025,1.1014428901861437,12.9,2.43,0.04,1946.719970703125,0.13,0.191571428571429,0.56119,0.21,0.038
2014-08-14,1.3376,1.6694,0.009761811792268645,1.1042402826855124,12.42,2.4,0.04,1955.1800537109375,0.13,0.191571428571429,0.56119,0.21,0.038
2014-08-15,1.3392,1.6686,0.009785693316371465,1.1079104808331488,13.15,2.34,0.03,1955.06005859375,0.13,0.191571428571429,0.56119,0.21,0.038
2014-08-18,1.3358,1.672,0.009752291788570313,1.1030222810500772,12.32,2.39,0.03,1971.739990234375,0.13,0.191571428571429,0.56119,0.21,0.038
2014-08-19,1.332,1.662,0.009721952167995334,1.1002310485201892,12.21,2.4,0.03,1981.5999755859375,0.13,0.191571428571429,0.56119,0.21,0.038
2014-08-20,1.3284,1.6633,0.009674922600619196,1.0969723562966214,11.78,2.43,0.04,1986.510009765625,0.13,0.191571428571429,0.56119,0.21,0.038
2014-08-21,1.3284,1.6589,0.009635767970707265,1.0974539069359086,11.76,2.41,0.02,1992.3699951171875,0.13,0.191571428571429,0.56119,0.21,0.038
2014-08-22,1.3237,1.6574,0.009618159084351255,1.0938525486764383,11.47,2.4,0.03,1988.4000244140625,0.13,0.191571428571429,0.56119,0.21,0.038
2014-08-25,1.3206,1.6585,0.009619084263178146,1.0936132983377078,11.7,2.39,0.04,1997.9200439453125,0.13,0.191571428571429,0.56119,0.21,0.038
2014-08-26,1.3189,1.657,0.009604302727621973,1.0908694229300753,11.63,2.39,0.03,2000.02001953125,0.13,0.191571428571429,0.56119,0.21,0.038
2014-08-27,1.3192,1.6573,0.009617234083477592,1.0931351114997814,11.78,2.37,0.04,2000.1199951171875,0.13,0.191571428571429,0.56119,0.21,0.038
2014-08-28,1.3178,1.6579,0.009635767970707265,1.0928961748633879,12.05,2.34,0.03,1996.739990234375,0.13,0.191571428571429,0.56119,0.21,0.038
2014-08-29,1.315,1.6585,0.009615384615384616,1.090037061260083,11.98,2.35,0.03,2003.3699951171875,0.13,0.191571428571429,0.56119,0.21,0.038
2014-09-01,,,,,,,,,0.12,0.0970909090909091,0.56291,0.21,0.025
2014-09-02,1.3124,1.6502,0.009514747859181731,1.087429317094389,12.25,2.42,0.03,2002.280029296875,0.12,0.0970909090909091,0.56291,0.21,0.025
2014-09-03,1.3136,1.6451,0.009534706331045004,1.0886131069018072,12.36,2.41,0.03,2000.719970703125,0.12,0.0970909090909091,0.56291,0.21,0.025
2014-09-04,1.2926,1.6349,0.009503896597605019,1.0721561059290232,12.64,2.45,0.03,1997.6500244140625,0.12,0.0970909090909091,0.56291,0.21,0.025
2014-09-05,1.2956,1.6312,0.00952925481227368,1.0745755426606491,12.09,2.46,0.03,2007.7099609375,0.12,0.0970909090909091,0.56291,0.21,0.025
2014-09-08,1.2948,1.6141,0.00946521533364884,1.0733068584308254,12.66,2.48,0.02,2001.5400390625,0.12,0.0970909090909091,0.56291,0.21,0.025
2014-09-09,1.2909,1.6088,0.009405568096313018,1.069747539580659,13.5,2.5,0.02,1988.43994140625,0.12,0.0970909090909091,0.56291,0.21,0.025
2014-09-10,1.2908,1.6134,0.009366804046459348,1.0658708164570454,12.88,2.54,0.02,1995.68994140625,0.12,0.0970909090909091,0.56291,0.21,0.025
2014-09-11,1.2936,1.6225,0.009357162908206231,1.0696331158412664,12.8,2.54,0.02,1997.449951171875,0.12,0.0970909090909091,0.56291,0.21,0.025
2014-09-12,1.2955,1.6243,0.009324878776575904,1.071007818357074,13.31,2.62,0.02,1985.5400390625,0.12,0.0970909090909091,0.56291,0.21,0.025
2014-09-15,1.2951,1.6243,0.009330098899048329,1.0702054794520548,14.12,2.6,0.02,1984.1300048828125,0.12,0.0970909090909091,0.56291,0.21,0.025
2014-09-16,1.2976,1.629,0.009353661958656815,1.0736525660296328,12.73,2.6,0.02,1998.97998046875,0.12,0.0970909090909091,0.56291,0.21,0.025
2014-09-17,1.2958,1.6329,0.009295408068414203,1.0699764605178685,12.65,2.62,0.02,2001.5699462890625,0.12,0.0970909090909091,0.56291,0.21,0.025
2014-09-18,1.2913,1.6372,0.009200478424878094,1.0702054794520548,12.03,2.63,0.02,2011.3599853515625,0.12,0.0970909090909091,0.56291,0.21,0.025
2014-09-19,1.2835,1.6314,0.009177679882525698,1.0633772862611655,12.11,2.59,0.02,2010.4000244140625,0.12,0.0970909090909091,0.56291,0.21,0.025
2014-09-22,1.2829,1.634,0.009184423218221896,1.0626992561105209,13.69,2.57,0.01,1994.2900390625,0.12,0.0970909090909091,0.56291,0.21,0.025
2014-09-23,1.2858,1.637,0.009189487226612756,1.0654165778819518,14.93,2.54,0.01,1982.77001953125,0.12,0.0970909090909091,0.56291,0.21,0.025
2014-09-24,1.2788,1.6344,0.00918105031215571,1.0586491636671607,13.27,2.57,0.02,1998.300048828125,0.12,0.0970909090909091,0.56291,0.21,0.025
2014-09-25,1.2748,1.6313,0.00919963201471941,1.0563008344776592,15.64,2.52,0.01,1965.989990234375,0.12,0.0970909090909091,0.56291,0.21,0.025
2014-09-26,1.2686,1.6254,0.009147457006952069,1.0511931041732365,14.85,2.54,0.01,1982.8499755859375,0.12,0.0970909090909091,0.56291,0.21,0.025
2014-09-29,1.2703,1.6262,0.009145783793671118,1.052853232259423,15.98,2.5,0.02,1977.800048828125,0.12,0.0970909090909091,0.56291,0.21,0.025
2014-09-30,1.2628,1.622,0.009119095385737736,1.0466820180029306,16.31,2.52,0.02,1972.2900390625,0.12,0.0970909090909091,0.56291,0.21,0.025
2014-10-01,1.2618,1.6216,0.009149130832570906,1.0453690152623876,16.71,2.42,0.02,1946.1600341796875,0.12,0.0826086956521739,0.55836,0.192,0.04
2014-10-02,1.267,1.614,0.009250693802035153,1.049097775912715,16.16,2.44,0.01,1946.1700439453125,0.12,0.0826086956521739,0.55836,0.192,0.04
2014-10-03,1.2517,1.5962,0.009115770282588878,1.0341261633919339,14.55,2.45,0.01,1967.9000244140625,0.12,0.0826086956521739,0.55836,0.192,0.04
2014-10-06,1.2592,1.6029,0.009167583425009168,1.0388531061707875,15.46,2.43,0.02,1964.8199462890625,0.12,0.0826086956521739,0.55836,0.192,0.04
2014-10-07,1.2626,1.6072,0.009233610341643583,1.0410160316468873,17.2,2.36,0.02,1935.0999755859375,0.12,0.0826086956521739,0.55836,0.192,0.04
2014-10-08,1.2683,1.6068,0.00922424130615257,1.0455876202425762,15.11,2.35,0.01,1968.8900146484375,0.12,0.0826086956521739,0.55836,0.192,0.04
2014-10-09,1.2683,1.6123,0.009259259259259259,1.0476689366160292,18.76,2.34,0.01,1928.2099609375,0.12,0.0826086956521739,0.55836,0.192,0.04
2014-10-10,1.2636,1.6049,0.009273856997125105,1.0451505016722409,21.24,2.31,0.01,1906.1300048828125,0.12,0.0826086956521739,0.55836,0.192,0.04
2014-10-13,,,,,24.64,,,1874.739990234375,0.12,0.0826086956521739,0.55836,0.192,0.04
2014-10-14,1.266,1.593,0.009332711152589827,1.0486577181208054,22.79,2.21,0.02,1877.699951171875,0.12,0.0826086956521739,0.55836,0.192,0.04
2014-10-15,1.2778,1.5959,0.009428625306430322,1.058873358746294,26.25,2.15,0.02,1862.489990234375,0.12,0.0826086956521739,0.55836,0.192,0.04
2014-10-16,1.2812,1.6065,0.009435742592942064,1.0610079575596818,25.2,2.17,0.03,1862.760009765625,0.12,0.0826086956521739,0.55836,0.192,0.04
2014-10-17,1.2755,1.6086,0.009370314842578711,1.0561892691170258,21.99,2.22,0.02,1886.760009765625,0.12,0.0826086956521739,0.55836,0.192,0.04
2014-10-20,1.2783,1.6137,0.009357162908206231,1.0595465140919686,18.57,2.2,0.02,1904.010009765625,0.12,0.0826086956521739,0.55836,0.192,0.04
2014-10-21,1.2724,1.6134,0.00937207122774133,1.054629824931449,16.08,2.23,0.02,1941.280029296875,0.12,0.0826086956521739,0.55836,0.192,0.04
2014-10-22,1.2658,1.607,0.009317927692881103,1.0493179433368311,17.87,2.25,0.02,1927.1099853515625,0.12,0.0826086956521739,0.55836,0.192,0.04
2014-10-23,1.2658,1.6037,0.009245562130177515,1.048767697954903,16.53,2.29,0.01,1950.8199462890625,0.12,0.0826086956521739,0.55836,0.192,0.04
2014-10-24,1.2675,1.6098,0.009254118082546734,1.0510826150935464,16.11,2.29,0.01,1964.5799560546875,0.12,0.0826086956521739,0.55836,0.192,0.04
2014-10-27,1.2712,1.6133,0.009284189026088572,1.054407423028258,16.04,2.27,0.02,1961.6300048828125,0.12,0.0826086956521739,0.55836,0.192,0.04
2014-10-28,1.2747,1.6157,0.009259259259259259,1.0567473317129874,14.39,2.3,0.02,1985.050048828125,0.12,0.0826086956521739,0.55836,0.192,0.04
2014-10-29,1.2762,1.6149,0.009250693802035153,1.0579771476936097,15.15,2.34,0.03,1982.300048828125,0.12,0.0826086956521739,0.55836,0.192,0.04
2014-10-30,1.2622,1.6023,0.009179364787956673,1.0469011725293131,14.52,2.32,0.01,1994.6500244140625,0.12,0.0826086956521739,0.55836,0.192,0.04
2014-10-31,1.253,1.5999,0.00892140244446427,1.039176971838304,14.03,2.35,0.01,2018.050048828125,0.12,0.0826086956521739,0.55836,0.192,0.04
2014-11-03,1.2487,1.5986,0.00877808988764045,1.0357327809425168,14.73,2.36,0.02,2017.81005859375,0.13,0.0809,0.55628,0.182,0.0414285714285714
2014-11-04,1.2554,1.5991,0.008815232722143865,1.0421008753647354,14.89,2.35,0.03,2012.0999755859375,0.13,0.0809,0.55628,0.182,0.0414285714285714
2014-11-05,1.2488,1.5984,0.008724480893386843,1.037344398340249,14.17,2.36,0.03,2023.5699462890625,0.13,0.0809,0.55628,0.182,0.0414285714285714
2014-11-06,1.2414,1.5862,0.008705493166187864,1.0307153164296021,13.67,2.39,0.03,2031.2099609375,0.13,0.0809,0.55628,0.182,0.0414285714285714
2014-11-07,1.2422,1.5844,0.008716116098666434,1.0326311441553078,13.12,2.32,0.03,2031.9200439453125,0.13,0.0809,0.55628,0.182,0.0414285714285714
2014-11-10,1.2425,1.5857,0.008712319219376197,1.0332713370531101,12.67,2.38,0.02,2038.260009765625,0.13,0.0809,0.55628,0.182,0.0414285714285714
2014-11-11,,,,,12.92,,,2039.6800537109375,0.13,0.0809,0.55628,0.182,0.0414285714285714
2014-11-12,1.2456,1.5815,0.008664009703690868,1.0362694300518136,13.02,2.37,0.02,2038.25,0.13,0.0809,0.55628,0.182,0.0414285714285714
2014-11-13,1.2476,1.5717,0.008648274669203494,1.0379904504878554,13.79,2.35,0.02,2039.3299560546875,0.13,0.0809,0.55628,0.182,0.0414285714285714
2014-11-14,1.2494,1.5657,0.008582217645039478,1.0399334442595674,13.31,2.32,0.02,2039.8199462890625,0.13,0.0809,0.55628,0.182,0.0414285714285714
2014-11-17,1.2447,1.5645,0.008588114050154586,1.035947373873407,13.99,2.34,0.03,2041.3199462890625,0.13,0.0809,0.55628,0.182,0.0414285714285714
2014-11-18,1.2534,1.5648,0.00856457690990065,1.0435145570280704,13.86,2.32,0.02,2051.800048828125,0.13,0.0809,0.55628,0.182,0.0414285714285714
2014-11-19,1.2548,1.567,0.008496176720475786,1.0447137484329294,13.96,2.36,0.01,2048.719970703125,0.13,0.0809,0.55628,0.182,0.0414285714285714
2014-11-20,1.2526,1.5683,0.008464533604198408,1.0421008753647354,13.58,2.34,0.02,2052.75,0.13,0.0809,0.55628,0.182,0.0414285714285714
2014-11-21,1.2394,1.5672,0.008493290300662476,1.0313531353135312,12.9,2.31,0.01,2063.5,0.13,0.0809,0.55628,0.182,0.0414285714285714
2014-11-24,1.2427,1.5701,0.008446659346228567,1.0334849111202977,12.62,2.3,0.02,2069.409912109375,0.13,0.0809,0.55628,0.182,0.0414285714285714
2014-11-25,1.2472,1.5714,0.008475294516484448,1.0368066355624677,12.25,2.27,0.02,2067.030029296875,0.13,0.0809,0.55628,0.182,0.0414285714285714
2014-11-26,1.2503,1.5787,0.008503401360544218,1.0401497815685459,12.07,2.24,0.02,2072.830078125,0.13,0.0809,0.55628,0.182,0.0414285714285714
2014-11-27,,,,,,,,,0.13,0.0809,0.55628,0.182,0.0414285714285714
2014-11-28,1.2438,1.5638,0.008424599831508003,1.0354110581901015,13.33,2.18,0.02,2067.56005859375,0.13,0.0809,0.55628,0.182,0.0414285714285714
2014-12-01,1.249,1.5743,0.008464533604198408,1.0383137784238397,14.29,2.22,0.03,2053.43994140625,0.15,0.0809047619047619,0.55818,0.179,0.040234375
2014-12-02,1.239,1.5651,0.008396305625524769,1.02880658436214,12.85,2.28,0.03,2066.550048828125,0.15,0.0809047619047619,0.55818,0.179,0.040234375
2014-12-03,1.2304,1.57,0.008345852111500584,1.0225994477962983,12.47,2.29,0.01,2074.330078125,0.15,0.0809047619047619,0.55818,0.179,0.040234375
2014-12-04,1.2432,1.5707,0.008356313194618534,1.0336985734959685,12.38,2.25,0.02,2071.919921875,0.15,0.0809047619047619,0.55818,0.179,0.040234375
2014-12-05,1.2304,1.56,0.008238589553468446,1.023331968890708,11.82,2.31,0.02,2075.3701171875,0.15,0.0809047619047619,0.55818,0.179,0.040234375
2014-12-08,1.2292,1.5625,0.008271982794275788,1.022704029453876,14.21,2.26,0.03,2060.31005859375,0.15,0.0809047619047619,0.55818,0.179,0.040234375
2014-12-09,1.2415,1.5694,0.008412551526878103,1.0330578512396695,14.89,2.22,0.04,2059.820068359375,0.15,0.0809047619047619,0.55818,0.179,0.040234375
2014-12-10,1.2425,1.5689,0.008438818565400843,1.0330578512396695,18.53,2.18,0.03,2026.1400146484375,0.15,0.0809047619047619,0.55818,0.179,0.040234375
2014-12-11,1.2397,1.5712,0.008375209380234505,1.0322047894302229,20.08,2.19,0.03,2035.3299560546875,0.15,0.0809047619047619,0.55818,0.179,0.040234375
2014-12-12,1.2484,1.5728,0.00845880561664693,1.0395010395010396,21.08,2.1,0.02,2002.3299560546875,0.15,0.0809047619047619,0.55818,0.179,0.040234375
2014-12-15,1.247,1.5663,0.008492569002123142,1.0382059800664452,20.42,2.12,0.04,1989.6300048828125,0.15,0.0809047619047619,0.55818,0.179,0.040234375
2014-12-16,1.2504,1.5736,0.008526603001364257,1.0412328196584757,23.57,2.07,0.03,1972.739990234375,0.15,0.0809047619047619,0.55818,0.179,0.040234375
2014-12-17,1.2406,1.5652,0.008500510030601836,1.0331645831180907,19.44,2.14,0.03,2012.8900146484375,0.15,0.0809047619047619,0.55818,0.179,0.040234375
2014-12-18,1.2291,1.5662,0.00841467519353753,1.0210332856851132,16.81,2.22,0.04,2061.22998046875,0.15,0.0809047619047619,0.55818,0.179,0.040234375
2014-12-19,1.2235,1.5609,0.008364001338240215,1.017087062652563,16.49,2.17,0.04,2070.64990234375,0.15,0.0809047619047619,0.55818,0.179,0.040234375
2014-12-22,1.2252,1.5618,0.008344459279038718,1.0183299389002036,15.25,2.17,0.05,2078.5400390625,0.15,0.0809047619047619,0.55818,0.179,0.040234375
2014-12-23,1.218,1.5517,0.008286377195889956,1.012965964343598,14.8,2.26,0.03,2082.169921875,0.15,0.0809047619047619,0.55818,0.179,0.040234375
2014-12-24,1.2188,1.5549,0.008302200083022,1.0136847440446022,14.37,2.27,0.01,2081.8798828125,0.15,0.0809047619047619,0.55818,0.179,0.040234375
2014-12-25,,,,,,,,,0.15,0.0809047619047619,0.55818,0.179,0.040234375
2014-12-26,,,,,14.5,2.25,0.01,2088.77001953125,0.15,0.0809047619047619,0.55818,0.179,0.040234375
2014-12-29,1.2179,1.5524,0.00829393713195654,1.0123506782749545,15.06,2.22,0.03,2090.570068359375,0.15,0.0809047619047619,0.55818,0.179,0.040234375
2014-12-30,1.2174,1.5573,0.008379420144126026,1.0121457489878543,15.92,2.2,0.03,2080.35009765625,0.15,0.0809047619047619,0.55818,0.179,0.040234375
2014-12-31,1.2101,1.5578,0.008343763037129746,1.00664384940608,19.2,2.17,0.04,2058.89990234375,0.15,0.0809047619047619,0.55818,0.179,0.040234375
2015-01-01,,,,,,,,,0.16,0.0626666666666667,0.5626,0.173,-0.416666666666667
2015-01-02,1.2015,1.5361,0.008319467554076539,0.9996001599360256,17.79,2.12,0.02,2058.199951171875,0.16,0.0626666666666667,0.5626,0.173,-0.416666666666667
2015-01-05,1.1918,1.5234,0.008358408559010365,0.9921619208254787,19.92,2.04,0.03,2020.5799560546875,0.16,0.0626666666666667,0.5626,0.173,-0.416666666666667
2015-01-06,1.1936,1.5174,0.00845594452900389,0.9938382031405287,21.12,1.97,0.03,2002.6099853515625,0.16,0.0626666666666667,0.5626,0.173,-0.416666666666667
2015-01-07,1.182,1.5073,0.008366800535475234,0.984251968503937,19.31,1.96,0.03,2025.9000244140625,0.16,0.0626666666666667,0.5626,0.173,-0.416666666666667
2015-01-08,1.1811,1.5118,0.008367500627562547,0.9833808634083981,17.01,2.03,0.03,2062.139892578125,0.16,0.0626666666666667,0.5626,0.173,-0.416666666666667
2015-01-09,1.183,1.5151,0.008427439743805831,0.9851246182642105,17.55,1.98,0.02,2044.81005859375,0.16,0.0626666666666667,0.5626,0.173,-0.416666666666667
2015-01-12,1.1832,1.5168,0.008451656524678837,0.9852216748768474,19.6,1.92,0.03,2028.260009765625,0.16,0.0626666666666667,0.5626,0.173,-0.416666666666667
2015-01-13,1.1779,1.5166,0.008463100880162491,0.9808729769494849,20.56,1.91,0.03,2023.030029296875,0.16,0.0626666666666667,0.5626,0.173,-0.416666666666667
2015-01-14,1.1806,1.5234,0.008563110121596164,0.9830908375933936,21.48,1.86,0.04,2011.27001953125,0.16,0.0626666666666667,0.5626,0.173,-0.416666666666667
2015-01-15,1.1598,1.5161,0.008550662676357417,1.1198208286674132,22.39,1.77,0.03,1992.6700439453125,0.16,0.0626666666666667,0.5626,0.173,-0.416666666666667
2015-01-16,1.1517,1.5132,0.008514261387824606,1.17813383600377,20.95,1.83,0.03,2019.4200439453125,0.16,0.0626666666666667,0.5626,0.173,-0.416666666666667
2015-01-19,,,,,,,,,0.16,0.0626666666666667,0.5626,0.173,-0.416666666666667
2015-01-20,1.1559,1.5162,0.008440243079000674,1.142726545537653,19.89,1.82,0.03,2022.550048828125,0.16,0.0626666666666667,0.5626,0.173,-0.416666666666667
2015-01-21,1.1584,1.5118,0.008484642796538266,1.1633317822242903,18.85,1.87,0.03,2032.1199951171875,0.16,0.0626666666666667,0.5626,0.173,-0.416666666666667
2015-01-22,1.1414,1.5052,0.008480325644504749,1.1523392486748099,16.4,1.9,0.03,2063.14990234375,0.16,0.0626666666666667,0.5626,0.173,-0.416666666666667
2015-01-23,1.1279,1.5022,0.008488964346349746,1.1415525114155252,16.66,1.81,0.02,2051.820068359375,0.16,0.0626666666666667,0.5626,0.173,-0.416666666666667
2015-01-26,1.129,1.5088,0.00844737286703835,1.1125945705384956,15.52,1.83,0.03,2057.090087890625,0.16,0.0626666666666667,0.5626,0.173,-0.416666666666667
2015-01-27,1.137,1.5196,0.008501955449753443,1.1059500110595002,17.22,1.83,0.02,2029.550048828125,0.16,0.0626666666666667,0.5626,0.173,-0.416666666666667
2015-01-28,1.1342,1.5165,0.008493290300662476,1.1043622308117063,20.44,1.73,0.02,2002.1600341796875,0.16,0.0626666666666667,0.5626,0.173,-0.416666666666667
2015-01-29,1.1308,1.5043,0.008452370890034654,1.0838933448948624,18.76,1.77,0.03,2021.25,0.16,0.0626666666666667,0.5626,0.173,-0.416666666666667
2015-01-30,1.129,1.5026,0.0085149863760218,1.0857763300760044,20.97,1.68,0.02,1994.989990234375,0.16,0.0626666666666667,0.5626,0.173,-0.416666666666667
2015-02-02,1.1337,1.5027,0.008522969402539845,1.0796804145972791,19.43,1.68,0.02,2020.8499755859375,0.15,0.0482,0.56363,0.171,-0.675
2015-02-03,1.1462,1.5129,0.008512087163772556,1.0829542993285683,17.33,1.79,0.02,2050.030029296875,0.15,0.0482,0.56363,0.171,-0.675
2015-02-04,1.1418,1.5209,0.008504847763225038,1.082485386447283,18.33,1.81,0.01,2041.510009765625,0.15,0.0482,0.56363,0.171,-0.675
2015-02-05,1.1432,1.5293,0.008517887563884156,1.0813148788927336,16.85,1.83,0.02,2062.52001953125,0.15,0.0482,0.56363,0.171,-0.675
2015-02-06,1.133,1.5247,0.008392077878482713,1.083658430862592,17.29,1.95,0.02,2055.469970703125,0.15,0.0482,0.56363,0.171,-0.675
2015-02-09,1.1316,1.5217,0.008424599831508003,1.0801468999783972,18.55,1.96,0.01,2046.739990234375,0.15,0.0482,0.56363,0.171,-0.675
2015-02-10,1.1316,1.5252,0.008380824673147838,1.0795638562020944,17.23,2.01,0.01,2068.590087890625,0.15,0.0482,0.56363,0.171,-0.675
2015-02-11,1.13,1.5232,0.00830702774547267,1.0766580534022394,16.96,2.0,0.01,2068.530029296875,0.15,0.0482,0.56363,0.171,-0.675
2015-02-12,1.141,1.538,0.008423180592991913,1.0772379618657761,15.34,1.99,0.02,2088.47998046875,0.15,0.0482,0.56363,0.171,-0.675
2015-02-13,1.1408,1.5394,0.008424599831508003,1.0743446497636442,14.69,2.02,0.01,2096.989990234375,0.15,0.0482,0.56363,0.171,-0.675
2015-02-16,,,,,,,,,0.15,0.0482,0.56363,0.171,-0.675
2015-02-17,1.1395,1.5349,0.008404067568703252,1.0699764605178685,15.8,2.14,0.02,2100.340087890625,0.15,0.0482,0.56363,0.171,-0.675
2015-02-18,1.1342,1.543,0.008389965601141035,1.0586491636671607,15.45,2.07,0.02,2099.679931640625,0.15,0.0482,0.56363,0.171,-0.675
2015-02-19,1.1392,1.5451,0.00841467519353753,1.0557432432432432,15.29,2.11,0.02,2097.449951171875,0.15,0.0482,0.56363,0.171,-0.675
2015-02-20,1.1372,1.5385,0.008426019548365351,1.0616838305552607,14.3,2.13,0.02,2110.300048828125,0.15,0.0482,0.56363,0.171,-0.675
2015-02-23,1.1346,1.5465,0.008411843876177659,1.0532968190436065,14.56,2.06,0.02,2109.659912109375,0.15,0.0482,0.56363,0.171,-0.675
2015-02-24,1.1307,1.5434,0.008394191219675984,1.0508617065994115,13.69,1.99,0.02,2115.47998046875,0.15,0.0482,0.56363,0.171,-0.675
2015-02-25,1.1363,1.5499,0.008411843876177659,1.0530749789385003,13.84,1.96,0.02,2113.860107421875,0.15,0.0482,0.56363,0.171,-0.675
2015-02-26,1.1212,1.5424,0.008378016085790885,1.0482180293501049,13.91,2.03,0.03,2110.739990234375,0.15,0.0482,0.56363,0.171,-0.675
2015-02-27,1.1197,1.5439,0.00835282325425994,1.0511931041732365,13.34,2.0,0.02,2104.5,0.15,0.0482,0.56363,0.171,-0.675
2015-03-02,1.119,1.5371,0.008329168748958853,1.0467915837956663,13.04,2.08,0.02,2117.389892578125,0.14,0.0271818181818182,0.56436,0.17,-0.788842625
2015-03-03,1.1212,1.5391,0.008370302167908262,1.0427528675703859,13.86,2.12,0.02,2107.780029296875,0.14,0.0271818181818182,0.56436,0.17,-0.788842625
2015-03-04,1.107,1.5266,0.0083500334001336,1.037344398340249,14.23,2.12,0.01,2098.530029296875,0.14,0.0271818181818182,0.56436,0.17,-0.788842625
2015-03-05,1.1006,1.5229,0.008318083513558476,1.0271158586688578,14.04,2.11,0.02,2101.0400390625,0.14,0.0271818181818182,0.56436,0.17,-0.788842625
2015-03-06,1.0855,1.5063,0.008269246671628214,1.015640869388584,15.2,2.24,0.01,2071.260009765625,0.14,0.0271818181818182,0.56436,0.17,-0.788842625
2015-03-09,1.0846,1.5097,0.008252867871585376,1.0128633647320977,15.06,2.2,0.02,2079.429931640625,0.14,0.0271818181818182,0.56436,0.17,-0.788842625
2015-03-10,1.0707,1.5086,0.00825082508250825,1.0004001600640255,16.69,2.14,0.02,2044.1600341796875,0.14,0.0271818181818182,0.56436,0.17,-0.788842625
2015-03-11,1.0576,1.4945,0.00823045267489712,0.9926543577526304,16.87,2.11,0.03,2040.239990234375,0.14,0.0271818181818182,0.56436,0.17,-0.788842625
2015-03-12,1.0615,1.4907,0.008245382585751979,0.9966115208291807,15.42,2.1,0.03,2065.949951171875,0.14,0.0271818181818182,0.56436,0.17,-0.788842625
2015-03-13,1.0524,1.4755,0.008252867871585376,0.9953219866626855,16.0,2.13,0.03,2053.39990234375,0.14,0.0271818181818182,0.56436,0.17,-0.788842625
2015-03-16,1.0575,1.48,0.008244023083264633,0.9926543577526304,15.61,2.1,0.05,2081.18994140625,0.14,0.0271818181818182,0.56436,0.17,-0.788842625
2015-03-17,1.0605,1.4744,0.008245382585751979,0.9960159362549801,15.66,2.06,0.05,2074.280029296875,0.14,0.0271818181818182,0.56436,0.17,-0.788842625
2015-03-18,1.0643,1.4686,0.008269930532583526,1.004823151125402,13.97,1.93,0.03,2099.5,0.14,0.0271818181818182,0.56436,0.17,-0.788842625
2015-03-19,1.0621,1.4729,0.008271298593879239,1.0079629069650238,14.07,1.98,0.03,2089.27001953125,0.14,0.0271818181818182,0.56436,0.17,-0.788842625
2015-03-20,1.0792,1.4923,0.008313934153641503,1.0239606799098915,13.02,1.93,0.01,2108.10009765625,0.14,0.0271818181818182,0.56436,0.17,-0.788842625
2015-03-23,1.0928,1.4936,0.008351428094204109,1.034340091021928,13.41,1.92,0.03,2104.419921875,0.14,0.0271818181818182,0.56436,0.17,-0.788842625
2015-03-24,1.0908,1.487,0.008340283569641367,1.0431879824744419,13.62,1.88,0.02,2091.5,0.14,0.0271818181818182,0.56436,0.17,-0.788842625
2015-03-25,1.0986,1.4915,0.008377314233056881,1.0444955086693126,15.44,1.93,0.04,2061.050048828125,0.14,0.0271818181818182,0.56436,0.17,-0.788842625
2015-03-26,1.0919,1.4844,0.008402655239055541,1.0401497815685459,15.8,2.01,0.03,2056.14990234375,0.14,0.0271818181818182,0.56436,0.17,-0.788842625
2015-03-27,1.0891,1.4878,0.00839278220730172,1.0431879824744419,15.07,1.95,0.04,2061.02001953125,0.14,0.0271818181818182,0.56436,0.17,-0.788842625
2015-03-30,1.0818,1.4792,0.00832570144034635,1.0332713370531101,14.51,1.96,0.04,2086.239990234375,0.14,0.0271818181818182,0.56436,0.17,-0.788842625
2015-03-31,1.0741,1.485,0.008336112037345782,1.0296540362438222,15.29,1.94,0.03,2067.889892578125,0.14,0.0271818181818182,0.56436,0.17,-0.788842625
2015-04-01,1.0768,1.4823,0.008359806052499582,1.0340192327577293,15.11,1.87,0.03,2059.68994140625,0.13,0.0047,0.5695,0.17,-0.685416666666667
2015-04-02,1.0874,1.4842,0.008351428094204109,1.044059302568386,14.67,1.92,0.02,2066.9599609375,0.13,0.0047,0.5695,0.17,-0.685416666666667
2015-04-03,1.099,1.4916,0.008406186953597848,1.0521885521885521,,1.85,0.02,,0.13,0.0047,0.5695,0.17,-0.685416666666667
2015-04-06,1.1008,1.4959,0.008399832003359933,1.0499790004199916,14.74,1.92,0.03,2080.6201171875,0.13,0.0047,0.5695,0.17,-0.685416666666667
2015-04-07,1.085,1.4857,0.008308408109006314,1.037344398340249,14.78,1.89,0.02,2076.330078125,0.13,0.0047,0.5695,0.17,-0.685416666666667
2015-04-08,1.0818,1.4924,0.008336112037345782,1.0379904504878554,13.98,1.92,0.03,2081.89990234375,0.13,0.0047,0.5695,0.17,-0.685416666666667
2015-04-09,1.0671,1.4739,0.008311170212765957,1.025220422390814,13.09,1.97,0.03,2091.179931640625,0.13,0.0047,0.5695,0.17,-0.685416666666667
2015-04-10,1.0598,1.4648,0.008313242996092776,1.0196798205363515,12.58,1.96,0.02,2102.06005859375,0.13,0.0047,0.5695,0.17,-0.685416666666667
2015-04-13,1.0582,1.4658,0.008311170212765957,1.0224948875255624,13.94,1.94,0.03,2092.429931640625,0.13,0.0047,0.5695,0.17,-0.685416666666667
2015-04-14,1.0672,1.479,0.008385041086701324,1.0296540362438222,13.67,1.9,0.02,2095.840087890625,0.13,0.0047,0.5695,0.17,-0.685416666666667
2015-04-15,1.0596,1.4782,0.008387150884844418,1.0287007509515482,12.84,1.91,0.02,2106.6298828125,0.13,0.0047,0.5695,0.17,-0.685416666666667
2015-04-16,1.0742,1.4923,0.008390669575432119,1.0434056761268782,12.6,1.9,0.02,2104.989990234375,0.13,0.0047,0.5695,0.17,-0.685416666666667
2015-04-17,1.078,1.4942,0.008401949252226516,1.0495382031905962,13.89,1.87,0.01,2081.179931640625,0.13,0.0047,0.5695,0.17,-0.685416666666667
2015-04-20,1.0763,1.4913,0.008384338056510439,1.047888504663104,13.3,1.9,0.03,2100.39990234375,0.13,0.0047,0.5695,0.17,-0.685416666666667
2015-04-21,1.0758,1.4944,0.008371703641691083,1.0495382031905962,13.25,1.92,0.03,2097.2900390625,0.13,0.0047,0.5695,0.17,-0.685416666666667
2015-04-22,1.0729,1.5027,0.008340283569641367,1.03498240529911,12.71,1.99,0.03,2107.9599609375,0.13,0.0047,0.5695,0.17,-0.685416666666667
2015-04-23,1.0803,1.5047,0.008354916868577159,1.0471204188481675,12.48,1.96,0.03,2112.929931640625,0.13,0.0047,0.5695,0.17,-0.685416666666667
2015-04-24,1.0876,1.5176,0.008404773911581778,1.0489877268435959,12.29,1.93,0.03,2117.68994140625,0.13,0.0047,0.5695,0.17,-0.685416666666667
2015-04-27,1.0892,1.5235,0.0083948959032908,1.0488777008600796,13.12,1.94,0.02,2108.919921875,0.13,0.0047,0.5695,0.17,-0.685416666666667
2015-04-28,1.0979,1.5328,0.008417508417508417,1.0484378276368211,12.41,2.0,0.02,2114.760009765625,0.13,0.0047,0.5695,0.17,-0.685416666666667
2015-04-29,1.1174,1.5485,0.008415383320710259,1.068604402650139,13.39,2.06,0.01,2106.85009765625,0.13,0.0047,0.5695,0.17,-0.685416666666667
2015-04-30,1.1162,1.5328,0.00834306691139663,1.0626992561105209,14.55,2.05,0.01,2085.510009765625,0.13,0.0047,0.5695,0.17,-0.685416666666667
2015-05-01,1.1194,1.5137,0.008318775476249896,1.070663811563169,12.7,2.12,0.01,2108.2900390625,0.15,-0.0103684210526316,0.56798,0.169,-0.81541675
2015-05-04,1.1145,1.5118,0.008316008316008316,1.0687186063909373,12.85,2.16,0.02,2114.489990234375,0.15,-0.0103684210526316,0.56798,0.169,-0.81541675
2015-05-05,1.1174,1.5178,0.008342370901810295,1.0796804145972791,14.31,2.19,0.01,2089.4599609375,0.15,-0.0103684210526316,0.56798,0.169,-0.81541675
2015-05-06,1.1345,1.5244,0.008373806732540613,1.0928961748633879,15.15,2.25,0.02,2080.14990234375,0.15,-0.0103684210526316,0.56798,0.169,-0.81541675
2015-05-07,1.1283,1.5223,0.008351428094204109,1.087429317094389,15.13,2.18,0.01,2088.0,0.15,-0.0103684210526316,0.56798,0.169,-0.81541675
2015-05-08,1.1241,1.5455,0.008348639171814994,1.0782833728703904,12.86,2.16,0.01,2116.10009765625,0.15,-0.0103684210526316,0.56798,0.169,-0.81541675
2015-05-11,1.1142,1.5593,0.008329862557267805,1.0702054794520548,13.85,2.28,0.02,2105.330078125,0.15,-0.0103684210526316,0.56798,0.169,-0.81541675
2015-05-12,1.124,1.5685,0.008347245409015025,1.0792143319663285,13.86,2.28,0.03,2099.1201171875,0.15,-0.0103684210526316,0.56798,0.169,-0.81541675
2015-05-13,1.1372,1.5748,0.008397010664203543,1.0914647456887143,13.76,2.27,0.02,2098.47998046875,0.15,-0.0103684210526316,0.56798,0.169,-0.81541675
2015-05-14,1.1368,1.5766,0.008389261744966443,1.0933741526350318,12.74,2.23,0.01,2121.10009765625,0.15,-0.0103684210526316,0.56798,0.169,-0.81541675
2015-05-15,1.1428,1.5772,0.008378016085790885,1.090037061260083,12.38,2.14,0.02,2122.72998046875,0.15,-0.0103684210526316,0.56798,0.169,-0.81541675
2015-05-18,1.1354,1.5679,0.008345852111500584,1.0834236186348862,12.73,2.23,0.02,2129.199951171875,0.15,-0.0103684210526316,0.56798,0.169,-0.81541675
2015-05-19,1.1151,1.5523,0.00829324929507381,1.0675776662752217,12.85,2.27,0.02,2127.830078125,0.15,-0.0103684210526316,0.56798,0.169,-0.81541675
2015-05-20,1.1079,1.5544,0.008245382585751979,1.06439595529537,12.88,2.26,0.02,2125.85009765625,0.15,-0.0103684210526316,0.56798,0.169,-0.81541675
2015-05-21,1.1126,1.5672,0.008260366760284157,1.0699764605178685,12.11,2.19,0.02,2130.820068359375,0.15,-0.0103684210526316,0.56798,0.169,-0.81541675
2015-05-22,1.1033,1.5484,0.008233841086867023,1.0606703436571914,12.13,2.21,0.02,2126.06005859375,0.15,-0.0103684210526316,0.56798,0.169,-0.81541675
2015-05-25,,,,,,,,,0.15,-0.0103684210526316,0.56798,0.169,-0.81541675
2015-05-26,1.0876,1.5398,0.008124796880077998,1.0522992739135009,14.06,2.14,0.02,2104.199951171875,0.15,-0.0103684210526316,0.56798,0.169,-0.81541675
2015-05-27,1.0888,1.5324,0.008080155138978667,1.051745898190997,13.27,2.14,0.01,2123.47998046875,0.15,-0.0103684210526316,0.56798,0.169,-0.81541675
2015-05-28,1.0914,1.5291,0.008052826542116283,1.0573059843518715,13.31,2.13,0.01,2120.7900390625,0.15,-0.0103684210526316,0.56798,0.169,-0.81541675
2015-05-29,1.0994,1.5286,0.008065817067268914,1.0633772862611655,13.84,2.12,0.01,2107.389892578125,0.15,-0.0103684210526316,0.56798,0.169,-0.81541675
2015-06-01,1.0913,1.5187,0.008023106546854942,1.0563008344776592,13.97,2.19,0.02,2111.72998046875,0.18,-0.0139090909090909,0.57188,0.169,-0.767575833333333
2015-06-02,1.113,1.5331,0.008052178114179886,1.0703200256876806,14.24,2.27,0.01,2109.60009765625,0.18,-0.0139090909090909,0.57188,0.169,-0.767575833333333
2015-06-03,1.1285,1.5351,0.008060615831049492,1.0711225364181662,13.66,2.38,0.02,2114.070068359375,0.18,-0.0139090909090909,0.57188,0.169,-0.767575833333333
2015-06-04,1.1271,1.5367,0.008028259473346178,1.070434596446157,14.71,2.31,0.02,2095.840087890625,0.18,-0.0139090909090909,0.57188,0.169,-0.767575833333333
2015-06-05,1.1108,1.5267,0.007963051441312312,1.05977108944468,14.21,2.41,0.03,2092.830078125,0.18,-0.0139090909090909,0.57188,0.169,-0.767575833333333
2015-06-08,1.1232,1.528,0.00799488327470419,1.0715816545220747,15.29,2.39,0.02,2079.280029296875,0.18,-0.0139090909090909,0.57188,0.169,-0.767575833333333
2015-06-09,1.1284,1.5383,0.008054123711340207,1.0758472296933836,14.47,2.42,0.02,2080.14990234375,0.18,-0.0139090909090909,0.57188,0.169,-0.767575833333333
2015-06-10,1.1307,1.553,0.008148631029986962,1.076194575979337,13.22,2.5,0.02,2105.199951171875,0.18,-0.0139090909090909,0.57188,0.169,-0.767575833333333
2015-06-11,1.1236,1.5493,0.008089305937550558,1.0679196924391285,12.85,2.39,0.01,2108.860107421875,0.18,-0.0139090909090909,0.57188,0.169,-0.767575833333333
2015-06-12,1.1278,1.5587,0.008114907084313885,1.079913606911447,13.78,2.39,0.02,2094.110107421875,0.18,-0.0139090909090909,0.57188,0.169,-0.767575833333333
2015-06-15,1.1266,1.5572,0.008105041335710812,1.0694043417816277,15.39,2.36,0.02,2084.429931640625,0.18,-0.0139090909090909,0.57188,0.169,-0.767575833333333
2015-06-16,1.1238,1.5637,0.008104384471999352,1.0723860589812333,14.81,2.32,0.01,2096.2900390625,0.18,-0.0139090909090909,0.57188,0.169,-0.767575833333333
2015-06-17,1.1244,1.5708,0.008048289738430584,1.0785159620362381,14.5,2.32,0.01,2100.43994140625,0.18,-0.0139090909090909,0.57188,0.169,-0.767575833333333
2015-06-18,1.1404,1.5882,0.00813868316106454,1.087429317094389,13.19,2.35,0.01,2121.239990234375,0.18,-0.0139090909090909,0.57188,0.169,-0.767575833333333
2015-06-19,1.1335,1.5881,0.008149959250203748,1.0862480990658268,13.96,2.26,0.01,2109.989990234375,0.18,-0.0139090909090909,0.57188,0.169,-0.767575833333333
2015-06-22,1.1378,1.5823,0.008111615833874108,1.08837614279495,12.74,2.37,0.01,2122.85009765625,0.18,-0.0139090909090909,0.57188,0.169,-0.767575833333333
2015-06-23,1.119,1.5751,0.008083420903726457,1.0711225364181662,12.11,2.42,0.01,2124.199951171875,0.18,-0.0139090909090909,0.57188,0.169,-0.767575833333333
2015-06-24,1.1178,1.5681,0.008048937540244688,1.0683760683760684,13.26,2.38,0.01,2108.580078125,0.18,-0.0139090909090909,0.57188,0.169,-0.767575833333333
2015-06-25,1.1196,1.5728,0.00808865162177465,1.0666666666666667,14.01,2.4,0.01,2102.31005859375,0.18,-0.0139090909090909,0.57188,0.169,-0.767575833333333
2015-06-26,1.1156,1.5739,0.008069722401549387,1.0694043417816277,14.02,2.49,0.01,2101.489990234375,0.18,-0.0139090909090909,0.57188,0.169,-0.767575833333333
2015-06-29,1.118,1.5764,0.00816326530612245,1.0775862068965516,18.85,2.33,0.02,2057.639892578125,0.18,-0.0139090909090909,0.57188,0.169,-0.767575833333333
2015-06-30,1.1154,1.5727,0.00819000819000819,1.0699764605178685,18.23,2.35,0.01,2063.110107421875,0.18,-0.0139090909090909,0.57188,0.169,-0.767575833333333
2015-07-01,1.1084,1.5617,0.008128759551292473,1.0575296108291032,16.09,2.43,0.01,2077.419921875,0.19,-0.0187391304347826,0.58084,0.169,-0.7443055
2015-07-02,1.109,1.5614,0.008120838070488875,1.05977108944468,16.79,2.4,0.01,2076.780029296875,0.19,-0.0187391304347826,0.58084,0.169,-0.7443055
2015-07-03,,,,,,,,,0.19,-0.0187391304347826,0.58084,0.169,-0.7443055
2015-07-06,1.1076,1.5619,0.008161266628580756,1.0602205258693809,17.01,2.3,0.02,2068.760009765625,0.19,-0.0187391304347826,0.58084,0.169,-0.7443055
2015-07-07,1.0952,1.5443,0.008185985592665358,1.054629824931449,16.09,2.27,0.02,2081.340087890625,0.19,-0.0187391304347826,0.58084,0.169,-0.7443055
2015-07-08,1.1072,1.5353,0.008296001327360213,1.0573059843518715,19.66,2.22,0.02,2046.6800537109375,0.19,-0.0187391304347826,0.58084,0.169,-0.7443055
2015-07-09,1.1025,1.5375,0.008249463784853984,1.05318588730911,19.97,2.32,0.03,2051.31005859375,0.19,-0.0187391304347826,0.58084,0.169,-0.7443055
2015-07-10,1.115,1.5503,0.008146639511201629,1.06258633513973,16.83,2.42,0.01,2076.6201171875,0.19,-0.0187391304347826,0.58084,0.169,-0.7443055
2015-07-13,1.102,1.5518,0.008107012565869478,1.0535187526337968,13.9,2.44,0.02,2099.60009765625,0.19,-0.0187391304347826,0.58084,0.169,-0.7443055
2015-07-14,1.1015,1.5584,0.008104384471999352,1.057194206575748,13.37,2.41,0.01,2108.949951171875,0.19,-0.0187391304347826,0.58084,0.169,-0.7443055
2015-07-15,1.0965,1.5621,0.008071676487206393,1.050309841403214,13.23,2.36,0.02,2107.39990234375,0.19,-0.0187391304347826,0.58084,0.169,-0.7443055
2015-07-16,1.0898,1.5601,0.008061915511125443,1.0458063166701526,12.11,2.36,0.02,2124.2900390625,0.19,-0.0187391304347826,0.58084,0.169,-0.7443055
2015-07-17,1.0848,1.5624,0.008064516129032258,1.0407993338884263,11.95,2.34,0.03,2126.639892578125,0.19,-0.0187391304347826,0.58084,0.169,-0.7443055
2015-07-20,1.085,1.5587,0.008048937540244688,1.0384215991692627,12.25,2.38,0.04,2128.280029296875,0.19,-0.0187391304347826,0.58084,0.169,-0.7443055
2015-07-21,1.0927,1.555,0.008069071249899137,1.0427528675703859,12.22,2.35,0.03,2119.2099609375,0.19,-0.0187391304347826,0.58084,0.169,-0.7443055
2015-07-22,1.0884,1.5617,0.008059316569954868,1.040257983980027,12.12,2.33,0.04,2114.14990234375,0.19,-0.0187391304347826,0.58084,0.169,-0.7443055
2015-07-23,1.0976,1.5533,0.008072328059412335,1.0437323870159692,12.64,2.28,0.03,2102.14990234375,0.19,-0.0187391304347826,0.58084,0.169,-0.7443055
2015-07-24,1.0976,1.5514,0.008081461128171975,1.0395010395010396,13.74,2.27,0.04,2079.64990234375,0.19,-0.0187391304347826,0.58084,0.169,-0.7443055
2015-07-27,1.1112,1.5595,0.008114248620577734,1.0419922892570594,15.6,2.23,0.05,2067.639892578125,0.19,-0.0187391304347826,0.58084,0.169,-0.7443055
2015-07-28,1.1055,1.5617,0.008095854922279794,1.0375596596804317,13.44,2.26,0.05,2093.25,0.19,-0.0187391304347826,0.58084,0.169,-0.7443055
2015-07-29,1.1026,1.5624,0.008073631519457452,1.0384215991692627,12.5,2.29,0.06,2108.570068359375,0.19,-0.0187391304347826,0.58084,0.169,-0.7443055
2015-07-30,1.0914,1.5581,0.008039877793857534,1.0313531353135312,12.13,2.28,0.07,2108.6298828125,0.19,-0.0187391304347826,0.58084,0.169,-0.7443055
2015-07-31,1.1028,1.5634,0.008068420203324189,1.03777501037775,12.12,2.2,0.08,2103.840087890625,0.19,-0.0187391304347826,0.58084,0.169,-0.7443055
2015-08-03,1.0962,1.5603,0.008065817067268914,1.032844453625284,12.56,2.16,0.08,2098.0400390625,0.26,-0.0276666666666667,0.5867,0.169,-0.78125
2015-08-04,1.0953,1.5612,0.008064516129032258,1.0275380189066996,13.0,2.23,0.08,2093.320068359375,0.26,-0.0276666666666667,0.5867,0.169,-0.78125
2015-08-05,1.0868,1.5604,0.008010253123998718,1.019367991845056,12.51,2.28,0.08,2099.840087890625,0.26,-0.0276666666666667,0.5867,0.169,-0.78125
2015-08-06,1.0922,1.5521,0.008025682182985555,1.0195758564437194,13.77,2.23,0.04,2083.56005859375,0.26,-0.0276666666666667,0.5867,0.169,-0.78125
2015-08-07,1.0958,1.5467,0.008046994447573832,1.017915309446254,13.39,2.18,0.06,2077.570068359375,0.26,-0.0276666666666667,0.5867,0.169,-0.78125
2015-08-10,1.0994,1.5546,0.008028904054596548,1.0154346060113728,12.23,2.24,0.12,2104.179931640625,0.26,-0.0276666666666667,0.5867,0.169,-0.78125
2015-08-11,1.1042,1.5572,0.008006405124099279,1.013273887931908,13.71,2.15,0.1,2084.070068359375,0.26,-0.0276666666666667,0.5867,0.169,-0.78125
2015-08-12,1.1198,1.5639,0.00807297973682086,1.0318852543597152,13.61,2.14,0.1,2086.050048828125,0.26,-0.0276666666666667,0.5867,0.169,-0.78125
2015-08-13,1.1144,1.5595,0.008043758043758044,1.0245901639344261,13.49,2.19,0.1,2083.389892578125,0.26,-0.0276666666666667,0.5867,0.169,-0.78125
2015-08-14,1.111,1.5625,0.008046994447573832,1.0224948875255624,12.83,2.2,0.09,2091.5400390625,0.26,-0.0276666666666667,0.5867,0.169,-0.78125
2015-08-17,1.1078,1.5598,0.008043111075363952,1.0235414534288638,13.02,2.16,0.1,2102.43994140625,0.26,-0.0276666666666667,0.5867,0.169,-0.78125
2015-08-18,1.1028,1.5658,0.00803923144947343,1.0241704219582137,13.79,2.2,0.07,2096.919921875,0.26,-0.0276666666666667,0.5867,0.169,-0.78125
2015-08-19,1.1061,1.5645,0.008058017727639002,1.0307153164296021,15.25,2.12,0.05,2079.610107421875,0.26,-0.0276666666666667,0.5867,0.169,-0.78125
2015-08-20,1.12,1.5688,0.008094544277157195,1.0393929944912172,19.14,2.09,0.02,2035.72998046875,0.26,-0.0276666666666667,0.5867,0.169,-0.78125
2015-08-21,1.1356,1.5698,0.008189337482597658,1.0539629005059021,28.03,2.05,0.03,1970.8900146484375,0.26,-0.0276666666666667,0.5867,0.169,-0.78125
2015-08-24,1.158,1.5731,0.008434547908232119,1.0698619878035733,40.74,2.01,0.06,1893.2099609375,0.26,-0.0276666666666667,0.5867,0.169,-0.78125
2015-08-25,1.141,1.5698,0.008339588024351597,1.0539629005059021,36.02,2.12,0.07,1867.6099853515625,0.26,-0.0276666666666667,0.5867,0.169,-0.78125
2015-08-26,1.139,1.5493,0.008398421096833796,1.0557432432432432,30.32,2.18,0.06,1940.510009765625,0.26,-0.0276666666666667,0.5867,0.169,-0.78125
2015-08-27,1.1239,1.5411,0.008271982794275788,1.0383137784238397,26.1,2.18,0.06,1987.6600341796875,0.26,-0.0276666666666667,0.5867,0.169,-0.78125
2015-08-28,1.1172,1.5362,0.008242664029014178,1.0392849719393058,26.05,2.19,0.06,1988.8699951171875,0.26,-0.0276666666666667,0.5867,0.169,-0.78125
2015-08-31,1.1194,1.5363,0.008246742536698003,1.0329511414110113,28.43,2.21,0.08,1972.1800537109375,0.26,-0.0276666666666667,0.5867,0.169,-0.78125
2015-09-01,1.1263,1.5341,0.00833750208437552,1.0392849719393058,31.4,2.17,0.03,1913.8499755859375,0.27,-0.0370454545454546,0.58576,0.169,-0.756176166666667
2015-09-02,1.1242,1.531,0.008333333333333333,1.0319917440660475,26.09,2.2,0.03,1948.8599853515625,0.27,-0.0370454545454546,0.58576,0.169,-0.756176166666667
2015-09-03,1.1104,1.5254,0.008319467554076539,1.0241704219582137,25.61,2.18,0.02,1951.1300048828125,0.27,-0.0370454545454546,0.58576,0.169,-0.756176166666667
2015-09-04,1.1117,1.5195,0.008399832003359933,1.025220422390814,27.8,2.13,0.02,1921.219970703125,0.27,-0.0370454545454546,0.58576,0.169,-0.756176166666667
2015-09-07,,,,,,,,,0.27,-0.0370454545454546,0.58576,0.169,-0.756176166666667
2015-09-08,1.1182,1.5381,0.00835282325425994,1.0224948875255624,24.9,2.2,0.06,1969.4100341796875,0.27,-0.0370454545454546,0.58576,0.169,-0.756176166666667
2015-09-09,1.1165,1.5363,0.00826856292376385,1.0238558410975735,26.23,2.21,0.03,1942.0400390625,0.27,-0.0370454545454546,0.58576,0.169,-0.756176166666667
2015-09-10,1.1262,1.5457,0.008284317786430288,1.027221366204417,24.37,2.23,0.02,1952.2900390625,0.27,-0.0370454545454546,0.58576,0.169,-0.756176166666667
2015-09-11,1.1338,1.5426,0.00828775070445881,1.027221366204417,23.2,2.2,0.04,1961.050048828125,0.27,-0.0370454545454546,0.58576,0.169,-0.756176166666667
2015-09-14,1.1307,1.5423,0.008338892595063376,1.0323113451016828,24.25,2.18,0.07,1953.030029296875,0.27,-0.0370454545454546,0.58576,0.169,-0.756176166666667
2015-09-15,1.126,1.5352,0.00831255195344971,1.0251153254741159,22.54,2.28,0.07,1978.0899658203125,0.27,-0.0370454545454546,0.58576,0.169,-0.756176166666667
2015-09-16,1.1304,1.5499,0.0082904990880451,1.0322047894302229,21.35,2.3,0.06,1995.31005859375,0.27,-0.0370454545454546,0.58576,0.169,-0.756176166666667
2015-09-17,1.1312,1.5509,0.008271298593879239,1.0298661174047374,21.14,2.21,0.01,1990.199951171875,0.27,-0.0370454545454546,0.58576,0.169,-0.756176166666667
2015-09-18,1.1358,1.5573,0.008343763037129746,1.0401497815685459,22.28,2.13,-0.01,1958.030029296875,0.27,-0.0370454545454546,0.58576,0.169,-0.756176166666667
2015-09-21,1.1204,1.5506,0.008301510874979247,1.0307153164296021,20.14,2.2,0.01,1966.969970703125,0.27,-0.0370454545454546,0.58576,0.169,-0.756176166666667
2015-09-22,1.1133,1.5356,0.008330556481172941,1.0274324463166546,22.44,2.14,-0.01,1942.739990234375,0.27,-0.0370454545454546,0.58576,0.169,-0.756176166666667
2015-09-23,1.116,1.5243,0.008325008325008324,1.0224948875255624,22.13,2.16,0.01,1938.760009765625,0.27,-0.0370454545454546,0.58576,0.169,-0.756176166666667
2015-09-24,1.1252,1.5254,0.008365400702693659,1.027749229188078,23.47,2.13,0.01,1932.239990234375,0.27,-0.0370454545454546,0.58576,0.169,-0.756176166666667
2015-09-25,1.1192,1.5172,0.00828225940036442,1.0245901639344261,23.62,2.17,-0.01,1931.3399658203125,0.27,-0.0370454545454546,0.58576,0.169,-0.756176166666667
2015-09-28,1.1236,1.5208,0.008345852111500584,1.027221366204417,27.63,2.1,0.01,1881.77001953125,0.27,-0.0370454545454546,0.58576,0.169,-0.756176166666667
2015-09-29,1.1246,1.5168,0.0083500334001336,1.0298661174047374,26.83,2.05,0.01,1884.0899658203125,0.27,-0.0370454545454546,0.58576,0.169,-0.756176166666667
2015-09-30,1.1162,1.5116,0.008346548702111677,1.0232272587741738,24.5,2.06,-0.01,1920.030029296875,0.27,-0.0370454545454546,0.58576,0.169,-0.756176166666667
2015-10-01,1.12,1.5162,0.008362602441879913,1.026272577996716,22.55,2.05,-0.02,1923.8199462890625,0.25,-0.0535909090909091,0.58006,0.169,-0.845
2015-10-02,1.1276,1.5216,0.008373806732540613,1.0326311441553078,20.94,1.99,0.0,1951.3599853515625,0.25,-0.0535909090909091,0.58006,0.169,-0.845
2015-10-05,1.12,1.5165,0.008308408109006314,1.0260619741432382,19.54,2.07,0.01,1987.050048828125,0.25,-0.0535909090909091,0.58006,0.169,-0.845
2015-10-06,1.1266,1.5227,0.008320852055250457,1.0332713370531101,19.4,2.05,0.0,1979.9200439453125,0.25,-0.0535909090909091,0.58006,0.169,-0.845
2015-10-07,1.1249,1.5315,0.008340283569641367,1.029230135858378,18.4,2.08,0.0,1995.8299560546875,0.25,-0.0535909090909091,0.58006,0.169,-0.845
2015-10-08,1.1282,1.5316,0.00833750208437552,1.0336985734959685,17.42,2.12,-0.01,2013.4300537109375,0.25,-0.0535909090909091,0.58006,0.169,-0.845
2015-10-09,1.1363,1.5315,0.00831255195344971,1.0400416016640666,17.08,2.12,0.01,2014.8900146484375,0.25,-0.0535909090909091,0.58006,0.169,-0.845
2015-10-12,,,,,16.17,,,2017.4599609375,0.25,-0.0535909090909091,0.58006,0.169,-0.845
2015-10-13,1.1382,1.5242,0.008347245409015025,1.0423181154888472,17.67,2.06,0.01,2003.68994140625,0.25,-0.0535909090909091,0.58006,0.169,-0.845
2015-10-14,1.1437,1.5445,0.008388558006878618,1.0507512871703268,18.03,1.99,0.0,1994.239990234375,0.25,-0.0535909090909091,0.58006,0.169,-0.845
2015-10-15,1.1418,1.5475,0.00845594452900389,1.0538518284329224,16.05,2.04,0.01,2023.8599853515625,0.25,-0.0535909090909091,0.58006,0.169,-0.845
2015-10-16,1.136,1.5441,0.008361204013377926,1.0486577181208054,15.05,2.04,0.01,2033.1099853515625,0.25,-0.0535909090909091,0.58006,0.169,-0.845
2015-10-19,1.132,1.5471,0.008368200836820083,1.0460251046025104,14.98,2.04,0.02,2033.6600341796875,0.25,-0.0535909090909091,0.58006,0.169,-0.845
2015-10-20,1.1359,1.547,0.008347942232239752,1.0482180293501049,15.75,2.08,0.02,2030.77001953125,0.25,-0.0535909090909091,0.58006,0.169,-0.845
2015-10-21,1.1345,1.5463,0.008339588024351597,1.044932079414838,16.7,2.04,0.01,2018.93994140625,0.25,-0.0535909090909091,0.58006,0.169,-0.845
2015-10-22,1.114,1.5399,0.008298755186721992,1.0298661174047374,14.45,2.04,0.0,2052.510009765625,0.25,-0.0535909090909091,0.58006,0.169,-0.845
2015-10-23,1.1016,1.534,0.00825082508250825,1.0236462278636502,14.46,2.09,0.01,2075.14990234375,0.25,-0.0535909090909091,0.58006,0.169,-0.845
2015-10-26,1.1051,1.5361,0.00827335153470671,1.0188487009679061,15.29,2.07,0.02,2071.179931640625,0.25,-0.0535909090909091,0.58006,0.169,-0.845
2015-10-27,1.1052,1.5312,0.008313242996092776,1.0154346060113728,15.43,2.05,0.03,2065.889892578125,0.25,-0.0535909090909091,0.58006,0.169,-0.845
2015-10-28,1.1066,1.5319,0.00829462508294625,1.0154346060113728,14.33,2.1,0.04,2090.35009765625,0.25,-0.0535909090909091,0.58006,0.169,-0.845
2015-10-29,1.0963,1.5296,0.008254911672445105,1.0085728693898133,14.61,2.19,0.07,2089.409912109375,0.25,-0.0535909090909091,0.58006,0.169,-0.845
2015-10-30,1.1042,1.5445,0.008285004142502071,1.0144045445323595,15.07,2.16,0.08,2079.360107421875,0.25,-0.0535909090909091,0.58006,0.169,-0.845
2015-11-02,1.1026,1.5428,0.008285004142502071,1.0149193139145438,14.15,2.2,0.08,2104.050048828125,0.3,-0.0876190476190476,0.57371,0.169,-0.680833
2015-11-03,1.0946,1.5404,0.00825082508250825,1.0078613182826044,14.54,2.23,0.06,2109.7900390625,0.3,-0.0876190476190476,0.57371,0.169,-0.680833
2015-11-04,1.0861,1.5377,0.008229098090849244,1.0067451927917044,15.51,2.25,0.05,2102.31005859375,0.3,-0.0876190476190476,0.57371,0.169,-0.680833
2015-11-05,1.0869,1.5236,0.008216251745953496,1.0036130068245686,15.05,2.26,0.05,2099.929931640625,0.3,-0.0876190476190476,0.57371,0.169,-0.680833
2015-11-06,1.0746,1.5071,0.008116883116883116,0.9952229299363058,14.33,2.34,0.08,2099.199951171875,0.3,-0.0876190476190476,0.57371,0.169,-0.680833
2015-11-09,1.0767,1.5124,0.00812743823146944,0.9983028850953379,16.52,2.36,0.14,2078.580078125,0.3,-0.0876190476190476,0.57371,0.169,-0.680833
2015-11-10,1.0686,1.511,0.008115565654926148,0.9924573243350535,15.29,2.32,0.13,2081.719970703125,0.3,-0.0876190476190476,0.57371,0.169,-0.680833
2015-11-11,,,,,16.06,,,2075.0,0.3,-0.0876190476190476,0.57371,0.169,-0.680833
2015-11-12,1.0768,1.5206,0.0081406707912732,0.9986019572598361,18.37,2.32,0.14,2045.969970703125,0.3,-0.0876190476190476,0.57371,0.169,-0.680833
2015-11-13,1.0722,1.5208,0.008134710811030668,0.9912767644726408,20.08,2.28,0.13,2023.0400390625,0.3,-0.0876190476190476,0.57371,0.169,-0.680833
2015-11-16,1.0708,1.5204,0.008122816992933149,0.9921619208254787,18.16,2.27,0.15,2053.18994140625,0.3,-0.0876190476190476,0.57371,0.169,-0.680833
2015-11-17,1.0634,1.5214,0.008098477486232589,0.9833808634083981,18.84,2.25,0.14,2050.43994140625,0.3,-0.0876190476190476,0.57371,0.169,-0.680833
2015-11-18,1.0638,1.521,0.008096510404015869,0.9805844283192783,16.85,2.27,0.12,2083.580078125,0.3,-0.0876190476190476,0.57371,0.169,-0.680833
2015-11-19,1.0746,1.5327,0.008149295085975063,0.9861932938856016,16.99,2.24,0.11,2081.239990234375,0.3,-0.0876190476190476,0.57371,0.169,-0.680833
2015-11-20,1.066,1.5199,0.008143322475570033,0.9820288716488265,15.47,2.26,0.11,2089.169921875,0.3,-0.0876190476190476,0.57371,0.169,-0.680833
2015-11-23,1.0602,1.5125,0.008128759551292473,0.9799118079372857,15.62,2.25,0.14,2086.590087890625,0.3,-0.0876190476190476,0.57371,0.169,-0.680833
2015-11-24,1.0652,1.5057,0.008165264962848045,0.9841551028442083,15.93,2.24,0.16,2089.139892578125,0.3,-0.0876190476190476,0.57371,0.169,-0.680833
2015-11-25,1.0616,1.5109,0.008149959250203748,0.9784735812133072,15.19,2.23,0.19,2088.8701171875,0.3,-0.0876190476190476,0.57371,0.169,-0.680833
2015-11-26,,,,,,,,,0.3,-0.0876190476190476,0.57371,0.169,-0.680833
2015-11-27,1.0596,1.504,0.0081406707912732,0.970402717127608,15.12,2.22,0.17,2090.110107421875,0.3,-0.0876190476190476,0.57371,0.169,-0.680833
2015-11-30,1.0562,1.5044,0.008115565654926148,0.9725734292939117,16.13,2.21,0.22,2080.409912109375,0.3,-0.0876190476190476,0.57371,0.169,-0.680833
2015-12-01,1.062,1.5074,0.008138020833333334,0.9712509712509712,14.67,2.15,0.21,2102.6298828125,0.54,-0.126318181818182,0.58277,0.169,-0.740213833333333
2015-12-02,1.0573,1.4927,0.008095854922279794,0.9733307377846991,15.91,2.18,0.21,2079.510009765625,0.54,-0.126318181818182,0.58277,0.169,-0.740213833333333
2015-12-03,1.0902,1.5088,0.008126117341134406,1.0004001600640255,18.11,2.33,0.21,2049.6201171875,0.54,-0.126318181818182,0.58277,0.169,-0.740213833333333
2015-12-04,1.0884,1.51,0.008123476848090984,1.001401962747847,14.81,2.28,0.22,2091.68994140625,0.54,-0.126318181818182,0.58277,0.169,-0.740213833333333
2015-12-07,1.084,1.5076,0.008109642364771713,0.9974067424695792,15.84,2.23,0.29,2077.070068359375,0.54,-0.126318181818182,0.58277,0.169,-0.740213833333333
2015-12-08,1.0876,1.5,0.008130081300813009,1.0060362173038229,17.6,2.24,0.27,2063.590087890625,0.54,-0.126318181818182,0.58277,0.169,-0.740213833333333
2015-12-09,1.0984,1.5168,0.008206138191367143,1.0135819987837016,19.61,2.22,0.26,2047.6199951171875,0.54,-0.126318181818182,0.58277,0.169,-0.740213833333333
2015-12-10,1.0948,1.5176,0.008234519104084322,1.0113268608414239,19.34,2.24,0.24,2052.22998046875,0.54,-0.126318181818182,0.58277,0.169,-0.740213833333333
2015-12-11,1.1002,1.5213,0.00826856292376385,1.0175010175010175,24.39,2.13,0.22,2012.3699951171875,0.54,-0.126318181818182,0.58277,0.169,-0.740213833333333
2015-12-14,1.1025,1.513,0.00829393713195654,1.0180189351521938,22.73,2.23,0.26,2021.93994140625,0.54,-0.126318181818182,0.58277,0.169,-0.740213833333333
2015-12-15,1.0911,1.5044,0.00821962847279303,1.0079629069650238,20.95,2.28,0.25,2043.4100341796875,0.54,-0.126318181818182,0.58277,0.169,-0.740213833333333
2015-12-16,1.0937,1.5013,0.008204791598293404,1.0150223304912709,17.86,2.3,0.27,2073.070068359375,0.54,-0.126318181818182,0.58277,0.169,-0.740213833333333
2015-12-17,1.0804,1.4876,0.008146639511201629,1.0013016921998599,18.94,2.24,0.23,2041.8900146484375,0.54,-0.126318181818182,0.58277,0.169,-0.740213833333333
2015-12-18,1.0847,1.4914,0.00825082508250825,1.0060362173038229,20.7,2.19,0.19,2005.550048828125,0.54,-0.126318181818182,0.58277,0.169,-0.740213833333333
2015-12-21,1.092,1.4906,0.008265145879824779,1.0088781275221954,18.7,2.2,0.24,2021.1500244140625,0.54,-0.126318181818182,0.58277,0.169,-0.740213833333333
2015-12-22,1.0978,1.4811,0.00826856292376385,1.0135819987837016,16.6,2.24,0.21,2038.969970703125,0.54,-0.126318181818182,0.58277,0.169,-0.740213833333333
2015-12-23,1.0875,1.4863,0.00826856292376385,1.0062386798148522,15.57,2.27,0.2,2064.2900390625,0.54,-0.126318181818182,0.58277,0.169,-0.740213833333333
2015-12-24,1.0955,1.4943,0.008311170212765957,1.012965964343598,15.74,2.25,0.2,2060.989990234375,0.54,-0.126318181818182,0.58277,0.169,-0.740213833333333
2015-12-25,,,,,,,,,0.54,-0.126318181818182,0.58277,0.169,-0.740213833333333
2015-12-28,1.0983,1.4883,0.00831255195344971,1.0123506782749545,16.91,2.24,0.23,2056.5,0.54,-0.126318181818182,0.58277,0.169,-0.740213833333333
2015-12-29,1.0916,1.4794,0.008302889405513119,1.0076582023377672,16.08,2.32,0.23,2078.360107421875,0.54,-0.126318181818182,0.58277,0.169,-0.740213833333333
2015-12-30,1.0912,1.4832,0.008291873963515755,1.0111223458038423,17.29,2.31,0.21,2063.360107421875,0.54,-0.126318181818182,0.58277,0.169,-0.740213833333333
2015-12-31,1.0859,1.4746,0.008314625426124553,0.9983028850953379,18.21,2.27,0.16,2043.93994140625,0.54,-0.126318181818182,0.58277,0.169,-0.740213833333333
2016-01-01,,,,,,,,,0.57,-0.14615,0.58976,0.169,-0.745873
2016-01-04,1.0803,1.4686,0.008382229673093043,0.9958175662218681,20.7,2.24,0.22,2012.6600341796875,0.57,-0.14615,0.58976,0.169,-0.745873
2016-01-05,1.0743,1.4664,0.008406893652795292,0.9904912836767036,19.34,2.25,0.2,2016.7099609375,0.57,-0.14615,0.58976,0.169,-0.745873
2016-01-06,1.0762,1.4626,0.008435970980259827,0.9916699722332408,20.59,2.18,0.21,1990.260009765625,0.57,-0.14615,0.58976,0.169,-0.745873
2016-01-07,1.086,1.4579,0.00847457627118644,0.9982032341784787,24.99,2.16,0.2,1943.0899658203125,0.57,-0.14615,0.58976,0.169,-0.745873
2016-01-08,1.0885,1.4523,0.008493290300662476,1.0028078620136383,27.01,2.13,0.2,1922.030029296875,0.57,-0.14615,0.58976,0.169,-0.745873
2016-01-11,1.0878,1.4564,0.008512087163772556,1.0,24.3,2.17,0.21,1923.6700439453125,0.57,-0.14615,0.58976,0.169,-0.745873
2016-01-12,1.0837,1.4403,0.008490405841399219,0.9970089730807579,22.47,2.12,0.21,1938.6800537109375,0.57,-0.14615,0.58976,0.169,-0.745873
2016-01-13,1.0862,1.447,0.008470269354565475,0.9936406995230525,25.22,2.08,0.22,1890.280029296875,0.57,-0.14615,0.58976,0.169,-0.745873
2016-01-14,1.0862,1.4409,0.008472422265525715,0.9928514694201747,23.95,2.1,0.25,1921.8399658203125,0.57,-0.14615,0.58976,0.169,-0.745873
2016-01-15,1.0964,1.4289,0.008563110121596164,1.001602564102564,27.02,2.03,0.23,1880.3299560546875,0.57,-0.14615,0.58976,0.169,-0.745873
2016-01-18,,,,,,,,,0.57,-0.14615,0.58976,0.169,-0.745873
2016-01-19,1.0906,1.4171,0.008499065102838687,0.996810207336523,26.05,2.06,0.26,1881.3299560546875,0.57,-0.14615,0.58976,0.169,-0.745873
2016-01-20,1.0908,1.4167,0.008592541673827118,0.996810207336523,27.59,2.01,0.26,1859.3299560546875,0.57,-0.14615,0.58976,0.169,-0.745873
2016-01-21,1.0833,1.4198,0.008502678343678259,0.9889240506329113,26.69,2.02,0.28,1868.989990234375,0.57,-0.14615,0.58976,0.169,-0.745873
2016-01-22,1.0814,1.4308,0.008448086508405846,0.9854158454867955,22.34,2.07,0.3,1906.9000244140625,0.57,-0.14615,0.58976,0.169,-0.745873
2016-01-25,1.0832,1.4245,0.008435259384226065,0.9854158454867955,24.15,2.03,0.31,1877.0799560546875,0.57,-0.14615,0.58976,0.169,-0.745873
2016-01-26,1.0846,1.4342,0.008438818565400843,0.9814505839630976,22.5,2.01,0.31,1903.6300048828125,0.57,-0.14615,0.58976,0.169,-0.745873
2016-01-27,1.0867,1.4261,0.008410428931875526,0.9827044025157232,23.11,2.02,0.32,1882.949951171875,0.57,-0.14615,0.58976,0.169,-0.745873
2016-01-28,1.0952,1.4351,0.008430992327796982,0.9867771857114662,22.42,2.0,0.34,1893.3599853515625,0.57,-0.14615,0.58976,0.169,-0.745873
2016-01-29,1.0832,1.4184,0.008261049153242462,0.9778994719342852,20.2,1.94,0.32,1940.239990234375,0.57,-0.14615,0.58976,0.169,-0.745873
2016-02-01,1.0888,1.4367,0.008260366760284157,0.9801999607920016,19.98,1.97,0.35,1939.3800048828125,0.54,-0.183571428571429,0.59073,0.098,-0.8886364
2016-02-02,1.0908,1.4399,0.008314625426124553,0.9822217856792064,21.98,1.87,0.34,1903.030029296875,0.54,-0.183571428571429,0.59073,0.098,-0.8886364
2016-02-03,1.1051,1.4576,0.008480325644504749,0.99304865938431,21.65,1.88,0.33,1912.530029296875,0.54,-0.183571428571429,0.59073,0.098,-0.8886364
2016-02-04,1.1199,1.458,0.008565310492505354,1.007455168245013,21.84,1.87,0.29,1915.449951171875,0.54,-0.183571428571429,0.59073,0.098,-0.8886364
2016-02-05,1.1131,1.4468,0.008547739123001967,1.0062386798148522,23.38,1.86,0.29,1880.050048828125,0.54,-0.183571428571429,0.59073,0.098,-0.8886364
2016-02-08,1.117,1.4415,0.008643042350907518,1.0116337885685383,26.0,1.75,0.32,1853.43994140625,0.54,-0.183571428571429,0.59073,0.098,-0.8886364
2016-02-09,1.13,1.4473,0.008710801393728223,1.02880658436214,26.54,1.74,0.3,1852.2099609375,0.54,-0.183571428571429,0.59073,0.098,-0.8886364
2016-02-10,1.1222,1.4473,0.008769622029290538,1.0225994477962983,26.29,1.71,0.31,1851.8599853515625,0.54,-0.183571428571429,0.59073,0.098,-0.8886364
2016-02-11,1.1362,1.4448,0.00895094880057286,1.030290541932825,28.14,1.63,0.28,1829.0799560546875,0.54,-0.183571428571429,0.59073,0.098,-0.8886364
2016-02-12,1.1235,1.446,0.008852691218130312,1.0237510237510237,25.4,1.74,0.29,1864.780029296875,0.54,-0.183571428571429,0.59073,0.098,-0.8886364
2016-02-15,,,,,,,,,0.54,-0.183571428571429,0.59073,0.098,-0.8886364
2016-02-16,1.114,1.429,0.00877963125548727,1.011736139214893,24.11,1.78,0.3,1895.5799560546875,0.54,-0.183571428571429,0.59073,0.098,-0.8886364
2016-02-17,1.114,1.4317,0.008761170492377781,1.007455168245013,22.31,1.81,0.3,1926.8199462890625,0.54,-0.183571428571429,0.59073,0.098,-0.8886364
2016-02-18,1.1092,1.4333,0.00880126738250308,1.0060362173038229,21.64,1.75,0.3,1917.8299560546875,0.54,-0.183571428571429,0.59073,0.098,-0.8886364
2016-02-19,1.1127,1.4343,0.00889521437466643,1.0108157282927324,20.53,1.76,0.3,1917.780029296875,0.54,-0.183571428571429,0.59073,0.098,-0.8886364
2016-02-22,1.1018,1.4157,0.00884016973125884,1.001401962747847,19.38,1.77,0.33,1945.5,0.54,-0.183571428571429,0.59073,0.098,-0.8886364
2016-02-23,1.1016,1.404,0.00891503967192654,1.0080645161290323,20.98,1.74,0.32,1921.27001953125,0.54,-0.183571428571429,0.59073,0.098,-0.8886364
2016-02-24,1.1021,1.3932,0.008979885057471264,1.0141987829614605,20.72,1.75,0.33,1929.800048828125,0.54,-0.183571428571429,0.59073,0.098,-0.8886364
2016-02-25,1.1026,1.3937,0.008873114463176575,1.0107135637760258,19.11,1.71,0.32,1951.699951171875,0.54,-0.183571428571429,0.59073,0.098,-0.8886364
2016-02-26,1.0932,1.3867,0.008788890841975743,1.0033109260559847,19.81,1.76,0.32,1948.050048828125,0.54,-0.183571428571429,0.59073,0.098,-0.8886364
2016-02-29,1.0868,1.3926,0.008857395925597873,1.0040160642570282,20.55,1.74,0.33,1932.22998046875,0.54,-0.183571428571429,0.59073,0.098,-0.8886364
2016-03-01,1.0847,1.3948,0.008776549060909251,1.0006003602161297,17.7,1.83,0.33,1978.3499755859375,0.55,-0.22852380952381,0.58825,0.098,-0.774167
2016-03-02,1.0845,1.4059,0.008786574114752657,1.001903616872057,17.09,1.84,0.35,1986.449951171875,0.55,-0.22852380952381,0.58825,0.098,-0.774167
2016-03-03,1.0948,1.4152,0.008808244516867788,1.0080645161290323,16.7,1.83,0.27,1993.4000244140625,0.55,-0.22852380952381,0.58825,0.098,-0.774167
2016-03-04,1.101,1.4226,0.008778860503906593,1.007455168245013,16.86,1.88,0.28,1999.989990234375,0.55,-0.22852380952381,0.58825,0.098,-0.774167
2016-03-07,1.1004,1.4256,0.008802816901408451,1.0031096398836392,17.35,1.91,0.32,2001.760009765625,0.55,-0.22852380952381,0.58825,0.098,-0.774167
2016-03-08,1.1028,1.4225,0.008882572392965003,1.006137438374082,18.67,1.83,0.29,1979.260009765625,0.55,-0.22852380952381,0.58825,0.098,-0.774167
2016-03-09,1.1022,1.4236,0.00884486113568017,1.0043185698503565,18.34,1.9,0.3,1989.260009765625,0.55,-0.22852380952381,0.58825,0.098,-0.774167
2016-03-10,1.1162,1.4306,0.008841732979664015,1.0145074566298062,18.05,1.93,0.31,1989.5699462890625,0.55,-0.22852380952381,0.58825,0.098,-0.774167
2016-03-11,1.118,1.4426,0.008798169980644026,1.0190563538163662,16.5,1.98,0.32,2022.18994140625,0.55,-0.22852380952381,0.58825,0.098,-0.774167
2016-03-14,1.1107,1.4324,0.008803591865481117,1.0141987829614605,16.92,1.97,0.34,2019.6400146484375,0.55,-0.22852380952381,0.58825,0.098,-0.774167
2016-03-15,1.1112,1.4166,0.00885896527285613,1.0150223304912709,16.84,1.97,0.34,2015.9300537109375,0.55,-0.22852380952381,0.58825,0.098,-0.774167
2016-03-16,1.1075,1.41,0.00879584835957428,1.0122482032594393,14.99,1.94,0.31,2027.219970703125,0.55,-0.22852380952381,0.58825,0.098,-0.774167
2016-03-17,1.1316,1.449,0.008984725965858042,1.0330578512396695,14.44,1.91,0.29,2040.5899658203125,0.55,-0.22852380952381,0.58825,0.098,-0.774167
2016-03-18,1.1292,1.4514,0.00897827258035554,1.032844453625284,14.02,1.88,0.29,2049.580078125,0.55,-0.22852380952381,0.58825,0.098,-0.774167
2016-03-21,1.126,1.4402,0.008958967926894821,1.0332713370531101,13.79,1.92,0.31,2051.60009765625,0.55,-0.22852380952381,0.58825,0.098,-0.774167
2016-03-22,1.1228,1.4217,0.008942944017170454,1.0303967027305512,14.17,1.94,0.3,2049.800048828125,0.55,-0.22852380952381,0.58825,0.098,-0.774167
2016-03-23,1.1174,1.4111,0.008878629139660837,1.027643613194944,14.94,1.88,0.3,2036.7099609375,0.55,-0.22852380952381,0.58825,0.098,-0.774167
2016-03-24,1.1163,1.4143,0.00887784090909091,1.0239606799098915,14.74,1.91,0.29,2035.93994140625,0.55,-0.22852380952381,0.58825,0.098,-0.774167
2016-03-25,1.1164,1.4131,0.008845643520566122,1.0224948875255624,,,,,0.55,-0.22852380952381,0.58825,0.098,-0.774167
2016-03-28,1.121,1.425,0.008826904404625297,1.0275380189066996,15.24,1.89,0.29,2037.050048828125,0.55,-0.22852380952381,0.58825,0.098,-0.774167
2016-03-29,1.1204,1.4281,0.008823788934968676,1.026272577996716,13.82,1.81,0.23,2055.010009765625,0.55,-0.22852380952381,0.58825,0.098,-0.774167
2016-03-30,1.133,1.439,0.008880994671403198,1.03777501037775,13.56,1.83,0.2,2063.949951171875,0.55,-0.22852380952381,0.58825,0.098,-0.774167
2016-03-31,1.139,1.4381,0.00889521437466643,1.0435145570280704,13.95,1.78,0.21,2059.739990234375,0.55,-0.22852380952381,0.58825,0.098,-0.774167
2016-04-01,1.1385,1.4204,0.00892379082634303,1.0429703796412182,13.1,1.79,0.23,2072.780029296875,0.55,-0.249190476190476,0.5889,0.06,-0.746875
2016-04-04,1.1386,1.4279,0.008994423457456376,1.0419922892570594,14.12,1.78,0.23,2066.1298828125,0.55,-0.249190476190476,0.5889,0.06,-0.746875
2016-04-05,1.1374,1.4149,0.009069472156720479,1.0447137484329294,15.42,1.73,0.23,2045.1700439453125,0.55,-0.249190476190476,0.5889,0.06,-0.746875
2016-04-06,1.143,1.4162,0.009121590805436468,1.0485477613505296,14.09,1.76,0.23,2066.659912109375,0.55,-0.249190476190476,0.5889,0.06,-0.746875
2016-04-07,1.1386,1.4082,0.009260974254491572,1.0469011725293131,16.16,1.7,0.23,2041.9100341796875,0.55,-0.249190476190476,0.5889,0.06,-0.746875
2016-04-08,1.1406,1.4105,0.009228497600590625,1.0486577181208054,15.36,1.72,0.23,2047.5999755859375,0.55,-0.249190476190476,0.5889,0.06,-0.746875
2016-04-11,1.1412,1.424,0.009262689885142646,1.0484378276368211,16.26,1.73,0.23,2041.989990234375,0.55,-0.249190476190476,0.5889,0.06,-0.746875
2016-04-12,1.1395,1.4244,0.009213193292795283,1.0475591870940708,14.85,1.79,0.22,2061.719970703125,0.55,-0.249190476190476,0.5889,0.06,-0.746875
2016-04-13,1.1281,1.4223,0.009156670634557275,1.0361620557455187,13.84,1.77,0.23,2082.419921875,0.55,-0.249190476190476,0.5889,0.06,-0.746875
2016-04-14,1.1262,1.4148,0.009157509157509158,1.0344470880314471,13.72,1.8,0.22,2082.780029296875,0.55,-0.249190476190476,0.5889,0.06,-0.746875
2016-04-15,1.1295,1.4217,0.009194556822361161,1.0341261633919339,13.62,1.76,0.22,2080.72998046875,0.55,-0.249190476190476,0.5889,0.06,-0.746875
2016-04-18,1.1322,1.4276,0.009186954524575104,1.03777501037775,13.35,1.78,0.22,2094.340087890625,0.55,-0.249190476190476,0.5889,0.06,-0.746875
2016-04-19,1.1375,1.4396,0.009160864785635764,1.0417751849150954,13.24,1.79,0.21,2100.800048828125,0.55,-0.249190476190476,0.5889,0.06,-0.746875
2016-04-20,1.133,1.4375,0.009131586156515386,1.0340192327577293,13.28,1.85,0.23,2102.39990234375,0.55,-0.249190476190476,0.5889,0.06,-0.746875
2016-04-21,1.1301,1.4338,0.009139932364500503,1.0285949393128986,13.95,1.88,0.23,2091.47998046875,0.55,-0.249190476190476,0.5889,0.06,-0.746875
2016-04-22,1.1239,1.439,0.008968609865470852,1.023122570083896,13.22,1.89,0.23,2091.580078125,0.55,-0.249190476190476,0.5889,0.06,-0.746875
2016-04-25,1.1274,1.4492,0.009002520705797623,1.0264832683227263,14.08,1.91,0.25,2087.7900390625,0.55,-0.249190476190476,0.5889,0.06,-0.746875
2016-04-26,1.1318,1.4611,0.008990380293086396,1.0295480284155256,13.96,1.94,0.24,2091.699951171875,0.55,-0.249190476190476,0.5889,0.06,-0.746875
2016-04-27,1.1322,1.4554,0.008987956138774043,1.0298661174047374,13.77,1.87,0.24,2095.14990234375,0.55,-0.249190476190476,0.5889,0.06,-0.746875
2016-04-28,1.1325,1.4581,0.00921234454168586,1.0323113451016828,15.22,1.84,0.22,2075.81005859375,0.55,-0.249190476190476,0.5889,0.06,-0.746875
2016-04-29,1.1441,1.4625,0.009354536950420954,1.0418837257762035,15.7,1.83,0.22,2065.300048828125,0.55,-0.249190476190476,0.5889,0.06,-0.746875
2016-05-02,1.1516,1.4666,0.009391435011269721,1.0464629552113855,14.68,1.88,0.22,2081.429931640625,0.57,-0.257181818181818,0.58929,0.06,-0.765375
2016-05-03,1.1508,1.4543,0.009403799134850479,1.0481081647626036,15.6,1.81,0.21,2063.3701171875,0.57,-0.257181818181818,0.58929,0.06,-0.765375
2016-05-04,1.1486,1.4475,0.009335324869305451,1.0444955086693126,16.05,1.79,0.19,2051.1201171875,0.57,-0.257181818181818,0.58929,0.06,-0.765375
2016-05-05,1.1404,1.4486,0.009317927692881103,1.0324179227751393,15.91,1.76,0.2,2050.6298828125,0.57,-0.257181818181818,0.58929,0.06,-0.765375
2016-05-06,1.1421,1.4439,0.009375585974123383,1.0312467773538208,14.72,1.79,0.19,2057.139892578125,0.57,-0.257181818181818,0.58929,0.06,-0.765375
2016-05-09,1.1402,1.4409,0.009225943352707815,1.031140441328109,14.57,1.77,0.24,2058.68994140625,0.57,-0.257181818181818,0.58929,0.06,-0.765375
2016-05-10,1.1386,1.4454,0.009155832265152902,1.0260619741432382,13.63,1.77,0.24,2084.389892578125,0.57,-0.257181818181818,0.58929,0.06,-0.765375
2016-05-11,1.1444,1.448,0.009218289085545723,1.0310341272296113,14.69,1.73,0.26,2064.4599609375,0.57,-0.257181818181818,0.58929,0.06,-0.765375
2016-05-12,1.138,1.4452,0.00919709371838499,1.0316723408645414,14.41,1.75,0.27,2064.110107421875,0.57,-0.257181818181818,0.58929,0.06,-0.765375
2016-05-13,1.1294,1.4369,0.00916254352208173,1.025010250102501,15.04,1.71,0.28,2046.6099853515625,0.57,-0.257181818181818,0.58929,0.06,-0.765375
2016-05-16,1.1328,1.4411,0.00918357975939021,1.023331968890708,14.68,1.75,0.28,2066.659912109375,0.57,-0.257181818181818,0.58929,0.06,-0.765375
2016-05-17,1.1337,1.4485,0.0091726288754357,1.0244851961889152,15.57,1.76,0.28,2047.2099609375,0.57,-0.257181818181818,0.58929,0.06,-0.765375
2016-05-18,1.1276,1.4615,0.009119927040583675,1.018122581958868,15.95,1.87,0.3,2047.6300048828125,0.57,-0.257181818181818,0.58929,0.06,-0.765375
2016-05-19,1.1214,1.4608,0.009106638739641197,1.0107135637760258,16.33,1.85,0.3,2040.0400390625,0.57,-0.257181818181818,0.58929,0.06,-0.765375
2016-05-20,1.1207,1.4513,0.009048136083966703,1.0080645161290323,15.2,1.85,0.32,2052.320068359375,0.57,-0.257181818181818,0.58929,0.06,-0.765375
2016-05-23,1.1192,1.4444,0.009134922809902257,1.0081661457808246,15.82,1.84,0.35,2048.0400390625,0.57,-0.257181818181818,0.58929,0.06,-0.765375
2016-05-24,1.1145,1.4623,0.00909090909090909,1.0070493454179255,14.42,1.86,0.35,2076.06005859375,0.57,-0.257181818181818,0.58929,0.06,-0.765375
2016-05-25,1.1154,1.4694,0.009072763563781528,1.0092854259184498,13.9,1.87,0.33,2090.5400390625,0.57,-0.257181818181818,0.58929,0.06,-0.765375
2016-05-26,1.1184,1.4673,0.00911244760342628,1.0103051121438675,13.43,1.83,0.3,2090.10009765625,0.57,-0.257181818181818,0.58929,0.06,-0.765375
2016-05-27,1.114,1.4644,0.009102494083378846,1.008471157724889,13.12,1.85,0.31,2099.06005859375,0.57,-0.257181818181818,0.58929,0.06,-0.765375
2016-05-30,,,,,,,,,0.57,-0.257181818181818,0.58929,0.06,-0.765375
2016-05-31,1.1135,1.453,0.009029345372460496,1.00664384940608,14.19,1.84,0.34,2096.949951171875,0.57,-0.257181818181818,0.58929,0.06,-0.765375
2016-06-01,1.1165,1.4395,0.009128251939753538,1.0109179134654267,14.2,1.85,0.3,2099.330078125,0.55,-0.267909090909091,0.57468,0.059,-0.718645
2016-06-02,1.1157,1.4419,0.009195402298850575,1.0098969905069684,13.63,1.81,0.28,2105.260009765625,0.55,-0.267909090909091,0.57468,0.059,-0.718645
2016-06-03,1.133,1.4521,0.009356287425149701,1.022390348635109,13.47,1.71,0.29,2099.1298828125,0.55,-0.267909090909091,0.57468,0.059,-0.718645
2016-06-06,1.1354,1.445,0.009317059536010435,1.02880658436214,13.65,1.73,0.28,2109.409912109375,0.55,-0.267909090909091,0.57468,0.059,-0.718645
2016-06-07,1.135,1.4564,0.009319664492078286,1.034875297526648,14.05,1.72,0.28,2112.1298828125,0.55,-0.267909090909091,0.57468,0.059,-0.718645
2016-06-08,1.14,1.4546,0.009373828271466066,1.0423181154888472,14.08,1.71,0.24,2119.1201171875,0.55,-0.267909090909091,0.57468,0.059,-0.718645
2016-06-09,1.1329,1.4467,0.009386146048432513,1.0374520178441746,14.64,1.68,0.25,2115.47998046875,0.55,-0.267909090909091,0.57468,0.059,-0.718645
2016-06-10,1.1281,1.4342,0.009340556697179151,1.0382059800664452,17.03,1.64,0.25,2096.070068359375,0.55,-0.267909090909091,0.57468,0.059,-0.718645
2016-06-13,1.1282,1.4223,0.009427736400490242,1.03498240529911,20.97,1.62,0.27,2079.06005859375,0.55,-0.267909090909091,0.57468,0.059,-0.718645
2016-06-14,1.1206,1.413,0.009432182607055273,1.037344398340249,20.5,1.62,0.27,2075.320068359375,0.55,-0.267909090909091,0.57468,0.059,-0.718645
2016-06-15,1.1239,1.4185,0.009445546424860677,1.036591686534674,20.14,1.6,0.26,2071.5,0.55,-0.267909090909091,0.57468,0.059,-0.718645
2016-06-16,1.1158,1.4075,0.009610764055742432,1.03498240529911,19.37,1.57,0.27,2077.989990234375,0.55,-0.267909090909091,0.57468,0.059,-0.718645
2016-06-17,1.1256,1.4285,0.009596928982725527,1.040582726326743,19.41,1.62,0.26,2071.219970703125,0.55,-0.267909090909091,0.57468,0.059,-0.718645
2016-06-20,1.1318,1.4688,0.009585889570552147,1.0399334442595674,18.37,1.67,0.28,2083.25,0.55,-0.267909090909091,0.57468,0.059,-0.718645
2016-06-21,1.1262,1.4668,0.009563886763580718,1.0421008753647354,18.48,1.71,0.27,2088.89990234375,0.55,-0.267909090909091,0.57468,0.059,-0.718645
2016-06-22,1.1286,1.4682,0.009563886763580718,1.0434056761268782,21.17,1.69,0.27,2085.449951171875,0.55,-0.267909090909091,0.57468,0.059,-0.718645
2016-06-23,1.1373,1.48,0.009442870632672332,1.0453690152623876,17.25,1.74,0.3,2113.320068359375,0.55,-0.267909090909091,0.57468,0.059,-0.718645
2016-06-24,1.1126,1.3639,0.009778994719342852,1.0307153164296021,25.76,1.57,0.26,2037.4100341796875,0.55,-0.267909090909091,0.57468,0.059,-0.718645
2016-06-27,1.1024,1.3217,0.00983671060397403,1.021763563911311,23.85,1.46,0.27,2000.5400390625,0.55,-0.267909090909091,0.57468,0.059,-0.718645
2016-06-28,1.1054,1.3294,0.009736150326161036,1.019160211985324,18.75,1.46,0.26,2036.0899658203125,0.55,-0.267909090909091,0.57468,0.059,-0.718645
2016-06-29,1.1117,1.351,0.009738994935722632,1.0210332856851132,16.64,1.5,0.26,2070.77001953125,0.55,-0.267909090909091,0.57468,0.059,-0.718645
2016-06-30,1.1032,1.3242,0.009730466089325679,1.0212418300653596,15.63,1.49,0.26,2098.860107421875,0.55,-0.267909090909091,0.57468,0.059,-0.718645
2016-07-01,1.1145,1.3281,0.009751340809361287,1.027749229188078,14.77,1.46,0.27,2102.949951171875,0.62,-0.294523809523809,0.5136,0.058,-0.77
2016-07-04,,,,,,,,,0.62,-0.294523809523809,0.5136,0.058,-0.77
2016-07-05,1.108,1.3021,0.009844457570387872,1.0237510237510237,15.58,1.37,0.28,2088.550048828125,0.62,-0.294523809523809,0.5136,0.058,-0.77
2016-07-06,1.1077,1.2921,0.009889240506329113,1.022704029453876,14.96,1.38,0.27,2099.72998046875,0.62,-0.294523809523809,0.5136,0.058,-0.77
2016-07-07,1.1065,1.2926,0.009926543577526306,1.022390348635109,14.76,1.4,0.29,2097.89990234375,0.62,-0.294523809523809,0.5136,0.058,-0.77
2016-07-08,1.1038,1.2938,0.009935419771485345,1.015950421619425,13.2,1.37,0.27,2129.89990234375,0.62,-0.294523809523809,0.5136,0.058,-0.77
2016-07-11,1.1045,1.2986,0.009740892265731542,1.017293997965412,13.54,1.43,0.31,2137.159912109375,0.62,-0.294523809523809,0.5136,0.058,-0.77
2016-07-12,1.1074,1.3237,0.009549274255156608,1.013273887931908,13.55,1.53,0.29,2152.139892578125,0.62,-0.294523809523809,0.5136,0.058,-0.77
2016-07-13,1.1112,1.318,0.009606147934678195,1.016880211511084,13.04,1.48,0.31,2152.429931640625,0.62,-0.294523809523809,0.5136,0.058,-0.77
2016-07-14,1.1109,1.3332,0.009487666034155597,1.0197838058331634,12.82,1.53,0.31,2163.75,0.62,-0.294523809523809,0.5136,0.058,-0.77
2016-07-15,1.1059,1.3194,0.00946611132146914,1.016880211511084,12.67,1.6,0.31,2161.739990234375,0.62,-0.294523809523809,0.5136,0.058,-0.77
2016-07-18,1.1076,1.3279,0.009433962264150943,1.018122581958868,12.44,1.59,0.32,2166.889892578125,0.62,-0.294523809523809,0.5136,0.058,-0.77
2016-07-19,1.1014,1.3123,0.00942240648261566,1.015228426395939,11.97,1.56,0.31,2163.780029296875,0.62,-0.294523809523809,0.5136,0.058,-0.77
2016-07-20,1.1007,1.3179,0.009376465072667603,1.012965964343598,11.77,1.59,0.32,2173.02001953125,0.62,-0.294523809523809,0.5136,0.058,-0.77
2016-07-21,1.1016,1.3216,0.009435742592942064,1.013273887931908,12.74,1.57,0.31,2165.169921875,0.62,-0.294523809523809,0.5136,0.058,-0.77
2016-07-22,1.0968,1.3091,0.009414422895876483,1.0113268608414239,12.02,1.57,0.32,2175.030029296875,0.62,-0.294523809523809,0.5136,0.058,-0.77
2016-07-25,1.098,1.313,0.009432182607055273,1.013273887931908,12.87,1.58,0.32,2168.47998046875,0.62,-0.294523809523809,0.5136,0.058,-0.77
2016-07-26,1.0984,1.3133,0.009539254030334827,1.0076582023377672,13.05,1.57,0.31,2169.179931640625,0.62,-0.294523809523809,0.5136,0.058,-0.77
2016-07-27,1.0988,1.3094,0.00946521533364884,1.0064412238325282,12.83,1.52,0.31,2166.580078125,0.62,-0.294523809523809,0.5136,0.058,-0.77
2016-07-28,1.1094,1.3151,0.009536524890329964,1.0197838058331634,12.72,1.52,0.25,2170.06005859375,0.62,-0.294523809523809,0.5136,0.058,-0.77
2016-07-29,1.1168,1.327,0.009773260359655983,1.0319917440660475,11.87,1.46,0.27,2173.60009765625,0.62,-0.294523809523809,0.5136,0.058,-0.77
2016-08-01,1.1176,1.3209,0.009778994719342852,1.0340192327577293,12.44,1.51,0.29,2170.840087890625,0.73,-0.298217391304348,0.40613,0.058,-0.75
2016-08-02,1.1225,1.3326,0.009918666931164452,1.0370216737529814,13.37,1.55,0.29,2157.030029296875,0.73,-0.298217391304348,0.40613,0.058,-0.75
2016-08-03,1.117,1.3335,0.009867771857114663,1.029230135858378,12.86,1.55,0.28,2163.7900390625,0.73,-0.298217391304348,0.40613,0.058,-0.75
2016-08-04,1.1134,1.3143,0.009893153937475268,1.0269049086054631,12.42,1.51,0.26,2164.25,0.73,-0.298217391304348,0.40613,0.058,-0.75
2016-08-05,1.108,1.3069,0.009828975820719482,1.0208248264597795,11.39,1.59,0.27,2182.8701171875,0.73,-0.298217391304348,0.40613,0.058,-0.75
2016-08-08,1.1078,1.3042,0.009753242953281966,1.0164667615368976,11.5,1.59,0.31,2180.889892578125,0.73,-0.298217391304348,0.40613,0.058,-0.75
2016-08-09,1.111,1.301,0.009807767752059632,1.0177081213108081,11.66,1.55,0.29,2181.739990234375,0.73,-0.298217391304348,0.40613,0.058,-0.75
2016-08-10,1.1171,1.2998,0.009874592673052237,1.0246951531919255,12.05,1.5,0.28,2175.489990234375,0.73,-0.298217391304348,0.40613,0.058,-0.75
2016-08-11,1.1168,1.296,0.009856100926473488,1.0285949393128986,11.68,1.57,0.28,2185.7900390625,0.73,-0.298217391304348,0.40613,0.058,-0.75
2016-08-12,1.1172,1.2934,0.0099000099000099,1.0269049086054631,11.55,1.51,0.28,2184.050048828125,0.73,-0.298217391304348,0.40613,0.058,-0.75
2016-08-15,1.1199,1.2874,0.009899029895070284,1.0294420424130122,11.81,1.55,0.31,2190.14990234375,0.73,-0.298217391304348,0.40613,0.058,-0.75
2016-08-16,1.1277,1.3019,0.00997207818109294,1.0392849719393058,12.64,1.57,0.27,2178.14990234375,0.73,-0.298217391304348,0.40613,0.058,-0.75
2016-08-17,1.1263,1.3012,0.009976057462090982,1.037344398340249,12.19,1.56,0.3,2182.219970703125,0.73,-0.298217391304348,0.40613,0.058,-0.75
2016-08-18,1.1334,1.3147,0.0099930048965724,1.0442773600668338,11.43,1.53,0.29,2187.02001953125,0.73,-0.298217391304348,0.40613,0.058,-0.75
2016-08-19,1.1326,1.3061,0.009976057462090982,1.0423181154888472,11.34,1.58,0.29,2183.8701171875,0.73,-0.298217391304348,0.40613,0.058,-0.75
2016-08-22,1.1314,1.3133,0.00997506234413965,1.0389610389610389,12.27,1.55,0.29,2182.639892578125,0.73,-0.298217391304348,0.40613,0.058,-0.75
2016-08-23,1.1308,1.3179,0.00998003992015968,1.0392849719393058,12.38,1.55,0.3,2186.89990234375,0.73,-0.298217391304348,0.40613,0.058,-0.75
2016-08-24,1.1256,1.3236,0.009950248756218905,1.0338054378166028,13.45,1.56,0.31,2175.43994140625,0.73,-0.298217391304348,0.40613,0.058,-0.75
2016-08-25,1.1274,1.3177,0.00994233446013124,1.0326311441553078,13.63,1.58,0.33,2172.469970703125,0.73,-0.298217391304348,0.40613,0.058,-0.75
2016-08-26,1.1237,1.3168,0.009881422924901186,1.0290183165260343,13.65,1.62,0.33,2169.0400390625,0.73,-0.298217391304348,0.40613,0.058,-0.75
2016-08-29,1.1182,1.3089,0.009791442279447763,1.0224948875255624,12.94,1.57,0.33,2180.3798828125,0.73,-0.298217391304348,0.40613,0.058,-0.75
2016-08-30,1.115,1.3084,0.00971628449280995,1.018122581958868,13.12,1.57,0.33,2176.1201171875,0.73,-0.298217391304348,0.40613,0.058,-0.75
2016-08-31,1.1146,1.3129,0.00967305088024763,1.017293997965412,13.42,1.58,0.33,2170.949951171875,0.73,-0.298217391304348,0.40613,0.058,-0.75
2016-09-01,1.1194,1.3273,0.00968804495252858,1.0212418300653596,13.48,1.57,0.33,2170.860107421875,0.75,-0.301636363636364,0.37907,0.056,-0.75
2016-09-02,1.1158,1.3299,0.00959877135726627,1.0199918400652794,11.98,1.6,0.32,2179.97998046875,0.75,-0.301636363636364,0.37907,0.056,-0.75
2016-09-05,,,,,,,,,0.75,-0.301636363636364,0.37907,0.056,-0.75
2016-09-06,1.1237,1.3429,0.009777082518576457,1.0290183165260343,12.02,1.55,0.32,2186.47998046875,0.75,-0.301636363636364,0.37907,0.056,-0.75
2016-09-07,1.1238,1.3339,0.009830908375933936,1.0307153164296021,11.94,1.54,0.34,2186.159912109375,0.75,-0.301636363636364,0.37907,0.056,-0.75
2016-09-08,1.1256,1.3301,0.009777082518576457,1.0281719103434095,12.51,1.61,0.34,2181.300048828125,0.75,-0.301636363636364,0.37907,0.056,-0.75
2016-09-09,1.1214,1.3257,0.009721952167995334,1.0235414534288638,17.5,1.67,0.34,2127.81005859375,0.75,-0.301636363636364,0.37907,0.056,-0.75
2016-09-12,1.123,1.3313,0.009807767752059632,1.0271158586688578,15.16,1.68,0.37,2159.0400390625,0.75,-0.301636363636364,0.37907,0.056,-0.75
2016-09-13,1.1242,1.3184,0.009790483649892304,1.026694045174538,17.85,1.73,0.36,2127.02001953125,0.75,-0.301636363636364,0.37907,0.056,-0.75
2016-09-14,1.1271,1.3204,0.00977230528681716,1.0300782859497322,18.14,1.7,0.33,2125.77001953125,0.75,-0.301636363636364,0.37907,0.056,-0.75
2016-09-15,1.1246,1.3215,0.009780907668231613,1.0294420424130122,16.3,1.71,0.29,2147.260009765625,0.75,-0.301636363636364,0.37907,0.056,-0.75
2016-09-16,1.116,1.309,0.009769441187964049,1.0210332856851132,15.37,1.7,0.29,2139.159912109375,0.75,-0.301636363636364,0.37907,0.056,-0.75
2016-09-19,1.1179,1.3051,0.009821253191907287,1.0206164523372117,15.53,1.7,0.3,2139.1201171875,0.75,-0.301636363636364,0.37907,0.056,-0.75
2016-09-20,1.1172,1.2974,0.00983671060397403,1.022390348635109,15.92,1.69,0.3,2139.760009765625,0.75,-0.301636363636364,0.37907,0.056,-0.75
2016-09-21,1.1165,1.2978,0.009938382031405287,1.0248001639680262,13.3,1.66,0.22,2163.1201171875,0.75,-0.301636363636364,0.37907,0.056,-0.75
2016-09-22,1.1229,1.3092,0.00992063492063492,1.0332713370531101,12.02,1.63,0.18,2177.179931640625,0.75,-0.301636363636364,0.37907,0.056,-0.75
2016-09-23,1.1223,1.2959,0.009897070467141725,1.0307153164296021,12.29,1.62,0.18,2164.68994140625,0.75,-0.301636363636364,0.37907,0.056,-0.75
2016-09-26,1.127,1.2978,0.009966115208291807,1.034340091021928,14.5,1.59,0.25,2146.10009765625,0.75,-0.301636363636364,0.37907,0.056,-0.75
2016-09-27,1.1208,1.3005,0.00996412913511359,1.0290183165260343,13.1,1.56,0.26,2159.929931640625,0.75,-0.301636363636364,0.37907,0.056,-0.75
2016-09-28,1.12,1.2996,0.009943323058566173,1.0283833813245578,12.39,1.57,0.27,2171.3701171875,0.75,-0.301636363636364,0.37907,0.056,-0.75
2016-09-29,1.1244,1.2991,0.009854158454867954,1.0357327809425168,14.02,1.56,0.26,2151.1298828125,0.75,-0.301636363636364,0.37907,0.056,-0.75
2016-09-30,1.1238,1.3015,0.009880446596186148,1.0315659170621003,13.29,1.6,0.28,2168.27001953125,0.75,-0.301636363636364,0.37907,0.056,-0.75
2016-10-03,1.121,1.284,0.009848335631278314,1.026694045174538,13.57,1.63,0.32,2161.199951171875,0.72,-0.309,0.3975,0.056,-0.75
2016-10-04,1.1212,1.2746,0.009740892265731542,1.0224948875255624,13.63,1.69,0.33,2150.489990234375,0.72,-0.309,0.3975,0.056,-0.75
2016-10-05,1.1196,1.2745,0.009659036028204384,1.0235414534288638,12.99,1.72,0.32,2159.72998046875,0.72,-0.309,0.3975,0.056,-0.75
2016-10-06,1.1158,1.2647,0.009613535858488752,1.0206164523372117,12.84,1.75,0.32,2160.77001953125,0.72,-0.309,0.3975,0.056,-0.75
2016-10-07,1.1156,1.2434,0.009669309611293753,1.0197838058331634,13.48,1.73,0.32,2153.739990234375,0.72,-0.309,0.3975,0.056,-0.75
2016-10-10,,,,,13.38,,,2163.659912109375,0.72,-0.309,0.3975,0.056,-0.75
2016-10-11,1.1062,1.2218,0.009674922600619196,1.0123506782749545,15.36,1.77,0.35,2136.72998046875,0.72,-0.309,0.3975,0.056,-0.75
2016-10-12,1.1014,1.2195,0.009571209800918835,1.0098969905069684,15.91,1.79,0.36,2139.179931640625,0.72,-0.309,0.3975,0.056,-0.75
2016-10-13,1.1038,1.2201,0.009650646593321752,1.0131712259371835,16.69,1.75,0.29,2132.550048828125,0.72,-0.309,0.3975,0.056,-0.75
2016-10-14,1.0985,1.2189,0.009606147934678195,1.0098969905069684,16.12,1.8,0.31,2132.97998046875,0.72,-0.309,0.3975,0.056,-0.75
2016-10-17,1.1,1.2186,0.009619084263178146,1.0121457489878543,16.21,1.77,0.34,2126.5,0.72,-0.309,0.3975,0.056,-0.75
2016-10-18,1.0997,1.231,0.009633911368015415,1.0115314586283632,15.28,1.75,0.34,2139.60009765625,0.72,-0.309,0.3975,0.056,-0.75
2016-10-19,1.0966,1.2279,0.00968054211035818,1.0107135637760258,14.41,1.76,0.34,2144.2900390625,0.72,-0.309,0.3975,0.056,-0.75
2016-10-20,1.0934,1.2256,0.00962278675904542,1.008471157724889,13.75,1.76,0.34,2141.340087890625,0.72,-0.309,0.3975,0.056,-0.75
2016-10-21,1.0866,1.221,0.009619084263178146,1.0049241282283188,13.34,1.74,0.33,2141.159912109375,0.72,-0.309,0.3975,0.056,-0.75
2016-10-24,1.0888,1.2204,0.009596928982725527,1.0080645161290323,13.02,1.77,0.33,2151.330078125,0.72,-0.309,0.3975,0.056,-0.75
2016-10-25,1.089,1.2164,0.009592326139088728,1.0060362173038229,13.46,1.77,0.34,2143.159912109375,0.72,-0.309,0.3975,0.056,-0.75
2016-10-26,1.0916,1.2234,0.00957670944263551,1.0073536818777071,14.24,1.79,0.33,2139.429931640625,0.72,-0.309,0.3975,0.056,-0.75
2016-10-27,1.0904,1.2173,0.009511128019783146,1.0060362173038229,15.36,1.85,0.29,2133.0400390625,0.72,-0.309,0.3975,0.056,-0.75
2016-10-28,1.0934,1.2155,0.009487666034155597,1.0068465565847766,16.19,1.86,0.29,2126.409912109375,0.72,-0.309,0.3975,0.056,-0.75
2016-10-31,1.0962,1.2212,0.009517464547444562,1.0111223458038423,17.06,1.84,0.34,2126.14990234375,0.72,-0.309,0.3975,0.056,-0.75
2016-11-01,1.1042,1.2218,0.009561143512764126,1.0214504596527068,18.56,1.83,0.35,2111.719970703125,0.71,-0.312681818181818,0.39773,0.056,-0.76
2016-11-02,1.1119,1.2315,0.00968804495252858,1.0308215647871355,19.32,1.81,0.36,2097.93994140625,0.71,-0.312681818181818,0.39773,0.056,-0.76
2016-11-03,1.1094,1.2454,0.00969274013763691,1.0260619741432382,22.08,1.82,0.37,2088.659912109375,0.71,-0.312681818181818,0.39773,0.056,-0.76
2016-11-04,1.1121,1.2546,0.009706853038245,1.032844453625284,22.51,1.79,0.37,2085.179931640625,0.71,-0.312681818181818,0.39773,0.056,-0.76
2016-11-07,1.1038,1.2403,0.009560229445506692,1.0248001639680262,18.71,1.83,0.41,2131.52001953125,0.71,-0.312681818181818,0.39773,0.056,-0.76
2016-11-08,1.1034,1.2372,0.009525623928367307,1.0249051962693452,18.74,1.88,0.43,2139.56005859375,0.71,-0.312681818181818,0.39773,0.056,-0.76
2016-11-09,1.0952,1.2474,0.009538344143456695,1.019160211985324,14.38,2.07,0.44,2163.260009765625,0.71,-0.312681818181818,0.39773,0.056,-0.76
2016-11-10,1.0882,1.2523,0.009384384384384385,1.0123506782749545,14.74,2.15,0.47,2167.47998046875,0.71,-0.312681818181818,0.39773,0.056,-0.76
2016-11-11,,,,,14.17,,,2164.449951171875,0.71,-0.312681818181818,0.39773,0.056,-0.76
2016-11-14,1.0723,1.2469,0.009233610341643583,1.0022048506714771,14.48,2.23,0.54,2164.199951171875,0.71,-0.312681818181818,0.39773,0.056,-0.76
2016-11-15,1.0726,1.2422,0.009179364787956673,0.9985022466300548,13.37,2.23,0.5,2180.389892578125,0.71,-0.312681818181818,0.39773,0.056,-0.76
2016-11-16,1.0699,1.245,0.009160864785635764,0.9981036031540074,13.72,2.22,0.46,2176.93994140625,0.71,-0.312681818181818,0.39773,0.056,-0.76
2016-11-17,1.0656,1.245,0.009120758847136081,0.9952229299363058,13.35,2.29,0.43,2187.1201171875,0.71,-0.312681818181818,0.39773,0.056,-0.76
2016-11-18,1.06,1.2327,0.009048954845715319,0.9906875371507826,12.85,2.34,0.43,2181.89990234375,0.71,-0.312681818181818,0.39773,0.056,-0.76
2016-11-21,1.0597,1.2474,0.008999280057595392,0.9889240506329113,12.42,2.33,0.46,2198.179931640625,0.71,-0.312681818181818,0.39773,0.056,-0.76
2016-11-22,1.0618,1.2424,0.009010632546404758,0.9900990099009901,12.41,2.31,0.48,2202.93994140625,0.71,-0.312681818181818,0.39773,0.056,-0.76
2016-11-23,1.056,1.2458,0.008882572392965003,0.9846396218983852,12.43,2.36,0.5,2204.719970703125,0.71,-0.312681818181818,0.39773,0.056,-0.76
2016-11-24,,,,,,,,,0.71,-0.312681818181818,0.39773,0.056,-0.76
2016-11-25,1.0595,1.2462,0.008836264027569143,0.9865824782951854,12.34,2.36,0.48,2213.35009765625,0.71,-0.312681818181818,0.39773,0.056,-0.76
2016-11-28,1.0576,1.2411,0.0088999644001424,0.9844457570387871,13.15,2.32,0.48,2201.719970703125,0.71,-0.312681818181818,0.39773,0.056,-0.76
2016-11-29,1.0626,1.2505,0.008866820358219542,0.986971969996052,12.9,2.3,0.48,2204.659912109375,0.71,-0.312681818181818,0.39773,0.056,-0.76
2016-11-30,1.0578,1.2481,0.00874584572328144,0.9816432708353785,13.33,2.37,0.48,2198.81005859375,0.71,-0.312681818181818,0.39773,0.056,-0.76
2016-12-01,1.0634,1.2596,0.00874584572328144,0.9875567845151096,14.07,2.45,0.47,2191.080078125,0.87,-0.315761904761905,0.37226,0.056,-0.8
2016-12-02,1.0666,1.2685,0.008790436005625879,0.9891196834817014,14.12,2.4,0.48,2191.949951171875,0.87,-0.315761904761905,0.37226,0.056,-0.8
2016-12-05,1.0723,1.2708,0.008764241893076249,0.9898050084133426,12.14,2.39,0.49,2204.7099609375,0.87,-0.315761904761905,0.37226,0.056,-0.8
2016-12-06,1.0717,1.2706,0.008773469029654325,0.9907856930545922,11.79,2.39,0.49,2212.22998046875,0.87,-0.315761904761905,0.37226,0.056,-0.8
2016-12-07,1.0758,1.2604,0.00881057268722467,0.9935419771485345,12.22,2.34,0.51,2241.35009765625,0.87,-0.315761904761905,0.37226,0.056,-0.8
2016-12-08,1.0625,1.2574,0.008759635599159075,0.9848335631278313,12.64,2.4,0.5,2246.18994140625,0.87,-0.315761904761905,0.37226,0.056,-0.8
2016-12-09,1.0541,1.259,0.008682816705739341,0.9819324430479184,11.75,2.47,0.53,2259.530029296875,0.87,-0.315761904761905,0.37226,0.056,-0.8
2016-12-12,1.0606,1.2677,0.008670019074041963,0.9845426799251747,12.64,2.49,0.51,2256.9599609375,0.87,-0.315761904761905,0.37226,0.056,-0.8
2016-12-13,1.0635,1.2685,0.008676036786395974,0.9883376161296699,12.72,2.48,0.54,2271.719970703125,0.87,-0.315761904761905,0.37226,0.056,-0.8
2016-12-14,1.0656,1.2706,0.008691117677733355,0.9901970492127933,13.19,2.54,0.54,2253.280029296875,0.87,-0.315761904761905,0.37226,0.056,-0.8
2016-12-15,1.0375,1.2389,0.008451656524678837,0.9676795045480936,12.79,2.6,0.5,2262.030029296875,0.87,-0.315761904761905,0.37226,0.056,-0.8
2016-12-16,1.0456,1.2478,0.008493290300662476,0.9748488984207447,12.2,2.6,0.5,2258.070068359375,0.87,-0.315761904761905,0.37226,0.056,-0.8
2016-12-19,1.0444,1.2419,0.008576329331046312,0.9778994719342852,11.71,2.54,0.52,2262.530029296875,0.87,-0.315761904761905,0.37226,0.056,-0.8
2016-12-20,1.039,1.2358,0.008484642796538266,0.9725734292939117,11.45,2.57,0.52,2270.760009765625,0.87,-0.315761904761905,0.37226,0.056,-0.8
2016-12-21,1.0425,1.2348,0.008489685032685287,0.9744689144416293,11.27,2.55,0.51,2265.179931640625,0.87,-0.315761904761905,0.37226,0.056,-0.8
2016-12-22,1.0452,1.2301,0.008512087163772556,0.9759906304899474,11.43,2.55,0.5,2260.9599609375,0.87,-0.315761904761905,0.37226,0.056,-0.8
2016-12-23,1.0449,1.2252,0.008530967411704487,0.9738994935722634,11.44,2.55,0.51,2263.7900390625,0.87,-0.315761904761905,0.37226,0.056,-0.8
2016-12-26,,,,,,,,,0.87,-0.315761904761905,0.37226,0.056,-0.8
2016-12-27,1.0458,1.2261,0.00850918992511913,0.9723842862699339,11.99,2.57,0.51,2268.8798828125,0.87,-0.315761904761905,0.37226,0.056,-0.8
2016-12-28,1.0389,1.2222,0.008499065102838687,0.9696499563657519,12.95,2.51,0.52,2249.919921875,0.87,-0.315761904761905,0.37226,0.056,-0.8
2016-12-29,1.0486,1.2237,0.008596973865199451,0.9775171065493647,13.37,2.49,0.46,2249.260009765625,0.87,-0.315761904761905,0.37226,0.056,-0.8
2016-12-30,1.0552,1.2337,0.008563110121596164,0.984251968503937,14.04,2.45,0.5,2238.830078125,0.87,-0.315761904761905,0.37226,0.056,-0.8
2017-01-02,,,,,,,,,0.9,-0.325545454545455,0.3621,0.056,-0.93
2017-01-03,1.0416,1.2256,0.00849762066621346,0.9740892265731541,12.85,2.45,0.53,2257.830078125,0.9,-0.325545454545455,0.3621,0.056,-0.93
2017-01-04,1.0476,1.2299,0.008519338899301414,0.9777082518576458,11.85,2.46,0.52,2270.75,0.9,-0.325545454545455,0.3621,0.056,-0.93
2017-01-05,1.0598,1.2415,0.008661008141347654,0.9894132779261898,11.67,2.37,0.51,2269.0,0.9,-0.325545454545455,0.3621,0.056,-0.93
2017-01-06,1.056,1.2314,0.008557980316645272,0.9852216748768474,11.32,2.42,0.52,2276.97998046875,0.9,-0.325545454545455,0.3621,0.056,-0.93
2017-01-09,1.0576,1.2167,0.008615490652192644,0.9854158454867955,11.56,2.38,0.5,2268.89990234375,0.9,-0.325545454545455,0.3621,0.056,-0.93
2017-01-10,1.0572,1.2165,0.008640055296353897,0.9844457570387871,11.49,2.38,0.51,2268.89990234375,0.9,-0.325545454545455,0.3621,0.056,-0.93
2017-01-11,1.0501,1.2118,0.00860141063134354,0.9801038910124473,11.26,2.38,0.51,2275.320068359375,0.9,-0.325545454545455,0.3621,0.056,-0.93
2017-01-12,1.0666,1.2211,0.008781944322472994,0.9934432743890325,11.54,2.36,0.51,2270.43994140625,0.9,-0.325545454545455,0.3621,0.056,-0.93
2017-01-13,1.0625,1.2198,0.00869338433452143,0.9902951079421667,11.23,2.4,0.52,2274.639892578125,0.9,-0.325545454545455,0.3621,0.056,-0.93
2017-01-16,,,,,,,,,0.9,-0.325545454545455,0.3621,0.056,-0.93
2017-01-17,1.0695,1.2388,0.008852691218130312,0.997207818109294,11.87,2.33,0.54,2267.889892578125,0.9,-0.325545454545455,0.3621,0.056,-0.93
2017-01-18,1.0682,1.2309,0.008818342151675485,0.997207818109294,12.48,2.42,0.52,2271.889892578125,0.9,-0.325545454545455,0.3621,0.056,-0.93
2017-01-19,1.063,1.2319,0.008673026886383347,0.9906875371507826,12.78,2.47,0.51,2263.68994140625,0.9,-0.325545454545455,0.3621,0.056,-0.93
2017-01-20,,,,,11.54,2.48,0.49,2271.31005859375,0.9,-0.325545454545455,0.3621,0.056,-0.93
2017-01-23,1.074,1.2485,0.008857395925597873,1.001001001001001,11.77,2.41,0.51,2265.199951171875,0.9,-0.325545454545455,0.3621,0.056,-0.93
2017-01-24,1.0749,1.2531,0.008800492827598346,1.0002000400080016,11.07,2.47,0.5,2280.070068359375,0.9,-0.325545454545455,0.3621,0.056,-0.93
2017-01-25,1.0743,1.262,0.008802816901408451,1.0004001600640255,10.81,2.53,0.49,2298.3701171875,0.9,-0.325545454545455,0.3621,0.056,-0.93
2017-01-26,1.067,1.2579,0.008718395815170008,0.9989012086704624,10.63,2.51,0.5,2296.679931640625,0.9,-0.325545454545455,0.3621,0.056,-0.93
2017-01-27,1.069,1.2531,0.00868357068426537,1.00080064051241,10.58,2.49,0.51,2294.68994140625,0.9,-0.325545454545455,0.3621,0.056,-0.93
2017-01-30,1.0681,1.2478,0.008782715615668365,1.0024057738572574,11.88,2.49,0.51,2280.89990234375,0.9,-0.325545454545455,0.3621,0.056,-0.93
2017-01-31,1.0794,1.2585,0.008871540099361249,1.0113268608414239,11.99,2.45,0.52,2278.8701171875,0.9,-0.325545454545455,0.3621,0.056,-0.93
2017-02-01,1.0758,1.2643,0.008826904404625297,1.0070493454179255,11.81,2.48,0.5,2279.550048828125,0.87,-0.3286,0.35674,0.056,-0.803778166666667
2017-02-02,1.0802,1.2541,0.008890469416785205,1.0107135637760258,11.93,2.48,0.51,2280.85009765625,0.87,-0.3286,0.35674,0.056,-0.803778166666667
2017-02-03,1.0792,1.2504,0.00889521437466643,1.0090817356205852,10.97,2.49,0.5,2297.419921875,0.87,-0.3286,0.35674,0.056,-0.803778166666667
2017-02-06,1.0731,1.245,0.008903133903133903,1.00664384940608,11.37,2.42,0.53,2292.56005859375,0.87,-0.3286,0.35674,0.056,-0.803778166666667
2017-02-07,1.069,1.2486,0.008917424647761726,1.0030090270812437,11.29,2.4,0.53,2293.080078125,0.87,-0.3286,0.35674,0.056,-0.803778166666667
2017-02-08,1.0708,1.2543,0.008949346697691068,1.00664384940608,11.45,2.34,0.53,2294.669921875,0.87,-0.3286,0.35674,0.056,-0.803778166666667
2017-02-09,1.0658,1.2516,0.008830801836806783,0.9987016878058523,10.88,2.4,0.53,2307.8701171875,0.87,-0.3286,0.35674,0.056,-0.803778166666667
2017-02-10,1.065,1.2502,0.008832361773538244,0.997207818109294,10.85,2.41,0.54,2316.10009765625,0.87,-0.3286,0.35674,0.056,-0.803778166666667
2017-02-13,1.0603,1.251,0.008788118463836892,0.9946290033817385,11.07,2.43,0.52,2328.25,0.87,-0.3286,0.35674,0.056,-0.803778166666667
2017-02-14,1.0577,1.2465,0.00874584572328144,0.9928514694201747,10.74,2.47,0.54,2337.580078125,0.87,-0.3286,0.35674,0.056,-0.803778166666667
2017-02-15,1.0597,1.2465,0.008758868354208636,0.9938382031405287,11.97,2.51,0.53,2349.25,0.87,-0.3286,0.35674,0.056,-0.803778166666667
2017-02-16,1.066,1.2477,0.008821453775582216,1.00080064051241,11.76,2.45,0.52,2347.219970703125,0.87,-0.3286,0.35674,0.056,-0.803778166666667
2017-02-17,1.0614,1.2428,0.00886053517632465,0.9978048293753742,11.49,2.42,0.52,2351.159912109375,0.87,-0.3286,0.35674,0.056,-0.803778166666667
2017-02-20,,,,,,,,,0.87,-0.3286,0.35674,0.056,-0.803778166666667
2017-02-21,1.0551,1.2465,0.008812125484666901,0.991768322919766,11.57,2.43,0.53,2365.3798828125,0.87,-0.3286,0.35674,0.056,-0.803778166666667
2017-02-22,1.0555,1.2456,0.008813678829543451,0.9892175289346128,11.74,2.42,0.52,2362.820068359375,0.87,-0.3286,0.35674,0.056,-0.803778166666667
2017-02-23,1.0586,1.2548,0.008874689385871494,0.9938382031405287,11.71,2.38,0.51,2363.81005859375,0.87,-0.3286,0.35674,0.056,-0.803778166666667
2017-02-24,1.058,1.2499,0.008907892392659897,0.9945300845350571,11.47,2.31,0.51,2367.340087890625,0.87,-0.3286,0.35674,0.056,-0.803778166666667
2017-02-27,1.0624,1.2473,0.008927774305865548,0.9949258780220872,12.09,2.36,0.5,2369.75,0.87,-0.3286,0.35674,0.056,-0.803778166666667
2017-02-28,1.0618,1.2427,0.00892379082634303,0.9978048293753742,12.92,2.36,0.53,2363.639892578125,0.87,-0.3286,0.35674,0.056,-0.803778166666667
2017-03-01,1.0564,1.2318,0.008798169980644026,0.9928514694201747,12.54,2.46,0.62,2395.9599609375,0.98,-0.329347826086957,0.34567,0.056,-0.815
2017-03-02,1.0514,1.2267,0.00873743993010048,0.9881422924901185,11.81,2.49,0.66,2381.919921875,0.98,-0.329347826086957,0.34567,0.056,-0.815
2017-03-03,1.0552,1.2249,0.008726003490401396,0.9883376161296699,10.96,2.49,0.7,2383.1201171875,0.98,-0.329347826086957,0.34567,0.056,-0.815
2017-03-06,1.0586,1.2243,0.00877808988764045,0.9887284951552303,11.24,2.49,0.73,2375.31005859375,0.98,-0.329347826086957,0.34567,0.056,-0.815
2017-03-07,1.0582,1.2209,0.008772699359592948,0.987166831194472,11.45,2.52,0.75,2368.389892578125,0.98,-0.329347826086957,0.34567,0.056,-0.815
2017-03-08,1.0547,1.2152,0.008727526618956188,0.9856100926473488,11.86,2.57,0.72,2362.97998046875,0.98,-0.329347826086957,0.34567,0.056,-0.815
2017-03-09,1.0586,1.2166,0.00871763577717723,0.9870693909781859,12.3,2.6,0.72,2364.8701171875,0.98,-0.329347826086957,0.34567,0.056,-0.815
2017-03-10,1.0667,1.2158,0.00869414014953921,0.9897070467141726,11.66,2.58,0.73,2372.60009765625,0.98,-0.329347826086957,0.34567,0.056,-0.815
2017-03-13,1.067,1.2234,0.008725242125468982,0.9932459276916965,11.35,2.62,0.78,2373.469970703125,0.98,-0.329347826086957,0.34567,0.056,-0.815
2017-03-14,1.0645,1.2168,0.008723719794120214,0.9922603691208572,12.3,2.6,0.77,2365.449951171875,0.98,-0.329347826086957,0.34567,0.056,-0.815
2017-03-15,1.063,1.2222,0.008721437292865864,0.9920634920634921,11.63,2.51,0.72,2385.260009765625,0.98,-0.329347826086957,0.34567,0.056,-0.815
2017-03-16,1.0738,1.237,0.008847991505928155,1.0047221943132725,11.21,2.53,0.72,2381.3798828125,0.98,-0.329347826086957,0.34567,0.056,-0.815
2017-03-17,1.0742,1.2372,0.008875477056891809,1.0022048506714771,11.28,2.5,0.72,2378.25,0.98,-0.329347826086957,0.34567,0.056,-0.815
2017-03-20,1.0754,1.2365,0.008881783462119193,1.0034115994380894,11.34,2.47,0.75,2373.469970703125,0.98,-0.329347826086957,0.34567,0.056,-0.815
2017-03-21,1.081,1.2479,0.008936550491510277,1.0064412238325282,12.47,2.43,0.76,2344.02001953125,0.98,-0.329347826086957,0.34567,0.056,-0.815
2017-03-22,1.08,1.2476,0.009004141905276427,1.0101010101010102,12.81,2.4,0.76,2348.449951171875,0.98,-0.329347826086957,0.34567,0.056,-0.815
2017-03-23,1.0787,1.2526,0.008999280057595392,1.0076582023377672,13.12,2.41,0.75,2345.9599609375,0.98,-0.329347826086957,0.34567,0.056,-0.815
2017-03-24,1.0806,1.2491,0.009006574799603711,1.0090817356205852,12.96,2.4,0.77,2343.97998046875,0.98,-0.329347826086957,0.34567,0.056,-0.815
2017-03-27,1.0882,1.2583,0.009051412020275162,1.017293997965412,12.5,2.38,0.77,2341.590087890625,0.98,-0.329347826086957,0.34567,0.056,-0.815
2017-03-28,1.0852,1.2503,0.009044862518089725,1.015228426395939,11.53,2.42,0.77,2358.570068359375,0.98,-0.329347826086957,0.34567,0.056,-0.815
2017-03-29,1.0756,1.2411,0.0090049527239982,1.0034115994380894,11.42,2.39,0.77,2361.1298828125,0.98,-0.329347826086957,0.34567,0.056,-0.815
2017-03-30,1.0726,1.2489,0.008979885057471264,1.0031096398836392,11.54,2.42,0.77,2368.06005859375,0.98,-0.329347826086957,0.34567,0.056,-0.815
2017-03-31,1.0698,1.2537,0.008975854950184005,1.0002000400080016,12.37,2.4,0.75,2362.719970703125,0.98,-0.329347826086957,0.34567,0.056,-0.815
2017-04-03,1.0655,1.2479,0.009012256669069936,0.9971083856815237,12.38,2.35,0.78,2358.840087890625,1.03,-0.330388888888889,0.33513,0.056,-0.7901191
2017-04-04,1.0664,1.2437,0.009030160736861116,0.9978048293753742,11.79,2.36,0.78,2360.159912109375,1.03,-0.330388888888889,0.33513,0.056,-0.7901191
2017-04-05,1.0661,1.2488,0.008992805755395683,0.9950248756218907,12.89,2.34,0.79,2352.949951171875,1.03,-0.330388888888889,0.33513,0.056,-0.7901191
2017-04-06,1.0651,1.2486,0.009007386056566384,0.9954210631096955,12.39,2.34,0.78,2357.489990234375,1.03,-0.330388888888889,0.33513,0.056,-0.7901191
2017-04-07,1.0616,1.2398,0.009028530155290718,0.9934432743890325,12.87,2.38,0.81,2355.5400390625,1.03,-0.330388888888889,0.33513,0.056,-0.7901191
2017-04-10,1.0606,1.2418,0.009013068949977467,0.992358836955443,14.05,2.37,0.81,2357.159912109375,1.03,-0.330388888888889,0.33513,0.056,-0.7901191
2017-04-11,1.0614,1.2484,0.00911244760342628,0.9928514694201747,15.07,2.32,0.81,2353.780029296875,1.03,-0.330388888888889,0.33513,0.056,-0.7901191
2017-04-12,1.0611,1.25,0.009129085265656381,0.9946290033817385,15.77,2.28,0.8,2344.929931640625,1.03,-0.330388888888889,0.33513,0.056,-0.7901191
2017-04-13,1.063,1.2522,0.009154994049253868,0.9953219866626855,15.96,2.24,0.8,2328.949951171875,1.03,-0.330388888888889,0.33513,0.056,-0.7901191
2017-04-14,1.0625,1.2531,0.009205560158335634,0.9962143853357243,,,,,1.03,-0.330388888888889,0.33513,0.056,-0.7901191
2017-04-17,1.066,1.2587,0.009219988936013277,0.9978048293753742,14.66,2.26,0.82,2349.010009765625,1.03,-0.330388888888889,0.33513,0.056,-0.7901191
2017-04-18,1.0706,1.2769,0.00922509225092251,1.0022048506714771,14.42,2.18,0.81,2342.18994140625,1.03,-0.330388888888889,0.33513,0.056,-0.7901191
2017-04-19,1.0707,1.2789,0.009169264624977077,1.001401962747847,14.93,2.21,0.8,2338.169921875,1.03,-0.330388888888889,0.33513,0.056,-0.7901191
2017-04-20,1.0758,1.283,0.009145783793671118,1.0040160642570282,14.15,2.24,0.78,2355.840087890625,1.03,-0.330388888888889,0.33513,0.056,-0.7901191
2017-04-21,1.0694,1.2783,0.009167583425009168,1.0013016921998599,14.63,2.24,0.78,2348.68994140625,1.03,-0.330388888888889,0.33513,0.056,-0.7901191
2017-04-24,1.0846,1.2783,0.00911244760342628,1.0036130068245686,10.84,2.28,0.8,2374.14990234375,1.03,-0.330388888888889,0.33513,0.056,-0.7901191
2017-04-25,1.0941,1.2836,0.00901875901875902,1.0075566750629723,10.76,2.35,0.81,2388.610107421875,1.03,-0.330388888888889,0.33513,0.056,-0.7901191
2017-04-26,1.0872,1.2838,0.008967001434720229,1.0043185698503565,10.85,2.32,0.82,2387.449951171875,1.03,-0.330388888888889,0.33513,0.056,-0.7901191
2017-04-27,1.0864,1.2889,0.008998470260055791,1.0052271813429834,10.36,2.3,0.8,2388.77001953125,1.03,-0.330388888888889,0.33513,0.056,-0.7901191
2017-04-28,1.0895,1.2938,0.008973438621679828,1.005631536604988,10.82,2.29,0.79,2384.199951171875,1.03,-0.330388888888889,0.33513,0.056,-0.7901191
2017-05-01,1.0912,1.2917,0.008946144211844694,1.0045203415369162,10.11,2.33,0.82,2388.330078125,1.05,-0.329454545454545,0.31081,0.056,-0.89770825
2017-05-02,1.091,1.2921,0.00892379082634303,1.0087763542822556,10.59,2.29,0.81,2391.169921875,1.05,-0.329454545454545,0.31081,0.056,-0.89770825
2017-05-03,1.092,1.2916,0.008901548869503293,1.0087763542822556,10.68,2.33,0.84,2388.1298828125,1.05,-0.329454545454545,0.31081,0.056,-0.89770825
2017-05-04,1.0967,1.291,0.008873114463176575,1.0111223458038423,10.46,2.36,0.84,2389.52001953125,1.05,-0.329454545454545,0.31081,0.056,-0.89770825
2017-05-05,1.0996,1.295,0.008878629139660837,1.012555690562981,10.57,2.36,0.88,2399.2900390625,1.05,-0.329454545454545,0.31081,0.056,-0.89770825
2017-05-08,1.0928,1.2942,0.008862105636299184,1.002104419280489,9.77,2.39,0.9,2399.3798828125,1.05,-0.329454545454545,0.31081,0.056,-0.89770825
2017-05-09,1.0875,1.2939,0.008757334267448989,0.9926543577526304,9.96,2.42,0.9,2396.919921875,1.05,-0.329454545454545,0.31081,0.056,-0.89770825
2017-05-10,1.0873,1.2939,0.00877039115944571,0.9912767644726408,10.21,2.41,0.89,2399.6298828125,1.05,-0.329454545454545,0.31081,0.056,-0.89770825
2017-05-11,1.0869,1.2885,0.008789663355893469,0.9939369843951894,10.6,2.39,0.87,2394.43994140625,1.05,-0.329454545454545,0.31081,0.056,-0.89770825
2017-05-12,1.0926,1.288,0.008826125330979701,0.9992006394884093,10.4,2.33,0.86,2390.89990234375,1.05,-0.329454545454545,0.31081,0.056,-0.89770825
2017-05-15,1.0979,1.2917,0.008807468733485996,1.0036130068245686,10.42,2.34,0.89,2402.320068359375,1.05,-0.329454545454545,0.31081,0.056,-0.89770825
2017-05-16,1.1072,1.2912,0.008830801836806783,1.0123506782749545,10.65,2.33,0.89,2400.669921875,1.05,-0.329454545454545,0.31081,0.056,-0.89770825
2017-05-17,1.1134,1.2944,0.008971828458639872,1.0195758564437194,15.59,2.22,0.89,2357.030029296875,1.05,-0.329454545454545,0.31081,0.056,-0.89770825
2017-05-18,1.113,1.3009,0.009023641941887747,1.0242753252074157,14.66,2.23,0.91,2365.719970703125,1.05,-0.329454545454545,0.31081,0.056,-0.89770825
2017-05-19,1.119,1.3018,0.008971023593792052,1.025220422390814,12.04,2.23,0.9,2381.72998046875,1.05,-0.329454545454545,0.31081,0.056,-0.89770825
2017-05-22,1.1236,1.3006,0.00899685110211426,1.0271158586688578,10.93,2.25,0.92,2394.02001953125,1.05,-0.329454545454545,0.31081,0.056,-0.89770825
2017-05-23,1.1198,1.2984,0.00895736295234683,1.026694045174538,10.72,2.29,0.91,2398.419921875,1.05,-0.329454545454545,0.31081,0.056,-0.89770825
2017-05-24,1.1175,1.2935,0.008926977325477594,1.0236462278636502,10.02,2.26,0.92,2404.389892578125,1.05,-0.329454545454545,0.31081,0.056,-0.89770825
2017-05-25,1.1218,1.2954,0.008952551477170993,1.02880658436214,9.99,2.25,0.92,2415.070068359375,1.05,-0.329454545454545,0.31081,0.056,-0.89770825
2017-05-26,1.117,1.2795,0.008984725965858042,1.0253255408592228,9.81,2.25,0.92,2415.820068359375,1.05,-0.329454545454545,0.31081,0.056,-0.89770825
2017-05-29,,,,,,,,,1.05,-0.329454545454545,0.31081,0.056,-0.89770825
2017-05-30,1.1183,1.2858,0.009035056017347307,1.026272577996716,10.38,2.21,0.92,2412.909912109375,1.05,-0.329454545454545,0.31081,0.056,-0.89770825
2017-05-31,1.1236,1.2905,0.009032607713846988,1.0326311441553078,10.41,2.21,0.96,2411.800048828125,1.05,-0.329454545454545,0.31081,0.056,-0.89770825
2017-06-01,1.1214,1.2894,0.008989572096368213,1.0296540362438222,9.89,2.21,0.96,2430.06005859375,1.16,-0.33,0.29442,0.056,-0.775
2017-06-02,1.127,1.2885,0.009050592813829306,1.0371292263015972,9.75,2.15,0.96,2439.070068359375,1.16,-0.33,0.29442,0.056,-0.775
2017-06-05,1.125,1.2917,0.009050592813829306,1.0355182768975872,10.07,2.18,0.95,2436.10009765625,1.16,-0.33,0.29442,0.056,-0.775
2017-06-06,1.1266,1.2901,0.009145783793671118,1.038637307852098,10.45,2.14,0.96,2429.330078125,1.16,-0.33,0.29442,0.056,-0.775
2017-06-07,1.1236,1.2941,0.009129085265656381,1.0355182768975872,10.39,2.18,0.98,2433.139892578125,1.16,-0.33,0.29442,0.056,-0.775
2017-06-08,1.1217,1.2939,0.009082652134423252,1.0335917312661498,10.16,2.19,0.99,2433.7900390625,1.16,-0.33,0.29442,0.056,-0.775
2017-06-09,1.119,1.2737,0.009040773890245005,1.0309278350515465,10.7,2.21,0.99,2431.77001953125,1.16,-0.33,0.29442,0.056,-0.775
2017-06-12,1.1204,1.2658,0.00911410864017499,1.0322047894302229,11.46,2.21,0.97,2429.389892578125,1.16,-0.33,0.29442,0.056,-0.775
2017-06-13,1.1194,1.2739,0.009081002542680712,1.031778786628147,10.42,2.21,0.99,2440.35009765625,1.16,-0.33,0.29442,0.056,-0.775
2017-06-14,1.1277,1.2808,0.009160864785635764,1.03498240529911,10.64,2.15,0.99,2437.919921875,1.16,-0.33,0.29442,0.056,-0.775
2017-06-15,1.1152,1.2768,0.009036688957166094,1.0257462303826033,10.9,2.16,1.0,2432.4599609375,1.16,-0.33,0.29442,0.056,-0.775
2017-06-16,1.1194,1.2778,0.009022013713460845,1.0267994660642776,10.38,2.16,1.01,2433.14990234375,1.16,-0.33,0.29442,0.056,-0.775
2017-06-19,1.116,1.2743,0.008981498113885395,1.026167265264238,10.37,2.19,1.01,2453.4599609375,1.16,-0.33,0.29442,0.056,-0.775
2017-06-20,1.1124,1.2628,0.008971828458639872,1.0246951531919255,10.86,2.16,1.0,2437.030029296875,1.16,-0.33,0.29442,0.056,-0.775
2017-06-21,1.1143,1.2667,0.008962179602079226,1.026272577996716,10.75,2.16,0.97,2435.610107421875,1.16,-0.33,0.29442,0.056,-0.775
2017-06-22,1.1148,1.2659,0.008979885057471264,1.0279605263157894,10.48,2.15,0.94,2434.5,1.16,-0.33,0.29442,0.056,-0.775
2017-06-23,1.1196,1.2727,0.008987956138774043,1.031778786628147,10.02,2.15,0.95,2438.300048828125,1.16,-0.33,0.29442,0.056,-0.775
2017-06-26,1.1196,1.2732,0.00897021887334051,1.030290541932825,9.9,2.14,0.98,2439.070068359375,1.16,-0.33,0.29442,0.056,-0.775
2017-06-27,1.13,1.2791,0.00889521437466643,1.0375596596804317,11.06,2.21,0.99,2419.3798828125,1.16,-0.33,0.29442,0.056,-0.775
2017-06-28,1.1364,1.2936,0.008914244963451595,1.0407993338884263,10.03,2.22,1.0,2440.68994140625,1.16,-0.33,0.29442,0.056,-0.775
2017-06-29,1.142,1.2984,0.008903133903133903,1.0450412791305257,11.44,2.27,1.02,2419.699951171875,1.16,-0.33,0.29442,0.056,-0.775
2017-06-30,1.1411,1.2995,0.00889679715302491,1.0431879824744419,11.18,2.31,1.01,2423.409912109375,1.16,-0.33,0.29442,0.056,-0.775
2017-07-03,1.1367,1.2951,0.008824567596187787,1.0382059800664452,11.22,2.35,1.04,2429.010009765625,1.22,-0.330428571428571,0.2931,0.075,-0.805833333333333
2017-07-04,,,,,,,,,1.22,-0.330428571428571,0.2931,0.075,-0.805833333333333
2017-07-05,1.1336,1.2934,0.0088339222614841,1.0360547036883547,11.07,2.33,1.03,2432.5400390625,1.22,-0.330428571428571,0.2931,0.075,-0.805833333333333
2017-07-06,1.1409,1.2967,0.00882768361581921,1.0379904504878554,12.54,2.37,1.02,2409.75,1.22,-0.330428571428571,0.2931,0.075,-0.805833333333333
2017-07-07,1.1396,1.288,0.008764241893076249,1.0369141435089175,11.19,2.39,1.03,2425.179931640625,1.22,-0.330428571428571,0.2931,0.075,-0.805833333333333
2017-07-10,1.1396,1.2884,0.00876577840112202,1.0354110581901015,11.11,2.38,1.03,2427.429931640625,1.22,-0.330428571428571,0.2931,0.075,-0.805833333333333
2017-07-11,1.143,1.2851,0.008756567425569177,1.0339123242349049,10.89,2.37,1.03,2425.530029296875,1.22,-0.330428571428571,0.2931,0.075,-0.805833333333333
2017-07-12,1.1411,1.2889,0.008834702712253733,1.0364842454394694,10.3,2.33,1.03,2443.25,1.22,-0.330428571428571,0.2931,0.075,-0.805833333333333
2017-07-13,1.1385,1.2921,0.008819119851838787,1.0325245224574084,9.9,2.35,1.03,2447.830078125,1.22,-0.330428571428571,0.2931,0.075,-0.805833333333333
2017-07-14,1.1452,1.3079,0.008876264867743653,1.0358400662937641,9.51,2.33,1.02,2459.27001953125,1.22,-0.330428571428571,0.2931,0.075,-0.805833333333333
2017-07-17,1.147,1.3058,0.00886839304717985,1.0387451958034695,9.82,2.31,1.05,2459.139892578125,1.22,-0.330428571428571,0.2931,0.075,-0.805833333333333
2017-07-18,1.1578,1.3026,0.00893734918223255,1.0497585555322275,9.89,2.27,1.05,2460.610107421875,1.22,-0.330428571428571,0.2931,0.075,-0.805833333333333
2017-07-19,1.1518,1.3036,0.008946944618412812,1.0473397570171763,9.79,2.27,1.09,2473.830078125,1.22,-0.330428571428571,0.2931,0.075,-0.805833333333333
2017-07-20,1.1634,1.2976,0.008954154727793696,1.0518565267697486,9.58,2.27,1.13,2473.449951171875,1.22,-0.330428571428571,0.2931,0.075,-0.805833333333333
2017-07-21,1.1655,1.2968,0.008994423457456376,1.0561892691170258,9.36,2.24,1.14,2472.5400390625,1.22,-0.330428571428571,0.2931,0.075,-0.805833333333333
2017-07-24,1.1642,1.3028,0.009000900090009001,1.0575296108291032,9.43,2.26,1.15,2469.909912109375,1.22,-0.330428571428571,0.2931,0.075,-0.805833333333333
2017-07-25,1.1656,1.3046,0.008962982880702698,1.0530749789385003,9.43,2.33,1.16,2477.1298828125,1.22,-0.330428571428571,0.2931,0.075,-0.805833333333333
2017-07-26,1.1632,1.3048,0.008920606601248885,1.0438413361169103,9.6,2.29,1.11,2477.830078125,1.22,-0.330428571428571,0.2931,0.075,-0.805833333333333
2017-07-27,1.1656,1.3065,0.008958967926894821,1.035625517812759,10.11,2.32,1.09,2475.419921875,1.22,-0.330428571428571,0.2931,0.075,-0.805833333333333
2017-07-28,1.1754,1.3124,0.009019572472264814,1.0325245224574084,10.29,2.3,1.06,2472.10009765625,1.22,-0.330428571428571,0.2931,0.075,-0.805833333333333
2017-07-31,1.1826,1.3196,0.00905961224859576,1.0362694300518136,10.26,2.3,1.05,2470.300048828125,1.22,-0.330428571428571,0.2931,0.075,-0.805833333333333
2017-08-01,1.1799,1.3206,0.009063717937097798,1.0357327809425168,10.09,2.26,1.06,2476.35009765625,1.25,-0.329086956521739,0.28119,0.056,-0.815
2017-08-02,1.1861,1.3236,0.009055510278004166,1.0326311441553078,10.28,2.27,1.06,2477.570068359375,1.25,-0.329086956521739,0.28119,0.056,-0.815
2017-08-03,1.188,1.3144,0.009081002542680712,1.0319917440660475,10.44,2.24,1.06,2472.159912109375,1.25,-0.329086956521739,0.28119,0.056,-0.815
2017-08-04,1.1754,1.3036,0.009028530155290718,1.0287007509515482,10.03,2.27,1.06,2476.830078125,1.25,-0.329086956521739,0.28119,0.056,-0.815
2017-08-07,1.1788,1.3021,0.009028530155290718,1.0279605263157894,9.93,2.26,1.01,2480.909912109375,1.25,-0.329086956521739,0.28119,0.056,-0.815
2017-08-08,1.1724,1.2968,0.009030160736861116,1.0239606799098915,10.96,2.29,1.04,2474.919921875,1.25,-0.329086956521739,0.28119,0.056,-0.815
2017-08-09,1.1748,1.2997,0.009087604507451835,1.0363768266141569,11.11,2.24,1.04,2474.02001953125,1.25,-0.329086956521739,0.28119,0.056,-0.815
2017-08-10,1.1751,1.2978,0.009143275121148394,1.036591686534674,16.04,2.2,1.03,2438.2099609375,1.25,-0.329086956521739,0.28119,0.056,-0.815
2017-08-11,1.1811,1.2988,0.009169264624977077,1.0395010395010396,15.51,2.19,1.01,2441.320068359375,1.25,-0.329086956521739,0.28119,0.056,-0.815
2017-08-14,1.1786,1.2975,0.009134088417975885,1.0294420424130122,12.33,2.22,1.01,2465.840087890625,1.25,-0.329086956521739,0.28119,0.056,-0.815
2017-08-15,1.1736,1.2862,0.009056330374932078,1.0290183165260343,12.04,2.27,1.02,2464.610107421875,1.25,-0.329086956521739,0.28119,0.056,-0.815
2017-08-16,1.1703,1.286,0.009025270758122744,1.026272577996716,11.74,2.23,1.0,2468.110107421875,1.25,-0.329086956521739,0.28119,0.056,-0.815
2017-08-17,1.1736,1.2888,0.009100837277029487,1.0380982040901068,15.55,2.19,0.98,2430.010009765625,1.25,-0.329086956521739,0.28119,0.056,-0.815
2017-08-18,1.1748,1.2847,0.009147457006952069,1.0371292263015972,14.26,2.19,1.0,2425.550048828125,1.25,-0.329086956521739,0.28119,0.056,-0.815
2017-08-21,1.1814,1.2903,0.00918357975939021,1.0385294423096896,13.19,2.18,0.99,2428.3701171875,1.25,-0.329086956521739,0.28119,0.056,-0.815
2017-08-22,1.1762,1.2834,0.009140767824497258,1.034340091021928,11.35,2.22,0.99,2452.510009765625,1.25,-0.329086956521739,0.28119,0.056,-0.815
2017-08-23,1.1802,1.2787,0.00916254352208173,1.0344470880314471,12.25,2.17,0.98,2444.0400390625,1.25,-0.329086956521739,0.28119,0.056,-0.815
2017-08-24,1.1801,1.2802,0.009145783793671118,1.036699149906697,12.23,2.19,1.0,2438.969970703125,1.25,-0.329086956521739,0.28119,0.056,-0.815
2017-08-25,1.1874,1.2873,0.009154155986818015,1.0444955086693126,11.28,2.17,1.01,2443.050048828125,1.25,-0.329086956521739,0.28119,0.056,-0.815
2017-08-28,1.1973,1.2927,0.009155832265152902,1.0466820180029306,11.32,2.16,0.97,2444.239990234375,1.25,-0.329086956521739,0.28119,0.056,-0.815
2017-08-29,1.2025,1.2937,0.0091726288754357,1.0548523206751055,11.7,2.13,1.01,2446.300048828125,1.25,-0.329086956521739,0.28119,0.056,-0.815
2017-08-30,1.1927,1.2934,0.009074410163339383,1.0435145570280704,11.22,2.15,1.01,2457.590087890625,1.25,-0.329086956521739,0.28119,0.056,-0.815
2017-08-31,1.1894,1.2888,0.009085953116481919,1.040582726326743,10.59,2.12,0.99,2471.64990234375,1.25,-0.329086956521739,0.28119,0.056,-0.815
2017-09-01,1.1878,1.2972,0.009083477155054955,1.0388531061707875,10.13,2.16,1.0,2476.550048828125,1.25,-0.329380952380952,0.30911,0.056,-0.84525
2017-09-04,,,,,,,,,1.25,-0.329380952380952,0.30911,0.056,-0.84525
2017-09-05,1.1911,1.3013,0.009179364787956673,1.0441683199331733,12.23,2.07,1.01,2457.85009765625,1.25,-0.329380952380952,0.30911,0.056,-0.84525
2017-09-06,1.1943,1.3073,0.009195402298850575,1.0485477613505296,11.63,2.1,1.05,2465.5400390625,1.25,-0.329380952380952,0.30911,0.056,-0.84525
2017-09-07,1.2028,1.3094,0.009237021984112321,1.052853232259423,11.55,2.05,1.03,2465.10009765625,1.25,-0.329380952380952,0.30911,0.056,-0.84525
2017-09-08,1.2041,1.3211,0.00928332714444857,1.0575296108291032,12.12,2.06,1.02,2461.429931640625,1.25,-0.329380952380952,0.30911,0.056,-0.84525
2017-09-11,1.1964,1.3173,0.009171787581399615,1.0489877268435959,10.73,2.14,1.04,2488.110107421875,1.25,-0.329380952380952,0.30911,0.056,-0.84525
2017-09-12,1.1968,1.328,0.00909008271975275,1.0421008753647354,10.58,2.17,1.02,2496.47998046875,1.25,-0.329380952380952,0.30911,0.056,-0.84525
2017-09-13,1.1898,1.3218,0.009043226623259178,1.0374520178441746,10.5,2.2,1.02,2498.3701171875,1.25,-0.329380952380952,0.30911,0.056,-0.84525
2017-09-14,1.1886,1.3398,0.009036688957166094,1.0351966873706004,10.44,2.2,1.03,2495.6201171875,1.25,-0.329380952380952,0.30911,0.056,-0.84525
2017-09-15,1.1959,1.3578,0.009022013713460845,1.0423181154888472,10.17,2.2,1.03,2500.22998046875,1.25,-0.329380952380952,0.30911,0.056,-0.84525
2017-09-18,1.1938,1.3485,0.00897021887334051,1.0384215991692627,10.15,2.23,1.04,2503.8701171875,1.25,-0.329380952380952,0.30911,0.056,-0.84525
2017-09-19,1.198,1.3517,0.008969414297246391,1.038637307852098,10.18,2.24,1.03,2506.64990234375,1.25,-0.329380952380952,0.30911,0.056,-0.84525
2017-09-20,1.1998,1.3564,0.008968609865470852,1.0398253093480296,9.78,2.28,1.02,2508.239990234375,1.25,-0.329380952380952,0.30911,0.056,-0.84525
2017-09-21,1.1946,1.3576,0.008904719501335707,1.031778786628147,9.67,2.27,1.02,2500.60009765625,1.25,-0.329380952380952,0.30911,0.056,-0.84525
2017-09-22,1.1969,1.3531,0.008927774305865548,1.0315659170621003,9.59,2.26,1.01,2502.219970703125,1.25,-0.329380952380952,0.30911,0.056,-0.84525
2017-09-25,1.1852,1.3457,0.00895736295234683,1.032844453625284,10.21,2.22,1.04,2496.659912109375,1.25,-0.329380952380952,0.30911,0.056,-0.84525
2017-09-26,1.1772,1.3422,0.00891583452211127,1.030290541932825,10.17,2.24,1.05,2496.840087890625,1.25,-0.329380952380952,0.30911,0.056,-0.84525
2017-09-27,1.1747,1.3401,0.00886839304717985,1.026167265264238,9.87,2.31,1.05,2507.0400390625,1.25,-0.329380952380952,0.30911,0.056,-0.84525
2017-09-28,1.1776,1.3435,0.008876264867743653,1.0298661174047374,9.55,2.31,1.04,2510.06005859375,1.25,-0.329380952380952,0.30911,0.056,-0.84525
2017-09-29,1.1813,1.3402,0.00887784090909091,1.0322047894302229,9.51,2.33,1.04,2519.360107421875,1.25,-0.329380952380952,0.30911,0.056,-0.84525
2017-10-02,1.1745,1.3268,0.008880994671403198,1.0270103728047653,9.45,2.34,1.0,2529.1201171875,1.26,-0.329545454545455,0.38187,0.063,-0.925185222222222
2017-10-03,1.1759,1.3251,0.008865248226950355,1.027326895418122,9.51,2.33,1.05,2534.580078125,1.26,-0.329545454545455,0.38187,0.063,-0.925185222222222
2017-10-04,1.176,1.3268,0.008862105636299184,1.025010250102501,9.63,2.33,1.06,2537.739990234375,1.26,-0.329545454545455,0.38187,0.063,-0.925185222222222
2017-10-05,1.1706,1.3132,0.008869966294128083,1.0212418300653596,9.19,2.35,1.05,2552.070068359375,1.26,-0.329545454545455,0.38187,0.063,-0.925185222222222
2017-10-06,1.1732,1.3063,0.008874689385871494,1.0228086325048584,9.65,2.37,1.05,2549.330078125,1.26,-0.329545454545455,0.38187,0.063,-0.925185222222222
2017-10-09,,,,,10.33,,,2544.72998046875,1.26,-0.329545454545455,0.38187,0.063,-0.925185222222222
2017-10-10,1.1804,1.3215,0.008916629514043692,1.026272577996716,10.08,2.35,1.06,2550.639892578125,1.26,-0.329545454545455,0.38187,0.063,-0.925185222222222
2017-10-11,1.1847,1.321,0.008900756564307966,1.0275380189066996,9.85,2.35,1.08,2555.239990234375,1.26,-0.329545454545455,0.38187,0.063,-0.925185222222222
2017-10-12,1.184,1.3174,0.008898380494749955,1.0245901639344261,9.91,2.33,1.07,2550.929931640625,1.26,-0.329545454545455,0.38187,0.063,-0.925185222222222
2017-10-13,1.1837,1.3304,0.008933357155619081,1.026167265264238,9.61,2.28,1.07,2553.169921875,1.26,-0.329545454545455,0.38187,0.063,-0.925185222222222
2017-10-16,1.181,1.3285,0.00895094880057286,1.027221366204417,9.91,2.3,1.09,2557.639892578125,1.26,-0.329545454545455,0.38187,0.063,-0.925185222222222
2017-10-17,1.1754,1.3182,0.008903133903133903,1.0199918400652794,10.31,2.3,1.07,2559.360107421875,1.26,-0.329545454545455,0.38187,0.063,-0.925185222222222
2017-10-18,1.1775,1.3183,0.008854258898530193,1.0186411327289395,10.07,2.34,1.07,2561.260009765625,1.26,-0.329545454545455,0.38187,0.063,-0.925185222222222
2017-10-19,1.1842,1.3181,0.00888572951839346,1.0255358424776946,10.05,2.33,1.08,2562.10009765625,1.26,-0.329545454545455,0.38187,0.063,-0.925185222222222
2017-10-20,1.177,1.3179,0.00881057268722467,1.0158472165786265,9.97,2.39,1.09,2575.2099609375,1.26,-0.329545454545455,0.38187,0.063,-0.925185222222222
2017-10-23,1.1762,1.3201,0.008798169980644026,1.013993104846887,11.07,2.38,1.08,2564.97998046875,1.26,-0.329545454545455,0.38187,0.063,-0.925185222222222
2017-10-24,1.1766,1.3124,0.00877808988764045,1.0111223458038423,11.16,2.42,1.1,2569.1298828125,1.26,-0.329545454545455,0.38187,0.063,-0.925185222222222
2017-10-25,1.1802,1.3252,0.008795074758135443,1.0113268608414239,11.23,2.44,1.1,2557.14990234375,1.26,-0.329545454545455,0.38187,0.063,-0.925185222222222
2017-10-26,1.17,1.3181,0.008793527963418923,1.0050251256281406,11.3,2.46,1.09,2560.39990234375,1.26,-0.329545454545455,0.38187,0.063,-0.925185222222222
2017-10-27,1.158,1.3108,0.008785802143735724,1.001001001001001,9.8,2.42,1.08,2581.070068359375,1.26,-0.329545454545455,0.38187,0.063,-0.925185222222222
2017-10-30,1.1626,1.3195,0.008829242450997704,1.0031096398836392,10.5,2.37,1.1,2572.830078125,1.26,-0.329545454545455,0.38187,0.063,-0.925185222222222
2017-10-31,1.1648,1.3281,0.008800492827598346,1.0032102728731942,10.18,2.38,1.13,2575.260009765625,1.26,-0.329545454545455,0.38187,0.063,-0.925185222222222
2017-11-01,1.1618,1.3257,0.008768853034023149,0.9986019572598361,10.2,2.37,1.16,2579.360107421875,1.32,-0.329,0.51857,0.063,-0.906642166666667
2017-11-02,1.1672,1.3068,0.008784258608573436,1.0023053021950485,9.93,2.35,1.15,2579.85009765625,1.32,-0.329,0.51857,0.063,-0.906642166666667
2017-11-03,1.1616,1.3067,0.0087527352297593,0.9998000399920016,9.14,2.34,1.16,2587.840087890625,1.32,-0.329,0.51857,0.063,-0.906642166666667
2017-11-06,1.16,1.3145,0.00877963125548727,1.001001001001001,9.4,2.32,1.17,2591.1298828125,1.32,-0.329,0.51857,0.063,-0.906642166666667
2017-11-07,1.1577,1.3152,0.00877963125548727,1.0004001600640255,9.89,2.32,1.2,2590.639892578125,1.32,-0.329,0.51857,0.063,-0.906642166666667
2017-11-08,1.1591,1.3108,0.00880126738250308,1.000300090027008,9.78,2.32,1.21,2594.3798828125,1.32,-0.329,0.51857,0.063,-0.906642166666667
2017-11-09,1.1648,1.3133,0.008818342151675485,1.004217714400482,10.5,2.33,1.22,2584.6201171875,1.32,-0.329,0.51857,0.063,-0.906642166666667
2017-11-10,,,,,11.29,2.4,1.21,2582.300048828125,1.32,-0.329,0.51857,0.063,-0.906642166666667
2017-11-13,1.1656,1.3101,0.00880126738250308,1.0025062656641603,11.5,2.4,1.22,2584.840087890625,1.32,-0.329,0.51857,0.063,-0.906642166666667
2017-11-14,1.1764,1.3128,0.00881057268722467,1.0086746015735324,11.59,2.38,1.24,2578.8701171875,1.32,-0.329,0.51857,0.063,-0.906642166666667
2017-11-15,1.1794,1.3165,0.008837825894829872,1.0098969905069684,13.13,2.33,1.23,2564.6201171875,1.32,-0.329,0.51857,0.063,-0.906642166666667
2017-11-16,1.1772,1.3197,0.008858180529719196,1.007455168245013,11.76,2.37,1.25,2585.639892578125,1.32,-0.329,0.51857,0.063,-0.906642166666667
2017-11-17,1.1799,1.3222,0.00893016610108948,1.0119409026512851,11.43,2.35,1.26,2578.85009765625,1.32,-0.329,0.51857,0.063,-0.906642166666667
2017-11-20,1.1741,1.3241,0.008889679082585119,1.007759750075582,10.65,2.37,1.28,2582.139892578125,1.32,-0.329,0.51857,0.063,-0.906642166666667
2017-11-21,1.1741,1.3232,0.008892050506846879,1.008471157724889,9.73,2.36,1.28,2599.030029296875,1.32,-0.329,0.51857,0.063,-0.906642166666667
2017-11-22,1.1789,1.3291,0.008958967926894821,1.0164667615368976,9.88,2.32,1.27,2597.080078125,1.32,-0.329,0.51857,0.063,-0.906642166666667
2017-11-23,,,,,,,,,1.32,-0.329,0.51857,0.063,-0.906642166666667
2017-11-24,1.1936,1.3336,0.008965393580778195,1.021659174499387,9.67,2.34,1.26,2602.419921875,1.32,-0.329,0.51857,0.063,-0.906642166666667
2017-11-27,1.1911,1.3333,0.009009009009009009,1.0199918400652794,9.87,2.32,1.25,2601.419921875,1.32,-0.329,0.51857,0.063,-0.906642166666667
2017-11-28,1.1878,1.3231,0.008998470260055791,1.0171905197843556,10.03,2.34,1.28,2627.0400390625,1.32,-0.329,0.51857,0.063,-0.906642166666667
2017-11-29,1.1858,1.3436,0.008948545861297539,1.0165700925078784,10.7,2.37,1.27,2626.070068359375,1.32,-0.329,0.51857,0.063,-0.906642166666667
2017-11-30,1.1898,1.3506,0.008904719501335707,1.0164667615368976,11.28,2.42,1.25,2647.580078125,1.32,-0.329,0.51857,0.063,-0.906642166666667
2017-12-01,1.191,1.3505,0.00893814801573114,1.024380249948781,11.43,2.37,1.25,2642.219970703125,1.54,-0.327894736842105,0.51871,0.063,-0.864305555555556
2017-12-04,1.1848,1.3465,0.008865248226950355,1.0144045445323595,11.68,2.37,1.28,2639.43994140625,1.54,-0.327894736842105,0.51871,0.063,-0.864305555555556
2017-12-05,1.182,1.345,0.00886839304717985,1.0133765707336846,11.33,2.36,1.28,2629.570068359375,1.54,-0.327894736842105,0.51871,0.063,-0.864305555555556
2017-12-06,1.1788,1.3382,0.008903133903133903,1.0096930533117934,11.02,2.33,1.28,2629.27001953125,1.54,-0.327894736842105,0.51871,0.063,-0.864305555555556
2017-12-07,1.179,1.3432,0.008873114463176575,1.0079629069650238,10.16,2.37,1.27,2636.97998046875,1.54,-0.327894736842105,0.51871,0.063,-0.864305555555556
2017-12-08,1.1761,1.3367,0.008806693086745927,1.0072522159548751,9.58,2.38,1.26,2651.5,1.54,-0.327894736842105,0.51871,0.063,-0.864305555555556
2017-12-11,1.1802,1.3363,0.008823010411152285,1.0101010101010102,9.34,2.39,1.31,2659.989990234375,1.54,-0.327894736842105,0.51871,0.063,-0.864305555555556
2017-12-12,1.1725,1.3323,0.00880126738250308,1.007455168245013,9.92,2.4,1.32,2664.110107421875,1.54,-0.327894736842105,0.51871,0.063,-0.864305555555556
2017-12-13,1.1762,1.3365,0.008834702712253733,1.0107135637760258,10.18,2.36,1.28,2662.85009765625,1.54,-0.327894736842105,0.51871,0.063,-0.864305555555556
2017-12-14,1.1778,1.344,0.00888415067519545,1.0101010101010102,10.49,2.35,1.3,2652.010009765625,1.54,-0.327894736842105,0.51871,0.063,-0.864305555555556
2017-12-15,1.1778,1.3316,0.008874689385871494,1.0097950116126426,9.42,2.35,1.29,2675.81005859375,1.54,-0.327894736842105,0.51871,0.063,-0.864305555555556
2017-12-18,1.1804,1.3398,0.00889679715302491,1.0146103896103895,9.53,2.39,1.36,2690.159912109375,1.54,-0.327894736842105,0.51871,0.063,-0.864305555555556
2017-12-19,1.1822,1.3356,0.008851124092759781,1.0145074566298062,10.03,2.46,1.35,2681.469970703125,1.54,-0.327894736842105,0.51871,0.063,-0.864305555555556
2017-12-20,1.1881,1.3408,0.008826904404625297,1.0143016533116949,9.72,2.49,1.36,2679.25,1.54,-0.327894736842105,0.51871,0.063,-0.864305555555556
2017-12-21,1.1872,1.3372,0.00881678716275789,1.0111223458038423,9.62,2.48,1.33,2684.570068359375,1.54,-0.327894736842105,0.51871,0.063,-0.864305555555556
2017-12-22,1.1839,1.3379,0.008826125330979701,1.0103051121438675,9.9,2.48,1.31,2683.340087890625,1.54,-0.327894736842105,0.51871,0.063,-0.864305555555556
2017-12-25,,,,,,,,,1.54,-0.327894736842105,0.51871,0.063,-0.864305555555556
2017-12-26,1.1867,1.3369,0.0088339222614841,1.011020119300374,10.25,2.47,1.45,2680.5,1.54,-0.327894736842105,0.51871,0.063,-0.864305555555556
2017-12-27,1.1902,1.3403,0.00882768361581921,1.0131712259371835,10.47,2.42,1.42,2682.6201171875,1.54,-0.327894736842105,0.51871,0.063,-0.864305555555556
2017-12-28,1.1952,1.345,0.008861320336730174,1.023122570083896,10.18,2.43,1.37,2687.5400390625,1.54,-0.327894736842105,0.51871,0.063,-0.864305555555556
2017-12-29,1.2022,1.3529,0.008873901854645488,1.0269049086054631,11.04,2.4,1.37,2673.610107421875,1.54,-0.327894736842105,0.51871,0.063,-0.864305555555556
2018-01-01,,,,,,,,,1.63,-0.328454545454546,0.5225,0.068,-0.87154745
2018-01-02,1.205,1.3596,0.008914244963451595,1.0290183165260343,9.77,2.46,1.42,2695.81005859375,1.63,-0.328454545454546,0.5225,0.068,-0.87154745
2018-01-03,1.203,1.3522,0.008906305664410403,1.024380249948781,9.15,2.44,1.39,2713.06005859375,1.63,-0.328454545454546,0.5225,0.068,-0.87154745
2018-01-04,1.2064,1.3539,0.008866820358219542,1.0253255408592228,9.22,2.46,1.39,2723.989990234375,1.63,-0.328454545454546,0.5225,0.068,-0.87154745
2018-01-05,1.2039,1.3562,0.00883548330093656,1.0254306808859721,9.22,2.47,1.37,2743.14990234375,1.63,-0.328454545454546,0.5225,0.068,-0.87154745
2018-01-08,1.1973,1.3566,0.008843296781039971,1.024380249948781,9.52,2.49,1.43,2747.7099609375,1.63,-0.328454545454546,0.5225,0.068,-0.87154745
2018-01-09,1.1922,1.3518,0.00888336146397797,1.017087062652563,10.08,2.55,1.42,2751.2900390625,1.63,-0.328454545454546,0.5225,0.068,-0.87154745
2018-01-10,1.1958,1.3513,0.00897021887334051,1.0224948875255624,9.82,2.55,1.4,2748.22998046875,1.63,-0.328454545454546,0.5225,0.068,-0.87154745
2018-01-11,1.2035,1.3543,0.00898069151324652,1.0258514567090686,9.88,2.54,1.41,2767.56005859375,1.63,-0.328454545454546,0.5225,0.068,-0.87154745
2018-01-12,1.213,1.3689,0.008990380293086396,1.0295480284155256,10.16,2.55,1.41,2786.239990234375,1.63,-0.328454545454546,0.5225,0.068,-0.87154745
2018-01-15,,,,,,,,,1.63,-0.328454545454546,0.5225,0.068,-0.87154745
2018-01-16,1.2244,1.3774,0.009030160736861116,1.039717196922437,11.66,2.54,1.43,2776.419921875,1.63,-0.328454545454546,0.5225,0.068,-0.87154745
2018-01-17,1.2229,1.3824,0.00902445627650934,1.0399334442595674,11.91,2.57,1.42,2802.56005859375,1.63,-0.328454545454546,0.5225,0.068,-0.87154745
2018-01-18,1.2238,1.3889,0.00901875901875902,1.0431879824744419,12.22,2.62,1.43,2798.030029296875,1.63,-0.328454545454546,0.5225,0.068,-0.87154745
2018-01-19,1.2238,1.3857,0.009044862518089725,1.0403662089055348,11.27,2.64,1.42,2810.300048828125,1.63,-0.328454545454546,0.5225,0.068,-0.87154745
2018-01-22,1.223,1.3944,0.00899685110211426,1.03777501037775,11.03,2.66,1.43,2832.969970703125,1.63,-0.328454545454546,0.5225,0.068,-0.87154745
2018-01-23,1.2277,1.3968,0.009053050878145936,1.0418837257762035,11.1,2.63,1.42,2839.1298828125,1.63,-0.328454545454546,0.5225,0.068,-0.87154745
2018-01-24,1.239,1.4198,0.009161704076958314,1.0579771476936097,11.47,2.65,1.41,2837.5400390625,1.63,-0.328454545454546,0.5225,0.068,-0.87154745
2018-01-25,1.2488,1.4264,0.00919963201471941,1.0687186063909373,11.58,2.63,1.4,2839.25,1.63,-0.328454545454546,0.5225,0.068,-0.87154745
2018-01-26,1.2422,1.4179,0.009226794611551948,1.070434596446157,11.08,2.66,1.39,2872.8701171875,1.63,-0.328454545454546,0.5225,0.068,-0.87154745
2018-01-29,1.2352,1.4042,0.009164222873900292,1.0660980810234542,13.84,2.7,1.43,2853.530029296875,1.63,-0.328454545454546,0.5225,0.068,-0.87154745
2018-01-30,1.239,1.4124,0.009182736455463728,1.0689470871191875,14.79,2.73,1.42,2822.429931640625,1.63,-0.328454545454546,0.5225,0.068,-0.87154745
2018-01-31,1.2428,1.419,0.009148293843198244,1.0728462611307799,13.54,2.72,1.44,2823.81005859375,1.63,-0.328454545454546,0.5225,0.068,-0.87154745
2018-02-01,1.2482,1.4247,0.0091324200913242,1.0766580534022394,13.47,2.78,1.46,2821.97998046875,1.78,-0.3285,0.54683,0.068,-0.8715625
2018-02-02,1.2446,1.4126,0.009057971014492754,1.0729613733905579,17.31,2.84,1.46,2762.1298828125,1.78,-0.3285,0.54683,0.068,-0.8715625
2018-02-05,1.2418,1.4022,0.009083477155054955,1.067691650651292,37.32,2.77,1.49,2648.93994140625,1.78,-0.3285,0.54683,0.068,-0.8715625
2018-02-06,1.2381,1.3951,0.009159186664224217,1.067463706233988,29.98,2.79,1.5,2695.139892578125,1.78,-0.3285,0.54683,0.068,-0.8715625
2018-02-07,1.2281,1.3881,0.009129918743723181,1.0595465140919686,27.73,2.84,1.53,2681.659912109375,1.78,-0.3285,0.54683,0.068,-0.8715625
2018-02-08,1.2238,1.3915,0.009174311926605505,1.0654165778819518,33.46,2.85,1.53,2581.0,1.78,-0.3285,0.54683,0.068,-0.8715625
2018-02-09,1.2226,1.3794,0.009221689413500553,1.0646225912913871,29.06,2.83,1.53,2619.550048828125,1.78,-0.3285,0.54683,0.068,-0.8715625
2018-02-12,1.2267,1.382,0.00919793966151582,1.0647359454855196,25.61,2.86,1.61,2656.0,1.78,-0.3285,0.54683,0.068,-0.8715625
2018-02-13,1.2363,1.3892,0.009294544102611766,1.0712372790573113,24.97,2.83,1.57,2662.93994140625,1.78,-0.3285,0.54683,0.068,-0.8715625
2018-02-14,1.2396,1.3955,0.009345794392523364,1.0730765103551885,19.26,2.91,1.56,2698.6298828125,1.78,-0.3285,0.54683,0.068,-0.8715625
2018-02-15,1.2482,1.4061,0.009402030838661151,1.0831889081455806,19.13,2.9,1.56,2731.199951171875,1.78,-0.3285,0.54683,0.068,-0.8715625
2018-02-16,1.2442,1.4055,0.009425070688030161,1.0801468999783972,19.46,2.87,1.59,2732.219970703125,1.78,-0.3285,0.54683,0.068,-0.8715625
2018-02-19,,,,,,,,,1.78,-0.3285,0.54683,0.068,-0.8715625
2018-02-20,1.2348,1.4021,0.009325748391308402,1.0690613641223006,20.6,2.88,1.64,2716.260009765625,1.78,-0.3285,0.54683,0.068,-0.8715625
2018-02-21,1.2314,1.3946,0.00929022668153103,1.0666666666666667,20.02,2.94,1.62,2701.330078125,1.78,-0.3285,0.54683,0.068,-0.8715625
2018-02-22,1.2326,1.3939,0.009349289454001496,1.0700909577314073,18.72,2.92,1.61,2703.9599609375,1.78,-0.3285,0.54683,0.068,-0.8715625
2018-02-23,1.2298,1.3979,0.009377344336084021,1.0688328345446771,16.49,2.88,1.61,2747.300048828125,1.78,-0.3285,0.54683,0.068,-0.8715625
2018-02-26,1.2296,1.3952,0.009349289454001496,1.0651896037494675,15.8,2.86,1.65,2779.60009765625,1.78,-0.3285,0.54683,0.068,-0.8715625
2018-02-27,1.2239,1.3906,0.009304922303898762,1.0640561821664185,18.59,2.9,1.64,2744.280029296875,1.78,-0.3285,0.54683,0.068,-0.8715625
2018-02-28,1.2211,1.3794,0.009379103357719002,1.0604453870625663,19.85,2.87,1.63,2713.830078125,1.78,-0.3285,0.54683,0.068,-0.8715625
2018-03-01,1.2216,1.3755,0.009353661958656815,1.056970721911003,22.47,2.81,1.6,2677.669921875,2.08,-0.327904761904762,0.62842,0.097,-0.79524075
2018-03-02,1.2314,1.3769,0.00946521533364884,1.0663254425250588,19.59,2.86,1.62,2691.25,2.08,-0.327904761904762,0.62842,0.097,-0.79524075
2018-03-05,1.233,1.3856,0.009436633009342266,1.0641694157709907,18.73,2.88,1.67,2720.93994140625,2.08,-0.327904761904762,0.62842,0.097,-0.79524075
2018-03-06,1.2415,1.3886,0.00943129303027445,1.0655301012253595,18.36,2.88,1.65,2728.1201171875,2.08,-0.327904761904762,0.62842,0.097,-0.79524075
2018-03-07,1.2397,1.3888,0.009439305267132339,1.0608953957139826,17.76,2.89,1.65,2726.800048828125,2.08,-0.327904761904762,0.62842,0.097,-0.79524075
2018-03-08,1.2314,1.3824,0.00942684766214178,1.052742393936204,16.54,2.86,1.64,2738.969970703125,2.08,-0.327904761904762,0.62842,0.097,-0.79524075
2018-03-09,1.2326,1.3863,0.00936855911560802,1.0534077741493733,14.64,2.9,1.64,2786.570068359375,2.08,-0.327904761904762,0.62842,0.097,-0.79524075
2018-03-12,1.2318,1.3898,0.00938790837401427,1.0538518284329224,15.78,2.87,1.68,2783.02001953125,2.08,-0.327904761904762,0.62842,0.097,-0.79524075
2018-03-13,1.2398,1.3987,0.009377344336084021,1.0596587898696619,16.35,2.84,1.7,2765.31005859375,2.08,-0.327904761904762,0.62842,0.097,-0.79524075
2018-03-14,1.2362,1.3946,0.00941885655081473,1.056970721911003,17.23,2.81,1.73,2749.47998046875,2.08,-0.327904761904762,0.62842,0.097,-0.79524075
2018-03-15,1.2321,1.3951,0.009427736400490242,1.0524100189433803,16.59,2.82,1.74,2747.330078125,2.08,-0.327904761904762,0.62842,0.097,-0.79524075
2018-03-16,1.228,1.3919,0.009425070688030161,1.049097775912715,15.8,2.85,1.75,2752.010009765625,2.08,-0.327904761904762,0.62842,0.097,-0.79524075
2018-03-19,1.2329,1.4032,0.009449116507606539,1.0516352928804291,19.02,2.85,1.77,2712.919921875,2.08,-0.327904761904762,0.62842,0.097,-0.79524075
2018-03-20,1.2271,1.4013,0.009396729937981583,1.0472300764477955,18.2,2.89,1.78,2716.93994140625,2.08,-0.327904761904762,0.62842,0.097,-0.79524075
2018-03-21,1.2268,1.4064,0.009407337723424272,1.0482180293501049,17.86,2.89,1.71,2711.929931640625,2.08,-0.327904761904762,0.62842,0.097,-0.79524075
2018-03-22,1.231,1.4098,0.009493070058857035,1.0536297545042672,23.34,2.83,1.69,2643.68994140625,2.08,-0.327904761904762,0.62842,0.097,-0.79524075
2018-03-23,1.236,1.4151,0.009539254030334827,1.0565240359218173,24.87,2.82,1.71,2588.260009765625,2.08,-0.327904761904762,0.62842,0.097,-0.79524075
2018-03-26,1.244,1.4236,0.009523809523809525,1.0590976488032195,21.03,2.85,1.76,2658.550048828125,2.08,-0.327904761904762,0.62842,0.097,-0.79524075
2018-03-27,1.241,1.4161,0.009458948164964056,1.0555203715431707,22.5,2.78,1.74,2612.6201171875,2.08,-0.327904761904762,0.62842,0.097,-0.79524075
2018-03-28,1.2351,1.411,0.009407337723424272,1.0484378276368211,22.87,2.77,1.7,2605.0,2.08,-0.327904761904762,0.62842,0.097,-0.79524075
2018-03-29,1.2297,1.4029,0.009409993413004612,1.0460251046025104,19.97,2.74,1.7,2640.8701171875,2.08,-0.327904761904762,0.62842,0.097,-0.79524075
2018-03-30,1.232,1.4027,0.009416195856873822,1.049097775912715,,,,,2.08,-0.327904761904762,0.62842,0.097,-0.79524075
2018-04-02,1.2288,1.4032,0.009434852344560807,1.0462439840970914,23.62,2.73,1.74,2581.8798828125,2.2,-0.32845,0.75629,0.097,-0.80023515
2018-04-03,1.2261,1.4068,0.009394081728511038,1.0427528675703859,21.1,2.79,1.72,2614.449951171875,2.2,-0.32845,0.75629,0.097,-0.80023515
2018-04-04,1.2292,1.4076,0.009384384384384385,1.0422094841063054,20.06,2.79,1.68,2644.68994140625,2.2,-0.32845,0.75629,0.097,-0.80023515
2018-04-05,1.223,1.3991,0.009304056568663937,1.0380982040901068,18.94,2.83,1.69,2662.840087890625,2.2,-0.32845,0.75629,0.097,-0.80023515
2018-04-06,1.2274,1.4088,0.00934317481080071,1.0414496979795875,21.49,2.77,1.7,2604.469970703125,2.2,-0.32845,0.75629,0.097,-0.80023515
2018-04-09,1.232,1.4136,0.009340556697179151,1.0444955086693126,21.77,2.78,1.73,2613.159912109375,2.2,-0.32845,0.75629,0.097,-0.80023515
2018-04-10,1.2338,1.4161,0.009319664492078286,1.0444955086693126,20.47,2.8,1.71,2656.8701171875,2.2,-0.32845,0.75629,0.097,-0.80023515
2018-04-11,1.2384,1.4194,0.009365049634763064,1.044059302568386,20.24,2.79,1.7,2642.18994140625,2.2,-0.32845,0.75629,0.097,-0.80023515
2018-04-12,1.232,1.4244,0.009319664492078286,1.0389610389610389,18.49,2.83,1.72,2663.989990234375,2.2,-0.32845,0.75629,0.097,-0.80023515
2018-04-13,1.2322,1.4255,0.009300595238095238,1.0383137784238397,17.41,2.82,1.73,2656.300048828125,2.2,-0.32845,0.75629,0.097,-0.80023515
2018-04-16,1.2373,1.4332,0.009323140033563304,1.0421008753647354,16.56,2.83,1.76,2677.840087890625,2.2,-0.32845,0.75629,0.097,-0.80023515
2018-04-17,1.2345,1.4301,0.009337940050424876,1.0345541071798054,15.25,2.82,1.77,2706.389892578125,2.2,-0.32845,0.75629,0.097,-0.80023515
2018-04-18,1.238,1.4227,0.009323140033563304,1.0341261633919339,15.6,2.87,1.78,2708.639892578125,2.2,-0.32845,0.75629,0.097,-0.80023515
2018-04-19,1.2336,1.4193,0.00930925339787749,1.0294420424130122,15.96,2.92,1.79,2693.1298828125,2.2,-0.32845,0.75629,0.097,-0.80023515
2018-04-20,1.2282,1.4033,0.00929368029739777,1.026272577996716,16.88,2.96,1.78,2670.139892578125,2.2,-0.32845,0.75629,0.097,-0.80023515
2018-04-23,1.2216,1.3953,0.009206407659731172,1.0229132569558101,16.34,2.98,1.84,2670.2900390625,2.2,-0.32845,0.75629,0.097,-0.80023515
2018-04-24,1.2226,1.3975,0.009171787581399615,1.0199918400652794,18.02,3.0,1.84,2634.56005859375,2.2,-0.32845,0.75629,0.097,-0.80023515
2018-04-25,1.2178,1.3941,0.00914662032379036,1.0175010175010175,17.84,3.03,1.82,2639.39990234375,2.2,-0.32845,0.75629,0.097,-0.80023515
2018-04-26,1.2113,1.3927,0.009149130832570906,1.0121457489878543,16.24,3.0,1.79,2666.93994140625,2.2,-0.32845,0.75629,0.097,-0.80023515
2018-04-27,1.2108,1.3785,0.009164222873900292,1.011736139214893,15.41,2.96,1.78,2669.909912109375,2.2,-0.32845,0.75629,0.097,-0.80023515
2018-04-30,1.2074,1.3751,0.009150805270863836,1.0089799212995663,15.93,2.95,1.84,2648.050048828125,2.2,-0.32845,0.75629,0.097,-0.80023515
2018-05-01,1.2,1.3611,0.009116601331023794,1.004621257785815,15.49,2.97,1.82,2654.800048828125,2.16,-0.325227272727273,0.64355,0.078,-0.7861775
2018-05-02,1.1968,1.361,0.0091000091000091,1.0025062656641603,15.97,2.97,1.81,2635.669921875,2.16,-0.325227272727273,0.64355,0.078,-0.7861775
2018-05-03,1.197,1.3569,0.009169264624977077,1.0022048506714771,15.9,2.94,1.8,2629.72998046875,2.16,-0.325227272727273,0.64355,0.078,-0.7861775
2018-05-04,1.1946,1.3535,0.009160864785635764,0.9995002498750625,14.77,2.95,1.8,2663.419921875,2.16,-0.325227272727273,0.64355,0.078,-0.7861775
2018-05-07,1.1927,1.3567,0.00916254352208173,0.9977052778609199,14.75,2.95,1.83,2672.6298828125,2.16,-0.325227272727273,0.64355,0.078,-0.7861775
2018-05-08,1.1863,1.3521,0.009160864785635764,0.998402555910543,14.71,2.97,1.84,2671.919921875,2.16,-0.325227272727273,0.64355,0.078,-0.7861775
2018-05-09,1.1852,1.3567,0.00911743253099927,0.9958175662218681,13.42,3.0,1.85,2697.7900390625,2.16,-0.325227272727273,0.64355,0.078,-0.7861775
2018-05-10,1.1896,1.3487,0.009129918743723181,0.9964129135113591,13.23,2.97,1.86,2723.070068359375,2.16,-0.325227272727273,0.64355,0.078,-0.7861775
2018-05-11,1.1951,1.3549,0.009152480322167308,1.0004001600640255,12.65,2.97,1.88,2727.719970703125,2.16,-0.325227272727273,0.64355,0.078,-0.7861775
2018-05-14,1.1976,1.3595,0.009130752373995618,1.0024057738572574,12.93,3.0,1.9,2730.1298828125,2.16,-0.325227272727273,0.64355,0.078,-0.7861775
2018-05-15,1.1864,1.3512,0.009070294784580499,1.0002000400080016,14.63,3.08,1.89,2711.449951171875,2.16,-0.325227272727273,0.64355,0.078,-0.7861775
2018-05-16,1.1788,1.3478,0.009072763563781528,0.9996001599360256,13.42,3.09,1.88,2722.4599609375,2.16,-0.325227272727273,0.64355,0.078,-0.7861775
2018-05-17,1.1798,1.3507,0.009028530155290718,0.9986019572598361,13.43,3.11,1.88,2720.1298828125,2.16,-0.325227272727273,0.64355,0.078,-0.7861775
2018-05-18,1.1775,1.3476,0.009032607713846988,1.0030090270812437,13.42,3.06,1.87,2712.969970703125,2.16,-0.325227272727273,0.64355,0.078,-0.7861775
2018-05-21,1.1768,1.3418,0.009002520705797623,1.0022048506714771,13.08,3.06,1.9,2733.010009765625,2.16,-0.325227272727273,0.64355,0.078,-0.7861775
2018-05-22,1.1783,1.3445,0.009013881377321075,1.0076582023377672,13.22,3.06,1.9,2724.43994140625,2.16,-0.325227272727273,0.64355,0.078,-0.7861775
2018-05-23,1.1693,1.3341,0.009086778736937756,1.004823151125402,12.58,3.01,1.88,2733.2900390625,2.16,-0.325227272727273,0.64355,0.078,-0.7861775
2018-05-24,1.1729,1.3384,0.009149130832570906,1.008471157724889,12.53,2.98,1.87,2727.760009765625,2.16,-0.325227272727273,0.64355,0.078,-0.7861775
2018-05-25,1.1666,1.3321,0.009144947416552356,1.0088781275221954,13.22,2.93,1.86,2721.330078125,2.16,-0.325227272727273,0.64355,0.078,-0.7861775
2018-05-28,,,,,,,,,2.16,-0.325227272727273,0.64355,0.078,-0.7861775
2018-05-29,1.1551,1.3258,0.009206407659731172,1.0076582023377672,17.02,2.77,1.9,2689.860107421875,2.16,-0.325227272727273,0.64355,0.078,-0.7861775
2018-05-30,1.1664,1.3296,0.009170946441672781,1.0111223458038423,14.94,2.84,1.9,2724.010009765625,2.16,-0.325227272727273,0.64355,0.078,-0.7861775
2018-05-31,1.167,1.3289,0.00919709371838499,1.0158472165786265,15.43,2.83,1.89,2705.27001953125,2.16,-0.325227272727273,0.64355,0.078,-0.7861775
2018-06-01,1.1679,1.3358,0.009133254178463788,1.0134792743488394,13.46,2.89,1.88,2734.6201171875,2.19,-0.322047619047619,0.63868,0.078,-0.790477142857143
2018-06-04,1.1696,1.3314,0.009119095385737736,1.011736139214893,12.74,2.94,1.91,2746.8701171875,2.19,-0.322047619047619,0.63868,0.078,-0.790477142857143
2018-06-05,1.1672,1.336,0.009121590805436468,1.0141987829614605,12.4,2.92,1.91,2748.800048828125,2.19,-0.322047619047619,0.63868,0.078,-0.790477142857143
2018-06-06,1.1778,1.3429,0.00909090909090909,1.0158472165786265,11.64,2.97,1.91,2772.35009765625,2.19,-0.322047619047619,0.63868,0.078,-0.790477142857143
2018-06-07,1.1815,1.3427,0.009097525473071324,1.018122581958868,12.13,2.93,1.9,2770.3701171875,2.19,-0.322047619047619,0.63868,0.078,-0.790477142857143
2018-06-08,1.1773,1.3406,0.009136592051164915,1.0141987829614605,12.18,2.93,1.89,2779.030029296875,2.19,-0.322047619047619,0.63868,0.078,-0.790477142857143
2018-06-11,1.1802,1.3386,0.00909587047480444,1.0154346060113728,12.35,2.96,1.91,2782.0,2.19,-0.322047619047619,0.63868,0.078,-0.790477142857143
2018-06-12,1.1792,1.3416,0.009072763563781528,1.01615689462453,12.34,2.96,1.89,2786.85009765625,2.19,-0.322047619047619,0.63868,0.078,-0.790477142857143
2018-06-13,1.1784,1.3378,0.009057150620414818,1.0158472165786265,12.94,2.98,1.9,2775.6298828125,2.19,-0.322047619047619,0.63868,0.078,-0.790477142857143
2018-06-14,1.1634,1.3333,0.009054690329590729,1.0058338362502515,12.12,2.94,1.9,2782.489990234375,2.19,-0.322047619047619,0.63868,0.078,-0.790477142857143
2018-06-15,1.1616,1.3283,0.009043226623259178,1.003814495081309,11.98,2.93,1.9,2779.659912109375,2.19,-0.322047619047619,0.63868,0.078,-0.790477142857143
2018-06-18,1.1606,1.3247,0.009054690329590729,1.004823151125402,12.31,2.92,1.91,2773.75,2.19,-0.322047619047619,0.63868,0.078,-0.790477142857143
2018-06-19,1.1577,1.3172,0.009089256498818397,1.0049241282283188,13.35,2.89,1.91,2762.590087890625,2.19,-0.322047619047619,0.63868,0.078,-0.790477142857143
2018-06-20,1.1592,1.3213,0.009079353550027237,1.004419445560466,12.79,2.93,1.9,2767.320068359375,2.19,-0.322047619047619,0.63868,0.078,-0.790477142857143
2018-06-21,1.16,1.3251,0.009086778736937756,1.0079629069650238,14.64,2.9,1.9,2749.760009765625,2.19,-0.322047619047619,0.63868,0.078,-0.790477142857143
2018-06-22,1.163,1.3258,0.009092562284051645,1.0098969905069684,13.77,2.9,1.89,2754.8798828125,2.19,-0.322047619047619,0.63868,0.078,-0.790477142857143
2018-06-25,1.1694,1.3273,0.009122422915526363,1.0127607859023697,17.33,2.87,1.9,2717.070068359375,2.19,-0.322047619047619,0.63868,0.078,-0.790477142857143
2018-06-26,1.1675,1.3243,0.009097525473071324,1.00999899000101,15.92,2.88,1.9,2723.06005859375,2.19,-0.322047619047619,0.63868,0.078,-0.790477142857143
2018-06-27,1.1588,1.3139,0.00906289650172195,1.003814495081309,17.91,2.83,1.89,2699.6298828125,2.19,-0.322047619047619,0.63868,0.078,-0.790477142857143
2018-06-28,1.1582,1.3095,0.00905961224859576,1.002104419280489,16.85,2.84,1.89,2716.31005859375,2.19,-0.322047619047619,0.63868,0.078,-0.790477142857143
2018-06-29,1.1677,1.3197,0.009032607713846988,1.0078613182826044,16.09,2.85,1.89,2718.3701171875,2.19,-0.322047619047619,0.63868,0.078,-0.790477142857143
2018-07-02,1.1604,1.3133,0.009030976248532467,1.0054293183189222,15.6,2.87,1.95,2726.7099609375,2.17,-0.320727272727273,0.74619,0.091,-0.780435909090909
2018-07-03,1.1653,1.3174,0.00904649900488511,1.0078613182826044,16.14,2.83,1.94,2713.219970703125,2.17,-0.320727272727273,0.74619,0.091,-0.780435909090909
2018-07-04,,,,,,,,,2.17,-0.320727272727273,0.74619,0.091,-0.780435909090909
2018-07-05,1.1697,1.3228,0.009042408897730355,1.0076582023377672,14.97,2.84,1.92,2736.610107421875,2.17,-0.320727272727273,0.74619,0.091,-0.780435909090909
2018-07-06,1.1738,1.3262,0.009051412020275162,1.00999899000101,13.37,2.82,1.93,2759.820068359375,2.17,-0.320727272727273,0.74619,0.091,-0.780435909090909
2018-07-09,1.1744,1.3202,0.009026900162484202,1.0080645161290323,12.69,2.86,1.95,2784.169921875,2.17,-0.320727272727273,0.74619,0.091,-0.780435909090909
2018-07-10,1.1728,1.3266,0.008989572096368213,1.007455168245013,12.64,2.87,1.95,2793.840087890625,2.17,-0.320727272727273,0.74619,0.091,-0.780435909090909
2018-07-11,1.1722,1.3241,0.008967001434720229,1.0068465565847766,13.63,2.85,1.93,2774.02001953125,2.17,-0.320727272727273,0.74619,0.091,-0.780435909090909
2018-07-12,1.1692,1.3238,0.008896005693443645,0.9991008092716556,12.58,2.85,1.94,2798.2900390625,2.17,-0.320727272727273,0.74619,0.091,-0.780435909090909
2018-07-13,1.1667,1.3216,0.008898380494749955,0.997207818109294,12.18,2.83,1.94,2801.31005859375,2.17,-0.320727272727273,0.74619,0.091,-0.780435909090909
2018-07-16,1.171,1.3236,0.008905512512245079,1.0026067776218168,12.83,2.85,1.98,2798.429931640625,2.17,-0.320727272727273,0.74619,0.091,-0.780435909090909
2018-07-17,1.1664,1.3161,0.0088660342228921,1.00080064051241,12.06,2.86,1.98,2809.550048828125,2.17,-0.320727272727273,0.74619,0.091,-0.780435909090909
2018-07-18,1.1645,1.305,0.008863676653075697,1.0006003602161297,12.1,2.88,1.96,2815.6201171875,2.17,-0.320727272727273,0.74619,0.091,-0.780435909090909
2018-07-19,1.1604,1.2987,0.008851124092759781,0.998402555910543,12.87,2.84,1.96,2804.489990234375,2.17,-0.320727272727273,0.74619,0.091,-0.780435909090909
2018-07-20,1.1708,1.3114,0.008949346697691068,1.005631536604988,12.86,2.89,1.95,2801.830078125,2.17,-0.320727272727273,0.74619,0.091,-0.780435909090909
2018-07-23,1.1702,1.3105,0.008979885057471264,1.0073536818777071,12.62,2.96,1.96,2806.97998046875,2.17,-0.320727272727273,0.74619,0.091,-0.780435909090909
2018-07-24,1.1684,1.3135,0.008987148377819719,1.005631536604988,12.41,2.95,1.98,2820.39990234375,2.17,-0.320727272727273,0.74619,0.091,-0.780435909090909
2018-07-25,1.1677,1.315,0.009007386056566384,1.0058338362502515,12.29,2.94,1.97,2846.070068359375,2.17,-0.320727272727273,0.74619,0.091,-0.780435909090909
2018-07-26,1.1654,1.3119,0.008992805755395683,1.0062386798148522,12.14,2.98,1.95,2837.43994140625,2.17,-0.320727272727273,0.74619,0.091,-0.780435909090909
2018-07-27,1.166,1.3118,0.009013881377321075,1.0060362173038229,13.03,2.96,1.96,2818.820068359375,2.17,-0.320727272727273,0.74619,0.091,-0.780435909090909
2018-07-30,1.1718,1.314,0.009010632546404758,1.0116337885685383,14.26,2.98,2.01,2802.60009765625,2.17,-0.320727272727273,0.74619,0.091,-0.780435909090909
2018-07-31,1.1706,1.3125,0.00893814801573114,1.010611419909045,12.83,2.96,1.99,2816.2900390625,2.17,-0.320727272727273,0.74619,0.091,-0.780435909090909
2018-08-01,1.1666,1.312,0.00895094880057286,1.007759750075582,13.15,3.0,1.99,2813.360107421875,2.19,-0.319,0.80519,0.091,-0.777280909090909
2018-08-02,1.1612,1.3035,0.00897021887334051,1.0057326762546515,12.19,2.98,1.98,2827.219970703125,2.19,-0.319,0.80519,0.091,-0.777280909090909
2018-08-03,1.1597,1.3021,0.008999280057595392,1.007455168245013,11.64,2.95,1.97,2840.35009765625,2.19,-0.319,0.80519,0.091,-0.777280909090909
2018-08-06,1.1564,1.2947,0.008974243919949743,1.003713740841112,11.27,2.94,2.02,2850.39990234375,2.19,-0.319,0.80519,0.091,-0.777280909090909
2018-08-07,1.1597,1.2957,0.008993614533681086,1.005631536604988,10.93,2.98,2.02,2858.449951171875,2.19,-0.319,0.80519,0.091,-0.777280909090909
2018-08-08,1.1598,1.288,0.009012256669069936,1.0057326762546515,10.85,2.96,2.02,2857.699951171875,2.19,-0.319,0.80519,0.091,-0.777280909090909
2018-08-09,1.1566,1.287,0.009017132551848512,1.0094891984655763,11.27,2.93,2.02,2853.580078125,2.19,-0.319,0.80519,0.091,-0.777280909090909
2018-08-10,1.1399,1.2769,0.009036688957166094,1.004621257785815,13.16,2.87,2.01,2833.280029296875,2.19,-0.319,0.80519,0.091,-0.777280909090909
2018-08-13,1.1396,1.2757,0.00903750564844103,1.00664384940608,14.78,2.88,2.03,2821.929931640625,2.19,-0.319,0.80519,0.091,-0.777280909090909
2018-08-14,1.1351,1.2738,0.009015506671474936,1.0070493454179255,13.31,2.89,2.04,2839.9599609375,2.19,-0.319,0.80519,0.091,-0.777280909090909
2018-08-15,1.1332,1.2685,0.00903995660820828,1.0058338362502515,14.64,2.86,2.03,2818.3701171875,2.19,-0.319,0.80519,0.091,-0.777280909090909
2018-08-16,1.1388,1.2722,0.009017945711966813,1.003814495081309,13.45,2.87,2.03,2840.68994140625,2.19,-0.319,0.80519,0.091,-0.777280909090909
2018-08-17,1.141,1.2735,0.00904649900488511,1.0052271813429834,12.64,2.87,2.01,2850.1298828125,2.19,-0.319,0.80519,0.091,-0.777280909090909
2018-08-20,1.1438,1.2765,0.00905961224859576,1.0057326762546515,12.49,2.82,2.03,2857.050048828125,2.19,-0.319,0.80519,0.091,-0.777280909090909
2018-08-21,1.1534,1.286,0.009051412020275162,1.012555690562981,12.86,2.85,2.04,2862.9599609375,2.19,-0.319,0.80519,0.091,-0.777280909090909
2018-08-22,1.1595,1.291,0.00904649900488511,1.01667344448963,12.25,2.82,2.05,2861.820068359375,2.19,-0.319,0.80519,0.091,-0.777280909090909
2018-08-23,1.1567,1.283,0.008997660608241857,1.0154346060113728,12.41,2.82,2.04,2856.97998046875,2.19,-0.319,0.80519,0.091,-0.777280909090909
2018-08-24,1.1625,1.2858,0.008991188635137565,1.017915309446254,11.99,2.82,2.05,2874.68994140625,2.19,-0.319,0.80519,0.091,-0.777280909090909
2018-08-27,1.1676,1.2891,0.009001710324961743,1.0201999591920017,12.16,2.85,2.08,2896.739990234375,2.19,-0.319,0.80519,0.091,-0.777280909090909
2018-08-28,1.172,1.2886,0.009005763688760807,1.0254306808859721,12.5,2.88,2.09,2897.52001953125,2.19,-0.319,0.80519,0.091,-0.777280909090909
2018-08-29,1.1699,1.3006,0.008944543828264758,1.0275380189066996,12.25,2.89,2.09,2914.0400390625,2.19,-0.319,0.80519,0.091,-0.777280909090909
2018-08-30,1.1646,1.2997,0.008995232526760816,1.0299721907508497,13.53,2.86,2.07,2901.1298828125,2.19,-0.319,0.80519,0.091,-0.777280909090909
2018-08-31,1.1596,1.2964,0.009010632546404758,1.031140441328109,12.86,2.86,2.07,2901.52001953125,2.19,-0.319,0.80519,0.091,-0.777280909090909
2018-09-03,,,,,,,,,2.24,-0.31885,0.80093,0.05,-0.780283888888889
2018-09-04,1.1566,1.2833,0.008973438621679828,1.0253255408592228,13.16,2.9,2.09,2896.719970703125,2.24,-0.31885,0.80093,0.05,-0.780283888888889
2018-09-05,1.162,1.2903,0.008971023593792052,1.029230135858378,13.91,2.9,2.1,2888.60009765625,2.24,-0.31885,0.80093,0.05,-0.780283888888889
2018-09-06,1.1624,1.2933,0.009019572472264814,1.032844453625284,14.65,2.88,2.09,2878.050048828125,2.24,-0.31885,0.80093,0.05,-0.780283888888889
2018-09-07,1.1572,1.2934,0.008994423457456376,1.0326311441553078,14.88,2.94,2.1,2871.679931640625,2.24,-0.31885,0.80093,0.05,-0.780283888888889
2018-09-10,1.1604,1.3026,0.009001710324961743,1.026694045174538,14.16,2.94,2.11,2877.1298828125,2.24,-0.31885,0.80093,0.05,-0.780283888888889
2018-09-11,1.1591,1.3015,0.008965393580778195,1.0270103728047653,13.22,2.98,2.11,2887.889892578125,2.24,-0.31885,0.80093,0.05,-0.780283888888889
2018-09-12,1.1626,1.3029,0.008985533291400845,1.030502885408079,13.14,2.97,2.12,2888.919921875,2.24,-0.31885,0.80093,0.05,-0.780283888888889
2018-09-13,1.1672,1.3104,0.008934953538241601,1.0330578512396695,12.37,2.97,2.11,2904.179931640625,2.24,-0.31885,0.80093,0.05,-0.780283888888889
2018-09-14,1.1656,1.3084,0.00892140244446427,1.0346611484738748,12.07,2.99,2.12,2904.97998046875,2.24,-0.31885,0.80093,0.05,-0.780283888888889
2018-09-17,1.1687,1.3146,0.00893096365097794,1.0395010395010396,13.68,2.99,2.13,2888.800048828125,2.24,-0.31885,0.80093,0.05,-0.780283888888889
2018-09-18,1.1693,1.3158,0.008904719501335707,1.0395010395010396,12.79,3.05,2.13,2904.31005859375,2.24,-0.31885,0.80093,0.05,-0.780283888888889
2018-09-19,1.1685,1.3162,0.008911861687906605,1.0341261633919339,11.75,3.08,2.12,2907.949951171875,2.24,-0.31885,0.80093,0.05,-0.780283888888889
2018-09-20,1.1744,1.3237,0.008882572392965003,1.0390689941812137,11.8,3.07,2.13,2930.75,2.24,-0.31885,0.80093,0.05,-0.780283888888889
2018-09-21,1.1739,1.3067,0.00887941751021133,1.0424267695194411,11.68,3.07,2.14,2929.669921875,2.24,-0.31885,0.80093,0.05,-0.780283888888889
2018-09-24,1.1773,1.3128,0.00887941751021133,1.0395010395010396,12.2,3.08,2.18,2919.3701171875,2.24,-0.31885,0.80093,0.05,-0.780283888888889
2018-09-25,1.177,1.3162,0.00885896527285613,1.036699149906697,12.42,3.1,2.17,2915.56005859375,2.24,-0.31885,0.80093,0.05,-0.780283888888889
2018-09-26,1.1758,1.3182,0.008855827134254339,1.0329511414110113,12.89,3.06,2.16,2905.969970703125,2.24,-0.31885,0.80093,0.05,-0.780283888888889
2018-09-27,1.167,1.3104,0.008819897689186805,1.0229132569558101,12.41,3.06,2.14,2914.0,2.24,-0.31885,0.80093,0.05,-0.780283888888889
2018-09-28,1.1622,1.3053,0.008812125484666901,1.0248001639680262,12.12,3.05,2.15,2913.97998046875,2.24,-0.31885,0.80093,0.05,-0.780283888888889
2018-10-01,1.1567,1.3032,0.008775008775008775,1.016260162601626,12.0,3.09,2.19,2924.590087890625,2.37,-0.317695652173913,0.80618,0.05,-0.831076428571429
2018-10-02,1.156,1.2984,0.008798169980644026,1.0158472165786265,12.05,3.05,2.19,2923.429931640625,2.37,-0.317695652173913,0.80618,0.05,-0.831076428571429
2018-10-03,1.1525,1.2993,0.008757334267448989,1.0107135637760258,11.61,3.15,2.19,2925.510009765625,2.37,-0.317695652173913,0.80618,0.05,-0.831076428571429
2018-10-04,1.1508,1.3014,0.008788118463836892,1.0075566750629723,14.22,3.19,2.18,2901.610107421875,2.37,-0.317695652173913,0.80618,0.05,-0.831076428571429
2018-10-05,1.1502,1.3101,0.008805917576611482,1.0078613182826044,14.82,3.23,2.18,2885.570068359375,2.37,-0.317695652173913,0.80618,0.05,-0.831076428571429
2018-10-08,,,,,15.69,,,2884.429931640625,2.37,-0.317695652173913,0.80618,0.05,-0.831076428571429
2018-10-09,1.1482,1.3139,0.008839388314328648,1.0072522159548751,15.95,3.21,2.21,2880.340087890625,2.37,-0.317695652173913,0.80618,0.05,-0.831076428571429
2018-10-10,1.1541,1.3206,0.008872327211427559,1.0092854259184498,22.96,3.22,2.23,2785.679931640625,2.37,-0.317695652173913,0.80618,0.05,-0.831076428571429
2018-10-11,1.1565,1.3193,0.008907892392659897,1.0080645161290323,24.98,3.14,2.22,2728.3701171875,2.37,-0.317695652173913,0.80618,0.05,-0.831076428571429
2018-10-12,1.1559,1.3154,0.008926977325477594,1.008471157724889,21.31,3.15,2.23,2767.1298828125,2.37,-0.317695652173913,0.80618,0.05,-0.831076428571429
2018-10-15,1.1594,1.3168,0.008942944017170454,1.0133765707336846,21.3,3.16,2.27,2750.7900390625,2.37,-0.317695652173913,0.80618,0.05,-0.831076428571429
2018-10-16,1.1593,1.321,0.00891583452211127,1.0107135637760258,17.62,3.16,2.26,2809.919921875,2.37,-0.317695652173913,0.80618,0.05,-0.831076428571429
2018-10-17,1.154,1.3137,0.008911861687906605,1.007455168245013,17.4,3.19,2.27,2809.2099609375,2.37,-0.317695652173913,0.80618,0.05,-0.831076428571429
2018-10-18,1.1494,1.3061,0.00891981090000892,1.0060362173038229,20.06,3.17,2.27,2768.780029296875,2.37,-0.317695652173913,0.80618,0.05,-0.831076428571429
2018-10-19,1.1513,1.3045,0.00888730892285816,1.0032102728731942,19.89,3.2,2.26,2767.780029296875,2.37,-0.317695652173913,0.80618,0.05,-0.831076428571429
2018-10-22,1.1467,1.2974,0.008866820358219542,1.003713740841112,19.64,3.2,2.3,2755.8798828125,2.37,-0.317695652173913,0.80618,0.05,-0.831076428571429
2018-10-23,1.148,1.2982,0.008919015340706386,1.0057326762546515,20.71,3.17,2.29,2740.68994140625,2.37,-0.317695652173913,0.80618,0.05,-0.831076428571429
2018-10-24,1.1389,1.2898,0.008882572392965003,1.0018032458425166,25.23,3.1,2.29,2656.10009765625,2.37,-0.317695652173913,0.80618,0.05,-0.831076428571429
2018-10-25,1.1374,1.2827,0.00888572951839346,0.9991008092716556,24.22,3.14,2.29,2705.570068359375,2.37,-0.317695652173913,0.80618,0.05,-0.831076428571429
2018-10-26,1.1388,1.2826,0.008956560680698611,1.002004008016032,24.16,3.08,2.28,2658.68994140625,2.37,-0.317695652173913,0.80618,0.05,-0.831076428571429
2018-10-29,1.139,1.2807,0.008889679082585119,0.9994003597841296,24.7,3.08,2.3,2641.25,2.37,-0.317695652173913,0.80618,0.05,-0.831076428571429
2018-10-30,1.1364,1.2731,0.00886839304717985,0.9954210631096955,23.35,3.12,2.29,2682.6298828125,2.37,-0.317695652173913,0.80618,0.05,-0.831076428571429
2018-10-31,1.1332,1.2779,0.00886053517632465,0.9943323058566172,21.23,3.15,2.29,2711.739990234375,2.37,-0.317695652173913,0.80618,0.05,-0.831076428571429
2018-11-01,1.1396,1.2974,0.0088660342228921,0.996710854181202,19.34,3.14,2.27,2740.3701171875,2.56,-0.316363636363636,0.87483,0.05,-0.815
2018-11-02,1.1378,1.2965,0.008842514811212308,0.9964129135113591,19.51,3.22,2.28,2723.06005859375,2.56,-0.316363636363636,0.87483,0.05,-0.815
2018-11-05,1.1394,1.302,0.008832361773538244,0.9945300845350571,19.96,3.2,2.32,2738.31005859375,2.56,-0.316363636363636,0.87483,0.05,-0.815
2018-11-06,1.1412,1.3076,0.008819897689186805,0.9958175662218681,19.91,3.22,2.31,2755.449951171875,2.56,-0.316363636363636,0.87483,0.05,-0.815
2018-11-07,1.1459,1.3144,0.008824567596187787,1.0002000400080016,16.36,3.22,2.32,2813.889892578125,2.56,-0.316363636363636,0.87483,0.05,-0.815
2018-11-08,1.1416,1.3116,0.008781944322472994,0.996710854181202,16.72,3.24,2.3,2806.830078125,2.56,-0.316363636363636,0.87483,0.05,-0.815
2018-11-09,1.1325,1.2978,0.008789663355893469,0.9938382031405287,17.36,3.19,2.31,2781.010009765625,2.56,-0.316363636363636,0.87483,0.05,-0.815
2018-11-12,,,,,20.45,,,2726.219970703125,2.56,-0.316363636363636,0.87483,0.05,-0.815
2018-11-13,1.1288,1.3031,0.008774238834781083,0.991768322919766,20.02,3.14,2.34,2722.179931640625,2.56,-0.316363636363636,0.87483,0.05,-0.815
2018-11-14,1.1312,1.3011,0.008795074758135443,0.9933445912387008,21.25,3.12,2.33,2701.580078125,2.56,-0.316363636363636,0.87483,0.05,-0.815
2018-11-15,1.1324,1.2749,0.008813678829543451,0.9942334460131238,19.98,3.11,2.32,2730.199951171875,2.56,-0.316363636363636,0.87483,0.05,-0.815
2018-11-16,1.1402,1.2839,0.00886839304717985,0.998801438274071,18.14,3.08,2.31,2736.27001953125,2.56,-0.316363636363636,0.87483,0.05,-0.815
2018-11-19,1.1448,1.2842,0.00888572951839346,1.0062386798148522,20.1,3.06,2.34,2690.72998046875,2.56,-0.316363636363636,0.87483,0.05,-0.815
2018-11-20,1.1391,1.2809,0.008876264867743653,1.005631536604988,22.48,3.06,2.34,2641.889892578125,2.56,-0.316363636363636,0.87483,0.05,-0.815
2018-11-21,1.1393,1.2776,0.00884486113568017,1.004823151125402,20.8,3.06,2.36,2649.929931640625,2.56,-0.316363636363636,0.87483,0.05,-0.815
2018-11-22,,,,,,,,,2.56,-0.316363636363636,0.87483,0.05,-0.815
2018-11-23,1.1332,1.2804,0.008862891075068687,1.0024057738572574,21.52,3.05,2.36,2632.56005859375,2.56,-0.316363636363636,0.87483,0.05,-0.815
2018-11-26,1.1336,1.2809,0.008804366966015144,1.001602564102564,18.9,3.07,2.37,2673.449951171875,2.56,-0.316363636363636,0.87483,0.05,-0.815
2018-11-27,1.1281,1.2729,0.008784258608573436,1.0002000400080016,19.02,3.06,2.36,2682.169921875,2.56,-0.316363636363636,0.87483,0.05,-0.815
2018-11-28,1.1286,1.2766,0.008775008775008775,1.0006003602161297,18.49,3.06,2.35,2743.7900390625,2.56,-0.316363636363636,0.87483,0.05,-0.815
2018-11-29,1.1382,1.2789,0.00881678716275789,1.0034115994380894,18.79,3.03,2.32,2737.800048828125,2.56,-0.316363636363636,0.87483,0.05,-0.815
2018-11-30,1.1323,1.2772,0.008807468733485996,1.0013016921998599,18.07,3.01,2.32,2760.169921875,2.56,-0.316363636363636,0.87483,0.05,-0.815
2018-12-03,1.1356,1.2742,0.008807468733485996,1.0025062656641603,16.44,2.98,2.34,2790.3701171875,2.69,-0.311894736842105,0.90444,0.05,-0.776
2018-12-04,1.1345,1.2719,0.008855042946958292,1.0025062656641603,20.74,2.91,2.38,2700.06005859375,2.69,-0.311894736842105,0.90444,0.05,-0.776
2018-12-05,,,,,,,,,2.69,-0.311894736842105,0.90444,0.05,-0.776
2018-12-06,1.1374,1.2777,0.008892050506846879,1.007455168245013,21.19,2.87,2.36,2695.949951171875,2.69,-0.311894736842105,0.90444,0.05,-0.776
2018-12-07,1.139,1.2749,0.008880994671403198,1.0086746015735324,23.23,2.85,2.35,2633.080078125,2.69,-0.311894736842105,0.90444,0.05,-0.776
2018-12-10,1.1368,1.2558,0.008852691218130312,1.0105092966855296,22.64,2.85,2.37,2637.719970703125,2.69,-0.311894736842105,0.90444,0.05,-0.776
2018-12-11,1.1314,1.2524,0.008817564588660612,1.006947940791461,21.76,2.89,2.37,2636.780029296875,2.69,-0.311894736842105,0.90444,0.05,-0.776
2018-12-12,1.1362,1.2658,0.00882768361581921,1.0080645161290323,21.46,2.91,2.39,2651.070068359375,2.69,-0.311894736842105,0.90444,0.05,-0.776
2018-12-13,1.1358,1.2635,0.008798169980644026,1.0062386798148522,20.65,2.91,2.38,2650.5400390625,2.69,-0.311894736842105,0.90444,0.05,-0.776
2018-12-14,1.13,1.257,0.00882223202470225,1.0030090270812437,21.63,2.89,2.37,2599.949951171875,2.69,-0.311894736842105,0.90444,0.05,-0.776
2018-12-17,1.1339,1.2606,0.008852691218130312,1.00664384940608,24.52,2.86,2.36,2545.93994140625,2.69,-0.311894736842105,0.90444,0.05,-0.776
2018-12-18,1.1364,1.2644,0.00888572951839346,1.0070493454179255,25.58,2.82,2.34,2546.159912109375,2.69,-0.311894736842105,0.90444,0.05,-0.776
2018-12-19,1.1422,1.2669,0.008916629514043692,1.008267795926598,25.58,2.77,2.35,2506.9599609375,2.69,-0.311894736842105,0.90444,0.05,-0.776
2018-12-20,1.1432,1.265,0.008981498113885395,1.008267795926598,28.38,2.79,2.34,2467.419921875,2.69,-0.311894736842105,0.90444,0.05,-0.776
2018-12-21,1.1402,1.2681,0.008997660608241857,1.0086746015735324,30.11,2.79,2.34,2416.6201171875,2.69,-0.311894736842105,0.90444,0.05,-0.776
2018-12-24,,,,,36.07,2.74,2.41,2351.10009765625,2.69,-0.311894736842105,0.90444,0.05,-0.776
2018-12-25,,,,,,,,,2.69,-0.311894736842105,0.90444,0.05,-0.776
2018-12-26,1.1408,1.2676,0.009053870529651425,1.0092854259184498,30.41,2.81,2.39,2467.699951171875,2.69,-0.311894736842105,0.90444,0.05,-0.776
2018-12-27,1.1412,1.2627,0.009026900162484202,1.0098969905069684,29.96,2.77,2.36,2488.830078125,2.69,-0.311894736842105,0.90444,0.05,-0.776
2018-12-28,1.1445,1.2699,0.00906289650172195,1.0164667615368976,28.34,2.72,2.35,2485.739990234375,2.69,-0.311894736842105,0.90444,0.05,-0.776
2018-12-31,1.1456,1.2763,0.009115770282588878,1.017087062652563,25.42,2.69,2.4,2506.85009765625,2.69,-0.311894736842105,0.90444,0.05,-0.776
2019-01-01,,,,,,,,,2.59,-0.308,0.91822,0.03,-0.813503555555556
2019-01-02,1.1357,1.2598,0.009155832265152902,1.011736139214893,23.22,2.66,2.37,2510.030029296875,2.59,-0.308,0.91822,0.03,-0.813503555555556
2019-01-03,1.1399,1.2633,0.009253261774775609,1.0112245929821013,25.45,2.56,2.36,2447.889892578125,2.59,-0.308,0.91822,0.03,-0.813503555555556
2019-01-04,1.141,1.274,0.00923446301597562,1.0143016533116949,21.38,2.67,2.37,2531.93994140625,2.59,-0.308,0.91822,0.03,-0.813503555555556
2019-01-07,1.1468,1.2757,0.009206407659731172,1.019367991845056,21.4,2.7,2.41,2549.68994140625,2.59,-0.308,0.91822,0.03,-0.813503555555556
2019-01-08,1.1444,1.2724,0.00921064750851985,1.019367991845056,20.47,2.73,2.41,2574.409912109375,2.59,-0.308,0.91822,0.03,-0.813503555555556
2019-01-09,1.1524,1.2764,0.009226794611551948,1.0238558410975735,19.98,2.74,2.4,2584.9599609375,2.59,-0.308,0.91822,0.03,-0.813503555555556
2019-01-10,1.1517,1.2768,0.00923446301597562,1.0186411327289395,19.5,2.74,2.38,2596.639892578125,2.59,-0.308,0.91822,0.03,-0.813503555555556
2019-01-11,1.1479,1.2836,0.009230201218386561,1.0173974972021569,18.19,2.71,2.38,2596.260009765625,2.59,-0.308,0.91822,0.03,-0.813503555555556
2019-01-14,,,,,19.07,2.71,2.4,2582.610107421875,2.59,-0.308,0.91822,0.03,-0.813503555555556
2019-01-15,1.1392,1.2761,0.00919793966151582,1.0116337885685383,18.6,2.72,2.4,2610.300048828125,2.59,-0.308,0.91822,0.03,-0.813503555555556
2019-01-16,1.1408,1.2862,0.009187798603454611,1.0102030508132134,19.04,2.73,2.38,2616.10009765625,2.59,-0.308,0.91822,0.03,-0.813503555555556
2019-01-17,1.1386,1.294,0.009173470323823502,1.005631536604988,18.06,2.75,2.37,2635.9599609375,2.59,-0.308,0.91822,0.03,-0.813503555555556
2019-01-18,1.1362,1.2898,0.009108297659167501,1.004621257785815,17.8,2.79,2.36,2670.7099609375,2.59,-0.308,0.91822,0.03,-0.813503555555556
2019-01-21,,,,,,,,,2.59,-0.308,0.91822,0.03,-0.813503555555556
2019-01-22,1.1359,1.2955,0.009145783793671118,1.0028078620136383,20.8,2.74,2.38,2632.89990234375,2.59,-0.308,0.91822,0.03,-0.813503555555556
2019-01-23,1.139,1.3074,0.009137426900584795,1.0054293183189222,19.52,2.76,2.36,2638.699951171875,2.59,-0.308,0.91822,0.03,-0.813503555555556
2019-01-24,1.1322,1.3027,0.00911410864017499,1.0035122930255895,18.89,2.72,2.32,2642.330078125,2.59,-0.308,0.91822,0.03,-0.813503555555556
2019-01-25,1.1407,1.3176,0.009124087591240877,1.0070493454179255,17.42,2.76,2.34,2664.760009765625,2.59,-0.308,0.91822,0.03,-0.813503555555556
2019-01-28,1.1438,1.3158,0.009157509157509158,1.0090817356205852,18.87,2.75,2.37,2643.85009765625,2.59,-0.308,0.91822,0.03,-0.813503555555556
2019-01-29,1.1424,1.3146,0.009144111192392099,1.0050251256281406,19.13,2.72,2.37,2640.0,2.59,-0.308,0.91822,0.03,-0.813503555555556
2019-01-30,1.1418,1.3062,0.009126585744273068,1.001201441730076,17.66,2.7,2.37,2681.050048828125,2.59,-0.308,0.91822,0.03,-0.813503555555556
2019-01-31,1.1454,1.3135,0.009187798603454611,1.0062386798148522,16.57,2.63,2.36,2704.10009765625,2.59,-0.308,0.91822,0.03,-0.813503555555556
2019-02-01,1.1474,1.3094,0.009128251939753538,1.0060362173038229,16.14,2.7,2.35,2706.530029296875,2.49,-0.30845,0.87598,0.03,-0.768617571428571
2019-02-04,1.1438,1.3068,0.009094216078574028,1.0026067776218168,15.73,2.73,2.37,2724.8701171875,2.49,-0.30845,0.87598,0.03,-0.768617571428571
2019-02-05,1.1406,1.2947,0.009091735612328395,0.9995002498750625,15.57,2.71,2.37,2737.699951171875,2.49,-0.30845,0.87598,0.03,-0.768617571428571
2019-02-06,1.138,1.2956,0.009111617312072893,0.9991008092716556,15.38,2.7,2.37,2731.610107421875,2.49,-0.30845,0.87598,0.03,-0.768617571428571
2019-02-07,1.1357,1.2966,0.009115770282588878,0.9990009990009991,16.37,2.65,2.37,2706.050048828125,2.49,-0.30845,0.87598,0.03,-0.768617571428571
2019-02-08,1.1326,1.2933,0.00911078717201166,1.0,15.72,2.63,2.38,2707.8798828125,2.49,-0.30845,0.87598,0.03,-0.768617571428571
2019-02-11,1.1277,1.2862,0.009057971014492754,0.9960159362549801,15.97,2.65,2.4,2709.800048828125,2.49,-0.30845,0.87598,0.03,-0.768617571428571
2019-02-12,1.1316,1.2887,0.00904977375565611,0.9932459276916965,15.43,2.68,2.38,2744.72998046875,2.49,-0.30845,0.87598,0.03,-0.768617571428571
2019-02-13,1.1288,1.2865,0.009020386072523904,0.9927529038022436,15.65,2.71,2.39,2753.030029296875,2.49,-0.30845,0.87598,0.03,-0.768617571428571
2019-02-14,1.1284,1.2793,0.009035056017347307,0.9936406995230525,16.22,2.66,2.38,2745.72998046875,2.49,-0.30845,0.87598,0.03,-0.768617571428571
2019-02-15,1.1268,1.2857,0.00904649900488511,0.9937394415184339,14.91,2.66,2.38,2775.60009765625,2.49,-0.30845,0.87598,0.03,-0.768617571428571
2019-02-18,,,,,,,,,2.49,-0.30845,0.87598,0.03,-0.768617571428571
2019-02-19,1.1328,1.3036,0.009035056017347307,0.9982032341784787,14.88,2.65,2.41,2779.760009765625,2.49,-0.30845,0.87598,0.03,-0.768617571428571
2019-02-20,,,,,14.02,2.65,2.4,2784.699951171875,2.49,-0.30845,0.87598,0.03,-0.768617571428571
2019-02-21,1.1338,1.306,0.009031791907514452,0.9990009990009991,14.46,2.69,2.4,2774.8798828125,2.49,-0.30845,0.87598,0.03,-0.768617571428571
2019-02-22,1.1342,1.3067,0.009033423667570008,1.0002000400080016,13.51,2.65,2.41,2792.669921875,2.49,-0.30845,0.87598,0.03,-0.768617571428571
2019-02-25,1.1345,1.3059,0.009003331232556045,0.9994003597841296,14.85,2.67,2.42,2796.110107421875,2.49,-0.30845,0.87598,0.03,-0.768617571428571
2019-02-26,1.1374,1.3252,0.009028530155290718,0.9998000399920016,15.17,2.64,2.4,2793.89990234375,2.49,-0.30845,0.87598,0.03,-0.768617571428571
2019-02-27,1.137,1.3318,0.009015506671474936,0.9997000899730081,14.7,2.69,2.4,2792.3798828125,2.49,-0.30845,0.87598,0.03,-0.768617571428571
2019-02-28,1.1379,1.3274,0.00897827258035554,1.0026067776218168,14.78,2.73,2.4,2784.489990234375,2.49,-0.30845,0.87598,0.03,-0.768617571428571
2019-03-01,1.1376,1.3222,0.00893734918223255,1.0013016921998599,13.57,2.76,2.39,2803.68994140625,2.48,-0.309190476190476,0.84,0.05,-0.756575222222222
2019-03-04,1.1328,1.3186,0.008954154727793696,1.0006003602161297,14.63,2.72,2.41,2792.81005859375,2.48,-0.309190476190476,0.84,0.05,-0.756575222222222
2019-03-05,1.13,1.3141,0.00893016610108948,0.9955201592832256,14.74,2.72,2.41,2789.64990234375,2.48,-0.309190476190476,0.84,0.05,-0.756575222222222
2019-03-06,1.132,1.3148,0.008955758552749419,0.9962143853357243,15.74,2.69,2.41,2771.449951171875,2.48,-0.309190476190476,0.84,0.05,-0.756575222222222
2019-03-07,1.1214,1.3107,0.00896057347670251,0.9895111814763508,16.59,2.64,2.4,2748.929931640625,2.48,-0.309190476190476,0.84,0.05,-0.756575222222222
2019-03-08,1.1243,1.301,0.00900009000090001,0.9926543577526304,16.05,2.62,2.41,2743.070068359375,2.48,-0.309190476190476,0.84,0.05,-0.756575222222222
2019-03-11,1.1226,1.3095,0.008991997122560921,0.9891196834817014,14.33,2.64,2.41,2783.300048828125,2.48,-0.309190476190476,0.84,0.05,-0.756575222222222
2019-03-12,1.1276,1.3101,0.00897827258035554,0.9922603691208572,13.77,2.61,2.41,2791.52001953125,2.48,-0.309190476190476,0.84,0.05,-0.756575222222222
2019-03-13,1.131,1.323,0.008990380293086396,0.9954210631096955,13.41,2.61,2.4,2810.919921875,2.48,-0.309190476190476,0.84,0.05,-0.756575222222222
2019-03-14,1.1304,1.3281,0.008951750067138126,0.9956192751891677,13.5,2.63,2.4,2808.47998046875,2.48,-0.309190476190476,0.84,0.05,-0.756575222222222
2019-03-15,1.1326,1.3278,0.008962982880702698,0.9974067424695792,12.88,2.59,2.4,2822.47998046875,2.48,-0.309190476190476,0.84,0.05,-0.756575222222222
2019-03-18,1.1337,1.3223,0.008975854950184005,0.9996001599360256,13.1,2.6,2.39,2832.93994140625,2.48,-0.309190476190476,0.84,0.05,-0.756575222222222
2019-03-19,1.1346,1.3263,0.00897827258035554,0.9999000099990001,13.56,2.61,2.41,2832.570068359375,2.48,-0.309190476190476,0.84,0.05,-0.756575222222222
2019-03-20,1.1352,1.3191,0.008975854950184005,1.0026067776218168,13.91,2.54,2.42,2824.22998046875,2.48,-0.309190476190476,0.84,0.05,-0.756575222222222
2019-03-21,1.1361,1.3073,0.009020386072523904,1.0076582023377672,13.63,2.54,2.43,2854.8798828125,2.48,-0.309190476190476,0.84,0.05,-0.756575222222222
2019-03-22,1.1282,1.3219,0.00911078717201166,1.0060362173038229,16.48,2.44,2.41,2800.7099609375,2.48,-0.309190476190476,0.84,0.05,-0.756575222222222
2019-03-25,1.1324,1.3203,0.009083477155054955,1.008267795926598,16.33,2.43,2.41,2798.360107421875,2.48,-0.309190476190476,0.84,0.05,-0.756575222222222
2019-03-26,1.128,1.3215,0.00904977375565611,1.0060362173038229,14.68,2.41,2.41,2818.4599609375,2.48,-0.309190476190476,0.84,0.05,-0.756575222222222
2019-03-27,1.125,1.3192,0.00905961224859576,1.0054293183189222,15.15,2.39,2.39,2805.3701171875,2.48,-0.309190476190476,0.84,0.05,-0.756575222222222
2019-03-28,1.1236,1.3088,0.00904649900488511,1.004823151125402,14.43,2.39,2.38,2815.43994140625,2.48,-0.309190476190476,0.84,0.05,-0.756575222222222
2019-03-29,1.1228,1.3032,0.009035056017347307,1.003814495081309,13.71,2.41,2.35,2834.39990234375,2.48,-0.309190476190476,0.84,0.05,-0.756575222222222
2019-04-01,1.121,1.3144,0.008985533291400845,1.001201441730076,13.4,2.49,2.38,2867.18994140625,2.47,-0.31045,0.82,0.05,-0.7475
2019-04-02,1.1186,1.3035,0.008983111749910169,1.001401962747847,13.36,2.48,2.37,2867.239990234375,2.47,-0.31045,0.82,0.05,-0.7475
2019-04-03,1.1242,1.3181,0.00897021887334051,1.0030090270812437,13.74,2.52,2.39,2873.39990234375,2.47,-0.31045,0.82,0.05,-0.7475
2019-04-04,1.1216,1.3072,0.008964589870013447,0.9998000399920016,13.58,2.51,2.39,2879.389892578125,2.47,-0.31045,0.82,0.05,-0.7475
2019-04-05,1.1217,1.301,0.008951750067138126,0.9997000899730081,12.82,2.5,2.39,2892.739990234375,2.47,-0.31045,0.82,0.05,-0.7475
2019-04-08,1.1262,1.3048,0.008971023593792052,1.0006003602161297,13.18,2.52,2.38,2895.77001953125,2.47,-0.31045,0.82,0.05,-0.7475
2019-04-09,1.1278,1.3048,0.009002520705797623,1.000100010001,14.28,2.51,2.37,2878.199951171875,2.47,-0.31045,0.82,0.05,-0.7475
2019-04-10,1.1266,1.31,0.009015506671474936,0.9981036031540074,13.3,2.48,2.38,2888.2099609375,2.47,-0.31045,0.82,0.05,-0.7475
2019-04-11,1.1262,1.3068,0.00897021887334051,0.9973072703700011,13.02,2.51,2.38,2888.320068359375,2.47,-0.31045,0.82,0.05,-0.7475
2019-04-12,1.1304,1.3086,0.008928571428571428,0.9983028850953379,12.01,2.56,2.39,2907.409912109375,2.47,-0.31045,0.82,0.05,-0.7475
2019-04-15,1.1304,1.3105,0.008928571428571428,0.9961151509114453,12.32,2.55,2.38,2905.580078125,2.47,-0.31045,0.82,0.05,-0.7475
2019-04-16,1.1293,1.3049,0.008932559178204555,0.9934432743890325,12.18,2.6,2.38,2907.06005859375,2.47,-0.31045,0.82,0.05,-0.7475
2019-04-17,1.1297,1.3036,0.008928571428571428,0.9901970492127933,12.6,2.59,2.39,2900.449951171875,2.47,-0.31045,0.82,0.05,-0.7475
2019-04-18,1.1241,1.3003,0.008933357155619081,0.9848335631278313,12.09,2.57,2.37,2905.030029296875,2.47,-0.31045,0.82,0.05,-0.7475
2019-04-19,1.1246,1.3003,0.008934953538241601,0.9858044164037855,,,,,2.47,-0.31045,0.82,0.05,-0.7475
2019-04-22,1.1258,1.2983,0.008933357155619081,0.9847365829640571,12.42,2.59,2.39,2907.969970703125,2.47,-0.31045,0.82,0.05,-0.7475
2019-04-23,1.1213,1.2943,0.008939746111210442,0.9786651008025053,12.28,2.57,2.4,2933.679931640625,2.47,-0.31045,0.82,0.05,-0.7475
2019-04-24,1.1192,1.2947,0.008943743851176102,0.9819324430479184,13.14,2.53,2.39,2927.25,2.47,-0.31045,0.82,0.05,-0.7475
2019-04-25,1.114,1.2901,0.008961376467425397,0.9804882831650161,13.25,2.54,2.38,2926.169921875,2.47,-0.31045,0.82,0.05,-0.7475
2019-04-26,1.1154,1.293,0.00896057347670251,0.9813542688910698,12.73,2.51,2.37,2939.8798828125,2.47,-0.31045,0.82,0.05,-0.7475
2019-04-29,1.1166,1.2924,0.008944543828264758,0.9802960494069208,13.11,2.54,2.39,2943.030029296875,2.47,-0.31045,0.82,0.05,-0.7475
2019-04-30,1.1201,1.303,0.008976660682226212,0.9803921568627451,13.12,2.51,2.38,2945.830078125,2.47,-0.31045,0.82,0.05,-0.7475
2019-05-01,1.1246,1.3091,0.008994423457456376,0.9864851533984413,14.8,2.52,2.38,2923.72998046875,2.44,-0.311863636363636,0.8,0.049,-0.7752625
2019-05-02,1.1184,1.3032,0.008977466558937068,0.9823182711198428,14.42,2.55,2.41,2917.52001953125,2.44,-0.311863636363636,0.8,0.049,-0.7752625
2019-05-03,1.1186,1.3139,0.008986340762041696,0.982511298879937,12.87,2.54,2.38,2945.639892578125,2.44,-0.311863636363636,0.8,0.049,-0.7752625
2019-05-06,1.1197,1.3093,0.009020386072523904,0.9824147755182238,15.44,2.51,2.39,2932.469970703125,2.44,-0.311863636363636,0.8,0.049,-0.7752625
2019-05-07,1.1178,1.3052,0.00906289650172195,0.978952520802741,19.32,2.45,2.38,2884.050048828125,2.44,-0.311863636363636,0.8,0.049,-0.7752625
2019-05-08,1.1206,1.3014,0.009081002542680712,0.9822217856792064,19.4,2.49,2.38,2879.419921875,2.44,-0.311863636363636,0.8,0.049,-0.7752625
2019-05-09,1.1228,1.3013,0.009128251939753538,0.9868745682423763,19.1,2.45,2.38,2870.719970703125,2.44,-0.311863636363636,0.8,0.049,-0.7752625
2019-05-10,1.1241,1.3036,0.009127418765972983,0.9892175289346128,16.04,2.47,2.38,2881.39990234375,2.44,-0.311863636363636,0.8,0.049,-0.7752625
2019-05-13,1.1232,1.2961,0.009159186664224217,0.9936406995230525,20.55,2.4,2.36,2811.8701171875,2.44,-0.311863636363636,0.8,0.049,-0.7752625
2019-05-14,1.1207,1.2921,0.00911743253099927,0.9912767644726408,18.06,2.42,2.36,2834.409912109375,2.44,-0.311863636363636,0.8,0.049,-0.7752625
2019-05-15,1.1208,1.2878,0.009125752874612156,0.9910802775024778,16.44,2.37,2.37,2850.9599609375,2.44,-0.311863636363636,0.8,0.049,-0.7752625
2019-05-16,1.1178,1.2803,0.0091000091000091,0.99000099000099,15.29,2.4,2.35,2876.320068359375,2.44,-0.311863636363636,0.8,0.049,-0.7752625
2019-05-17,1.1166,1.2723,0.009099181073703366,0.9893153937475268,15.96,2.39,2.34,2859.530029296875,2.44,-0.311863636363636,0.8,0.049,-0.7752625
2019-05-20,1.117,1.2718,0.009094216078574028,0.9918666931164452,16.31,2.41,2.34,2840.22998046875,2.44,-0.311863636363636,0.8,0.049,-0.7752625
2019-05-21,1.1158,1.2747,0.009041591320072333,0.9897070467141726,14.95,2.43,2.34,2864.360107421875,2.44,-0.311863636363636,0.8,0.049,-0.7752625
2019-05-22,1.1156,1.2674,0.009067827348567283,0.9910802775024778,14.75,2.39,2.33,2856.27001953125,2.44,-0.311863636363636,0.8,0.049,-0.7752625
2019-05-23,1.1172,1.2666,0.009125752874612156,0.9960159362549801,16.92,2.31,2.32,2822.239990234375,2.44,-0.311863636363636,0.8,0.049,-0.7752625
2019-05-24,1.1197,1.27,0.009142439202779302,0.9979044007584074,15.85,2.32,2.3,2826.06005859375,2.44,-0.311863636363636,0.8,0.049,-0.7752625
2019-05-27,,,,,,,,,2.44,-0.311863636363636,0.8,0.049,-0.7752625
2019-05-28,1.1177,1.2668,0.009133254178463788,0.99147332936744,17.5,2.26,2.32,2802.389892578125,2.44,-0.311863636363636,0.8,0.049,-0.7752625
2019-05-29,1.1136,1.2631,0.009154155986818015,0.9934432743890325,17.9,2.25,2.32,2783.02001953125,2.44,-0.311863636363636,0.8,0.049,-0.7752625
2019-05-30,1.114,1.2619,0.009118263882556762,0.9926543577526304,17.3,2.22,2.33,2788.860107421875,2.44,-0.311863636363636,0.8,0.049,-0.7752625
2019-05-31,1.1149,1.262,0.009203018590097553,0.9966115208291807,18.71,2.14,2.3,2752.06005859375,2.44,-0.311863636363636,0.8,0.049,-0.7752625
2019-06-03,1.1206,1.2621,0.009225943352707815,1.0006003602161297,18.86,2.07,2.3,2744.449951171875,2.3,-0.3289,0.78,0.049,-0.780555
2019-06-04,1.1236,1.2675,0.009233610341643583,1.0060362173038229,16.97,2.12,2.3,2803.27001953125,2.3,-0.3289,0.78,0.049,-0.780555
2019-06-05,1.1242,1.2706,0.009242144177449167,1.0081661457808246,16.09,2.12,2.3,2826.14990234375,2.3,-0.3289,0.78,0.049,-0.780555
2019-06-06,1.1294,1.2713,0.009252405625462621,1.0115314586283632,15.93,2.12,2.28,2843.489990234375,2.3,-0.3289,0.78,0.049,-0.780555
2019-06-07,1.1324,1.274,0.009246417013407305,1.0124531740407006,16.3,2.09,2.23,2873.340087890625,2.3,-0.3289,0.78,0.049,-0.780555
2019-06-10,1.1311,1.2684,0.009211495946941784,1.0103051121438675,15.94,2.15,2.24,2886.72998046875,2.3,-0.3289,0.78,0.049,-0.780555
2019-06-11,1.1316,1.2724,0.009214891264283083,1.0075566750629723,15.99,2.15,2.22,2885.719970703125,2.3,-0.3289,0.78,0.049,-0.780555
2019-06-12,1.131,1.2693,0.009223390518354546,1.005631536604988,15.91,2.13,2.19,2879.840087890625,2.3,-0.3289,0.78,0.049,-0.780555
2019-06-13,1.1275,1.2678,0.009221689413500553,1.0054293183189222,15.82,2.1,2.14,2891.639892578125,2.3,-0.3289,0.78,0.049,-0.780555
2019-06-14,1.1217,1.2601,0.009221689413500553,1.001001001001001,15.28,2.09,2.15,2886.97998046875,2.3,-0.3289,0.78,0.049,-0.780555
2019-06-17,1.1235,1.2568,0.009211495946941784,1.0018032458425166,15.35,2.09,2.18,2889.669921875,2.3,-0.3289,0.78,0.049,-0.780555
2019-06-18,1.1196,1.2547,0.009225943352707815,1.0006003602161297,15.15,2.06,2.17,2917.75,2.3,-0.3289,0.78,0.049,-0.780555
2019-06-19,1.1214,1.2625,0.009228497600590625,1.0040160642570282,14.33,2.03,2.13,2926.4599609375,2.3,-0.3289,0.78,0.049,-0.780555
2019-06-20,1.1284,1.27,0.009300595238095238,1.0182262498727217,14.75,2.01,2.09,2954.179931640625,2.3,-0.3289,0.78,0.049,-0.780555
2019-06-21,1.1328,1.2703,0.009298000929800094,1.0215548064153641,15.4,2.07,2.07,2950.4599609375,2.3,-0.3289,0.78,0.049,-0.780555
2019-06-24,1.1393,1.2728,0.009314456035767511,1.02880658436214,15.26,2.02,2.08,2945.35009765625,2.3,-0.3289,0.78,0.049,-0.780555
2019-06-25,1.1386,1.2721,0.009352787130564907,1.0281719103434095,16.28,2.0,2.07,2917.3798828125,2.3,-0.3289,0.78,0.049,-0.780555
2019-06-26,1.139,1.2697,0.00929022668153103,1.0245901639344261,16.21,2.05,2.1,2913.780029296875,2.3,-0.3289,0.78,0.049,-0.780555
2019-06-27,1.1372,1.2674,0.0092824654228163,1.0239606799098915,15.82,2.01,2.09,2924.919921875,2.3,-0.3289,0.78,0.049,-0.780555
2019-06-28,1.1374,1.2704,0.009272997032640949,1.0248001639680262,15.08,2.0,2.08,2941.760009765625,2.3,-0.3289,0.78,0.049,-0.780555
2019-07-01,1.1307,1.2644,0.009223390518354546,1.013787510137875,14.06,2.03,2.16,2964.330078125,2.22,-0.364869565217391,0.77,0.049,-0.84
2019-07-02,1.1301,1.2599,0.009260974254491572,1.0141987829614605,12.93,1.98,2.15,2973.010009765625,2.22,-0.364869565217391,0.77,0.049,-0.84
2019-07-03,1.1275,1.2568,0.009272997032640949,1.013787510137875,12.57,1.96,2.16,2995.820068359375,2.22,-0.364869565217391,0.77,0.049,-0.84
2019-07-04,,,,,,,,,2.22,-0.364869565217391,0.77,0.049,-0.84
2019-07-05,1.1216,1.2506,0.00921234454168586,1.007759750075582,13.28,2.04,2.18,2990.409912109375,2.22,-0.364869565217391,0.77,0.049,-0.84
2019-07-08,1.1208,1.2503,0.00919793966151582,1.0062386798148522,13.96,2.05,2.21,2975.949951171875,2.22,-0.364869565217391,0.77,0.049,-0.84
2019-07-09,1.121,1.2463,0.009192866335723478,1.0072522159548751,14.09,2.07,2.21,2979.6298828125,2.22,-0.364869565217391,0.77,0.049,-0.84
2019-07-10,1.126,1.2507,0.009221689413500553,1.0109179134654267,13.03,2.07,2.15,2993.070068359375,2.22,-0.364869565217391,0.77,0.049,-0.84
2019-07-11,1.1261,1.2549,0.00923446301597562,1.0115314586283632,12.93,2.13,2.12,2999.909912109375,2.22,-0.364869565217391,0.77,0.049,-0.84
2019-07-12,1.1254,1.2553,0.009259259259259259,1.015744032503809,12.39,2.12,2.1,3013.77001953125,2.22,-0.364869565217391,0.77,0.049,-0.84
2019-07-15,1.126,1.2523,0.009268699601445917,1.0155377272265664,12.68,2.09,2.11,3014.300048828125,2.22,-0.364869565217391,0.77,0.049,-0.84
2019-07-16,1.1212,1.2408,0.009229349330872175,1.0111223458038423,12.86,2.13,2.1,3004.0400390625,2.22,-0.364869565217391,0.77,0.049,-0.84
2019-07-17,1.1232,1.2438,0.009250693802035153,1.0131712259371835,13.97,2.06,2.09,2984.419921875,2.22,-0.364869565217391,0.77,0.049,-0.84
2019-07-18,1.1228,1.2494,0.009281603861147207,1.013993104846887,13.53,2.04,2.01,2995.110107421875,2.22,-0.364869565217391,0.77,0.049,-0.84
2019-07-19,1.122,1.25,0.009278159213212098,1.0180189351521938,14.45,2.05,2.02,2976.610107421875,2.22,-0.364869565217391,0.77,0.049,-0.84
2019-07-22,1.1214,1.2475,0.009266981744045964,1.0188487009679061,13.53,2.05,2.04,2985.030029296875,2.22,-0.364869565217391,0.77,0.049,-0.84
2019-07-23,1.1156,1.2449,0.009254118082546734,1.0154346060113728,12.61,2.08,2.02,3005.469970703125,2.22,-0.364869565217391,0.77,0.049,-0.84
2019-07-24,1.1141,1.2498,0.009252405625462621,1.0148163182463974,12.07,2.05,2.05,3019.56005859375,2.22,-0.364869565217391,0.77,0.049,-0.84
2019-07-25,1.1156,1.2471,0.009209799226376865,1.0102030508132134,12.74,2.08,2.06,3003.669921875,2.22,-0.364869565217391,0.77,0.049,-0.84
2019-07-26,1.1121,1.2387,0.009200478424878094,1.0067451927917044,12.16,2.08,2.08,3025.860107421875,2.22,-0.364869565217391,0.77,0.049,-0.84
2019-07-29,1.1142,1.2236,0.009186110600771633,1.008471157724889,12.83,2.06,2.07,3020.969970703125,2.22,-0.364869565217391,0.77,0.049,-0.84
2019-07-30,1.1148,1.2148,0.009203018590097553,1.0092854259184498,13.94,2.06,2.04,3013.179931640625,2.22,-0.364869565217391,0.77,0.049,-0.84
2019-07-31,1.113,1.222,0.009209799226376865,1.0098969905069684,16.12,2.02,2.04,2980.3798828125,2.22,-0.364869565217391,0.77,0.049,-0.84
2019-08-01,1.1062,1.2145,0.009235315847801994,1.0062386798148522,17.87,1.9,2.03,2953.56005859375,2.06,-0.407681818181818,0.76,0.009,-0.8075
2019-08-02,1.1112,1.2132,0.009377344336084021,1.0183299389002036,17.61,1.86,2.02,2932.050048828125,2.06,-0.407681818181818,0.76,0.009,-0.8075
2019-08-05,1.1197,1.2165,0.009432182607055273,1.0287007509515482,24.59,1.75,2.0,2844.739990234375,2.06,-0.407681818181818,0.76,0.009,-0.8075
2019-08-06,1.1196,1.2149,0.009394081728511038,1.0222858311183807,20.17,1.73,2.01,2881.77001953125,2.06,-0.407681818181818,0.76,0.009,-0.8075
2019-08-07,1.1236,1.2158,0.00946790380609733,1.0300782859497322,19.49,1.71,1.98,2883.97998046875,2.06,-0.407681818181818,0.76,0.009,-0.8075
2019-08-08,1.121,1.2138,0.00943040362127499,1.0255358424776946,16.91,1.72,1.98,2938.090087890625,2.06,-0.407681818181818,0.76,0.009,-0.8075
2019-08-09,1.1222,1.2085,0.00949667616334283,1.0298661174047374,17.97,1.74,1.96,2918.64990234375,2.06,-0.407681818181818,0.76,0.009,-0.8075
2019-08-12,1.1212,1.207,0.009489466691971912,1.0313531353135312,21.09,1.65,1.96,2882.699951171875,2.06,-0.407681818181818,0.76,0.009,-0.8075
2019-08-13,1.1182,1.2067,0.009380863039399626,1.026272577996716,17.52,1.68,1.96,2926.320068359375,2.06,-0.407681818181818,0.76,0.009,-0.8075
2019-08-14,1.1144,1.2068,0.009452689290103034,1.0271158586688578,22.1,1.59,1.92,2840.60009765625,2.06,-0.407681818181818,0.76,0.009,-0.8075
2019-08-15,1.1106,1.2112,0.009423294383716547,1.024380249948781,21.18,1.52,1.87,2847.60009765625,2.06,-0.407681818181818,0.76,0.009,-0.8075
2019-08-16,1.1091,1.2152,0.009403799134850479,1.0204081632653061,18.47,1.55,1.83,2888.679931640625,2.06,-0.407681818181818,0.76,0.009,-0.8075
2019-08-19,1.1096,1.2138,0.009389671361502348,1.0195758564437194,16.88,1.6,1.9,2923.64990234375,2.06,-0.407681818181818,0.76,0.009,-0.8075
2019-08-20,1.1092,1.2153,0.009402914903620123,1.0212418300653596,17.5,1.55,1.9,2900.510009765625,2.06,-0.407681818181818,0.76,0.009,-0.8075
2019-08-21,1.1098,1.2142,0.00938790837401427,1.0187449062754685,15.8,1.59,1.93,2924.429931640625,2.06,-0.407681818181818,0.76,0.009,-0.8075
2019-08-22,1.1089,1.225,0.009394964299135663,1.016880211511084,16.68,1.62,1.96,2922.949951171875,2.06,-0.407681818181818,0.76,0.009,-0.8075
2019-08-23,1.1148,1.2261,0.00949667616334283,1.0258514567090686,19.87,1.52,1.93,2847.110107421875,2.06,-0.407681818181818,0.76,0.009,-0.8075
2019-08-26,1.1112,1.2232,0.009433962264150943,1.0222858311183807,19.32,1.54,1.96,2878.3798828125,2.06,-0.407681818181818,0.76,0.009,-0.8075
2019-08-27,1.1094,1.2288,0.00945179584120983,1.0188487009679061,20.31,1.49,1.94,2869.159912109375,2.06,-0.407681818181818,0.76,0.009,-0.8075
2019-08-28,1.1084,1.2248,0.009446438692612885,1.0196798205363515,19.35,1.47,1.95,2887.93994140625,2.06,-0.407681818181818,0.76,0.009,-0.8075
2019-08-29,1.1059,1.2197,0.009389671361502348,1.0149193139145438,17.88,1.5,1.95,2924.580078125,2.06,-0.407681818181818,0.76,0.009,-0.8075
2019-08-30,1.0989,1.2166,0.009407337723424272,1.0102030508132134,18.98,1.5,1.95,2926.4599609375,2.06,-0.407681818181818,0.76,0.009,-0.8075
2019-09-02,,,,,,,,,2.03,-0.417571428571429,0.77,0.009,-0.79125
2019-09-03,1.0968,1.2086,0.009444654325651681,1.012965964343598,19.66,1.47,1.94,2906.27001953125,2.03,-0.417571428571429,0.77,0.009,-0.79125
2019-09-04,1.1025,1.219,0.00940910801656003,1.0186411327289395,17.33,1.47,1.93,2937.780029296875,2.03,-0.417571428571429,0.77,0.009,-0.79125
2019-09-05,1.1038,1.2337,0.009349289454001496,1.0133765707336846,16.27,1.57,1.93,2976.0,2.03,-0.417571428571429,0.77,0.009,-0.79125
2019-09-06,1.1042,1.2299,0.009363295880149813,1.0135819987837016,15.0,1.55,1.92,2978.7099609375,2.03,-0.417571428571429,0.77,0.009,-0.79125
2019-09-09,1.1056,1.2368,0.009333582228859437,1.0090817356205852,15.27,1.63,1.92,2978.429931640625,2.03,-0.417571428571429,0.77,0.009,-0.79125
2019-09-10,1.1042,1.2355,0.009316191540898081,1.0092854259184498,15.2,1.72,1.91,2979.389892578125,2.03,-0.417571428571429,0.77,0.009,-0.79125
2019-09-11,1.1001,1.2329,0.0092824654228163,1.0067451927917044,14.61,1.75,1.92,3000.929931640625,2.03,-0.417571428571429,0.77,0.009,-0.79125
2019-09-12,1.1074,1.2357,0.009261831990367694,1.011020119300374,14.22,1.79,1.91,3009.570068359375,2.03,-0.417571428571429,0.77,0.009,-0.79125
2019-09-13,1.1074,1.2462,0.00924898261191269,1.0103051121438675,13.74,1.9,1.92,3007.389892578125,2.03,-0.417571428571429,0.77,0.009,-0.79125
2019-09-16,1.1006,1.2423,0.009264406151565685,1.0081661457808246,14.67,1.84,1.95,2997.9599609375,2.03,-0.417571428571429,0.77,0.009,-0.79125
2019-09-17,1.1063,1.2493,0.00924898261191269,1.0075566750629723,14.44,1.81,1.95,3005.699951171875,2.03,-0.417571428571429,0.77,0.009,-0.79125
2019-09-18,1.1061,1.2478,0.00924470740501063,1.0050251256281406,13.95,1.8,1.91,3006.72998046875,2.03,-0.417571428571429,0.77,0.009,-0.79125
2019-09-19,1.1046,1.2481,0.009259259259259259,1.0073536818777071,14.05,1.79,1.89,3006.7900390625,2.03,-0.417571428571429,0.77,0.009,-0.79125
2019-09-20,1.1004,1.2489,0.009263547938860583,1.0070493454179255,15.32,1.74,1.87,2992.070068359375,2.03,-0.417571428571429,0.77,0.009,-0.79125
2019-09-23,1.0991,1.2428,0.009304922303898762,1.0107135637760258,14.91,1.72,1.9,2991.780029296875,2.03,-0.417571428571429,0.77,0.009,-0.79125
2019-09-24,1.0999,1.2475,0.009317927692881103,1.012965964343598,17.05,1.64,1.88,2966.60009765625,2.03,-0.417571428571429,0.77,0.009,-0.79125
2019-09-25,1.0949,1.2363,0.009278159213212098,1.0091835704914724,15.96,1.73,1.85,2984.8701171875,2.03,-0.417571428571429,0.77,0.009,-0.79125
2019-09-26,1.0938,1.2343,0.009287638153617534,1.0072522159548751,16.07,1.7,1.79,2977.6201171875,2.03,-0.417571428571429,0.77,0.009,-0.79125
2019-09-27,1.0942,1.2312,0.00925497454881999,1.0081661457808246,17.22,1.69,1.76,2961.7900390625,2.03,-0.417571428571429,0.77,0.009,-0.79125
2019-09-30,1.0905,1.2305,0.009249838127832763,1.0022048506714771,16.24,1.68,1.84,2976.739990234375,2.03,-0.417571428571429,0.77,0.009,-0.79125
2019-10-01,1.0932,1.2242,0.009285051067780872,1.0064412238325282,18.56,1.65,1.78,2940.25,1.88,-0.412869565217391,0.78,0.009,-0.756590909090909
2019-10-02,1.0951,1.2313,0.009327488107452663,1.0025062656641603,20.56,1.6,1.75,2887.610107421875,1.88,-0.412869565217391,0.78,0.009,-0.756590909090909
2019-10-03,1.0991,1.239,0.009366804046459348,1.0026067776218168,19.12,1.54,1.67,2910.6298828125,1.88,-0.412869565217391,0.78,0.009,-0.756590909090909
2019-10-04,1.0974,1.2309,0.009353661958656815,1.004217714400482,17.04,1.52,1.68,2952.010009765625,1.88,-0.412869565217391,0.78,0.009,-0.756590909090909
2019-10-07,1.0984,1.2322,0.009340556697179151,1.0053282396702523,17.86,1.56,1.71,2938.7900390625,1.88,-0.412869565217391,0.78,0.009,-0.756590909090909
2019-10-08,1.0949,1.2206,0.009340556697179151,1.0060362173038229,20.28,1.54,1.68,2893.06005859375,1.88,-0.412869565217391,0.78,0.009,-0.756590909090909
2019-10-09,1.0978,1.2215,0.009308386856557757,1.0050251256281406,18.64,1.59,1.66,2919.39990234375,1.88,-0.412869565217391,0.78,0.009,-0.756590909090909
2019-10-10,1.1018,1.2382,0.009266981744045964,1.004621257785815,17.57,1.67,1.65,2938.1298828125,1.88,-0.412869565217391,0.78,0.009,-0.756590909090909
2019-10-11,1.1039,1.2683,0.009214891264283083,1.0033109260559847,15.58,1.76,1.65,2970.27001953125,1.88,-0.412869565217391,0.78,0.009,-0.756590909090909
2019-10-14,,,,,14.57,,,2966.14990234375,1.88,-0.412869565217391,0.78,0.009,-0.756590909090909
2019-10-15,1.1036,1.2737,0.009188642837452908,1.0018032458425166,13.54,1.77,1.64,2995.679931640625,1.88,-0.412869565217391,0.78,0.009,-0.756590909090909
2019-10-16,1.1075,1.2854,0.009198785760279644,1.0041168792047395,13.68,1.75,1.63,2989.68994140625,1.88,-0.412869565217391,0.78,0.009,-0.756590909090909
2019-10-17,1.1129,1.2853,0.009215740484747948,1.0131712259371835,13.79,1.76,1.63,2997.949951171875,1.88,-0.412869565217391,0.78,0.009,-0.756590909090909
2019-10-18,1.1155,1.2904,0.009221689413500553,1.0146103896103895,14.25,1.76,1.63,2986.199951171875,1.88,-0.412869565217391,0.78,0.009,-0.756590909090909
2019-10-21,1.1145,1.2983,0.00921064750851985,1.0136847440446022,14.0,1.8,1.64,3006.719970703125,1.88,-0.412869565217391,0.78,0.009,-0.756590909090909
2019-10-22,1.1138,1.2948,0.009211495946941784,1.0112245929821013,14.46,1.78,1.62,2995.989990234375,1.88,-0.412869565217391,0.78,0.009,-0.756590909090909
2019-10-23,1.1118,1.2886,0.009204712812960236,1.009387301907742,14.01,1.77,1.62,3004.52001953125,1.88,-0.412869565217391,0.78,0.009,-0.756590909090909
2019-10-24,1.1098,1.281,0.009206407659731172,1.007759750075582,13.71,1.77,1.64,3010.2900390625,1.88,-0.412869565217391,0.78,0.009,-0.756590909090909
2019-10-25,1.1081,1.2833,0.009195402298850575,1.0055304172951232,12.65,1.8,1.63,3022.550048828125,1.88,-0.412869565217391,0.78,0.009,-0.756590909090909
2019-10-28,1.1094,1.286,0.0091726288754357,1.0040160642570282,13.11,1.85,1.62,3039.419921875,1.88,-0.412869565217391,0.78,0.009,-0.756590909090909
2019-10-29,1.1117,1.2905,0.009188642837452908,1.0064412238325282,13.2,1.84,1.6,3036.889892578125,1.88,-0.412869565217391,0.78,0.009,-0.756590909090909
2019-10-30,1.1123,1.2872,0.009184423218221896,1.0091835704914724,12.33,1.78,1.59,3046.77001953125,1.88,-0.412869565217391,0.78,0.009,-0.756590909090909
2019-10-31,1.1155,1.2939,0.00925154963456379,1.0133765707336846,13.22,1.69,1.51,3037.56005859375,1.88,-0.412869565217391,0.78,0.009,-0.756590909090909
2019-11-01,1.1169,1.295,0.009245562130177515,1.0147133434804667,12.3,1.73,1.49,3066.909912109375,1.77,-0.401285714285714,0.79,0.018,-0.705643333333333
2019-11-04,1.1144,1.2906,0.009211495946941784,1.013068584743187,12.83,1.79,1.5,3078.27001953125,1.77,-0.401285714285714,0.79,0.018,-0.705643333333333
2019-11-05,1.107,1.287,0.009163383121048292,1.0068465565847766,13.1,1.86,1.53,3074.6201171875,1.77,-0.401285714285714,0.79,0.018,-0.705643333333333
2019-11-06,1.1076,1.2872,0.009186110600771633,1.0080645161290323,12.62,1.81,1.53,3076.780029296875,1.77,-0.401285714285714,0.79,0.018,-0.705643333333333
2019-11-07,1.1045,1.2829,0.009139097057210747,1.004621257785815,12.73,1.92,1.53,3085.179931640625,1.77,-0.401285714285714,0.79,0.018,-0.705643333333333
2019-11-08,1.1019,1.279,0.00916254352208173,1.0029084344599337,12.07,1.94,1.52,3093.080078125,1.77,-0.401285714285714,0.79,0.018,-0.705643333333333
2019-11-11,,,,,12.69,,,3087.010009765625,1.77,-0.401285714285714,0.79,0.018,-0.705643333333333
2019-11-12,1.1017,1.2855,0.009166743056192134,1.0071507704703393,12.68,1.92,1.56,3091.840087890625,1.77,-0.401285714285714,0.79,0.018,-0.705643333333333
2019-11-13,1.1004,1.284,0.009188642837452908,1.0109179134654267,13.0,1.88,1.54,3094.0400390625,1.77,-0.401285714285714,0.79,0.018,-0.705643333333333
2019-11-14,1.1016,1.2879,0.009231053263177328,1.0123506782749545,13.05,1.82,1.54,3096.6298828125,1.77,-0.401285714285714,0.79,0.018,-0.705643333333333
2019-11-15,1.1046,1.2901,0.009191176470588236,1.0097950116126426,12.05,1.84,1.54,3120.4599609375,1.77,-0.401285714285714,0.79,0.018,-0.705643333333333
2019-11-18,1.1079,1.2965,0.009207255317189945,1.0122482032594393,12.46,1.81,1.54,3122.030029296875,1.77,-0.401285714285714,0.79,0.018,-0.705643333333333
2019-11-19,1.1075,1.2926,0.009208951100469657,1.0088781275221954,12.86,1.79,1.54,3120.179931640625,1.77,-0.401285714285714,0.79,0.018,-0.705643333333333
2019-11-20,1.1063,1.2918,0.009202171712524156,1.0079629069650238,12.78,1.73,1.54,3108.4599609375,1.77,-0.401285714285714,0.79,0.018,-0.705643333333333
2019-11-21,1.1067,1.2915,0.009214042200313277,1.0080645161290323,13.13,1.77,1.55,3103.5400390625,1.77,-0.401285714285714,0.79,0.018,-0.705643333333333
2019-11-22,1.1029,1.2829,0.009202171712524156,1.0033109260559847,12.34,1.77,1.55,3110.2900390625,1.77,-0.401285714285714,0.79,0.018,-0.705643333333333
2019-11-25,1.1009,1.2885,0.009178522257916474,1.0036130068245686,11.87,1.76,1.58,3133.639892578125,1.77,-0.401285714285714,0.79,0.018,-0.705643333333333
2019-11-26,1.1012,1.285,0.009165062780680048,1.0022048506714771,11.54,1.74,1.57,3140.52001953125,1.77,-0.401285714285714,0.79,0.018,-0.705643333333333
2019-11-27,1.1002,1.2881,0.009142439202779302,1.0004001600640255,11.75,1.77,1.59,3153.6298828125,1.77,-0.401285714285714,0.79,0.018,-0.705643333333333
2019-11-28,,,,,,,,,1.77,-0.401285714285714,0.79,0.018,-0.705643333333333
2019-11-29,1.1019,1.2939,0.009134922809902257,0.9999000099990001,12.62,1.78,1.56,3140.97998046875,1.77,-0.401285714285714,0.79,0.018,-0.705643333333333
2019-12-02,1.1075,1.2936,0.009166743056192134,1.0080645161290323,14.91,1.83,1.57,3113.8701171875,1.76,-0.3947,0.79,0.021,-0.736666666666667
2019-12-03,1.1089,1.3002,0.009214042200313277,1.013993104846887,15.96,1.72,1.54,3093.199951171875,1.76,-0.3947,0.79,0.021,-0.736666666666667
2019-12-04,1.1076,1.3095,0.009185266832001469,1.0108157282927324,14.8,1.77,1.52,3112.760009765625,1.76,-0.3947,0.79,0.021,-0.736666666666667
2019-12-05,1.1104,1.3165,0.009200478424878094,1.012965964343598,14.52,1.8,1.51,3117.429931640625,1.76,-0.3947,0.79,0.021,-0.736666666666667
2019-12-06,1.1052,1.3127,0.009203018590097553,1.0091835704914724,13.62,1.84,1.5,3145.909912109375,1.76,-0.3947,0.79,0.021,-0.736666666666667
2019-12-09,1.1067,1.3157,0.009208951100469657,1.0122482032594393,15.86,1.83,1.51,3135.9599609375,1.76,-0.3947,0.79,0.021,-0.736666666666667
2019-12-10,1.109,1.3178,0.00919709371838499,1.0150223304912709,15.68,1.85,1.53,3132.52001953125,1.76,-0.3947,0.79,0.021,-0.736666666666667
2019-12-11,1.1092,1.3176,0.009202171712524156,1.0146103896103895,14.99,1.79,1.54,3141.6298828125,1.76,-0.3947,0.79,0.021,-0.736666666666667
2019-12-12,1.1115,1.3133,0.009160864785635764,1.0141987829614605,13.94,1.9,1.53,3168.570068359375,1.76,-0.3947,0.79,0.021,-0.736666666666667
2019-12-13,1.1128,1.3349,0.009150805270863836,1.0164667615368976,12.63,1.82,1.54,3168.800048828125,1.76,-0.3947,0.79,0.021,-0.736666666666667
2019-12-16,1.1139,1.333,0.009120758847136081,1.0163634515702815,12.14,1.89,1.54,3191.449951171875,1.76,-0.3947,0.79,0.021,-0.736666666666667
2019-12-17,1.1148,1.3116,0.009130752373995618,1.0192640913260627,12.29,1.89,1.53,3192.52001953125,1.76,-0.3947,0.79,0.021,-0.736666666666667
2019-12-18,1.1113,1.3078,0.009125752874612156,1.0184336490477646,12.58,1.92,1.53,3191.139892578125,1.76,-0.3947,0.79,0.021,-0.736666666666667
2019-12-19,1.1128,1.3034,0.009154994049253868,1.0228086325048584,12.5,1.92,1.54,3205.3701171875,1.76,-0.3947,0.79,0.021,-0.736666666666667
2019-12-20,1.1076,1.3036,0.009136592051164915,1.017915309446254,12.51,1.92,1.55,3221.219970703125,1.76,-0.3947,0.79,0.021,-0.736666666666667
2019-12-23,1.1091,1.2917,0.009141603437242893,1.0183299389002036,12.61,1.93,1.56,3224.010009765625,1.76,-0.3947,0.79,0.021,-0.736666666666667
2019-12-24,1.1084,1.2955,0.009142439202779302,1.0196798205363515,12.67,1.9,1.55,3223.3798828125,1.76,-0.3947,0.79,0.021,-0.736666666666667
2019-12-25,,,,,,,,,1.76,-0.3947,0.79,0.021,-0.736666666666667
2019-12-26,1.1102,1.3007,0.009118263882556762,1.0195758564437194,12.65,1.9,1.55,3239.909912109375,1.76,-0.3947,0.79,0.021,-0.736666666666667
2019-12-27,1.1174,1.309,0.009134922809902257,1.026588645929576,13.43,1.88,1.54,3240.02001953125,1.76,-0.3947,0.79,0.021,-0.736666666666667
2019-12-30,1.1217,1.314,0.009186954524575104,1.0333781130515656,14.82,1.9,1.54,3221.2900390625,1.76,-0.3947,0.79,0.021,-0.736666666666667
2019-12-31,1.1227,1.3269,0.009202171712524156,1.0333781130515656,13.78,1.92,1.52,3230.780029296875,1.76,-0.3947,0.79,0.021,-0.736666666666667
2020-01-01,,,,,,,,,1.65,-0.391136363636364,0.74,0.021,-0.74875
2020-01-02,1.1166,1.3128,0.009222539887485013,1.0287007509515482,12.47,1.88,1.51,3257.85009765625,1.65,-0.391136363636364,0.74,0.021,-0.74875
2020-01-03,1.1173,1.3091,0.009264406151565685,1.0306090899721736,14.02,1.8,1.49,3234.85009765625,1.65,-0.391136363636364,0.74,0.021,-0.74875
2020-01-06,1.1187,1.3163,0.009228497600590625,1.0322047894302229,13.85,1.81,1.53,3246.280029296875,1.65,-0.391136363636364,0.74,0.021,-0.74875
2020-01-07,1.1138,1.3127,0.009214042200313277,1.029230135858378,13.79,1.83,1.51,3237.179931640625,1.65,-0.391136363636364,0.74,0.021,-0.74875
2020-01-08,1.1117,1.311,0.009171787581399615,1.0282776349614395,13.45,1.87,1.51,3253.050048828125,1.65,-0.391136363636364,0.74,0.021,-0.74875
2020-01-09,1.1106,1.3069,0.009134922809902257,1.0283833813245578,12.54,1.85,1.51,3274.699951171875,1.65,-0.391136363636364,0.74,0.021,-0.74875
2020-01-10,1.1119,1.306,0.0091324200913242,1.0278548668927947,12.56,1.83,1.51,3265.35009765625,1.65,-0.391136363636364,0.74,0.021,-0.74875
2020-01-13,1.1138,1.2983,0.009096697898662786,1.0303967027305512,12.32,1.85,1.54,3288.1298828125,1.65,-0.391136363636364,0.74,0.021,-0.74875
2020-01-14,1.113,1.3018,0.009086778736937756,1.0333781130515656,12.39,1.82,1.54,3283.14990234375,1.65,-0.391136363636364,0.74,0.021,-0.74875
2020-01-15,1.116,1.303,0.00909587047480444,1.0379904504878554,12.42,1.79,1.54,3289.2900390625,1.65,-0.391136363636364,0.74,0.021,-0.74875
2020-01-16,1.1131,1.3076,0.00907770515613653,1.0362694300518136,12.32,1.81,1.52,3316.81005859375,1.65,-0.391136363636364,0.74,0.021,-0.74875
2020-01-17,1.1093,1.3029,0.00907770515613653,1.0327377878756583,12.1,1.84,1.53,3329.6201171875,1.65,-0.391136363636364,0.74,0.021,-0.74875
2020-01-20,,,,,,,,,1.65,-0.391136363636364,0.74,0.021,-0.74875
2020-01-21,1.1096,1.3047,0.009095043201455207,1.0329511414110113,12.85,1.78,1.53,3320.7900390625,1.65,-0.391136363636364,0.74,0.021,-0.74875
2020-01-22,1.1085,1.3136,0.009096697898662786,1.0313531353135312,12.91,1.77,1.52,3321.75,1.65,-0.391136363636364,0.74,0.021,-0.74875
2020-01-23,1.1041,1.3104,0.009141603437242893,1.031140441328109,12.98,1.74,1.52,3325.5400390625,1.65,-0.391136363636364,0.74,0.021,-0.74875
2020-01-24,1.1026,1.3071,0.009148293843198244,1.0296540362438222,14.56,1.7,1.51,3295.469970703125,1.65,-0.391136363636364,0.74,0.021,-0.74875
2020-01-27,1.1019,1.3054,0.009178522257916474,1.0314595152140278,18.23,1.61,1.52,3243.6298828125,1.65,-0.391136363636364,0.74,0.021,-0.74875
2020-01-28,1.1008,1.2996,0.009160025648071814,1.0269049086054631,16.28,1.65,1.54,3276.239990234375,1.65,-0.391136363636364,0.74,0.021,-0.74875
2020-01-29,1.1004,1.3012,0.009161704076958314,1.0259567046270648,16.39,1.6,1.53,3273.39990234375,1.65,-0.391136363636364,0.74,0.021,-0.74875
2020-01-30,1.1032,1.3106,0.009195402298850575,1.031778786628147,15.49,1.57,1.54,3283.659912109375,1.65,-0.391136363636364,0.74,0.021,-0.74875
2020-01-31,1.1082,1.3195,0.009216589861751152,1.0368066355624677,18.84,1.51,1.52,3225.52001953125,1.65,-0.391136363636364,0.74,0.021,-0.74875
2020-02-03,1.1062,1.3006,0.009208951100469657,1.0357327809425168,17.97,1.54,1.54,3248.919921875,1.59,-0.40885,0.75,0.021,-0.7164475
2020-02-04,1.1043,1.3029,0.009139932364500503,1.0316723408645414,16.05,1.61,1.54,3297.590087890625,1.59,-0.40885,0.75,0.021,-0.7164475
2020-02-05,1.1006,1.3,0.00911244760342628,1.0278548668927947,15.15,1.66,1.54,3334.68994140625,1.59,-0.40885,0.75,0.021,-0.7164475
2020-02-06,1.0979,1.2935,0.0091000091000091,1.0256410256410258,14.96,1.65,1.54,3345.780029296875,1.59,-0.40885,0.75,0.021,-0.7164475
2020-02-07,1.095,1.2908,0.009106638739641197,1.0228086325048584,15.47,1.59,1.53,3327.7099609375,1.59,-0.40885,0.75,0.021,-0.7164475
2020-02-10,1.0916,1.2919,0.009109957183201239,1.022704029453876,15.04,1.56,1.55,3352.090087890625,1.59,-0.40885,0.75,0.021,-0.7164475
2020-02-11,1.0917,1.2945,0.009109127345600291,1.0244851961889152,15.18,1.59,1.54,3357.75,1.59,-0.40885,0.75,0.021,-0.7164475
2020-02-12,1.0893,1.2978,0.00909090909090909,1.0238558410975735,13.74,1.62,1.55,3379.449951171875,1.59,-0.40885,0.75,0.021,-0.7164475
2020-02-13,1.0848,1.3051,0.009106638739641197,1.021659174499387,14.15,1.61,1.56,3373.93994140625,1.59,-0.40885,0.75,0.021,-0.7164475
2020-02-14,1.0839,1.3039,0.009109957183201239,1.0185373803218578,13.68,1.59,1.55,3380.159912109375,1.59,-0.40885,0.75,0.021,-0.7164475
2020-02-17,,,,,,,,,1.59,-0.40885,0.75,0.021,-0.7164475
2020-02-18,1.0815,1.3017,0.009107468123861567,1.0189525168127165,14.83,1.55,1.55,3370.2900390625,1.59,-0.40885,0.75,0.021,-0.7164475
2020-02-19,1.0794,1.2934,0.008995232526760816,1.0163634515702815,14.38,1.56,1.55,3386.14990234375,1.59,-0.40885,0.75,0.021,-0.7164475
2020-02-20,1.0797,1.2877,0.008939746111210442,1.0171905197843556,15.56,1.52,1.55,3373.22998046875,1.59,-0.40885,0.75,0.021,-0.7164475
2020-02-21,1.0855,1.2966,0.008949346697691068,1.022390348635109,17.08,1.46,1.53,3337.75,1.59,-0.40885,0.75,0.021,-0.7164475
2020-02-24,1.0857,1.2923,0.009044862518089725,1.0229132569558101,25.03,1.38,1.5,3225.889892578125,1.59,-0.40885,0.75,0.021,-0.7164475
2020-02-25,1.0868,1.3004,0.009071940488070397,1.0240655401945724,27.85,1.33,1.5,3128.2099609375,1.59,-0.40885,0.75,0.021,-0.7164475
2020-02-26,1.0887,1.2921,0.009061254077564335,1.0246951531919255,27.56,1.33,1.5,3116.389892578125,1.59,-0.40885,0.75,0.021,-0.7164475
2020-02-27,1.0977,1.2876,0.009078529278256921,1.0290183165260343,39.16,1.3,1.42,2978.760009765625,1.59,-0.40885,0.75,0.021,-0.7164475
2020-02-28,1.1001,1.2778,0.00924898261191269,1.0340192327577293,40.11,1.13,1.25,2954.219970703125,1.59,-0.40885,0.75,0.021,-0.7164475
2020-03-02,1.1164,1.2791,0.009257544899092762,1.0441683199331733,33.42,1.1,1.1,3090.22998046875,1.35,-0.416636363636364,0.53,0.006,-0.675
2020-03-03,1.1175,1.2827,0.009321401938851602,1.045696957021855,36.82,1.02,0.93,3003.3701171875,1.35,-0.416636363636364,0.53,0.006,-0.675
2020-03-04,1.113,1.2836,0.009316191540898081,1.0466820180029306,31.99,1.02,0.71,3130.1201171875,1.35,-0.416636363636364,0.53,0.006,-0.675
2020-03-05,1.1202,1.2939,0.009384384384384385,1.054073995994519,39.62,0.92,0.61,3023.93994140625,1.35,-0.416636363636364,0.53,0.006,-0.675
2020-03-06,1.1319,1.301,0.009495774380400722,1.0678056593699947,41.94,0.74,0.45,2972.3701171875,1.35,-0.416636363636364,0.53,0.006,-0.675
2020-03-09,1.142,1.31,0.009754194303550527,1.0757314974182444,54.46,0.54,0.32,2746.56005859375,1.35,-0.416636363636364,0.53,0.006,-0.675
2020-03-10,1.1342,1.2933,0.009642271719217048,1.0718113612004287,47.3,0.76,0.43,2882.22998046875,1.35,-0.416636363636364,0.53,0.006,-0.675
2020-03-11,1.128,1.2887,0.009541074324968991,1.065984436627225,53.9,0.82,0.41,2741.3798828125,1.35,-0.416636363636364,0.53,0.006,-0.675
2020-03-12,1.1081,1.2541,0.009463423866754991,1.0482180293501049,75.47,0.88,0.33,2480.639892578125,1.35,-0.416636363636364,0.53,0.006,-0.675
2020-03-13,1.1066,1.2406,0.009332711152589827,1.0481081647626036,57.83,0.94,0.27,2711.02001953125,1.35,-0.416636363636364,0.53,0.006,-0.675
2020-03-16,1.1139,1.2278,0.00946611132146914,1.0563008344776592,82.69,0.73,0.24,2386.1298828125,1.35,-0.416636363636364,0.53,0.006,-0.675
2020-03-17,1.0971,1.2017,0.009310120100549298,1.036591686534674,75.91,1.02,0.19,2529.18994140625,1.35,-0.416636363636364,0.53,0.006,-0.675
2020-03-18,1.0833,1.176,0.009220839096357769,1.0280662074637608,76.45,1.18,0.02,2398.10009765625,1.35,-0.416636363636364,0.53,0.006,-0.675
2020-03-19,1.0699,1.1662,0.009084302325581396,1.0155377272265664,72.0,1.12,0.04,2409.389892578125,1.35,-0.416636363636364,0.53,0.006,-0.675
2020-03-20,1.0682,1.1743,0.008984725965858042,1.0135819987837016,66.04,0.92,0.05,2304.919921875,1.35,-0.416636363636364,0.53,0.006,-0.675
2020-03-23,1.076,1.1492,0.008979885057471264,1.017915309446254,61.59,0.76,0.02,2237.39990234375,1.35,-0.416636363636364,0.53,0.006,-0.675
2020-03-24,1.0794,1.1784,0.008973438621679828,1.0190563538163662,61.67,0.84,0.01,2447.330078125,1.35,-0.416636363636364,0.53,0.006,-0.675
2020-03-25,1.0835,1.1763,0.008974243919949743,1.022390348635109,63.95,0.88,-0.04,2475.56005859375,1.35,-0.416636363636364,0.53,0.006,-0.675
2020-03-26,1.1025,1.214,0.009136592051164915,1.0368066355624677,61.0,0.83,-0.05,2630.070068359375,1.35,-0.416636363636364,0.53,0.006,-0.675
2020-03-27,1.1059,1.236,0.009245562130177515,1.0462439840970914,65.54,0.72,0.03,2541.469970703125,1.35,-0.416636363636364,0.53,0.006,-0.675
2020-03-30,1.1018,1.2392,0.009254118082546734,1.0410160316468873,57.08,0.7,0.12,2626.64990234375,1.35,-0.416636363636364,0.53,0.006,-0.675
2020-03-31,1.1016,1.2454,0.009299730307821073,1.0387451958034695,53.54,0.7,0.11,2584.590087890625,1.35,-0.416636363636364,0.53,0.006,-0.675
2020-04-01,1.0934,1.2394,0.009341429238673517,1.0335917312661498,57.06,0.62,0.09,2470.5,,-0.25405,0.65,-0.039,-0.624583333333333
2020-04-02,1.0862,1.238,0.00927213722763097,1.0280662074637608,50.91,0.63,0.09,2526.89990234375,,-0.25405,0.65,-0.039,-0.624583333333333
2020-04-03,1.0797,1.2228,0.009214042200313277,1.0228086325048584,46.8,0.62,0.1,2488.64990234375,,-0.25405,0.65,-0.039,-0.624583333333333
2020-04-06,1.0808,1.2298,0.009165062780680048,1.0237510237510237,45.24,0.67,0.15,2663.679931640625,,-0.25405,0.65,-0.039,-0.624583333333333
2020-04-07,1.0886,1.2343,0.009176837661741764,1.0301844030081384,46.7,0.75,0.14,2659.409912109375,,-0.25405,0.65,-0.039,-0.624583333333333
2020-04-08,1.0864,1.2394,0.00919963201471941,1.0298661174047374,43.35,0.77,0.22,2749.97998046875,,-0.25405,0.65,-0.039,-0.624583333333333
2020-04-09,1.0931,1.2458,0.009226794611551948,1.0351966873706004,41.67,0.73,0.25,2789.820068359375,,-0.25405,0.65,-0.039,-0.624583333333333
2020-04-10,1.0951,1.2485,0.009225943352707815,1.0364842454394694,,,,,,-0.25405,0.65,-0.039,-0.624583333333333
2020-04-13,1.0906,1.2518,0.009294544102611766,1.0336985734959685,41.17,0.76,0.26,2761.6298828125,,-0.25405,0.65,-0.039,-0.624583333333333
2020-04-14,1.0971,1.2617,0.009338812103100485,1.0410160316468873,37.76,0.76,0.2,2846.06005859375,,-0.25405,0.65,-0.039,-0.624583333333333
2020-04-15,1.0909,1.2523,0.00930925339787749,1.036591686534674,40.84,0.63,0.14,2783.360107421875,,-0.25405,0.65,-0.039,-0.624583333333333
2020-04-16,1.084,1.2433,0.00928332714444857,1.0314595152140278,40.11,0.61,0.14,2799.550048828125,,-0.25405,0.65,-0.039,-0.624583333333333
2020-04-17,1.0883,1.2503,0.009300595238095238,1.03498240529911,38.15,0.65,0.12,2874.56005859375,,-0.25405,0.65,-0.039,-0.624583333333333
2020-04-20,1.0874,1.2467,0.009285913269570062,1.0341261633919339,43.83,0.63,0.12,2823.159912109375,,-0.25405,0.65,-0.039,-0.624583333333333
2020-04-21,1.0854,1.2266,0.009285913269570062,1.0318852543597152,45.41,0.58,0.11,2736.56005859375,,-0.25405,0.65,-0.039,-0.624583333333333
2020-04-22,1.0829,1.2332,0.009275577404693442,1.0297600659046442,41.98,0.63,0.12,2799.31005859375,,-0.25405,0.65,-0.039,-0.624583333333333
2020-04-23,1.0815,1.2369,0.009289363678588016,1.027643613194944,41.38,0.61,0.11,2797.800048828125,,-0.25405,0.65,-0.039,-0.624583333333333
2020-04-24,1.0798,1.2335,0.009307520476545048,1.0256410256410258,35.93,0.6,0.12,2836.739990234375,,-0.25405,0.65,-0.039,-0.624583333333333
2020-04-27,1.0829,1.2421,0.009326618168252192,1.025010250102501,33.29,0.67,0.12,2878.47998046875,,-0.25405,0.65,-0.039,-0.624583333333333
2020-04-28,1.0836,1.2438,0.009360666479453337,1.0263779123473262,33.57,0.62,0.11,2863.389892578125,,-0.25405,0.65,-0.039,-0.624583333333333
2020-04-29,1.0853,1.2429,0.009374707040404988,1.0258514567090686,31.23,0.63,0.1,2939.510009765625,,-0.25405,0.65,-0.039,-0.624583333333333
2020-04-30,1.0934,1.2602,0.009351037965214139,1.034233116144379,34.15,0.64,0.09,2912.429931640625,,-0.25405,0.65,-0.039,-0.624583333333333
2020-05-01,1.0998,1.2509,0.009366804046459348,1.0417751849150954,37.19,0.64,0.12,2830.7099609375,0.17,-0.27195,0.33,-0.042,-0.663348888888889
2020-05-04,1.0911,1.243,0.009361542782250515,1.036591686534674,35.97,0.64,0.13,2842.739990234375,0.17,-0.27195,0.33,-0.042,-0.663348888888889
2020-05-05,1.0844,1.2449,0.00938790837401427,1.0287007509515482,33.61,0.66,0.13,2868.43994140625,0.17,-0.27195,0.33,-0.042,-0.663348888888889
2020-05-06,1.0806,1.2347,0.009427736400490242,1.026167265264238,34.12,0.72,0.12,2848.419921875,0.17,-0.27195,0.33,-0.042,-0.663348888888889
2020-05-07,1.0815,1.2349,0.009402030838661151,1.0260619741432382,31.44,0.63,0.11,2881.18994140625,0.17,-0.27195,0.33,-0.042,-0.663348888888889
2020-05-08,1.0854,1.2436,0.009389671361502348,1.0310341272296113,27.98,0.69,0.12,2929.800048828125,0.17,-0.27195,0.33,-0.042,-0.663348888888889
2020-05-11,1.0818,1.233,0.009285051067780872,1.0285949393128986,27.57,0.73,0.12,2930.18994140625,0.17,-0.27195,0.33,-0.042,-0.663348888888889
2020-05-12,1.0864,1.2299,0.009317059536010435,1.0330578512396695,33.04,0.69,0.13,2870.1201171875,0.17,-0.27195,0.33,-0.042,-0.663348888888889
2020-05-13,1.0837,1.2225,0.009352787130564907,1.030502885408079,35.28,0.64,0.13,2820.0,0.17,-0.27195,0.33,-0.042,-0.663348888888889
2020-05-14,1.08,1.2194,0.009337940050424876,1.0280662074637608,32.61,0.63,0.12,2852.5,0.17,-0.27195,0.33,-0.042,-0.663348888888889
2020-05-15,1.0816,1.2129,0.009322270905192505,1.0281719103434095,31.89,0.64,0.12,2863.699951171875,0.17,-0.27195,0.33,-0.042,-0.663348888888889
2020-05-18,1.0904,1.2211,0.009324009324009324,1.0310341272296113,29.3,0.73,0.13,2953.909912109375,0.17,-0.27195,0.33,-0.042,-0.663348888888889
2020-05-19,1.0937,1.2255,0.009268699601445917,1.0282776349614395,30.53,0.7,0.13,2922.93994140625,0.17,-0.27195,0.33,-0.042,-0.663348888888889
2020-05-20,1.098,1.2257,0.009305788200260562,1.0363768266141569,27.99,0.68,0.12,2971.610107421875,0.17,-0.27195,0.33,-0.042,-0.663348888888889
2020-05-21,1.0953,1.2227,0.009285913269570062,1.0306090899721736,29.53,0.68,0.12,2948.510009765625,0.17,-0.27195,0.33,-0.042,-0.663348888888889
2020-05-22,1.0894,1.2178,0.009302325581395349,1.0285949393128986,28.16,0.66,0.12,2955.449951171875,0.17,-0.27195,0.33,-0.042,-0.663348888888889
2020-05-25,,,,,,,,,0.17,-0.27195,0.33,-0.042,-0.663348888888889
2020-05-26,1.097,1.2337,0.00929022668153103,1.034340091021928,28.01,0.69,0.14,2991.77001953125,0.17,-0.27195,0.33,-0.042,-0.663348888888889
2020-05-27,1.0969,1.2231,0.009277298450691158,1.0313531353135312,27.62,0.68,0.15,3036.1298828125,0.17,-0.27195,0.33,-0.042,-0.663348888888889
2020-05-28,1.1069,1.2325,0.009287638153617534,1.0371292263015972,28.59,0.7,0.15,3029.72998046875,0.17,-0.27195,0.33,-0.042,-0.663348888888889
2020-05-29,1.1107,1.232,0.009279020135473694,1.039717196922437,27.51,0.65,0.14,3044.31005859375,0.17,-0.27195,0.33,-0.042,-0.663348888888889
2020-06-01,1.1123,1.2472,0.009297136481963555,1.040257983980027,28.23,0.66,0.14,3055.72998046875,0.2,-0.376,0.19,-0.042,-0.6658145
2020-06-02,1.1166,1.2531,0.009208103130755065,1.039176971838304,26.84,0.68,0.15,3080.820068359375,0.2,-0.376,0.19,-0.042,-0.6658145
2020-06-03,1.1246,1.26,0.009184423218221896,1.040257983980027,25.66,0.77,0.16,3122.8701171875,0.2,-0.376,0.19,-0.042,-0.6658145
2020-06-04,1.1322,1.2608,0.009174311926605505,1.0454783063251438,25.81,0.82,0.15,3112.35009765625,0.2,-0.376,0.19,-0.042,-0.6658145
2020-06-05,1.1297,1.2703,0.00911743253099927,1.0392849719393058,24.52,0.91,0.15,3193.929931640625,0.2,-0.376,0.19,-0.042,-0.6658145
2020-06-08,1.1293,1.2694,0.009219988936013277,1.0452597470471412,25.81,0.88,0.17,3232.389892578125,0.2,-0.376,0.19,-0.042,-0.6658145
2020-06-09,1.1348,1.2736,0.009288500835965075,1.054073995994519,27.57,0.84,0.19,3207.179931640625,0.2,-0.376,0.19,-0.042,-0.6658145
2020-06-10,1.1355,1.2758,0.009324009324009324,1.0582010582010584,27.57,0.75,0.17,3190.139892578125,0.2,-0.376,0.19,-0.042,-0.6658145
2020-06-11,1.1378,1.2635,0.009374707040404988,1.0658708164570454,40.79,0.66,0.17,3002.10009765625,0.2,-0.376,0.19,-0.042,-0.6658145
2020-06-12,1.1253,1.2527,0.009314456035767511,1.0509721492380453,36.09,0.71,0.16,3041.31005859375,0.2,-0.376,0.19,-0.042,-0.6658145
2020-06-15,1.127,1.2543,0.009317059536010435,1.0522992739135009,34.4,0.71,0.18,3066.590087890625,0.2,-0.376,0.19,-0.042,-0.6658145
2020-06-16,1.1259,1.2586,0.009315323707498836,1.0532968190436065,33.67,0.75,0.17,3124.739990234375,0.2,-0.376,0.19,-0.042,-0.6658145
2020-06-17,1.1219,1.2526,0.009323140033563304,1.0513036164844407,33.47,0.74,0.17,3113.489990234375,0.2,-0.376,0.19,-0.042,-0.6658145
2020-06-18,1.1216,1.243,0.009365049634763064,1.0515247108307046,32.94,0.71,0.16,3115.340087890625,0.2,-0.376,0.19,-0.042,-0.6658145
2020-06-19,1.1189,1.2362,0.009355412105903266,1.0505305179115454,35.12,0.7,0.15,3097.739990234375,0.2,-0.376,0.19,-0.042,-0.6658145
2020-06-22,1.126,1.2447,0.009359790340696368,1.0554089709762533,31.77,0.71,0.16,3117.860107421875,0.2,-0.376,0.19,-0.042,-0.6658145
2020-06-23,1.1322,1.2531,0.009394964299135663,1.0595465140919686,31.37,0.72,0.16,3131.2900390625,0.2,-0.376,0.19,-0.042,-0.6658145
2020-06-24,1.1272,1.2432,0.009360666479453337,1.0558547143912997,33.84,0.69,0.15,3050.330078125,0.2,-0.376,0.19,-0.042,-0.6658145
2020-06-25,1.1221,1.2406,0.009327488107452663,1.0542962572482868,32.22,0.68,0.16,3083.760009765625,0.2,-0.376,0.19,-0.042,-0.6658145
2020-06-26,1.1215,1.2337,0.009329228472805299,1.0548523206751055,34.73,0.64,0.14,3009.050048828125,0.2,-0.376,0.19,-0.042,-0.6658145
2020-06-29,1.1237,1.2279,0.009284189026088572,1.0521885521885521,31.78,0.64,0.14,3053.239990234375,0.2,-0.376,0.19,-0.042,-0.6658145
2020-06-30,1.1237,1.2369,0.009279020135473694,1.0563008344776592,30.43,0.66,0.16,3100.2900390625,0.2,-0.376,0.19,-0.042,-0.6658145
2020-07-01,1.1259,1.2474,0.009302325581395349,1.0576414595452142,28.62,0.69,0.14,3115.860107421875,0.18,-0.444130434782609,0.1,-0.065,-0.69071347826087
2020-07-02,1.1237,1.2469,0.009298000929800094,1.0576414595452142,27.68,0.68,0.14,3130.010009765625,0.18,-0.444130434782609,0.1,-0.065,-0.69071347826087
2020-07-03,,,,,,,,,0.18,-0.444130434782609,0.1,-0.065,-0.69071347826087
2020-07-06,1.1307,1.2482,0.009302325581395349,1.0620220900594732,27.94,0.69,0.15,3179.719970703125,0.18,-0.444130434782609,0.1,-0.065,-0.69071347826087
2020-07-07,1.1299,1.2572,0.009299730307821073,1.0626992561105209,29.43,0.65,0.15,3145.320068359375,0.18,-0.444130434782609,0.1,-0.065,-0.69071347826087
2020-07-08,1.1329,1.2593,0.009311853990129435,1.0658708164570454,28.08,0.67,0.15,3169.93994140625,0.18,-0.444130434782609,0.1,-0.065,-0.69071347826087
2020-07-09,1.1298,1.2614,0.009322270905192505,1.0641694157709907,29.26,0.62,0.13,3152.050048828125,0.18,-0.444130434782609,0.1,-0.065,-0.69071347826087
2020-07-10,1.1318,1.2654,0.009365926758452749,1.06439595529537,27.29,0.65,0.13,3185.0400390625,0.18,-0.444130434782609,0.1,-0.065,-0.69071347826087
2020-07-13,1.1364,1.2614,0.009326618168252192,1.0626992561105209,32.19,0.64,0.14,3155.219970703125,0.18,-0.444130434782609,0.1,-0.065,-0.69071347826087
2020-07-14,1.1406,1.2546,0.009328358208955223,1.0655301012253595,29.52,0.63,0.15,3197.52001953125,0.18,-0.444130434782609,0.1,-0.065,-0.69071347826087
2020-07-15,1.1406,1.2586,0.009352787130564907,1.0594342621040365,27.76,0.64,0.16,3226.56005859375,0.18,-0.444130434782609,0.1,-0.065,-0.69071347826087
2020-07-16,1.1433,1.2621,0.009341429238673517,1.0602205258693809,28.0,0.62,0.11,3215.570068359375,0.18,-0.444130434782609,0.1,-0.065,-0.69071347826087
2020-07-17,1.1438,1.255,0.009340556697179151,1.0651896037494675,25.68,0.64,0.11,3224.72998046875,0.18,-0.444130434782609,0.1,-0.065,-0.69071347826087
2020-07-20,1.1442,1.2658,0.009327488107452663,1.0650761529449355,24.46,0.62,0.13,3251.840087890625,0.18,-0.444130434782609,0.1,-0.065,-0.69071347826087
2020-07-21,1.1495,1.2736,0.009361542782250515,1.070663811563169,24.84,0.61,0.13,3257.300048828125,0.18,-0.444130434782609,0.1,-0.065,-0.69071347826087
2020-07-22,1.1587,1.2729,0.009330098899048329,1.0766580534022394,24.32,0.6,0.13,3276.02001953125,0.18,-0.444130434782609,0.1,-0.065,-0.69071347826087
2020-07-23,1.1623,1.2759,0.009360666479453337,1.081081081081081,26.08,0.59,0.12,3235.659912109375,0.18,-0.444130434782609,0.1,-0.065,-0.69071347826087
2020-07-24,1.1635,1.2791,0.009452689290103034,1.0843634786380394,25.84,0.59,0.11,3215.6298828125,0.18,-0.444130434782609,0.1,-0.065,-0.69071347826087
2020-07-27,1.175,1.2887,0.009497578117580016,1.086484137331595,24.74,0.62,0.11,3239.409912109375,0.18,-0.444130434782609,0.1,-0.065,-0.69071347826087
2020-07-28,1.1733,1.295,0.009521089212605922,1.0906314756243864,25.44,0.59,0.11,3218.43994140625,0.18,-0.444130434782609,0.1,-0.065,-0.69071347826087
2020-07-29,1.177,1.2974,0.009518370454978107,1.0939722131057872,24.1,0.58,0.11,3258.43994140625,0.18,-0.444130434782609,0.1,-0.065,-0.69071347826087
2020-07-30,1.1791,1.3035,0.00951927653498334,1.0964912280701753,24.76,0.55,0.09,3246.219970703125,0.18,-0.444130434782609,0.1,-0.065,-0.69071347826087
2020-07-31,1.1822,1.3133,0.009453582907922102,1.097333479644464,24.46,0.55,0.09,3271.1201171875,0.18,-0.444130434782609,0.1,-0.065,-0.69071347826087
2020-08-03,1.175,1.3053,0.009424182452172273,1.0876658690450294,24.28,0.56,0.1,3294.610107421875,0.15,-0.479714285714286,0.07,-0.065,-0.706807142857143
2020-08-04,1.1766,1.3059,0.009445546424860677,1.0924186148131965,23.76,0.52,0.09,3306.510009765625,0.15,-0.479714285714286,0.07,-0.065,-0.706807142857143
2020-08-05,1.1898,1.3141,0.009484066767830045,1.1046062078868883,22.99,0.55,0.1,3327.77001953125,0.15,-0.479714285714286,0.07,-0.065,-0.706807142857143
2020-08-06,1.1856,1.3147,0.009476876421531463,1.0987803538072738,22.65,0.55,0.1,3349.159912109375,0.15,-0.479714285714286,0.07,-0.065,-0.706807142857143
2020-08-07,1.1776,1.3043,0.00944108761329305,1.0940919037199124,22.21,0.57,0.1,3351.280029296875,0.15,-0.479714285714286,0.07,-0.065,-0.706807142857143
2020-08-10,1.1756,1.3082,0.00944733112895607,1.0924186148131965,22.13,0.59,0.11,3360.469970703125,0.15,-0.479714285714286,0.07,-0.065,-0.706807142857143
2020-08-11,1.1764,1.3077,0.009384384384384385,1.0913456291607553,24.03,0.64,0.11,3333.68994140625,0.15,-0.479714285714286,0.07,-0.065,-0.706807142857143
2020-08-12,1.1796,1.3047,0.009358914365933552,1.0978153474585575,22.28,0.69,0.11,3380.35009765625,0.15,-0.479714285714286,0.07,-0.065,-0.706807142857143
2020-08-13,1.1818,1.3082,0.009355412105903266,1.0992634934593823,22.13,0.71,0.1,3373.429931640625,0.15,-0.479714285714286,0.07,-0.065,-0.706807142857143
2020-08-14,1.1833,1.3108,0.009390553103577802,1.0999890001099988,22.05,0.71,0.1,3372.85009765625,0.15,-0.479714285714286,0.07,-0.065,-0.706807142857143
2020-08-17,1.1869,1.3105,0.009436633009342266,1.103996467211305,21.35,0.69,0.1,3381.989990234375,0.15,-0.479714285714286,0.07,-0.065,-0.706807142857143
2020-08-18,1.1928,1.3228,0.00948676596148373,1.1075423634954036,21.51,0.67,0.09,3389.780029296875,0.15,-0.479714285714286,0.07,-0.065,-0.706807142857143
2020-08-19,1.1898,1.3191,0.009459842966606754,1.097213078779899,22.54,0.68,0.11,3374.85009765625,0.15,-0.479714285714286,0.07,-0.065,-0.706807142857143
2020-08-20,1.1862,1.319,0.009450902561194593,1.1010790574763267,22.72,0.65,0.11,3385.510009765625,0.15,-0.479714285714286,0.07,-0.065,-0.706807142857143
2020-08-21,1.1775,1.3098,0.009444654325651681,1.0951702989814915,22.54,0.64,0.1,3397.159912109375,0.15,-0.479714285714286,0.07,-0.065,-0.706807142857143
2020-08-24,1.1803,1.3078,0.009442870632672332,1.0978153474585575,22.37,0.65,0.12,3431.280029296875,0.15,-0.479714285714286,0.07,-0.065,-0.706807142857143
2020-08-25,1.1818,1.3136,0.009398496240601503,1.1002310485201892,22.03,0.69,0.11,3443.6201171875,0.15,-0.479714285714286,0.07,-0.065,-0.706807142857143
2020-08-26,1.1813,1.3186,0.00942240648261566,1.100594320933304,23.27,0.69,0.11,3478.72998046875,0.15,-0.479714285714286,0.07,-0.065,-0.706807142857143
2020-08-27,1.1824,1.3229,0.009396729937981583,1.1016855789357718,24.47,0.74,0.11,3484.550048828125,0.15,-0.479714285714286,0.07,-0.065,-0.706807142857143
2020-08-28,1.1901,1.3341,0.00949667616334283,1.1060723371308483,22.96,0.74,0.1,3508.010009765625,0.15,-0.479714285714286,0.07,-0.065,-0.706807142857143
2020-08-31,1.195,1.3375,0.00944822373393802,1.1096316023080337,26.41,0.72,0.11,3500.31005859375,0.15,-0.479714285714286,0.07,-0.065,-0.706807142857143
2020-09-01,1.1949,1.3416,0.009433962264150943,1.1022927689594355,26.12,0.68,0.12,3526.64990234375,0.13,-0.491363636363636,0.06,-0.055,-0.708714090909091
2020-09-02,1.184,1.3315,0.009420631182289214,1.0980564401010213,26.57,0.66,0.12,3580.840087890625,0.13,-0.491363636363636,0.06,-0.055,-0.708714090909091
2020-09-03,1.1832,1.3263,0.00942151874882231,1.0984182776801406,33.6,0.63,0.11,3455.06005859375,0.13,-0.491363636363636,0.06,-0.055,-0.708714090909091
2020-09-04,1.182,1.323,0.009403799134850479,1.0932546190007653,30.75,0.72,0.11,3426.9599609375,0.13,-0.491363636363636,0.06,-0.055,-0.708714090909091
2020-09-07,,,,,,,,,0.13,-0.491363636363636,0.06,-0.055,-0.708714090909091
2020-09-08,1.1789,1.3039,0.009436633009342266,1.0909884355225834,31.46,0.69,0.13,3331.840087890625,0.13,-0.491363636363636,0.06,-0.055,-0.708714090909091
2020-09-09,1.181,1.3011,0.009413536665725312,1.0951702989814915,28.81,0.71,0.12,3398.9599609375,0.13,-0.491363636363636,0.06,-0.055,-0.708714090909091
2020-09-10,1.188,1.2846,0.009417082587814296,1.1016855789357718,29.71,0.68,0.12,3339.18994140625,0.13,-0.491363636363636,0.06,-0.055,-0.708714090909091
2020-09-11,1.1831,1.2788,0.00941885655081473,1.0998680158380993,26.87,0.67,0.11,3340.969970703125,0.13,-0.491363636363636,0.06,-0.055,-0.708714090909091
2020-09-14,1.1874,1.2876,0.009462528387585161,1.1024142872891634,25.85,0.68,0.11,3383.5400390625,0.13,-0.491363636363636,0.06,-0.055,-0.708714090909091
2020-09-15,1.1846,1.2866,0.009478672985781991,1.1007154650522841,25.59,0.68,0.11,3401.199951171875,0.13,-0.491363636363636,0.06,-0.055,-0.708714090909091
2020-09-16,1.1835,1.298,0.00952925481227368,1.1013215859030836,26.04,0.69,0.12,3385.489990234375,0.13,-0.491363636363636,0.06,-0.055,-0.708714090909091
2020-09-17,1.1823,1.2955,0.009544716999140977,1.0991426687183996,26.46,0.69,0.09,3357.010009765625,0.13,-0.491363636363636,0.06,-0.055,-0.708714090909091
2020-09-18,1.1857,1.295,0.009574875526618154,1.0993843447669305,25.83,0.7,0.1,3319.469970703125,0.13,-0.491363636363636,0.06,-0.055,-0.708714090909091
2020-09-21,1.1737,1.2794,0.009552010698251982,1.0913456291607553,27.78,0.68,0.1,3281.06005859375,0.13,-0.491363636363636,0.06,-0.055,-0.708714090909091
2020-09-22,1.1703,1.2726,0.00951927653498334,1.0869565217391304,26.86,0.68,0.1,3315.570068359375,0.13,-0.491363636363636,0.06,-0.055,-0.708714090909091
2020-09-23,1.1677,1.275,0.009493070058857035,1.0830715910321673,28.58,0.68,0.11,3236.919921875,0.13,-0.491363636363636,0.06,-0.055,-0.708714090909091
2020-09-24,1.1666,1.2739,0.00948586605957124,1.079447322970639,28.51,0.67,0.1,3246.590087890625,0.13,-0.491363636363636,0.06,-0.055,-0.708714090909091
2020-09-25,1.1618,1.2706,0.00947059380623165,1.0763104079216446,26.38,0.66,0.1,3298.4599609375,0.13,-0.491363636363636,0.06,-0.055,-0.708714090909091
2020-09-28,1.166,1.2865,0.009478672985781991,1.0814318157240186,26.19,0.67,0.11,3351.60009765625,0.13,-0.491363636363636,0.06,-0.055,-0.708714090909091
2020-09-29,1.1717,1.2847,0.009462528387585161,1.0851871947911014,26.27,0.66,0.09,3335.469970703125,0.13,-0.491363636363636,0.06,-0.055,-0.708714090909091
2020-09-30,1.1723,1.2921,0.009471490812653912,1.08837614279495,26.37,0.69,0.1,3363.0,0.13,-0.491363636363636,0.06,-0.055,-0.708714090909091
2020-10-01,1.1752,1.2901,0.00947597839476926,1.0894432944765224,26.7,0.68,0.09,3380.800048828125,0.12,-0.509136363636364,0.05,-0.055,-0.698181818181818
2020-10-02,1.1706,1.2928,0.009491268033409264,1.086484137331595,27.63,0.7,0.09,3348.419921875,0.12,-0.509136363636364,0.05,-0.055,-0.698181818181818
2020-10-05,1.1784,1.2972,0.00946073793755913,1.092537965694308,27.96,0.78,0.1,3408.60009765625,0.12,-0.509136363636364,0.05,-0.055,-0.698181818181818
2020-10-06,1.1778,1.2945,0.00946611132146914,1.092537965694308,29.48,0.76,0.1,3360.969970703125,0.12,-0.509136363636364,0.05,-0.055,-0.698181818181818
2020-10-07,1.1766,1.2914,0.009436633009342266,1.0907504363001745,28.06,0.81,0.1,3419.43994140625,0.12,-0.509136363636364,0.05,-0.055,-0.698181818181818
2020-10-08,1.1753,1.2944,0.009435742592942064,1.0897994768962511,26.36,0.78,0.09,3446.830078125,0.12,-0.509136363636364,0.05,-0.055,-0.698181818181818
2020-10-09,1.1819,1.3003,0.009458948164964056,1.0985389432055366,25.0,0.79,0.1,3477.139892578125,0.12,-0.509136363636364,0.05,-0.055,-0.698181818181818
2020-10-12,,,,,25.07,,,3534.219970703125,0.12,-0.509136363636364,0.05,-0.055,-0.698181818181818
2020-10-13,1.1737,1.2968,0.009474182851729039,1.0932546190007653,26.07,0.74,0.11,3511.929931640625,0.12,-0.509136363636364,0.05,-0.055,-0.698181818181818
2020-10-14,1.1755,1.3023,0.00951655881233346,1.095650268434316,26.4,0.73,0.12,3488.669921875,0.12,-0.509136363636364,0.05,-0.055,-0.698181818181818
2020-10-15,1.1701,1.2917,0.009489466691971912,1.0937329104232747,26.97,0.74,0.11,3483.340087890625,0.12,-0.509136363636364,0.05,-0.055,-0.698181818181818
2020-10-16,1.1717,1.2931,0.00948676596148373,1.092537965694308,27.41,0.76,0.11,3483.81005859375,0.12,-0.509136363636364,0.05,-0.055,-0.698181818181818
2020-10-19,1.1788,1.2998,0.00948586605957124,1.0998680158380993,29.18,0.78,0.11,3426.919921875,0.12,-0.509136363636364,0.05,-0.055,-0.698181818181818
2020-10-20,1.1824,1.2951,0.009473285335354301,1.1024142872891634,29.35,0.81,0.1,3443.1201171875,0.12,-0.509136363636364,0.05,-0.055,-0.698181818181818
2020-10-21,1.187,1.3143,0.009562057754828839,1.1059500110595002,28.65,0.83,0.1,3435.56005859375,0.12,-0.509136363636364,0.05,-0.055,-0.698181818181818
2020-10-22,1.1824,1.309,0.009534706331045004,1.102049812651532,28.11,0.87,0.09,3453.489990234375,0.12,-0.509136363636364,0.05,-0.055,-0.698181818181818
2020-10-23,1.1844,1.3039,0.00954380606986066,1.1043622308117063,27.55,0.85,0.1,3465.389892578125,0.12,-0.509136363636364,0.05,-0.055,-0.698181818181818
2020-10-26,1.1816,1.3021,0.009536524890329964,1.1021712774165104,32.46,0.81,0.11,3400.969970703125,0.12,-0.509136363636364,0.05,-0.055,-0.698181818181818
2020-10-27,1.1834,1.3067,0.009574875526618154,1.1030222810500772,33.35,0.79,0.1,3390.679931640625,0.12,-0.509136363636364,0.05,-0.055,-0.698181818181818
2020-10-28,1.1751,1.2997,0.009584970765839165,1.0992634934593823,40.28,0.79,0.1,3271.030029296875,0.12,-0.509136363636364,0.05,-0.055,-0.698181818181818
2020-10-29,1.1658,1.289,0.009552010698251982,1.0903936321011884,37.59,0.85,0.09,3310.110107421875,0.12,-0.509136363636364,0.05,-0.055,-0.698181818181818
2020-10-30,1.1647,1.2933,0.009565716472163765,1.0911074740861975,38.02,0.88,0.09,3269.9599609375,0.12,-0.509136363636364,0.05,-0.055,-0.698181818181818
2020-11-02,1.1634,1.2904,0.009541984732824428,1.0869565217391304,37.13,0.87,0.09,3310.239990234375,0.16,-0.520857142857143,0.04,-0.055,-0.73
2020-11-03,1.1724,1.305,0.009569377990430622,1.0957703265395573,35.55,0.9,0.1,3369.159912109375,0.16,-0.520857142857143,0.04,-0.055,-0.73
2020-11-04,1.173,1.3021,0.009579461634256155,1.0980564401010213,29.57,0.78,0.1,3443.43994140625,0.16,-0.520857142857143,0.04,-0.055,-0.73
2020-11-05,1.1809,1.3116,0.009645992090286486,1.1033873993158998,27.58,0.79,0.1,3510.449951171875,0.16,-0.520857142857143,0.04,-0.055,-0.73
2020-11-06,1.1886,1.3162,0.009678668215253582,1.1128421989761852,24.86,0.83,0.1,3509.43994140625,0.16,-0.520857142857143,0.04,-0.055,-0.73
2020-11-09,1.1811,1.3137,0.009471490812653912,1.095650268434316,25.75,0.96,0.11,3550.5,0.16,-0.520857142857143,0.04,-0.055,-0.73
2020-11-10,1.181,1.3234,0.009491268033409264,1.094570928196147,24.8,0.98,0.1,3545.530029296875,0.16,-0.520857142857143,0.04,-0.055,-0.73
2020-11-11,,,,,23.45,,,3572.659912109375,0.16,-0.520857142857143,0.04,-0.055,-0.73
2020-11-12,1.1814,1.3142,0.009509319132750096,1.094570928196147,25.35,0.88,0.1,3537.010009765625,0.16,-0.520857142857143,0.04,-0.055,-0.73
2020-11-13,1.1824,1.3176,0.009559315553006405,1.0949304719150335,23.1,0.89,0.09,3585.14990234375,0.16,-0.520857142857143,0.04,-0.055,-0.73
2020-11-16,1.1844,1.3197,0.009565716472163765,1.096371011950444,22.45,0.91,0.09,3626.909912109375,0.16,-0.520857142857143,0.04,-0.055,-0.73
2020-11-17,1.1862,1.3247,0.009596928982725527,1.0978153474585575,22.71,0.87,0.09,3609.530029296875,0.16,-0.520857142857143,0.04,-0.055,-0.73
2020-11-18,1.1869,1.3299,0.009641342074816815,1.0993843447669305,23.84,0.88,0.09,3567.7900390625,0.16,-0.520857142857143,0.04,-0.055,-0.73
2020-11-19,1.1843,1.3225,0.009629272989889264,1.096611470555982,23.11,0.86,0.07,3581.8701171875,0.16,-0.520857142857143,0.04,-0.055,-0.73
2020-11-20,1.1857,1.3294,0.00963298333493883,1.0967317394165386,23.7,0.83,0.07,3557.5400390625,0.16,-0.520857142857143,0.04,-0.055,-0.73
2020-11-23,1.1826,1.33,0.00957670944263551,1.0951702989814915,22.66,0.86,0.08,3577.590087890625,0.16,-0.520857142857143,0.04,-0.055,-0.73
2020-11-24,1.1874,1.335,0.009559315553006405,1.096371011950444,21.64,0.88,0.09,3635.409912109375,0.16,-0.520857142857143,0.04,-0.055,-0.73
2020-11-25,1.1908,1.3378,0.009579461634256155,1.1001100110011002,21.25,0.88,0.09,3629.64990234375,0.16,-0.520857142857143,0.04,-0.055,-0.73
2020-11-26,,,,,,,,,0.16,-0.520857142857143,0.04,-0.055,-0.73
2020-11-27,,,,,20.84,0.84,0.09,3638.35009765625,0.16,-0.520857142857143,0.04,-0.055,-0.73
2020-11-30,1.1948,1.3338,0.009580379383023568,1.1037527593818983,20.57,0.84,0.08,3621.6298828125,0.16,-0.520857142857143,0.04,-0.055,-0.73
2020-12-01,1.2039,1.3392,0.009578544061302681,1.1104941699056081,20.77,0.92,0.09,3662.449951171875,0.17,-0.538090909090909,0.03,-0.055,-0.742727272727273
2020-12-02,1.2093,1.3348,0.009567546880979718,1.1159468809284678,21.17,0.95,0.09,3669.010009765625,0.17,-0.538090909090909,0.03,-0.055,-0.742727272727273
2020-12-03,1.2152,1.3496,0.009636696540425942,1.1228385358185493,21.28,0.92,0.08,3666.719970703125,0.17,-0.538090909090909,0.03,-0.055,-0.742727272727273
2020-12-04,1.2142,1.3485,0.009600614439324117,1.122586439155815,20.79,0.97,0.09,3699.1201171875,0.17,-0.538090909090909,0.03,-0.055,-0.742727272727273
2020-12-07,1.2138,1.3353,0.009614460148062685,1.1246063877642825,21.3,0.94,0.08,3691.9599609375,0.17,-0.538090909090909,0.03,-0.055,-0.742727272727273
2020-12-08,1.2111,1.3358,0.009602458229306703,1.1253657438667568,20.68,0.92,0.09,3702.25,0.17,-0.538090909090909,0.03,-0.055,-0.742727272727273
2020-12-09,1.208,1.3392,0.009589566551591868,1.1234692731153804,22.27,0.95,0.08,3672.820068359375,0.17,-0.538090909090909,0.03,-0.055,-0.742727272727273
2020-12-10,1.2118,1.3293,0.009587727708533078,1.1263798152737103,22.52,0.92,0.08,3668.10009765625,0.17,-0.538090909090909,0.03,-0.055,-0.742727272727273
2020-12-11,1.2112,1.3197,0.009626492106276474,1.1233430689732644,23.31,0.9,0.08,3663.4599609375,0.17,-0.538090909090909,0.03,-0.055,-0.742727272727273
2020-12-14,1.2145,1.3324,0.009609840476648087,1.127141568981064,24.72,0.9,0.09,3647.489990234375,0.17,-0.538090909090909,0.03,-0.055,-0.742727272727273
2020-12-15,1.2158,1.3434,0.009644131545954287,1.1287955751213454,22.89,0.92,0.08,3694.6201171875,0.17,-0.538090909090909,0.03,-0.055,-0.742727272727273
2020-12-16,1.2175,1.3503,0.009653441451877595,1.1285407967498025,22.5,0.92,0.09,3701.169921875,0.17,-0.538090909090909,0.03,-0.055,-0.742727272727273
2020-12-17,1.2258,1.3609,0.00969649956365752,1.1310937676733401,21.93,0.94,0.08,3722.47998046875,0.17,-0.538090909090909,0.03,-0.055,-0.742727272727273
2020-12-18,1.2236,1.3497,0.009675858732462506,1.1299435028248588,21.57,0.95,0.08,3709.409912109375,0.17,-0.538090909090909,0.03,-0.055,-0.742727272727273
2020-12-21,1.223,1.3354,0.009667440061871617,1.1287955751213454,25.16,0.95,0.09,3694.919921875,0.17,-0.538090909090909,0.03,-0.055,-0.742727272727273
2020-12-22,1.2172,1.3349,0.009650646593321752,1.124985937675779,24.23,0.93,0.09,3687.260009765625,0.17,-0.538090909090909,0.03,-0.055,-0.742727272727273
2020-12-23,1.2194,1.351,0.009659969088098918,1.1258725512272012,23.31,0.96,0.09,3690.010009765625,0.17,-0.538090909090909,0.03,-0.055,-0.742727272727273
2020-12-24,,,,,21.53,0.94,0.09,3703.06005859375,0.17,-0.538090909090909,0.03,-0.055,-0.742727272727273
2020-12-25,,,,,,,,,0.17,-0.538090909090909,0.03,-0.055,-0.742727272727273
2020-12-28,1.2213,1.3447,0.00963020030816641,1.1238480557428636,21.7,0.94,0.11,3735.360107421875,0.17,-0.538090909090909,0.03,-0.055,-0.742727272727273
2020-12-29,1.2252,1.3512,0.00966183574879227,1.1314777098891151,23.08,0.94,0.1,3727.0400390625,0.17,-0.538090909090909,0.03,-0.055,-0.742727272727273
2020-12-30,1.228,1.3605,0.009679605072113058,1.1322463768115942,22.77,0.93,0.08,3732.0400390625,0.17,-0.538090909090909,0.03,-0.055,-0.742727272727273
2020-12-31,1.223,1.3662,0.009690861517588915,1.1310937676733401,22.75,0.93,0.09,3756.070068359375,0.17,-0.538090909090909,0.03,-0.055,-0.742727272727273
2021-01-01,,,,,,,,,0.14,-0.54715,0.03,-0.055,-0.729838
2021-01-04,1.2254,1.3551,0.009690861517588915,1.1349449551696742,26.97,0.93,0.09,3700.64990234375,0.14,-0.54715,0.03,-0.055,-0.729838
2021-01-05,1.2295,1.362,0.00973709834469328,1.138433515482696,25.34,0.96,0.09,3726.860107421875,0.14,-0.54715,0.03,-0.055,-0.729838
2021-01-06,1.229,1.3593,0.009685230024213076,1.1350737797956867,25.07,1.04,0.09,3748.139892578125,0.14,-0.54715,0.03,-0.055,-0.729838
2021-01-07,1.2265,1.3551,0.00963020030816641,1.1310937676733401,22.37,1.08,0.09,3803.7900390625,0.14,-0.54715,0.03,-0.055,-0.729838
2021-01-08,1.2252,1.3583,0.009625565501973242,1.1308379509216329,21.56,1.13,0.08,3824.679931640625,0.14,-0.54715,0.03,-0.055,-0.729838
2021-01-11,1.2169,1.3522,0.009600614439324117,1.1239743733842869,24.08,1.15,0.08,3799.610107421875,0.14,-0.54715,0.03,-0.055,-0.729838
2021-01-12,1.2168,1.3637,0.009607070804111826,1.1246063877642825,23.33,1.15,0.09,3801.18994140625,0.14,-0.54715,0.03,-0.055,-0.729838
2021-01-13,1.2159,1.3631,0.0096237128284092,1.1268875366238449,22.21,1.1,0.09,3809.840087890625,0.14,-0.54715,0.03,-0.055,-0.729838
2021-01-14,1.2156,1.369,0.009646922631680495,1.1273957158962795,23.25,1.15,0.09,3795.5400390625,0.14,-0.54715,0.03,-0.055,-0.729838
2021-01-15,1.2099,1.3599,0.009633911368015415,1.124353496739375,24.34,1.11,0.09,3768.25,0.14,-0.54715,0.03,-0.055,-0.729838
2021-01-18,,,,,,,,,0.14,-0.54715,0.03,-0.055,-0.729838
2021-01-19,1.2126,1.3627,0.009628345850182938,1.125112511251125,23.24,1.1,0.09,3798.909912109375,0.14,-0.54715,0.03,-0.055,-0.729838
2021-01-20,,,,,21.58,1.1,0.08,3851.85009765625,0.14,-0.54715,0.03,-0.055,-0.729838
2021-01-21,1.2143,1.3721,0.009655305590421938,1.1273957158962795,21.32,1.12,0.09,3853.070068359375,0.14,-0.54715,0.03,-0.055,-0.729838
2021-01-22,1.2179,1.3685,0.009637625289128758,1.1295606009262398,21.91,1.1,0.08,3841.469970703125,0.14,-0.54715,0.03,-0.055,-0.729838
2021-01-25,1.2138,1.3668,0.009635767970707265,1.1258725512272012,23.19,1.05,0.09,3855.360107421875,0.14,-0.54715,0.03,-0.055,-0.729838
2021-01-26,1.2147,1.3729,0.009644131545954287,1.1261261261261262,23.02,1.05,0.07,3849.6201171875,0.14,-0.54715,0.03,-0.055,-0.729838
2021-01-27,1.2101,1.3688,0.009607070804111826,1.124859392575928,37.21,1.04,0.08,3750.77001953125,0.14,-0.54715,0.03,-0.055,-0.729838
2021-01-28,1.2122,1.3727,0.009586808551433228,1.1252391133115787,30.21,1.07,0.07,3787.3798828125,0.14,-0.54715,0.03,-0.055,-0.729838
2021-01-29,1.2135,1.3723,0.0095565749235474,1.1229646266142617,33.09,1.11,0.06,3714.239990234375,0.14,-0.54715,0.03,-0.055,-0.729838
2021-02-01,1.207,1.3672,0.00952653138992093,1.1154489682097044,30.24,1.09,0.07,3773.860107421875,0.11,-0.5411,0.05,-0.055,-0.732424
2021-02-02,1.202,1.3644,0.009515653249595584,1.1127183709803048,25.56,1.12,0.07,3826.31005859375,0.11,-0.5411,0.05,-0.055,-0.732424
2021-02-03,1.2025,1.3652,0.00951927653498334,1.1119759813188035,22.91,1.15,0.04,3830.169921875,0.11,-0.5411,0.05,-0.055,-0.732424
2021-02-04,1.1974,1.3665,0.009484966328369534,1.107297087808659,21.77,1.15,0.04,3871.739990234375,0.11,-0.5411,0.05,-0.055,-0.732424
2021-02-05,1.2035,1.3714,0.009484066767830045,1.1116051578479325,20.87,1.19,0.03,3886.830078125,0.11,-0.5411,0.05,-0.055,-0.732424
2021-02-08,1.2045,1.3738,0.00950660709192889,1.1128421989761852,21.24,1.19,0.05,3915.590087890625,0.11,-0.5411,0.05,-0.055,-0.732424
2021-02-09,1.2106,1.3796,0.009558401835213151,1.1198208286674132,21.63,1.18,0.04,3911.22998046875,0.11,-0.5411,0.05,-0.055,-0.732424
2021-02-10,1.2132,1.385,0.009553835865099837,1.1247328759419637,21.99,1.15,0.05,3909.8798828125,0.11,-0.5411,0.05,-0.055,-0.732424
2021-02-11,1.2127,1.3822,0.00954653937947494,1.1227124733355787,21.25,1.16,0.05,3916.3798828125,0.11,-0.5411,0.05,-0.055,-0.732424
2021-02-12,1.2126,1.3855,0.00952925481227368,1.122208506340478,19.97,1.2,0.04,3934.830078125,0.11,-0.5411,0.05,-0.055,-0.732424
2021-02-15,,,,,,,,,0.11,-0.5411,0.05,-0.055,-0.732424
2021-02-16,1.2107,1.391,0.009444654325651681,1.1206993163734171,21.46,1.3,0.04,3932.590087890625,0.11,-0.5411,0.05,-0.055,-0.732424
2021-02-17,1.2042,1.3848,0.009449116507606539,1.1129660545353368,21.5,1.29,0.04,3931.330078125,0.11,-0.5411,0.05,-0.055,-0.732424
2021-02-18,1.2078,1.3956,0.009461633077869241,1.1150758251561106,22.49,1.29,0.03,3913.969970703125,0.11,-0.5411,0.05,-0.055,-0.732424
2021-02-19,1.2136,1.4025,0.009471490812653912,1.117568171658471,22.05,1.34,0.04,3906.7099609375,0.11,-0.5411,0.05,-0.055,-0.732424
2021-02-22,1.2155,1.4077,0.009518370454978107,1.1163206072784102,23.45,1.37,0.03,3876.5,0.11,-0.5411,0.05,-0.055,-0.732424
2021-02-23,1.2142,1.4092,0.009504799923961601,1.108401684770561,23.11,1.37,0.04,3881.3701171875,0.11,-0.5411,0.05,-0.055,-0.732424
2021-02-24,1.2143,1.4106,0.009441979038806534,1.102049812651532,21.34,1.38,0.03,3925.429931640625,0.11,-0.5411,0.05,-0.055,-0.732424
2021-02-25,1.2229,1.4105,0.009414422895876483,1.1070519207350824,28.89,1.54,0.04,3829.340087890625,0.11,-0.5411,0.05,-0.055,-0.732424
2021-02-26,1.2093,1.3947,0.009377344336084021,1.0998680158380993,27.95,1.44,0.04,3811.14990234375,0.11,-0.5411,0.05,-0.055,-0.732424
2021-03-01,1.2054,1.3938,0.009373828271466066,1.094331363536879,23.35,1.45,0.05,3901.820068359375,0.1,-0.539086956521739,0.08,-0.065,-0.73
2021-03-02,1.2079,1.3962,0.00936768149882904,1.0939722131057872,24.1,1.42,0.04,3870.2900390625,0.1,-0.539086956521739,0.08,-0.065,-0.73
2021-03-03,1.2073,1.3978,0.009352787130564907,1.0893246187363834,26.67,1.47,0.05,3819.719970703125,0.1,-0.539086956521739,0.08,-0.065,-0.73
2021-03-04,1.2045,1.3999,0.009295408068414203,1.0802635843145727,28.57,1.54,0.04,3768.469970703125,0.1,-0.539086956521739,0.08,-0.065,-0.73
2021-03-05,1.1914,1.3817,0.009238728750923873,1.07469102632993,24.66,1.56,0.04,3841.93994140625,0.1,-0.539086956521739,0.08,-0.065,-0.73
2021-03-08,1.1849,1.381,0.00918105031215571,1.0689470871191875,25.47,1.59,0.05,3821.35009765625,0.1,-0.539086956521739,0.08,-0.065,-0.73
2021-03-09,1.1885,1.3884,0.009204712812960236,1.076194575979337,24.03,1.55,0.05,3875.43994140625,0.1,-0.539086956521739,0.08,-0.065,-0.73
2021-03-10,1.19,1.3899,0.009209799226376865,1.0733068584308254,22.56,1.53,0.04,3898.81005859375,0.1,-0.539086956521739,0.08,-0.065,-0.73
2021-03-11,1.1978,1.398,0.009221689413500553,1.081782778018174,21.91,1.54,0.04,3939.340087890625,0.1,-0.539086956521739,0.08,-0.065,-0.73
2021-03-12,1.1952,1.3925,0.009185266832001469,1.0774701002047193,20.69,1.64,0.04,3943.340087890625,0.1,-0.539086956521739,0.08,-0.065,-0.73
2021-03-15,1.1917,1.3866,0.009165062780680048,1.0772379618657761,20.03,1.62,0.04,3968.93994140625,0.1,-0.539086956521739,0.08,-0.065,-0.73
2021-03-16,1.1895,1.3892,0.009173470323823502,1.0797969981643452,19.79,1.62,0.02,3962.7099609375,0.1,-0.539086956521739,0.08,-0.065,-0.73
2021-03-17,1.1905,1.3888,0.009155832265152902,1.0780508840017249,19.23,1.63,0.02,3974.1201171875,0.1,-0.539086956521739,0.08,-0.065,-0.73
2021-03-18,1.1926,1.3938,0.009176837661741764,1.0774701002047193,21.58,1.71,0.01,3915.4599609375,0.1,-0.539086956521739,0.08,-0.065,-0.73
2021-03-19,1.1909,1.3872,0.009186954524575104,1.0751532093323297,20.95,1.74,0.01,3913.10009765625,0.1,-0.539086956521739,0.08,-0.065,-0.73
2021-03-22,1.1932,1.3856,0.009202171712524156,1.0830715910321673,18.88,1.69,0.03,3940.590087890625,0.1,-0.539086956521739,0.08,-0.065,-0.73
2021-03-23,1.1872,1.3795,0.009207255317189945,1.0721561059290232,20.3,1.63,0.01,3910.52001953125,0.1,-0.539086956521739,0.08,-0.065,-0.73
2021-03-24,1.1831,1.3723,0.009190331770976933,1.0689470871191875,21.2,1.62,0.02,3889.139892578125,0.1,-0.539086956521739,0.08,-0.065,-0.73
2021-03-25,1.1777,1.3722,0.009163383121048292,1.0646225912913871,19.81,1.63,0.02,3909.52001953125,0.1,-0.539086956521739,0.08,-0.065,-0.73
2021-03-26,1.1798,1.3794,0.009128251939753538,1.0640561821664185,18.86,1.67,0.02,3974.5400390625,0.1,-0.539086956521739,0.08,-0.065,-0.73
2021-03-29,1.1779,1.3793,0.009113278046113187,1.065984436627225,20.74,1.73,0.03,3971.090087890625,0.1,-0.539086956521739,0.08,-0.065,-0.73
2021-03-30,1.1724,1.3729,0.009075233687267448,1.0607828577490188,19.61,1.73,0.02,3958.550048828125,0.1,-0.539086956521739,0.08,-0.065,-0.73
2021-03-31,1.1743,1.3795,0.009040773890245005,1.0617965597791463,19.4,1.74,0.03,3972.889892578125,0.1,-0.539086956521739,0.08,-0.065,-0.73
2021-04-01,1.1772,1.3825,0.009040773890245005,1.0628122010840686,17.33,1.69,0.02,4019.8701171875,0.11,-0.53815,0.09,-0.065,-0.7285415
2021-04-02,1.1763,1.3825,0.009035872413481522,1.0616838305552607,,1.72,0.02,,0.11,-0.53815,0.09,-0.065,-0.7285415
2021-04-05,1.181,1.3907,0.009084302325581396,1.0684902233144566,17.91,1.73,0.03,4077.909912109375,0.11,-0.53815,0.09,-0.065,-0.7285415
2021-04-06,1.1852,1.3849,0.009104980424292088,1.0723860589812333,18.12,1.67,0.02,4073.93994140625,0.11,-0.53815,0.09,-0.065,-0.7285415
2021-04-07,1.189,1.3757,0.009118263882556762,1.0782833728703904,17.16,1.68,0.02,4079.949951171875,0.11,-0.53815,0.09,-0.065,-0.7285415
2021-04-08,1.1904,1.3739,0.009153318077803204,1.0811979673478214,16.95,1.64,0.01,4097.169921875,0.11,-0.53815,0.09,-0.065,-0.7285415
2021-04-09,1.1897,1.3734,0.009120758847136081,1.0811979673478214,16.69,1.67,0.02,4128.7998046875,0.11,-0.53815,0.09,-0.065,-0.7285415
2021-04-12,1.1907,1.3741,0.009138261902586127,1.083658430862592,16.91,1.69,0.02,4127.990234375,0.11,-0.53815,0.09,-0.065,-0.7285415
2021-04-13,1.1939,1.3742,0.009158347834050737,1.08542277216976,16.65,1.64,0.03,4141.58984375,0.11,-0.53815,0.09,-0.065,-0.7285415
2021-04-14,1.1974,1.379,0.009180207472688882,1.083658430862592,16.99,1.64,0.02,4124.66015625,0.11,-0.53815,0.09,-0.065,-0.7285415
2021-04-15,1.1964,1.3781,0.009192866335723478,1.0837758751490192,16.57,1.56,0.02,4170.419921875,0.11,-0.53815,0.09,-0.065,-0.7285415
2021-04-16,1.198,1.3826,0.009192866335723478,1.087429317094389,16.25,1.59,0.02,4185.47021484375,0.11,-0.53815,0.09,-0.065,-0.7285415
2021-04-19,1.2028,1.3977,0.00925154963456379,1.0922992900054616,17.29,1.61,0.02,4163.259765625,0.11,-0.53815,0.09,-0.065,-0.7285415
2021-04-20,1.2045,1.3955,0.009253261774775609,1.0934937124111537,18.68,1.58,0.03,4134.93994140625,0.11,-0.53815,0.09,-0.065,-0.7285415
2021-04-21,1.2033,1.3936,0.00925154963456379,1.0909884355225834,17.5,1.57,0.03,4173.419921875,0.11,-0.53815,0.09,-0.065,-0.7285415
2021-04-22,1.2012,1.3851,0.00924470740501063,1.0890873448050533,18.71,1.57,0.03,4134.97998046875,0.11,-0.53815,0.09,-0.065,-0.7285415
2021-04-23,1.2069,1.3845,0.009264406151565685,1.0926573426573427,17.33,1.58,0.03,4180.169921875,0.11,-0.53815,0.09,-0.065,-0.7285415
2021-04-26,1.2083,1.389,0.00924898261191269,1.0934937124111537,17.64,1.58,0.03,4187.6201171875,0.11,-0.53815,0.09,-0.065,-0.7285415
2021-04-27,1.2079,1.3908,0.009211495946941784,1.0948105977665863,17.56,1.63,0.01,4186.72021484375,0.11,-0.53815,0.09,-0.065,-0.7285415
2021-04-28,1.2098,1.3917,0.009190331770976933,1.0960105217010083,17.28,1.63,0.01,4183.18017578125,0.11,-0.53815,0.09,-0.065,-0.7285415
2021-04-29,1.211,1.3956,0.009179364787956673,1.0990218705352237,17.61,1.65,0.01,4211.47021484375,0.11,-0.53815,0.09,-0.065,-0.7285415
2021-04-30,1.203,1.3838,0.00914662032379036,1.095650268434316,18.61,1.65,0.01,4181.169921875,0.11,-0.53815,0.09,-0.065,-0.7285415
2021-05-03,1.2059,1.3913,0.009167583425009168,1.0969723562966214,18.31,1.63,0.04,4192.66015625,0.1,-0.540095238095238,0.08,-0.065,-0.735221052631579
2021-05-04,1.2014,1.3873,0.009145783793671118,1.094570928196147,19.48,1.61,0.02,4164.66015625,0.1,-0.540095238095238,0.08,-0.065,-0.735221052631579
2021-05-05,1.2003,1.3913,0.009151642719868217,1.095290251916758,19.15,1.59,0.02,4167.58984375,0.1,-0.540095238095238,0.08,-0.065,-0.735221052631579
2021-05-06,1.2049,1.388,0.009160025648071814,1.0993843447669305,18.39,1.58,0.02,4201.6201171875,0.1,-0.540095238095238,0.08,-0.065,-0.735221052631579
2021-05-07,1.2165,1.4,0.009214891264283083,1.11000111000111,16.69,1.6,0.02,4232.60009765625,0.1,-0.540095238095238,0.08,-0.065,-0.735221052631579
2021-05-10,1.217,1.4153,0.00919963201471941,1.1128421989761852,19.66,1.63,0.02,4188.43017578125,0.1,-0.540095238095238,0.08,-0.065,-0.735221052631579
2021-05-11,1.2169,1.4149,0.009214042200313277,1.1086474501108647,21.84,1.64,0.01,4152.10009765625,0.1,-0.540095238095238,0.08,-0.065,-0.735221052631579
2021-05-12,1.2074,1.4081,0.009129918743723181,1.1003521126760563,27.59,1.69,0.02,4063.0400390625,0.1,-0.540095238095238,0.08,-0.065,-0.735221052631579
2021-05-13,1.207,1.4033,0.009127418765972983,1.102779003087781,23.13,1.66,0.02,4112.5,0.1,-0.540095238095238,0.08,-0.065,-0.735221052631579
2021-05-14,1.2141,1.4096,0.009143275121148394,1.108524553818867,18.81,1.63,0.01,4173.85009765625,0.1,-0.540095238095238,0.08,-0.065,-0.735221052631579
2021-05-17,1.2155,1.4127,0.009160025648071814,1.109139307897072,19.72,1.64,0.02,4163.2900390625,0.1,-0.540095238095238,0.08,-0.065,-0.735221052631579
2021-05-18,1.2203,1.4184,0.009173470323823502,1.1128421989761852,21.34,1.64,0.02,4127.830078125,0.1,-0.540095238095238,0.08,-0.065,-0.735221052631579
2021-05-19,1.2216,1.4169,0.009194556822361161,1.1107408641563923,22.18,1.68,0.01,4115.68017578125,0.1,-0.540095238095238,0.08,-0.065,-0.735221052631579
2021-05-20,1.2225,1.4182,0.009192021325489474,1.1129660545353368,20.67,1.63,0.01,4159.1201171875,0.1,-0.540095238095238,0.08,-0.065,-0.735221052631579
2021-05-21,1.2178,1.4158,0.009179364787956673,1.1127183709803048,20.15,1.63,0.01,4155.85986328125,0.1,-0.540095238095238,0.08,-0.065,-0.735221052631579
2021-05-24,1.221,1.4147,0.009190331770976933,1.1144544745347154,18.4,1.61,0.02,4197.0498046875,0.1,-0.540095238095238,0.08,-0.065,-0.735221052631579
2021-05-25,1.2233,1.4123,0.009178522257916474,1.1147029316687103,18.84,1.56,0.02,4188.1298828125,0.1,-0.540095238095238,0.08,-0.065,-0.735221052631579
2021-05-26,1.2204,1.4129,0.00916590284142988,1.1144544745347154,17.36,1.58,0.02,4195.990234375,0.1,-0.540095238095238,0.08,-0.065,-0.735221052631579
2021-05-27,1.2194,1.4172,0.009106638739641197,1.1139578923916675,16.74,1.61,0.02,4200.8798828125,0.1,-0.540095238095238,0.08,-0.065,-0.735221052631579
2021-05-28,1.2194,1.4188,0.009104980424292088,1.1117287381878822,16.76,1.58,0.01,4204.10986328125,0.1,-0.540095238095238,0.08,-0.065,-0.735221052631579
2021-05-31,,,,,,,,,0.1,-0.540095238095238,0.08,-0.065,-0.735221052631579
2021-06-01,1.2241,1.4168,0.009138261902586127,1.1168192986374805,17.9,1.62,0.02,4202.0400390625,0.09,-0.542909090909091,0.08,-0.072,-0.737727272727273
2021-06-02,1.2213,1.4177,0.009124920156948626,1.1135857461024499,17.48,1.59,0.02,4208.1201171875,0.09,-0.542909090909091,0.08,-0.072,-0.737727272727273
2021-06-03,1.2122,1.4099,0.009067827348567283,1.1048502927853276,18.04,1.63,0.02,4192.85009765625,0.09,-0.542909090909091,0.08,-0.072,-0.737727272727273
2021-06-04,1.2173,1.4175,0.009139097057210747,1.1123470522803114,16.42,1.56,0.02,4229.89013671875,0.09,-0.542909090909091,0.08,-0.072,-0.737727272727273
2021-06-07,1.22,1.4179,0.009153318077803204,1.114951499609767,16.42,1.57,0.02,4226.52001953125,0.09,-0.542909090909091,0.08,-0.072,-0.737727272727273
2021-06-08,1.218,1.4146,0.009134922809902257,1.1156978690170702,17.07,1.53,0.02,4227.259765625,0.09,-0.542909090909091,0.08,-0.072,-0.737727272727273
2021-06-09,1.2184,1.4124,0.009123255177447314,1.1163206072784102,17.89,1.5,0.03,4219.5498046875,0.09,-0.542909090909091,0.08,-0.072,-0.737727272727273
2021-06-10,1.2173,1.4165,0.009133254178463788,1.1171936096525528,16.1,1.45,0.03,4239.18017578125,0.09,-0.542909090909091,0.08,-0.072,-0.737727272727273
2021-06-11,1.2101,1.4114,0.009111617312072893,1.1119759813188035,15.65,1.47,0.03,4247.43994140625,0.09,-0.542909090909091,0.08,-0.072,-0.737727272727273
2021-06-14,1.2126,1.4116,0.009092562284051645,1.1122233344455565,16.39,1.51,0.03,4255.14990234375,0.09,-0.542909090909091,0.08,-0.072,-0.737727272727273
2021-06-15,1.212,1.4073,0.009081002542680712,1.1129660545353368,17.02,1.51,0.03,4246.58984375,0.09,-0.542909090909091,0.08,-0.072,-0.737727272727273
2021-06-16,1.2119,1.411,0.009100837277029487,1.1128421989761852,18.15,1.57,0.04,4223.7001953125,0.09,-0.542909090909091,0.08,-0.072,-0.737727272727273
2021-06-17,1.1911,1.3916,0.009067827348567283,1.0901558922925978,17.75,1.52,0.04,4221.85986328125,0.09,-0.542909090909091,0.08,-0.072,-0.737727272727273
2021-06-18,1.1872,1.3817,0.009073586788857635,1.0851871947911014,20.7,1.45,0.05,4166.4501953125,0.09,-0.542909090909091,0.08,-0.072,-0.737727272727273
2021-06-21,1.1909,1.3915,0.009072763563781528,1.088850174216028,17.89,1.5,0.05,4224.7900390625,0.09,-0.542909090909091,0.08,-0.072,-0.737727272727273
2021-06-22,1.191,1.3921,0.009029345372460496,1.0869565217391304,16.66,1.48,0.04,4246.43994140625,0.09,-0.542909090909091,0.08,-0.072,-0.737727272727273
2021-06-23,1.195,1.3977,0.009020386072523904,1.0906314756243864,16.32,1.5,0.05,4241.83984375,0.09,-0.542909090909091,0.08,-0.072,-0.737727272727273
2021-06-24,1.1927,1.3907,0.00901631953836444,1.08837614279495,15.97,1.49,0.05,4266.490234375,0.09,-0.542909090909091,0.08,-0.072,-0.737727272727273
2021-06-25,1.194,1.3899,0.009026900162484202,1.0899182561307903,15.62,1.54,0.06,4280.7001953125,0.09,-0.542909090909091,0.08,-0.072,-0.737727272727273
2021-06-28,1.1938,1.3895,0.00904977375565611,1.088850174216028,15.76,1.49,0.05,4290.60986328125,0.09,-0.542909090909091,0.08,-0.072,-0.737727272727273
2021-06-29,1.1905,1.3845,0.009047317470370035,1.0868383871318334,16.02,1.49,0.04,4291.7998046875,0.09,-0.542909090909091,0.08,-0.072,-0.737727272727273
2021-06-30,1.1848,1.3806,0.0090049527239982,1.0807305738679347,15.83,1.45,0.05,4297.5,0.09,-0.542909090909091,0.08,-0.072,-0.737727272727273
2021-07-01,1.1857,1.378,0.008963786303334529,1.0807305738679347,15.48,1.48,0.05,4319.93994140625,0.1,-0.544818181818182,0.08,-0.072,-0.736136363636364
2021-07-02,1.1848,1.3795,0.008986340762041696,1.0841283607979184,15.07,1.44,0.05,4352.33984375,0.1,-0.544818181818182,0.08,-0.072,-0.736136363636364
2021-07-05,,,,,,,,,0.1,-0.544818181818182,0.08,-0.072,-0.736136363636364
2021-07-06,1.1816,1.3792,0.009036688957166094,1.0816657652785289,16.44,1.37,0.05,4343.5400390625,0.1,-0.544818181818182,0.08,-0.072,-0.736136363636364
2021-07-07,1.1803,1.3792,0.00903995660820828,1.0808473843493298,16.2,1.33,0.05,4358.1298828125,0.1,-0.544818181818182,0.08,-0.072,-0.736136363636364
2021-07-08,1.184,1.3767,0.009105809506465124,1.092537965694308,19.0,1.3,0.06,4320.81982421875,0.1,-0.544818181818182,0.08,-0.072,-0.736136363636364
2021-07-09,1.1861,1.3842,0.009076057360682519,1.0927767457108513,16.18,1.37,0.06,4369.5498046875,0.1,-0.544818181818182,0.08,-0.072,-0.736136363636364
2021-07-12,1.1858,1.3886,0.009061254077564335,1.0924186148131965,16.17,1.38,0.05,4384.6298828125,0.1,-0.544818181818182,0.08,-0.072,-0.736136363636364
2021-07-13,1.1813,1.3847,0.009061254077564335,1.0912265386294195,17.12,1.42,0.05,4369.2099609375,0.1,-0.544818181818182,0.08,-0.072,-0.736136363636364
2021-07-14,1.1826,1.3854,0.009088430428065073,1.0924186148131965,16.33,1.37,0.06,4374.2998046875,0.1,-0.544818181818182,0.08,-0.072,-0.736136363636364
2021-07-15,1.1806,1.3849,0.009086778736937756,1.0886131069018072,17.01,1.31,0.05,4360.02978515625,0.1,-0.544818181818182,0.08,-0.072,-0.736136363636364
2021-07-16,1.181,1.3785,0.009080177971488242,1.0879025239338556,18.45,1.31,0.05,4327.16015625,0.1,-0.544818181818182,0.08,-0.072,-0.736136363636364
2021-07-19,1.1804,1.369,0.009136592051164915,1.0894432944765224,22.5,1.19,0.05,4258.490234375,0.1,-0.544818181818182,0.08,-0.072,-0.736136363636364
2021-07-20,1.1776,1.3615,0.009097525473071324,1.0848340203948796,19.73,1.23,0.05,4323.06005859375,0.1,-0.544818181818182,0.08,-0.072,-0.736136363636364
2021-07-21,1.1799,1.3695,0.009072763563781528,1.0894432944765224,17.91,1.3,0.05,4358.68994140625,0.1,-0.544818181818182,0.08,-0.072,-0.736136363636364
2021-07-22,1.1771,1.375,0.009082652134423252,1.0875475802066341,17.69,1.27,0.05,4367.47998046875,0.1,-0.544818181818182,0.08,-0.072,-0.736136363636364
2021-07-23,1.1761,1.3749,0.009048136083966703,1.0856584518510477,17.2,1.3,0.05,4411.7900390625,0.1,-0.544818181818182,0.08,-0.072,-0.736136363636364
2021-07-26,1.181,1.3829,0.009065361254645998,1.0920607185759528,17.58,1.29,0.05,4422.2998046875,0.1,-0.544818181818182,0.08,-0.072,-0.736136363636364
2021-07-27,1.1831,1.3884,0.009120758847136081,1.0946907498631637,19.36,1.25,0.05,4401.4599609375,0.1,-0.544818181818182,0.08,-0.072,-0.736136363636364
2021-07-28,1.1809,1.3884,0.009085953116481919,1.0948105977665863,18.31,1.26,0.05,4400.64013671875,0.1,-0.544818181818182,0.08,-0.072,-0.736136363636364
2021-07-29,1.1886,1.3966,0.009129918743723181,1.1035091591260207,17.7,1.28,0.06,4419.14990234375,0.1,-0.544818181818182,0.08,-0.072,-0.736136363636364
2021-07-30,1.1864,1.3913,0.009115770282588878,1.1036309458117206,18.24,1.24,0.06,4395.259765625,0.1,-0.544818181818182,0.08,-0.072,-0.736136363636364
2021-08-02,1.1873,1.3886,0.009155832265152902,1.1048502927853276,19.46,1.2,0.05,4387.16015625,0.1,-0.547590909090909,0.07,-0.072,-0.738181818181818
2021-08-03,1.1859,1.3905,0.009166743056192134,1.1053387863380126,18.04,1.19,0.05,4423.14990234375,0.1,-0.547590909090909,0.07,-0.072,-0.738181818181818
2021-08-04,1.1841,1.3912,0.009137426900584795,1.1036309458117206,17.97,1.19,0.05,4402.66015625,0.1,-0.547590909090909,0.07,-0.072,-0.738181818181818
2021-08-05,1.1838,1.3929,0.009111617312072893,1.1025358324145533,17.28,1.23,0.05,4429.10009765625,0.1,-0.547590909090909,0.07,-0.072,-0.738181818181818
2021-08-06,1.1761,1.3873,0.009072763563781528,1.0938525486764383,16.15,1.31,0.06,4436.52001953125,0.1,-0.547590909090909,0.07,-0.072,-0.738181818181818
2021-08-09,1.1749,1.3852,0.009070294784580499,1.088020890001088,16.72,1.33,0.06,4432.35009765625,0.1,-0.547590909090909,0.07,-0.072,-0.738181818181818
2021-08-10,1.1722,1.384,0.00904649900488511,1.0838933448948624,16.79,1.36,0.05,4436.75,0.1,-0.547590909090909,0.07,-0.072,-0.738181818181818
2021-08-11,1.1737,1.3866,0.009052231375033946,1.0851871947911014,16.06,1.35,0.05,4442.41015625,0.1,-0.547590909090909,0.07,-0.072,-0.738181818181818
2021-08-12,1.1736,1.3833,0.009061254077564335,1.0834236186348862,15.59,1.36,0.06,4460.830078125,0.1,-0.547590909090909,0.07,-0.072,-0.738181818181818
2021-08-13,1.1796,1.3857,0.009111617312072893,1.0914647456887143,15.45,1.29,0.06,4468.0,0.1,-0.547590909090909,0.07,-0.072,-0.738181818181818
2021-08-16,1.1776,1.3849,0.009152480322167308,1.0961306587745259,16.12,1.26,0.06,4479.7099609375,0.1,-0.547590909090909,0.07,-0.072,-0.738181818181818
2021-08-17,1.1714,1.3739,0.009124920156948626,1.0936132983377078,17.91,1.26,0.07,4448.080078125,0.1,-0.547590909090909,0.07,-0.072,-0.738181818181818
2021-08-18,1.1702,1.3749,0.009097525473071324,1.0894432944765224,21.57,1.27,0.07,4400.27001953125,0.1,-0.547590909090909,0.07,-0.072,-0.738181818181818
2021-08-19,1.1693,1.3673,0.009111617312072893,1.0901558922925978,21.67,1.24,0.06,4405.7998046875,0.1,-0.547590909090909,0.07,-0.072,-0.738181818181818
2021-08-20,1.169,1.3625,0.009109957183201239,1.0897994768962511,18.56,1.26,0.05,4441.669921875,0.1,-0.547590909090909,0.07,-0.072,-0.738181818181818
2021-08-23,1.1732,1.3717,0.009109127345600291,1.0944511327569224,17.15,1.25,0.05,4479.52978515625,0.1,-0.547590909090909,0.07,-0.072,-0.738181818181818
2021-08-24,1.1746,1.3716,0.00911743253099927,1.095290251916758,17.22,1.29,0.05,4486.22998046875,0.1,-0.547590909090909,0.07,-0.072,-0.738181818181818
2021-08-25,1.1758,1.3723,0.009088430428065073,1.0944511327569224,16.79,1.35,0.06,4496.18994140625,0.1,-0.547590909090909,0.07,-0.072,-0.738181818181818
2021-08-26,1.1761,1.3712,0.009083477155054955,1.090037061260083,18.84,1.34,0.05,4470.0,0.1,-0.547590909090909,0.07,-0.072,-0.738181818181818
2021-08-27,1.1794,1.3769,0.009104151493080845,1.0962508221881166,16.39,1.31,0.05,4509.3701171875,0.1,-0.547590909090909,0.07,-0.072,-0.738181818181818
2021-08-30,1.1795,1.3758,0.00909835319807115,1.0902747492368077,16.19,1.29,0.05,4528.7900390625,0.1,-0.547590909090909,0.07,-0.072,-0.738181818181818
2021-08-31,1.18,1.3747,0.009086778736937756,1.0915838882218099,16.48,1.3,0.04,4522.68017578125,0.1,-0.547590909090909,0.07,-0.072,-0.738181818181818
2021-09-01,1.185,1.379,0.009088430428065073,1.0934937124111537,16.11,1.31,0.05,4524.08984375,0.1,-0.545045454545454,0.07,-0.072,-0.82
2021-09-02,1.1858,1.3825,0.00909008271975275,1.0918222513374822,16.41,1.29,0.05,4536.9501953125,0.1,-0.545045454545454,0.07,-0.072,-0.82
2021-09-03,1.1884,1.3862,0.009120758847136081,1.094570928196147,16.41,1.33,0.05,4535.43017578125,0.1,-0.545045454545454,0.07,-0.072,-0.82
2021-09-06,,,,,,,,,0.1,-0.545045454545454,0.07,-0.072,-0.82
2021-09-07,1.1849,1.3792,0.009076881183625306,1.0894432944765224,18.14,1.38,0.05,4520.02978515625,0.1,-0.545045454545454,0.07,-0.072,-0.82
2021-09-08,1.1818,1.3761,0.009064539521392315,1.0847163466753444,17.96,1.35,0.05,4514.06982421875,0.1,-0.545045454545454,0.07,-0.072,-0.82
2021-09-09,1.1827,1.3855,0.00911078717201166,1.0901558922925978,18.8,1.3,0.04,4493.27978515625,0.1,-0.545045454545454,0.07,-0.072,-0.82
2021-09-10,1.1821,1.3847,0.009096697898662786,1.0893246187363834,20.95,1.35,0.05,4458.580078125,0.1,-0.545045454545454,0.07,-0.072,-0.82
2021-09-13,1.1809,1.3844,0.00909587047480444,1.08542277216976,19.37,1.33,0.06,4468.72998046875,0.1,-0.545045454545454,0.07,-0.072,-0.82
2021-09-14,1.1824,1.3848,0.009119095385737736,1.0877841836179702,19.46,1.28,0.04,4443.0498046875,0.1,-0.545045454545454,0.07,-0.072,-0.82
2021-09-15,1.1811,1.3837,0.009140767824497258,1.087429317094389,18.18,1.31,0.04,4480.7001953125,0.1,-0.545045454545454,0.07,-0.072,-0.82
2021-09-16,1.1764,1.3785,0.009118263882556762,1.0809642200843153,18.69,1.34,0.04,4473.75,0.1,-0.545045454545454,0.07,-0.072,-0.82
2021-09-17,1.1734,1.3755,0.00909587047480444,1.0743446497636442,20.81,1.37,0.04,4432.990234375,0.1,-0.545045454545454,0.07,-0.072,-0.82
2021-09-20,1.1729,1.3656,0.009134922809902257,1.0779346771585643,25.71,1.31,0.04,4357.72998046875,0.1,-0.545045454545454,0.07,-0.072,-0.82
2021-09-21,1.1724,1.3663,0.00914662032379036,1.0828370330265296,24.36,1.33,0.03,4354.18994140625,0.1,-0.545045454545454,0.07,-0.072,-0.82
2021-09-22,1.1739,1.3669,0.009124920156948626,1.0842459069717012,20.87,1.32,0.03,4395.64013671875,0.1,-0.545045454545454,0.07,-0.072,-0.82
2021-09-23,1.1735,1.3745,0.009076881183625306,1.0818998160770312,18.63,1.41,0.03,4448.97998046875,0.1,-0.545045454545454,0.07,-0.072,-0.82
2021-09-24,1.1715,1.3681,0.009031791907514452,1.0815487778498811,17.75,1.47,0.03,4455.47998046875,0.1,-0.545045454545454,0.07,-0.072,-0.82
2021-09-27,1.1702,1.3712,0.00901144453455889,1.08038029386344,18.76,1.48,0.04,4443.10986328125,0.1,-0.545045454545454,0.07,-0.072,-0.82
2021-09-28,1.1681,1.3537,0.008982304859426929,1.077354018530489,23.25,1.54,0.04,4352.6298828125,0.1,-0.545045454545454,0.07,-0.072,-0.82
2021-09-29,1.1612,1.3439,0.008942144326209425,1.0712372790573113,22.56,1.55,0.04,4359.4599609375,0.1,-0.545045454545454,0.07,-0.072,-0.82
2021-09-30,1.1577,1.347,0.008968609865470852,1.0707784559374667,23.14,1.52,0.04,4307.5400390625,0.1,-0.545045454545454,0.07,-0.072,-0.82
2021-10-01,1.1598,1.3572,0.00901144453455889,1.0756157900397978,21.15,1.48,0.04,4357.0400390625,0.11,-0.549809523809524,0.16,-0.072,-0.726692380952381
2021-10-04,1.1622,1.3602,0.009013881377321075,1.0813148788927336,22.96,1.49,0.04,4300.4599609375,0.11,-0.549809523809524,0.16,-0.072,-0.726692380952381
2021-10-05,1.1609,1.364,0.008977466558937068,1.07863229425089,21.3,1.54,0.04,4345.72021484375,0.11,-0.549809523809524,0.16,-0.072,-0.726692380952381
2021-10-06,1.1546,1.3569,0.008982304859426929,1.077702338614075,21.0,1.53,0.04,4363.5498046875,0.11,-0.549809523809524,0.16,-0.072,-0.726692380952381
2021-10-07,1.1561,1.3634,0.008968609865470852,1.0775862068965516,19.54,1.58,0.05,4399.759765625,0.11,-0.549809523809524,0.16,-0.072,-0.726692380952381
2021-10-08,1.1572,1.363,0.008916629514043692,1.0785159620362381,18.77,1.61,0.05,4391.33984375,0.11,-0.549809523809524,0.16,-0.072,-0.726692380952381
2021-10-11,,,,,20.0,,,4361.18994140625,0.11,-0.549809523809524,0.16,-0.072,-0.726692380952381
2021-10-12,1.1541,1.3605,0.00879584835957428,1.075037626316921,19.85,1.59,0.06,4350.64990234375,0.11,-0.549809523809524,0.16,-0.072,-0.726692380952381
2021-10-13,1.1568,1.3645,0.008811349017534584,1.079913606911447,18.64,1.56,0.05,4363.7998046875,0.11,-0.549809523809524,0.16,-0.072,-0.726692380952381
2021-10-14,1.1591,1.3684,0.008803591865481117,1.0831889081455806,16.86,1.52,0.05,4438.259765625,0.11,-0.549809523809524,0.16,-0.072,-0.726692380952381
2021-10-15,1.1594,1.3756,0.008748141020033243,1.0821339681852613,16.3,1.59,0.05,4471.3701171875,0.11,-0.549809523809524,0.16,-0.072,-0.726692380952381
2021-10-18,1.1609,1.3726,0.008755034144633165,1.0831889081455806,16.31,1.59,0.06,4486.4599609375,0.11,-0.549809523809524,0.16,-0.072,-0.726692380952381
2021-10-19,1.1632,1.3807,0.008751203290452437,1.0837758751490192,15.7,1.65,0.05,4519.6298828125,0.11,-0.549809523809524,0.16,-0.072,-0.726692380952381
2021-10-20,1.1643,1.3821,0.008753501400560224,1.0873110796999021,15.49,1.65,0.05,4536.18994140625,0.11,-0.549809523809524,0.16,-0.072,-0.726692380952381
2021-10-21,1.1643,1.3812,0.008791208791208791,1.0901558922925978,15.01,1.68,0.06,4549.77978515625,0.11,-0.549809523809524,0.16,-0.072,-0.726692380952381
2021-10-22,1.1632,1.3741,0.008807468733485996,1.0912265386294195,15.43,1.66,0.06,4544.89990234375,0.11,-0.549809523809524,0.16,-0.072,-0.726692380952381
2021-10-25,1.1609,1.3773,0.008795074758135443,1.0877841836179702,15.24,1.64,0.06,4566.47998046875,0.11,-0.549809523809524,0.16,-0.072,-0.726692380952381
2021-10-26,1.159,1.3772,0.008757334267448989,1.086484137331595,15.98,1.63,0.06,4574.7900390625,0.11,-0.549809523809524,0.16,-0.072,-0.726692380952381
2021-10-27,1.16,1.3739,0.008791208791208791,1.0889687465969726,16.98,1.54,0.06,4551.68017578125,0.11,-0.549809523809524,0.16,-0.072,-0.726692380952381
2021-10-28,1.1685,1.3804,0.008819897689186805,1.0961306587745259,16.53,1.57,0.06,4596.419921875,0.11,-0.549809523809524,0.16,-0.072,-0.726692380952381
2021-10-29,1.1552,1.3686,0.008769622029290538,1.0911074740861975,16.26,1.55,0.05,4605.3798828125,0.11,-0.549809523809524,0.16,-0.072,-0.726692380952381
2021-11-01,1.1591,1.3679,0.008757334267448989,1.098297638660077,16.41,1.58,0.05,4613.669921875,0.14,-0.567363636363636,0.13,-0.072,-0.693960909090909
2021-11-02,1.1581,1.3612,0.008788890841975743,1.0934937124111537,16.03,1.56,0.05,4630.64990234375,0.14,-0.567363636363636,0.13,-0.072,-0.693960909090909
2021-11-03,1.1584,1.3659,0.00876731544800982,1.096371011950444,15.1,1.6,0.05,4660.56982421875,0.14,-0.567363636363636,0.13,-0.072,-0.693960909090909
2021-11-04,1.1546,1.3494,0.008800492827598346,1.095650268434316,15.44,1.53,0.04,4680.06005859375,0.14,-0.567363636363636,0.13,-0.072,-0.693960909090909
2021-11-05,1.1554,1.3491,0.00881445570736007,1.0949304719150335,16.48,1.45,0.05,4697.52978515625,0.14,-0.567363636363636,0.13,-0.072,-0.693960909090909
2021-11-08,1.159,1.3563,0.008837825894829872,1.0950503723171265,17.22,1.51,0.06,4701.7001953125,0.14,-0.567363636363636,0.13,-0.072,-0.693960909090909
2021-11-09,1.1589,1.3551,0.008859750155045627,1.0967317394165386,17.78,1.46,0.04,4685.25,0.14,-0.567363636363636,0.13,-0.072,-0.693960909090909
2021-11-10,1.1517,1.347,0.008780402142418122,1.0912265386294195,18.73,1.56,0.05,4646.7099609375,0.14,-0.567363636363636,0.13,-0.072,-0.693960909090909
2021-11-11,,,,,17.66,,,4649.27001953125,0.14,-0.567363636363636,0.13,-0.072,-0.693960909090909
2021-11-12,1.1443,1.3412,0.00877963125548727,1.0856584518510477,16.29,1.58,0.05,4682.85009765625,0.14,-0.567363636363636,0.13,-0.072,-0.693960909090909
2021-11-15,1.1421,1.3444,0.008775008775008775,1.0849517196484757,16.49,1.63,0.05,4682.7998046875,0.14,-0.567363636363636,0.13,-0.072,-0.693960909090909
2021-11-16,1.1333,1.3429,0.008724480893386843,1.0755001075500108,16.37,1.63,0.05,4700.89990234375,0.14,-0.567363636363636,0.13,-0.072,-0.693960909090909
2021-11-17,1.1322,1.3488,0.008746610688358261,1.0768899418479432,17.11,1.6,0.05,4688.669921875,0.14,-0.567363636363636,0.13,-0.072,-0.693960909090909
2021-11-18,1.1358,1.3489,0.008755034144633165,1.079913606911447,17.59,1.59,0.05,4704.5400390625,0.14,-0.567363636363636,0.13,-0.072,-0.693960909090909
2021-11-19,1.1318,1.3474,0.008786574114752657,1.0796804145972791,17.91,1.54,0.05,4697.9599609375,0.14,-0.567363636363636,0.13,-0.072,-0.693960909090909
2021-11-22,1.126,1.3412,0.008719155985700585,1.075268817204301,19.17,1.63,0.05,4682.93994140625,0.14,-0.567363636363636,0.13,-0.072,-0.693960909090909
2021-11-23,1.1265,1.3388,0.008697164724299877,1.0723860589812333,19.38,1.67,0.06,4690.7001953125,0.14,-0.567363636363636,0.13,-0.072,-0.693960909090909
2021-11-24,1.1196,1.3332,0.008670019074041963,1.0690613641223006,18.58,1.64,0.06,4701.4599609375,0.14,-0.567363636363636,0.13,-0.072,-0.693960909090909
2021-11-25,,,,,,,,,0.14,-0.567363636363636,0.13,-0.072,-0.693960909090909
2021-11-26,1.1302,1.3322,0.008813678829543451,1.0829542993285683,28.62,1.48,0.06,4594.6201171875,0.14,-0.567363636363636,0.13,-0.072,-0.693960909090909
2021-11-29,1.1261,1.3291,0.008791208791208791,1.081081081081081,22.96,1.52,0.06,4655.27001953125,0.14,-0.567363636363636,0.13,-0.072,-0.693960909090909
2021-11-30,1.1287,1.3252,0.008832361773538244,1.0849517196484757,27.19,1.43,0.05,4567.0,0.14,-0.567363636363636,0.13,-0.072,-0.693960909090909
2021-12-01,1.1323,1.3308,0.008863676653075697,1.0875475802066341,31.12,1.43,0.06,4513.0400390625,0.17,-0.58195652173913,0.16,-0.049,-0.71745652173913
2021-12-02,1.1306,1.3305,0.008841732979664015,1.0863661053775122,27.95,1.44,0.05,4577.10009765625,0.17,-0.58195652173913,0.16,-0.049,-0.71745652173913
2021-12-03,1.1308,1.3234,0.00885896527285613,1.0887316276537833,30.67,1.35,0.06,4538.43017578125,0.17,-0.58195652173913,0.16,-0.049,-0.71745652173913
2021-12-06,1.1282,1.3252,0.008825346394845997,1.08038029386344,27.18,1.43,0.06,4591.669921875,0.17,-0.58195652173913,0.16,-0.049,-0.71745652173913
2021-12-07,1.1247,1.3236,0.008802042073761113,1.079447322970639,21.89,1.48,0.06,4686.75,0.17,-0.58195652173913,0.16,-0.049,-0.71745652173913
2021-12-08,1.133,1.3236,0.008785030308354563,1.0849517196484757,19.9,1.52,0.07,4701.2099609375,0.17,-0.58195652173913,0.16,-0.049,-0.71745652173913
2021-12-09,1.1285,1.3188,0.008808244516867788,1.079913606911447,21.58,1.49,0.06,4667.4501953125,0.17,-0.58195652173913,0.16,-0.049,-0.71745652173913
2021-12-10,1.1312,1.3262,0.008821453775582216,1.0863661053775122,18.69,1.48,0.06,4712.02001953125,0.17,-0.58195652173913,0.16,-0.049,-0.71745652173913
2021-12-13,1.1298,1.3233,0.00881678716275789,1.0855405992184108,20.31,1.42,0.05,4668.97021484375,0.17,-0.58195652173913,0.16,-0.049,-0.71745652173913
2021-12-14,1.1267,1.3225,0.008800492827598346,1.0827197921178,21.89,1.44,0.05,4634.08984375,0.17,-0.58195652173913,0.16,-0.049,-0.71745652173913
2021-12-15,1.1261,1.3214,0.008785030308354563,1.0801468999783972,19.29,1.47,0.06,4709.85009765625,0.17,-0.58195652173913,0.16,-0.049,-0.71745652173913
2021-12-16,1.1309,1.3325,0.008797395970792645,1.0851871947911014,20.57,1.44,0.05,4668.669921875,0.17,-0.58195652173913,0.16,-0.049,-0.71745652173913
2021-12-17,1.1277,1.3269,0.008805917576611482,1.0838933448948624,21.57,1.41,0.05,4620.64013671875,0.17,-0.58195652173913,0.16,-0.049,-0.71745652173913
2021-12-20,1.1298,1.3222,0.00881445570736007,1.0869565217391304,22.87,1.43,0.07,4568.02001953125,0.17,-0.58195652173913,0.16,-0.049,-0.71745652173913
2021-12-21,1.1272,1.3253,0.008763473841030585,1.0820168794633196,21.01,1.48,0.07,4649.22998046875,0.17,-0.58195652173913,0.16,-0.049,-0.71745652173913
2021-12-22,1.1324,1.3345,0.008755034144633165,1.0868383871318334,18.63,1.46,0.08,4696.56005859375,0.17,-0.58195652173913,0.16,-0.049,-0.71745652173913
2021-12-23,1.132,1.341,0.008739730816290859,1.0886131069018072,17.96,1.5,0.08,4725.7900390625,0.17,-0.58195652173913,0.16,-0.049,-0.71745652173913
2021-12-24,,,,,,,,,0.17,-0.58195652173913,0.16,-0.049,-0.71745652173913
2021-12-27,1.1329,1.3438,0.0087070091423596,1.0899182561307903,17.68,1.48,0.06,4791.18994140625,0.17,-0.58195652173913,0.16,-0.049,-0.71745652173913
2021-12-28,1.1314,1.3432,0.008714596949891068,1.0908694229300753,17.54,1.49,0.06,4786.35009765625,0.17,-0.58195652173913,0.16,-0.049,-0.71745652173913
2021-12-29,1.1337,1.3475,0.008697921196833956,1.0930156301235108,16.95,1.55,0.05,4793.06005859375,0.17,-0.58195652173913,0.16,-0.049,-0.71745652173913
2021-12-30,1.1318,1.35,0.008682816705739341,1.0933741526350318,17.33,1.52,0.05,4778.72998046875,0.17,-0.58195652173913,0.16,-0.049,-0.71745652173913
2021-12-31,,,,,17.22,1.52,0.06,4766.18017578125,0.17,-0.58195652173913,0.16,-0.049,-0.71745652173913
2022-01-03,1.129,1.3469,0.008675284115554785,1.08837614279495,16.6,1.63,0.09,4796.56005859375,0.22,-0.560142857142857,0.53,-0.049,-0.714190952380952
2022-01-04,1.1296,1.3544,0.008611780916293488,1.0924186148131965,16.91,1.66,0.08,4793.5400390625,0.22,-0.560142857142857,0.53,-0.049,-0.714190952380952
2022-01-05,1.1335,1.3573,0.00862738331464067,1.0915838882218099,19.73,1.71,0.09,4700.580078125,0.22,-0.560142857142857,0.53,-0.049,-0.714190952380952
2022-01-06,1.1307,1.3539,0.008637070305752288,1.087429317094389,19.61,1.73,0.1,4696.0498046875,0.22,-0.560142857142857,0.53,-0.049,-0.714190952380952
2022-01-07,1.1358,1.3583,0.008649770781074302,1.088020890001088,18.76,1.76,0.1,4677.02978515625,0.22,-0.560142857142857,0.53,-0.049,-0.714190952380952
2022-01-10,1.1328,1.3567,0.00868507903421921,1.0808473843493298,19.4,1.78,0.13,4670.2900390625,0.22,-0.560142857142857,0.53,-0.049,-0.714190952380952
2022-01-11,1.1363,1.3622,0.008667013347200554,1.0826025765941323,18.41,1.75,0.12,4713.06982421875,0.22,-0.560142857142857,0.53,-0.049,-0.714190952380952
2022-01-12,1.1431,1.3698,0.008715356458079136,1.0948105977665863,17.62,1.74,0.12,4726.35009765625,0.22,-0.560142857142857,0.53,-0.049,-0.714190952380952
2022-01-13,1.1464,1.3724,0.00876731544800982,1.098659635245001,20.31,1.7,0.12,4659.02978515625,0.22,-0.560142857142857,0.53,-0.049,-0.714190952380952
2022-01-14,1.1414,1.367,0.008780402142418122,1.0949304719150335,19.19,1.78,0.13,4662.85009765625,0.22,-0.560142857142857,0.53,-0.049,-0.714190952380952
2022-01-17,,,,,,,,,0.22,-0.560142857142857,0.53,-0.049,-0.714190952380952
2022-01-18,1.1336,1.3588,0.008726003490401396,1.0907504363001745,22.79,1.87,0.17,4577.10986328125,0.22,-0.560142857142857,0.53,-0.049,-0.714190952380952
2022-01-19,1.1346,1.3625,0.008750437521876094,1.0922992900054616,23.85,1.83,0.17,4532.759765625,0.22,-0.560142857142857,0.53,-0.049,-0.714190952380952
2022-01-20,1.1336,1.3642,0.00876577840112202,1.0920607185759528,25.59,1.83,0.18,4482.72998046875,0.22,-0.560142857142857,0.53,-0.049,-0.714190952380952
2022-01-21,1.1346,1.3562,0.008793527963418923,1.0964912280701753,28.85,1.75,0.17,4397.93994140625,0.22,-0.560142857142857,0.53,-0.049,-0.714190952380952
2022-01-24,1.131,1.3447,0.008785802143735724,1.0933741526350318,29.9,1.75,0.2,4410.1298828125,0.22,-0.560142857142857,0.53,-0.049,-0.714190952380952
2022-01-25,1.1283,1.3495,0.008781173164734809,1.0876658690450294,31.16,1.78,0.2,4356.4501953125,0.22,-0.560142857142857,0.53,-0.049,-0.714190952380952
2022-01-26,1.1279,1.3516,0.008746610688358261,1.08542277216976,31.96,1.85,0.19,4349.93017578125,0.22,-0.560142857142857,0.53,-0.049,-0.714190952380952
2022-01-27,1.1141,1.3385,0.008660258075690656,1.073191672032625,30.49,1.81,0.2,4326.509765625,0.22,-0.560142857142857,0.53,-0.049,-0.714190952380952
2022-01-28,1.116,1.3417,0.00867980210051211,1.0755001075500108,27.66,1.78,0.19,4431.85009765625,0.22,-0.560142857142857,0.53,-0.049,-0.714190952380952
2022-01-31,1.1212,1.3439,0.008679048776254123,1.074922068150059,24.83,1.79,0.24,4515.5498046875,0.22,-0.560142857142857,0.53,-0.049,-0.714190952380952
2022-02-01,1.1239,1.3505,0.008713078330574192,1.0833062506770663,21.96,1.81,0.2,4546.5400390625,0.38,-0.53150000005,0.81,-0.049,-0.684792
2022-02-02,1.1299,1.3565,0.008744316194473592,1.0886131069018072,22.09,1.78,0.2,4589.3798828125,0.38,-0.53150000005,0.81,-0.049,-0.684792
2022-02-03,1.1425,1.3602,0.008704735376044569,1.08542277216976,24.35,1.82,0.21,4477.43994140625,0.38,-0.53150000005,0.81,-0.049,-0.684792
2022-02-04,1.1455,1.3543,0.008679048776254123,1.0813148788927336,23.22,1.93,0.23,4500.52978515625,0.38,-0.53150000005,0.81,-0.049,-0.684792
2022-02-07,1.1434,1.3533,0.008688852202624033,1.0818998160770312,22.86,1.92,0.28,4483.8701171875,0.38,-0.53150000005,0.81,-0.049,-0.684792
2022-02-08,1.1416,1.3552,0.00864902266043937,1.081782778018174,21.44,1.96,0.27,4521.5400390625,0.38,-0.53150000005,0.81,-0.049,-0.684792
2022-02-09,1.1435,1.354,0.008662508662508662,1.0830715910321673,19.96,1.94,0.27,4587.18017578125,0.38,-0.53150000005,0.81,-0.049,-0.684792
2022-02-10,1.1487,1.3636,0.008632596685082873,1.0834236186348862,23.91,2.03,0.41,4504.080078125,0.38,-0.53150000005,0.81,-0.049,-0.684792
2022-02-11,1.1404,1.3601,0.00862738331464067,1.0804970286331712,27.36,1.92,0.37,4418.64013671875,0.38,-0.53150000005,0.81,-0.049,-0.684792
2022-02-14,1.1306,1.3516,0.008641548565502939,1.0793308148947653,28.33,1.98,0.45,4401.669921875,0.38,-0.53150000005,0.81,-0.049,-0.684792
2022-02-15,1.1363,1.3539,0.008647526807333102,1.0801468999783972,25.7,2.05,0.41,4471.06982421875,0.38,-0.53150000005,0.81,-0.049,-0.684792
2022-02-16,1.1381,1.3585,0.008664760419374404,1.0847163466753444,24.29,2.03,0.39,4475.009765625,0.38,-0.53150000005,0.81,-0.049,-0.684792
2022-02-17,1.1364,1.3624,0.00869338433452143,1.0867202782003913,28.11,1.97,0.37,4380.259765625,0.38,-0.53150000005,0.81,-0.049,-0.684792
2022-02-18,1.1327,1.3585,0.008689607229753215,1.0857763300760044,27.75,1.92,0.35,4348.8701171875,0.38,-0.53150000005,0.81,-0.049,-0.684792
2022-02-21,,,,,,,,,0.38,-0.53150000005,0.81,-0.049,-0.684792
2022-02-22,1.1342,1.3597,0.008700191404210893,1.086484137331595,28.81,1.94,0.39,4304.759765625,0.38,-0.53150000005,0.81,-0.049,-0.684792
2022-02-23,1.1316,1.3555,0.008686587908269632,1.0894432944765224,31.02,1.99,0.36,4225.5,0.38,-0.53150000005,0.81,-0.049,-0.684792
2022-02-24,1.1154,1.336,0.0086617583369424,1.0792143319663285,30.32,1.96,0.33,4288.7001953125,0.38,-0.53150000005,0.81,-0.049,-0.684792
2022-02-25,1.1261,1.3407,0.00864902266043937,1.0782833728703904,27.59,1.97,0.33,4384.64990234375,0.38,-0.53150000005,0.81,-0.049,-0.684792
2022-02-28,1.1224,1.3419,0.008687342541916427,1.0894432944765224,30.15,1.83,0.37,4373.93994140625,0.38,-0.53150000005,0.81,-0.049,-0.684792
2022-03-01,1.1103,1.3318,0.008705493166187864,1.0886131069018072,33.32,1.72,0.32,4306.259765625,0.73,-0.495434782608696,0.99,-0.049,-0.682174347826087
2022-03-02,1.1102,1.3365,0.008651267410675664,1.0850694444444444,30.74,1.86,0.33,4386.5400390625,0.73,-0.495434782608696,0.99,-0.049,-0.682174347826087
2022-03-03,1.1053,1.3326,0.00864528399757932,1.086484137331595,30.48,1.86,0.37,4363.490234375,0.73,-0.495434782608696,0.99,-0.049,-0.682174347826087
2022-03-04,1.0912,1.3214,0.00872219799389446,1.0889687465969726,31.98,1.74,0.33,4328.8701171875,0.73,-0.495434782608696,0.99,-0.049,-0.682174347826087
2022-03-07,1.086,1.3115,0.008664760419374404,1.079097874177188,36.45,1.78,0.38,4201.08984375,0.73,-0.495434782608696,0.99,-0.049,-0.682174347826087
2022-03-08,1.0881,1.3101,0.008647526807333102,1.075037626316921,35.13,1.86,0.36,4170.7001953125,0.73,-0.495434782608696,0.99,-0.049,-0.682174347826087
2022-03-09,1.1069,1.316,0.00863036161215155,1.079447322970639,32.45,1.94,0.38,4277.8798828125,0.73,-0.495434782608696,0.99,-0.049,-0.682174347826087
2022-03-10,1.1007,1.3108,0.008616975441619991,1.0759629868732516,30.23,1.98,0.38,4259.52001953125,0.73,-0.495434782608696,0.99,-0.049,-0.682174347826087
2022-03-11,1.0937,1.3063,0.008541168431841476,1.0722710701265281,30.75,2.0,0.39,4204.31005859375,0.73,-0.495434782608696,0.99,-0.049,-0.682174347826087
2022-03-14,1.0979,1.3044,0.00847457627118644,1.068604402650139,31.77,2.14,0.45,4173.10986328125,0.73,-0.495434782608696,0.99,-0.049,-0.682174347826087
2022-03-15,1.0974,1.3065,0.008460952703274389,1.0621348911311737,29.83,2.15,0.46,4262.4501953125,0.73,-0.495434782608696,0.99,-0.049,-0.682174347826087
2022-03-16,1.0996,1.3096,0.008440243079000674,1.0622477161674102,26.67,2.19,0.43,4357.85986328125,0.73,-0.495434782608696,0.99,-0.049,-0.682174347826087
2022-03-17,1.111,1.3159,0.008442380751371886,1.0696331158412664,25.67,2.2,0.4,4411.669921875,0.73,-0.495434782608696,0.99,-0.049,-0.682174347826087
2022-03-18,1.1044,1.3169,0.00839137366786943,1.071007818357074,23.87,2.14,0.41,4463.1201171875,0.73,-0.495434782608696,0.99,-0.049,-0.682174347826087
2022-03-21,1.1048,1.3201,0.00839278220730172,1.074922068150059,23.53,2.32,0.55,4461.18017578125,0.73,-0.495434782608696,0.99,-0.049,-0.682174347826087
2022-03-22,1.1022,1.3258,0.00828775070445881,1.0723860589812333,22.94,2.38,0.51,4511.60986328125,0.73,-0.495434782608696,0.99,-0.049,-0.682174347826087
2022-03-23,1.1001,1.3212,0.008263097008758883,1.073191672032625,23.57,2.32,0.5,4456.240234375,0.73,-0.495434782608696,0.99,-0.049,-0.682174347826087
2022-03-24,1.1006,1.3183,0.0081913499344692,1.0743446497636442,21.67,2.34,0.5,4520.16015625,0.73,-0.495434782608696,0.99,-0.049,-0.682174347826087
2022-03-25,1.0985,1.3193,0.008198065256599442,1.0743446497636442,20.81,2.48,0.53,4543.06005859375,0.73,-0.495434782608696,0.99,-0.049,-0.682174347826087
2022-03-28,1.0977,1.3091,0.008113590263691683,1.0702054794520548,19.63,2.46,0.6,4575.52001953125,0.73,-0.495434782608696,0.99,-0.049,-0.682174347826087
2022-03-29,1.1104,1.3125,0.008155941603458118,1.074922068150059,18.9,2.41,0.56,4631.60009765625,0.73,-0.495434782608696,0.99,-0.049,-0.682174347826087
2022-03-30,1.1163,1.3149,0.008198737394441257,1.0830715910321673,19.33,2.35,0.55,4602.4501953125,0.73,-0.495434782608696,0.99,-0.049,-0.682174347826087
2022-03-31,1.1093,1.3152,0.008234519104084322,1.0856584518510477,20.56,2.32,0.51,4530.41015625,0.73,-0.495434782608696,0.99,-0.049,-0.682174347826087
2022-04-01,1.1043,1.3114,0.008156606851549756,1.08038029386344,19.63,2.39,0.52,4545.85986328125,0.91,-0.447894736842105,1.13,-0.049,-0.6725
2022-04-04,1.0992,1.3116,0.008149959250203748,1.08038029386344,18.57,2.42,0.67,4582.64013671875,0.91,-0.447894736842105,1.13,-0.049,-0.6725
2022-04-05,1.0921,1.3101,0.008098477486232589,1.076194575979337,21.03,2.54,0.65,4525.1201171875,0.91,-0.447894736842105,1.13,-0.049,-0.6725
2022-04-06,1.0913,1.3082,0.008084074373484237,1.0723860589812333,22.1,2.61,0.67,4481.14990234375,0.91,-0.447894736842105,1.13,-0.049,-0.6725
2022-04-07,1.09,1.306,0.008077544426494346,1.0715816545220747,21.55,2.66,0.68,4500.2099609375,0.91,-0.447894736842105,1.13,-0.049,-0.6725
2022-04-08,1.0874,1.3032,0.008044405116241654,1.0714668381013608,21.16,2.72,0.69,4488.27978515625,0.91,-0.447894736842105,1.13,-0.049,-0.6725
2022-04-11,1.0875,1.3033,0.007964954201513342,1.0743446497636442,24.37,2.79,0.78,4412.52978515625,0.91,-0.447894736842105,1.13,-0.049,-0.6725
2022-04-12,1.0852,1.3031,0.007984031936127744,1.075037626316921,24.26,2.72,0.74,4397.4501953125,0.91,-0.447894736842105,1.13,-0.049,-0.6725
2022-04-13,1.0874,1.3072,0.007967492630069318,1.0712372790573113,21.82,2.7,0.75,4446.58984375,0.91,-0.447894736842105,1.13,-0.049,-0.6725
2022-04-14,1.0796,1.3052,0.007941550190597205,1.0608953957139826,22.7,2.83,0.78,4392.58984375,0.91,-0.447894736842105,1.13,-0.049,-0.6725
2022-04-15,1.0812,1.3066,0.00791702953052015,1.060332944544587,,,,,0.91,-0.447894736842105,1.13,-0.049,-0.6725
2022-04-18,1.0785,1.3019,0.007888301648655045,1.0592098294672174,22.17,2.85,0.82,4391.68994140625,0.91,-0.447894736842105,1.13,-0.049,-0.6725
2022-04-19,1.0789,1.3009,0.007779074290159471,1.054629824931449,21.37,2.93,0.82,4462.2099609375,0.91,-0.447894736842105,1.13,-0.049,-0.6725
2022-04-20,1.0857,1.3055,0.007827175954915467,1.056077727320731,20.32,2.85,0.82,4459.4501953125,0.91,-0.447894736842105,1.13,-0.049,-0.6725
2022-04-21,1.0839,1.3042,0.007774840615767376,1.0489877268435959,22.68,2.9,0.82,4393.66015625,0.91,-0.447894736842105,1.13,-0.049,-0.6725
2022-04-22,1.079,1.2848,0.007765180928715639,1.043079169708981,28.21,2.9,0.82,4271.77978515625,0.91,-0.447894736842105,1.13,-0.049,-0.6725
2022-04-25,1.0703,1.2698,0.007833307222309259,1.0432968179447053,27.02,2.81,0.93,4296.1201171875,0.91,-0.447894736842105,1.13,-0.049,-0.6725
2022-04-26,1.0661,1.2617,0.007851142341210647,1.040582726326743,33.52,2.77,0.84,4175.2001953125,0.91,-0.447894736842105,1.13,-0.049,-0.6725
2022-04-27,1.0549,1.2547,0.0077857365306758025,1.0314595152140278,31.6,2.82,0.82,4183.9599609375,0.91,-0.447894736842105,1.13,-0.049,-0.6725
2022-04-28,1.05,1.2443,0.0076370856881014205,1.0283833813245578,29.99,2.85,0.81,4287.5,0.91,-0.447894736842105,1.13,-0.049,-0.6725
2022-04-29,1.0537,1.2565,0.007701786814540973,1.0284891494394734,33.4,2.89,0.83,4131.93017578125,0.91,-0.447894736842105,1.13,-0.049,-0.6725
2022-05-02,1.0521,1.2523,0.007681671531725303,1.0235414534288638,32.34,2.99,0.9,4155.3798828125,1.33,-0.385727272727273,1.31,-0.049,-0.685
2022-05-03,1.0532,1.251,0.0076869859328157425,1.0219724067450178,29.25,2.97,0.9,4175.47998046875,1.33,-0.385727272727273,1.31,-0.049,-0.685
2022-05-04,1.0539,1.2487,0.007694083249980765,1.0173974972021569,25.42,2.93,0.88,4300.169921875,1.33,-0.385727272727273,1.31,-0.049,-0.685
2022-05-05,1.0507,1.2334,0.007668123610152596,1.0127607859023697,31.2,3.05,0.84,4146.8701171875,1.33,-0.385727272727273,1.31,-0.049,-0.685
2022-05-06,1.0572,1.2344,0.007671653241273495,1.0144045445323595,30.19,3.12,0.84,4123.33984375,1.33,-0.385727272727273,1.31,-0.049,-0.685
2022-05-09,1.0559,1.2335,0.007670476336580501,1.0073536818777071,34.75,3.05,0.92,3991.239990234375,1.33,-0.385727272727273,1.31,-0.049,-0.685
2022-05-10,1.0531,1.2313,0.007679901697258275,1.005126143330988,32.99,2.99,0.89,4001.050048828125,1.33,-0.385727272727273,1.31,-0.049,-0.685
2022-05-11,1.0537,1.2317,0.007680491551459294,1.009387301907742,32.56,2.91,0.9,3935.179931640625,1.33,-0.385727272727273,1.31,-0.049,-0.685
2022-05-12,1.0376,1.2198,0.0078064012490242,0.9996001599360256,31.77,2.84,0.95,3930.080078125,1.33,-0.385727272727273,1.31,-0.049,-0.685
2022-05-13,1.041,1.2242,0.00773814129846011,0.9986019572598361,28.87,2.93,1.01,4023.889892578125,1.33,-0.385727272727273,1.31,-0.049,-0.685
2022-05-16,1.042,1.227,0.007742934572202865,0.997207818109294,27.47,2.88,1.07,4008.010009765625,1.33,-0.385727272727273,1.31,-0.049,-0.685
2022-05-17,1.0532,1.2468,0.007733353955610548,1.006947940791461,26.1,2.98,1.06,4088.85009765625,1.33,-0.385727272727273,1.31,-0.049,-0.685
2022-05-18,1.0494,1.2396,0.007799095304944627,1.0098969905069684,30.96,2.89,1.02,3923.679931640625,1.33,-0.385727272727273,1.31,-0.049,-0.685
2022-05-19,1.0587,1.2504,0.007835762419683435,1.0278548668927947,29.35,2.84,1.04,3900.7900390625,1.33,-0.385727272727273,1.31,-0.049,-0.685
2022-05-20,1.0559,1.2492,0.00782105427811669,1.0257462303826033,29.43,2.78,1.01,3901.360107421875,1.33,-0.385727272727273,1.31,-0.049,-0.685
2022-05-23,1.0668,1.2571,0.007825950853028642,1.0347682119205297,28.48,2.86,1.07,3973.75,1.33,-0.385727272727273,1.31,-0.049,-0.685
2022-05-24,1.0744,1.2544,0.007901390644753476,1.0419922892570594,29.45,2.76,1.05,3941.47998046875,1.33,-0.385727272727273,1.31,-0.049,-0.685
2022-05-25,1.0658,1.2539,0.007854842510407667,1.0376673238559717,28.37,2.75,1.05,3978.72998046875,1.33,-0.385727272727273,1.31,-0.049,-0.685
2022-05-26,1.0725,1.2582,0.007859781498074354,1.0422094841063054,27.5,2.75,1.06,4057.840087890625,1.33,-0.385727272727273,1.31,-0.049,-0.685
2022-05-27,1.0709,1.2613,0.007865345288658171,1.0443864229765012,25.72,2.74,1.06,4158.240234375,1.33,-0.385727272727273,1.31,-0.049,-0.685
2022-05-30,,,,,26.54,,,,1.33,-0.385727272727273,1.31,-0.049,-0.685
2022-05-31,1.0731,1.2624,0.007780284758422159,1.044932079414838,26.19,2.85,1.13,4132.14990234375,1.33,-0.385727272727273,1.31,-0.049,-0.685
2022-06-01,1.0646,1.2472,0.0076869859328157425,1.0369141435089175,25.69,2.94,1.12,4101.22998046875,1.87,-0.239227272727273,1.57,0.005,-0.508571428571429
2022-06-02,1.0733,1.2557,0.007702380035430947,1.042535446205171,24.72,2.92,1.13,4176.81982421875,1.87,-0.239227272727273,1.57,0.005,-0.508571428571429
2022-06-03,1.0721,1.2496,0.007650524060898171,1.0389610389610389,24.79,2.96,1.17,4108.5400390625,1.87,-0.239227272727273,1.57,0.005,-0.508571428571429
2022-06-06,1.0699,1.2544,0.007601672367920942,1.0319917440660475,25.07,3.04,1.23,4121.43017578125,1.87,-0.239227272727273,1.57,0.005,-0.508571428571429
2022-06-07,1.0697,1.2594,0.007545461404964914,1.027643613194944,24.02,2.98,1.24,4160.68017578125,1.87,-0.239227272727273,1.57,0.005,-0.508571428571429
2022-06-08,1.074,1.2557,0.007459346561241235,1.0256410256410258,23.96,3.03,1.25,4115.77001953125,1.87,-0.239227272727273,1.57,0.005,-0.508571428571429
2022-06-09,1.0656,1.2511,0.007459346561241235,1.022704029453876,26.09,3.04,1.26,4017.820068359375,1.87,-0.239227272727273,1.57,0.005,-0.508571428571429
2022-06-10,1.0521,1.233,0.007452120128176466,1.0115314586283632,27.75,3.15,1.34,3900.860107421875,1.87,-0.239227272727273,1.57,0.005,-0.508571428571429
2022-06-13,1.0436,1.217,0.007456009543692216,1.0034115994380894,34.02,3.43,1.69,3749.6298828125,1.87,-0.239227272727273,1.57,0.005,-0.508571428571429
2022-06-14,1.0416,1.2011,0.007413447994662318,0.998402555910543,32.69,3.49,1.78,3735.47998046875,1.87,-0.239227272727273,1.57,0.005,-0.508571428571429
2022-06-15,1.0388,1.2057,0.007434944237918215,0.9979044007584074,29.62,3.33,1.69,3789.989990234375,1.87,-0.239227272727273,1.57,0.005,-0.508571428571429
2022-06-16,1.0531,1.2341,0.007595898214963919,1.034875297526648,32.95,3.28,1.54,3666.77001953125,1.87,-0.239227272727273,1.57,0.005,-0.508571428571429
2022-06-17,1.0473,1.2201,0.007399733609590056,1.0291242152927857,31.13,3.25,1.58,3674.840087890625,1.87,-0.239227272727273,1.57,0.005,-0.508571428571429
2022-06-20,,,,,31.03,,,,1.87,-0.239227272727273,1.57,0.005,-0.508571428571429
2022-06-21,1.0548,1.2277,0.007339449541284404,1.0351966873706004,30.19,3.31,1.66,3764.7900390625,1.87,-0.239227272727273,1.57,0.005,-0.508571428571429
2022-06-22,1.0583,1.228,0.007350238882763689,1.0400416016640666,28.95,3.16,1.57,3759.889892578125,1.87,-0.239227272727273,1.57,0.005,-0.508571428571429
2022-06-23,1.0503,1.224,0.007422802850356295,1.0410160316468873,29.05,3.09,1.59,3795.72998046875,1.87,-0.239227272727273,1.57,0.005,-0.508571428571429
2022-06-24,1.0539,1.2273,0.007395355716609969,1.0450412791305257,27.23,3.13,1.66,3911.739990234375,1.87,-0.239227272727273,1.57,0.005,-0.508571428571429
2022-06-27,1.0601,1.2305,0.007393168712110011,1.0470107842110774,26.95,3.2,1.75,3900.110107421875,1.87,-0.239227272727273,1.57,0.005,-0.508571428571429
2022-06-28,1.0534,1.22,0.007342683016374183,1.045696957021855,28.36,3.2,1.75,3821.550048828125,1.87,-0.239227272727273,1.57,0.005,-0.508571428571429
2022-06-29,1.0477,1.2151,0.007326007326007326,1.0481081647626036,28.16,3.1,1.73,3818.830078125,1.87,-0.239227272727273,1.57,0.005,-0.508571428571429
2022-06-30,1.0469,1.2162,0.00736973984818336,1.0471204188481675,28.71,2.98,1.66,3785.3798828125,1.87,-0.239227272727273,1.57,0.005,-0.508571428571429
2022-07-01,1.0409,1.2048,0.007402472425790214,1.039176971838304,26.7,2.88,1.66,3825.330078125,2.5,0.0366190476190476,1.84,-0.031,-0.11
2022-07-04,,,,,27.53,,,,2.5,0.0366190476190476,1.84,-0.031,-0.11
2022-07-05,1.0254,1.1932,0.0073681108163866785,1.0319917440660475,27.54,2.82,1.86,3831.389892578125,2.5,0.0366190476190476,1.84,-0.031,-0.11
2022-07-06,1.0173,1.1907,0.007371369600471768,1.0294420424130122,26.73,2.93,1.85,3845.080078125,2.5,0.0366190476190476,1.84,-0.031,-0.11
2022-07-07,1.0159,1.1994,0.0073534818736671805,1.027326895418122,26.08,3.01,1.89,3902.6201171875,2.5,0.0366190476190476,1.84,-0.031,-0.11
2022-07-08,1.0178,1.2036,0.007344300822561692,1.0230179028132993,24.64,3.09,1.91,3899.3798828125,2.5,0.0366190476190476,1.84,-0.031,-0.11
2022-07-11,1.0088,1.1907,0.007283851700779373,1.0210332856851132,26.17,2.99,2.13,3854.429931640625,2.5,0.0366190476190476,1.84,-0.031,-0.11
2022-07-12,1.0069,1.1905,0.0073163593795727245,1.019160211985324,27.29,2.96,2.16,3818.800048828125,2.5,0.0366190476190476,1.84,-0.031,-0.11
2022-07-13,1.0081,1.1919,0.0072811999417504,1.0220768601798855,26.82,2.91,2.33,3801.780029296875,2.5,0.0366190476190476,1.84,-0.031,-0.11
2022-07-14,1.0028,1.1827,0.007197351374694113,1.0173974972021569,26.4,2.96,2.33,3790.3798828125,2.5,0.0366190476190476,1.84,-0.031,-0.11
2022-07-15,1.0089,1.1857,0.007216569242981887,1.0229132569558101,24.23,2.93,2.29,3863.159912109375,2.5,0.0366190476190476,1.84,-0.031,-0.11
2022-07-18,1.016,1.1989,0.00723431961224047,1.0241704219582137,25.3,2.96,2.44,3830.85009765625,2.5,0.0366190476190476,1.84,-0.031,-0.11
2022-07-19,1.0238,1.2022,0.007249528780629259,1.0327377878756583,24.5,3.01,2.46,3936.68994140625,2.5,0.0366190476190476,1.84,-0.031,-0.11
2022-07-20,1.0217,1.1989,0.007237984944991315,1.0287007509515482,23.88,3.04,2.44,3959.89990234375,2.5,0.0366190476190476,1.84,-0.031,-0.11
2022-07-21,1.0197,1.1968,0.007249528780629259,1.0316723408645414,23.11,2.91,2.4,3998.949951171875,2.5,0.0366190476190476,1.84,-0.031,-0.11
2022-07-22,1.0225,1.2019,0.007346459006758742,1.040257983980027,23.03,2.77,2.41,3961.6298828125,2.5,0.0366190476190476,1.84,-0.031,-0.11
2022-07-25,1.0211,1.2042,0.007314218841427736,1.0361620557455187,23.36,2.81,2.55,3966.840087890625,2.5,0.0366190476190476,1.84,-0.031,-0.11
2022-07-26,1.0116,1.2036,0.007319572536963841,1.0379904504878554,24.69,2.81,2.48,3921.050048828125,2.5,0.0366190476190476,1.84,-0.031,-0.11
2022-07-27,1.0108,1.2027,0.00728279076542131,1.0362694300518136,23.24,2.78,2.37,4023.610107421875,2.5,0.0366190476190476,1.84,-0.031,-0.11
2022-07-28,1.0163,1.2126,0.007437709185570845,1.0451505016722409,22.33,2.68,2.35,4072.429931640625,2.5,0.0366190476190476,1.84,-0.031,-0.11
2022-07-29,1.0202,1.2183,0.0075046904315197,1.0511931041732365,21.33,2.67,2.34,4130.2900390625,2.5,0.0366190476190476,1.84,-0.031,-0.11
2022-08-01,1.027,1.2278,0.007587253414264036,1.0541851149061776,22.84,2.6,2.48,4118.6298828125,2.76,0.394739130434783,2.23,-0.02,-0.0245454545454545
2022-08-02,1.0194,1.2218,0.007557436517533253,1.047888504663104,23.93,2.75,2.48,4091.18994140625,2.76,0.394739130434783,2.23,-0.02,-0.0245454545454545
2022-08-03,1.0146,1.2132,0.007452675510508272,1.0384215991692627,21.95,2.73,2.44,4155.169921875,2.76,0.394739130434783,2.23,-0.02,-0.0245454545454545
2022-08-04,1.0221,1.2141,0.007503001200480192,1.0454783063251438,21.44,2.68,2.41,4151.93994140625,2.76,0.394739130434783,2.23,-0.02,-0.0245454545454545
2022-08-05,1.017,1.2061,0.007389344565137072,1.0378827192527245,21.15,2.83,2.48,4145.18994140625,2.76,0.394739130434783,2.23,-0.02,-0.0245454545454545
2022-08-08,1.0207,1.2098,0.007422251911229868,1.0476689366160292,21.29,2.77,2.57,4140.06005859375,2.76,0.394739130434783,2.23,-0.02,-0.0245454545454545
2022-08-09,1.0226,1.2089,0.007410151908114117,1.0498687664041995,21.77,2.8,2.58,4122.47021484375,2.76,0.394739130434783,2.23,-0.02,-0.0245454545454545
2022-08-10,1.0337,1.2245,0.00754261577915221,1.0626992561105209,19.74,2.78,2.56,4210.240234375,2.76,0.394739130434783,2.23,-0.02,-0.0245454545454545
2022-08-11,1.0338,1.223,0.007538067239559777,1.0648493238206793,20.2,2.87,2.52,4207.27001953125,2.76,0.394739130434783,2.23,-0.02,-0.0245454545454545
2022-08-12,1.0257,1.2132,0.007486711087819122,1.0604453870625663,19.53,2.84,2.53,4280.14990234375,2.76,0.394739130434783,2.23,-0.02,-0.0245454545454545
2022-08-15,1.0186,1.209,0.007511454968827462,1.0583130489998942,19.95,2.79,2.63,4297.14013671875,2.76,0.394739130434783,2.23,-0.02,-0.0245454545454545
2022-08-16,1.0174,1.209,0.00744158356898348,1.051967178624027,19.69,2.82,2.61,4305.2001953125,2.76,0.394739130434783,2.23,-0.02,-0.0245454545454545
2022-08-17,1.0164,1.203,0.007385524372230428,1.0485477613505296,19.9,2.89,2.59,4274.0400390625,2.76,0.394739130434783,2.23,-0.02,-0.0245454545454545
2022-08-18,1.0114,1.197,0.007391529307413705,1.0475591870940708,19.56,2.88,2.61,4283.740234375,2.76,0.394739130434783,2.23,-0.02,-0.0245454545454545
2022-08-19,1.0039,1.181,0.00729873731844391,1.0427528675703859,20.6,2.98,2.64,4228.47998046875,2.76,0.394739130434783,2.23,-0.02,-0.0245454545454545
2022-08-22,0.9936,1.1752,0.007269026677327906,1.0360547036883547,23.8,3.03,2.74,4137.990234375,2.76,0.394739130434783,2.23,-0.02,-0.0245454545454545
2022-08-23,0.9976,1.1844,0.007333528894103842,1.0382059800664452,24.11,3.05,2.71,4128.72998046875,2.76,0.394739130434783,2.23,-0.02,-0.0245454545454545
2022-08-24,0.9967,1.1802,0.007303534910896875,1.0347682119205297,22.82,3.11,2.73,4140.77001953125,2.76,0.394739130434783,2.23,-0.02,-0.0245454545454545
2022-08-25,0.9959,1.1803,0.007308338814587444,1.0364842454394694,21.78,3.03,2.78,4199.1201171875,2.76,0.394739130434783,2.23,-0.02,-0.0245454545454545
2022-08-26,0.9998,1.1778,0.007295542423579194,1.0378827192527245,25.56,3.04,2.78,4057.659912109375,2.76,0.394739130434783,2.23,-0.02,-0.0245454545454545
2022-08-29,1.0,1.1718,0.00720772668300418,1.0322047894302229,26.21,3.12,2.89,4030.610107421875,2.76,0.394739130434783,2.23,-0.02,-0.0245454545454545
2022-08-30,1.0018,1.1651,0.007208246233691344,1.0260619741432382,26.21,3.11,2.88,3986.159912109375,2.76,0.394739130434783,2.23,-0.02,-0.0245454545454545
2022-08-31,1.0065,1.1647,0.007210325185665873,1.0258514567090686,25.87,3.15,2.87,3955.0,2.76,0.394739130434783,2.23,-0.02,-0.0245454545454545
2022-09-01,0.995,1.1541,0.00714643035803616,1.0164667615368976,25.56,3.26,2.88,3966.85009765625,3.21,1.01086363636364,2.91,-0.016,0.1475
2022-09-02,1.003,1.1582,0.0071413268585303145,1.0203040506070808,25.47,3.2,2.85,3924.260009765625,3.21,1.01086363636364,2.91,-0.016,0.1475
2022-09-05,,,,,25.99,,,,3.21,1.01086363636364,2.91,-0.016,0.1475
2022-09-06,0.9914,1.1549,0.006995452955578874,1.0163634515702815,26.91,3.33,2.96,3908.18994140625,3.21,1.01086363636364,2.91,-0.016,0.1475
2022-09-07,0.9942,1.1473,0.006925687374471917,1.0195758564437194,24.64,3.27,2.98,3979.8701171875,3.21,1.01086363636364,2.91,-0.016,0.1475
2022-09-08,0.9956,1.1489,0.006942034015966677,1.0281719103434095,23.61,3.29,2.97,4006.179931640625,3.21,1.01086363636364,2.91,-0.016,0.1475
2022-09-09,1.0046,1.16,0.007020499859590003,1.0412328196584757,22.79,3.33,2.98,4067.360107421875,3.21,1.01086363636364,2.91,-0.016,0.1475
2022-09-12,1.0129,1.1701,0.007021978793624043,1.0505305179115454,23.87,3.37,3.09,4110.41015625,3.21,1.01086363636364,2.91,-0.016,0.1475
2022-09-13,0.9997,1.1526,0.00693000693000693,1.0407993338884263,27.27,3.42,3.19,3932.68994140625,3.21,1.01086363636364,2.91,-0.016,0.1475
2022-09-14,0.9993,1.1564,0.006996431819771916,1.0403662089055348,26.16,3.41,3.14,3946.010009765625,3.21,1.01086363636364,2.91,-0.016,0.1475
2022-09-15,0.9991,1.1472,0.0069652434352580625,1.0409076714895389,26.27,3.45,3.12,3901.35009765625,3.21,1.01086363636364,2.91,-0.016,0.1475
2022-09-16,1.0013,1.1419,0.006991051454138703,1.036591686534674,26.3,3.45,3.1,3873.330078125,3.21,1.01086363636364,2.91,-0.016,0.1475
2022-09-19,1.0003,1.1403,0.0069764197014092364,1.034875297526648,25.76,3.49,3.29,3899.889892578125,3.21,1.01086363636364,2.91,-0.016,0.1475
2022-09-20,0.9994,1.1405,0.0069618490671122255,1.038637307852098,27.16,3.57,3.26,3855.929931640625,3.21,1.01086363636364,2.91,-0.016,0.1475
2022-09-21,0.988,1.133,0.006937699458859443,1.0360547036883547,27.99,3.51,3.21,3789.929931640625,3.21,1.01086363636364,2.91,-0.016,0.1475
2022-09-22,0.9841,1.1269,0.007034327518289252,1.0197838058331634,27.35,3.7,3.19,3757.989990234375,3.21,1.01086363636364,2.91,-0.016,0.1475
2022-09-23,0.9719,1.0921,0.006984215672579969,1.0187449062754685,29.92,3.69,3.12,3693.22998046875,3.21,1.01086363636364,2.91,-0.016,0.1475
2022-09-26,0.9623,1.0703,0.006922810661128419,1.0076582023377672,32.26,3.88,3.3,3655.0400390625,3.21,1.01086363636364,2.91,-0.016,0.1475
2022-09-27,0.9616,1.0753,0.006910372469076083,1.0105092966855296,32.6,3.97,3.26,3647.2900390625,3.21,1.01086363636364,2.91,-0.016,0.1475
2022-09-28,0.9681,1.0832,0.006937218175511619,1.025010250102501,30.18,3.72,3.29,3719.0400390625,3.21,1.01086363636364,2.91,-0.016,0.1475
2022-09-29,0.9774,1.1048,0.006922810661128419,1.0206164523372117,31.84,3.76,3.26,3640.469970703125,3.21,1.01086363636364,2.91,-0.016,0.1475
2022-09-30,0.9783,1.1134,0.006910372469076083,1.015744032503809,31.62,3.83,3.22,3585.6201171875,3.21,1.01086363636364,2.91,-0.016,0.1475
2022-10-03,0.9809,1.1272,0.006920415224913495,1.0071507704703393,30.1,3.67,3.34,3678.429931640625,3.85,1.42766666666667,3.39,-0.016,0.52875
2022-10-04,0.9977,1.1446,0.006929046563192905,1.0197838058331634,29.07,3.62,3.32,3790.929931640625,3.85,1.42766666666667,3.39,-0.016,0.52875
2022-10-05,0.9866,1.1275,0.0069094175361017075,1.0164667615368976,28.55,3.76,3.33,3783.280029296875,3.85,1.42766666666667,3.39,-0.016,0.52875
2022-10-06,0.9806,1.1133,0.006899406651028011,1.0102030508132134,30.52,3.83,3.32,3744.52001953125,3.85,1.42766666666667,3.39,-0.016,0.52875
2022-10-07,0.9785,1.1116,0.00688752668916592,1.0086746015735324,31.36,3.89,3.31,3639.659912109375,3.85,1.42766666666667,3.39,-0.016,0.52875
2022-10-10,,,,,32.45,,,3612.389892578125,3.85,1.42766666666667,3.39,-0.016,0.52875
2022-10-11,0.9757,1.1168,0.006870491240123669,1.0060362173038229,33.63,3.93,3.53,3588.840087890625,3.85,1.42766666666667,3.39,-0.016,0.52875
2022-10-12,0.9692,1.1096,0.006808742425274052,1.002004008016032,33.57,3.91,3.56,3577.030029296875,3.85,1.42766666666667,3.39,-0.016,0.52875
2022-10-13,0.978,1.1344,0.0067957866123003734,1.0013016921998599,31.94,3.97,3.64,3669.909912109375,3.85,1.42766666666667,3.39,-0.016,0.52875
2022-10-14,0.9739,1.1208,0.006735821096591674,0.9951238929246692,32.02,4.0,3.65,3583.070068359375,3.85,1.42766666666667,3.39,-0.016,0.52875
2022-10-17,0.9843,1.1427,0.006724497343823549,1.0047221943132725,31.37,4.02,3.82,3677.949951171875,3.85,1.42766666666667,3.39,-0.016,0.52875
2022-10-18,0.9842,1.1307,0.006701065469409637,1.003814495081309,30.5,4.01,3.89,3719.97998046875,3.85,1.42766666666667,3.39,-0.016,0.52875
2022-10-19,0.978,1.1232,0.0066769045870334505,0.9961151509114453,30.76,4.14,3.91,3695.159912109375,3.85,1.42766666666667,3.39,-0.016,0.52875
2022-10-20,0.9823,1.1288,0.006674676278200508,0.9997000899730081,29.98,4.24,3.91,3665.780029296875,3.85,1.42766666666667,3.39,-0.016,0.52875
2022-10-21,0.9855,1.1292,0.006832934745473181,1.001903616872057,29.69,4.21,3.9,3752.75,3.85,1.42766666666667,3.39,-0.016,0.52875
2022-10-24,0.9874,1.1295,0.006722237160527024,0.99930048965724,29.85,4.25,4.0,3797.340087890625,3.85,1.42766666666667,3.39,-0.016,0.52875
2022-10-25,0.9959,1.1469,0.006763611768684478,1.0039152695512499,28.46,4.1,3.97,3859.110107421875,3.85,1.42766666666667,3.39,-0.016,0.52875
2022-10-26,1.0068,1.1615,0.006825938566552901,1.0136847440446022,27.28,4.04,3.94,3830.60009765625,3.85,1.42766666666667,3.39,-0.016,0.52875
2022-10-27,0.9985,1.1574,0.006848376934666484,1.0102030508132134,27.39,3.96,3.95,3807.300048828125,3.85,1.42766666666667,3.39,-0.016,0.52875
2022-10-28,0.9934,1.1573,0.006771397616468039,1.0032102728731942,25.75,4.02,3.99,3901.06005859375,3.85,1.42766666666667,3.39,-0.016,0.52875
2022-10-31,0.9885,1.1515,0.00672811680010765,0.9994003597841296,25.88,4.1,4.06,3871.97998046875,3.85,1.42766666666667,3.39,-0.016,0.52875
2022-11-01,0.9871,1.146,0.006751738572682465,1.0005002501250624,25.81,4.07,4.06,3856.10009765625,4.46,1.82522727272727,3.52,-0.016,0.54
2022-11-02,0.9875,1.1467,0.006797634423220718,1.001201441730076,25.86,4.1,4.04,3759.68994140625,4.46,1.82522727272727,3.52,-0.016,0.54
2022-11-03,0.9759,1.1183,0.00674854906195168,0.9870693909781859,25.3,4.14,4.06,3719.889892578125,4.46,1.82522727272727,3.52,-0.016,0.54
2022-11-04,0.9895,1.1279,0.006792555359326179,1.001903616872057,24.55,4.17,4.02,3770.550048828125,4.46,1.82522727272727,3.52,-0.016,0.54
2022-11-07,0.9997,1.1463,0.006819421713038735,1.0094891984655763,24.35,4.22,4.12,3806.800048828125,4.46,1.82522727272727,3.52,-0.016,0.54
2022-11-08,1.0089,1.1595,0.006878525244187647,1.016053647632595,25.54,4.14,4.1,3828.110107421875,4.46,1.82522727272727,3.52,-0.016,0.54
2022-11-09,1.0037,1.1396,0.006842285323297981,1.01667344448963,26.09,4.12,4.11,3748.570068359375,4.46,1.82522727272727,3.52,-0.016,0.54
2022-11-10,1.0176,1.1677,0.0070531809846240655,1.0339123242349049,23.53,3.82,4.09,3956.3701171875,4.46,1.82522727272727,3.52,-0.016,0.54
2022-11-11,,,,,22.52,,,3992.929931640625,4.46,1.82522727272727,3.52,-0.016,0.54
2022-11-14,1.0337,1.1728,0.007120985544399345,1.0607828577490188,23.73,3.88,4.16,3957.25,4.46,1.82522727272727,3.52,-0.016,0.54
2022-11-15,1.0372,1.189,0.007175660160734787,1.058873358746294,24.54,3.8,4.14,3991.72998046875,4.46,1.82522727272727,3.52,-0.016,0.54
2022-11-16,1.0395,1.1889,0.0071638369510709935,1.0587612493382743,24.11,3.67,4.14,3958.7900390625,4.46,1.82522727272727,3.52,-0.016,0.54
2022-11-17,1.0341,1.1812,0.00711997152011392,1.0482180293501049,23.93,3.77,4.13,3946.56005859375,4.46,1.82522727272727,3.52,-0.016,0.54
2022-11-18,1.0349,1.1902,0.0071413268585303145,1.0501995379122033,23.12,3.82,4.15,3965.340087890625,4.46,1.82522727272727,3.52,-0.016,0.54
2022-11-21,1.0238,1.1785,0.007044734061289187,1.0431879824744419,22.36,3.83,4.23,3949.93994140625,4.46,1.82522727272727,3.52,-0.016,0.54
2022-11-22,1.0276,1.188,0.007077641729775639,1.0492078480747036,21.29,3.76,4.21,4003.580078125,4.46,1.82522727272727,3.52,-0.016,0.54
2022-11-23,1.0364,1.204,0.007155123068116772,1.0602205258693809,20.35,3.71,4.21,4027.260009765625,4.46,1.82522727272727,3.52,-0.016,0.54
2022-11-24,,,,,20.42,,,,4.46,1.82522727272727,3.52,-0.016,0.54
2022-11-25,1.0402,1.2102,0.007183391997701314,1.057194206575748,20.5,3.68,4.22,4026.1201171875,4.46,1.82522727272727,3.52,-0.016,0.54
2022-11-28,1.0386,1.2041,0.007211365111415592,1.0567473317129874,22.21,3.69,4.3,3963.93994140625,4.46,1.82522727272727,3.52,-0.016,0.54
2022-11-29,1.0356,1.1996,0.007231703789412786,1.051967178624027,21.89,3.75,4.27,3957.6298828125,4.46,1.82522727272727,3.52,-0.016,0.54
2022-11-30,1.0323,1.1962,0.007178235589692054,1.0541851149061776,20.58,3.68,4.27,4080.110107421875,4.46,1.82522727272727,3.52,-0.016,0.54
2022-12-01,1.0498,1.2252,0.007377351530800442,1.0664391596459422,19.84,3.53,4.22,4076.570068359375,4.51,2.06347619047619,3.78,-0.015,0.736349047619048
2022-12-02,1.0521,1.2292,0.007413447994662318,1.0673497705197994,19.06,3.51,4.22,4071.699951171875,4.51,2.06347619047619,3.78,-0.015,0.736349047619048
2022-12-05,1.0494,1.2169,0.0073233247894544115,1.0614584439019212,20.75,3.6,4.27,3998.840087890625,4.51,2.06347619047619,3.78,-0.015,0.736349047619048
2022-12-06,1.0497,1.2202,0.0073168947098851255,1.06315118009781,22.17,3.51,4.27,3941.260009765625,4.51,2.06347619047619,3.78,-0.015,0.736349047619048
2022-12-07,1.0505,1.2194,0.007322252324815114,1.0637166258908626,22.68,3.42,4.2,3933.919921875,4.51,2.06347619047619,3.78,-0.015,0.736349047619048
2022-12-08,1.0552,1.2235,0.007328691828508612,1.068604402650139,22.29,3.48,4.17,3963.510009765625,4.51,2.06347619047619,3.78,-0.015,0.736349047619048
2022-12-09,1.055,1.2311,0.007331378299120234,1.0729613733905579,22.83,3.57,4.19,3934.3798828125,4.51,2.06347619047619,3.78,-0.015,0.736349047619048
2022-12-12,1.0545,1.2285,0.007274314395868189,1.0688328345446771,25.0,3.61,4.29,3990.56005859375,4.51,2.06347619047619,3.78,-0.015,0.736349047619048
2022-12-13,1.063,1.2375,0.007399733609590056,1.0789814415192058,22.55,3.51,4.26,4019.64990234375,4.51,2.06347619047619,3.78,-0.015,0.736349047619048
2022-12-14,1.0655,1.2408,0.007410151908114117,1.082485386447283,21.14,3.49,4.23,3995.320068359375,4.51,2.06347619047619,3.78,-0.015,0.736349047619048
2022-12-15,1.0638,1.2206,0.007250580046403713,1.0766580534022394,22.83,3.44,4.22,3895.75,4.51,2.06347619047619,3.78,-0.015,0.736349047619048
2022-12-16,1.061,1.2168,0.0073233247894544115,1.0725010725010724,22.62,3.48,4.2,3852.360107421875,4.51,2.06347619047619,3.78,-0.015,0.736349047619048
2022-12-19,1.0624,1.218,0.007306202966318404,1.074922068150059,22.42,3.57,4.28,3817.659912109375,4.51,2.06347619047619,3.78,-0.015,0.736349047619048
2022-12-20,1.0635,1.2146,0.007628928898382666,1.0800302408467437,21.48,3.69,4.25,3821.6201171875,4.51,2.06347619047619,3.78,-0.015,0.736349047619048
2022-12-21,1.0599,1.2072,0.007555152614082804,1.0779346771585643,20.07,3.68,4.22,3878.43994140625,4.51,2.06347619047619,3.78,-0.015,0.736349047619048
2022-12-22,1.0588,1.2032,0.00755629439322956,1.0741138560687433,21.97,3.67,4.24,3822.389892578125,4.51,2.06347619047619,3.78,-0.015,0.736349047619048
2022-12-23,1.0621,1.2054,0.007531254707034192,1.0712372790573113,20.87,3.75,4.23,3844.820068359375,4.51,2.06347619047619,3.78,-0.015,0.736349047619048
2022-12-26,,,,,,,,,4.51,2.06347619047619,3.78,-0.015,0.736349047619048
2022-12-27,1.0654,1.2032,0.007494566439331485,1.0770059235325795,21.65,3.84,4.35,3829.25,4.51,2.06347619047619,3.78,-0.015,0.736349047619048
2022-12-28,1.0622,1.2034,0.007447680047665152,1.0781671159029649,22.14,3.88,4.35,3783.219970703125,4.51,2.06347619047619,3.78,-0.015,0.736349047619048
2022-12-29,1.0668,1.206,0.007509762691498949,1.0830715910321673,21.44,3.83,4.34,3849.280029296875,4.51,2.06347619047619,3.78,-0.015,0.736349047619048
2022-12-30,1.0698,1.2077,0.007586677793794097,1.0821339681852613,21.67,3.88,4.3,3839.5,4.51,2.06347619047619,3.78,-0.015,0.736349047619048
2023-01-02,,,,,,,,,4.61,2.34486363636364,4.01,-0.006,0.986904761904762
2023-01-03,1.0559,1.197,0.007643506840938622,1.067463706233988,22.9,3.79,4.4,3824.139892578125,4.61,2.34486363636364,4.01,-0.006,0.986904761904762
2023-01-04,1.062,1.2063,0.007575757575757576,1.07863229425089,22.01,3.69,4.41,3852.969970703125,4.61,2.34486363636364,4.01,-0.006,0.986904761904762
2023-01-05,1.0522,1.1902,0.007486711087819122,1.0679196924391285,22.46,3.71,4.51,3808.10009765625,4.61,2.34486363636364,4.01,-0.006,0.986904761904762
2023-01-06,1.0619,1.2064,0.00756372437788367,1.0760787689658884,21.13,3.55,4.51,3895.080078125,4.61,2.34486363636364,4.01,-0.006,0.986904761904762
2023-01-09,1.0759,1.2206,0.007599939200486396,1.0893246187363834,21.97,3.53,4.55,3892.090087890625,4.61,2.34486363636364,4.01,-0.006,0.986904761904762
2023-01-10,1.0737,1.2155,0.007561436672967864,1.0840108401084012,20.58,3.61,4.57,3919.25,4.61,2.34486363636364,4.01,-0.006,0.986904761904762
2023-01-11,1.074,1.2125,0.00754261577915221,1.0753844499408538,21.09,3.54,4.57,3969.610107421875,4.61,2.34486363636364,4.01,-0.006,0.986904761904762
2023-01-12,1.0823,1.2182,0.007707129094412331,1.0766580534022394,18.83,3.43,4.5,3983.169921875,4.61,2.34486363636364,4.01,-0.006,0.986904761904762
2023-01-13,1.0811,1.2194,0.007821666014861166,1.077121930202499,18.35,3.49,4.51,3999.090087890625,4.61,2.34486363636364,4.01,-0.006,0.986904761904762
2023-01-16,,,,,19.49,,,,4.61,2.34486363636364,4.01,-0.006,0.986904761904762
2023-01-17,1.0793,1.2264,0.007801529099703541,1.0851871947911014,19.36,3.53,4.56,3990.969970703125,4.61,2.34486363636364,4.01,-0.006,0.986904761904762
2023-01-18,1.0827,1.2369,0.007785130400934217,1.0940919037199124,20.34,3.37,4.54,3928.860107421875,4.61,2.34486363636364,4.01,-0.006,0.986904761904762
2023-01-19,1.081,1.2366,0.0077833125778331265,1.0914647456887143,20.52,3.39,4.55,3898.85009765625,4.61,2.34486363636364,4.01,-0.006,0.986904761904762
2023-01-20,1.0831,1.2374,0.007694083249980765,1.0844810758052272,19.85,3.48,4.57,3972.610107421875,4.61,2.34486363636364,4.01,-0.006,0.986904761904762
2023-01-23,1.0865,1.237,0.007651694850409366,1.0833062506770663,19.81,3.52,4.58,4019.81005859375,4.61,2.34486363636364,4.01,-0.006,0.986904761904762
2023-01-24,1.0873,1.2323,0.007688167909587146,1.0834236186348862,19.2,3.46,4.57,4016.949951171875,4.61,2.34486363636364,4.01,-0.006,0.986904761904762
2023-01-25,1.0901,1.2374,0.007713668620796052,1.0870746820306554,19.08,3.46,4.56,4016.219970703125,4.61,2.34486363636364,4.01,-0.006,0.986904761904762
2023-01-26,1.0866,1.237,0.007668711656441718,1.0857763300760044,18.73,3.49,4.55,4060.429931640625,4.61,2.34486363636364,4.01,-0.006,0.986904761904762
2023-01-27,1.0857,1.2379,0.007695859627520394,1.0848340203948796,18.51,3.52,4.57,4070.56005859375,4.61,2.34486363636364,4.01,-0.006,0.986904761904762
2023-01-30,1.0867,1.2373,0.007672241829062452,1.0833062506770663,19.94,3.55,4.59,4017.77001953125,4.61,2.34486363636364,4.01,-0.006,0.986904761904762
2023-01-31,1.0858,1.2324,0.007682261657832067,1.0886131069018072,19.4,3.52,4.58,4076.60009765625,4.61,2.34486363636364,4.01,-0.006,0.986904761904762
2023-02-01,1.0917,1.2308,0.007735746886361878,1.0932546190007653,17.87,3.39,4.54,4119.2099609375,4.74,2.64035,4.21,0.001,1.0
2023-02-02,1.0918,1.226,0.007785130400934217,1.0964912280701753,18.73,3.4,4.53,4179.759765625,4.74,2.64035,4.21,0.001,1.0
2023-02-03,1.0825,1.2073,0.0076295109483482115,1.081081081081081,18.33,3.53,4.57,4136.47998046875,4.74,2.64035,4.21,0.001,1.0
2023-02-06,1.0722,1.2009,0.0075323892738776745,1.0778184953653804,19.43,3.63,4.59,4111.080078125,4.74,2.64035,4.21,0.001,1.0
2023-02-07,1.0705,1.2013,0.0076120879957372305,1.0823682216690118,18.66,3.67,4.59,4164.0,4.74,2.64035,4.21,0.001,1.0
2023-02-08,1.0734,1.2093,0.007617886798202178,1.087192868014786,19.63,3.63,4.59,4117.85986328125,4.74,2.64035,4.21,0.001,1.0
2023-02-09,1.0761,1.2157,0.007634753397465262,1.0879025239338556,20.71,3.67,4.64,4081.5,4.74,2.64035,4.21,0.001,1.0
2023-02-10,1.067,1.2061,0.0076045627376425855,1.0815487778498811,20.53,3.74,4.66,4090.4599609375,4.74,2.64035,4.21,0.001,1.0
2023-02-13,1.0718,1.2136,0.007535227187099691,1.0861301183881829,20.34,3.72,4.68,4137.2900390625,4.74,2.64035,4.21,0.001,1.0
2023-02-14,1.0722,1.2157,0.00751597143930853,1.0841283607979184,18.91,3.77,4.67,4136.1298828125,4.74,2.64035,4.21,0.001,1.0
2023-02-15,1.0683,1.2031,0.007450454477723141,1.082485386447283,18.23,3.81,4.66,4147.60009765625,4.74,2.64035,4.21,0.001,1.0
2023-02-16,1.0684,1.2018,0.007465472191116089,1.0816657652785289,20.17,3.86,4.7,4090.409912109375,4.74,2.64035,4.21,0.001,1.0
2023-02-17,1.0678,1.2012,0.007451009611802398,1.0792143319663285,20.02,3.82,4.7,4079.090087890625,4.74,2.64035,4.21,0.001,1.0
2023-02-20,,,,,21.23,,,,4.74,2.64035,4.21,0.001,1.0
2023-02-21,1.0657,1.2111,0.007414547341884778,1.079097874177188,22.87,3.95,4.72,3997.340087890625,4.74,2.64035,4.21,0.001,1.0
2023-02-22,1.0623,1.2064,0.007420048972323217,1.0756157900397978,22.29,3.93,4.71,3991.050048828125,4.74,2.64035,4.21,0.001,1.0
2023-02-23,1.0583,1.2016,0.007418397626112759,1.0703200256876806,21.14,3.88,4.71,4012.320068359375,4.74,2.64035,4.21,0.001,1.0
2023-02-24,1.0545,1.1948,0.007333528894103842,1.0638297872340425,21.67,3.95,4.72,3970.0400390625,4.74,2.64035,4.21,0.001,1.0
2023-02-27,1.0596,1.2036,0.00734322220590395,1.0666666666666667,20.95,3.92,4.74,3982.239990234375,4.74,2.64035,4.21,0.001,1.0
2023-02-28,1.0602,1.2093,0.00734807847747814,1.0665529010238908,20.7,3.92,4.72,3970.14990234375,4.74,2.64035,4.21,0.001,1.0
2023-03-01,1.0674,1.2034,0.007362685907819173,1.0653030787258975,20.58,4.01,4.73,3951.389892578125,4.91,2.91056521739131,4.33,-0.008,1.36382260869565
2023-03-02,1.0595,1.1942,0.007307804735457469,1.0615711252653928,19.59,4.08,4.74,3981.35009765625,4.91,2.91056521739131,4.33,-0.008,1.36382260869565
2023-03-03,1.0616,1.1996,0.00734807847747814,1.065984436627225,18.49,3.97,4.74,4045.639892578125,4.91,2.91056521739131,4.33,-0.008,1.36382260869565
2023-03-06,1.0694,1.2048,0.007356727727506804,1.0743446497636442,18.61,3.98,4.76,4048.419921875,4.91,2.91056521739131,4.33,-0.008,1.36382260869565
2023-03-07,1.0573,1.1857,0.007304601899196493,1.0623605651758206,19.59,3.97,4.87,3986.3701171875,4.91,2.91056521739131,4.33,-0.008,1.36382260869565
2023-03-08,1.0549,1.1837,0.007289692374981775,1.06439595529537,19.11,3.98,4.89,3992.010009765625,4.91,2.91056521739131,4.33,-0.008,1.36382260869565
2023-03-09,1.0577,1.1922,0.0073308408474452025,1.0680337498664958,22.61,3.93,4.87,3918.320068359375,4.91,2.91056521739131,4.33,-0.008,1.36382260869565
2023-03-10,1.0659,1.2043,0.007404664938911514,1.08542277216976,24.8,3.7,4.83,3861.590087890625,4.91,2.91056521739131,4.33,-0.008,1.36382260869565
2023-03-13,1.0733,1.216,0.007511454968827462,1.0967317394165386,26.52,3.55,4.7,3855.760009765625,4.91,2.91056521739131,4.33,-0.008,1.36382260869565
2023-03-14,1.0722,1.2146,0.0074443534579021805,1.0944511327569224,23.73,3.64,4.71,3919.2900390625,4.91,2.91056521739131,4.33,-0.008,1.36382260869565
2023-03-15,1.0535,1.2032,0.0075295534974775995,1.0818998160770312,26.14,3.51,4.59,3891.929931640625,4.91,2.91056521739131,4.33,-0.008,1.36382260869565
2023-03-16,1.0622,1.2111,0.007518231711901361,1.0753844499408538,22.99,3.56,4.57,3960.280029296875,4.91,2.91056521739131,4.33,-0.008,1.36382260869565
2023-03-17,1.0647,1.2141,0.007575183698204682,1.077121930202499,25.51,3.39,4.36,3916.639892578125,4.91,2.91056521739131,4.33,-0.008,1.36382260869565
2023-03-20,1.0722,1.2257,0.007599361653621095,1.079097874177188,24.15,3.47,4.65,3951.570068359375,4.91,2.91056521739131,4.33,-0.008,1.36382260869565
2023-03-21,1.0769,1.2195,0.007560293339381567,1.082485386447283,21.38,3.59,4.62,4002.8701171875,4.91,2.91056521739131,4.33,-0.008,1.36382260869565
2023-03-22,1.0792,1.2232,0.007537499057812619,1.0826025765941323,22.26,3.48,4.63,3936.969970703125,4.91,2.91056521739131,4.33,-0.008,1.36382260869565
2023-03-23,1.089,1.2322,0.007634170547370028,1.0934937124111537,22.61,3.38,4.57,3948.719970703125,4.91,2.91056521739131,4.33,-0.008,1.36382260869565
2023-03-24,1.0762,1.2225,0.007654623392529088,1.0892059688487092,21.74,3.38,4.57,3970.989990234375,4.91,2.91056521739131,4.33,-0.008,1.36382260869565
2023-03-27,1.0789,1.2278,0.007605141075366947,1.0913456291607553,20.6,3.53,4.75,3977.530029296875,4.91,2.91056521739131,4.33,-0.008,1.36382260869565
2023-03-28,1.0844,1.2341,0.007635336336565626,1.087192868014786,19.97,3.55,4.64,3971.27001953125,4.91,2.91056521739131,4.33,-0.008,1.36382260869565
2023-03-29,1.0826,1.2313,0.0075363629512397315,1.0875475802066341,19.12,3.57,4.64,4027.81005859375,4.91,2.91056521739131,4.33,-0.008,1.36382260869565
2023-03-30,1.0899,1.2368,0.007535227187099691,1.0940919037199124,19.02,3.55,4.8,4050.830078125,4.91,2.91056521739131,4.33,-0.008,1.36382260869565
2023-03-31,1.0872,1.2369,0.007532956685499058,1.0954102311315588,18.7,3.48,4.68,4109.31005859375,4.91,2.91056521739131,4.33,-0.008,1.36382260869565
2023-04-03,1.0891,1.2403,0.007555723460521345,1.095290251916758,18.55,3.43,4.77,4124.509765625,5.03,3.167,4.52,-0.001,1.45
2023-04-04,1.0951,1.2498,0.007598784194528876,1.1024142872891634,19.0,3.35,4.74,4100.60009765625,5.03,3.167,4.52,-0.001,1.45
2023-04-05,1.0918,1.2469,0.007627183281214246,1.1049723756906078,19.08,3.3,4.72,4090.3798828125,5.03,3.167,4.52,-0.001,1.45
2023-04-06,1.0927,1.2456,0.007594744436849701,1.1061946902654867,18.4,3.3,4.77,4105.02001953125,5.03,3.167,4.52,-0.001,1.45
2023-04-07,1.0913,1.2422,0.007569449701006736,1.105094485578517,,3.39,4.81,,5.03,3.167,4.52,-0.001,1.45
2023-04-10,1.084,1.2358,0.007476635514018692,1.0974539069359086,18.97,3.41,4.94,4109.10986328125,5.03,3.167,4.52,-0.001,1.45
2023-04-11,1.0906,1.2409,0.0074833495472573525,1.1061946902654867,19.1,3.43,4.89,4108.93994140625,5.03,3.167,4.52,-0.001,1.45
2023-04-12,1.0987,1.2471,0.0075046904315197,1.1150758251561106,19.09,3.41,4.87,4091.949951171875,5.03,3.167,4.52,-0.001,1.45
2023-04-13,1.1054,1.2531,0.007554581853894387,1.1268875366238449,17.8,3.45,4.95,4146.22021484375,5.03,3.167,4.52,-0.001,1.45
2023-04-14,1.098,1.2417,0.007477194556602363,1.1166945840312674,17.07,3.52,4.98,4137.64013671875,5.03,3.167,4.52,-0.001,1.45
2023-04-17,1.0915,1.2359,0.00743439149505613,1.1118523460084502,16.95,3.6,5.06,4151.31982421875,5.03,3.167,4.52,-0.001,1.45
2023-04-18,1.0958,1.2419,0.007456565505927969,1.1135857461024499,16.83,3.58,5.04,4154.8701171875,5.03,3.167,4.52,-0.001,1.45
2023-04-19,1.0953,1.2442,0.007418947993174568,1.1130899376669636,16.46,3.6,5.01,4154.52001953125,5.03,3.167,4.52,-0.001,1.45
2023-04-20,1.097,1.2448,0.007457121551081283,1.118067978533095,17.17,3.54,4.97,4129.7900390625,5.03,3.167,4.52,-0.001,1.45
2023-04-21,1.0973,1.2419,0.0074471254095918975,1.1203226529240422,16.77,3.57,4.98,4133.52001953125,5.03,3.167,4.52,-0.001,1.45
2023-04-24,1.1027,1.2457,0.007439922624804703,1.1252391133115787,16.89,3.52,5.04,4137.0400390625,5.03,3.167,4.52,-0.001,1.45
2023-04-25,1.0968,1.2398,0.00746491489997014,1.1204481792717087,18.76,3.4,4.97,4071.6298828125,5.03,3.167,4.52,-0.001,1.45
2023-04-26,1.1052,1.2486,0.007478312892611427,1.1234692731153804,18.84,3.43,5.0,4055.989990234375,5.03,3.167,4.52,-0.001,1.45
2023-04-27,1.1017,1.2471,0.007460459564309162,1.1164452383610584,17.03,3.53,5.03,4135.35009765625,5.03,3.167,4.52,-0.001,1.45
2023-04-28,1.104,1.2582,0.0073534818736671805,1.122208506340478,15.78,3.44,4.95,4169.47998046875,5.03,3.167,4.52,-0.001,1.45
2023-05-01,1.097,1.2495,0.0072806698216235895,1.1159468809284678,16.08,3.59,5.1,4167.8701171875,5.15,3.3664347826087,4.73,-0.019,1.45
2023-05-02,1.0997,1.2475,0.007328154770628755,1.1196954428395476,17.78,3.44,5.08,4119.580078125,5.15,3.3664347826087,4.73,-0.019,1.45
2023-05-03,1.1049,1.2547,0.007390436774813392,1.1272686281140796,18.34,3.38,5.09,4090.75,5.15,3.3664347826087,4.73,-0.019,1.45
2023-05-04,1.1009,1.258,0.007476076555023924,1.1285407967498025,20.09,3.37,5.1,4061.219970703125,5.15,3.3664347826087,4.73,-0.019,1.45
2023-05-05,1.1026,1.265,0.007415647015202077,1.1219566924716706,17.19,3.44,5.1,4136.25,5.15,3.3664347826087,4.73,-0.019,1.45
2023-05-08,1.102,1.2633,0.007416747014759326,1.124353496739375,16.98,3.52,5.15,4138.1201171875,5.15,3.3664347826087,4.73,-0.019,1.45
2023-05-09,1.0953,1.2618,0.007399186089530151,1.1215791834903546,17.71,3.53,5.13,4119.169921875,5.15,3.3664347826087,4.73,-0.019,1.45
2023-05-10,1.0966,1.2614,0.007433838834374071,1.122208506340478,16.94,3.43,5.08,4137.64013671875,5.15,3.3664347826087,4.73,-0.019,1.45
2023-05-11,1.0916,1.2501,0.007437156031533541,1.1169440411035407,16.93,3.39,5.04,4130.6201171875,5.15,3.3664347826087,4.73,-0.019,1.45
2023-05-12,1.0856,1.2464,0.007373000073730001,1.1147029316687103,17.03,3.46,5.08,4124.080078125,5.15,3.3664347826087,4.73,-0.019,1.45
2023-05-15,1.0874,1.2526,0.0073491585213493055,1.117443289753045,17.12,3.5,5.06,4136.27978515625,5.15,3.3664347826087,4.73,-0.019,1.45
2023-05-16,1.0866,1.2494,0.007319572536963841,1.1154489682097044,17.99,3.54,5.07,4109.89990234375,5.15,3.3664347826087,4.73,-0.019,1.45
2023-05-17,1.083,1.2475,0.007272198385571959,1.112099644128114,16.87,3.57,5.1,4158.77001953125,5.15,3.3664347826087,4.73,-0.019,1.45
2023-05-18,1.0776,1.2424,0.007220216606498195,1.105460977227504,16.05,3.65,5.14,4198.0498046875,5.15,3.3664347826087,4.73,-0.019,1.45
2023-05-19,1.0819,1.2464,0.00726374664051718,1.1124707976415618,16.81,3.7,5.12,4191.97998046875,5.15,3.3664347826087,4.73,-0.019,1.45
2023-05-22,1.0806,1.2425,0.00721240533717995,1.1122233344455565,17.21,3.72,5.24,4192.6298828125,5.15,3.3664347826087,4.73,-0.019,1.45
2023-05-23,1.0771,1.2423,0.00720772668300418,1.1093854004881296,18.53,3.7,5.18,4145.580078125,5.15,3.3664347826087,4.73,-0.019,1.45
2023-05-24,1.0758,1.2368,0.007187005893344834,1.103996467211305,20.03,3.73,5.21,4115.240234375,5.15,3.3664347826087,4.73,-0.019,1.45
2023-05-25,1.0725,1.2325,0.0071525641942636435,1.1037527593818983,19.14,3.83,5.21,4151.27978515625,5.15,3.3664347826087,4.73,-0.019,1.45
2023-05-26,1.0713,1.2342,0.00711591830925781,1.1037527593818983,17.95,3.8,5.16,4205.4501953125,5.15,3.3664347826087,4.73,-0.019,1.45
2023-05-29,,,,,17.46,,,,5.15,3.3664347826087,4.73,-0.019,1.45
2023-05-30,1.0722,1.2403,0.007151541157119358,1.1052166224580018,17.46,3.69,5.28,4205.52001953125,5.15,3.3664347826087,4.73,-0.019,1.45
2023-05-31,1.0654,1.2396,0.007154099298898269,1.0954102311315588,17.94,3.64,5.26,4179.830078125,5.15,3.3664347826087,4.73,-0.019,1.45
2023-06-01,1.0752,1.2536,0.00720772668300418,1.1016855789357718,15.65,3.61,5.24,4221.02001953125,5.22,3.53586363636364,5.09,-0.003,1.59045454545455
2023-06-02,1.0724,1.2468,0.007155123068116772,1.1019283746556474,14.6,3.69,5.23,4282.3701171875,5.22,3.53586363636364,5.09,-0.003,1.59045454545455
2023-06-05,1.0721,1.244,0.007161271841879119,1.103996467211305,14.73,3.69,5.2,4273.7900390625,5.22,3.53586363636364,5.09,-0.003,1.59045454545455
2023-06-06,1.0695,1.2418,0.007159733657907927,1.101806963420009,13.96,3.7,5.18,4283.85009765625,5.22,3.53586363636364,5.09,-0.003,1.59045454545455
2023-06-07,1.0702,1.2451,0.007143877696813831,1.1002310485201892,13.94,3.79,5.16,4267.52001953125,5.22,3.53586363636364,5.09,-0.003,1.59045454545455
2023-06-08,1.078,1.2547,0.007203054094936252,1.1107408641563923,13.65,3.73,5.12,4293.93017578125,5.22,3.53586363636364,5.09,-0.003,1.59045454545455
2023-06-09,1.0749,1.2579,0.007176175098672408,1.1079104808331488,13.83,3.75,5.11,4298.85986328125,5.22,3.53586363636364,5.09,-0.003,1.59045454545455
2023-06-12,1.0747,1.2489,0.0071571714858288,1.0990218705352237,15.01,3.73,5.14,4338.93017578125,5.22,3.53586363636364,5.09,-0.003,1.59045454545455
2023-06-13,1.0792,1.2611,0.007142857142857143,1.1046062078868883,14.61,3.84,5.11,4369.009765625,5.22,3.53586363636364,5.09,-0.003,1.59045454545455
2023-06-14,1.0859,1.2696,0.007177205196296561,1.1145786892554614,13.88,3.83,5.1,4372.58984375,5.22,3.53586363636364,5.09,-0.003,1.59045454545455
2023-06-15,1.0933,1.2762,0.0071179443376752785,1.120197154699227,14.5,3.72,5.07,4425.83984375,5.22,3.53586363636364,5.09,-0.003,1.59045454545455
2023-06-16,1.0925,1.2815,0.007051191651389085,1.1181930001118192,13.54,3.77,5.09,4409.58984375,5.22,3.53586363636364,5.09,-0.003,1.59045454545455
2023-06-19,,,,,14.19,,,,5.22,3.53586363636364,5.09,-0.003,1.59045454545455
2023-06-20,1.09,1.2732,0.0070691361515622785,1.1119759813188035,13.88,3.74,5.14,4388.7099609375,5.22,3.53586363636364,5.09,-0.003,1.59045454545455
2023-06-21,1.0951,1.2737,0.007037792948131466,1.1173184357541899,13.2,3.72,5.15,4365.68994140625,5.22,3.53586363636364,5.09,-0.003,1.59045454545455
2023-06-22,1.0953,1.275,0.006998390370214851,1.1152001784320285,12.91,3.8,5.15,4381.89013671875,5.22,3.53586363636364,5.09,-0.003,1.59045454545455
2023-06-23,1.0887,1.2701,0.006955070246209487,1.1137097672346585,13.44,3.74,5.15,4348.330078125,5.22,3.53586363636364,5.09,-0.003,1.59045454545455
2023-06-26,1.091,1.2724,0.006966213862765586,1.11781801922647,14.25,3.72,5.24,4328.81982421875,5.22,3.53586363636364,5.09,-0.003,1.59045454545455
2023-06-27,1.0961,1.2752,0.006944444444444444,1.1184431271669835,13.74,3.77,5.19,4378.41015625,5.22,3.53586363636364,5.09,-0.003,1.59045454545455
2023-06-28,1.0904,1.2637,0.0069333703113083275,1.1142061281337048,13.43,3.71,5.18,4376.85986328125,5.22,3.53586363636364,5.09,-0.003,1.59045454545455
2023-06-29,1.0881,1.2617,0.006909894969596462,1.1130899376669636,13.54,3.85,5.2,4396.43994140625,5.22,3.53586363636364,5.09,-0.003,1.59045454545455
2023-06-30,1.092,1.2709,0.006921852287672181,1.1176930814798256,13.59,3.81,5.17,4450.3798828125,5.22,3.53586363636364,5.09,-0.003,1.59045454545455
2023-07-03,1.0919,1.2695,0.006920415224913495,1.1165698972755695,13.57,3.86,5.21,4455.58984375,5.35,3.67180952380952,5.49,-0.003,1.72
2023-07-04,,,,,13.7,,,,5.35,3.67180952380952,5.49,-0.003,1.72
2023-07-05,1.0868,1.271,0.00691754288876591,1.1135857461024499,14.18,3.95,5.21,4446.81982421875,5.35,3.67180952380952,5.49,-0.003,1.72
2023-07-06,1.0873,1.2721,0.006940106877645916,1.1154489682097044,15.44,4.05,5.23,4411.58984375,5.35,3.67180952380952,5.49,-0.003,1.72
2023-07-07,1.0964,1.2838,0.007031854299978904,1.1252391133115787,14.83,4.06,5.22,4398.9501953125,5.35,3.67180952380952,5.49,-0.003,1.72
2023-07-10,1.0991,1.2837,0.007064142413111048,1.1275228323373547,15.07,4.01,5.25,4409.52978515625,5.35,3.67180952380952,5.49,-0.003,1.72
2023-07-11,1.0992,1.2901,0.007116931179275497,1.135718341851221,14.84,3.99,5.25,4439.259765625,5.35,3.67180952380952,5.49,-0.003,1.72
2023-07-12,1.1123,1.2993,0.007235366471311772,1.152604887044721,13.54,3.86,5.24,4472.16015625,5.35,3.67180952380952,5.49,-0.003,1.72
2023-07-13,1.1194,1.3097,0.007239032865209208,1.1634671320535195,13.61,3.76,5.24,4510.0400390625,5.35,3.67180952380952,5.49,-0.003,1.72
2023-07-14,1.1237,1.3113,0.00720772668300418,1.160631383472609,13.34,3.83,5.25,4505.419921875,5.35,3.67180952380952,5.49,-0.003,1.72
2023-07-17,1.1236,1.3078,0.007198387561186295,1.162520344106022,13.48,3.81,5.26,4522.7900390625,5.35,3.67180952380952,5.49,-0.003,1.72
2023-07-18,1.1223,1.3054,0.007197351374694113,1.1652295502213936,13.3,3.8,5.25,4554.97998046875,5.35,3.67180952380952,5.49,-0.003,1.72
2023-07-19,1.1195,1.2898,0.007155123068116772,1.1630611770179111,13.76,3.75,5.26,4565.72021484375,5.35,3.67180952380952,5.49,-0.003,1.72
2023-07-20,1.1135,1.2849,0.007123014459719354,1.1532695190866105,13.99,3.85,5.26,4534.8701171875,5.35,3.67180952380952,5.49,-0.003,1.72
2023-07-21,1.112,1.2854,0.007054673721340388,1.155001155001155,13.6,3.84,5.27,4536.33984375,5.35,3.67180952380952,5.49,-0.003,1.72
2023-07-24,1.1083,1.2828,0.007082654578936185,1.154201292705448,13.91,3.86,5.28,4554.64013671875,5.35,3.67180952380952,5.49,-0.003,1.72
2023-07-25,1.105,1.2876,0.007096728408203818,1.1568718186024989,13.86,3.91,5.28,4567.4599609375,5.35,3.67180952380952,5.49,-0.003,1.72
2023-07-26,1.1078,1.293,0.007121999857560003,1.1594202898550725,13.19,3.86,5.28,4566.75,5.35,3.67180952380952,5.49,-0.003,1.72
2023-07-27,1.0998,1.287,0.007090689924129618,1.1512779184895232,14.41,4.01,5.28,4537.41015625,5.35,3.67180952380952,5.49,-0.003,1.72
2023-07-28,1.1039,1.287,0.007106310403638431,1.1511453896627144,13.33,3.96,5.28,4582.22998046875,5.35,3.67180952380952,5.49,-0.003,1.72
2023-07-31,1.102,1.2857,0.0070333380222253475,1.1510128913443831,13.63,3.97,5.28,4588.9599609375,5.35,3.67180952380952,5.49,-0.003,1.72
2023-08-01,1.0971,1.275,0.0069764197014092364,1.1411617026132603,13.93,4.05,5.27,4576.72998046875,5.44,3.78030434782609,5.53,-0.003,1.76727272727273
2023-08-02,1.0939,1.2712,0.006982752601075343,1.1390818999886092,16.09,4.08,5.27,4513.39013671875,5.44,3.78030434782609,5.53,-0.003,1.76727272727273
2023-08-03,1.0947,1.2709,0.007021485746383936,1.1439029970258523,15.92,4.2,5.27,4501.89013671875,5.44,3.78030434782609,5.53,-0.003,1.76727272727273
2023-08-04,1.1036,1.2775,0.007052683546089287,1.1477103179157582,17.1,4.05,5.28,4478.02978515625,5.44,3.78030434782609,5.53,-0.003,1.76727272727273
2023-08-07,1.1,1.2769,0.00702000702000702,1.1439029970258523,15.77,4.09,5.29,4518.43994140625,5.44,3.78030434782609,5.53,-0.003,1.76727272727273
2023-08-08,1.0951,1.2729,0.006984703499336453,1.1419435879867534,15.99,4.02,5.3,4499.3798828125,5.44,3.78030434782609,5.53,-0.003,1.76727272727273
2023-08-09,1.0975,1.2715,0.006964758322886195,1.1402508551881414,15.96,4.0,5.28,4467.7099609375,5.44,3.78030434782609,5.53,-0.003,1.76727272727273
2023-08-10,1.1016,1.2726,0.006925207756232687,1.1446886446886446,15.85,4.09,5.28,4468.830078125,5.44,3.78030434782609,5.53,-0.003,1.76727272727273
2023-08-11,1.0957,1.2694,0.006899406651028011,1.140901312036509,14.84,4.16,5.28,4464.0498046875,5.44,3.78030434782609,5.53,-0.003,1.76727272727273
2023-08-14,1.0922,1.2691,0.006882312456985546,1.1396011396011396,14.82,4.19,5.29,4489.72021484375,5.44,3.78030434782609,5.53,-0.003,1.76727272727273
2023-08-15,1.0928,1.2745,0.0068775790921595595,1.1403808872163301,16.46,4.21,5.29,4437.85986328125,5.44,3.78030434782609,5.53,-0.003,1.76727272727273
2023-08-16,1.0904,1.2749,0.006858240175570948,1.1381743683132255,16.78,4.28,5.29,4404.330078125,5.44,3.78030434782609,5.53,-0.003,1.76727272727273
2023-08-17,1.0874,1.2753,0.006841817186644773,1.1373976342129208,17.89,4.3,5.29,4370.35986328125,5.44,3.78030434782609,5.53,-0.003,1.76727272727273
2023-08-18,1.0875,1.2738,0.006889424733034792,1.1341726210729273,17.3,4.26,5.28,4369.7099609375,5.44,3.78030434782609,5.53,-0.003,1.76727272727273
2023-08-21,1.0888,1.2737,0.006837139340899768,1.1364927832708263,17.13,4.34,5.3,4399.77001953125,5.44,3.78030434782609,5.53,-0.003,1.76727272727273
2023-08-22,1.0846,1.2733,0.006859181013786954,1.1363636363636365,16.97,4.34,5.3,4387.5498046875,5.44,3.78030434782609,5.53,-0.003,1.76727272727273
2023-08-23,1.0862,1.2715,0.006914672935970128,1.1383039271485487,15.98,4.19,5.3,4436.009765625,5.44,3.78030434782609,5.53,-0.003,1.76727272727273
2023-08-24,1.0826,1.2634,0.00686106346483705,1.13314447592068,17.2,4.23,5.31,4376.31005859375,5.44,3.78030434782609,5.53,-0.003,1.76727272727273
2023-08-25,1.0787,1.257,0.006831534362617844,1.1286681715575622,15.68,4.25,5.34,4405.7099609375,5.44,3.78030434782609,5.53,-0.003,1.76727272727273
2023-08-28,1.081,1.2592,0.006830601092896175,1.1322463768115942,15.08,4.2,5.34,4433.31005859375,5.44,3.78030434782609,5.53,-0.003,1.76727272727273
2023-08-29,1.0851,1.2614,0.006848845969454147,1.136621959536258,14.45,4.12,5.33,4497.6298828125,5.44,3.78030434782609,5.53,-0.003,1.76727272727273
2023-08-30,1.0926,1.2726,0.006852131012744964,1.1399908800729595,13.88,4.12,5.32,4514.8701171875,5.44,3.78030434782609,5.53,-0.003,1.76727272727273
2023-08-31,1.0839,1.2667,0.00686436024162548,1.1316057485572026,13.57,4.09,5.32,4507.66015625,5.44,3.78030434782609,5.53,-0.003,1.76727272727273
2023-09-01,1.0787,1.2594,0.006839945280437757,1.1290504685559444,13.09,4.18,5.3,4515.77001953125,5.49,3.88004761904762,5.52,0.024,1.77
2023-09-04,,,,,13.82,,,,5.49,3.88004761904762,5.52,0.024,1.77
2023-09-05,1.0727,1.2583,0.0067736909842173,1.125112511251125,14.01,4.27,5.32,4496.830078125,5.49,3.88004761904762,5.52,0.024,1.77
2023-09-06,1.0714,1.2498,0.006772773450728073,1.1205737337516808,14.45,4.3,5.31,4465.47998046875,5.49,3.88004761904762,5.52,0.024,1.77
2023-09-07,1.0704,1.2485,0.00679671039217019,1.120197154699227,14.4,4.27,5.3,4451.14013671875,5.49,3.88004761904762,5.52,0.024,1.77
2023-09-08,1.0709,1.2476,0.006770480704129994,1.120197154699227,13.84,4.26,5.31,4457.490234375,5.49,3.88004761904762,5.52,0.024,1.77
2023-09-11,1.0744,1.2529,0.006827802813054759,1.122334455667789,13.8,4.29,5.32,4487.4599609375,5.49,3.88004761904762,5.52,0.024,1.77
2023-09-12,1.0726,1.2477,0.006797172376291462,1.1219566924716706,14.23,4.27,5.32,4461.89990234375,5.49,3.88004761904762,5.52,0.024,1.77
2023-09-13,1.0737,1.2488,0.00678195998643608,1.1204481792717087,13.48,4.25,5.31,4467.43994140625,5.49,3.88004761904762,5.52,0.024,1.77
2023-09-14,1.066,1.241,0.006794863083508868,1.117443289753045,12.82,4.29,5.31,4505.10009765625,5.49,3.88004761904762,5.52,0.024,1.77
2023-09-15,1.0673,1.2392,0.0067645268213488464,1.1160714285714286,13.79,4.33,5.32,4450.31982421875,5.49,3.88004761904762,5.52,0.024,1.77
2023-09-18,1.0695,1.2403,0.0067736909842173,1.1155734047300312,14.0,4.32,5.31,4453.52978515625,5.49,3.88004761904762,5.52,0.024,1.77
2023-09-19,1.0684,1.2393,0.006765899864682002,1.1137097672346585,14.11,4.37,5.31,4443.9501953125,5.49,3.88004761904762,5.52,0.024,1.77
2023-09-20,1.0715,1.2389,0.006768647624204684,1.1169440411035407,15.14,4.35,5.33,4402.2001953125,5.49,3.88004761904762,5.52,0.024,1.77
2023-09-21,1.0664,1.2299,0.006783340116673451,1.1070519207350824,17.54,4.49,5.33,4330.0,5.49,3.88004761904762,5.52,0.024,1.77
2023-09-22,1.066,1.2257,0.006745817593092282,1.1032656663724625,17.2,4.44,5.32,4320.06005859375,5.49,3.88004761904762,5.52,0.024,1.77
2023-09-25,1.0591,1.2218,0.00672314105149926,1.0964912280701753,16.9,4.55,5.35,4337.43994140625,5.49,3.88004761904762,5.52,0.024,1.77
2023-09-26,1.0573,1.2168,0.006715916722632639,1.0936132983377078,18.94,4.56,5.34,4273.52978515625,5.49,3.88004761904762,5.52,0.024,1.77
2023-09-27,1.051,1.2133,0.0066898581750066905,1.087192868014786,18.22,4.61,5.34,4274.509765625,5.49,3.88004761904762,5.52,0.024,1.77
2023-09-28,1.0578,1.2223,0.006703311435849309,1.0928961748633879,17.34,4.59,5.32,4299.7001953125,5.49,3.88004761904762,5.52,0.024,1.77
2023-09-29,1.0584,1.2214,0.006692096633875393,1.0939722131057872,17.52,4.59,5.32,4288.0498046875,5.49,3.88004761904762,5.52,0.024,1.77
2023-10-02,1.05,1.213,0.006675567423230974,1.0897994768962511,17.61,4.69,5.35,4288.39013671875,5.46,3.96763636363636,5.4,-0.012,1.77
2023-10-03,1.0453,1.2069,0.006704210244033253,1.0838933448948624,19.78,4.81,5.35,4229.4501953125,5.46,3.96763636363636,5.4,-0.012,1.77
2023-10-04,1.0518,1.2157,0.006719075455217362,1.0917030567685588,18.58,4.73,5.34,4263.75,5.46,3.96763636363636,5.4,-0.012,1.77
2023-10-05,1.0527,1.2171,0.006734460233012323,1.0939722131057872,18.49,4.72,5.34,4258.18994140625,5.46,3.96763636363636,5.4,-0.012,1.77
2023-10-06,1.0596,1.2255,0.006707807888382076,1.1010790574763267,17.45,4.78,5.36,4308.5,5.46,3.96763636363636,5.4,-0.012,1.77
2023-10-09,,,,,17.7,,,4335.66015625,5.46,3.96763636363636,5.4,-0.012,1.77
2023-10-10,1.0618,1.2288,0.006728569506122998,1.1063170704723972,17.03,4.66,5.34,4358.240234375,5.46,3.96763636363636,5.4,-0.012,1.77
2023-10-11,1.062,1.2304,0.006703760809814306,1.10803324099723,16.09,4.58,5.34,4376.9501953125,5.46,3.96763636363636,5.4,-0.012,1.77
2023-10-12,1.0553,1.2214,0.0066795805223431965,1.1032656663724625,16.69,4.7,5.35,4349.60986328125,5.46,3.96763636363636,5.4,-0.012,1.77
2023-10-13,1.0502,1.2139,0.00668359844940516,1.1088933244621866,19.32,4.63,5.35,4327.77978515625,5.46,3.96763636363636,5.4,-0.012,1.77
2023-10-16,1.0546,1.2198,0.006685832720465334,1.1102475852115021,17.21,4.71,5.34,4373.6298828125,5.46,3.96763636363636,5.4,-0.012,1.77
2023-10-17,1.0593,1.2206,0.0066795805223431965,1.1117287381878822,17.88,4.83,5.35,4373.2001953125,5.46,3.96763636363636,5.4,-0.012,1.77
2023-10-18,1.0532,1.215,0.0066728947017216066,1.1129660545353368,19.22,4.91,5.34,4314.60009765625,5.46,3.96763636363636,5.4,-0.012,1.77
2023-10-19,1.057,1.2145,0.006670224119530417,1.1165698972755695,21.4,4.98,5.33,4278.0,5.46,3.96763636363636,5.4,-0.012,1.77
2023-10-20,1.0592,1.2153,0.0066733400066733405,1.1213276519398967,21.71,4.93,5.31,4224.16015625,5.46,3.96763636363636,5.4,-0.012,1.77
2023-10-23,1.0646,1.2235,0.006676458806249165,1.121201928467317,20.37,4.86,5.32,4217.0400390625,5.46,3.96763636363636,5.4,-0.012,1.77
2023-10-24,1.0595,1.217,0.006673785371062466,1.119194180190263,18.97,4.83,5.31,4247.68017578125,5.46,3.96763636363636,5.4,-0.012,1.77
2023-10-25,1.0583,1.214,0.006669334400426837,1.1171936096525528,20.19,4.95,5.32,4186.77001953125,5.46,3.96763636363636,5.4,-0.012,1.77
2023-10-26,1.0532,1.2113,0.006647168306301516,1.1117287381878822,20.68,4.86,5.32,4137.22998046875,5.46,3.96763636363636,5.4,-0.012,1.77
2023-10-27,1.0592,1.2151,0.0066844919786096255,1.108524553818867,21.27,4.84,5.32,4117.3701171875,5.46,3.96763636363636,5.4,-0.012,1.77
2023-10-30,1.062,1.2157,0.006710958996040534,1.1090163025396473,19.75,4.88,5.33,4166.81982421875,5.46,3.96763636363636,5.4,-0.012,1.77
2023-10-31,1.0568,1.2135,0.006602403274792024,1.0989010989010988,18.14,4.88,5.33,4193.7998046875,5.46,3.96763636363636,5.4,-0.012,1.77
2023-11-01,1.0538,1.2127,0.006624271330153682,1.0985389432055366,16.87,4.77,5.31,4237.85986328125,5.41,3.97163636363636,5.36,0.024,1.73181818181818
2023-11-02,1.0618,1.2175,0.006645401382243488,1.1036309458117206,15.66,4.67,5.28,4317.77978515625,5.41,3.97163636363636,5.36,0.024,1.73181818181818
2023-11-03,1.0733,1.2374,0.006695232994108194,1.1130899376669636,14.91,4.57,5.27,4358.33984375,5.41,3.97163636363636,5.36,0.024,1.73181818181818
2023-11-06,1.0747,1.2391,0.0066769045870334505,1.114951499609767,14.89,4.67,5.29,4365.97998046875,5.41,3.97163636363636,5.36,0.024,1.73181818181818
2023-11-07,1.0687,1.2296,0.006645843025187745,1.1104941699056081,14.81,4.58,5.28,4378.3798828125,5.41,3.97163636363636,5.36,0.024,1.73181818181818
2023-11-08,1.0715,1.2301,0.006632619221330503,1.1135857461024499,14.45,4.49,5.28,4382.77978515625,5.41,3.97163636363636,5.36,0.024,1.73181818181818
2023-11-09,1.071,1.2279,0.006620762711864407,1.1116051578479325,15.29,4.62,5.27,4347.35009765625,5.41,3.97163636363636,5.36,0.024,1.73181818181818
2023-11-10,,,,,14.17,4.61,5.26,4415.240234375,5.41,3.97163636363636,5.36,0.024,1.73181818181818
2023-11-13,1.07,1.2268,0.006598046978094484,1.1093854004881296,14.76,4.63,5.28,4411.5498046875,5.41,3.97163636363636,5.36,0.024,1.73181818181818
2023-11-14,1.0861,1.2483,0.006633499170812604,1.1229646266142617,14.16,4.44,5.26,4495.7001953125,5.41,3.97163636363636,5.36,0.024,1.73181818181818
2023-11-15,1.0853,1.2431,0.0066194479380419675,1.127141568981064,14.18,4.53,5.26,4502.8798828125,5.41,3.97163636363636,5.36,0.024,1.73181818181818
2023-11-16,1.0851,1.2423,0.006640547181087721,1.1258725512272012,14.32,4.45,5.25,4508.240234375,5.41,3.97163636363636,5.36,0.024,1.73181818181818
2023-11-17,1.0879,1.243,0.006674676278200508,1.1273957158962795,13.8,4.44,5.25,4514.02001953125,5.41,3.97163636363636,5.36,0.024,1.73181818181818
2023-11-20,1.0945,1.2505,0.006744907594765952,1.1310937676733401,13.41,4.42,5.27,4547.3798828125,5.41,3.97163636363636,5.36,0.024,1.73181818181818
2023-11-21,1.0923,1.254,0.00676223965377333,1.1323745895142112,13.35,4.41,5.26,4538.18994140625,5.41,3.97163636363636,5.36,0.024,1.73181818181818
2023-11-22,1.0871,1.2468,0.006681365671143183,1.1295606009262398,12.85,4.42,5.27,4556.6201171875,5.41,3.97163636363636,5.36,0.024,1.73181818181818
2023-11-23,,,,,12.8,,,,5.41,3.97163636363636,5.36,0.024,1.73181818181818
2023-11-24,1.0934,1.2601,0.006685832720465334,1.1340440009072352,12.46,4.47,5.28,4559.33984375,5.41,3.97163636363636,5.36,0.024,1.73181818181818
2023-11-27,1.0937,1.2613,0.0067163677883000875,1.1349449551696742,12.69,4.39,5.28,4550.43017578125,5.41,3.97163636363636,5.36,0.024,1.73181818181818
2023-11-28,1.1007,1.2713,0.006783800284919612,1.1411617026132603,12.69,4.34,5.27,4554.89013671875,5.41,3.97163636363636,5.36,0.024,1.73181818181818
2023-11-29,1.0969,1.269,0.006784720808738721,1.1425959780621573,12.98,4.27,5.25,4550.580078125,5.41,3.97163636363636,5.36,0.024,1.73181818181818
2023-11-30,1.0908,1.264,0.006762696963549063,1.146131805157593,12.92,4.37,5.25,4567.7998046875,5.41,3.97163636363636,5.36,0.024,1.73181818181818
2023-12-01,1.0878,1.2682,0.006802721088435374,1.1486331265793706,12.63,4.22,5.23,4594.6298828125,5.32,3.93309523809524,5.22,0.052,1.6525
2023-12-04,1.0824,1.2633,0.0067957866123003734,1.145475372279496,13.08,4.28,5.26,4569.77978515625,5.32,3.93309523809524,5.22,0.052,1.6525
2023-12-05,1.0787,1.259,0.006790710308298248,1.1415525114155252,12.85,4.18,5.25,4567.18017578125,5.32,3.93309523809524,5.22,0.052,1.6525
2023-12-06,1.079,1.2589,0.0067953248165262305,1.1440338634023568,12.97,4.12,5.25,4549.33984375,5.32,3.93309523809524,5.22,0.052,1.6525
2023-12-07,1.0794,1.2582,0.006939625260235948,1.1418131993605847,13.06,4.14,5.24,4585.58984375,5.32,3.93309523809524,5.22,0.052,1.6525
2023-12-08,1.0746,1.2539,0.006902263942573164,1.1350737797956867,12.35,4.23,5.24,4604.3701171875,5.32,3.93309523809524,5.22,0.052,1.6525
2023-12-11,1.0747,1.255,0.006830134553650707,1.137009664582149,12.63,4.23,5.26,4622.43994140625,5.32,3.93309523809524,5.22,0.052,1.6525
2023-12-12,1.079,1.2549,0.006875214850464078,1.1419435879867534,12.07,4.2,5.26,4643.7001953125,5.32,3.93309523809524,5.22,0.052,1.6525
2023-12-13,1.0793,1.2527,0.006888475580354068,1.141422212076247,12.19,4.04,5.24,4707.08984375,5.32,3.93309523809524,5.22,0.052,1.6525
2023-12-14,1.0997,1.2767,0.007065639793683318,1.1575413821044103,12.48,3.92,5.23,4719.5498046875,5.32,3.93309523809524,5.22,0.052,1.6525
2023-12-15,1.0906,1.2709,0.007052186177715091,1.1510128913443831,12.28,3.91,5.24,4719.18994140625,5.32,3.93309523809524,5.22,0.052,1.6525
2023-12-18,1.092,1.2632,0.006991051454138703,1.151808339092375,12.56,3.95,5.26,4740.56005859375,5.32,3.93309523809524,5.22,0.052,1.6525
2023-12-19,1.0977,1.2751,0.006962818548948614,1.1615750958299453,12.53,3.93,5.23,4768.3701171875,5.32,3.93309523809524,5.22,0.052,1.6525
2023-12-20,1.0957,1.266,0.006955554009876886,1.1607661056297156,13.67,3.86,5.24,4698.35009765625,5.32,3.93309523809524,5.22,0.052,1.6525
2023-12-21,1.099,1.2668,0.007034327518289252,1.1659088259298123,13.65,3.89,5.22,4746.75,5.32,3.93309523809524,5.22,0.052,1.6525
2023-12-22,1.1008,1.272,0.007012622720897616,1.1676786548341895,13.03,3.9,5.24,4754.6298828125,5.32,3.93309523809524,5.22,0.052,1.6525
2023-12-25,,,,,,,,,5.32,3.93309523809524,5.22,0.052,1.6525
2023-12-26,1.1035,1.2709,0.007018528916339136,1.1693171188026192,12.99,3.89,5.25,4774.75,5.32,3.93309523809524,5.22,0.052,1.6525
2023-12-27,1.1114,1.2797,0.0070397747272087285,1.1880717595342758,12.43,3.79,5.24,4781.580078125,5.32,3.93309523809524,5.22,0.052,1.6525
2023-12-28,1.1073,1.2743,0.007088176920895945,1.1910433539780847,12.47,3.84,5.25,4783.35009765625,5.32,3.93309523809524,5.22,0.052,1.6525
2023-12-29,1.1062,1.2743,0.00709622480840193,1.189767995240928,12.45,3.88,5.2,4769.830078125,5.32,3.93309523809524,5.22,0.052,1.6525
2024-01-01,,,,,,,,,5.26,3.92527272727273,5.2,0.025,1.6852380952381
2024-01-02,1.0957,1.2632,0.007047713017125944,1.1788282447247436,13.2,3.95,5.22,4742.830078125,5.26,3.92527272727273,5.2,0.025,1.6852380952381
2024-01-03,1.0909,1.2641,0.006966213862765586,1.1732957878681216,14.04,3.91,5.24,4704.81005859375,5.26,3.92527272727273,5.2,0.025,1.6852380952381
2024-01-04,1.0957,1.2692,0.006916107614634483,1.1760555098200636,14.13,3.99,5.24,4688.68017578125,5.26,3.92527272727273,5.2,0.025,1.6852380952381
2024-01-05,1.0957,1.274,0.00691945751453086,1.1784115012962526,13.35,4.05,5.24,4697.240234375,5.26,3.92527272727273,5.2,0.025,1.6852380952381
2024-01-08,1.0976,1.2766,0.006949753283758427,1.1811953697141506,13.08,4.01,5.25,4763.5400390625,5.26,3.92527272727273,5.2,0.025,1.6852380952381
2024-01-09,1.0935,1.272,0.006927606511950121,1.1743981209630063,12.76,4.02,5.24,4756.5,5.26,3.92527272727273,5.2,0.025,1.6852380952381
2024-01-10,1.096,1.273,0.00686436024162548,1.1745360582569884,12.69,4.04,5.23,4783.4501953125,5.26,3.92527272727273,5.2,0.025,1.6852380952381
2024-01-11,1.0943,1.2712,0.006847907964116962,1.168770453482936,12.44,3.98,5.23,4780.240234375,5.26,3.92527272727273,5.2,0.025,1.6852380952381
2024-01-12,1.0959,1.2746,0.006903216899074968,1.1732957878681216,12.7,3.96,5.22,4783.830078125,5.26,3.92527272727273,5.2,0.025,1.6852380952381
2024-01-15,,,,,13.25,,,,5.26,3.92527272727273,5.2,0.025,1.6852380952381
2024-01-16,1.0882,1.2657,0.006802258349772125,1.1622501162250116,13.84,4.07,5.22,4765.97998046875,5.26,3.92527272727273,5.2,0.025,1.6852380952381
2024-01-17,1.0858,1.2666,0.006738998584810298,1.1538017768547364,14.79,4.1,5.24,4739.2099609375,5.26,3.92527272727273,5.2,0.025,1.6852380952381
2024-01-18,1.0863,1.2687,0.006749915626054674,1.1514104778353482,14.13,4.14,5.22,4780.93994140625,5.26,3.92527272727273,5.2,0.025,1.6852380952381
2024-01-19,1.0887,1.2677,0.006747183051076176,1.1502185415228894,13.3,4.15,5.22,4839.81005859375,5.26,3.92527272727273,5.2,0.025,1.6852380952381
2024-01-22,1.0895,1.2728,0.006759040216289288,1.1512779184895232,13.19,4.11,5.22,4850.43017578125,5.26,3.92527272727273,5.2,0.025,1.6852380952381
2024-01-23,1.0829,1.2661,0.006731740154830023,1.1470520761642578,12.55,4.14,5.21,4864.60009765625,5.26,3.92527272727273,5.2,0.025,1.6852380952381
2024-01-24,1.0901,1.2754,0.006788405403570701,1.1586142973004288,13.14,4.18,5.21,4868.5498046875,5.26,3.92527272727273,5.2,0.025,1.6852380952381
2024-01-25,1.0837,1.27,0.006770939129257228,1.1528706479133042,13.45,4.14,5.21,4894.16015625,5.26,3.92527272727273,5.2,0.025,1.6852380952381
2024-01-26,1.0866,1.272,0.00675949709341625,1.1580775911986103,13.26,4.15,5.21,4890.97021484375,5.26,3.92527272727273,5.2,0.025,1.6852380952381
2024-01-29,1.0807,1.2681,0.006772773450728073,1.1574074074074074,13.6,4.08,5.22,4927.93017578125,5.26,3.92527272727273,5.2,0.025,1.6852380952381
2024-01-30,1.0844,1.2683,0.006770022341073725,1.1595547309833023,13.31,4.06,5.21,4924.97021484375,5.26,3.92527272727273,5.2,0.025,1.6852380952381
2024-01-31,1.0855,1.2733,0.006837139340899768,1.164551065564225,14.35,3.99,5.22,4845.64990234375,5.26,3.92527272727273,5.2,0.025,1.6852380952381
2024-02-01,1.0865,1.2727,0.006840881105486386,1.1656370206317752,13.88,3.87,5.22,4906.18994140625,5.22,3.92319047619048,5.21,0.027,1.7
2024-02-02,1.0787,1.2627,0.006732193348592972,1.152604887044721,13.85,4.03,5.23,4958.60986328125,5.22,3.92319047619048,5.21,0.027,1.7
2024-02-05,1.0736,1.2532,0.006720881779689496,1.1479738261967627,13.67,4.17,5.22,4942.81005859375,5.22,3.92319047619048,5.21,0.027,1.7
2024-02-06,1.0751,1.2589,0.006755387421468621,1.1491611123879568,13.06,4.09,5.23,4954.22998046875,5.22,3.92319047619048,5.21,0.027,1.7
2024-02-07,1.0769,1.2629,0.006754931099702783,1.1453441759248655,12.83,4.09,5.23,4995.06005859375,5.22,3.92319047619048,5.21,0.027,1.7
2024-02-08,1.0774,1.262,0.006700167504187605,1.1446886446886446,12.79,4.15,5.23,4997.91015625,5.22,3.92319047619048,5.21,0.027,1.7
2024-02-09,1.0782,1.2628,0.006694336591243808,1.1428571428571428,12.93,4.17,5.24,5026.60986328125,5.22,3.92319047619048,5.21,0.027,1.7
2024-02-12,1.0774,1.2631,0.00669478476266988,1.1416828405069073,13.93,4.17,5.23,5021.83984375,5.22,3.92319047619048,5.21,0.027,1.7
2024-02-13,1.072,1.2606,0.006634819532908705,1.128286133363421,15.85,4.31,5.25,4953.169921875,5.22,3.92319047619048,5.21,0.027,1.7
2024-02-14,1.0735,1.2562,0.006644518272425249,1.1296882060551288,14.38,4.27,5.23,5000.6201171875,5.22,3.92319047619048,5.21,0.027,1.7
2024-02-15,1.0761,1.258,0.006658232904987017,1.1353315168029063,14.01,4.24,5.23,5029.72998046875,5.22,3.92319047619048,5.21,0.027,1.7
2024-02-16,1.0769,1.259,0.006651589729945457,1.1346873936230568,14.24,4.3,5.24,5005.56982421875,5.22,3.92319047619048,5.21,0.027,1.7
2024-02-19,,,,,14.71,,,,5.22,3.92319047619048,5.21,0.027,1.7
2024-02-20,1.0814,1.2645,0.006672449456195369,1.1354604292040422,15.42,4.27,5.24,4975.509765625,5.22,3.92319047619048,5.21,0.027,1.7
2024-02-21,1.0818,1.2624,0.006653802648213455,1.1364927832708263,15.34,4.32,5.24,4981.7998046875,5.22,3.92319047619048,5.21,0.027,1.7
2024-02-22,1.0815,1.2649,0.006639224538573895,1.134301270417423,14.54,4.33,5.25,5087.02978515625,5.22,3.92319047619048,5.21,0.027,1.7
2024-02-23,1.0828,1.2678,0.006650704974727321,1.1358473421172195,13.75,4.26,5.26,5088.7998046875,5.22,3.92319047619048,5.21,0.027,1.7
2024-02-26,1.0855,1.2681,0.006631739505272233,1.1362345188046814,13.74,4.28,5.26,5069.52978515625,5.22,3.92319047619048,5.21,0.027,1.7
2024-02-27,1.0857,1.2693,0.006646284726837697,1.1373976342129208,13.43,4.31,5.25,5078.18017578125,5.22,3.92319047619048,5.21,0.027,1.7
2024-02-28,1.0843,1.267,0.006636580833554552,1.1381743683132255,13.84,4.27,5.24,5069.759765625,5.22,3.92319047619048,5.21,0.027,1.7
2024-02-29,1.0807,1.2632,0.0066711140760507,1.1321181931393638,13.4,4.25,5.25,5096.27001953125,5.22,3.92319047619048,5.21,0.027,1.7
2024-03-01,1.0832,1.2652,0.006657789613848203,1.1307100859339665,13.11,4.19,5.23,5137.080078125,5.29,3.92238095238095,5.2,0.109,1.5
2024-03-04,1.0862,1.2701,0.006647168306301516,1.1310937676733401,13.49,4.22,5.24,5130.9501953125,5.29,3.92238095238095,5.2,0.109,1.5
2024-03-05,1.0861,1.2712,0.006660450246436659,1.1316057485572026,14.46,4.13,5.23,5078.64990234375,5.29,3.92238095238095,5.2,0.109,1.5
2024-03-06,1.0913,1.2757,0.006703760809814306,1.1348161597821154,14.5,4.11,5.24,5104.759765625,5.29,3.92238095238095,5.2,0.109,1.5
2024-03-07,1.0941,1.2796,0.00675310642895732,1.1388224575788635,14.44,4.09,5.24,5157.35986328125,5.29,3.92238095238095,5.2,0.109,1.5
2024-03-08,1.0941,1.2852,0.006794863083508868,1.1407711613050422,14.74,4.09,5.24,5123.68994140625,5.29,3.92238095238095,5.2,0.109,1.5
2024-03-11,1.0928,1.2807,0.006809206046574969,1.1385631333257429,15.22,4.1,5.24,5117.93994140625,5.29,3.92238095238095,5.2,0.109,1.5
2024-03-12,1.0918,1.2786,0.006770939129257228,1.1386927806877705,13.84,4.16,5.25,5175.27001953125,5.29,3.92238095238095,5.2,0.109,1.5
2024-03-13,1.0944,1.2799,0.006769105801123672,1.1389521640091116,13.75,4.19,5.25,5165.31005859375,5.29,3.92238095238095,5.2,0.109,1.5
2024-03-14,1.0888,1.2749,0.00674809366354005,1.1319900384876613,14.4,4.29,5.25,5150.47998046875,5.29,3.92238095238095,5.2,0.109,1.5
2024-03-15,1.0888,1.2742,0.0067051092932814815,1.1316057485572026,14.41,4.31,5.25,5117.08984375,5.29,3.92238095238095,5.2,0.109,1.5
2024-03-18,1.0886,1.2736,0.00670555890833501,1.1284134506883323,14.33,4.34,5.25,5149.419921875,5.29,3.92238095238095,5.2,0.109,1.5
2024-03-19,1.0859,1.2713,0.006634379353811452,1.1258725512272012,13.82,4.3,5.24,5178.509765625,5.29,3.92238095238095,5.2,0.109,1.5
2024-03-20,1.0856,1.2713,0.006593696426216537,1.122208506340478,13.04,4.27,5.24,5224.6201171875,5.29,3.92238095238095,5.2,0.109,1.5
2024-03-21,1.0861,1.267,0.006596741209842338,1.1119759813188035,12.92,4.27,5.25,5241.52978515625,5.29,3.92238095238095,5.2,0.109,1.5
2024-03-22,1.0817,1.2603,0.006607201850016518,1.1132138483802738,13.06,4.22,5.24,5234.18017578125,5.29,3.92238095238095,5.2,0.109,1.5
2024-03-25,1.0837,1.2648,0.0066041474045700705,1.1132138483802738,13.19,4.25,5.23,5218.18994140625,5.29,3.92238095238095,5.2,0.109,1.5
2024-03-26,1.0829,1.263,0.006597176408497163,1.1077877478675087,13.24,4.24,5.22,5203.580078125,5.29,3.92238095238095,5.2,0.109,1.5
2024-03-27,1.0821,1.2631,0.006607201850016518,1.1042402826855124,12.78,4.2,5.22,5248.490234375,5.29,3.92238095238095,5.2,0.109,1.5
2024-03-28,1.0801,1.2634,0.006607201850016518,1.1103708638685321,13.01,4.2,5.23,5254.35009765625,5.29,3.92238095238095,5.2,0.109,1.5
2024-03-29,1.0791,1.2637,0.006612881893929374,1.1092623405435387,,,,,5.29,3.92238095238095,5.2,0.109,1.5
2024-04-01,1.0733,1.2545,0.006591088847877669,1.1043622308117063,13.65,4.33,5.23,5243.77001953125,5.33,3.88636363636364,5.18,0.109,1.5
2024-04-02,1.0769,1.2576,0.006598482349059716,1.1024142872891634,14.61,4.36,5.22,5205.81005859375,5.33,3.88636363636364,5.18,0.109,1.5
2024-04-03,1.0827,1.2635,0.00659326168655634,1.1064394777605664,14.33,4.36,5.22,5211.490234375,5.33,3.88636363636364,5.18,0.109,1.5
2024-04-04,1.0865,1.2669,0.006593696426216537,1.105094485578517,16.35,4.31,5.21,5147.2099609375,5.33,3.88636363636364,5.18,0.109,1.5
2024-04-05,1.0841,1.2633,0.006596741209842338,1.1104941699056081,16.03,4.39,5.23,5204.33984375,5.33,3.88636363636364,5.18,0.109,1.5
2024-04-08,1.0853,1.2655,0.006588483331137172,1.1048502927853276,15.19,4.42,5.23,5202.39013671875,5.33,3.88636363636364,5.18,0.109,1.5
2024-04-09,1.0856,1.2676,0.006590654451987083,1.1071744906997343,14.98,4.36,5.23,5209.91015625,5.33,3.88636363636364,5.18,0.109,1.5
2024-04-10,1.0737,1.2544,0.006540222367560497,1.095650268434316,15.8,4.55,5.25,5160.64013671875,5.33,3.88636363636364,5.18,0.109,1.5
2024-04-11,1.0722,1.2535,0.006527841242900973,1.0980564401010213,14.91,4.56,5.25,5199.06005859375,5.33,3.88636363636364,5.18,0.109,1.5
2024-04-12,1.0647,1.2457,0.006530825496342737,1.0964912280701753,17.31,4.5,5.25,5123.41015625,5.33,3.88636363636364,5.18,0.109,1.5
2024-04-15,1.0644,1.2466,0.006482982171799027,1.0944511327569224,19.23,4.63,5.25,5061.81982421875,5.33,3.88636363636364,5.18,0.109,1.5
2024-04-16,1.0628,1.2437,0.006469560716827328,1.0955302366345312,18.4,4.67,5.25,5051.41015625,5.33,3.88636363636364,5.18,0.109,1.5
2024-04-17,1.0644,1.2443,0.006467886941336265,1.096371011950444,18.21,4.59,5.25,5022.2099609375,5.33,3.88636363636364,5.18,0.109,1.5
2024-04-18,1.066,1.2465,0.006467886941336265,1.0970927043335161,18.0,4.64,5.25,5011.1201171875,5.33,3.88636363636364,5.18,0.109,1.5
2024-04-19,1.0655,1.2397,0.006470397929472662,1.0998680158380993,18.71,4.62,5.25,4967.22998046875,5.33,3.88636363636364,5.18,0.109,1.5
2024-04-22,1.0655,1.2341,0.006461200491051237,1.096611470555982,16.94,4.62,5.22,5010.60009765625,5.33,3.88636363636364,5.18,0.109,1.5
2024-04-23,1.0695,1.2434,0.006459531038046638,1.0968520346605244,15.69,4.61,5.25,5070.5498046875,5.33,3.88636363636364,5.18,0.109,1.5
2024-04-24,1.0687,1.2434,0.006447037586229127,1.0939722131057872,15.97,4.65,5.26,5071.6298828125,5.33,3.88636363636364,5.18,0.109,1.5
2024-04-25,1.0721,1.2494,0.006430041152263374,1.0948105977665863,15.37,4.7,5.26,5048.419921875,5.33,3.88636363636364,5.18,0.109,1.5
2024-04-26,1.0686,1.2474,0.00634437254155564,1.0938525486764383,15.03,4.67,5.25,5099.9599609375,5.33,3.88636363636364,5.18,0.109,1.5
2024-04-29,1.0717,1.2553,0.006381213706847042,1.097935880544576,14.67,4.63,5.25,5116.169921875,5.33,3.88636363636364,5.18,0.109,1.5
2024-04-30,1.0684,1.2514,0.006347594261774787,1.090037061260083,15.65,4.69,5.25,5035.68994140625,5.33,3.88636363636364,5.18,0.109,1.5
2024-05-01,1.068,1.2488,0.006343165239454488,1.0875475802066341,15.39,4.63,5.26,5018.39013671875,5.33,3.81365217391304,5.16,0.129,1.5
2024-05-02,1.0706,1.2507,0.006503219093451258,1.096611470555982,14.68,4.58,5.25,5064.2001953125,5.33,3.81365217391304,5.16,0.129,1.5
2024-05-03,1.077,1.255,0.006542361792607132,1.1053387863380126,13.49,4.5,5.25,5127.7900390625,5.33,3.81365217391304,5.16,0.129,1.5
2024-05-06,1.0779,1.2575,0.006499837504062399,1.104728236853734,13.49,4.49,5.25,5180.740234375,5.33,3.81365217391304,5.16,0.129,1.5
2024-05-07,1.0767,1.2535,0.006468723720809884,1.1022927689594355,13.23,4.47,5.25,5187.7001953125,5.33,3.81365217391304,5.16,0.129,1.5
2024-05-08,1.0755,1.2503,0.006434178355424013,1.101806963420009,13.0,4.48,5.25,5187.669921875,5.33,3.81365217391304,5.16,0.129,1.5
2024-05-09,1.0771,1.2505,0.006423432682425488,1.1022927689594355,12.69,4.45,5.25,5214.080078125,5.33,3.81365217391304,5.16,0.129,1.5
2024-05-10,1.0773,1.2528,0.006416426050689766,1.1033873993158998,12.55,4.5,5.26,5222.68017578125,5.33,3.81365217391304,5.16,0.129,1.5
2024-05-13,1.0796,1.2563,0.006403278478581034,1.1019283746556474,13.6,4.48,5.25,5221.419921875,5.33,3.81365217391304,5.16,0.129,1.5
2024-05-14,1.0818,1.2588,0.006389776357827476,1.1029006286533585,13.42,4.45,5.24,5246.68017578125,5.33,3.81365217391304,5.16,0.129,1.5
2024-05-15,1.086,1.2658,0.006450780544445878,1.1060723371308483,12.45,4.36,5.25,5308.14990234375,5.33,3.81365217391304,5.16,0.129,1.5
2024-05-16,1.0875,1.2682,0.00644122383252818,1.105705440070765,12.42,4.38,5.25,5297.10009765625,5.33,3.81365217391304,5.16,0.129,1.5
2024-05-17,1.0869,1.2703,0.006427974545220801,1.1014428901861437,11.99,4.42,5.25,5303.27001953125,5.33,3.81365217391304,5.16,0.129,1.5
2024-05-20,1.0861,1.2708,0.006406560317765392,1.0992634934593823,12.15,4.44,5.25,5308.1298828125,5.33,3.81365217391304,5.16,0.129,1.5
2024-05-21,1.0855,1.271,0.0064069707842132236,1.097935880544576,11.86,4.41,5.25,5321.41015625,5.33,3.81365217391304,5.16,0.129,1.5
2024-05-22,1.0836,1.2739,0.006390184676337146,1.0940919037199124,12.29,4.43,5.25,5307.009765625,5.33,3.81365217391304,5.16,0.129,1.5
2024-05-23,1.0827,1.2717,0.0063673989175421835,1.0936132983377078,12.77,4.47,5.26,5267.83984375,5.33,3.81365217391304,5.16,0.129,1.5
2024-05-24,1.0852,1.2746,0.006373486297004461,1.0937329104232747,11.93,4.46,5.26,5304.72021484375,5.33,3.81365217391304,5.16,0.129,1.5
2024-05-27,,,,,12.36,,,,5.33,3.81365217391304,5.16,0.129,1.5
2024-05-28,1.0879,1.2786,0.006373486297004461,1.0981770261366133,12.92,4.54,5.26,5306.0400390625,5.33,3.81365217391304,5.16,0.129,1.5
2024-05-29,1.0811,1.2714,0.00634437254155564,1.0946907498631637,14.28,4.61,5.26,5266.9501953125,5.33,3.81365217391304,5.16,0.129,1.5
2024-05-30,1.0837,1.2739,0.006384472961757007,1.1066843736166445,14.47,4.55,5.26,5235.47998046875,5.33,3.81365217391304,5.16,0.129,1.5
2024-05-31,1.0846,1.2738,0.006361727845282779,1.1069293779056897,12.92,4.51,5.25,5277.509765625,5.33,3.81365217391304,5.16,0.129,1.5
2024-06-03,1.089,1.2795,0.006408613176108691,1.1168192986374805,13.11,4.41,5.26,5283.39990234375,5.28,3.7245,5.16,0.149,1.427
2024-06-04,1.0878,1.2785,0.006457028475495577,1.1230907457322552,13.16,4.33,5.25,5291.33984375,5.28,3.7245,5.16,0.149,1.427
2024-06-05,1.0865,1.2771,0.006401638819537802,1.1185682326621924,12.63,4.29,5.25,5354.02978515625,5.28,3.7245,5.16,0.149,1.427
2024-06-06,1.0883,1.2786,0.006411078343377357,1.12145340361108,12.58,4.28,5.25,5352.9599609375,5.28,3.7245,5.16,0.149,1.427
2024-06-07,1.0807,1.2727,0.006386511687316387,1.1160714285714286,12.22,4.43,5.26,5346.990234375,5.28,3.7245,5.16,0.149,1.427
2024-06-10,1.0751,1.2733,0.0063722678901421016,1.1150758251561106,12.74,4.47,5.25,5360.7900390625,5.28,3.7245,5.16,0.149,1.427
2024-06-11,1.0733,1.2725,0.006356470887363336,1.1127183709803048,12.85,4.39,5.25,5375.31982421875,5.28,3.7245,5.16,0.149,1.427
2024-06-12,1.0843,1.2843,0.006415191172696947,1.1213276519398967,12.04,4.31,5.25,5421.02978515625,5.28,3.7245,5.16,0.149,1.427
2024-06-13,1.0756,1.2764,0.006378771448618995,1.119194180190263,11.94,4.24,5.25,5433.740234375,5.28,3.7245,5.16,0.149,1.427
2024-06-14,1.0699,1.2685,0.006358087487283825,1.1227124733355787,12.66,4.2,5.25,5431.60009765625,5.28,3.7245,5.16,0.149,1.427
2024-06-17,1.0723,1.2689,0.0063371356147021544,1.121830827911151,12.75,4.28,5.25,5473.22998046875,5.28,3.7245,5.16,0.149,1.427
2024-06-18,1.0739,1.2699,0.006336734047272036,1.130965844831486,12.3,4.22,5.24,5487.02978515625,5.28,3.7245,5.16,0.149,1.427
2024-06-19,,,,,12.48,,,,5.28,3.7245,5.16,0.149,1.427
2024-06-20,1.0708,1.2671,0.006298419096806701,1.1220825852782765,13.28,4.25,5.24,5473.169921875,5.28,3.7245,5.16,0.149,1.427
2024-06-21,1.0694,1.2645,0.006271558482282847,1.1188185276348175,13.2,4.25,5.23,5464.6201171875,5.28,3.7245,5.16,0.149,1.427
2024-06-24,1.0727,1.2684,0.006261348694508797,1.1186933661483387,13.33,4.25,5.24,5447.8701171875,5.28,3.7245,5.16,0.149,1.427
2024-06-25,1.0705,1.2677,0.0062625250501002,1.118067978533095,12.84,4.23,5.23,5469.2998046875,5.28,3.7245,5.16,0.149,1.427
2024-06-26,1.0682,1.2625,0.006223549912870301,1.1144544745347154,12.55,4.32,5.24,5477.89990234375,5.28,3.7245,5.16,0.149,1.427
2024-06-27,1.0708,1.2653,0.006222775357809584,1.1135857461024499,12.24,4.29,5.23,5482.8701171875,5.28,3.7245,5.16,0.149,1.427
2024-06-28,1.0711,1.264,0.006215813028344107,1.112099644128114,12.44,4.36,5.22,5460.47998046875,5.28,3.7245,5.16,0.149,1.427
