date,const,SP500,UST10Y,fxvol,TED,VIX
2000-02-15,0.00013937716549967914,0.03047408069029528,-0.022135650007695174,0.00032358120841510004,-0.06555252769279746,0.004099569248880032
2000-02-16,0.0001394357583648137,0.030455917852066305,-0.022137102423128555,0.0003235177998735297,-0.06560145296563262,0.00410151651805885
2000-02-17,0.00013951396822891804,0.030438699829675737,-0.022137786355378625,0.0003233943645187249,-0.06562104860176084,0.004103474861792052
2000-02-18,0.0001395755258431457,0.03042319140213992,-0.022139192992228905,0.00032322251424805686,-0.06568144180249275,0.004105404534367901
2000-02-23,0.00013956444300657967,0.030406015787572096,-0.022139321809803637,0.0003233311706493443,-0.0657245490460289,0.004107111784880702
2000-02-24,0.00013961208835820045,0.030390586380751785,-0.022139522655573333,0.00032326042702730535,-0.06571198144640172,0.004108070813449136
2000-02-25,0.00013958857298375162,0.030376223170601183,-0.022140657833501293,0.00032337894852967736,-0.06572222339789816,0.0041109441866045305
2000-02-28,0.00013963311445195685,0.030360978072041134,-0.022141238668564923,0.00032314160858814823,-0.06570774136700891,0.004112682960795735
2000-02-29,0.00013963566178532222,0.03034025742378766,-0.02214057819031302,0.00032316705188166933,-0.06572487134338922,0.00411488907405468
2000-03-01,0.0001397137795431336,0.030319794547814003,-0.02213999919524895,0.00032319123941111253,-0.06579448433904463,0.004116573846434452
2000-03-02,0.00013972597284865121,0.030300431648631748,-0.022141543579030098,0.0003231057810030446,-0.0658315721594362,0.004119883619233765
2000-03-03,0.0001396663191620777,0.030286187542748037,-0.022141689784208423,0.0003232159695153711,-0.06578271403042094,0.004123023151820231
2000-03-06,0.00013964555705917985,0.030267387321852874,-0.02214189532025379,0.0003231807065853766,-0.06578363803226141,0.004126772868149638
2000-03-07,0.0001396664604235678,0.030251786079652714,-0.022142268151797297,0.00032316669700411204,-0.06578530880409039,0.0041275690776617
2000-03-08,0.00013958187517231337,0.030231281523125344,-0.022142906883904245,0.0003231257455967837,-0.06574845526285672,0.004129999162230316
2000-03-09,0.0001395484891915451,0.030214064272721896,-0.022143601678899883,0.00032311223664346624,-0.06571865353489267,0.004132136915000616
2000-03-10,0.00013955966709857672,0.030198998186519627,-0.022144328043268137,0.0003229385900889058,-0.06573554927794117,0.004135599964084104
2000-03-13,0.00013957771231913523,0.030179812542721948,-0.022144466074836288,0.0003227213175583462,-0.06573755211076131,0.004137858887446377
2000-03-14,0.00013957902672675975,0.030159361391518504,-0.022144908004695762,0.0003227069417469259,-0.06571877876052194,0.0041401305882770864
2000-03-15,0.00013958052063730382,0.030140794338267583,-0.022145172568221853,0.00032269394867201267,-0.0657049619966775,0.004141659739902457
2000-03-16,0.00013955471525669668,0.030116743733606656,-0.022145414291219502,0.0003228633078462895,-0.06566483665306912,0.00414345754200021
2000-03-17,0.00013963207547947024,0.030103760624302874,-0.02214588421163965,0.00032296476241515485,-0.06564934858446508,0.004145494457205632
2000-03-20,0.0001396279146823695,0.030092951173778592,-0.02214675130082069,0.0003229976738467089,-0.06566755570710367,0.004148862773707634
2000-03-21,0.000139602867765222,0.03006968990422794,-0.022146366889805254,0.00032299775851143286,-0.06571616104210623,0.004152263739797734
2000-03-22,0.0001396299493208288,0.030051082031154426,-0.022147885295025906,0.0003228249961199722,-0.06562723199716083,0.00415360854031019
2000-03-23,0.00013972317879567465,0.030032723960815685,-0.02214917146526001,0.00032271931936784067,-0.06558005820513081,0.004157232566927881
2000-03-24,0.0001397621733271145,0.030009049011791866,-0.022150210184310126,0.00032237971086372506,-0.06555891286179784,0.004159429161009307
2000-03-27,0.00013970977061104613,0.029987084286632406,-0.022151101103651285,0.000322459701756188,-0.06552393829763459,0.004161598094767991
2000-03-28,0.00013969237589379194,0.029969445385148948,-0.022151954342161162,0.0003222908133987822,-0.06555455321291845,0.0041643614701603075
2000-03-29,0.00013978543331951896,0.02994903448394994,-0.0221523227071709,0.00032221797415223736,-0.06556887818078312,0.004166629534568271
2000-03-30,0.00013981046001067008,0.02993417417036898,-0.02215376211438151,0.00032213724164524457,-0.0655774046146281,0.0041701791458729565
2000-03-31,0.00013975963185524915,0.02991492762328739,-0.022154409601460995,0.0003219819826523017,-0.06558826799250184,0.004172574770502025
2000-04-03,0.00013971243504894067,0.02989357859151517,-0.022155316213947566,0.0003217069483310339,-0.06557431837044397,0.004175442746404477
2000-04-04,0.00013973335759623245,0.02987265371190412,-0.022156387074770804,0.0003215659757030757,-0.06558236936077498,0.0041781565832808894
2000-04-05,0.00013977002875314713,0.02985532508132826,-0.022157505629335703,0.00032156063114678856,-0.06557450665127332,0.00418041950229002
2000-04-06,0.00013977232928688834,0.02984228953197666,-0.022158113687556668,0.0003215774289758634,-0.06561929441915312,0.004182842098659691
2000-04-07,0.0001397784723342834,0.029824619834005202,-0.022159211246072584,0.00032141372667171704,-0.06560535298971516,0.004184430675373178
2000-04-10,0.00013985933862130758,0.029808079624257765,-0.022159787073112495,0.0003213143587004923,-0.06555027236265892,0.004186347577655899
2000-04-11,0.00013987281667732915,0.029789999264608166,-0.022159956472130378,0.0003214540806974747,-0.06551881144528718,0.004188686684286454
2000-04-12,0.00014000254411446214,0.029772354196422577,-0.02216097669491915,0.0003212251291228837,-0.06555453206539194,0.004191705958117508
2000-04-13,0.0001400230078111495,0.0297529895366645,-0.022161391658297988,0.0003212356296556136,-0.0655605506199632,0.004194785318865453
2000-04-14,0.00014008977402307893,0.02973647964326631,-0.02216162148492411,0.00032106054748079536,-0.0655783606857645,0.004197527613822812
2000-04-17,0.00014015851205854933,0.029722119295541704,-0.022162263228182454,0.00032089459083512714,-0.06556167539582798,0.004199810511214179
2000-04-18,0.00014023716487300978,0.029706611683826285,-0.02216279222784272,0.0003208706843648997,-0.06555721351224278,0.004202225109560055
2000-04-19,0.00014026984989531552,0.02969453305973013,-0.022164111816211505,0.0003208661160191206,-0.06555485049277687,0.004204917100409185
2000-04-20,0.00014028867832249813,0.029679271679131584,-0.02216420130947199,0.0003207582470626507,-0.06554410745497326,0.004207206173166617
2000-04-25,0.00014035194824747881,0.029659690775620008,-0.0221650716593052,0.0003206852263297694,-0.06545812632008827,0.00421092221842325
2000-04-26,0.00014040890811766338,0.02964278552328161,-0.022166425107046347,0.0003204531361713123,-0.06545202643961533,0.004213089616682371
2000-04-27,0.00014044289559662505,0.029631249332021922,-0.02216786593889432,0.00032055703103290125,-0.0654410665675355,0.004214700138439712
2000-04-28,0.00014049977679088423,0.02962392506052948,-0.022168343176600012,0.00032054073191770154,-0.06543518372909844,0.004217052442000164
2000-05-01,0.0001405254452394248,0.029610072252625286,-0.022168581565312102,0.00032045951685695994,-0.0654014288046231,0.004219085147491499
2000-05-02,0.0001405002813160715,0.029594126260576104,-0.022168966186303374,0.00032022759320606285,-0.0654119721421626,0.004221642663438604
2000-05-03,0.00014050999081807476,0.029572086487850285,-0.022170186695226125,0.0003201825169836075,-0.06540323043082727,0.004223952946899204
2000-05-04,0.00014055404803446292,0.029553920003906404,-0.02216995920555647,0.0003202050780450104,-0.06534198865873293,0.0042269782165706244
2000-05-05,0.00014059288661251524,0.029536638975947736,-0.0221698501850523,0.0003198871722841179,-0.06532001018416835,0.004228370555332003
2000-05-08,0.00014069925734334107,0.029526493222385132,-0.02217029734429472,0.0003199251920542893,-0.06529994677569392,0.004230773402536103
2000-05-09,0.0001407133704136805,0.02951214175139961,-0.022170771788217213,0.00031960012346976557,-0.06526664717177534,0.004233707460434389
2000-05-10,0.0001407145846482387,0.02949655520968333,-0.02217085397050554,0.0003194293975635376,-0.06529632234507265,0.004235986376050377
2000-05-11,0.00014068873992711107,0.029480415856552443,-0.02217117562234729,0.0003192881169619805,-0.06533047014897882,0.004238464402590631
2000-05-12,0.00014068176848497762,0.029461640674741812,-0.02217056258286189,0.0003192279665387544,-0.06534499784367771,0.004241762020047563
2000-05-15,0.00014072117046165286,0.029443058088521976,-0.022171184590307192,0.0003192072193074184,-0.06531296788429002,0.004244510677170343
2000-05-16,0.00014072217657759228,0.029423944733003998,-0.022171740625146243,0.00031912507475225454,-0.06532354162880841,0.004246960654233474
2000-05-17,0.00014074754044439235,0.029399290691702048,-0.022171764216612624,0.00031909100146103043,-0.06529573693248328,0.004248791161327406
2000-05-18,0.00014077400732161768,0.029380459128312296,-0.022172697871880413,0.0003191358744435019,-0.06523487850061216,0.004252140857576875
2000-05-19,0.00014078434205740112,0.02935992331651221,-0.02217418817865064,0.00031891140041630044,-0.06519779341110302,0.004254347362691851
2000-05-22,0.00014073566112441816,0.02934168302987193,-0.022174852231937426,0.00031877182885284056,-0.06518751142701006,0.004257003905089345
2000-05-23,0.00014077156393573452,0.029324133599481387,-0.022175561346997198,0.0003187124247566248,-0.06515437425659627,0.004259208492845162
2000-05-24,0.00014075034298397193,0.029305847111677052,-0.02217539982744869,0.0003185313236092257,-0.06512216945951137,0.004262320627862623
2000-05-25,0.00014078296806490783,0.029287273230784804,-0.022176107376918944,0.0003183618228701577,-0.0650617380408758,0.004265196360391529
2000-05-26,0.00014077381323879316,0.029269274354912007,-0.022176605235013764,0.0003185610875293873,-0.06509029473075235,0.0042675614065158995
2000-05-31,0.00014078322300407263,0.029253814770156972,-0.022176585361012705,0.00031858941722791604,-0.06511412217180385,0.004269933769750144
2000-06-01,0.00014079132033474693,0.029230772241190136,-0.022177468682790403,0.00031841477559213125,-0.06505834889084819,0.004272591864870552
2000-06-02,0.00014080206850127864,0.02921161462517484,-0.022178222215498436,0.00031832118816819494,-0.06509944976483825,0.004275036538207301
2000-06-05,0.0001408333806331596,0.029194935316000765,-0.022178547656080554,0.00031811976451251304,-0.06505921339508476,0.004276316948502779
2000-06-06,0.00014088913620963756,0.029177475721457406,-0.022178101448023336,0.0003180022200579831,-0.06509319260731657,0.004278748353150527
2000-06-07,0.00014100474457563522,0.029158403471122855,-0.022178626421890005,0.0003180081744000303,-0.06509358137315402,0.004281152693802186
2000-06-08,0.00014099159717208195,0.029140963565183507,-0.022178276563948007,0.00031776561214247513,-0.06512887211989632,0.004283808797755436
2000-06-09,0.0001410360355623334,0.029128559485441973,-0.02217927918579844,0.00031757041869288937,-0.06515512859558505,0.004286451730180606
2000-06-12,0.00014103939269464956,0.029109244500168118,-0.022180130657146135,0.0003174346628342705,-0.06518048044179796,0.0042892515480048845
2000-06-13,0.00014110804020422824,0.02909010098630459,-0.022179846820054958,0.0003173116597848483,-0.06524898672951272,0.004292104112569497
2000-06-14,0.00014113872780710396,0.029069938426966157,-0.022180470448551044,0.0003171379410260093,-0.06526168288184118,0.004295171691243436
2000-06-15,0.000141189967179866,0.02905116974935208,-0.02218009416922809,0.00031709261665726246,-0.06526118580998684,0.004296477756994705
2000-06-16,0.0001411844301086381,0.029029779022220578,-0.022180755673314633,0.0003166748754256793,-0.06524147000237027,0.004299095696882692
2000-06-19,0.00014122229632165112,0.029012319416740644,-0.02218091637998678,0.0003164618378811189,-0.06528923835571997,0.0043011326829743195
2000-06-20,0.00014117482187979029,0.028989057807334184,-0.022180722469029926,0.00031637241543071813,-0.065239172993074,0.0043039228564541315
2000-06-21,0.00014123056972926545,0.028973592896829683,-0.022179175300615955,0.00031619567020187286,-0.06522893368279742,0.004305897422190818
2000-06-22,0.00014132148585379735,0.02894945158819416,-0.022179143621397734,0.0003160570919774573,-0.06526777026023417,0.004308176879174858
2000-06-23,0.00014132523522741486,0.028928449461367023,-0.022179090684896232,0.0003159544801747298,-0.06522464050341825,0.004310612094298731
2000-06-26,0.00014132132540889156,0.028910389111178523,-0.022178759037631463,0.00031589010686679963,-0.06520286885564747,0.004312796876353377
2000-06-27,0.00014135087514712853,0.02889513827456677,-0.022179223228959665,0.0003155840388064754,-0.06516454450751627,0.004315792278442169
2000-06-28,0.00014141458654027444,0.028875841624191493,-0.02217996076899873,0.0003155192895632886,-0.06515930132070634,0.004318005362945168
2000-06-29,0.0001413554116788473,0.02885372027110768,-0.02218042379758727,0.0003153770868268144,-0.06515948115224766,0.0043205091807667385
2000-06-30,0.00014140051045770065,0.028834382941548477,-0.022180955770293453,0.00031526306539266316,-0.06519157387671151,0.004322924726833681
2000-07-03,0.0001413923586881991,0.028818820734253927,-0.022180287176455746,0.0003153701730946515,-0.06519293640076015,0.004325004952219214
2000-07-06,0.00014133026173040686,0.028801653467115124,-0.022180274370217842,0.00031510708290259095,-0.06523432684355299,0.004326780620134694
2000-07-07,0.00014134214433605431,0.028780120209603823,-0.022180435538458713,0.0003150611042249923,-0.06523216286518427,0.004329245059507982
2000-07-10,0.00014137127355242236,0.028758984539427896,-0.02218077233810193,0.00031490418557590037,-0.06520867494676282,0.0043327680415955515
2000-07-11,0.00014133409165258346,0.028739132639972784,-0.02218173798488824,0.00031485621163121393,-0.0652225734264715,0.004335366377800148
2000-07-12,0.00014134579297962947,0.02872024359039306,-0.022181357676804535,0.0003148894460314478,-0.06528425562437899,0.004336814900877554
2000-07-13,0.00014133110596612728,0.028698046506457242,-0.022181478879779674,0.00031477673028271815,-0.06532546794372897,0.00433867355807881
2000-07-14,0.00014140051998320552,0.02867502080880466,-0.022181981220988415,0.00031478112019685375,-0.06532229773719853,0.004340612876001259
2000-07-17,0.00014140481590026532,0.028659349323699783,-0.02218236185708664,0.0003147705850255338,-0.0653268549699091,0.0043432742299241225
2000-07-18,0.00014140566971554102,0.028645715224883524,-0.022182431408521226,0.00031470133494139186,-0.06528421085975739,0.004345599657660881
2000-07-19,0.00014138470843844906,0.028625341298284927,-0.022182332789033168,0.0003146928108632352,-0.06525123572693839,0.004348641555652647
2000-07-20,0.00014144223098970016,0.028611892963401036,-0.022182660044296632,0.0003146021750287828,-0.06521080933114146,0.004351500708179634
2000-07-21,0.00014145293759883996,0.02859686983365768,-0.022183780507869896,0.00031455047102383954,-0.06516904851938851,0.004354112458293424
2000-07-24,0.00014152391531681175,0.028577702656299102,-0.022184512761337476,0.0003144493855279228,-0.06519979367478687,0.004356661099224481
2000-07-25,0.00014153661203296768,0.028558133094468675,-0.02218490924141327,0.00031434335212163873,-0.06519088061634558,0.0043593610867242415
2000-07-26,0.00014156458914444764,0.02854154931502834,-0.022184578794752566,0.0003141944124727852,-0.06519759661551569,0.004361390020895087
2000-07-27,0.00014161334667929816,0.028522430454658094,-0.022184736883331363,0.0003141235915697676,-0.06520802259669722,0.0043640099719900625
2000-07-28,0.00014161112601153444,0.028507537542802927,-0.022184359881296897,0.00031401836366342896,-0.06524347153769192,0.004367007283563248
2000-07-31,0.00014156034397489918,0.028488139888014817,-0.022184799738635873,0.0003138492322572372,-0.06529062071406712,0.0043692592760944055
2000-08-01,0.00014169870812224194,0.028470628405926304,-0.022185164269527873,0.00031372976226235133,-0.06533010323159064,0.004372101140570138
2000-08-02,0.00014173314987990846,0.028449893640176364,-0.022186118642338208,0.0003137521834740899,-0.0653548151823224,0.0043748892008145576
2000-08-03,0.00014176877246994574,0.028432246104125206,-0.022187385143381262,0.0003135153291192138,-0.06535113482740007,0.004377710829400123
2000-08-04,0.00014177055047819587,0.028417806559421766,-0.022187494853168656,0.0003134999191885062,-0.06534219885143962,0.004380295505007813
2000-08-07,0.00014177343867295897,0.028395527038459652,-0.02218824356170215,0.000313273678094883,-0.06533280935077777,0.004382103799914043
2000-08-08,0.00014179237861361001,0.028377689604447514,-0.022189109223044245,0.000313397127985146,-0.06529477832821289,0.004384787371302263
2000-08-09,0.0001418824783606445,0.028358091713114333,-0.02219018215891601,0.000313290935554514,-0.06527631852521541,0.004387030895419791
2000-08-10,0.00014188463008404906,0.028335772118720768,-0.022190108337622118,0.00031329582871265894,-0.06526542421497347,0.004388963431879233
2000-08-11,0.00014195860735276582,0.0283155523346526,-0.02219026367372568,0.00031329222608874225,-0.06526304319501527,0.00439165848251045
2000-08-14,0.0001419855372762252,0.028295526556394265,-0.022191220057754056,0.00031335170899354016,-0.0652052645712314,0.004394134540810994
2000-08-15,0.00014200082665501496,0.028278182050511174,-0.02219085555896184,0.0003131695629862076,-0.06521867099894943,0.004396638748977011
2000-08-16,0.00014200107852512515,0.028260014483341308,-0.022190468633152865,0.0003128541737999894,-0.06525127109426054,0.004398489683218829
2000-08-17,0.00014206379626606458,0.028239116335751928,-0.022189938049817122,0.0003126491151903826,-0.06517156255636952,0.004400462053149044
2000-08-18,0.0001421140201161778,0.028227523962638182,-0.022191267674333215,0.00031224108502722945,-0.06515715902139563,0.004403646077506248
2000-08-21,0.00014219637829470492,0.028207940682511184,-0.022191126655773084,0.0003120664971338515,-0.06515624863915971,0.004406159779682233
2000-08-22,0.00014230745479205183,0.028187463919304583,-0.02219176692868434,0.00031183650026466906,-0.06515193834816625,0.004407919912627789
2000-08-23,0.00014233129511619937,0.02816791171409771,-0.022192157412052896,0.0003117221600980606,-0.06517624471206943,0.004411419954754133
2000-08-24,0.00014241192768825735,0.028147920282340373,-0.022192873178813324,0.00031160422688943735,-0.06515499534831552,0.0044141974592122775
2000-08-25,0.00014244789169120473,0.02812934108490558,-0.022192976906568684,0.00031141680609761136,-0.06515607214383787,0.004416112663636245
2000-08-28,0.00014240823228118705,0.02810620887704817,-0.02219256511915617,0.00031130396019627045,-0.06510222235801473,0.004418701881605021
2000-08-29,0.00014245859495442105,0.02808362272811229,-0.0221929686615046,0.0003112604837447874,-0.06504735383607106,0.004421718231791636
2000-08-30,0.0001424945755275318,0.028063481713329966,-0.022192807242642925,0.00031118907447189313,-0.06504449892664486,0.004423552234897633
2000-08-31,0.00014253347732890193,0.0280453821293598,-0.02219347809226012,0.0003111731712394948,-0.06500697286116484,0.004427938811531848
2000-09-01,0.00014263193344506598,0.028022483423952704,-0.022193878430782882,0.00031117192088364815,-0.0649698120166939,0.00443150593785489
2000-09-06,0.00014266286337058054,0.028006101130106934,-0.022194269552358294,0.0003110600008628035,-0.06493769110010514,0.004434960336651965
2000-09-07,0.00014262766752664124,0.027986494371098194,-0.022194236647001528,0.0003108703240911712,-0.06486771836037895,0.0044374802138958
2000-09-08,0.00014258921825049454,0.027965814482214753,-0.022194507823397314,0.00031071090183208146,-0.06484358049866318,0.0044401915805750165
2000-09-11,0.0001426280761165028,0.027948722660293752,-0.022194993217723728,0.00031056766333788677,-0.06479862952953783,0.004444365789928292
2000-09-12,0.00014266727323001115,0.027931304874629134,-0.022195866730242972,0.0003106199330344554,-0.0647891554471257,0.0044470344694742675
2000-09-13,0.00014270108492541277,0.027917732797995434,-0.022196096310268646,0.000310481700309584,-0.06475172401923471,0.004448517546935786
2000-09-14,0.00014276959125252958,0.027891740284647845,-0.022196696791874547,0.00031044235051905597,-0.06472674896226362,0.004450063310839719
2000-09-15,0.00014282244638905142,0.027876904308339442,-0.02219686772871333,0.0003104247674600754,-0.06471841087576892,0.00445395408732738
2000-09-18,0.00014282363789310654,0.027859284753259154,-0.02219677607644788,0.0003103599760597533,-0.06472516220521221,0.004457407094962412
2000-09-19,0.00014286444497099002,0.027839676976819022,-0.02219854153146751,0.0003103990685206995,-0.06467428479001937,0.004459420191919372
2000-09-20,0.00014292324085455582,0.027816122847826714,-0.022199442594370896,0.0003102427716080236,-0.06467181608346989,0.004461282042581866
2000-09-21,0.00014294387168316554,0.027792000723709662,-0.022200123628075673,0.0003100433904845983,-0.06461930446568884,0.004463961958954566
2000-09-22,0.00014293467188911224,0.027766985749273897,-0.022200043382568552,0.00030993815181201917,-0.06461175171237174,0.004467086393293048
2000-09-25,0.00014295159396085283,0.02774607166391095,-0.0222003537396564,0.0003097743961844571,-0.06453896764901638,0.004469965765621027
2000-09-26,0.00014298379129168196,0.027722542874600176,-0.02219997893487465,0.00030964609408474505,-0.06452046850284808,0.004472797839796176
2000-09-27,0.00014302131586683514,0.027698586876315608,-0.02220060651247742,0.0003096073561152303,-0.06448600382347017,0.004476564695431351
2000-09-28,0.00014301436166119254,0.02767663965348973,-0.02220068067860124,0.000309683136502489,-0.06450986935006443,0.004479799402884925
2000-09-29,0.00014300494388877775,0.027658424302795442,-0.02220180348439525,0.00030939699535832064,-0.06447517383857082,0.004482303173519889
2000-10-02,0.00014309257634713095,0.027640242976250236,-0.02220184906017396,0.0003092418543627865,-0.06449357768729444,0.004484343242298513
2000-10-03,0.0001431079522584739,0.02762195624012009,-0.022202833114479886,0.0003089494933715042,-0.06447311179274372,0.004485744169175225
2000-10-04,0.00014318793526755432,0.02760619929679939,-0.02220241256949142,0.00030880011533676095,-0.06449726544786626,0.004488582562953448
2000-10-05,0.00014328191334650543,0.027587437058484217,-0.022202669461073594,0.0003088028546454651,-0.06448827107580737,0.004490006703682067
2000-10-06,0.0001433096160376329,0.02756956032428501,-0.022203519024420748,0.0003085808063275158,-0.06444101814890431,0.0044936783362893905
2000-10-11,0.0001433517091870333,0.027558296313023,-0.022203109479559908,0.00030850248529736094,-0.0644581722352359,0.004496445682340961
2000-10-12,0.00014340347575244954,0.027545725647171726,-0.022204237344672074,0.00030848890286366886,-0.06444535897646352,0.00449911600757873
2000-10-13,0.0001434694683334186,0.027525362429607854,-0.02220537579839823,0.0003084693504379664,-0.06445794910986473,0.004501677607002693
2000-10-16,0.00014353571183652996,0.02750779514963725,-0.022205508209483582,0.00030841784987056787,-0.0643916097258514,0.004503275007031706
2000-10-17,0.00014358958905327093,0.027490753591408186,-0.022205656193746214,0.0003081963622553045,-0.06438291213352042,0.004506001994613506
2000-10-18,0.00014364548030496358,0.02747309509250388,-0.022205267831652598,0.0003080205970735831,-0.06437170072019142,0.004507542532596071
2000-10-19,0.0001436042588960104,0.027453878788073788,-0.022205817205493562,0.00030808719530766633,-0.06435378940331153,0.004508990944153828
2000-10-20,0.00014363214480554915,0.02743296189941081,-0.022205990223008232,0.0003080478281882362,-0.06433629467321555,0.004511242232184421
2000-10-23,0.00014369748468004632,0.027411235912286978,-0.022207086393576533,0.00030804081884685527,-0.0643006728091009,0.00451330497230672
2000-10-24,0.0001436947277295838,0.02739217209011347,-0.0222063318434025,0.0003078655648768998,-0.06424246679638015,0.004515061918846235
2000-10-25,0.00014368178979047,0.027370510934894024,-0.022207035258207084,0.00030766878615148683,-0.06422782021480596,0.0045170119027897375
2000-10-26,0.00014370625075372059,0.027353501884253506,-0.02220777576039757,0.0003075938618575032,-0.06419670614636584,0.004520957182097321
2000-10-27,0.00014377003936724375,0.027335508800560415,-0.022208629161222546,0.000307577339251142,-0.06417096011998447,0.004524127594420051
2000-10-30,0.00014380641557489344,0.02731524934463946,-0.022209880897643287,0.00030759767755173336,-0.0640904288881037,0.004526427657058914
2000-10-31,0.00014386969523373696,0.02729481982712673,-0.022210213105984266,0.00030732536789620656,-0.06409609862144677,0.004528995027072151
2000-11-01,0.00014387193373977162,0.027274725279060632,-0.022210720446900548,0.00030722380979141266,-0.06406748702776792,0.004531456018075454
2000-11-02,0.0001439532601951956,0.027253348247807747,-0.022210543413853097,0.0003071349547762006,-0.0640721640752964,0.004533383065225023
2000-11-03,0.0001440673494105573,0.027232535555665804,-0.022211644163500275,0.0003071435279590596,-0.06405427782809353,0.0045366182556067945
2000-11-06,0.00014422584767264832,0.027215261252793378,-0.022213110689141634,0.0003068066947594535,-0.06403569324970718,0.004538805334787688
2000-11-07,0.000144236505722325,0.02719222888894545,-0.022214429383250113,0.00030672328566319683,-0.06403768462903123,0.004543279712354389
2000-11-08,0.00014429457349903054,0.02716814271756358,-0.0222144936798174,0.00030659781593754196,-0.06402189914535242,0.004546971127052136
2000-11-09,0.00014435589248732646,0.027145479573853243,-0.02221481044096802,0.0003066447088530224,-0.06398083251955855,0.004549432674183575
2000-11-10,0.00014438774225106164,0.027124028064643375,-0.02221461125341353,0.0003064314261689848,-0.06396698709997849,0.0045509734634788315
2000-11-13,0.0001444823797401415,0.027102652013997242,-0.02221596849385435,0.0003063048830127282,-0.06390796511149432,0.004553447218160291
2000-11-14,0.00014453607092000873,0.02707855229464032,-0.0222160761726562,0.00030632712507904197,-0.06387232907973396,0.004555614017850135
2000-11-15,0.00014455194053342076,0.027063249321465678,-0.02221708900358444,0.0003061656759316092,-0.06383380528870215,0.004558478706126953
2000-11-16,0.0001445568256301565,0.027047245827619845,-0.02221739125198612,0.00030598642146983723,-0.06379627321020195,0.004560965702868324
2000-11-17,0.00014458901309558672,0.027023243037015136,-0.0222178040184775,0.00030570770924606916,-0.06373658141010319,0.004564052682653907
2000-11-20,0.00014464236324352443,0.0270033661664877,-0.022217880286488457,0.0003054364161156321,-0.06371980611039506,0.004567329510529481
2000-11-21,0.00014467487755799176,0.026987565951842315,-0.022218516079099093,0.0003052803826921808,-0.06366101948532037,0.0045695798141832935
2000-11-22,0.00014471044425887734,0.026969188141353375,-0.02221896605445838,0.00030515247494191484,-0.06364972961704764,0.004572016682876712
2000-11-27,0.00014477107838064375,0.026951739238885688,-0.02221918453432751,0.0003048066150530167,-0.06362048096692427,0.004574839905634163
2000-11-28,0.0001448484800871507,0.026936854219766118,-0.022219115141803403,0.0003047089180760256,-0.06357990160684375,0.004578579225632857
2000-11-29,0.00014490351882974224,0.02692439182476927,-0.02221967608153951,0.0003045610853946732,-0.06355361501660466,0.0045826824893125395
2000-11-30,0.00014495997730096125,0.026905503274725896,-0.022219999050637873,0.00030440260909368484,-0.06353991088997352,0.004586122882366184
2000-12-01,0.00014500120120721974,0.026887245949980695,-0.02221970693171003,0.00030435365350177417,-0.06355709668221181,0.00458979611776882
2000-12-04,0.00014498613378519107,0.02686619591329257,-0.022220321659787715,0.0003043233780741869,-0.06352119923976184,0.004592463476708525
2000-12-05,0.00014492828684099858,0.02685310221144273,-0.022220121162206355,0.0003042692019819663,-0.06352516937358821,0.0045961444462530865
2000-12-06,0.00014498900766225515,0.026834821733289018,-0.02222069673565594,0.0003042388014533405,-0.06351068186720249,0.004598805735576977
2000-12-07,0.00014503615073295148,0.02681543541037526,-0.02222059133164161,0.00030413963012391245,-0.06349881552179641,0.004601937362182924
2000-12-08,0.00014502803476806528,0.02679916838917508,-0.0222203441142978,0.0003040594046303478,-0.06347558012585053,0.004604119592908122
2000-12-11,0.00014510106203023885,0.02678194340499008,-0.022221741431861085,0.0003038458346729169,-0.06345265489094881,0.004606108201146771
2000-12-12,0.00014508545610290489,0.02675970237650087,-0.022222240778531813,0.0003036614025157423,-0.0634475397862772,0.00460752447361387
2000-12-13,0.0001451581960981163,0.026738909036187485,-0.022222398139571636,0.0003034660629292764,-0.06343848878204297,0.004611606163249527
2000-12-14,0.00014521067963164166,0.026715443026601303,-0.022222635957051748,0.00030339512546761083,-0.06343559432018804,0.004614713979503796
2000-12-15,0.00014526938957526534,0.026695623962605372,-0.022222763059325412,0.00030331175011185713,-0.06342148299275106,0.004617528369013223
2000-12-18,0.00014533976525505328,0.026676352340442116,-0.02222416214307789,0.0003032470487620662,-0.06338054664047559,0.0046199252487881546
2000-12-19,0.00014539108985804657,0.02666062603679025,-0.02222431441956053,0.0003033244905843947,-0.06336620391644168,0.004622940874356229
2000-12-20,0.000145376172095511,0.026640383506323886,-0.022225040907778146,0.0003033693118993468,-0.06338570435630109,0.004626041438302051
2000-12-21,0.00014536100708074953,0.026625970646552352,-0.022224782007750868,0.00030306245280064636,-0.06341820621551307,0.0046289317448931725
2000-12-22,0.00014541418550674924,0.02660360140643802,-0.022224443649706577,0.00030296996885883267,-0.06341739284808064,0.004631870689622982
2000-12-27,0.00014544355955896108,0.026584520056210793,-0.022225052557826586,0.0003027121107897443,-0.06341598424580987,0.004634655619330402
2000-12-28,0.0001454986112930056,0.026567599740555746,-0.022225028245190043,0.0003027163684562001,-0.06336177641782365,0.004636665816536286
2000-12-29,0.0001455269409331935,0.026547070848280344,-0.022226072653261382,0.00030264623740134365,-0.06333003775979419,0.00463942423143277
2001-01-03,0.00014558009046337312,0.02652601071241764,-0.02222469770432984,0.0003025374427271548,-0.06335168301882421,0.0046409725979200105
2001-01-04,0.00014561972886890115,0.026511763484041335,-0.02222475282756162,0.00030236168859713766,-0.06337847597128242,0.004645207164099827
2001-01-05,0.00014566354599294986,0.02650021610440007,-0.022225135447350775,0.0003022782507418092,-0.06337495200020221,0.0046477629511610195
2001-01-08,0.00014580198250878335,0.026485305237390483,-0.022226144868436146,0.0003022308293428325,-0.06336989762743979,0.0046500270029086205
2001-01-09,0.00014578788312754874,0.026460636467510172,-0.022226939489833362,0.0003019674233886929,-0.06339482036463553,0.0046535404526759985
2001-01-10,0.00014578705143088438,0.026442258062583133,-0.022227412786347666,0.0003019291543668198,-0.06333060049776444,0.004655257632725506
2001-01-11,0.00014586205801131287,0.02642750722475385,-0.02222691613186113,0.00030179720115365653,-0.06331072399888732,0.004657781801076175
2001-01-12,0.00014589823601542687,0.02641167671717444,-0.022227794130266224,0.00030157649613050936,-0.06333152451964753,0.0046591729883776346
2001-01-17,0.00014592286329949823,0.026391055093198033,-0.022228870878055848,0.0003015567950957074,-0.06335785898179029,0.004660921819726387
2001-01-18,0.0001459960136547611,0.026373926930063206,-0.022229439514258695,0.0003014595561471083,-0.06332609395659168,0.004664857607267639
2001-01-19,0.00014598782743272833,0.026353671654629342,-0.02223029616449016,0.00030128621619182204,-0.0633433836375901,0.004666584119554482
2001-01-22,0.00014603898470916404,0.02633972400366951,-0.02223010149496235,0.0003012589747579972,-0.06330644994794712,0.00466826405501742
2001-01-23,0.00014601458225612312,0.026322615352854635,-0.022230046463936764,0.0003012205337439891,-0.06331787896901986,0.004670830758550206
2001-01-24,0.0001460357254723388,0.026307975362446754,-0.022231061458445067,0.0003011482040617316,-0.06327384102034966,0.0046730405388187585
2001-01-25,0.00014609554861462866,0.026290108915545153,-0.02223138231912337,0.0003013016681605626,-0.06323283462627478,0.004675172637156817
2001-01-26,0.00014613605145969544,0.02627243350607209,-0.02223214826121695,0.0003013365810719424,-0.06327870498117362,0.004677908619004721
2001-01-29,0.0001461432273935825,0.026253556562067168,-0.022231750566211544,0.00030112313673128687,-0.06326370168605573,0.004679607188886852
2001-01-30,0.0001461876034355934,0.026236968223256225,-0.022231785687852796,0.00030111192167438174,-0.06324182794168631,0.004682532506710705
2001-01-31,0.00014617430771876684,0.02622041047069361,-0.022232446308108663,0.0003009779581108574,-0.06323485920488028,0.004685447983962413
2001-02-01,0.00014624646094874705,0.02619861514204918,-0.022233640813972277,0.00030093952519880053,-0.06320153210485001,0.004688389036973354
2001-02-02,0.0001462576973879254,0.02618752869090096,-0.02223389656716677,0.00030093500154575024,-0.06312706660537212,0.004690522545234972
2001-02-05,0.00014628862237963964,0.026172644356292518,-0.022233614565724823,0.00030069318883796153,-0.06317177531169578,0.004693324002331239
2001-02-06,0.00014628455410549908,0.026152014842076392,-0.02223379087312574,0.0003007377441026113,-0.06317827951014479,0.004696295139887327
2001-02-07,0.0001463301818688873,0.026135629826600646,-0.022234552625396056,0.00030068095975567435,-0.06319647180343758,0.004699554373240467
2001-02-08,0.0001464101592468343,0.026110863873225046,-0.02223570812817638,0.0003005026173093401,-0.06319630165608014,0.0047024499943444905
2001-02-09,0.00014648839794313535,0.026090070047230126,-0.022235754781311647,0.0003004317745499026,-0.06320631004574244,0.004704401628724345
2001-02-12,0.00014650979580523387,0.026071520347209318,-0.02223622548787267,0.0003002501458508672,-0.06318209127327985,0.004706917735964702
2001-02-13,0.0001465469736738555,0.026051126610159472,-0.02223769799397759,0.00030008332370785607,-0.06315712219707274,0.004708805494043761
2001-02-14,0.00014657391999298378,0.026030374457844764,-0.022237794689051717,0.0003001090714279835,-0.06314318998559222,0.0047123996727689
2001-02-15,0.00014661833098492786,0.026018528575123694,-0.02223815075453044,0.0003002265973528603,-0.06314979542655312,0.004715203058516349
2001-02-16,0.00014669561019617236,0.02599466273903644,-0.02223773154889154,0.00030005922772572937,-0.06311864727310976,0.004717430429386705
2001-02-21,0.00014673871277074742,0.02597902258604572,-0.02223750592712387,0.00030013964135433427,-0.06315176881870171,0.00471957863005859
2001-02-22,0.00014677106651215255,0.025954382426543597,-0.02223673562087991,0.00030024224830829443,-0.06314777536121843,0.0047220361458962055
2001-02-23,0.00014680762501149397,0.025939730466248766,-0.022236409442878642,0.0003004371475848805,-0.06317790259710022,0.004723823584237277
2001-02-26,0.00014681757768574347,0.025916876211713562,-0.022236510241198305,0.0003002471916885042,-0.06316504599128694,0.00472681209963737
2001-02-27,0.0001468290855995479,0.025902350336669797,-0.022236736137502697,0.0003001317823177855,-0.06321485934327556,0.004728957546221209
2001-02-28,0.0001469118020482359,0.02588046720442687,-0.02223717054823002,0.00030005975547100334,-0.06317488427012707,0.0047317028909854295
2001-03-01,0.00014689529073637166,0.0258647140149812,-0.022237423207292238,0.0003000341548360206,-0.06314341435353248,0.004734390834540729
2001-03-02,0.0001470089805469239,0.02584306249184406,-0.022237618606062253,0.00029990769936803703,-0.06315859628582979,0.0047358032172588075
2001-03-05,0.00014707258943065114,0.02582822680786455,-0.022237794220547787,0.00029999755023906176,-0.06311424638368279,0.0047388660377112755
2001-03-06,0.00014711889170556622,0.02580736620423197,-0.02223887417995624,0.0002999590936006881,-0.06313096389695262,0.004741790263307707
2001-03-07,0.0001471595505291916,0.025796544521571804,-0.022239358623212246,0.0002997404479537573,-0.06317117006754985,0.004744331340661834
2001-03-08,0.00014715447052504995,0.02578285391092882,-0.022239647364671846,0.00029947038001263516,-0.06314718440060854,0.0047461443092715406
2001-03-09,0.0001470647160903676,0.025763991653582913,-0.022240047349260328,0.00029946338984270556,-0.06314687387009407,0.004749037224251351
2001-03-12,0.00014713458358039518,0.025747923942988662,-0.02224052244994854,0.00029953191847599693,-0.0631274838364631,0.004752228232800642
2001-03-13,0.00014717068080611582,0.02572851259571033,-0.0222412380329439,0.00029956951192332607,-0.06312712321261138,0.004755254068680316
2001-03-14,0.0001471850328946854,0.02570952290678953,-0.022242218929299645,0.00029936067663445813,-0.06313314102052961,0.004757928345225528
2001-03-15,0.00014728221749414055,0.025686757604210426,-0.022242396131076283,0.0002993898036945729,-0.06306862665525444,0.004759673805080123
2001-03-16,0.0001473048771749703,0.02566764245608812,-0.02224290710176766,0.00029941131017889485,-0.06309988964776922,0.0047624390251395
2001-03-19,0.00014731336367416326,0.025649478946821586,-0.022243578272333992,0.00029927417418287774,-0.06308694921858587,0.00476391556333966
2001-03-20,0.00014738351471489235,0.025633040245253202,-0.022244156442350546,0.0002991904244317613,-0.06308580274363824,0.004765790545634186
2001-03-21,0.00014737611665220038,0.025616989509988395,-0.02224551473677374,0.0002991986265865734,-0.063072862461601,0.004768240232329228
2001-03-22,0.00014736239061759865,0.025596064200814388,-0.022245418343796623,0.0002991689697395994,-0.06303682658548011,0.004770236454484635
2001-03-23,0.00014742670843242463,0.025580500085968915,-0.022246528808064863,0.00029908601848937805,-0.0629822770391095,0.004772012563791982
2001-03-26,0.0001474506668446358,0.025565633139615282,-0.022246642969048228,0.00029876175163877036,-0.06291695263379875,0.00477434806666184
2001-03-27,0.00014750897312322173,0.0255478485740651,-0.022246444734640568,0.0002986580300830165,-0.06291668351584226,0.004777007342421593
2001-03-28,0.00014760109930869131,0.025530029726510705,-0.022246277929292166,0.00029858565590986427,-0.06290778398369806,0.0047799069214018546
2001-03-29,0.00014757955776960845,0.02551039273821778,-0.02224646798791627,0.0002982488484038106,-0.06291144042609587,0.004781865046369914
2001-03-30,0.00014762147322119938,0.025493026970073544,-0.022246568119680368,0.00029821103197790735,-0.06293226722746209,0.004784346701183375
2001-04-02,0.00014769262877049666,0.025476361127885837,-0.022246407308673204,0.00029808081373777935,-0.06291776558771643,0.0047862398469496765
2001-04-03,0.00014773730543786776,0.025460710898454853,-0.02224702900650538,0.0002979847152901103,-0.06289555979934525,0.004788630295917504
2001-04-04,0.00014777681100453476,0.025441343312845144,-0.022247787380805416,0.0002978452518673914,-0.06286892113222287,0.004791053671925361
2001-04-05,0.00014778337973768462,0.025426883567394483,-0.02224835453578933,0.00029792415497996227,-0.06286233323701984,0.004793558984711757
2001-04-06,0.0001478479743204702,0.025404061326993056,-0.022248581524152204,0.00029778304073094686,-0.06283783508394539,0.004795792620941604
2001-04-09,0.00014793394905341094,0.02538385612354282,-0.02224926031790808,0.0002977678537626815,-0.06281205170787085,0.004796356458911233
2001-04-10,0.00014790728246079113,0.025361810227104615,-0.022250039738269316,0.0002974798161256144,-0.06282775135522194,0.004797794262206322
2001-04-11,0.00014793644764084278,0.0253485601128998,-0.022250615597974283,0.0002972760593244017,-0.0628231235118686,0.004800314945590378
2001-04-12,0.00014797724559638612,0.025330759482893577,-0.022250697038865248,0.0002970601760080235,-0.06281528648284367,0.004802944978417366
2001-04-17,0.00014798344129634408,0.02531353831142827,-0.022251420873189764,0.0002967791843178053,-0.06275752743465685,0.004805697459693176
2001-04-18,0.00014803850433155207,0.025303291098033802,-0.022251077883241814,0.0002965604746486019,-0.06274702203306065,0.00480891036582794
2001-04-19,0.00014804588048587287,0.025287986764031278,-0.022251947424301033,0.0002965265209490455,-0.06272336823612543,0.004811054498111216
2001-04-20,0.0001480690466739987,0.02526566456532071,-0.02225262165533081,0.000296428473402799,-0.06266521933360722,0.004812087112374121
2001-04-23,0.00014809283740503903,0.02524695707715438,-0.02225173226873819,0.00029600284892521183,-0.06276359081538786,0.004813736463624482
2001-04-24,0.00014815113923466778,0.025234433660974977,-0.022252942896724952,0.0002960491854723834,-0.06275938264257552,0.0048167451885473105
2001-04-25,0.000148232232079311,0.02522699290152016,-0.022253738819818226,0.00029593461887157934,-0.06275472076124285,0.004818332184326464
2001-04-26,0.00014823392380333003,0.025214560186521077,-0.022253972225410864,0.0002958614589617599,-0.06273663797818974,0.004819942046330806
2001-04-27,0.00014828404398309678,0.02519800439894403,-0.022255075279392425,0.00029566572245186994,-0.06275123018341455,0.0048223286303144455
2001-04-30,0.00014828293827136735,0.025181136044337655,-0.02225483853852289,0.0002958245698203312,-0.06271596970072697,0.00482541510266336
2001-05-01,0.00014831341704588487,0.025163672298956254,-0.022255328355030073,0.0002957034794113477,-0.06268816168522742,0.004827456353845068
2001-05-02,0.00014836149224413463,0.025146469862556704,-0.02225539282226697,0.00029554137857666196,-0.06268026448635709,0.004829971947564122
2001-05-03,0.00014842100921190273,0.025135039529664345,-0.02225591814718078,0.00029538404289146993,-0.06264105305489856,0.004833210674910901
2001-05-04,0.00014849038124424896,0.025116195121716922,-0.022256680759273194,0.000295314531250704,-0.06265181085150384,0.004835415727575522
2001-05-07,0.00014842065246753924,0.02510249220325085,-0.02225687250435878,0.0002952546275679151,-0.06264779810715276,0.004837552981985443
2001-05-08,0.00014850653870492078,0.025086697485209676,-0.022258578019944828,0.00029511130347181146,-0.06264010404514399,0.004838640940503231
2001-05-09,0.00014847871974333019,0.025069818063284115,-0.022258371611832313,0.00029499972522769707,-0.06265879340865345,0.0048406598001688225
2001-05-10,0.00014854146075996105,0.025046915408071125,-0.022258318111769277,0.00029500156365892436,-0.0626936765381521,0.004842824258962253
2001-05-11,0.000148613639328961,0.025034846973082104,-0.02225776131027909,0.0002948125507649822,-0.06267772127634348,0.004846504629650342
2001-05-14,0.00014868149391107015,0.025015110379197913,-0.022257971727136876,0.00029487108422607483,-0.06261521164642223,0.004847157739586
2001-05-15,0.00014871667719568244,0.02500145173579894,-0.022258450648013073,0.0002948082244765923,-0.06257303927586999,0.004849112755814594
2001-05-16,0.00014873924597857087,0.02498726178042774,-0.022258128860725312,0.0002948259824777793,-0.06257248735101846,0.004852151198114564
2001-05-17,0.00014879533457298814,0.024969516860241757,-0.02225826016571421,0.0002947491639114627,-0.06262415781781672,0.004854677113067211
2001-05-18,0.00014886948346783647,0.024958901841493943,-0.022258465251175887,0.00029476528701193505,-0.06255215713471793,0.004856453498402357
2001-05-21,0.00014892293695271077,0.024946403617872183,-0.02225843769877646,0.0002947275752239287,-0.06252833988720545,0.004859303162414175
2001-05-22,0.00014886101144315802,0.02492276541149627,-0.022258832778611976,0.0002946130764375618,-0.06252813523159798,0.004861709173811311
2001-05-23,0.00014893239569294884,0.02490130342853054,-0.02225951052387095,0.00029472699292869297,-0.0625445637719085,0.004864271222261028
2001-05-24,0.000149015919988914,0.024887547237308214,-0.022259658376191045,0.00029465574040976757,-0.06248587248030772,0.004867091847303345
2001-05-25,0.00014901325353696988,0.024875281653011366,-0.02226053153119177,0.000294786396179089,-0.06248287881030326,0.004868976259475274
2001-05-30,0.0001490498517147918,0.024857098170032295,-0.022260823639946622,0.0002947626065614905,-0.06252668846856411,0.004870656298639423
2001-05-31,0.00014913826460368114,0.024837078636826108,-0.022261959541561276,0.0002947772770375062,-0.06246699380397109,0.004873927512108012
2001-06-01,0.00014913642297960627,0.02482135116577855,-0.022262060713411212,0.00029472400784159706,-0.06246340734369617,0.004876551528888233
2001-06-04,0.0001491448374996892,0.02481147626927727,-0.02226310304713747,0.00029475902869049975,-0.062400032405114846,0.004879406784480441
2001-06-05,0.00014925035721235336,0.024801381894460336,-0.022263558281563314,0.00029468604579850643,-0.06240939368942956,0.004882393305762593
2001-06-06,0.00014925902752046377,0.024785058978226936,-0.0222637700805146,0.0002946486377969454,-0.062425868724257524,0.004885102892507728
2001-06-07,0.00014929518460705222,0.02477296945261568,-0.022264434433058575,0.00029444687097439603,-0.06240914188425574,0.004886795530209049
2001-06-08,0.0001493278100928386,0.02476554968005565,-0.02226454229192125,0.0002942574297071791,-0.062397278005669986,0.004889041789399387
2001-06-11,0.00014935467954531458,0.02475023044806948,-0.02226565123123656,0.00029396934466965695,-0.0623395285713766,0.004891373498750942
2001-06-12,0.00014944641441221816,0.02473539794950926,-0.022266373014036934,0.00029411588092594684,-0.062334603708128954,0.004893758779828601
2001-06-13,0.0001495236648554045,0.024713420243739438,-0.022266391133475467,0.00029376885480028743,-0.06230073236726905,0.004895485531163621
2001-06-14,0.00014962658748197036,0.024695633546685865,-0.022266417784683416,0.00029355371516009147,-0.062246873691216634,0.004897961240016622
2001-06-15,0.00014963845942403997,0.02467895069848223,-0.022267578332600752,0.00029341164498536756,-0.06222209664032562,0.0049007174625415855
2001-06-18,0.0001496889662446986,0.024665886766300157,-0.022268402095033973,0.00029348519648201134,-0.06216683411542007,0.004903280054754379
2001-06-19,0.00014968118662748544,0.02465132043765302,-0.022268293768006236,0.0002932912948422094,-0.062186557715080824,0.004905669603215574
2001-06-20,0.0001497252550484062,0.024644509678799296,-0.0222697619714403,0.00029332268742300496,-0.062157284037944446,0.004907185365487619
2001-06-21,0.00014986197244469483,0.02463025864213412,-0.022271080957987167,0.0002931502101310856,-0.06210824510172502,0.0049107345438809446
2001-06-22,0.00014987978602120394,0.02460915838448336,-0.022272131428558824,0.0002932269496342025,-0.06209867034826439,0.004913266802188883
2001-06-25,0.00014990382324104364,0.02459334290904263,-0.02227271911331342,0.00029326744534548553,-0.06204458041646435,0.004915023200825223
2001-06-26,0.00014986930032963262,0.024580481739647518,-0.022272829808404615,0.00029335144884847734,-0.06205891343367941,0.004917673241151896
2001-06-27,0.0001498981150925185,0.024558763719407916,-0.022272166491714998,0.00029322728683111665,-0.062006513570618836,0.004919858156993207
2001-06-28,0.00014992492170859376,0.024546699897125,-0.02227313211731982,0.0002932225126037536,-0.06201244322464172,0.00492221104843069
2001-06-29,0.0001500444113390653,0.02452724780484565,-0.02227412600341611,0.00029319311062561877,-0.06203823647369417,0.004924772403851692
2001-07-02,0.00015015307509545588,0.024510392579742912,-0.022274825631946472,0.0002931585430686154,-0.06199035331653671,0.004928518679328803
2001-07-03,0.00015017914477341338,0.024493963830777968,-0.02227539331270475,0.0002931270627582721,-0.06199003485446935,0.004931733011048098
2001-07-06,0.0001502132299116688,0.024475672818846998,-0.02227602688228902,0.0002929935977264292,-0.06192464151601273,0.004933652798932721
2001-07-09,0.0001502850964773489,0.024456817319276423,-0.022276679546808113,0.0002928883216650779,-0.06185848788859544,0.0049350994805642924
2001-07-10,0.00015032181495718363,0.024438394946902045,-0.022277064545661363,0.00029277965304487594,-0.061847576721513385,0.004938112917900865
2001-07-11,0.00015035443558170916,0.024416583921033262,-0.022277494582738692,0.00029260164617347944,-0.061847786552031506,0.0049407043330009556
2001-07-12,0.0001504425016381295,0.024405387165774416,-0.022278641641964355,0.0002926543441215667,-0.061812149873548015,0.004942328788312095
2001-07-13,0.0001504744376042271,0.024385194091836235,-0.02227876534091309,0.00029254861443983284,-0.061745337573684875,0.004944721278979872
2001-07-16,0.00015051004971114882,0.024364494921674845,-0.022278808902536647,0.0002925220830610158,-0.061648478024788046,0.004947457424429258
2001-07-17,0.00015057653754482682,0.02435246263807584,-0.022280052675367083,0.00029257081522445264,-0.06164802808303209,0.004950962634957057
2001-07-18,0.00015056204700007126,0.02432563143344523,-0.022280649584900836,0.0002925395759591618,-0.061614795283191,0.004953117110642941
2001-07-19,0.00015058293112539507,0.024309463865296935,-0.02228118828564557,0.0002924580899153023,-0.06161644656705757,0.004954568576162945
2001-07-20,0.0001506531610314156,0.024293672691874553,-0.022282532715004463,0.00029238068718674784,-0.06158011329795444,0.004956762004933688
2001-07-23,0.00015066006395720073,0.02427659832154834,-0.022282350043999814,0.0002924385774719534,-0.061595029850687245,0.00495855097995512
2001-07-24,0.00015068397223517895,0.0242637352279773,-0.02228255142266109,0.00029232873138999583,-0.0615798103908145,0.00496010129118926
2001-07-25,0.00015076310418631918,0.024248049376012014,-0.022282044204310212,0.0002922420381203238,-0.061549627419332766,0.004961901233869748
2001-07-26,0.0001507936083213675,0.02423352459467871,-0.022283118373368903,0.00029209971662536846,-0.06151446234441039,0.004964470103278781
2001-07-27,0.00015079486773737893,0.024220498937621748,-0.022283485019784117,0.0002921344931724028,-0.061518767395100246,0.004966731247763201
2001-07-30,0.00015085970132495215,0.024202669842893758,-0.022283459104355575,0.0002921032894791368,-0.06144208670871248,0.004969481924157542
2001-07-31,0.00015088476656125002,0.02418959400574968,-0.022284339666136795,0.0002919559115938105,-0.06138590998831179,0.004971901247858932
2001-08-01,0.00015096151077856562,0.024180714100320876,-0.022284987962259705,0.0002918690942857134,-0.061315637130858226,0.004973978807996179
2001-08-02,0.00015097641335215213,0.02416861690502952,-0.022285347465104376,0.0002915480470050532,-0.06125512303671717,0.004977127911269833
2001-08-03,0.00015101467647734898,0.024150789089746355,-0.022284888021342243,0.0002912942666740376,-0.06122678038603783,0.004979389398409617
2001-08-06,0.00015098696404511406,0.024132581565318223,-0.022285178613663296,0.0002911355408642122,-0.06120092798378617,0.0049806789564349075
2001-08-07,0.00015097691113351034,0.02411492288764915,-0.02228661473619018,0.0002908850798444349,-0.06117824552348028,0.00498380661612469
2001-08-08,0.00015097027094150803,0.024103047443609717,-0.02228837757633759,0.0002906300972949702,-0.06119665273963582,0.0049862771478210305
2001-08-09,0.0001510412021151935,0.024091001844620322,-0.02228861440402364,0.0002905780487852027,-0.061209744225351026,0.004988254243945001
2001-08-10,0.00015113621730678786,0.024079293893595713,-0.022289399618224313,0.00029032858181694853,-0.06120774034427671,0.004990421926964426
2001-08-13,0.0001511654317799208,0.02406220604704194,-0.022289657601508042,0.00029018956458661845,-0.061188619747811784,0.004991677443315802
2001-08-14,0.00015118764635205548,0.024038419810660853,-0.022290424442596147,0.00029020516660318793,-0.06113837188241597,0.004993740408694678
2001-08-15,0.00015119153229629524,0.024021618340546915,-0.022291373964096448,0.0002902374384004785,-0.06108300899516879,0.00499634654293153
2001-08-16,0.0001512160805860447,0.024011086304920038,-0.022292768309987707,0.000290070636712686,-0.06108098572181597,0.00499847686575798
2001-08-17,0.0001512353652781602,0.023990246791245826,-0.02229397957451141,0.00029016053987107864,-0.061076913294278105,0.0050002788521165634
2001-08-20,0.00015124485186656107,0.023968018212043966,-0.02229434883716679,0.00029006462553917057,-0.0610255079657514,0.005002730517481365
2001-08-21,0.0001512698108125544,0.023947657651727735,-0.022295308277320243,0.00028967120399908496,-0.061034310201086385,0.005005231936272262
2001-08-22,0.00015131703594574686,0.023936092464401724,-0.022295918361921154,0.00028961962011281875,-0.060998639558571606,0.005008093267852311
2001-08-23,0.00015132595648370428,0.023921054885913635,-0.022295956036964232,0.0002897750790969117,-0.06096708188719554,0.005010398045063331
2001-08-24,0.00015135952373022897,0.02390703558632388,-0.022296834318930012,0.00028959760947856473,-0.06096085727365529,0.0050125459956723364
2001-08-27,0.0001513709671552577,0.023895145095900096,-0.022298506856480174,0.0002892138571653751,-0.06093398680562598,0.005014339472720373
2001-08-28,0.00015140928887864214,0.02387726714152647,-0.022298721330795142,0.00028902743871811324,-0.06092438953237061,0.005016465189728211
2001-08-29,0.00015133004254656277,0.023856103856794195,-0.022298602706954055,0.0002890789023422164,-0.060921725150527406,0.005018717961381987
2001-08-30,0.0001514488942505366,0.023839713822735677,-0.022298631485913458,0.00028894922577316675,-0.06088602812653432,0.0050204183387685935
2001-08-31,0.0001515069603220022,0.023827141335112188,-0.022298565828806988,0.00028883786677929196,-0.06082851603880174,0.005022551607714747
2001-09-05,0.0001515328580266457,0.02380755214076843,-0.022298664607906464,0.00028878510877248967,-0.06078283009260667,0.005023913750942106
2001-09-06,0.0001515826598971308,0.023793085764417236,-0.02229890516165981,0.00028869413173993725,-0.06074942190080133,0.005027876621426861
2001-09-07,0.00015156998240531625,0.023780400467358218,-0.022299749305506236,0.0002886680613012943,-0.06075100018319542,0.005030563317330223
2001-09-10,0.0001516378114799055,0.023764005177866927,-0.022300554061086972,0.0002885192479531231,-0.06068953975149771,0.005033738443234049
2001-09-18,0.0001517019016687161,0.023748183337749806,-0.022300055971664776,0.0002884087512043698,-0.06073008360396266,0.005036001155220685
2001-09-19,0.0001517997349580727,0.02373028783079854,-0.02230053227725497,0.00028816861612435883,-0.06067648689103765,0.00503866069365842
2001-09-20,0.00015182143261698765,0.023713135363171323,-0.022301830936441207,0.0002881389330116929,-0.060675868072723356,0.005040086209166666
2001-09-21,0.00015183386605224997,0.023700542489042055,-0.022301816372873182,0.0002879644824510578,-0.06066437001718225,0.005041543229828832
2001-09-24,0.0001518084524481716,0.02368908985855523,-0.022302830303223477,0.000287746858351889,-0.06063469187105167,0.005043032940703396
2001-09-25,0.00015179952381279516,0.023679487126145832,-0.0223028377600569,0.00028750163777206163,-0.06062521028564778,0.0050448384831273604
2001-09-26,0.00015184886243647974,0.02366873754168282,-0.02230375060687422,0.00028723951193091856,-0.060544275641535236,0.00504806489440329
2001-09-27,0.0001518748122077675,0.023656762743960898,-0.022303609331241352,0.0002870247744234888,-0.06052783150686313,0.005050476822195766
2001-09-28,0.00015188529190628768,0.023644621453772184,-0.022304856260196845,0.0002868597662537889,-0.060537779170123554,0.00505221275380475
2001-10-01,0.00015190345567656107,0.023630123675882988,-0.022304959454412125,0.00028655588096766055,-0.060484518754792535,0.005054030002616871
2001-10-02,0.00015195333420613493,0.023613144577076448,-0.022305467266555547,0.0002864884069087679,-0.06050001040998385,0.005055334231640333
2001-10-03,0.00015192779845600202,0.02359733429718523,-0.02230545754139811,0.00028635270271387095,-0.06051702766333408,0.00505735608322475
2001-10-04,0.00015193903148311323,0.02358692936104391,-0.02230667327107501,0.00028624616835087684,-0.06045692685956924,0.005059408201830828
2001-10-05,0.00015193352629655832,0.023574059094480314,-0.02230688352503775,0.0002861772404484333,-0.06046770729133996,0.0050610163660367476
2001-10-10,0.00015197992088675187,0.023561389717935758,-0.02230841366426619,0.0002859195572508349,-0.06043240612766461,0.005062877490427663
2001-10-11,0.0001519990261257434,0.02354407743244407,-0.022309731878449972,0.00028570801840475723,-0.060419550389015524,0.005064486425598131
2001-10-12,0.00015198907493821503,0.02352858011667799,-0.022310096459644428,0.00028563320507772014,-0.06047001610031224,0.005066228498734761
2001-10-15,0.00015209346221551059,0.02351939954808017,-0.022310256377236708,0.0002855416073616646,-0.0604608444648051,0.005067434606588358
2001-10-16,0.00015214902651556537,0.02351046012256454,-0.022310713790000616,0.00028573709590866663,-0.06044282410509642,0.005069465070477585
2001-10-17,0.00015222110397311434,0.02349716882740361,-0.02230971733711237,0.0002856428531697296,-0.06044990842246814,0.005072427300886254
2001-10-18,0.00015224782321403177,0.023485645058215498,-0.022310976877514148,0.0002855065293297578,-0.06043085499529907,0.005075203701863503
2001-10-19,0.00015225808131002455,0.02347622811756766,-0.022311615089252397,0.00028526732598641724,-0.060439850829418273,0.005077164250788595
2001-10-22,0.00015229620110482258,0.023466836593231906,-0.022311818621055458,0.0002851299404573031,-0.060462541688507766,0.0050799863244706065
2001-10-23,0.0001522810704696651,0.023447655443939452,-0.022312788136630783,0.00028505956503404825,-0.060448620219864704,0.005081704956977631
2001-10-24,0.00015233820036967915,0.023440342973493518,-0.022313310908049274,0.00028497342753839894,-0.06044803802658827,0.005083403408519714
2001-10-25,0.00015239853163919823,0.023428686914076707,-0.022314117879232178,0.00028489157870209905,-0.06043560503981782,0.005085251630681367
2001-10-26,0.0001524822988341719,0.023420125621772706,-0.022314602636323025,0.0002849781456600305,-0.06043341337201397,0.005086262305696807
2001-10-29,0.00015257332361810072,0.023415740479575276,-0.02231549018948747,0.00028505621778425656,-0.06046385974486708,0.00508816461474967
2001-10-30,0.000152597484109845,0.023409726298270872,-0.022316202939931508,0.00028487422453737037,-0.06050153536557872,0.0050896604209138925
2001-10-31,0.00015264096555950388,0.02339378385077073,-0.02231734800304069,0.0002848142183103421,-0.06053082140074864,0.005092305152143633
2001-11-01,0.00015264029298797153,0.023378859490823894,-0.02231845837349196,0.0002849898551762595,-0.06050745499580926,0.005094051971847565
2001-11-02,0.00015269289544708926,0.023367639523214894,-0.02231962543331222,0.0002849330356602374,-0.0604826366570815,0.005096066195045655
2001-11-05,0.00015275007773952342,0.023360757968846426,-0.0223213957635069,0.0002849410532185755,-0.06051434696811778,0.005097694156404695
2001-11-06,0.00015279102888620443,0.023356974349162146,-0.02232187630517862,0.00028490188810345205,-0.06048028868793292,0.005099107644908198
2001-11-07,0.00015285607938509205,0.023348419327753483,-0.022322208406226365,0.00028476796620587627,-0.060476840837115554,0.0051003459393211305
2001-11-08,0.0001528508237903341,0.02333774919745628,-0.022323392977457494,0.00028476512104992917,-0.060423538833942074,0.00510259742441009
2001-11-09,0.0001529532153515374,0.023322141255598186,-0.022323571295336585,0.0002846141144935556,-0.06043089036521729,0.005105261451861415
2001-11-14,0.00015300525956296802,0.0233162173571409,-0.02232405833837441,0.00028443522841588997,-0.060425472779010295,0.005107099127337501
2001-11-15,0.00015298847463236093,0.02330944039445387,-0.022324059897485222,0.00028421335765140335,-0.06041571585833137,0.005108184437503528
2001-11-16,0.00015296482620422733,0.023302892744641965,-0.02232449280931726,0.0002840491268646172,-0.06037744305699005,0.005109266274180089
2001-11-19,0.00015304678486564917,0.02329755420841461,-0.02232466403782407,0.0002838262836367735,-0.06039368245479339,0.005110920844498966
2001-11-20,0.00015306769938955495,0.02329866827778158,-0.022325421747803432,0.00028348325900308234,-0.06040606568010274,0.00511259653622893
2001-11-21,0.00015306942378642884,0.023291191646404533,-0.02232652847058095,0.0002832188526267253,-0.060425973568973335,0.005114280898542312
2001-11-26,0.00015313640411087102,0.023284683011877007,-0.022327097988945655,0.00028322111321983813,-0.060354489702092666,0.00511603682067454
2001-11-27,0.0001531635522224012,0.023273730273247903,-0.02232740756568529,0.00028311150494610024,-0.060325841833930006,0.0051185501148036106
2001-11-28,0.00015325783951425077,0.023267701043152532,-0.02232816875570654,0.00028307334036420606,-0.06036733948413401,0.005121204739493959
2001-11-29,0.00015328262590243473,0.023261768664218266,-0.022329842203560088,0.0002830207222350483,-0.060330018557074296,0.005122750120834185
2001-11-30,0.00015332976249302218,0.02325579328241508,-0.022330197342105295,0.0002829823292241065,-0.06030433408955151,0.00512411983069857
2001-12-03,0.00015340537065765663,0.023249997892581843,-0.022331113613703716,0.00028280592987460815,-0.06031161148858744,0.0051264066771464145
2001-12-04,0.00015337922004176544,0.02324432033441195,-0.022330965016281602,0.0002828422969533307,-0.06028804984333901,0.00512870851748321
2001-12-05,0.0001533767572654937,0.02323259694065956,-0.022330841378853876,0.00028226228581141666,-0.06028683133887651,0.00513047050149742
2001-12-06,0.00015333646535859043,0.0232203405355378,-0.022331930420300697,0.0002822873833907383,-0.060256490141889635,0.005131420804827286
2001-12-07,0.00015338823835539758,0.023206132318123365,-0.02233275032273624,0.0002821607491579738,-0.06023358116902644,0.005134601309337685
2001-12-10,0.0001534038267971245,0.023201291122802552,-0.022333249467783315,0.000282064343314846,-0.06026717483305576,0.005136546919801992
2001-12-11,0.00015340142588708968,0.023188965418949322,-0.022334304760425017,0.00028183608816148553,-0.06025247051432997,0.005139106200144608
2001-12-12,0.00015344778883520456,0.02317239343432628,-0.02233518508183959,0.00028179137073241546,-0.06019838767003956,0.005140419184564588
2001-12-13,0.00015358642770027338,0.023158629314243704,-0.022336636797380124,0.0002818068323898246,-0.060127496847945695,0.00514083337182283
2001-12-14,0.00015358640801172512,0.02315214547568804,-0.022337981091083946,0.00028167762891895194,-0.06009259569493894,0.005142344443802608
2001-12-17,0.00015356949579226393,0.023141104428305144,-0.022338309483890116,0.0002817589590999474,-0.06009489853534568,0.005144895801745435
2001-12-18,0.00015363496130317824,0.02313310604172624,-0.02233940574704701,0.0002816937277888989,-0.060086676755243304,0.00514685839109928
2001-12-19,0.00015369383383748,0.023127582320986488,-0.022339955701378745,0.000281396906765786,-0.06007951752548684,0.005148955822892746
2001-12-20,0.00015375629835801872,0.023124301183705724,-0.022340819620343864,0.0002813331324268192,-0.060058799302121116,0.005150083387985149
2001-12-21,0.00015383403763847647,0.023115099269041626,-0.02234170370739301,0.00028136301846569785,-0.06003840312554902,0.005151943783974109
2001-12-24,0.00015385833034226097,0.023110180751818334,-0.02234261864668257,0.00028144966641511083,-0.06002421544239328,0.005152360212632118
2001-12-27,0.00015393605601044482,0.023105114982678743,-0.022343729215130597,0.00028143099344927954,-0.06002320517998451,0.005155023727911649
2001-12-28,0.0001539791032466115,0.02309643046782346,-0.0223451122479647,0.00028123274293808277,-0.0599761184945352,0.005157205416314719
2001-12-31,0.0001540312164458291,0.02308684420191966,-0.022346422678668994,0.00028121011605325435,-0.05997026028155111,0.005159501930501225
2002-01-03,0.00015401527553023843,0.023079586062387494,-0.022347713175169412,0.0002811837159430328,-0.05991868207172725,0.005161917760145243
2002-01-04,0.0001540210819504374,0.023071080928845765,-0.022348639013873593,0.0002811638752925472,-0.0598904087117508,0.005162962621489203
2002-01-07,0.00015411602425190762,0.023062428156089193,-0.022349333846695133,0.0002811951642597085,-0.05981660378055194,0.005163623231419686
2002-01-08,0.00015416771342768564,0.023051096535566612,-0.022349952507374517,0.0002809461089868522,-0.059752281167101955,0.005164472486088763
2002-01-09,0.00015417525030340598,0.02304178303675819,-0.022349941836363196,0.000280750943318818,-0.059764170879353096,0.0051665776205809325
2002-01-10,0.00015419663063019986,0.023027823945183802,-0.02235125841728985,0.0002806782107566941,-0.059780735031308346,0.005167824290334562
2002-01-11,0.00015425369542862517,0.023021419435239703,-0.022351667631058298,0.0002806436835187876,-0.05977076892664584,0.005169549143821392
2002-01-14,0.00015431470492448886,0.023013361199371286,-0.022352951916478882,0.0002807009263849844,-0.05976447909098209,0.005171317802767876
2002-01-15,0.00015434296274554062,0.022996513305917076,-0.02235318198100741,0.00028060441767235845,-0.05975142255768829,0.005173145507448589
2002-01-16,0.00015437202544121078,0.022992064432531864,-0.0223544194883319,0.000280633055279133,-0.059718875059410426,0.005175317856242306
2002-01-17,0.00015440041162812672,0.02298008074919202,-0.022355468553981725,0.0002805742666402703,-0.059669062338358496,0.005177675782201736
2002-01-18,0.00015443216133431478,0.022970713187820405,-0.022356161307023163,0.0002804699399610429,-0.059601193832322805,0.005179172312399801
2002-01-23,0.00015451693071611095,0.02296546342471382,-0.022355932695581063,0.0002802270549992443,-0.05962358064314865,0.005181161453337463
2002-01-24,0.00015458830978536537,0.022960502797354752,-0.02235648893733448,0.0002800912324514915,-0.05963300354335027,0.005183372313526943
2002-01-25,0.00015472250572789504,0.022949710378443768,-0.022357327354882755,0.0002800459803104653,-0.059559274704947394,0.005185582620466389
2002-01-28,0.00015473497896503413,0.02294478297752993,-0.022357226402513614,0.0002799436893943773,-0.059484907443236534,0.0051863875479133785
2002-01-29,0.00015478517730250222,0.022936177352035753,-0.02235830789545854,0.00027987703056920693,-0.0594272171715166,0.005187862090078403
2002-01-30,0.00015481295013456507,0.022927187140211053,-0.022359938012827457,0.00027977951662471075,-0.05942166561044521,0.005189532807442934
2002-01-31,0.00015483809254587138,0.022921103256628095,-0.02236078508563828,0.00027975587118334125,-0.05939734008484842,0.005192003936854979
2002-02-01,0.00015497380213675105,0.022913349483482243,-0.02236094037563132,0.0002796275659260274,-0.05938859295806538,0.005193913277177934
2002-02-04,0.00015507045961628236,0.022905747959430164,-0.0223619050584124,0.000279621439558439,-0.05934693835841188,0.005195926159351862
2002-02-05,0.0001551013258528877,0.022900723274380752,-0.022363795063254557,0.00027954246919043675,-0.059320507763703206,0.005197835175832782
2002-02-06,0.0001551583997837687,0.02289165798101627,-0.022364515692728012,0.0002794360989698972,-0.05936832623517744,0.005198490302375184
2002-02-07,0.00015522261852213553,0.022885933289504935,-0.022365265221605098,0.00027942597440172963,-0.05935677813410839,0.005200754841889636
2002-02-08,0.00015530389378869437,0.02287486521255891,-0.022366592445410352,0.0002795515362743336,-0.05933455899640064,0.005202085630753906
2002-02-11,0.0001553781959005985,0.02286715648646765,-0.02236745788546124,0.0002797488529163177,-0.05931840591742692,0.0052039812099154955
2002-02-12,0.0001554982478417669,0.022859430485410646,-0.022368113612875135,0.0002796546797643085,-0.05929280570056135,0.005204915778945854
2002-02-13,0.0001555417002941637,0.022853669483244052,-0.022369179893842118,0.00027966181940178265,-0.05925160544172686,0.005206316934232781
2002-02-14,0.00015554683526409184,0.022840060521616586,-0.022371025493997578,0.0002796312669482982,-0.059250916553039164,0.005207314647614242
2002-02-15,0.0001556237698327832,0.022831152365874467,-0.022371843689650422,0.00027954009123381667,-0.05921639707842726,0.005209616701115156
2002-02-20,0.0001556334432555969,0.022822325814318267,-0.02237273579760341,0.00027941392659370476,-0.059200973862842385,0.005211116811055835
2002-02-21,0.00015574534528682454,0.022818533709102213,-0.022373054484442885,0.0002792072344813288,-0.05917857170306323,0.00521212485238372
2002-02-22,0.00015573898708452026,0.022810670908289993,-0.02237345216469745,0.0002789832044777004,-0.05913087875815007,0.005213021094769522
2002-02-25,0.0001558817870260088,0.02280243739414964,-0.022374476225235817,0.0002789261002850628,-0.05912562106527668,0.005213740412749086
2002-02-26,0.0001559356539834368,0.022785507243555617,-0.022374099327857448,0.0002788453495477367,-0.05907892156611046,0.005214576057456414
2002-02-27,0.0001560218733603658,0.022775104066262895,-0.02237530312229406,0.0002786097375754257,-0.05906790224833506,0.005216824317445755
2002-02-28,0.00015604830001812278,0.022767680765527862,-0.022375899731476325,0.0002784322280545407,-0.05905327485815634,0.005217558334558712
2002-03-01,0.00015607688727776737,0.022762902634117,-0.022376695515790964,0.00027803576267382496,-0.05903962575918494,0.005217141662266091
2002-03-04,0.00015618011929960216,0.022754708771254375,-0.0223781671122105,0.0002779179661060543,-0.05906524435318893,0.005218137135614679
2002-03-05,0.00015621696356316349,0.022750208681196597,-0.02237858554550525,0.0002777348425749596,-0.05901116812576423,0.0052190820928430465
2002-03-06,0.0001562801353285496,0.02274307087642463,-0.022379199401062564,0.0002776843170392379,-0.05894841337563947,0.0052192597073065965
2002-03-07,0.00015633140032114348,0.022741180516680143,-0.022379809764523213,0.000277422761143284,-0.058960509243278905,0.005221160731236046
2002-03-08,0.00015645815387135028,0.022735688234979717,-0.02238021136832006,0.0002772651847149424,-0.05896464597996703,0.005222429886967739
2002-03-11,0.00015648053689693486,0.022722165846969903,-0.022380227225274864,0.0002769472570509335,-0.0589113103423872,0.005222733894153922
2002-03-12,0.0001565791805263371,0.022710655096415122,-0.022381211084494486,0.0002769716264045845,-0.058882864153684114,0.0052239862473620596
2002-03-13,0.00015660685542565173,0.022699285486082105,-0.02238246722955865,0.0002768785040382415,-0.05890583515736059,0.005226267552379573
2002-03-14,0.00015672816260382433,0.022689080816798542,-0.02238432084324048,0.0002768874667188989,-0.058855768901388994,0.005228283920202057
2002-03-15,0.00015673334031284235,0.02268547128123638,-0.022386603069999903,0.0002766323241206432,-0.05879810913131471,0.005229660050431146
2002-03-18,0.00015678356835066337,0.022680533747497705,-0.02238826448137067,0.00027630877028432635,-0.05880123479284431,0.005230225002592371
2002-03-19,0.00015675259897856468,0.022669754421219653,-0.02239015588139717,0.000275959745339917,-0.05881377370534306,0.005231476582706661
2002-03-20,0.0001568324004944079,0.022660653203190134,-0.022391256879881742,0.0002758472135032729,-0.05876269073782585,0.005233036895908874
2002-03-21,0.00015685057671168152,0.022653808474380567,-0.022392922246848822,0.00027589250755267303,-0.058759823552594126,0.005234666975781869
2002-03-22,0.00015690093583434385,0.022648730636602082,-0.022395443874100047,0.00027573565151186577,-0.05872770393545744,0.005235717580558255
2002-03-25,0.00015697015969120233,0.022639525294082197,-0.022397017187437203,0.00027571014571082825,-0.058745142545600634,0.0052370017715896704
2002-03-26,0.00015703449949945722,0.022626574453947623,-0.022398772175378088,0.00027573690440465935,-0.05872957205147829,0.005238022686187226
2002-03-27,0.00015700528636951642,0.022617910754573714,-0.022399809403524904,0.00027541354031849525,-0.058724543329988874,0.005240580610303986
2002-03-28,0.0001570400800502899,0.022610863584355427,-0.022400953995785854,0.0002753808842704825,-0.05866107744121768,0.005242000271691832
2002-04-02,0.0001570985184972794,0.0226067049490353,-0.022402302325800465,0.0002752995615248531,-0.058669097373753365,0.005242634968193951
2002-04-03,0.00015715583757156088,0.022600907341523244,-0.022404335281439168,0.000275302783967863,-0.05863507169346159,0.005243461635743705
2002-04-04,0.00015718325000060786,0.022591937846547817,-0.022406521777730334,0.0002752502664576903,-0.05867035756024297,0.005245387999598782
2002-04-05,0.00015723339949748322,0.022589001607903836,-0.02240838608714496,0.00027510171561106767,-0.05865493071201484,0.005246822241050974
2002-04-08,0.0001573133473859456,0.022583774875617302,-0.022409327553228324,0.00027495270583762253,-0.05865205895870181,0.005248528623497616
2002-04-09,0.00015743105637250096,0.022575283761945564,-0.02241020938577632,0.00027481185937672193,-0.05866245427069759,0.005249982439573606
2002-04-10,0.00015745166921185617,0.02257224795563376,-0.022411584290915602,0.0002748139472538067,-0.05862737290239002,0.005250815377526804
2002-04-11,0.0001575093111199024,0.022563519539861947,-0.02241331558931759,0.0002749960518937427,-0.058578108777445514,0.005253058479306854
2002-04-12,0.00015764752192169083,0.022553134455197056,-0.02241416352902298,0.00027490335618873693,-0.05853601875819647,0.0052550847168211495
2002-04-15,0.00015764519536266684,0.022546735142293006,-0.022414515398124946,0.0002747659980285139,-0.05855493458712722,0.005257536585126562
2002-04-16,0.00015767617115280735,0.02253560010223064,-0.02241587746662903,0.0002748342991036269,-0.05857348591908826,0.005257798344811861
2002-04-17,0.00015773040630096528,0.022524559517163534,-0.02241673102843658,0.0002746442407566319,-0.05854970269270391,0.005259727017702326
2002-04-18,0.0001577270790295521,0.02252413313246008,-0.02241793552722015,0.0002744368696661113,-0.05851064693489496,0.0052612560823181165
2002-04-19,0.00015779456975410482,0.0225209461730572,-0.02241962523206617,0.0002742880397563221,-0.05850919415801761,0.005262363182636499
2002-04-22,0.0001578516549517486,0.02251227412051171,-0.022420518142726633,0.0002740501850924211,-0.05848273918009595,0.005262837561310985
2002-04-23,0.00015786240234168586,0.02250604081434022,-0.0224215711447948,0.00027395886745379714,-0.05843182922341408,0.005265437240370846
2002-04-24,0.0001579414536251674,0.02249955133352014,-0.022422521830567952,0.00027388088772122617,-0.058381606797192724,0.005266728307832902
2002-04-25,0.00015800817818982372,0.02248849389380892,-0.022424280419457755,0.00027388948325596355,-0.058327169777635114,0.005268236930290215
2002-04-26,0.0001580552503587016,0.0224806496180273,-0.022426407885728018,0.0002739518623798025,-0.05829834310043395,0.0052700297000267985
2002-04-29,0.00015811774444729688,0.022479095094739485,-0.022427034330813136,0.00027383705395571487,-0.05827230644848185,0.005271562434805926
2002-04-30,0.0001581427305174281,0.022473042823411005,-0.022427488533441342,0.0002736983788190325,-0.05830094392063031,0.005272288720373427
2002-05-01,0.00015825592823019648,0.022471372688437588,-0.02242950944688543,0.0002735123818143683,-0.05830177190793775,0.005275228613121246
2002-05-02,0.00015834278212241656,0.022464206651980574,-0.022430350450492867,0.00027327516687279245,-0.0582697843181639,0.005277429643829875
2002-05-03,0.000158400940532375,0.022459528603851003,-0.022432141965350202,0.0002731125184283854,-0.058262448413242046,0.005278147290205252
2002-05-06,0.00015840852138332352,0.0224525244664827,-0.02243453107525725,0.0002730239587252228,-0.058207095444624726,0.00528042675167522
2002-05-07,0.00015842822439728378,0.022447950247252362,-0.02243642730826396,0.0002729552508131108,-0.058143969549788975,0.005281179340981221
2002-05-08,0.00015853231031847664,0.022446682773971646,-0.02243762605492864,0.0002728658035250118,-0.058111358983771975,0.0052826080442982945
2002-05-09,0.00015858542529767516,0.02244352035592879,-0.022439103416832612,0.0002727873420911863,-0.05806344642553518,0.0052844304916445295
2002-05-10,0.00015862849403352236,0.022441216627092603,-0.022439366031379488,0.0002728537200794062,-0.05808622854258039,0.005284848250022975
2002-05-13,0.0001586639913236812,0.02243695804897393,-0.02244071483862878,0.0002728848443455834,-0.05810699415826776,0.005286296157708571
2002-05-14,0.00015866320442402523,0.022433266661289232,-0.02244140037959362,0.00027299218081556787,-0.05810625133845598,0.005286899790969903
2002-05-15,0.00015869803231774606,0.02242675194784443,-0.02244164614708824,0.0002729073690545504,-0.058118255172205695,0.00528648226182537
2002-05-16,0.0001587082191330099,0.022422770105878457,-0.02244363610023272,0.0002727437175405066,-0.05812116579072393,0.00528773884955075
2002-05-17,0.00015872277040828063,0.02242247133625504,-0.022443776761260834,0.0002725869760141663,-0.05810941056912792,0.005289723480527416
2002-05-20,0.0001587163237176081,0.02241917075760224,-0.02244469522571019,0.0002725763424417051,-0.05802654301667511,0.005291281650092631
2002-05-21,0.00015872914045445886,0.022414281248652176,-0.0224447720700613,0.0002725520582303331,-0.05799973974148109,0.005292639504390579
2002-05-22,0.00015874174520702703,0.022409043121305136,-0.022444859013084434,0.0002725997317399803,-0.05799677143637489,0.005294620289982612
2002-05-23,0.00015881280638969076,0.022401607310888735,-0.022445699793889703,0.0002724829623648264,-0.05798838405023304,0.005295542016540224
2002-05-24,0.000158863204908562,0.022401640698303533,-0.02244615275005132,0.0002724235743155836,-0.057964739915951705,0.005296996975123611
2002-05-29,0.00015890253680746083,0.022395224894512157,-0.022446409503193644,0.00027232773958316055,-0.057946224878079426,0.00529806653287826
2002-05-30,0.00015892464192641517,0.022393259214150085,-0.022447394040774397,0.0002723688535018594,-0.05791714421441408,0.005299900552812658
2002-05-31,0.00015896063934348783,0.022390010936148026,-0.022449007071473192,0.0002725213908492055,-0.05795411210136747,0.005300428537002079
2002-06-03,0.00015896842057221304,0.02238271262936599,-0.022450857750490095,0.00027239057707855856,-0.05794384181045683,0.005301050110130997
2002-06-04,0.0001590467292525428,0.022380121120865827,-0.022452510902359748,0.00027235218900219964,-0.05791012592281774,0.005302725278338802
2002-06-05,0.00015904265480886612,0.022370953773479765,-0.022453059953169832,0.0002722206802562345,-0.0578893255688116,0.005303555429341691
2002-06-06,0.00015911405572149415,0.022366805784143413,-0.022454616145694467,0.0002718821476732295,-0.05788453581093647,0.00530420191326305
2002-06-07,0.00015914208867422224,0.022366836770779247,-0.022455930841426996,0.00027169092331868615,-0.057849081183709454,0.0053053601501006215
2002-06-10,0.00015924817023983017,0.022372668387043514,-0.02245692425199463,0.00027132849651340053,-0.05784601167700817,0.00530592169719612
2002-06-11,0.00015929706794437276,0.0223659582242944,-0.02245829611425451,0.0002712096874744976,-0.05784321722770356,0.005307264832499681
2002-06-12,0.00015933710121301676,0.022366062963318157,-0.022461126910065268,0.0002710999724165544,-0.05785337867950496,0.0053085317454062905
2002-06-13,0.00015931969123167335,0.022359644048080586,-0.022461585986004656,0.0002709774020036678,-0.05785579270213325,0.0053089850995269436
2002-06-14,0.00015940847072870524,0.022356236291951524,-0.02246311605538774,0.0002709433178517236,-0.05784933132353923,0.00530965522973933
2002-06-17,0.00015938063321477622,0.022350699724260507,-0.022464704559521684,0.0002709533069076154,-0.057843251683595914,0.00531126929340391
2002-06-18,0.00015936270722747049,0.022343967506811564,-0.022465034513395418,0.0002709935679419184,-0.0578187707568525,0.005312180091703068
2002-06-19,0.00015938357344535004,0.02234956239618604,-0.022466243222967707,0.000271083361307361,-0.05781227772317142,0.005313543225809828
2002-06-20,0.0001593813049105318,0.022346506375200813,-0.02246710095694271,0.00027086561703250264,-0.057751145326653805,0.00531484603364306
2002-06-21,0.00015941636223914038,0.022343458075570394,-0.022468037867313134,0.00027094796469508874,-0.05774422795156528,0.005315154736956079
2002-06-24,0.00015940531214926954,0.022348572990276542,-0.0224685901097637,0.00027110564149929065,-0.057739301430313084,0.005315967106694493
2002-06-25,0.0001593714268206822,0.022347070877350272,-0.022469720240950872,0.0002710604108424313,-0.05777874712583971,0.005316734139696118
2002-06-26,0.0001594128340043731,0.02234278768097907,-0.022471433273751083,0.00027101956604635313,-0.057735341214255574,0.005317795434079698
2002-06-27,0.0001594343428719571,0.022341453285131395,-0.022473104014254057,0.00027081654253356614,-0.05772646886235659,0.00531798031180033
2002-06-28,0.00015952675932479006,0.02233911358476587,-0.022474415645626092,0.00027068093694613085,-0.05772860793740309,0.005319549893689971
2002-07-01,0.00015949347188266724,0.022334577271570975,-0.022475226932807353,0.0002703034825797773,-0.057742978293516545,0.00532093380376152
2002-07-02,0.00015952107330142182,0.022327471493860947,-0.02247648411163412,0.0002703241631328684,-0.05771678682960544,0.005322073154849564
2002-07-03,0.0001595714867949362,0.022324598990516475,-0.02247783656852516,0.0002701926572037753,-0.0577157056271172,0.00532309200100757
2002-07-08,0.00015955110270742093,0.02231839463900396,-0.022479178422437813,0.00027034711059980546,-0.057698661510014494,0.005323409526059104
2002-07-09,0.00015959182521439456,0.022311202208903064,-0.022480961271085644,0.0002705236876120991,-0.05765751382346811,0.005323507221040665
2002-07-10,0.00015962641168836342,0.022307059408996997,-0.022482015476702245,0.0002704573843295376,-0.057668285995276757,0.005325560108276978
2002-07-11,0.00015969260652417001,0.0223092475254525,-0.02248273486898525,0.0002703253303382453,-0.057640486062735356,0.005326277327996946
2002-07-12,0.00015963754591107876,0.022306975990397042,-0.022483419013268145,0.0002701755908737003,-0.0576003984388782,0.00532769565183772
2002-07-15,0.00015969586302338028,0.0223053729435918,-0.022484824358680124,0.00026995632686205567,-0.057574828952910176,0.005329227148908808
2002-07-16,0.00015967657176236172,0.02230370524921329,-0.022485591172723,0.00026991544452392447,-0.05758793656385445,0.005330516772131215
2002-07-17,0.00015975218271286378,0.022293956055855806,-0.022486599593252003,0.0002700126407477515,-0.05762639383910164,0.005332400814413309
2002-07-18,0.00015984538377919873,0.02228950199207255,-0.022486939389174364,0.00027003071882816874,-0.05760668948784732,0.005333515459888104
2002-07-19,0.00015977556790796482,0.022282272990301857,-0.02248757803093754,0.00026981606028028064,-0.05758939159228805,0.005334484315911664
2002-07-22,0.00015982961739372222,0.02228693515840893,-0.022487881670268408,0.00026981796196591876,-0.05750563996686918,0.005336098046889328
2002-07-23,0.00015983629626763077,0.022293375447578978,-0.022488105669448234,0.0002696593899940649,-0.05750062527730923,0.005335306204788818
2002-07-24,0.00015988383343571266,0.02228579075025041,-0.022488969814827283,0.00026975335204241856,-0.05747910017449755,0.005336458606389758
2002-07-25,0.00015988707347574277,0.022283765829271527,-0.02249049273498845,0.00026969577140388524,-0.05746193992022493,0.005337806598865354
2002-07-26,0.000159876306072253,0.022280748804535806,-0.022490803493715135,0.0002693982706215964,-0.057454577715135874,0.005339050231767686
2002-07-29,0.000159900512111104,0.022274239543181862,-0.022491576391102906,0.00026926548413214337,-0.05741128077995558,0.005340316349085945
2002-07-30,0.00015987557201270494,0.02227638231771034,-0.022493257023859015,0.0002691195100723341,-0.05737422555204208,0.005341870228337366
2002-07-31,0.00015991791540052392,0.02227948207361282,-0.022494554029259515,0.0002691951512080537,-0.05738678530613919,0.005343023104162167
2002-08-01,0.0001599524479274237,0.022282780765369964,-0.022495795748169987,0.00026909599151939546,-0.05736876253702903,0.005344954034384369
2002-08-02,0.0001599686072543549,0.022279791208983594,-0.022496914051241396,0.00026903561184355877,-0.05737127169427052,0.005346035143119556
2002-08-05,0.0001598981663326341,0.022270664822615558,-0.022498069630775178,0.0002688857483936258,-0.057333683237367844,0.005346244031671107
2002-08-06,0.00015987917529605358,0.022267514538163113,-0.02249900647863918,0.00026865577029576367,-0.057308798770514494,0.005347432572272404
2002-08-07,0.00015989271979893413,0.022266802217358293,-0.022501196453142462,0.0002685359407345418,-0.057287016590163435,0.0053482282637138025
2002-08-08,0.0001599487220047956,0.022264075151698346,-0.022501569175401144,0.000268373466428758,-0.057223064812206285,0.005348506358533291
2002-08-09,0.00015993259715575516,0.022265141997859124,-0.022502334353534936,0.0002682301476405304,-0.057211057563865096,0.005349515241755738
2002-08-12,0.00015994736211980898,0.02226375625850969,-0.02250269172895675,0.0002684422888130904,-0.057215696958822074,0.005350949073883186
2002-08-13,0.00015999803224982,0.02226908715033979,-0.022503023230490783,0.00026836074386604974,-0.05719803773511208,0.005351805010425534
2002-08-14,0.0001600706902947878,0.022271376679504587,-0.022503370898492088,0.00026869587356153187,-0.057183429685142444,0.005352719241897397
2002-08-15,0.00016011426506039455,0.02226995435111161,-0.02250450803763538,0.0002685246088428288,-0.05716662155268497,0.005354334394848043
2002-08-16,0.00016013225255611809,0.022266742531520264,-0.022504739484145986,0.00026861259147499886,-0.057180910810794225,0.005355444763972721
2002-08-19,0.00016018783997960416,0.022274627787458617,-0.022506273176710993,0.00026869362454631855,-0.057133994955240686,0.005356730772526
2002-08-20,0.00016013186204572608,0.022280764814546234,-0.022507212598250458,0.00026869904068627413,-0.057112177672911504,0.005358440828513097
2002-08-21,0.00016010309278366233,0.022280011908572518,-0.02250825376593055,0.000268663599934781,-0.05705650994321994,0.005359758936988569
2002-08-22,0.0001600555815063079,0.022273603287159282,-0.022509261131601413,0.0002686848865724196,-0.057084449853303736,0.005360528932324723
2002-08-23,0.00016004533584653032,0.022268025971965234,-0.022509460534987827,0.00026872776730806487,-0.05708248217748907,0.005360829847780775
2002-08-26,0.00016000964311880655,0.02227425918205552,-0.02251158035265886,0.00026846461635391175,-0.05713250011016811,0.005361598097140014
2002-08-27,0.00016004734470848508,0.02227546967493719,-0.022512500042281936,0.0002682376232510582,-0.057153335468844366,0.005363284901328542
2002-08-28,0.00016012560614469423,0.022282959177571116,-0.022512851532767365,0.00026837747111167727,-0.057090453914988605,0.005363884020186299
2002-08-29,0.00016019145015640647,0.022277805749658208,-0.02251323291667587,0.0002683124091850206,-0.05710170291563069,0.0053641482700623145
2002-08-30,0.00016024160540956312,0.022279019088091684,-0.02251509142938563,0.0002682205062057107,-0.05709473637056309,0.005364749433207807
2002-09-04,0.00016029096248844208,0.02228455843870729,-0.022515508256361297,0.0002683615359301794,-0.05713077228491593,0.005365600545848919
2002-09-05,0.00016025072384377807,0.022285143073765792,-0.022515609404161856,0.0002682567072524719,-0.057119657911822365,0.005366733931293866
2002-09-06,0.00016027149913227108,0.022286113483056043,-0.022515703500730885,0.00026806433704987227,-0.05709391767453354,0.005366976553978868
2002-09-09,0.00016028345447869456,0.02228425032604483,-0.022517296077849667,0.00026791388236777547,-0.057114359995260676,0.0053670275376896445
2002-09-10,0.00016030437108306995,0.022281239616706486,-0.02251743532464455,0.0002677720755408593,-0.05707378509440674,0.005367083312512139
2002-09-11,0.00016036310528605077,0.022281135688186807,-0.022517900774485518,0.00026777005247279615,-0.05703624973823758,0.005369150246467904
2002-09-12,0.00016033384946718363,0.022278663025996383,-0.022518364114471303,0.00026777952299029533,-0.05702078343070454,0.00536955716198106
2002-09-13,0.00016036654920596573,0.02227672791676965,-0.022519516523468848,0.00026796029072657425,-0.056958656112361054,0.00537071040741288
2002-09-16,0.0001603976279912867,0.022273504979139713,-0.02251998912866656,0.0002679421076988011,-0.05692670748976556,0.005371187889083684
2002-09-17,0.00016042132245179435,0.02227677901624006,-0.02252048409189413,0.000268069300668575,-0.05692256451025311,0.005371081725059436
2002-09-18,0.00016053141499206884,0.022274086170358483,-0.022521468721408984,0.0002680014089409658,-0.05696542518555632,0.005371630099824866
2002-09-19,0.00016052044361885897,0.02227947955147887,-0.022522540628315785,0.00026796614130803224,-0.05693096529275309,0.005371710805165913
2002-09-20,0.00016055427481213386,0.022273857645087602,-0.022524078971412228,0.0002678535188318914,-0.05689633730548224,0.005372007800322995
2002-09-23,0.000160616323718015,0.022272931516924735,-0.0225251504022151,0.0002676054972645965,-0.056870971741899506,0.005373637316250608
2002-09-24,0.00016064443221722736,0.02227291286809348,-0.022525347130079306,0.000267773449584291,-0.05683202433216232,0.005375298066596373
2002-09-25,0.00016068944920535796,0.022272364353048617,-0.02252518959086164,0.0002676871392220449,-0.05681412272540551,0.00537529712413729
2002-09-26,0.000160726631129975,0.022277471745925,-0.02252533584236698,0.00026748373589511394,-0.05682068229100087,0.005375363554713819
2002-09-27,0.0001608163118513568,0.02228064494045442,-0.02252576448527854,0.0002675576546556111,-0.05674039563484182,0.005375762296069797
2002-09-30,0.0001608171607772615,0.022271083149081272,-0.022525604816664956,0.0002675903658212918,-0.05673320084216034,0.005377117103876985
2002-10-01,0.00016080371098441977,0.022268456353837625,-0.022525690101895375,0.0002675215249177114,-0.056646868512907324,0.0053777526382798625
2002-10-02,0.0001608911831400751,0.02226117419789432,-0.022527190998884145,0.00026762385276727035,-0.056634861229306395,0.005378322611925645
2002-10-03,0.00016090354352705575,0.022261505090732887,-0.022528048841565545,0.0002675948985651317,-0.0566100884366575,0.0053796628359504516
2002-10-04,0.00016100458892060946,0.022256906631649597,-0.02252871350393349,0.0002676858673421382,-0.05659639717239266,0.0053813848680389995
2002-10-07,0.00016109926570642303,0.022254794515985866,-0.0225293363764639,0.00026771201101752524,-0.056558274025600465,0.005381801026452138
2002-10-08,0.00016107678087292317,0.022260046353225805,-0.02252976651183105,0.0002675463681514126,-0.05656554516909792,0.00538241527177994
2002-10-09,0.00016111240677059056,0.02225493038986766,-0.022531295307088247,0.0002677415478862791,-0.05651182865239233,0.005382554313442392
2002-10-10,0.00016119418372382262,0.022253885933504566,-0.022532337628163254,0.00026777753896247553,-0.05651415876329275,0.005384155845781321
2002-10-11,0.00016121046497018937,0.022250413594859512,-0.022533218623801154,0.0002677507641808008,-0.05648980526803328,0.005384361693867886
2002-10-16,0.00016123013792502204,0.0222522665550524,-0.022534364313784076,0.0002678968125374281,-0.05646081463218272,0.005384573039817701
2002-10-17,0.0001613054180902039,0.022251748327774577,-0.022533746117796516,0.00026793235022136246,-0.05641604384345218,0.005385210802469187
2002-10-18,0.00016136069336951145,0.022261890908864178,-0.022534356507245557,0.00026800028072381253,-0.05641017157580149,0.005385220310350226
2002-10-21,0.00016131286755129433,0.022264695892299194,-0.022535052687038787,0.0002680075721634026,-0.056366342357947394,0.005386119191958283
2002-10-22,0.0001613619761903005,0.022267600595565387,-0.02253610844117523,0.0002677699878199538,-0.05638644342466928,0.005387169306037197
2002-10-23,0.00016140872437224666,0.022274759958782205,-0.02253679179549701,0.000267704676709337,-0.05637270123152846,0.005387958653786782
2002-10-24,0.00016146270021415496,0.022276385952799703,-0.022537524356652107,0.0002676085079702854,-0.05636450966029277,0.0053889680833821675
2002-10-25,0.00016148596121876008,0.02227707684986273,-0.022539029575231198,0.0002675886001373973,-0.05639800869270477,0.005390238326608932
2002-10-28,0.00016150951151006562,0.02228229806304438,-0.022539861515144654,0.0002676739644870797,-0.05637471977083135,0.005390455457087632
2002-10-29,0.00016152519154050281,0.02227666996432532,-0.022541316113120987,0.00026756493117901646,-0.05637005336730079,0.005391235558450272
2002-10-30,0.000161471179259812,0.022281283239863357,-0.02254260182845109,0.0002675120485929318,-0.05627256148567954,0.005391731497554744
2002-10-31,0.00016154950482319917,0.022285702390542596,-0.022542480041216808,0.00026755754232042595,-0.056253064083330466,0.0053919635416649105
2002-11-01,0.00016155938459470225,0.02229269718198541,-0.022543185116856573,0.0002674009948367891,-0.056230517474926044,0.005391909208422326
2002-11-04,0.00016155045915650063,0.022290185837827707,-0.022544198415399706,0.0002676654886210411,-0.05620210866573429,0.00539277555582368
2002-11-05,0.00016158337420631914,0.022291107692325337,-0.022544945318924287,0.00026765354035173923,-0.056196188515729606,0.005393347344953796
2002-11-06,0.00016162444977919804,0.022293160363962325,-0.02254539247171441,0.0002675935714222047,-0.05617453166458221,0.0053933497545127825
2002-11-07,0.00016161764782319032,0.02229306923694649,-0.022545878551735735,0.00026768967834895653,-0.056226566167451586,0.005394506329095437
2002-11-08,0.00016156851744837642,0.022293506641253465,-0.022547131738454008,0.00026772786321066635,-0.05620054481060203,0.005396386428323812
2002-11-13,0.00016155512669460977,0.0223000851176854,-0.022547950062489983,0.00026783477041353765,-0.056221248059969385,0.005397320374469069
2002-11-14,0.0001616044525966038,0.022303150740753404,-0.022548379462802123,0.000267838756029862,-0.05619481659903816,0.00539886553161491
2002-11-15,0.00016159493389383196,0.022306291263404707,-0.022548317505079678,0.00026790185199422774,-0.05618708844107524,0.0053991083377803485
2002-11-18,0.00016163180435814788,0.022307231879755467,-0.02254832658326118,0.0002677280335400032,-0.056260518433045824,0.005399699570293687
2002-11-19,0.0001616186651553091,0.02231470296529624,-0.02254909255338359,0.0002675747019273808,-0.05625987100451327,0.005400694555825293
2002-11-20,0.00016168512847524846,0.02231252061998784,-0.022549888729873756,0.00026732128994640716,-0.05627692425692046,0.005401684378144197
2002-11-21,0.00016171709664798226,0.022317053801841367,-0.022550661138851995,0.00026728644285552215,-0.05628655407322393,0.005402301706830926
2002-11-22,0.0001616865689322212,0.022314357495032383,-0.022551729445345364,0.00026756679051939225,-0.056295528576196935,0.005403176800949571
2002-11-25,0.00016173047410785634,0.022313050175185256,-0.02255254040254726,0.000267723361351069,-0.056252885268958316,0.005403577040173044
2002-11-26,0.00016169998581695315,0.022314539453554206,-0.022554575410848845,0.0002676326681600093,-0.05618408839455153,0.005404806261733987
2002-11-27,0.0001617667049804143,0.022313700630345344,-0.022555051874027413,0.00026752762191288826,-0.05614958233301041,0.005406025036180623
2002-12-02,0.00016182849681437158,0.02231957858242141,-0.022556439731160893,0.00026747630376676304,-0.056142166523195904,0.005407117315350877
2002-12-03,0.00016180540092657693,0.022321847456023298,-0.02255722368879314,0.00026740311326194674,-0.0561881116649454,0.0054080508288349175
2002-12-04,0.00016184726098163947,0.022318412677308143,-0.02255852780153588,0.0002677400761566365,-0.056132225049539415,0.0054080929043805355
2002-12-05,0.00016180444754926987,0.022315199230828697,-0.022558834453665078,0.00026782169694918473,-0.05610759876069839,0.005409232161987975
2002-12-06,0.00016181154533010677,0.022318992180379256,-0.022559914048705502,0.0002679469644900781,-0.05612780271421989,0.005410419050358736
2002-12-09,0.00016179517282748817,0.022322563187852654,-0.022561489782836255,0.00026790381470260675,-0.056097558196053034,0.005411773805838004
2002-12-10,0.00016178238320354118,0.022324533619981116,-0.022562809339848004,0.00026796805429899525,-0.05609395647822806,0.005412644938496762
2002-12-11,0.00016179983099078976,0.022322021166409578,-0.0225647449251012,0.0002678500800906949,-0.05606029987790839,0.00541398121477311
2002-12-12,0.0001618094519713937,0.02232141266408543,-0.022565434824291228,0.0002678555182948231,-0.056059871836352616,0.005414897136618106
2002-12-13,0.00016183952045577008,0.02232582199257412,-0.022565650027770865,0.0002679455215884055,-0.05601427688125554,0.0054172426287020835
2002-12-16,0.0001618203151145416,0.02233094137954895,-0.02256684763910808,0.0002678672851201773,-0.055978696258704205,0.005417740205351075
2002-12-17,0.0001618198222769435,0.022337855798501404,-0.022566633479802894,0.0002680285295685721,-0.055917617580930015,0.005419631755534602
2002-12-18,0.00016182683824977927,0.022341451018649795,-0.022567028975070225,0.0002678313937812903,-0.05592599862796597,0.005420964789626372
2002-12-19,0.00016176227691378506,0.022341411919392963,-0.022568736995772033,0.0002677905712343552,-0.05587142951390241,0.0054218095786866
2002-12-20,0.00016188135095159169,0.02234858485442313,-0.022570140258251565,0.0002678436899255034,-0.05583444465672576,0.005423165939541858
2002-12-23,0.00016186471663080158,0.02234748187486795,-0.022570365570799347,0.00026782675114959227,-0.055844153825932594,0.005423814812482393
2002-12-24,0.00016192966209604395,0.022354510926389654,-0.022570713417427057,0.0002675555201839319,-0.05585975309056555,0.005425887551527101
2002-12-27,0.00016187706061474746,0.022357347409942708,-0.022570958176795178,0.0002675985881934138,-0.05584155680139411,0.005427839916685713
2002-12-30,0.00016184599236814586,0.022357746159186634,-0.022572777673221144,0.0002674585792039333,-0.05588331662473274,0.005428249281057606
2002-12-31,0.0001617887899316207,0.022362620063358166,-0.022573587343368243,0.000267309960217803,-0.055891816643019704,0.005429510140995838
2003-01-03,0.0001617674101010672,0.022362790999416158,-0.022574048383980097,0.00026742512321468635,-0.05589067209096864,0.0054313248886315516
2003-01-06,0.000161754432492789,0.022363100165288495,-0.022574964201572827,0.0002675317896300759,-0.05583081021388435,0.005432487191072298
2003-01-07,0.00016179729862029536,0.022367438172402932,-0.022575288849995927,0.00026760226027010216,-0.055836517083613986,0.005433659852132927
2003-01-08,0.0001617774105603031,0.022375013790269384,-0.02257659781719505,0.00026766362451382473,-0.05585871851103121,0.00543492512475541
2003-01-09,0.00016182011321270244,0.022379372734890185,-0.022577352270468184,0.0002675677789406687,-0.05584132374732498,0.005435963962317421
2003-01-10,0.00016180062201927563,0.0223749984358203,-0.022578544233887724,0.0002676262500498492,-0.055821163345352455,0.00543815723041567
2003-01-13,0.00016180877559025678,0.022381595734131024,-0.022578584972263893,0.000267648817008378,-0.055836647017135234,0.0054371293665933604
2003-01-14,0.00016182804754016393,0.022375646039638205,-0.022579043897314414,0.00026775473330708285,-0.05582127311769691,0.005438591289121592
2003-01-15,0.00016183366989840097,0.02237362654662479,-0.022579745614328295,0.000267860274306028,-0.055821560855336905,0.0054399495591613105
2003-01-16,0.00016184658328614225,0.022374300753860328,-0.022579995730031183,0.000267694790431582,-0.05581345265249528,0.00544114284843066
2003-01-17,0.00016182300448076183,0.022376687611086063,-0.022581331189292182,0.0002677084387737418,-0.05577724891248623,0.0054417462988583035
2003-01-22,0.000161816366072378,0.022376785256184598,-0.022581654911019017,0.0002676390446844532,-0.05573601474662456,0.0054412983717568204
2003-01-23,0.00016172419147028288,0.022376190523390835,-0.02258224895225636,0.0002675628513611906,-0.05571553833834485,0.005442955053258465
2003-01-24,0.0001617056214063468,0.022378015670726326,-0.022583290952806038,0.0002675437985993149,-0.05571006850646565,0.0054438633486151135
2003-01-27,0.00016167456792867468,0.02237935855311367,-0.022584393097233466,0.0002676098609459229,-0.055673579775904466,0.005444885069014167
2003-01-28,0.00016164567807442032,0.022381364586730262,-0.022585620470873487,0.00026767655083999537,-0.05565870259779089,0.005445477616379386
2003-01-29,0.0001616281737596762,0.02238735789761926,-0.022585520236655714,0.0002675703548189555,-0.05567092530272978,0.005446798017680336
2003-01-30,0.00016160685475293985,0.022387623104248917,-0.022586577296215597,0.00026745565725475414,-0.055698786567531536,0.0054485033725768
2003-01-31,0.00016162789874372006,0.022391323028367834,-0.022587213771430435,0.0002676713087117842,-0.05566842260579992,0.005449339643783362
2003-02-03,0.0001616645963868887,0.02239930022839512,-0.022587492887021825,0.00026757928410266034,-0.05570690998187175,0.005449160087052422
2003-02-04,0.00016164344093569453,0.022400756668711077,-0.022589083718102226,0.0002675932422856195,-0.05572074986632501,0.005449776290288779
2003-02-05,0.0001615682737652923,0.022402231955331878,-0.02258884556896295,0.00026780218881132783,-0.055736877300431295,0.005450750447830911
2003-02-06,0.0001615357941977036,0.02239890501627694,-0.022588684314031122,0.0002675045139032327,-0.05572657649278072,0.0054522752225657405
2003-02-07,0.00016152467289325077,0.022394098582260644,-0.02259031694232493,0.00026771194138508687,-0.0557494897402839,0.0054537577654931455
2003-02-10,0.0001615507533411508,0.022388558622834544,-0.022591771222345815,0.0002679815021591022,-0.05570997878488522,0.005455070871526461
2003-02-11,0.0001615518714032373,0.02238946096396014,-0.022593627587034308,0.0002680345433619442,-0.055689343260999,0.005455896700685393
2003-02-12,0.00016146831420029591,0.02239558921888937,-0.02259535351439615,0.00026823508066235323,-0.05564994354021059,0.0054585363407564265
2003-02-13,0.0001614156492959103,0.022394359413157358,-0.02259695492162466,0.0002681697117774969,-0.05564045218835559,0.005459925726647967
2003-02-14,0.00016147035921052185,0.022397728434020246,-0.022597817133206778,0.00026830726662944234,-0.055653381500919266,0.005462077340548926
2003-02-19,0.00016146630700646512,0.022402188369472255,-0.022597683585764146,0.00026838218048640046,-0.05566609274998122,0.005463904704993305
2003-02-20,0.00016147659948718583,0.02241003688630249,-0.022599521285977565,0.000268438059793097,-0.05564602434898104,0.005464514531950568
2003-02-21,0.000161479336233263,0.02241369359750357,-0.02260039606318204,0.00026877917077364406,-0.055630773186235064,0.005464399470976952
2003-02-24,0.0001614229708343628,0.022414621458354086,-0.022600894036076985,0.0002688491262052635,-0.0556401605215341,0.00546358742040763
2003-02-25,0.00016134705947070798,0.022414515355220356,-0.022602544738467813,0.00026880016439887405,-0.05566317819802042,0.0054645395545836195
2003-02-26,0.00016135224118503415,0.022417136515675715,-0.022604528968361366,0.000268829809486208,-0.05566969336520202,0.005465588436045747
2003-02-27,0.00016135816163144402,0.02242924024475019,-0.022604224131954634,0.0002688068499441922,-0.05567723262339795,0.00546679253214903
2003-02-28,0.00016130571299337006,0.02243568363808738,-0.022606315010916738,0.0002689539511870988,-0.05573874202309582,0.0054690607045073366
2003-03-03,0.00016129749053204857,0.022434110001831466,-0.02260613495144243,0.0002687845437462614,-0.055723500737851914,0.0054706093394136755
2003-03-04,0.00016130480205899314,0.022436227853719334,-0.022606863349428918,0.00026892290346714045,-0.055735487587291736,0.00547139419885195
2003-03-05,0.00016126394079144884,0.022443995732440283,-0.022607319137450683,0.00026892718751943143,-0.05574816775164955,0.005472692698323822
2003-03-06,0.00016120853347481606,0.02244573206746815,-0.02260828187580508,0.00026895110676240406,-0.05577777298263706,0.005473845140144037
2003-03-07,0.0001612229213726811,0.022441862491855265,-0.02260913252139882,0.0002689960866161907,-0.055753028400826486,0.005474447820306951
2003-03-10,0.00016116415947163473,0.022447172949056463,-0.02260928126747875,0.00026902958917496094,-0.05575150195460092,0.005476011492139717
2003-03-11,0.0001611302646048515,0.02245396768035783,-0.02260977836484471,0.0002692207122068341,-0.05568457237156599,0.005476865763755552
2003-03-12,0.0001611186499750929,0.022456177473000508,-0.022610558219331583,0.00026924052217745835,-0.0557026262450024,0.005477956469099357
2003-03-13,0.00016106521946693584,0.022459923078874792,-0.0226124084992998,0.0002693265899462593,-0.055702470533591494,0.005478918697721325
2003-03-14,0.00016100545307573988,0.022460546386306728,-0.022613175925135957,0.0002694105798328819,-0.055708260440070864,0.005479551314794126
2003-03-17,0.00016100579500912847,0.022465580461060397,-0.022613492752660825,0.00026964868170204024,-0.05571984019922574,0.005480045262928543
2003-03-18,0.00016102274169178265,0.02247190339969424,-0.022614022100089087,0.00026946720559905564,-0.055665437821157,0.005481099827610395
2003-03-19,0.00016100063176850357,0.02247825284523488,-0.022615164228514256,0.0002695320283777622,-0.05565427823254154,0.005482190320533481
2003-03-20,0.00016096520435945915,0.022484425016968106,-0.022615790267020798,0.00026947914643225736,-0.055684721552777115,0.005483221551913681
2003-03-21,0.00016099627976745348,0.022488166106058183,-0.022616026084194652,0.0002695235278859203,-0.05567078282763187,0.005484563149896616
2003-03-24,0.00016099579845519236,0.022500037521390716,-0.02261679012357201,0.00026935404752635034,-0.055659291775281325,0.005485483799336976
2003-03-25,0.00016095535301626182,0.02250265685596345,-0.022617500547859774,0.00026928890157893354,-0.05561606824081929,0.005486128972241296
2003-03-26,0.0001609911908292345,0.022509864134106987,-0.022618202308085165,0.000269139486385557,-0.05560753563660119,0.005486026478206626
2003-03-27,0.00016099491571663506,0.022512762338336482,-0.022618729287665704,0.0002690557512935117,-0.055640530477266296,0.005486175203730263
2003-03-28,0.00016101254160449005,0.022518745859861626,-0.022618820372858825,0.0002691245072028655,-0.0555766126122027,0.00548741512750501
2003-03-31,0.00016087844939898012,0.022527292433000834,-0.0226191567717801,0.0002692432071622857,-0.05556346315745132,0.005488884050726112
2003-04-01,0.000160852902420426,0.022531168573719708,-0.02261990906723967,0.00026923562947334134,-0.055527534685104615,0.005488947953137162
2003-04-02,0.0001608225651149011,0.022536333346112013,-0.022620392282700613,0.00026922573412885373,-0.05555839538989288,0.005490445677191856
2003-04-03,0.00016082941650007662,0.0225370281804748,-0.022620708826588766,0.00026914821440941,-0.05555628475198311,0.005491231833930363
2003-04-04,0.0001608282228042441,0.022543462818740076,-0.022620967743892648,0.0002693206505771228,-0.05555961858681157,0.005491245422450268
2003-04-07,0.00016087355892317932,0.0225524506481346,-0.02262162398194604,0.00026926421347922926,-0.05552241014004887,0.005492379814490584
2003-04-08,0.0001608460432931603,0.022554626484857374,-0.0226219625142985,0.0002692685243409105,-0.05554353024129213,0.005492713636016011
2003-04-09,0.0001608476178172187,0.022560347773991907,-0.022622830064021042,0.000269332786296257,-0.055520235241051555,0.005493226983202953
2003-04-10,0.0001608314358509363,0.022563814388841474,-0.022623156041975657,0.00026931438338451656,-0.05553392315800879,0.005494181717305269
2003-04-11,0.0001607996813693979,0.02257423035209199,-0.022623994941895986,0.00026923043691204015,-0.05553668138409244,0.0054947687750807606
2003-04-14,0.0001607896845697327,0.02258412589697863,-0.022625103234373754,0.0002693796574416785,-0.05554411728055473,0.005494651147476365
2003-04-15,0.00016085669908140975,0.02259036801468589,-0.022625049738754448,0.0002694323050314061,-0.05550466395215077,0.005496058958028424
2003-04-16,0.00016084473929932542,0.02259926321881917,-0.022626110515081385,0.0002695848822778416,-0.05549077609898246,0.005496368979069689
2003-04-17,0.00016086372365341206,0.022603291430561334,-0.022626306702420468,0.00026945052932857903,-0.05550154991660056,0.005497841252648251
2003-04-22,0.0001608037545685259,0.02261239635699427,-0.022625943172221878,0.0002693681619773931,-0.05549661912513771,0.005499737875839707
2003-04-23,0.0001607611643916072,0.022619213057467488,-0.022626261636746296,0.00026917427539334426,-0.055498150391190736,0.005499813871940861
2003-04-24,0.0001607339676314151,0.022632609558201636,-0.02262527296859344,0.00026911183076036273,-0.055492865494615365,0.0055008846022210805
2003-04-25,0.0001606955788819423,0.02263764142958309,-0.02262655682526284,0.0002689802732026453,-0.05549492692746639,0.005501190212047688
2003-04-28,0.00016067056209134368,0.022641756112466785,-0.022627188388109964,0.00026876814597869307,-0.05550680427742775,0.005501901210832764
2003-04-29,0.00016069668175485696,0.02264905748950131,-0.022627116016850385,0.000268766302361595,-0.0555315828754728,0.005502711077702194
2003-04-30,0.00016064533565932862,0.02266064131597823,-0.02262781929479494,0.0002687569195441902,-0.0555653479802373,0.005503364919234295
2003-05-01,0.0001606418584686425,0.02267053776898713,-0.02262801491020902,0.0002686798764497128,-0.05547272775076632,0.005504738080772714
2003-05-02,0.00016063736442418756,0.022676275059901777,-0.022628367242617336,0.00026856104483305546,-0.055453995661931876,0.005505416696870097
2003-05-05,0.00016064971455819477,0.022684957980439322,-0.022629003327998734,0.00026859864858187673,-0.05547680699970762,0.005506856595767751
2003-05-06,0.00016063578944539112,0.022692746215891974,-0.022629276948407405,0.0002686842052712405,-0.055462214650269515,0.005507210795259461
2003-05-07,0.00016060428159143155,0.02270321819649548,-0.022629897378846714,0.0002685744372893763,-0.055443896933415324,0.005507827635985271
2003-05-08,0.00016056653824008695,0.022709426272258075,-0.02263015514223868,0.00026856976000099613,-0.05544354618658076,0.005509722042529366
2003-05-09,0.00016058959107923828,0.02271709980975832,-0.022630743155651865,0.0002685113245665032,-0.055473538311080636,0.005510116894603805
2003-05-12,0.00016050530342350428,0.022730064435028632,-0.022631255687792815,0.0002684286640562147,-0.05545901489661827,0.005510490518799639
2003-05-13,0.00016052228711387897,0.02273824444698498,-0.02263155924279413,0.0002685042733947979,-0.05545056277958701,0.005511788313744407
2003-05-14,0.00016051082472871015,0.022749127927653517,-0.02263184171414223,0.0002684374052421383,-0.05545252228026966,0.005511855431607494
2003-05-15,0.00016050330395001201,0.02275692279737356,-0.022632499615541115,0.0002685058414165513,-0.05544937028467138,0.005513781087460237
2003-05-16,0.00016047389762955796,0.02276936939350126,-0.02263221763168634,0.00026832201020324497,-0.055411165048359245,0.005514565085486602
2003-05-19,0.00016048013520334468,0.02277537832205823,-0.022631900547562617,0.0002684334072872164,-0.055446729859699354,0.0055147479892849105
2003-05-20,0.00016047022167940057,0.02278353979101988,-0.022631501948285615,0.00026834536397090953,-0.05548808188343074,0.0055154961809741766
2003-05-21,0.00016049953801077066,0.022794850830771884,-0.022631625665850766,0.0002683757800933781,-0.05550115514039908,0.005516548520900918
2003-05-22,0.00016049623374403906,0.02280354322165995,-0.022632038323037826,0.00026846434308966567,-0.05550569599347735,0.005516679474517356
2003-05-23,0.00016043976929875451,0.022810608286591705,-0.022632375263294577,0.00026831017247968734,-0.05554251671110015,0.005516878055812531
2003-05-28,0.00016045334566702028,0.02282485355592831,-0.022632474950931916,0.00026850670740656465,-0.05556424858175103,0.005518331814784486
2003-05-29,0.000160407674798052,0.022833573498817063,-0.022631884169555378,0.0002686514341274572,-0.05555814919738995,0.00551894548463267
2003-05-30,0.0001603665365550446,0.022836785425141372,-0.02263198853139348,0.00026875199736383634,-0.055554042264893494,0.005519306000832509
2003-06-02,0.00016035579899208627,0.022853095906789328,-0.022632026328970694,0.00026873003266642004,-0.0555445481424153,0.005520415695520327
2003-06-03,0.00016027725294845822,0.02285812897463916,-0.022631320618056405,0.0002686202211299205,-0.05548287949327072,0.005520841704737322
2003-06-04,0.00016028333533204173,0.02286625331394993,-0.02263253994752912,0.00026868449798063675,-0.055452680527942416,0.00552061281647018
2003-06-05,0.00016026584894078446,0.022876415854368545,-0.022631945308786545,0.00026875631629982215,-0.05547899567451636,0.005520770563232082
2003-06-06,0.00016020501586448596,0.022890993842779934,-0.02263141528656941,0.00026875024287491473,-0.05541685333041751,0.0055231166690472506
2003-06-09,0.0001601566181187582,0.022892197064333174,-0.022630427261256702,0.00026860314800933256,-0.05538783400765451,0.005523944697474793
2003-06-10,0.0001601204353554392,0.022900437437918066,-0.022631098751284256,0.00026857233725406145,-0.05536686048610756,0.005523450589015237
2003-06-11,0.00016013279728546628,0.022913231640923445,-0.022631658771438624,0.0002686210966801431,-0.05533027423273998,0.005524777137509592
2003-06-12,0.00016013274434494804,0.022918305316430874,-0.022631632509498737,0.00026869282659121383,-0.05531075590972333,0.0055261795708848906
2003-06-13,0.00016009107216481252,0.022923991936079153,-0.022632504114408373,0.00026860107060312983,-0.05531314481033442,0.005527745697493395
2003-06-16,0.00016012147481219048,0.022934030630635406,-0.022633275439194418,0.0002686580647192612,-0.05534618872070526,0.005527660723362437
2003-06-17,0.00016006623002203695,0.02294566093342236,-0.022633810615613363,0.0002685468173584465,-0.05533055897509119,0.005528273663602711
2003-06-18,0.00016008622025541394,0.02295592076267739,-0.022634042900051197,0.0002685968036776786,-0.05531840654472686,0.005528484139984329
2003-06-19,0.0001601179244033847,0.02296506457775099,-0.022635106216449367,0.0002686151182531054,-0.0553515564581515,0.00552894675860256
2003-06-20,0.0001600361139043478,0.022978560222112535,-0.02263474131903899,0.000268931285294385,-0.05539971125833059,0.0055293393824027435
2003-06-23,0.00016001944710093577,0.02299374061785319,-0.022633893251464848,0.00026887337992991813,-0.055419135911454545,0.005529697146903285
2003-06-24,0.0001599931904506688,0.022998452316709342,-0.022634489117651507,0.0002687666165803922,-0.05541234453412243,0.005530544624978866
2003-06-25,0.00015996206940432851,0.023009977192936217,-0.022635136351019262,0.00026883275946609395,-0.055380504079735667,0.005531282484185738
2003-06-26,0.00015989597192800996,0.023021275397103705,-0.02263514371972189,0.0002687441438562013,-0.05534742187219893,0.005530216370200934
2003-06-27,0.0001598381363210956,0.023025192273191827,-0.022635742716319386,0.0002687248839035898,-0.05536442089505671,0.0055305434065672406
2003-06-30,0.00015983025890621224,0.02303400902012836,-0.022635796736899944,0.00026867774807356554,-0.05533110190720874,0.0055306910972575275
2003-07-01,0.0001598690549273417,0.023040399550364826,-0.022636877667247098,0.00026881913313356586,-0.055300702797747174,0.005531548119216413
2003-07-02,0.00015984648437519867,0.023047435082769088,-0.022637174465745626,0.00026884675978809235,-0.05535390511703996,0.005532075287323253
2003-07-03,0.00015985197651033204,0.02306152214043792,-0.02263812059457434,0.0002690334882882694,-0.05532335839362157,0.00553320765561914
2003-07-08,0.000159826001477804,0.023070152425611907,-0.022637994925118293,0.0002691876945452514,-0.05528809138067802,0.005533765466915099
2003-07-09,0.00015984530597256194,0.023077881830472692,-0.022637873077804047,0.00026888335649975846,-0.05523132589932746,0.00553506421315154
2003-07-10,0.00015981022500505037,0.023089732025031392,-0.022637242912246794,0.0002688031454239813,-0.05523182199169184,0.005534918323932934
2003-07-11,0.0001597195683845702,0.0230968108247085,-0.02263737823397369,0.0002689060232935096,-0.05523545150191296,0.005535883980989862
2003-07-14,0.00015972100429352873,0.02310426430662944,-0.022638204118871623,0.0002690786790101531,-0.05522840331440446,0.005537075166765221
2003-07-15,0.00015976456255640853,0.0231175040001183,-0.02263773831753706,0.00026903191719414977,-0.05523615559822486,0.005536764609959712
2003-07-16,0.00015968268175718843,0.023127425528437252,-0.02263781667590934,0.00026911370332310865,-0.055229584365784457,0.005538026365925696
2003-07-17,0.0001596571455253125,0.023137833840936376,-0.022637524384254575,0.0002692353523481456,-0.05526588606554496,0.005538722065148889
2003-07-18,0.00015964773850367126,0.02314646697215796,-0.022637052642292824,0.00026909110627235507,-0.05517758859156511,0.005538973242682093
2003-07-21,0.00015958514233423827,0.023160083019362183,-0.02263714609411782,0.0002694001125092973,-0.05516933518934484,0.0055397626887536515
2003-07-22,0.00015957296276689618,0.023169349494470543,-0.022637470647295297,0.0002692635106649948,-0.05515808241529633,0.005540985693197978
2003-07-23,0.00015954961767916114,0.02317308828920146,-0.02263703448160775,0.00026931816299608516,-0.05511582496386866,0.005540300370360571
2003-07-24,0.00015947879619745937,0.023190189543912297,-0.022638003538301206,0.000269219651956192,-0.05508958430415352,0.0055413654363048875
2003-07-25,0.00015947995487769273,0.023199350276706363,-0.02263840110406214,0.0002692171963504673,-0.055021048383682394,0.005543359079960644
2003-07-28,0.00015946362288506312,0.023214493888116576,-0.02263899985853528,0.00026911216724046785,-0.05501123215177845,0.005543894012558729
2003-07-29,0.0001594316752969553,0.02322837108986535,-0.02263970412066745,0.0002691237177505149,-0.05499858701178492,0.005544340699161626
2003-07-30,0.0001594952661701463,0.023250041483832813,-0.022639060635798316,0.0002689743453470392,-0.05497511932377875,0.005545884619646497
2003-07-31,0.00015946853488973272,0.023256786007966455,-0.02263848698053273,0.0002690504091807533,-0.055015662940620894,0.005546231490816409
2003-08-01,0.00015954692013577377,0.023267256067576146,-0.02263880582334372,0.0002691448348985841,-0.05506106880389798,0.005546522541388583
2003-08-04,0.0001594642489666285,0.023274798817029218,-0.02263952443758624,0.00026928906892387136,-0.05502152421851556,0.0055476215529664434
2003-08-05,0.00015940714234373185,0.02328524746107257,-0.022639628432233275,0.0002692242735079186,-0.054971037310890564,0.005548925920874125
2003-08-06,0.000159377890483135,0.023295193141397864,-0.02263988642291621,0.0002692448810426223,-0.05497815346250966,0.005549702916624403
2003-08-07,0.00015935959075276689,0.023303844207274844,-0.022640090875083008,0.0002692411117714857,-0.05497834529226695,0.005550609402554616
2003-08-08,0.00015934978100440216,0.023310080251768017,-0.022639771946068987,0.0002692667634828454,-0.054965905184895796,0.005550619169369571
2003-08-11,0.0001593219163162829,0.023314990399515484,-0.02264027904452583,0.00026938851882358535,-0.05502890432430563,0.0055512613089744554
2003-08-12,0.00015934106648680507,0.023318052678778498,-0.022640878830027716,0.00026926251487623804,-0.05502127187923341,0.005552259829085635
2003-08-13,0.0001593491503408995,0.023327328942032183,-0.02264122395507795,0.000269231059188582,-0.055019909474915155,0.00555220696628853
2003-08-14,0.00015931825204261796,0.023342566224228603,-0.022641743245474875,0.00026909376375402544,-0.05497735580527946,0.005553626228306474
2003-08-15,0.0001592957990849804,0.023354366129522092,-0.022641695830194746,0.00026906442005633684,-0.05498245848127061,0.005553180512751399
2003-08-18,0.00015928055995770936,0.023364080622678897,-0.02264112921680467,0.0002689747954668793,-0.054995438654977295,0.005555026720547383
2003-08-19,0.00015916714505904961,0.023372134232998807,-0.022641961590206372,0.000269026408281133,-0.05503791715165831,0.0055568428754963
2003-08-20,0.00015918224075848258,0.023380076345088117,-0.02264198117876597,0.0002690750439822749,-0.055032637253356005,0.005556969468689126
2003-08-21,0.00015915800297471171,0.023390722520627825,-0.022642779505990387,0.0002689674475405484,-0.05505191497375991,0.005556855544375942
2003-08-22,0.00015918493690915582,0.02339777072200591,-0.022643591057291874,0.00026892450747294217,-0.05506497030030875,0.005557738137576223
2003-08-25,0.00015920277507994033,0.023400869534134693,-0.022644122205797795,0.0002689734818440794,-0.05506655774563407,0.005560149766883671
2003-08-26,0.00015917246383382786,0.023412003374996583,-0.022644298039260456,0.0002690426838751513,-0.055055973727121774,0.0055598447127370955
2003-08-27,0.00015915953964342565,0.023424738664107304,-0.022644782066815063,0.0002690565133761972,-0.05496770853220556,0.005560322666195036
2003-08-28,0.00015913996038727628,0.023432538547000014,-0.02264550687957847,0.0002690336591545242,-0.05501061635900803,0.005561063670605795
2003-08-29,0.00015911844321996805,0.023441738365594874,-0.02264549537480537,0.00026904215206192744,-0.055006760196173315,0.005561034866199053
2003-09-03,0.00015909413626932303,0.023453520430235537,-0.022645541820976407,0.0002691479646416704,-0.054982935151133554,0.005561879279178778
2003-09-04,0.00015907135553556778,0.023467070338517606,-0.022645303731370543,0.00026902618057237396,-0.054991678410457434,0.005562166114518451
2003-09-05,0.00015907173905008903,0.023474261583294173,-0.022646177808688873,0.0002689380085097884,-0.054962372164037224,0.005562859098053897
2003-09-08,0.0001590662445172059,0.02348790558961507,-0.022646382873907737,0.0002689094810381755,-0.054974480153502515,0.005563026608882346
2003-09-09,0.00015907504413573403,0.023500658261702105,-0.02264681788089411,0.00026900603680386125,-0.05494726800425401,0.0055632360638920185
2003-09-10,0.00015902553192870736,0.02350845698947767,-0.022647261259644162,0.0002689949533989271,-0.05497598282804981,0.005562673165431878
2003-09-11,0.00015904150039496094,0.023517225655893544,-0.02264757621148359,0.0002690283506867862,-0.05497571691596868,0.005564801739512973
2003-09-12,0.00015900204836608557,0.02352749358253926,-0.022647926397131295,0.0002689391482974113,-0.054986840854266625,0.00556587383407602
2003-09-15,0.00015900677589439222,0.023541067039957318,-0.022647623025762294,0.00026904460928878004,-0.05494343114724974,0.005566952466814226
2003-09-16,0.0001590119525984287,0.023549567648639434,-0.022648116193719304,0.0002691458351371403,-0.054945456885756035,0.005566899548439247
2003-09-17,0.00015900316516295323,0.023558744334049628,-0.02264846519372999,0.00026925090942459977,-0.0549326641825723,0.005567554111637611
2003-09-18,0.00015889941198769664,0.023571623438147143,-0.02264829318347227,0.0002691927197356609,-0.05490605967927606,0.005567946684468697
2003-09-19,0.0001588878781877824,0.023585925479076564,-0.022648133221408687,0.00026930510078973925,-0.05492732829515581,0.005568029917814173
2003-09-22,0.00015885665108892458,0.023592252579404303,-0.022648438970346466,0.00026934684024653604,-0.054907296141819335,0.005567790144024426
2003-09-23,0.00015885623664982303,0.023602795322290225,-0.022648900570434012,0.0002692817508927381,-0.054873205393681325,0.005568098202226841
2003-09-24,0.00015881950816764827,0.023613089347261043,-0.02264940662359234,0.00026922798195624643,-0.0548516136388962,0.005568816107344316
2003-09-25,0.00015879234642789632,0.023620953896018954,-0.02264957696035236,0.0002692432798386908,-0.05486350925594263,0.005568670722604131
2003-09-26,0.00015871990971560114,0.023628325777617882,-0.022650753768237192,0.00026934879936104744,-0.05480331354504831,0.005568517331243248
2003-09-29,0.0001586537203961089,0.023644800232272743,-0.02265116568184994,0.0002693212352526739,-0.054785742589150976,0.005569207045203129
2003-09-30,0.00015861867801473593,0.023654097301192833,-0.022651460175904792,0.00026928180450347633,-0.054757378482034456,0.005568555960164772
2003-10-01,0.00015859055055744692,0.023665457019253648,-0.022652020819940433,0.0002690998086389534,-0.054822293817201294,0.005568401667889768
2003-10-02,0.00015855520148195122,0.023677278198797832,-0.022652264248603716,0.0002689544305818888,-0.05477614492199864,0.005569037661653609
2003-10-03,0.0001585077780208247,0.023686444082870392,-0.02265300955737761,0.0002687018160013046,-0.05475588872415034,0.005569095500041531
2003-10-06,0.00015855356122309867,0.02369853353904087,-0.022653351418867814,0.00026867202982524456,-0.05476792144208551,0.005569109615887939
2003-10-07,0.00015862050124793134,0.023709386097657055,-0.022653992584378963,0.0002685053224227019,-0.054742943692402644,0.00556901625312549
2003-10-08,0.00015858573829169515,0.0237134830067641,-0.02265452903335013,0.0002686644748455986,-0.054720797464892945,0.005569055588439195
2003-10-09,0.0001584682881471198,0.02372331602261192,-0.022654986159959176,0.0002687807520818346,-0.05471633541458211,0.005568513347362142
2003-10-10,0.0001584898931514393,0.023733491226381093,-0.02265432849494559,0.000268662638289589,-0.05472119247062364,0.005569272677632632
2003-10-15,0.0001584021175530401,0.023740092787962186,-0.02265398887364586,0.00026868278005316926,-0.05473018664602214,0.005569094378598525
2003-10-16,0.00015838864822933108,0.02375083575403371,-0.022653798295586863,0.0002686613388448379,-0.05472247654071077,0.005570663467347234
2003-10-17,0.00015834268210805522,0.023760779673931844,-0.022653769485040602,0.0002686103643946496,-0.054678936132616866,0.005570860222661903
2003-10-20,0.00015839128589617806,0.023774961595695157,-0.02265359373339251,0.00026860089600924496,-0.05470096251660989,0.005571516705715318
2003-10-21,0.00015836853051056412,0.023783745347344946,-0.02265320379833182,0.00026866342599546036,-0.05466588388247777,0.005570459850102311
2003-10-22,0.000158319137546311,0.023796216796031954,-0.022653248035288905,0.00026872625376567286,-0.05464129369225056,0.005571222836535007
2003-10-23,0.00015829579575277677,0.023806343357151292,-0.02265348441295069,0.00026867301343953977,-0.054591678172464464,0.005571426205300825
2003-10-24,0.00015830488934226304,0.023808928831579042,-0.022654331933980393,0.00026876920745108596,-0.054630376905901334,0.005571422773801818
2003-10-27,0.00015825121924986936,0.023828545513649137,-0.022654490971697052,0.00026884798930212146,-0.05465016691223566,0.0055723387516991955
2003-10-28,0.00015832327920942444,0.023831776697371493,-0.022655013847098202,0.0002687677443982394,-0.0546276483163277,0.0055722979541183645
2003-10-29,0.00015831194271540775,0.02384901051630584,-0.022654835513782463,0.0002687186236590427,-0.05461103691819126,0.0055730906745622725
2003-10-30,0.00015825721205186115,0.023861078365758313,-0.02265485049624768,0.0002687825588003852,-0.05461740091321056,0.005573123845498293
2003-10-31,0.00015824259030122902,0.023872317215193305,-0.022654866352340545,0.00026882040266347176,-0.05462278075245567,0.00557373600759243
2003-11-03,0.00015817708501448621,0.02388433753382506,-0.02265513786523046,0.0002686961183408776,-0.05462634165565369,0.005574301502304499
2003-11-04,0.00015817886307034105,0.023893701595200142,-0.02265472682630931,0.00026866203109260486,-0.054625143738592605,0.005573484817466779
2003-11-05,0.0001581572507338153,0.02390399743294143,-0.022654858256505372,0.0002686537774699908,-0.05460660700853904,0.005573978995846862
2003-11-06,0.0001581434382262158,0.023915512175293488,-0.022654980742515197,0.00026867021937740745,-0.05458202767503735,0.0055739400937701526
2003-11-07,0.0001581654502762309,0.023927991789164025,-0.022654657275086237,0.0002686594663045688,-0.05455399440528097,0.005574843030097898
2003-11-10,0.0001581046241978788,0.023936402826758352,-0.02265492507167323,0.00026862534571465356,-0.05460389032358473,0.0055751344886650935
2003-11-13,0.00015809899289442517,0.02394852378428595,-0.022655084529645188,0.00026851289068019295,-0.054609373645667515,0.005576003939423218
2003-11-14,0.0001580530638817975,0.023958590819891972,-0.0226551461501024,0.00026849267948411367,-0.05461210140572799,0.005577221255684077
2003-11-17,0.00015809742464846632,0.023962689873493034,-0.022655429624153903,0.00026860446566366207,-0.054610281030810476,0.005578406954608496
2003-11-18,0.0001581141779994724,0.023968367692354782,-0.022655487225417725,0.00026863261301165856,-0.05464202935524608,0.005579110892748168
2003-11-19,0.00015813143414925975,0.02398090013680935,-0.022655532608183246,0.000268535142328438,-0.05463733044833659,0.005579423395002521
2003-11-20,0.00015818420953132208,0.023989147968223996,-0.022655768516460284,0.00026841949003333454,-0.05461707989213234,0.005579317095257833
2003-11-21,0.00015816322921747257,0.023997244359605964,-0.022655672662081364,0.00026859463121414826,-0.054579479392262514,0.005579589832217772
2003-11-24,0.0001580980584225276,0.024011756139557874,-0.02265618943794797,0.0002686327828882088,-0.05458946815677101,0.005579726897951373
2003-11-25,0.0001580740294041825,0.024029629373955995,-0.022656196015392555,0.00026863368550392397,-0.05463155969114403,0.005578984394840716
2003-11-26,0.00015804925474972905,0.024038540860495426,-0.02265669260261994,0.00026869122851227415,-0.054608497351281676,0.005578530146193284
2003-12-01,0.00015799522137654307,0.024047867821947552,-0.022657603102362242,0.0002686237871522983,-0.05459341440047021,0.005577114064544765
2003-12-02,0.00015798610250737953,0.024057054708098935,-0.02265731997935269,0.0002686945406934338,-0.05460455097149346,0.005576284941187581
2003-12-03,0.00015798252994440938,0.02407577434099703,-0.022657433320049047,0.0002686753855346383,-0.054578472725929666,0.005576589098054335
2003-12-04,0.00015793062908814714,0.0240925286455409,-0.02265787561712752,0.0002686668351267601,-0.05460294029699648,0.0055758474107576485
2003-12-05,0.000157896950609847,0.02410157485928785,-0.02265749339875133,0.000268645259348283,-0.05458808189239143,0.005575169076734588
2003-12-08,0.0001578610903399191,0.024112501096342026,-0.022656609607583852,0.00026853842044988294,-0.054584796600813605,0.005575071192360413
2003-12-09,0.00015778681755268352,0.02412632041620219,-0.022657205658154173,0.0002685136741470411,-0.05456613135715157,0.005575569107002836
2003-12-10,0.00015773557494610886,0.024138289771879706,-0.022656324858949674,0.0002685548258903035,-0.054541560017386685,0.005575896337609219
2003-12-11,0.00015769023017943128,0.024149876559110273,-0.02265645527859212,0.0002686616897652211,-0.054496171426202784,0.00557498230350763
2003-12-12,0.00015766419765000372,0.02415539725150788,-0.022656461024474602,0.0002686871803078049,-0.054516630751354635,0.005575251862025226
2003-12-15,0.00015764209321748234,0.02416959284138022,-0.02265545298848466,0.00026871745092153744,-0.05449520116929709,0.0055753974501793245
2003-12-16,0.0001575579838567518,0.024184287448285935,-0.022655971250265253,0.0002687819282410681,-0.054484585101992805,0.005575070191093696
2003-12-17,0.00015751540847020433,0.02419801766865911,-0.022655834852849867,0.000268935143359715,-0.05444627625291738,0.005576488090466656
2003-12-18,0.00015745083841914821,0.02421487005629472,-0.02265608244043794,0.0002689793273411208,-0.0544341033443613,0.005576885347445602
2003-12-19,0.00015742939797724252,0.02423084175116525,-0.022655653176665198,0.00026915590706038186,-0.05444917110673478,0.0055771907399920695
2003-12-22,0.0001574519447522959,0.024244211535878437,-0.022654429619874437,0.00026913140086726493,-0.0544295394029842,0.005577384901388234
2003-12-23,0.0001574160849875577,0.024261766498906705,-0.02265374397599523,0.0002691127440635351,-0.05441392744245238,0.005577308047149348
2003-12-24,0.0001573898932716575,0.024272372340244736,-0.022654473027772966,0.0002689678181005058,-0.05439524834494027,0.00557803835146355
2003-12-29,0.00015732579539918037,0.024280803320898367,-0.022654427497067205,0.0002690756569438736,-0.0543819125826559,0.005579426418714222
2003-12-30,0.0001572991182683324,0.024291566315379386,-0.022655229197799557,0.00026923147525337527,-0.05437668112861451,0.005579402054661913
2003-12-31,0.00015719111419739491,0.024301310405229554,-0.02265501278772718,0.0002691747492896302,-0.05434250730148296,0.0055795103821038305
2004-01-05,0.0001572112386706879,0.024313976879216558,-0.022655989010109998,0.00026931079610650926,-0.05433960788068636,0.005578883818928517
2004-01-06,0.00015720785753904458,0.024331083777044647,-0.022656137107847862,0.0002694996561452956,-0.05431233331248643,0.005580126966258848
2004-01-07,0.00015714839146486724,0.02434613594079949,-0.022656047932516486,0.0002694515130410491,-0.05433618304103131,0.0055801417767170035
2004-01-08,0.0001571321654148437,0.024358332742955905,-0.022656212705626757,0.00026942899223641174,-0.054295498565367736,0.005579756632942854
2004-01-09,0.00015713788696402077,0.024369998254009054,-0.022655355871193893,0.0002694419367279768,-0.054313244779787793,0.005580327324630962
2004-01-12,0.00015709823564368208,0.024382229739483865,-0.02265618938783256,0.00026952638021121523,-0.05431764984247363,0.005580380104904628
2004-01-13,0.00015708047826763514,0.024392372601360592,-0.02265570787590103,0.00026935506114723293,-0.054286630278096194,0.005580676259466993
2004-01-14,0.00015704287417989447,0.024406065726555747,-0.022655850340053692,0.0002693984944649297,-0.05428134517335929,0.005579831878129645
2004-01-15,0.00015700839480700644,0.024419434729672077,-0.022656717147726553,0.00026931628054164614,-0.05428886763187395,0.0055806830506623
2004-01-16,0.00015696832999275941,0.024430411923330765,-0.022656989451040645,0.00026921236052202294,-0.054315052698897304,0.005580140375436818
2004-01-21,0.00015695998557432173,0.024440628880203576,-0.022656552790062928,0.0002690742713025866,-0.054299787880273245,0.005580534355731882
2004-01-22,0.00015698620679086348,0.024456540464395125,-0.022657136180409734,0.00026918419510154365,-0.054291668131869184,0.005580673553071773
2004-01-23,0.00015699979312634168,0.02447257079709223,-0.02265656573243174,0.0002693151366984899,-0.05429419364078009,0.005581384438618798
2004-01-26,0.00015697113492761446,0.02448397994230997,-0.022656252136883364,0.0002692687441743681,-0.05423080589252875,0.005580966286123643
2004-01-27,0.00015692061525486318,0.024499228072263145,-0.02265688320211308,0.0002693028128951645,-0.054247103875591104,0.00558121592892971
2004-01-28,0.00015686593374445874,0.02451435978024945,-0.0226565068074335,0.00026929955608100906,-0.054246098487013415,0.005580777113243538
2004-01-29,0.00015679881763778074,0.02452832813100215,-0.022655872542715765,0.00026931707264052417,-0.05419930745104132,0.005580354498029333
2004-01-30,0.00015674448481247988,0.024541783370767567,-0.022656203398005826,0.0002694510965701237,-0.054211332803176304,0.005580902907239555
2004-02-02,0.00015670304806716497,0.024556962462414712,-0.02265552901755082,0.0002695076727492508,-0.05423044748962663,0.00558070972869597
2004-02-03,0.00015669416199944216,0.024573562266685244,-0.022654224313294367,0.00026968986082173425,-0.054164072009511274,0.0055817366008624626
2004-02-04,0.00015665506134844578,0.024587535282221837,-0.022654497262170056,0.00026978816840842395,-0.05411445719146434,0.005581764923886083
2004-02-05,0.00015674475368463478,0.024600709036772923,-0.022654627317808557,0.0002699531420264446,-0.054107131032214636,0.0055830553269964975
2004-02-06,0.00015675668850070496,0.024615175845469416,-0.02265440207389826,0.00027008779120972926,-0.05408706763762518,0.0055826721621564344
2004-02-09,0.00015669371970185436,0.024626090247158117,-0.022654229148662396,0.000270095336288054,-0.05409062065918495,0.005582053618874745
2004-02-10,0.00015665060640787502,0.024632609783351748,-0.0226539432504894,0.0002702006212641672,-0.05409020010117028,0.0055828871816219665
2004-02-11,0.00015662386412427652,0.024646328679597918,-0.022654277061939253,0.000270237892898322,-0.05407297347751168,0.00558392780778195
2004-02-12,0.0001565836685386989,0.02466134322055291,-0.02265474841207173,0.00027029117178505637,-0.05411292750952426,0.005583032236858267
2004-02-13,0.0001565544075698218,0.024678255126517973,-0.02265441093075975,0.00027038105912138605,-0.05413436539381187,0.0055833632338560665
2004-02-18,0.00015655303667841682,0.024684493885322872,-0.022655048900607492,0.0002706237983723281,-0.054101105375251694,0.005583448167873303
2004-02-19,0.00015644505042418486,0.024692730679362826,-0.022655088811708933,0.00027061529681054975,-0.05411073329776324,0.005584696772544057
2004-02-20,0.00015648345690405722,0.024707778846118987,-0.022654230400009825,0.0002704891675973829,-0.054127573407825744,0.005584644300150515
2004-02-23,0.00015645126199901585,0.02472658491353127,-0.022654730702888815,0.00027058478950691886,-0.05411215398032573,0.005584134880008185
2004-02-24,0.00015640977441992149,0.02473807837443638,-0.02265481639578148,0.0002705712408371555,-0.054096618498213386,0.005583725784449627
2004-02-25,0.00015632621256874254,0.024747313489464715,-0.022654555994110533,0.0002706293844442701,-0.05401941063188483,0.0055837980489015825
2004-02-26,0.00015631126464020058,0.02476481969928342,-0.022654168570082518,0.0002706645271867069,-0.05405765616298554,0.005583114495366248
2004-02-27,0.0001562796428652332,0.02477994761541858,-0.02265401379729209,0.0002705574132494658,-0.054070263094002285,0.005583405135078611
2004-03-01,0.00015628564255765125,0.02479136116951948,-0.022654062437332787,0.00027062770757394806,-0.05413993753789155,0.005583303215132219
2004-03-02,0.00015627569296977254,0.024802123409021062,-0.022653420553259557,0.00027068295555670446,-0.05412760887567082,0.005583428009748297
2004-03-03,0.00015623816498112398,0.024813279094815878,-0.022653483784278415,0.0002706514327690992,-0.05413197234614171,0.005583869035884946
2004-03-04,0.0001562124734580187,0.024821484281731098,-0.02265326689929545,0.0002707039934217868,-0.05416154552216056,0.00558365640982517
2004-03-05,0.00015621148834816823,0.02483435923705426,-0.022653576469551337,0.0002709219005250563,-0.05411806921933093,0.005583587239979281
2004-03-08,0.0001561725138784805,0.024844957931487284,-0.022653637972139005,0.00027085472401459725,-0.054129240796673146,0.005583526851037324
2004-03-09,0.00015609926890779443,0.024863605897743266,-0.02265359530247378,0.00027093912129862375,-0.05415992449183168,0.005582502914758393
2004-03-10,0.00015604691079630553,0.02487545976385975,-0.022653336513280713,0.00027099994668617293,-0.054123288588879374,0.005582672778650051
2004-03-11,0.00015602023484628997,0.024895083954240317,-0.022653400289531667,0.00027101696000992313,-0.054097290601253234,0.005582502040274452
2004-03-12,0.0001560448508632153,0.024910342204331352,-0.022653510318550448,0.0002710033169280298,-0.05409263291222438,0.005582999665402022
2004-03-15,0.00015599458521040204,0.024924839317986978,-0.02265332686229374,0.00027103273529649783,-0.054083993577953196,0.0055833442149460346
2004-03-16,0.00015601800217172548,0.02493881534053708,-0.0226533227551423,0.00027085137573365904,-0.054103722239200486,0.00558405137854642
2004-03-17,0.00015599738874676352,0.024948199396431777,-0.022653140883757236,0.00027056129352052787,-0.05410954360120733,0.005584070904692243
2004-03-18,0.00015600707069130814,0.024958456166851665,-0.02265253908915502,0.00027060102795197063,-0.05412155096086396,0.005584708445995561
2004-03-19,0.0001560052068082806,0.024970230731942714,-0.02265339370758869,0.00027049264064934287,-0.05411013185474998,0.005584987896558325
2004-03-22,0.0001559700333271793,0.024986157574502822,-0.02265319643526227,0.00027049036574262425,-0.054047434495609115,0.005584662701970137
2004-03-23,0.00015589381162609038,0.024998995743903074,-0.02265223679607008,0.0002706358801119896,-0.05407646163682375,0.005584268603792412
2004-03-24,0.0001558700067708551,0.025009645949767886,-0.022651731717778935,0.0002707027045054225,-0.05405195146317792,0.005585486488207133
2004-03-25,0.00015583252800164803,0.025027597737875835,-0.02265172950840948,0.00027086367991184995,-0.05408454670753276,0.00558571704436218
2004-03-26,0.00015578312341246617,0.025048686885969798,-0.022651829515236376,0.0002710193337480894,-0.0540705389118177,0.005585278093121436
2004-03-29,0.00015572534145940348,0.02505891615627752,-0.022651734485684458,0.0002708851546368758,-0.05409841429263106,0.005585740059602783
2004-03-30,0.00015569936768937239,0.025076307754502727,-0.022651862130286565,0.00027086123473510853,-0.05410919732115205,0.005586897190768029
2004-03-31,0.00015569841041941385,0.02509370863676666,-0.022651274705802683,0.00027085845499030597,-0.054125635365179725,0.005586343535130259
2004-04-01,0.00015568584248572512,0.025107912819139076,-0.022651333923513164,0.00027067464350875295,-0.05405511335659838,0.005587891770261777
2004-04-02,0.00015565196124680362,0.025123315045373087,-0.022651333468943036,0.00027060372462300316,-0.05405815079030039,0.0055885261150026575
2004-04-05,0.0001556782237429598,0.02513511502859258,-0.022650796585999795,0.0002705830843163968,-0.0540826951187554,0.00558746129293751
2004-04-06,0.00015566969056414798,0.02514743534550938,-0.022650750684934114,0.0002704409688865425,-0.05406778437704526,0.005588257118333965
2004-04-07,0.00015561552955934294,0.025164586871546765,-0.022650872725199188,0.00027063240324434865,-0.054086144643657005,0.005587825798604693
2004-04-08,0.00015560093052966318,0.025180685131082854,-0.022651453424403,0.00027069765853438585,-0.054102011370397544,0.005587900483082584
2004-04-13,0.00015557996051903094,0.025193210229698705,-0.022650936977514854,0.00027068881792225526,-0.05410363940689262,0.005587309790018584
2004-04-14,0.0001555159804090187,0.02520550690330209,-0.02265102809151974,0.00027082248083693867,-0.05407758485356943,0.005588667625329237
2004-04-15,0.0001555283030526403,0.025218607026302953,-0.022651088406644627,0.0002708662441738802,-0.05408419607730478,0.005588866552662764
2004-04-16,0.0001555177308319315,0.025232900651078048,-0.02265121996765945,0.0002708982423971198,-0.054090430535670114,0.005587941728085543
2004-04-19,0.00015547824892641569,0.02524365220370546,-0.022650820584743086,0.0002710847069345494,-0.05403532893221627,0.005587746976232242
2004-04-20,0.00015545015617567234,0.02525861024787548,-0.022651684090143117,0.00027099726275049756,-0.054007339610463764,0.0055879365098086275
2004-04-21,0.0001554142063060179,0.02527323405111951,-0.02265184412785519,0.0002710453103484801,-0.05401333356839923,0.00558736278618088
2004-04-22,0.00015538327180559616,0.025280110950982135,-0.022651942481540267,0.0002711776162252241,-0.05396516421292544,0.005587936289735027
2004-04-23,0.00015531413027341503,0.02529209689553345,-0.02265200931121025,0.0002710774672653155,-0.0539091231287842,0.00558774433031698
2004-04-26,0.00015522827845308192,0.02530872260631862,-0.02265121969287004,0.00027113688261015245,-0.05391772013051182,0.005587907725530619
2004-04-27,0.0001551537583136403,0.025323162211230047,-0.022649914463750656,0.0002711073303959647,-0.053937064546729314,0.00558801819978573
2004-04-28,0.00015513621054843722,0.02532737172510243,-0.02264940878469373,0.00027100768326087537,-0.05387325204607486,0.0055880828595108855
2004-04-29,0.00015512431602157878,0.0253345753820725,-0.022648484466030523,0.0002710721710644994,-0.05385089525946627,0.0055886582760379284
2004-04-30,0.0001551107429698785,0.02534570970434074,-0.022647934859649034,0.0002710970286606314,-0.05385156569823152,0.005589296181778046
2004-05-03,0.00015502513380538072,0.025356657727948304,-0.022647250808069407,0.0002710475735164483,-0.05383272883578538,0.005589203478752943
2004-05-04,0.00015504686144710085,0.025364336248744207,-0.022647547792120627,0.00027112202732317833,-0.053786185278994814,0.005589773551331393
2004-05-05,0.0001550039802417801,0.02537301434575206,-0.022647225060477703,0.00027127968329002995,-0.05381433118184078,0.005589533533351122
2004-05-06,0.00015502257076002146,0.025383852049394078,-0.022646918055446687,0.0002714857089745009,-0.053763140850338655,0.005590057827035392
2004-05-07,0.00015501214754054483,0.025402723113594615,-0.02264648519651583,0.00027148234752458444,-0.05375039297101292,0.0055902143493594455
2004-05-10,0.00015504547790862652,0.02541291714522912,-0.02264626493588709,0.00027163872856570304,-0.053692353300321904,0.005590395534593115
2004-05-11,0.00015492522426038949,0.02542552217856789,-0.022647055858786208,0.0002716938434467694,-0.05371082287828243,0.0055913227374925975
2004-05-12,0.00015489381030602619,0.025444558284644456,-0.02264567114726128,0.00027192400784797015,-0.05371556572688934,0.005592053745182929
2004-05-13,0.00015492665470636876,0.025457652614770336,-0.02264500367079339,0.0002720315410362744,-0.05368355167763686,0.005592639893004809
2004-05-14,0.00015493322116724706,0.025468781588318973,-0.022645378833830596,0.00027196917860228666,-0.053638882793339136,0.005593834383983549
2004-05-17,0.00015486972139455685,0.025483542104595042,-0.022645123003697008,0.0002720959753395761,-0.05364682926634596,0.005593972591818977
2004-05-18,0.00015490955853957256,0.025494171048623525,-0.022644686447185782,0.0002721245777679867,-0.05363056967964863,0.005593300373986348
2004-05-19,0.00015481333707846815,0.02551158854542123,-0.0226452204712485,0.00027219212051526827,-0.053673779745643704,0.005595041890829201
2004-05-20,0.00015480762000792835,0.02552371365400906,-0.02264425845175275,0.00027221784824460064,-0.053609471204431686,0.005596588076924427
2004-05-21,0.00015476437871686489,0.025529577591893792,-0.022644018972454535,0.0002720916705399438,-0.05360599389695695,0.005597004663371992
2004-05-24,0.00015481255992144847,0.025541229854774222,-0.02264353044398971,0.000272118275416919,-0.0535800899967384,0.005597198567597626
2004-05-25,0.000154760087285708,0.02555450510927465,-0.022643680468617814,0.00027209473468176043,-0.053559923276672326,0.005596682004912973
2004-05-26,0.00015472046326455024,0.02557030109198048,-0.02264275417985759,0.0002720176501338612,-0.05359256809572367,0.005596728934789117
2004-05-27,0.00015467940050614416,0.025586276352269424,-0.022642377036737334,0.0002721283560689574,-0.05358677305978141,0.005597403548176097
2004-05-28,0.00015465571876362185,0.02559648581487099,-0.0226412787652468,0.0002721518723084175,-0.053600338544329496,0.005597699078054013
2004-06-02,0.00015462860893520513,0.02561304350308338,-0.022640720832014335,0.0002721240472543946,-0.05361857415681148,0.0055974092105909685
2004-06-03,0.0001545570824083337,0.025620638548927644,-0.022641041590837234,0.0002719402224358318,-0.053609068962310845,0.005598167540839611
2004-06-04,0.00015455431605268164,0.02562657107434868,-0.022640201506786712,0.00027203231231506597,-0.053629938894469806,0.005597518481558686
2004-06-07,0.00015458028970185834,0.02564101934090451,-0.022641016955359604,0.00027191107096048706,-0.05358655851955413,0.005597851920890348
2004-06-08,0.00015458427101391447,0.025657693764549475,-0.022641020568127977,0.0002717466979810335,-0.05363859923595567,0.005599186018785953
2004-06-09,0.00015454392077355724,0.025665132608286376,-0.022640117863449803,0.0002717901862224039,-0.053619396307398176,0.005600244207837236
2004-06-10,0.00015460446358218715,0.025679697041873586,-0.02263894979130631,0.00027195674716930636,-0.05363202614875236,0.005601161087239002
2004-06-15,0.0001547116708711832,0.025690436515678764,-0.022638631577579903,0.0002721021885745367,-0.05361327484714493,0.00560076525683585
2004-06-16,0.00015465957021607658,0.025699784124818676,-0.022638449985457,0.0002721562569650081,-0.053649176250541296,0.0056017099600527845
2004-06-17,0.00015458973160058546,0.025709533265916584,-0.022637472190022996,0.00027227193709806916,-0.05368122052141147,0.005602497099820663
2004-06-18,0.00015457061115189863,0.025728116785393988,-0.022637689682804617,0.0002721747459196439,-0.05369510966138603,0.005602018485409745
2004-06-21,0.000154539064628703,0.025739508791650788,-0.02263688135781668,0.00027225347910758333,-0.05371225615596527,0.005602189718159347
2004-06-22,0.00015449126810569502,0.025754103899492037,-0.022636305016616395,0.0002722576643183791,-0.053719702795031785,0.005601377899687585
2004-06-23,0.00015450483274612493,0.025771478567208576,-0.022636139296212644,0.0002722875875750454,-0.05369362420294619,0.005601096384728131
2004-06-24,0.00015447945186848052,0.025780338105711776,-0.022636035770642396,0.00027221215605510523,-0.05374124247952784,0.005602182133232802
2004-06-25,0.00015444949906983556,0.025784936761292832,-0.02263510461947224,0.000272261257650046,-0.053693524852380485,0.005601877659704782
2004-06-28,0.0001544582754559177,0.025793635592902424,-0.02263463826331871,0.00027239765650277083,-0.053670761610389424,0.005602107576975787
2004-06-29,0.00015443745044442964,0.025805629153259145,-0.022633389883859614,0.0002723803766892286,-0.05363333533976049,0.005602322742415023
2004-06-30,0.00015444413374216844,0.025816041569949193,-0.0226336019666204,0.0002724397718236202,-0.05364175165495877,0.0056029611144808285
2004-07-01,0.0001543670592532747,0.0258262909331241,-0.02263425794149212,0.0002725468342673198,-0.05363523892959206,0.0056033932526369686
2004-07-02,0.0001543528887501682,0.025836251902666637,-0.022634199986536537,0.00027254654655049337,-0.05364319325010419,0.0056036540935494004
2004-07-07,0.00015432700257518917,0.025852559405116694,-0.022633100763021215,0.000272722084981791,-0.05362419266232637,0.00560327924707494
2004-07-08,0.00015436316873715494,0.025859905232964244,-0.02263343427740523,0.0002725267700004753,-0.05362485721052747,0.005602855334911688
2004-07-09,0.0001543275932835803,0.025869104859215612,-0.02263268053062983,0.0002725332947958513,-0.05361210045439775,0.005602209117939231
2004-07-12,0.00015422494181920545,0.025874276631151598,-0.022631874685897772,0.00027256291071079243,-0.05360549612063391,0.005603737997078439
2004-07-13,0.00015421663398702975,0.025889435687918842,-0.022631956546213916,0.00027275049314463287,-0.05358982469749478,0.005603845747326912
2004-07-14,0.0001541818939327028,0.02589639113227349,-0.02263138123446494,0.0002727959909919558,-0.05358729714499581,0.0056041102832496215
2004-07-15,0.0001541566872108284,0.02591343598261742,-0.022631086153007966,0.00027277680593947815,-0.05358533521709781,0.005602525783519787
2004-07-16,0.00015415382821230828,0.025936455126112066,-0.022631350013721057,0.00027277815282739966,-0.053591223298850764,0.005603752748926128
2004-07-19,0.00015416387976219172,0.025951514346848992,-0.022630167371198006,0.00027270121022887053,-0.053587773270118294,0.005604732052146548
2004-07-20,0.00015415062629315873,0.0259616625184906,-0.022629472297853868,0.0002727413599786668,-0.05359912512573673,0.005604736621303212
2004-07-21,0.00015412985777349218,0.025970396924327777,-0.022629281044389125,0.0002726940868707691,-0.05358608673440925,0.005605269732696027
2004-07-22,0.00015414316347820857,0.02597962976576048,-0.0226288870583448,0.00027281006080712026,-0.053609969910842235,0.005605856453244862
2004-07-23,0.0001541222360720822,0.02599851822866042,-0.02262850430766526,0.0002726345977118148,-0.05358240432782241,0.005607274793116724
2004-07-26,0.0001541434225094872,0.026012429181700603,-0.02262822815847815,0.00027260155452311674,-0.05357634540171484,0.005609196219121691
2004-07-27,0.00015415023685276272,0.026014409671262086,-0.022628504107349984,0.00027263392230625816,-0.053596582133190185,0.0056089277364827165
2004-07-28,0.00015412862950268185,0.026024477909792655,-0.022628671921982244,0.00027268019864707044,-0.05361317524243598,0.0056095417682835245
2004-07-29,0.0001541055001232985,0.02603669516469003,-0.022627937420356393,0.00027283476240688487,-0.05361391493183482,0.005608870520448884
2004-07-30,0.00015401981894756295,0.026039940523004065,-0.02262709692679794,0.00027287958930970164,-0.05364136442392492,0.005610369811123015
2004-08-02,0.00015396724952920952,0.02605755986925213,-0.022627379682270552,0.00027277493037846116,-0.05363321829375777,0.005610443621815336
2004-08-03,0.00015388796822568166,0.026066942523487485,-0.022627515866066424,0.00027288630734570056,-0.0536293462732631,0.005611536167959952
2004-08-04,0.00015388040245446782,0.02608008803802755,-0.0226273569601933,0.0002729592912062943,-0.05365117565474619,0.0056124729663853765
2004-08-05,0.00015387838358778944,0.026095187428071653,-0.022625834415949463,0.0002729860462983056,-0.053665388930964064,0.005612946686688775
2004-08-06,0.00015386234788839748,0.026105638157692714,-0.022625008482052338,0.00027296478915531965,-0.053648296718135806,0.0056125607846660795
2004-08-09,0.0001538606611413502,0.02611287949560154,-0.022623547600419,0.0002730907805723457,-0.053666737512491854,0.0056135463419699876
2004-08-10,0.0001538094737822161,0.026122853445089814,-0.022622076373460275,0.0002731829659920618,-0.05366230421114182,0.005613884165181866
2004-08-11,0.00015377716756134784,0.026139132645803507,-0.022621405005320307,0.00027325084901187025,-0.05364514533363062,0.0056138421085935725
2004-08-12,0.00015374089501280145,0.026152906237653286,-0.022620483284310034,0.00027337521487153107,-0.05368223993766099,0.005614582458199103
2004-08-13,0.00015376581579879296,0.026164761874740535,-0.022619391322669064,0.00027331245976874884,-0.05366358752371056,0.005616258888668761
2004-08-16,0.00015363971315250798,0.02616987847369795,-0.022619659803255414,0.00027331039291322303,-0.05364935740440731,0.005616980804277943
2004-08-17,0.0001536071969342122,0.026180979089828645,-0.022619320589898788,0.0002732194454751061,-0.053657030303627284,0.005617682609746507
2004-08-18,0.0001535226719878403,0.02619402964175352,-0.02261922562649555,0.00027302061472159623,-0.05361447902411192,0.005618208670626793
2004-08-19,0.00015352306734757066,0.026207048988403526,-0.022619158416227327,0.0002729631480274659,-0.0536235259018296,0.0056181181263637555
2004-08-20,0.00015354841450761892,0.026217893096986578,-0.022618734756227842,0.0002730184199804703,-0.05362051936919283,0.0056176611942677195
2004-08-23,0.0001534521381914787,0.026220934417931826,-0.022618730591993146,0.0002729717017580127,-0.05360130479820654,0.00561799807832046
2004-08-24,0.0001534528918756078,0.02623048702715354,-0.022616903294517723,0.00027316246243852885,-0.053648693425649076,0.005617581365692565
2004-08-25,0.0001534733233586935,0.026246398504164922,-0.02261659684759682,0.00027290579331051064,-0.053671357652204515,0.0056183448128605575
2004-08-26,0.0001534704348593712,0.026257239467637934,-0.022616589826105826,0.00027272193119586425,-0.05369008117754905,0.0056187109373771775
2004-08-27,0.00015347944906270164,0.026266248055871272,-0.022616151877568717,0.0002726626445415596,-0.05361334429109779,0.005619150989724998
2004-08-30,0.00015348504781178572,0.02627929862007785,-0.02261564399295207,0.0002727016141245605,-0.05357936720245285,0.005619409007224199
2004-08-31,0.0001534997694751985,0.02629640150461673,-0.02261390256662286,0.0002724876064938324,-0.05361703190192535,0.005618997589374843
2004-09-01,0.0001535137100083577,0.02630352665935224,-0.02261287093308507,0.0002724359038488126,-0.05360505186997193,0.005619254149874702
2004-09-02,0.00015355813138713515,0.026312914769900393,-0.02261141720866684,0.0002723677884124163,-0.05363025409738637,0.005619324658395223
2004-09-03,0.00015352416756781923,0.026322932692087585,-0.022610080005293583,0.0002723195959499905,-0.053648169199933114,0.005620376320600607
2004-09-08,0.00015351615542737493,0.02633856247031021,-0.022609555351201623,0.0002723356160627607,-0.053680937868767056,0.005620802784960594
2004-09-09,0.0001534661085563083,0.026348778113798425,-0.02260883423551813,0.00027249315048026747,-0.053717974414301276,0.005622263166672834
2004-09-10,0.00015343924119350108,0.026361979122204334,-0.022607142018522285,0.0002725198595851451,-0.053686258153557764,0.0056221256804935196
2004-09-13,0.000153470663362075,0.026373078662648416,-0.022607513648955826,0.00027246746392384544,-0.05371675782797314,0.005622584191629523
2004-09-14,0.00015350038706351206,0.026384996839029742,-0.022606371755372192,0.0002726020232529138,-0.05373538956178217,0.005623987898887227
2004-09-15,0.00015348880624178242,0.02640073202408699,-0.022605334790658033,0.00027281303682127834,-0.05374518443331661,0.00562420711182552
2004-09-16,0.00015349631875883222,0.02641481066525774,-0.022603693561040555,0.00027296811135419806,-0.053731335914837204,0.005623793773416486
2004-09-17,0.00015352154961053687,0.02642541696973634,-0.022603090089783243,0.0002729781991817157,-0.0537720940022975,0.0056255128027875466
2004-09-20,0.00015351513548223742,0.02643846416724451,-0.022601978518608373,0.00027310900149916186,-0.053799008334934374,0.005626619559932013
2004-09-21,0.00015348536386039152,0.02644998714510287,-0.02260093287159669,0.00027322446631591007,-0.05382431087357989,0.005626588691330725
2004-09-22,0.0001534536982047764,0.026464510833730692,-0.02260037786938558,0.0002732706319195748,-0.0538000540692597,0.005626742644150377
2004-09-23,0.00015343353423116383,0.026477225801315698,-0.022600149844925473,0.0002733711895332682,-0.05375193228495826,0.005627920666346906
2004-09-24,0.00015343389776516247,0.02648712770811878,-0.02259935511496868,0.00027332553903845194,-0.053664295387896375,0.005628516523133508
2004-09-27,0.00015341980026301386,0.026500262444139076,-0.0225984667489258,0.0002731973390548546,-0.053661266091305525,0.0056288632077305875
2004-09-28,0.000153348335733534,0.026506455285204913,-0.02259675174813052,0.0002731096687126612,-0.053673815280600376,0.005629487671014569
2004-09-29,0.0001533081838206757,0.02651380263436628,-0.02259621803995102,0.0002732701939516693,-0.05366799873909768,0.005629648796889191
2004-09-30,0.00015325892945941577,0.02652611700224591,-0.02259429591527211,0.00027322373554312815,-0.053677119595264694,0.005629873268415178
2004-10-01,0.00015330335823028268,0.026543212488977706,-0.02259406240303541,0.00027320480523249167,-0.05366505977476883,0.005630050355475877
2004-10-04,0.0001532647560774472,0.026558989337596664,-0.02259254395035451,0.000273005206793058,-0.053687240268473824,0.005630838639071318
2004-10-05,0.00015318288018495473,0.02657663450974385,-0.022591672206747217,0.0002730155340014481,-0.05371289341573246,0.0056304322661170116
2004-10-06,0.00015312142703445214,0.026583637873871666,-0.022590972261044208,0.0002730895369506048,-0.05366440218223423,0.005630963789450014
2004-10-07,0.00015315475230781643,0.026598218540265558,-0.022589931665593418,0.00027296912617774617,-0.05363985455087149,0.005632089490779418
2004-10-08,0.00015307246802111028,0.026609409797522774,-0.022589160341854087,0.00027270860533739873,-0.05365770065665424,0.005632335774501479
2004-10-13,0.0001530119986471089,0.0266179299131428,-0.022588051420603623,0.00027272025491305464,-0.05371075447977582,0.005632383882198816
2004-10-14,0.0001530157648871414,0.026631638950105258,-0.02258790818924405,0.00027276277762595654,-0.053686692741349185,0.005632611977908799
2004-10-15,0.00015295537379237252,0.026640330401294734,-0.022587927040463224,0.00027283731558362266,-0.05364405630843405,0.0056325018978619894
2004-10-18,0.0001529306296735216,0.026646629301114427,-0.0225869877333253,0.00027272129437182387,-0.053645016896800714,0.005633446067582819
2004-10-19,0.0001529353901441271,0.026657040741743458,-0.022586370188513206,0.0002728466316159719,-0.05365951498658886,0.005633166691078716
2004-10-20,0.0001529374160014623,0.026673509977153932,-0.022585870389103337,0.0002727302332063796,-0.05371344587840426,0.005633001371420154
2004-10-21,0.00015289894303031865,0.02668238619850651,-0.0225845383885309,0.00027274104324838747,-0.05372259632148335,0.005633381494996627
2004-10-22,0.0001529087081687021,0.026692772185912143,-0.022583947255050193,0.00027281924531673523,-0.05363693681809942,0.005633280007916557
2004-10-25,0.00015287107825746592,0.02670948753607561,-0.02258262244824403,0.0002727998967467207,-0.053595990012277675,0.00563399809291786
2004-10-26,0.0001528259946281809,0.026716032901970246,-0.022581513201355336,0.00027267663611871143,-0.0536189232000915,0.005634430257948226
2004-10-27,0.00015279426377465963,0.02673307061119706,-0.02258042069377663,0.00027270246370227004,-0.05362296582896341,0.0056355100211385786
2004-10-28,0.00015279772614997856,0.026745899169566566,-0.0225793362407742,0.00027288225485768385,-0.05363648704174094,0.005636383590418745
2004-10-29,0.00015280485516328267,0.026752966751564904,-0.02257834795989223,0.0002726887883019457,-0.05365037142757486,0.005637726667254133
2004-11-01,0.00015280186790225583,0.026765557968406753,-0.022578141843081243,0.00027267011709422806,-0.05369458213727952,0.005637880800339623
2004-11-02,0.00015269440176009873,0.026777317980264854,-0.022577051876510365,0.00027272856621258124,-0.05367008260628449,0.005638415247585863
2004-11-03,0.00015267834478280523,0.02678829738464745,-0.022576182329054843,0.0002728341811175033,-0.05363737044321867,0.005638290790468759
2004-11-04,0.00015262323006393313,0.026804461067348895,-0.02257479744738273,0.0002729852516065871,-0.053615911859740614,0.005638594130459536
2004-11-05,0.00015248753350592429,0.02681004879341508,-0.02257282464131438,0.00027297851625432044,-0.0536258450920923,0.005640181334775798
2004-11-08,0.00015249699481267905,0.026829150268275627,-0.022571837840388225,0.0002729402418575372,-0.05368327312473732,0.005640698763397073
2004-11-09,0.00015243983989266478,0.026838215332606205,-0.022570609220685066,0.00027319669879793485,-0.053626853069385506,0.005639894497383101
2004-11-10,0.00015236081506637657,0.026846172850203152,-0.022570199578779277,0.000273184113992966,-0.05359342829356185,0.0056408299069186756
2004-11-15,0.00015231166656110582,0.026860499447846367,-0.022568673681841622,0.0002732093354284702,-0.053629933286853275,0.005642186387292325
2004-11-16,0.0001522348416309445,0.026868900216818863,-0.02256744133246081,0.0002731771240961352,-0.05362052670207543,0.005642868374180219
2004-11-17,0.0001521543141203211,0.026875792550132747,-0.022566700111077045,0.00027304964077236446,-0.053643463914746455,0.005642704818471354
2004-11-18,0.00015207153385841588,0.0268841970229011,-0.022566344757057776,0.0002732138946740085,-0.053678179673887126,0.005642524597986356
2004-11-19,0.00015203402802544853,0.026890715119437757,-0.02256613541391462,0.00027320777805003995,-0.053716092296314445,0.005643940252327063
2004-11-22,0.00015196453886753828,0.026902235158316648,-0.02256488257094493,0.0002732542714735136,-0.0537016615033102,0.005644668318971385
2004-11-23,0.0001519321851182223,0.026912450864389512,-0.022563892618482618,0.0002733343382940323,-0.05366885560863346,0.005645568860880159
2004-11-24,0.00015185180485149274,0.02692209655698245,-0.022562933377617205,0.00027318875417207494,-0.05367910041800493,0.005646794560518609
2004-11-29,0.0001517942850792435,0.026935653998669942,-0.022561660341443163,0.0002732464435189335,-0.05369201084131698,0.005647028285187645
2004-11-30,0.00015171106629387286,0.026948051487204843,-0.022561217859665608,0.00027322769573022215,-0.053690324482795995,0.005647600689062651
2004-12-01,0.0001516881693775274,0.026954225896483414,-0.022560346379230038,0.0002732540449942098,-0.05367260041807055,0.0056478597610239295
2004-12-02,0.0001516531753703945,0.0269668513046663,-0.022559458438784003,0.00027320309502354943,-0.05372104792567901,0.005648053562693833
2004-12-03,0.0001516635065739566,0.026985246206807485,-0.02255888967658525,0.00027335774163609965,-0.05378187869449325,0.005648633668650475
2004-12-06,0.00015166578962037158,0.0269932630006271,-0.022558502990921693,0.00027359836981495856,-0.053819598640488436,0.005649534504984567
2004-12-07,0.00015164105570218255,0.02700589731956811,-0.022557253175993396,0.000273705486331056,-0.05383459334525948,0.005650576775138663
2004-12-08,0.00015158091751909627,0.027013839207686904,-0.022556743719802645,0.00027387082826414597,-0.0538564818465575,0.00565159838518449
2004-12-09,0.00015149203921134563,0.02702940026670185,-0.0225559455358633,0.0002738910599731594,-0.05383360271260065,0.0056516944985213445
2004-12-10,0.00015143955226172746,0.02703587483973324,-0.022555663587067457,0.0002738452721833212,-0.05383170670438277,0.005651452554693619
2004-12-13,0.0001513111402715527,0.02704293503762441,-0.022554610217615567,0.00027368699765008487,-0.05379232824356503,0.005650523710596028
2004-12-14,0.0001513281798122765,0.027056718807488556,-0.02255422245985557,0.00027368018482547176,-0.0538281165261876,0.005651164666001851
2004-12-15,0.00015126189456520896,0.027070512797743793,-0.022553071438529203,0.0002738181658777953,-0.05384737358222483,0.005651535514882549
2004-12-16,0.00015123700500798098,0.02707959239789118,-0.02255114315406385,0.0002736791732677421,-0.05380719287750922,0.0056518341449236925
2004-12-17,0.000151257174934476,0.027091235144341547,-0.022551078112393146,0.0002736117946285462,-0.05377100268246485,0.0056517891517124
2004-12-20,0.00015115575791292398,0.027099225983300976,-0.022550459038968785,0.0002736391862035923,-0.05377188697529057,0.005652320445940228
2004-12-21,0.00015112942903668528,0.027110173425831482,-0.022549260521182255,0.00027368816327096447,-0.053790639325458786,0.005652095418151412
2004-12-22,0.0001511359869786613,0.027118303656348843,-0.02254792403291872,0.00027372607333138156,-0.053788855767065435,0.005652776526957224
2004-12-23,0.00015107842680654583,0.02712950131479816,-0.022547028256245626,0.000273553467042261,-0.05379066898351158,0.005654429981379347
2004-12-28,0.00015104771926427178,0.027145813082724235,-0.022545467546971055,0.00027351143717691266,-0.0538219152425972,0.005655070086986445
2004-12-29,0.00015099328993396048,0.027153443606429555,-0.022545194522019238,0.0002735710676992016,-0.05384391420395807,0.005656394537995546
2004-12-30,0.00015098234532850177,0.027166618995537132,-0.022543951800765922,0.0002736321015533487,-0.053874268750287155,0.005656997380272727
2004-12-31,0.00015097819008061172,0.027173640293552993,-0.022542226175703728,0.00027362175880006086,-0.05390502251779397,0.005657662040586153
2005-01-03,0.00015095394868049796,0.027185151478898308,-0.022541480758341354,0.0002737495213780707,-0.05397591513897704,0.005658884899161042
2005-01-04,0.00015092781030994878,0.027202947401087557,-0.022541069839443453,0.00027367648831877093,-0.05396297089940526,0.005659489669200329
2005-01-05,0.00015092615661804453,0.02720841383543054,-0.022539635884765413,0.00027364120256358014,-0.0539268131213876,0.005659854242746355
2005-01-06,0.00015085052278799877,0.027217879109864587,-0.02253879140954089,0.00027358292427511117,-0.05392496899896426,0.0056602399227264205
2005-01-07,0.000150786726015966,0.027223978631617105,-0.02253737762721518,0.0002736337861510718,-0.05392070090571938,0.005660398016197866
2005-01-10,0.00015083053289997463,0.027232702884070738,-0.022536250705378534,0.0002737538985921142,-0.05392067857292479,0.0056619678670059344
2005-01-11,0.0001508467932297847,0.02724003362697999,-0.022535088150811528,0.0002737313673055958,-0.05388709162525433,0.00566242460777842
2005-01-12,0.0001507925641215607,0.02724890718698129,-0.022533755589406575,0.0002738032230375489,-0.05384952408773038,0.00566264105040769
2005-01-13,0.00015075740187369866,0.02725362183608579,-0.0225317199145132,0.00027386678608714134,-0.053844211001587455,0.005663148763736164
2005-01-14,0.00015070668301486276,0.027262271870840057,-0.02253095193464202,0.0002738813594727699,-0.053935894703683526,0.0056632010157993155
2005-01-19,0.00015070249970127651,0.027277796556783147,-0.02253000785882794,0.00027375676213728514,-0.053901526833238594,0.005662779884856778
2005-01-20,0.0001506489797135146,0.027289030301749954,-0.02252911966874639,0.00027386237022454074,-0.05387898248466015,0.005663594564035002
2005-01-21,0.00015066219573629602,0.02729305641515791,-0.02252714605279752,0.0002738522307018483,-0.05388732496720629,0.005663490166588738
2005-01-24,0.00015058271099406626,0.027304376823611812,-0.022527114960196864,0.00027397383532854695,-0.053852335225215965,0.005664014426188307
2005-01-25,0.00015051772776195486,0.027309409919889935,-0.022526474582774052,0.00027401388363535443,-0.05387173709039607,0.005664637730790161
2005-01-26,0.00015051079009736657,0.027319520520043456,-0.022525410544604083,0.00027401844655444176,-0.05385918155401097,0.005664641448597006
2005-01-27,0.00015040192239357378,0.027324982800462114,-0.022524816965221895,0.0002741504822688329,-0.05385339847979128,0.005665617475487437
2005-01-28,0.0001503431539311396,0.027340693951606685,-0.02252344828795813,0.00027426414198313063,-0.05386550826316497,0.005665859874087017
2005-01-31,0.0001503162744527685,0.027349355096978802,-0.022522811005281675,0.0002744360508155982,-0.053892510652513465,0.005666167009535657
2005-02-01,0.0001502427233788858,0.027359314943127384,-0.022521730528690175,0.000274728214347454,-0.053880434232015925,0.00566788505890896
2005-02-02,0.0001502584935528203,0.027367850481339013,-0.022520829980709613,0.0002747179863207735,-0.053873377221285566,0.005667487923926385
2005-02-03,0.0001501993751256491,0.027376782187237096,-0.022520030928337074,0.00027466858929370145,-0.053884370977980156,0.005668448438348735
2005-02-04,0.00015020636136571855,0.027386569873775368,-0.02251941251757381,0.00027478731412340835,-0.05387279697510332,0.005668912128415323
2005-02-07,0.0001501486386748637,0.027396039803505016,-0.02251911570364455,0.000274892362613052,-0.05390222277716619,0.005669735880083418
2005-02-08,0.00015010098348094164,0.027399488759780842,-0.022517071946628366,0.0002749278761628673,-0.05389145669563325,0.00567073172214688
2005-02-09,0.0001500901528574885,0.027409130141222343,-0.02251589177015348,0.00027497923897459647,-0.05387698932231676,0.005670809977383769
2005-02-10,0.00015012501837929277,0.02741732177299109,-0.022514751068333387,0.00027499982236569784,-0.053890140808533306,0.005672015521866891
2005-02-11,0.00015007407044066834,0.027430136727940136,-0.022513759171852193,0.00027511421918148673,-0.053899808180459224,0.005672851940756066
2005-02-14,0.00015004869259927338,0.02744414459628431,-0.02251338927315422,0.00027534054012181604,-0.05391815186772983,0.005673932113937581
2005-02-15,0.00015003239338335665,0.027453997792482344,-0.02251182226773878,0.00027550934583025875,-0.053887061992127075,0.005675063160309141
2005-02-16,0.00014999105601315148,0.02746238475855446,-0.022510501593497597,0.00027554306835344736,-0.05393946886049887,0.005675942829597724
2005-02-17,0.00014997972557743153,0.02746752895952161,-0.02250879455909258,0.0002757674465033392,-0.05391410136123531,0.0056758352478610535
2005-02-18,0.00014990634945849447,0.027477954342415498,-0.022508852519481887,0.0002757888799955926,-0.05387244976927501,0.005675229453642251
2005-02-23,0.00014991974033498512,0.027487699476318513,-0.022507590105439682,0.00027593251932924703,-0.05390079084394575,0.005675686562426843
2005-02-24,0.00014990301418021752,0.027499752085068222,-0.02250704591826553,0.00027597989656091533,-0.05389312189948953,0.005677798749925247
2005-02-25,0.000149830446087272,0.027508349516768647,-0.022506183145158024,0.0002761760809955543,-0.05385199015519587,0.005678371536770486
2005-02-28,0.0001498135494774326,0.027515272393467443,-0.022505520763957638,0.00027620458448608925,-0.05384997010453142,0.005679345524915901
2005-03-01,0.00014978580285600207,0.02752683234244311,-0.022505161513294483,0.00027623949558532864,-0.05386617484131128,0.0056792110111788165
2005-03-02,0.00014978247470332005,0.027541299953261673,-0.022505559169266928,0.0002763095834292409,-0.053894254652665737,0.005679258224386455
2005-03-03,0.00014975276584714542,0.027549580266671456,-0.022505592569515842,0.0002762697765342601,-0.05390447267832722,0.005679906800007647
2005-03-04,0.00014973223537752422,0.02755201186253731,-0.022505555978412826,0.00027635315548527495,-0.05392575894015242,0.005680870411327645
2005-03-07,0.00014967002356515414,0.0275629354091392,-0.022505087903271062,0.00027651093844116884,-0.0539174107461574,0.005679915800245182
2005-03-08,0.00014962977813922748,0.027575447039492457,-0.02250459308882577,0.00027677231019653404,-0.05391438426459863,0.005680231562500947
2005-03-09,0.00014958126256176628,0.027585530608262868,-0.022504062973144955,0.0002768061168056541,-0.05390047978294797,0.005679810183217603
2005-03-10,0.00014959423646488353,0.027591563620788972,-0.02250286936400918,0.00027680100473423316,-0.05390963869551382,0.005680054566634319
2005-03-11,0.00014958537875302578,0.027604448163113884,-0.02250194684210818,0.00027674153110973974,-0.053932755621133144,0.005681305585712204
2005-03-14,0.00014953727328844256,0.027612193549997045,-0.022499720725482415,0.00027671661984369437,-0.05395150070504296,0.005681034993942809
2005-03-15,0.00014945547273911413,0.02762116935577956,-0.02250022833119827,0.0002768486305624978,-0.05392656661649907,0.005681283641069203
2005-03-16,0.00014949363333776618,0.027625528776336186,-0.02249960597182913,0.00027694572582225474,-0.05394882575876977,0.005682661279317113
2005-03-17,0.00014950643312790725,0.027633731009604045,-0.02249890961785087,0.0002770632534434028,-0.05401211749127479,0.005684737805375576
2005-03-18,0.0001494603503987478,0.027647365528117765,-0.022497814742916674,0.00027721136803267413,-0.054020754503452464,0.0056853895113982336
2005-03-21,0.0001493925911863699,0.02765992123945065,-0.022497569685197914,0.00027717443947189907,-0.05400481129181528,0.005687046694230499
2005-03-22,0.00014933967224992837,0.02766892151502767,-0.022496916391014646,0.0002771639086873679,-0.05399943759339568,0.005687586396437589
2005-03-23,0.0001493439459018275,0.027674850774100892,-0.022496072753546884,0.0002773859624610062,-0.054007238578915914,0.005688757195236854
2005-03-24,0.00014931779255863699,0.027680931697175767,-0.022495841282057054,0.00027739034936249675,-0.05396523890085308,0.00569005712816246
2005-03-29,0.000149308059779447,0.027696248122724403,-0.022494705062836275,0.0002773819667778402,-0.05392864784657896,0.005690079323735644
2005-03-30,0.00014934835120895907,0.02770654137586127,-0.02249426741654573,0.00027757954260054763,-0.05391490032392355,0.005690620720130409
2005-03-31,0.00014929070781676684,0.027720069213183856,-0.022492799811305902,0.00027778134419606445,-0.05395011537254664,0.005690857129053353
2005-04-01,0.00014931642624456965,0.027730486419156913,-0.022491506054803576,0.0002779082507366741,-0.05394617241902675,0.005690824545548173
2005-04-04,0.00014928227808593095,0.027738383838079472,-0.022490498656229464,0.0002779177180814979,-0.05389175172956809,0.005692111128798512
2005-04-05,0.00014930465581074464,0.02775104625476518,-0.022490441526377157,0.0002779242195763394,-0.05393451558050106,0.005693016992288285
2005-04-06,0.00014933832656857508,0.027762942228251736,-0.02249018157429641,0.00027789927553786587,-0.05392729196933426,0.005692467250895051
2005-04-07,0.0001493346610170069,0.02777586098324202,-0.022489563971945008,0.0002779977880063322,-0.053937585077554355,0.005693611850311174
2005-04-08,0.00014927450565294014,0.027786373360545603,-0.022490184059786797,0.00027804758531571784,-0.05393111924251794,0.005694687141074383
2005-04-11,0.00014925603845722938,0.02779867911571082,-0.02248985906111508,0.0002780357749586848,-0.05395152858849594,0.005695620183544138
2005-04-12,0.00014922545088162946,0.027808469093950548,-0.022489243377487745,0.0002778356055574783,-0.05397871357552468,0.005696170374671777
2005-04-13,0.0001492261050605743,0.027814636698592115,-0.022488527202736402,0.00027805685438199776,-0.05394751841616972,0.005697749029783056
2005-04-14,0.0001492157456762541,0.027831034500165414,-0.02248779882581992,0.00027796989016990305,-0.05394248589695547,0.005699240381176883
2005-04-15,0.0001491768609906617,0.027840302662881334,-0.022487452212726175,0.00027785898465047587,-0.053951084964293766,0.00569988794026191
2005-04-18,0.00014913814351538417,0.027855879064812884,-0.022486254525921873,0.00027786855417266323,-0.05389534439047073,0.0057015499972691425
2005-04-19,0.00014906746221946703,0.027860373720700642,-0.022486793127506656,0.00027803018313853344,-0.05386989305187573,0.00570194750340276
2005-04-20,0.0001490403337773828,0.02787412801341522,-0.02248577985307649,0.00027810017639279033,-0.053854133120984936,0.005702495054630107
2005-04-21,0.0001489969783827747,0.027885987562554202,-0.02248535743591133,0.0002782044993635153,-0.05376709080878395,0.005703457090265669
2005-04-22,0.00014894719801240044,0.027894960478429584,-0.022485235040502344,0.0002785442723461329,-0.05374006906811653,0.005706050522315246
2005-04-25,0.0001489199713255165,0.027905984037644712,-0.022483822210954706,0.0002785434701190739,-0.05371498642147248,0.005706716719164668
2005-04-26,0.00014885835859442553,0.027918023232748217,-0.02248366278437557,0.00027875068401213456,-0.05367132036207008,0.005707767612445801
2005-04-27,0.0001488469991807509,0.02793109755324828,-0.022483730003719494,0.000278737155488145,-0.053690300615907446,0.005707981370957497
2005-04-28,0.00014885413233617164,0.027947812332453123,-0.022482809012424162,0.0002787333969307247,-0.05371080906634339,0.005708568744090431
2005-04-29,0.00014883322468348426,0.027952336634036803,-0.022481981614486415,0.00027877572078044963,-0.05365783968932886,0.005709015294815156
2005-05-02,0.00014880115481341952,0.027962383979980514,-0.02248135433454401,0.00027880732136681424,-0.05368999669150311,0.005708669909979752
2005-05-03,0.00014875743065188778,0.02797305847891081,-0.022480485689029453,0.0002789061240574371,-0.05366810656751238,0.005708925265449637
2005-05-04,0.00014877667431586038,0.02799440983104492,-0.022480998541752183,0.0002788295123348228,-0.05363428132144119,0.0057093425894177855
2005-05-05,0.00014875495252654795,0.02800427758723336,-0.02248043135235989,0.00027869103333547427,-0.05361895617337106,0.005710314187848965
2005-05-06,0.00014877358109699774,0.028013089615309208,-0.02247932961470094,0.0002786781379621088,-0.053662377919340386,0.005710577972873933
2005-05-09,0.00014872204381363247,0.02802220099414516,-0.02247993897227686,0.0002787327522815909,-0.05365685235760372,0.005711459552365946
2005-05-10,0.0001487844124116058,0.028039964291399343,-0.022479594761950654,0.00027882529700883426,-0.05363413520115466,0.005711916441837313
2005-05-11,0.00014870358846954377,0.02804952278472608,-0.022479488989993027,0.00027893801302941956,-0.053637619178652285,0.005712970127122088
2005-05-12,0.0001486731458641727,0.028051915008798597,-0.022479615615598657,0.000278895078525536,-0.053631908764062694,0.005713379435688059
2005-05-13,0.0001486439505513937,0.028058339499239696,-0.022478920715518057,0.00027902707784783045,-0.053629263106819064,0.00571491556989684
2005-05-16,0.00014863280499645195,0.028064076533185888,-0.022478912155888715,0.00027931254165149735,-0.05358948829109275,0.005714228688705885
2005-05-17,0.0001486003503533397,0.028072115145615043,-0.022477924234015623,0.00027932912236821006,-0.053525643921926255,0.005714644613032418
2005-05-18,0.00014852601718756927,0.028080343870207768,-0.022477238290400006,0.0002793438942654004,-0.05351269896166909,0.005715577324083621
2005-05-19,0.0001484600193308761,0.028088915455002562,-0.02247703145386492,0.0002794018935327041,-0.05347702594661088,0.005716879762885438
2005-05-20,0.0001484348910733988,0.028095975624628147,-0.022476671237066214,0.0002794667070392089,-0.053486102205818634,0.005717787080706565
2005-05-23,0.0001484059641118879,0.028103055107970645,-0.022476118725283666,0.00027975036868326176,-0.05345109835639281,0.005716404213848258
2005-05-24,0.00014838711126753852,0.02811324266763683,-0.022475190179280055,0.0002798000009534429,-0.05344001659123583,0.00571789840326414
2005-05-25,0.00014842583190091156,0.02812141780082256,-0.022474893784391596,0.00027994872749176233,-0.05347751724549008,0.0057189789488364525
2005-05-26,0.00014838093406013388,0.02814036123078182,-0.022473842041266612,0.0002797768946387108,-0.053489867524549366,0.005719026911204137
2005-05-27,0.00014839117601220242,0.028153236532187587,-0.02247281642791782,0.00027977096277420594,-0.05347937158349457,0.00571934925800933
2005-06-01,0.0001484356444517599,0.02816868955222577,-0.0224712758510016,0.0002799661043446164,-0.05347251003096,0.005719803252098196
2005-06-02,0.00014840088459744727,0.02818106129305174,-0.022470500443955033,0.000280204444293872,-0.05346694700869015,0.005721028571980513
2005-06-03,0.00014840930380195425,0.028192854011220448,-0.02247013064834904,0.00028015672735173954,-0.05343629507178694,0.005720388150110224
2005-06-06,0.00014834403768215215,0.02819838730454331,-0.022469659946352447,0.00028022330533371243,-0.05346282145279939,0.005721075593539349
2005-06-07,0.00014827403133885864,0.028210733962632947,-0.02246919628263749,0.00028011061469507926,-0.053430393325693985,0.005722145997828268
2005-06-08,0.00014823906388911222,0.028221896872442014,-0.02246882742443111,0.00028010692613672294,-0.053449279017738785,0.005724524789194284
2005-06-09,0.00014818876163211257,0.02823572439884105,-0.02246861262503425,0.00028016237397042714,-0.05343471463732884,0.005725581238777051
2005-06-10,0.0001481838059468968,0.02825104809409847,-0.02246851609054154,0.0002801127785297755,-0.05338425602135571,0.005725697002922573
2005-06-13,0.0001481981672158991,0.02826619111255487,-0.022467026158157516,0.00028022794947292316,-0.05334185017495551,0.005726679813654231
2005-06-14,0.00014811975519375461,0.028277005573302007,-0.022466724534078372,0.00028053715894158946,-0.05331478797037225,0.005727340043902076
2005-06-15,0.00014819893809424963,0.028284884487549865,-0.022465049122323475,0.00028046388967866613,-0.05327731917822608,0.005727456525263865
2005-06-16,0.0001482098522661467,0.02829524013445508,-0.022464105643093934,0.0002805919222625908,-0.05324174953011278,0.005728262943851154
2005-06-17,0.00014819732143636432,0.028307187120047705,-0.022463386610599285,0.00028062285984888254,-0.05321963086138719,0.0057288712459720795
2005-06-20,0.0001481691356759316,0.028321752387022656,-0.02246350169219436,0.00028048956614334084,-0.05317853540302925,0.005730260629367256
2005-06-21,0.00014815665261977445,0.02833605046497272,-0.02246285549076936,0.0002806644130173203,-0.05312987364103374,0.005730961472038429
2005-06-22,0.00014814828131459498,0.028352165756385116,-0.022461138931603786,0.00028055948623273766,-0.05307785192943727,0.005730958799708712
2005-06-23,0.0001481606886100549,0.02836786023243348,-0.022460110729327565,0.00028077793926614133,-0.05307148102484954,0.0057321024477767785
2005-06-24,0.0001481694847661047,0.02838035453900721,-0.02245983900736276,0.0002806852557897671,-0.053088907319167364,0.005731211581090602
2005-06-27,0.00014821815365120697,0.028390444393080912,-0.022458958936366312,0.0002806178733615741,-0.05310725327763756,0.00573080824059519
2005-06-28,0.0001481839452001446,0.028397384795343247,-0.022458749643055984,0.00028067566614632135,-0.053128337540006926,0.005732587362466854
2005-06-29,0.00014819087768683863,0.02840566768013005,-0.022457766814226014,0.00028062716752044335,-0.05309350750827242,0.005733270708776611
2005-06-30,0.00014821985354436556,0.028416044135342728,-0.022457642185257455,0.00028063041666650455,-0.053054802346046565,0.005734405090731518
2005-07-01,0.00014824096312766343,0.028432425146058038,-0.02245691550676921,0.0002806413449963966,-0.05300318709608072,0.005735672404806727
2005-07-06,0.00014824817863096085,0.028444681706513757,-0.022456394681358273,0.00028074143496983114,-0.05296283620604346,0.005736156424488135
2005-07-07,0.0001483201085110861,0.028455414448135496,-0.022455578495872076,0.00028066962099409853,-0.05295714879737648,0.005737536300056432
2005-07-08,0.00014832654495304108,0.028462316047517484,-0.02245401956198888,0.0002808451184372227,-0.05296100869066151,0.00573867305262864
2005-07-11,0.0001482856769206898,0.028468998113757894,-0.02245330984782915,0.0002810717470665504,-0.0528486559363644,0.0057388907044052745
2005-07-12,0.00014832258018574086,0.02847401920597588,-0.02245203241998701,0.0002812667443948965,-0.052829645780827356,0.00573864990562399
2005-07-13,0.00014827864629468607,0.028486991073242925,-0.022451060660029065,0.00028125448075401346,-0.05282345451829464,0.005739303464577043
2005-07-14,0.00014826098979371733,0.028498419176361353,-0.022450444215659237,0.0002812838606140007,-0.052822998496779856,0.005739547741965539
2005-07-15,0.00014829088665536486,0.028507499807789032,-0.022450669274186638,0.0002813878292773821,-0.05279876599398557,0.005739952433435517
2005-07-18,0.00014831275708229415,0.028523858861644588,-0.022450024202138714,0.0002813362268315518,-0.05282213318188377,0.005740630359692314
2005-07-19,0.00014832334309369542,0.028538155703815567,-0.022449261651700327,0.000281468509386711,-0.052795341410329065,0.005740160041969729
2005-07-20,0.0001482989903016083,0.028547959904017577,-0.022448420447420743,0.00028147675904799434,-0.052720075700555584,0.005742170173239545
2005-07-21,0.00014838117216574217,0.028559147389025628,-0.022448601576137463,0.0002813872202800913,-0.05271624515611673,0.005741113704511998
2005-07-22,0.00014836354870023582,0.028570854188966884,-0.022448858407018962,0.00028132762134649167,-0.05264861778364592,0.0057419789843385
2005-07-25,0.0001484195016054113,0.02858052494234758,-0.022447317441298523,0.00028127168885652633,-0.052656744850074315,0.005742322390787879
2005-07-26,0.00014836787570796458,0.028591379209592267,-0.022446420968892163,0.00028114412875656204,-0.05263621662631083,0.005741156639447704
2005-07-27,0.00014836706011597535,0.02860330856835242,-0.0224465070398046,0.00028133057319852054,-0.05257458162324476,0.005742176321535201
2005-07-28,0.0001483703377385339,0.0286129691527913,-0.022445606495911343,0.00028137627891024913,-0.05262033597506211,0.005743273117696162
2005-07-29,0.0001483770514948639,0.02863237342749228,-0.022445089891953554,0.0002813198900837868,-0.05257342252845261,0.005743648025963883
2005-08-01,0.0001483941010742713,0.028639322949927194,-0.02244400912019141,0.00028121510790903823,-0.05257559410994054,0.005743896556539247
2005-08-02,0.00014843729582837922,0.028653382524370608,-0.022443884704725484,0.000281113154750608,-0.052549773688287775,0.005744315760830361
2005-08-03,0.000148409003740597,0.028662630095577835,-0.022443703111503763,0.00028111082406638436,-0.05251883051088963,0.005743889962063802
2005-08-04,0.00014843702323835716,0.028671536453887897,-0.022442876858985505,0.00028122060878658516,-0.052559300782273846,0.005744478820301768
2005-08-05,0.00014852547965296081,0.028687817205334434,-0.022442473478466438,0.0002811605012340315,-0.05249069262590605,0.005745044873082195
2005-08-08,0.00014853712016369038,0.028699130221601785,-0.022440989009308594,0.0002813532830774427,-0.05253951734089929,0.005746056639953624
2005-08-09,0.00014845709953092168,0.028715165768481037,-0.02243982208537335,0.00028159773936176216,-0.05256043062921402,0.005746786633942171
2005-08-10,0.00014841657862959968,0.028727992073950145,-0.022440134535690603,0.0002813780791688219,-0.0524717643455377,0.005746811649739952
2005-08-11,0.0001484161904163798,0.02874429080599441,-0.022439200076790202,0.0002813080253573875,-0.05244351456940817,0.005748090366772145
2005-08-12,0.0001483950787701423,0.028750408125434446,-0.022438784193099172,0.000281539704955921,-0.05241472512367582,0.005748708218282807
2005-08-15,0.0001483944042577532,0.028759042332167098,-0.022438241977837066,0.0002814167734201593,-0.052350502191203796,0.005749279638156376
2005-08-16,0.00014843486695602476,0.028764502585078556,-0.022437498585824365,0.00028135235060503796,-0.052315473519790205,0.005748486389333332
2005-08-17,0.00014851394370888599,0.028770738922562242,-0.02243661160422376,0.0002813248991353836,-0.05225111623492377,0.0057502064634862154
2005-08-18,0.00014850807992864977,0.028776879600653685,-0.022436056311932916,0.00028132942708327654,-0.05222840559296751,0.005750203243333651
2005-08-19,0.00014852932632724629,0.02878881395220468,-0.022435106512660664,0.00028131885752605366,-0.05221321507595268,0.005750138557186137
2005-08-22,0.0001485267700466838,0.02879908555896109,-0.022434691867477135,0.00028142919865053914,-0.05217090758766511,0.005748996131906872
2005-08-23,0.0001485289374307845,0.02881205662474343,-0.022433992872084665,0.000281293938207145,-0.0521349412086897,0.005749877683559876
2005-08-24,0.00014852629293619002,0.028819713117310426,-0.022433909222151695,0.00028140613586543077,-0.05211252266066171,0.00575094761731728
2005-08-25,0.00014855877443813542,0.028832222045008953,-0.022433695303743253,0.0002814602565673408,-0.05209759201764256,0.005751497345141182
2005-08-26,0.0001485165431747097,0.028847843111531067,-0.022434044243360655,0.000281403508845113,-0.052074351635642106,0.005752587506883084
2005-08-29,0.00014852154470451352,0.02885412891815465,-0.022433719756206432,0.0002815122382921232,-0.05207810776522939,0.0057528999360660135
2005-08-30,0.00014848165541598898,0.028867403698493502,-0.022432595939495932,0.00028166859720608287,-0.052043774653386596,0.00575260543721785
2005-08-31,0.00014852389464314674,0.028874936240890003,-0.022430368329133383,0.00028174167560000515,-0.05206565645729659,0.005753158048534382
2005-09-01,0.00014854930418569656,0.028888127623349035,-0.022429304379761515,0.00028185788235112293,-0.05201354746716581,0.005753071846766478
2005-09-02,0.00014854482377892197,0.028900295338835577,-0.022427513525708292,0.00028187870920758453,-0.05196769412232992,0.00575358397870705
2005-09-07,0.00014856561450784353,0.028908700548243776,-0.02242642156590784,0.00028198055997738416,-0.05204530120457183,0.005754410598094322
2005-09-08,0.00014854939011155085,0.02892070216613601,-0.02242550027920829,0.00028193898348689785,-0.052032854029673434,0.005753759992394333
2005-09-09,0.0001485029548433493,0.02892816232697096,-0.022424837413348726,0.00028185083757638297,-0.05208629270774047,0.005753351038444917
2005-09-12,0.0001485445885220418,0.02893932676032368,-0.022424096788213853,0.0002817180658662131,-0.052072319203849436,0.005753611613094857
2005-09-13,0.00014859407519425308,0.028952073831043937,-0.02242320605746519,0.0002817700634761439,-0.05205868517520851,0.005753854005671275
2005-09-14,0.0001486105741522575,0.02896427574384635,-0.02242263470327303,0.00028169810568640097,-0.05205007221636386,0.005754286663079914
2005-09-15,0.00014862477869628048,0.02897479845054966,-0.022421516301314712,0.0002815861346026086,-0.05204825779056847,0.005754544623845119
2005-09-16,0.00014862507408443338,0.02898769736829157,-0.022421631599537185,0.00028172104102488067,-0.05203918555900869,0.005754435993944172
2005-09-19,0.00014864718951183154,0.028995979810171078,-0.022420289040058074,0.0002818283717335577,-0.052031424969044865,0.005753614491819832
2005-09-20,0.00014862632165689918,0.02900801235957499,-0.022419654447336543,0.0002819647043472241,-0.052013658374071514,0.005754129429166039
2005-09-21,0.0001486139319217879,0.02902107369943397,-0.022417817935925403,0.0002820097235430318,-0.05194574998814772,0.00575425674574286
2005-09-22,0.00014861155627242305,0.029030966032515416,-0.022416997894773322,0.00028192928251810097,-0.05191415613475447,0.00575507952479781
2005-09-23,0.0001485797708756103,0.029046609263006253,-0.022416580701584796,0.0002818169997656929,-0.051859361987559374,0.005754491283327556
2005-09-26,0.00014860836528080823,0.029063615296017628,-0.022416731908642972,0.0002819583539795836,-0.051815805181080254,0.005755185360271584
2005-09-27,0.0001485598866789113,0.02907038659425417,-0.022415996860138253,0.00028198580635803086,-0.05183367206909808,0.0057556336987681445
2005-09-28,0.00014857415909563348,0.02907676090209921,-0.02241469931449725,0.0002819414482164789,-0.0518064670432902,0.005756066971885753
2005-09-29,0.0001485962789628809,0.02908053450052396,-0.02241373555606147,0.0002820597891622118,-0.051820501937261045,0.0057558621213400964
2005-09-30,0.0001486874071473326,0.029087095300199498,-0.022413331782973746,0.0002821153725870701,-0.05178906989339986,0.00575553079933311
2005-10-03,0.0001486899607162347,0.029090292250027298,-0.022412613337416547,0.0002819543299072667,-0.05175386809984642,0.005756139211531332
2005-10-04,0.0001486924811528196,0.02909815144445824,-0.02241166401162531,0.00028183885030077464,-0.05169709734247238,0.005756146508378539
2005-10-05,0.00014867609072956347,0.029110806887256004,-0.022410879582318115,0.0002819035032275821,-0.05169266224822218,0.005756346032635795
2005-10-06,0.000148660432873023,0.02912941412150965,-0.022410821137487776,0.0002818875730818146,-0.05163031524649207,0.005756783294867886
2005-10-07,0.0001486994237483227,0.029140380054198285,-0.022410675101911085,0.00028196036420801893,-0.05162027933898987,0.005757700675494934
2005-10-12,0.00014873328112044267,0.029147727148471973,-0.022410120422657245,0.000282278738214385,-0.05156628472771059,0.005758344906022819
2005-10-13,0.00014869820954032992,0.029162996047897283,-0.022409380395014777,0.00028230859953611996,-0.051541704071793565,0.005757893766541907
2005-10-14,0.00014866517370049886,0.029174366488570865,-0.022408004284408686,0.00028236546147009545,-0.051515262388093536,0.005758049349426512
2005-10-17,0.00014860996345062428,0.029186961086408798,-0.022407556584290608,0.0002824608163483223,-0.05153980880856918,0.005757264133595001
2005-10-18,0.00014860485739970244,0.029195823479504487,-0.022407000491079642,0.0002824293498929217,-0.05151290639063982,0.005758047343200859
2005-10-19,0.00014857769696643817,0.029200786078196,-0.02240598467235572,0.000282622864029962,-0.05149316848460857,0.005759136246259719
2005-10-20,0.00014852007856583325,0.029210869683877774,-0.022404350265293187,0.00028249029692317435,-0.051476809439028395,0.005761589389133825
2005-10-21,0.00014853857505675247,0.029220153819783618,-0.02240279494894102,0.00028246889630551605,-0.05150288564507774,0.005762213524237255
2005-10-24,0.00014853645048848048,0.029231812376340746,-0.02240158086279029,0.00028249428479171495,-0.051512080052263626,0.005762363888968776
2005-10-25,0.0001485152073680114,0.029247036485241677,-0.02239984937119073,0.0002822864348314382,-0.051521601025419375,0.005763802420238882
2005-10-26,0.000148569207024772,0.029255978635987945,-0.02239916917664164,0.0002823309431881148,-0.051445718524832346,0.005763807787183278
2005-10-27,0.0001485814411971365,0.029265902454039372,-0.022398474391820154,0.0002826485003273244,-0.05139814403912401,0.005763036895431407
2005-10-28,0.00014864510223310635,0.029275919618238513,-0.0223973360207281,0.0002827732280508793,-0.051387968609288126,0.005763930739631592
2005-10-31,0.0001486352859163362,0.02929068851025578,-0.022396103632558253,0.00028272552686517394,-0.05138335905837258,0.005765264179075116
2005-11-01,0.00014860241404330633,0.029302333438680557,-0.022394154699734985,0.000282798533298957,-0.051325377907214156,0.0057659446677437685
2005-11-02,0.00014860362730200578,0.029313595908187884,-0.02239257745221775,0.0002827198361753783,-0.05131448011465169,0.005766834551417601
2005-11-03,0.0001485959023874267,0.029323017124956524,-0.022392313924432652,0.00028272847776854477,-0.051276894596065034,0.005767367190504249
2005-11-04,0.0001486178276864208,0.029333767975697495,-0.022391492871242598,0.000282777789931393,-0.0511970931372342,0.0057679286223900105
2005-11-07,0.0001486736402494081,0.029345703639619886,-0.022391150296490667,0.00028270538089775264,-0.051186302103322555,0.0057679207133971054
2005-11-08,0.000148717642067093,0.029354796751659317,-0.022390857637815304,0.0002827041630318287,-0.05112921281707465,0.005769386093315616
2005-11-09,0.00014879801361189648,0.029364724923359682,-0.022390554031100462,0.00028262660132631027,-0.05109756067066516,0.005770415335324587
2005-11-10,0.00014879100310267716,0.029376121120996246,-0.02238935089016094,0.0002826909799130802,-0.05105810611846851,0.005770374941216282
2005-11-15,0.0001488378807422076,0.029381760400939535,-0.02238817056336617,0.0002826870787989081,-0.05107074565058964,0.0057703660913540076
2005-11-16,0.00014889047945543246,0.029392301168778168,-0.02238716607993947,0.0002827246507552354,-0.051087887106910965,0.005770429521619138
2005-11-17,0.00014883251184869914,0.029403131551305594,-0.022387068422363723,0.0002828705826178382,-0.05105765620692921,0.0057711913728554914
2005-11-18,0.0001488564684870274,0.02941820894605034,-0.0223865855903262,0.0002828500978793128,-0.051078611964782736,0.0057717779707323
2005-11-21,0.00014887494985142336,0.029426907599476332,-0.022386739837441494,0.0002828806092544122,-0.05104688491865486,0.005771765267290186
2005-11-22,0.0001488661423110591,0.029430233560182886,-0.022386416856421128,0.0002829008581938087,-0.051029982547739716,0.005772671061529702
2005-11-23,0.00014884089756008888,0.029444428574943105,-0.0223857188794525,0.00028305252187452054,-0.05101114052128155,0.00577298562248175
2005-11-28,0.00014885949235483994,0.029460892947187328,-0.022385212397808683,0.000283084671126052,-0.05092830752062607,0.005773762428351793
2005-11-29,0.00014886687795089595,0.029471225789870093,-0.022384855437224224,0.0002833127676089419,-0.05095269260849016,0.005773523014370015
2005-11-30,0.00014882321145846111,0.029484807248697377,-0.02238439208199997,0.0002832576892654485,-0.050991539688985295,0.005773790748332964
2005-12-01,0.00014879423548449204,0.029494446660552034,-0.02238435259216956,0.00028331461547910166,-0.05098481792060515,0.005773497109078655
2005-12-02,0.00014872656195964842,0.029504029421655566,-0.022382940729760034,0.0002832459567840007,-0.050953747849964974,0.00577417897191556
2005-12-05,0.00014876462016534197,0.029518690074891798,-0.022382241388288326,0.0002833228820195791,-0.05088062125817444,0.005775116485718388
2005-12-06,0.00014873665594305915,0.029529945786426197,-0.022382098681546583,0.0002831595706263003,-0.050857172664761835,0.005774855391756414
2005-12-07,0.0001487631611049582,0.02953742070232424,-0.02238122808461778,0.00028305748488058997,-0.050819212873277425,0.0057749679335621475
2005-12-08,0.0001487779370558438,0.029547669276495155,-0.022379963220026236,0.00028308745481492455,-0.05072534778546777,0.005775105524200122
2005-12-09,0.00014877260339636462,0.029563538745989958,-0.022379320787259353,0.0002830467619619496,-0.05075498713370666,0.00577557200364706
2005-12-12,0.00014873203839479955,0.02957366002412181,-0.022378067494622067,0.00028301466363461677,-0.05073891154767561,0.005777434326637634
2005-12-13,0.00014870892549429096,0.029585306718184223,-0.022376293297537417,0.0002829841264880612,-0.05069975756907233,0.005778030996251323
2005-12-14,0.00014868932097056038,0.029598130423224664,-0.022375681096288014,0.00028285035831659137,-0.0506739717942084,0.005777872488350098
2005-12-15,0.00014873000021072518,0.029607536634372395,-0.022375359648309175,0.0002830293946782957,-0.050653389238173564,0.00577863694544368
2005-12-16,0.0001487459611312506,0.02961607007468758,-0.022374986740518108,0.00028322589485028167,-0.05064750766360235,0.005779462992020024
2005-12-19,0.00014875754479843367,0.029628284357542268,-0.022373980452181395,0.0002832538185849544,-0.05063690389301385,0.005780003782629457
2005-12-20,0.00014873962736754236,0.02964008218667242,-0.022372978709403565,0.0002834665038842618,-0.05062334107893813,0.005780317918695409
2005-12-21,0.0001486732448714984,0.029655817925562187,-0.022371626127579154,0.0002834645333988379,-0.050580569650851157,0.00578171656460372
2005-12-22,0.00014871199353837445,0.02967040348710887,-0.022370882292972065,0.000283298871697142,-0.05053843684727667,0.0057823638879462465
2005-12-23,0.00014868862601629068,0.02967955918975631,-0.02237021279467339,0.0002833287005505616,-0.05048762902449971,0.0057824888663396985
2005-12-28,0.0001487023247951481,0.02969244172591352,-0.02237016350916176,0.0002833344035085071,-0.05047568143031339,0.005782988816822381
2005-12-29,0.00014871731890401705,0.029699018575669294,-0.02236873433335385,0.0002833524978909365,-0.05046670276906493,0.0057835968516709
2005-12-30,0.00014870542728287977,0.02971462669409001,-0.022367776789992556,0.0002834350543308023,-0.05048473581298164,0.005784440979887062
2006-01-04,0.00014873403205428683,0.02972138426595373,-0.022366201930827646,0.0002834154421399024,-0.0504929002342639,0.0057847275666211406
2006-01-05,0.000148740290059095,0.029730204715949993,-0.022364701034094218,0.0002833681384078364,-0.05043492181774612,0.0057848485371232335
2006-01-06,0.00014870057368581807,0.029733763218432557,-0.0223636704750168,0.000283420310281523,-0.05042395186636249,0.005784609916960929
2006-01-09,0.0001487037921448966,0.02974445706236776,-0.02236253326688805,0.0002833193299551204,-0.05040378744366463,0.005784516785873077
2006-01-10,0.00014867713190241743,0.02975403626990966,-0.022361702506448807,0.000283301761612023,-0.050411328616867854,0.0057846055280006345
2006-01-11,0.00014871001568786643,0.029763261904609813,-0.022360230720725845,0.0002835198036366707,-0.05037722323559574,0.005785354931439976
2006-01-12,0.00014862929142859496,0.029776819735006246,-0.022359468308406613,0.0002836926896447132,-0.050341955045696614,0.005786087354952982
2006-01-13,0.00014856986753631466,0.02978147502047767,-0.022358622711908575,0.00028363372477505495,-0.05032777589901606,0.0057875254018581335
2006-01-18,0.00014858513533418777,0.0297912035591228,-0.022359003444884864,0.0002839172180820107,-0.05033704857835611,0.005786415442983788
2006-01-19,0.00014857418842332076,0.02980556036401494,-0.02235911659649282,0.0002839341628655523,-0.050316013678855895,0.005786376981911115
2006-01-20,0.00014857707620864304,0.029821964297557103,-0.02235870175615117,0.00028383707897594563,-0.05032149700999704,0.005787232664134485
2006-01-23,0.00014857075252170285,0.02983386995968851,-0.02235845254468274,0.000283955339868335,-0.050293885735853895,0.005787181909529779
2006-01-24,0.00014859808249645813,0.029842146498915374,-0.022358190101353596,0.00028393517028834476,-0.05028472160863634,0.00578832581755431
2006-01-25,0.0001486280599317532,0.029848215365365475,-0.02235681346933904,0.0002840742368148158,-0.050237402297592104,0.005788565256686771
2006-01-26,0.00014865308866656078,0.029857619933539508,-0.022356117421121133,0.0002842239192609806,-0.05026777557973329,0.005789328717614458
2006-01-27,0.00014860178960128266,0.029867630572911034,-0.022355898088655537,0.0002842989860298045,-0.05019398206393838,0.0057888890759991585
2006-01-30,0.0001486004674967295,0.029878040948536834,-0.022354485001361953,0.00028430076277252507,-0.05016686434915138,0.005789768815671166
2006-01-31,0.0001485707955267975,0.029885546893501015,-0.02235414549600334,0.00028432348034109763,-0.05010430332603218,0.0057895545182771405
2006-02-01,0.000148588869797256,0.029902779700366457,-0.022352726543869193,0.0002842126891710861,-0.05006631143791928,0.005789565092286998
2006-02-02,0.00014864578725582545,0.02990941011266879,-0.022352062525250693,0.0002838983202130925,-0.0500129122163077,0.005790882717296013
2006-02-03,0.00014868859263339763,0.029928987102997153,-0.022350878202212474,0.0002839546112747148,-0.04997869630408826,0.005790993456303265
2006-02-06,0.00014865779313602285,0.029933482301276716,-0.022350849950084063,0.00028393220346434285,-0.049948312229797426,0.005792789138410153
2006-02-07,0.00014859804961744544,0.029947332867481496,-0.02235022469288813,0.0002838820096023676,-0.04990149012776508,0.0057931132952743864
2006-02-08,0.00014863567984135155,0.02995215709903909,-0.022349625906045487,0.00028391658424319695,-0.049911522456874816,0.00579420619741145
2006-02-09,0.00014865302761283338,0.02995735663885249,-0.022349008953873657,0.00028406270733999015,-0.049862888459429766,0.005794789615760406
2006-02-10,0.0001486185713290287,0.029966139905908334,-0.022347985148882744,0.00028409042078711953,-0.04988536125426002,0.005795116165872815
2006-02-13,0.00014860992699231788,0.029970238961017963,-0.022348050333481716,0.00028426800612750314,-0.04981823642522073,0.0057937314789466106
2006-02-14,0.00014860434507569148,0.029983940387696917,-0.022346668649024556,0.0002843840383654503,-0.049795759144674864,0.005794409270511462
2006-02-15,0.00014868574341801366,0.02999334313998387,-0.022345759356398633,0.00028458785178830985,-0.049763110885279516,0.005794858583463248
2006-02-16,0.00014871974502565083,0.030003621679728542,-0.02234492799664458,0.0002847071722869751,-0.04973855127165104,0.005796183918016778
2006-02-17,0.00014872920808817961,0.030019186657778443,-0.02234404222527874,0.00028465253469618136,-0.0497304960714703,0.005795946847485753
2006-02-22,0.00014880061432494607,0.030026399694007184,-0.022344034941564624,0.00028493594513703054,-0.04969393691318744,0.005796363488872192
2006-02-23,0.00014883975612227097,0.030034366099563305,-0.02234393639007255,0.00028508756167255645,-0.04969076140031202,0.005796139706726739
2006-02-24,0.00014879412319194644,0.030051125015249987,-0.022342813317945274,0.00028507862400211,-0.049641708926265196,0.0057960906524905246
2006-02-27,0.00014885614495472745,0.03006406712218107,-0.022342257948146836,0.0002850592848882186,-0.049607196783028815,0.005796808328955251
2006-02-28,0.00014892202093721977,0.03008210493293779,-0.022342361051053753,0.0002849234513526379,-0.04959491498427561,0.005797251479380495
2006-03-01,0.00014896157768748742,0.030099858466630568,-0.022341482662149196,0.0002850383064338397,-0.0495508030022292,0.005796626673541671
2006-03-02,0.00014894379483092388,0.030113362228558597,-0.02234097728220554,0.00028504386238897643,-0.049495527925686414,0.005797090544342398
2006-03-03,0.00014891676663841727,0.03012728533278794,-0.022340456955055224,0.00028511732728998183,-0.04947295190803502,0.005798390459350284
2006-03-06,0.00014894520883795026,0.030136945321726647,-0.022339310180861816,0.00028535951609847256,-0.049441166870697634,0.005798171222738071
2006-03-07,0.00014899588764414207,0.030145127286675285,-0.022339286930650407,0.0002853150833861223,-0.04945121930026231,0.0057983385805784144
2006-03-08,0.0001489560568023154,0.03015862192755492,-0.022338566492373063,0.00028550775249578205,-0.049400205705913525,0.005798783062374434
2006-03-09,0.0001489732127580873,0.030165726738012273,-0.02233826990892538,0.0002854198350849801,-0.049397868405498174,0.005799223808891147
2006-03-10,0.00014904043146902302,0.03017671969998514,-0.022338495544248965,0.00028542763358240517,-0.049377118489814215,0.005799173258992835
2006-03-13,0.00014911142895141668,0.030188131993291085,-0.022338056489282523,0.00028520576824660367,-0.0493517449046749,0.005801056976604014
2006-03-14,0.00014910764697724513,0.03020011529658504,-0.02233714583680953,0.00028533338411326927,-0.0492922601234196,0.005802082838586872
2006-03-15,0.0001491160786080734,0.030213193753010254,-0.02233646149624683,0.00028546318834634396,-0.04932297799849749,0.005802512820364783
2006-03-16,0.00014916353548787776,0.030226422239301946,-0.022337785441270706,0.0002854466204625939,-0.049277276417003316,0.005803198119292934
2006-03-17,0.00014917291294059626,0.0302359997487969,-0.0223360282887106,0.0002857207096742827,-0.04923946558389968,0.005803530977718373
2006-03-20,0.00014914188933158758,0.03024810623247685,-0.02233473326645008,0.0002856713888669603,-0.04919387789849369,0.005803189058150137
2006-03-21,0.00014916858103486668,0.030261506010142904,-0.022333659459997848,0.00028568508191950307,-0.049198133985270065,0.005803381623635323
2006-03-22,0.00014911341434758958,0.03027752083570354,-0.022333008145426804,0.00028576730523666063,-0.04917202698307721,0.005803596367457112
2006-03-23,0.00014909942565424935,0.030282390604131095,-0.022331572946818173,0.0002857311445920678,-0.04911758074488663,0.005804483036064576
2006-03-24,0.0001491453843008158,0.030288136127217816,-0.02233102264670522,0.0002855867150154055,-0.04910357277850702,0.0058037699086916925
2006-03-27,0.00014918383093716616,0.030298294720325226,-0.022329197657035088,0.0002856706694138352,-0.04904442215853705,0.005804397316075229
2006-03-28,0.00014919603312683432,0.03030596731473883,-0.022327970500714493,0.00028565467340360776,-0.04898109358027754,0.005805235586579936
2006-03-29,0.0001491399259969279,0.030316553263476133,-0.02232657235505644,0.00028572247551439595,-0.04889541254078268,0.005805010259574931
2006-03-30,0.0001491100554510418,0.03032232226276007,-0.02232533887742691,0.0002857520774359674,-0.04887147427780691,0.005804878408555299
2006-03-31,0.00014913429908212545,0.030333723293472295,-0.02232466196770294,0.0002860221085522771,-0.048868348719009656,0.005805256698941436
2006-04-03,0.00014917912006313287,0.030345771723849824,-0.02232401356704615,0.00028606058250664967,-0.048843160133139774,0.005805893598182926
2006-04-04,0.00014915586395856893,0.030355394064289686,-0.0223228638086232,0.0002860837108562674,-0.04882888108094337,0.005807097904863994
2006-04-05,0.00014913900808194712,0.030375923619192197,-0.022321733798925176,0.00028607429893884177,-0.048798544717257114,0.005808197104956254
2006-04-06,0.00014912232522660908,0.030383974885784832,-0.02232128977424344,0.0002862338712676569,-0.04876026841440412,0.005808906486319872
2006-04-07,0.0001490934313403753,0.030392419454441245,-0.022320356972338005,0.0002864553833589993,-0.04871422416844875,0.005809685880051837
2006-04-10,0.00014909332906993525,0.03039940953879154,-0.022319382530214357,0.00028623612258833227,-0.04865007828304805,0.0058087812190703095
2006-04-11,0.0001491303829294082,0.030408961385097327,-0.022318436963963715,0.0002863092276213385,-0.04867579188921454,0.005809505806075409
2006-04-12,0.00014919308670992577,0.03041692523699625,-0.02231824755887202,0.0002864454911789448,-0.04866095669117049,0.0058096923996812135
2006-04-13,0.00014925043471574655,0.030428480646947812,-0.022317389276530406,0.0002865399887882253,-0.0486397308452247,0.0058102134082458155
2006-04-18,0.00014929987783524927,0.030439455974740428,-0.022316315294744034,0.0002865721379780123,-0.048629433349077655,0.00581001434453686
2006-04-19,0.0001493584380562218,0.030451727760265144,-0.022315416353406146,0.0002865401308450539,-0.048601049045259595,0.005809634067317755
2006-04-20,0.0001494046435391185,0.0304613039118343,-0.022314868883019638,0.0002866706899639903,-0.048542767653736135,0.005809398010368263
2006-04-21,0.00014941117969436655,0.03047011502514255,-0.022313326747924064,0.00028683446385113244,-0.048559596355750335,0.005809583828896753
2006-04-24,0.00014935224355767465,0.03048585458844923,-0.022312370804208465,0.0002867050851914915,-0.04849926472421025,0.00581015597949414
2006-04-25,0.00014942980843173103,0.030497968470827783,-0.02231089230444593,0.0002868239500668317,-0.04850425100549978,0.005811082190163686
2006-04-26,0.00014935778499062483,0.03050313588514614,-0.022309414281915588,0.0002867304459712381,-0.048442954788711454,0.005812035480541246
2006-04-27,0.00014930112311039253,0.030514424176798883,-0.022308636445900188,0.00028675160914603626,-0.04845594603000129,0.005812896948786558
2006-04-28,0.00014926639020197905,0.030516619103797556,-0.02230806621815928,0.00028649129265637585,-0.048446849297131195,0.005813323283041108
2006-05-01,0.00014925716014167902,0.030524329987341496,-0.022306941139295332,0.0002866679994112293,-0.048455653104249125,0.005813979679847676
2006-05-02,0.00014936140854841912,0.030538976020131583,-0.02230709367540006,0.00028674331178734947,-0.048443858326891215,0.005814359400899823
2006-05-03,0.00014934005036829385,0.030547561823861355,-0.02230641190647449,0.0002868161367837684,-0.048464911075219386,0.005815289453385766
2006-05-04,0.00014939711613805851,0.030560639056368452,-0.022305615057990103,0.00028683102378667893,-0.048502116969120435,0.005815538538148965
2006-05-05,0.00014938414489105777,0.030574098977456075,-0.022304530758941673,0.0002867758731850473,-0.048504603211344866,0.005816153084446931
2006-05-08,0.0001493047623046066,0.03058502271814597,-0.022303624679131627,0.00028668693357343945,-0.04848746920352945,0.005817985950094959
2006-05-09,0.00014928536220366724,0.030595036325517192,-0.022301365274555285,0.00028672437606379125,-0.048487826529589224,0.005819549451700986
2006-05-10,0.0001492926669440889,0.030609806467370555,-0.022300288948962018,0.0002869760452599781,-0.04844610554643236,0.005819969497051206
2006-05-11,0.00014929524418855168,0.03062599568221932,-0.022299210992675206,0.0002871890631735652,-0.04843838306534434,0.005819529464588597
2006-05-12,0.00014933861316040163,0.03063641331657141,-0.022298540839771414,0.0002872591308785211,-0.048379800572443704,0.00582008784569875
2006-05-15,0.00014931486462422608,0.030644590531654775,-0.022298020133037957,0.00028721346711752085,-0.04835802920711223,0.005819807402856579
2006-05-16,0.0001492863218111295,0.030655767039663894,-0.02229664169985946,0.00028713008663297144,-0.04835659641695874,0.005820650954864365
2006-05-17,0.0001492933192374605,0.030667248277512618,-0.022295697201477317,0.0002870362934743433,-0.04832588759029995,0.0058206672769230555
2006-05-18,0.0001492625318035845,0.030673087361678262,-0.022294362786923642,0.0002870194749940696,-0.04834244955965618,0.005822053563545269
2006-05-19,0.00014919782557617513,0.030686927070599074,-0.022293771249362052,0.00028690525687292615,-0.04832899960134307,0.005821721656389655
2006-05-22,0.00014917248841566416,0.030698023542656997,-0.022292034879003015,0.000286751845992826,-0.048304335935254655,0.005821979327202824
2006-05-23,0.00014915539017947943,0.0307056419346549,-0.02229115934654576,0.0002868063452375799,-0.048232234105571384,0.005821968246225212
2006-05-24,0.00014917362650865244,0.030720506930799186,-0.022290083912156217,0.0002867219264405596,-0.048190916744757936,0.005822456356902504
2006-05-25,0.0001491549342528754,0.03073387486815397,-0.02228835614547815,0.000286805093689141,-0.048177518409429326,0.005822521461698585
2006-05-26,0.0001491612471008267,0.03073825629098083,-0.02228762600997808,0.00028662580768820764,-0.04819494142070058,0.005822367164516049
2006-05-31,0.0001491398631059702,0.030752920594632013,-0.02228731274715558,0.000286576188551714,-0.04813540099741524,0.005823251268773944
2006-06-01,0.0001491533734004277,0.030762578247204898,-0.022286903948511044,0.0002864505399086187,-0.04813863520155584,0.005824033887564649
2006-06-02,0.00014910347458063473,0.030767163387949447,-0.022285862226219495,0.00028652634568395596,-0.048120120415201834,0.005823251082038971
2006-06-05,0.0001490816271061236,0.030772546796457738,-0.022285226476855217,0.0002865002332835004,-0.048107820797909776,0.00582342719590005
2006-06-06,0.00014904826540440246,0.03079104540310092,-0.022284112925321405,0.0002864309069695591,-0.04810296256197211,0.005822867144901846
2006-06-07,0.00014905282818189136,0.030806850831070914,-0.02228387327300639,0.0002865390305950697,-0.048082316245447884,0.005823452484073506
2006-06-08,0.00014914529565113248,0.030814352324330517,-0.022284108595887468,0.00028640689884164934,-0.04804714120543986,0.005823075336225097
2006-06-09,0.00014911891667849264,0.030822958057408114,-0.022282709388303457,0.00028623167957035546,-0.048028067962666954,0.00582323203011498
2006-06-12,0.00014913155776601457,0.030835843961673576,-0.022282324875285798,0.0002863298141478679,-0.0480430260501912,0.0058236157774880296
2006-06-13,0.00014919307845395724,0.03084884884929053,-0.022281625991099705,0.00028631655355567244,-0.048032683330786086,0.005823284961910303
2006-06-14,0.00014918236273053827,0.030857240487617423,-0.022281611625215234,0.0002862808658149099,-0.04800131022215091,0.005822419694361813
2006-06-15,0.00014920896481846282,0.030870831269771946,-0.022280371424565806,0.0002863721171193485,-0.04796934133898699,0.005823181430033758
2006-06-16,0.00014923436092885962,0.03088317621116302,-0.022279288882105185,0.00028644506240363686,-0.047965682210743446,0.0058229650340406135
2006-06-19,0.00014924215144420793,0.030894495031704647,-0.022278448609965147,0.00028648829539428705,-0.04798418233248452,0.0058226557849390195
2006-06-20,0.0001491894007138668,0.03090381502434541,-0.022278029085212286,0.0002865904061834074,-0.04797557021264334,0.005822781543497701
2006-06-21,0.00014921388082373297,0.030917515877829014,-0.022278558465586924,0.0002868087213818101,-0.04801378533723562,0.005822106693316074
2006-06-22,0.00014920069603790477,0.030924520339449126,-0.02227712208055871,0.0002867106045485766,-0.048016104767817605,0.0058213500783627125
2006-06-23,0.0001491518933488288,0.03093684775585228,-0.02227619696226624,0.00028677856648174954,-0.04798274376931404,0.005821324482373807
2006-06-26,0.0001491599410167937,0.03095029641965218,-0.022275269286138207,0.0002868990236713014,-0.04796353018021854,0.005821926717232969
2006-06-27,0.00014912990537199028,0.03096622976318909,-0.0222737198020472,0.0002868721200467577,-0.04787576027170779,0.005822040997783072
2006-06-28,0.00014917045467654753,0.030981805403646128,-0.022272260739284785,0.000286697068315871,-0.04785053857128089,0.005823679717256079
2006-06-29,0.00014921898617629016,0.03099981465390781,-0.022272060388973343,0.00028688237826029903,-0.047756941170405985,0.005823691336415332
2006-06-30,0.00014920079234741638,0.03100051842958987,-0.022270848416021935,0.0002868452835775169,-0.047723470779553204,0.005824365842536434
2006-07-03,0.00014914214732154285,0.031019134051185546,-0.022270118467972836,0.0002866616602806183,-0.04767068229793544,0.005825021481189095
2006-07-06,0.00014912565795166348,0.03103531321599734,-0.022270225483838453,0.0002866167433321365,-0.047672644200655395,0.005825667179440535
2006-07-07,0.00014908074965887608,0.03105028199559619,-0.022268644887810617,0.0002866963234339129,-0.04767467847405067,0.005825170835890273
2006-07-10,0.00014909320186459336,0.03105801573139586,-0.02226731319550632,0.0002866463673760861,-0.047610837312335355,0.00582626658779181
2006-07-11,0.00014905509084895202,0.03106702289026207,-0.02226686322241689,0.0002866157767847509,-0.04757473620022649,0.005826543488251809
2006-07-12,0.0001490285980127972,0.031079879442688182,-0.02226637780932295,0.0002867281825741481,-0.0475320522456875,0.005826569511940632
2006-07-13,0.00014906069075520703,0.031086596496897066,-0.022265544316105803,0.0002867319413077688,-0.04747329643653126,0.005826557697067758
2006-07-14,0.00014913657794777004,0.031097770320622,-0.02226472133534023,0.00028686123799618213,-0.0474621964870553,0.005826323854098611
2006-07-17,0.00014911300011019065,0.03111118125728392,-0.02226290183513683,0.0002868693698428836,-0.047449374992277346,0.00582634757059282
2006-07-18,0.000149144070527854,0.03111856180804148,-0.022261738110323438,0.0002870198648390062,-0.047425576669963374,0.005826939848953806
2006-07-19,0.00014917877243634685,0.031128445863952418,-0.02226085098407549,0.00028697746085185147,-0.047354340676369684,0.005826647469291005
2006-07-20,0.00014918181390893896,0.031129978534062935,-0.022259404902518886,0.0002869749820326189,-0.04734324483485582,0.005827173868322664
2006-07-21,0.0001492052123576791,0.031141648744703154,-0.022258841257616208,0.00028694484216005217,-0.047309746178867434,0.005827938882408144
2006-07-24,0.00014921418486961929,0.03114941308770267,-0.02225798603483857,0.0002869697130023408,-0.047289671072410486,0.005828048929518756
2006-07-25,0.0001492390588181908,0.031163881041778443,-0.02225716621077145,0.00028711613950566783,-0.047239913972307694,0.0058278126562025705
2006-07-26,0.00014922568338258328,0.03117654602720008,-0.022256282862514756,0.00028702386469165467,-0.04720348753401546,0.0058276255691225316
2006-07-27,0.00014923324955769094,0.031190112241085564,-0.022254757641657533,0.0002869149243957912,-0.04717283191652783,0.0058289022707966424
2006-07-28,0.00014922285137852173,0.031198008747158387,-0.022253540259325646,0.0002871063014902339,-0.04718629695595983,0.005829083383296093
2006-07-31,0.00014924025311773296,0.031214994997164548,-0.022252929681864014,0.0002869270888539124,-0.04716935095912056,0.005829510255776698
2006-08-01,0.0001491946490993999,0.031226250424416572,-0.02225178016751347,0.0002870777546948202,-0.04717878420618115,0.005830608389595126
2006-08-02,0.00014914745553311153,0.031238614846781664,-0.022250968807074927,0.0002871588304037425,-0.047114246256142196,0.005830964650764109
2006-08-03,0.00014913979297444965,0.03125575177221701,-0.022250472603814273,0.0002871047921743841,-0.047069345148536744,0.0058308919477018705
2006-08-04,0.00014909791520169305,0.03127268148880065,-0.02224901619572543,0.00028731895514614165,-0.047055513482899616,0.005831624958219928
2006-08-07,0.0001490914630979691,0.03128860470506453,-0.022248620945131983,0.00028745467705672907,-0.046999278571163455,0.005831999805658286
2006-08-08,0.00014911190836204954,0.03130118809649267,-0.02224696090156412,0.00028753173612104655,-0.04696154072533702,0.00583151537888074
2006-08-09,0.00014909469809339516,0.03130884179544891,-0.022246501517503153,0.00028753714856296047,-0.04691370902524471,0.00583144159632502
2006-08-10,0.00014917385648343203,0.031324463233770396,-0.0222458784431985,0.00028739005201595377,-0.046888550018658604,0.005831661278477552
2006-08-11,0.00014913991570512269,0.031338485431204835,-0.02224569365193834,0.00028742869110829624,-0.04683920579624878,0.005831164435174377
2006-08-14,0.00014917134661095454,0.03134807568879695,-0.022245887579366196,0.00028771579981041535,-0.04679438291095955,0.005832171747817465
2006-08-15,0.00014917596772123724,0.031360761374371895,-0.0222456422652245,0.00028774057696641256,-0.046758730095674106,0.005833741674807557
2006-08-16,0.00014919483298968044,0.03136978660073522,-0.022243310289727196,0.0002877703954830882,-0.0467357538156175,0.005834664005774918
2006-08-17,0.00014926698567053294,0.031386372745650794,-0.022242655187130145,0.0002878318769626796,-0.04664562727687535,0.0058352705612530155
2006-08-18,0.00014929023412640032,0.03139569433744207,-0.022242396535881618,0.00028792532662731934,-0.04662401904522683,0.0058362906013890575
2006-08-21,0.0001492378298716453,0.0314054095762257,-0.022242517193844964,0.00028789685894439494,-0.04660009941748,0.005836174279493287
2006-08-22,0.00014928612898165822,0.031415635000520664,-0.022242275630693153,0.00028811824476467063,-0.0465699931356606,0.005835731165064353
2006-08-23,0.00014928836561979635,0.03142750618755229,-0.02224115059072168,0.0002882283310182912,-0.04650322723622853,0.00583615846585246
2006-08-24,0.0001492804170589533,0.0314336839907314,-0.022239947125116,0.0002883482176247248,-0.046437139663114205,0.005835716129156011
2006-08-25,0.00014925517037951092,0.03145063533028874,-0.022240204892431083,0.00028842095638339425,-0.04639678639596869,0.005834697079875737
2006-08-28,0.00014922982370097344,0.03145432966766151,-0.022239466103934003,0.00028832064629785346,-0.046435517752407895,0.005835208849655187
2006-08-29,0.00014923597659345964,0.03146496650339217,-0.022239007447103148,0.0002884862758807828,-0.04642084804729374,0.005835139397937594
2006-08-30,0.0001493046536199459,0.031474331736398374,-0.022237589345857987,0.00028839038064588457,-0.046330112192376885,0.00583625494132856
2006-08-31,0.00014935482903648026,0.03149256407986666,-0.022237076916285067,0.00028831996564139897,-0.04629809907667465,0.005836568259579541
2006-09-01,0.0001493438910811975,0.031507137836111726,-0.022236207898150496,0.0002884029716347578,-0.046244400480166814,0.005838488153376455
2006-09-06,0.0001493640754699341,0.03152323528798187,-0.022234924384729602,0.000288282334464228,-0.046195430598307885,0.005837622797956784
2006-09-07,0.00014936792970170204,0.03153890645969978,-0.022233767371301817,0.0002883639480186299,-0.04617673286623984,0.005837364339946206
2006-09-08,0.00014933281648221985,0.03154975276826299,-0.022232475819591126,0.00028827633323930243,-0.046141663132891066,0.0058368589176232555
2006-09-11,0.00014935782670733578,0.031562997745324915,-0.022231257183083376,0.00028845234717611785,-0.04607771249794701,0.005836252738560131
2006-09-12,0.00014935980822245327,0.031580486393223695,-0.02223042022866538,0.00028857950342353134,-0.046038194132011545,0.005836529203763277
2006-09-13,0.00014945575102398004,0.03159628302957131,-0.022229351564859282,0.00028865230934044933,-0.046026749429324394,0.005836907458338145
2006-09-14,0.00014943075038929433,0.03160839768636838,-0.02222864318948999,0.00028866460993866706,-0.04600690040727751,0.005837445765062161
2006-09-15,0.0001494007390211547,0.03162365399698311,-0.02222769602598379,0.0002886717332895335,-0.04597935735823986,0.005837580300756316
2006-09-18,0.00014940237092629107,0.03164270488802967,-0.022227549835928374,0.00028856834281934995,-0.04598758157879015,0.005836831264675452
2006-09-19,0.00014939201370911656,0.03165245546188895,-0.02222657923499552,0.00028884331469066805,-0.045962347979474,0.005837151418097566
2006-09-20,0.00014937015864859823,0.03166833544871721,-0.022225836720823216,0.00028886716724268454,-0.04594816244682875,0.005838122328318745
2006-09-21,0.0001494123623541874,0.03167462192172688,-0.022225755057112915,0.00028891604513634573,-0.04592929448599717,0.005838989253360039
2006-09-22,0.0001494789604432817,0.031678604650650845,-0.022224390256753913,0.00028917417871097165,-0.04589014339016076,0.00583840016035133
2006-09-25,0.00014941938776191207,0.031691697216890066,-0.02222313827028787,0.00028923662977992646,-0.0458649355649498,0.005838097202137636
2006-09-26,0.00014945468531689138,0.03169448522453317,-0.02222231517797668,0.00028922534590140897,-0.04582467246851196,0.0058381130274264845
2006-09-27,0.00014951394857100705,0.031703915764749416,-0.02222252101145323,0.00028925836478072865,-0.04576366079980544,0.0058386397101874155
2006-09-28,0.00014958137348628227,0.03171066634756997,-0.022221532299765964,0.0002892360732273496,-0.04574840076597572,0.005839137204999789
2006-09-29,0.00014959045960919669,0.031719138430864706,-0.022221250276342013,0.000289241419313073,-0.04569394286342944,0.005838891756768038
2006-10-02,0.00014958203181483822,0.03173194629186667,-0.022220384244675238,0.00028923164026753217,-0.04564217101721306,0.0058390275956266115
2006-10-03,0.0001495641290346409,0.031753693491020675,-0.022220041806061235,0.000289094913598167,-0.04562520432100865,0.005839218994843269
2006-10-04,0.0001495604490757856,0.031768657333620734,-0.02221910024052244,0.00028926108987210766,-0.04561780198728198,0.005839058758291972
2006-10-05,0.00014958114308062239,0.0317802411131136,-0.02221909672633719,0.00028936322846573846,-0.04556140939137814,0.005839550139704528
2006-10-06,0.00014953790502082978,0.031792478999058474,-0.022218254185523385,0.00028933978081500787,-0.04552503028792593,0.0058400394839300315
2006-10-11,0.00014954651176449506,0.031802468121483324,-0.02221759725862321,0.00028938071455946894,-0.04548821499401861,0.005839481329461337
2006-10-12,0.00014960293173622155,0.031815540752112265,-0.02221575819902491,0.00028924489207288905,-0.04544328406280662,0.00583933993346572
2006-10-13,0.0001496018668648259,0.03182520139992178,-0.022214870238821884,0.00028916536700338414,-0.04538246636265213,0.005838963322259905
2006-10-16,0.00014961462994913198,0.031837855156985104,-0.022215000093245417,0.00028917770923997686,-0.045303682785238275,0.005838163975720139
2006-10-17,0.00014963636089829698,0.031846064099077254,-0.022214060201621543,0.00028918145518831175,-0.04524815571593338,0.005837107698129566
2006-10-18,0.00014959945564262448,0.03185913872048046,-0.02221314539337949,0.0002893114864273731,-0.045203753875892295,0.0058368742104194715
2006-10-19,0.00014964665678530962,0.031870038717806914,-0.02221162933700838,0.00028916185333233336,-0.045194375078681036,0.005836530141251226
2006-10-20,0.0001496630355890974,0.031879755115723205,-0.02221068640086047,0.0002890921470444875,-0.045182871650998935,0.005836394893494097
2006-10-23,0.00014960509594482278,0.03188623180886815,-0.022209359396511943,0.0002890336803117783,-0.04515416579409068,0.005835054450836189
2006-10-24,0.0001496271652308797,0.031899414734679804,-0.022208234288327394,0.0002889417449874846,-0.04512417793616923,0.00583483940110608
2006-10-25,0.00014963930306721853,0.03191098019065133,-0.022208213372537894,0.00028883834116498903,-0.04508146547848809,0.005835415404783761
2006-10-26,0.00014969520955448177,0.03192193919179795,-0.022206460803804402,0.0002889342971297502,-0.04500395665142871,0.005835255428575346
2006-10-27,0.00014974440870683424,0.03193995319499979,-0.02220462907987082,0.00028903223197730184,-0.04494251517856047,0.005835730695761427
2006-10-30,0.00014980462518360624,0.031950322138962914,-0.02220417265515522,0.00028917947139412467,-0.04493478745868143,0.005835264139162479
2006-10-31,0.00014984055850536475,0.03196002239436731,-0.0222031197759044,0.0002891056074509166,-0.0449412926876828,0.0058351339159431175
2006-11-01,0.00014983856251889405,0.0319734911951151,-0.022201902683750285,0.00028900766589525043,-0.0448970314958797,0.00583478887730468
2006-11-02,0.00014981853045358714,0.03198878913287571,-0.022200764677670518,0.0002891068057330969,-0.04487026015999808,0.005835333316467181
2006-11-03,0.00014990051581081765,0.03200639092485139,-0.02219912602943748,0.0002891235057266,-0.04480865787524869,0.005835933671596209
2006-11-06,0.00014992960829799586,0.032017413726954956,-0.022198143738314902,0.0002890785869154232,-0.04475153920001762,0.00583626851466458
2006-11-07,0.00014991491758249188,0.03203661494227864,-0.022196600381113964,0.0002890131551396672,-0.04474428412633201,0.0058367331964612685
2006-11-08,0.0001499119579337982,0.032050988128343665,-0.022196002255914962,0.0002891485063524175,-0.04477424203019978,0.005836471564266583
2006-11-09,0.00014985920684863017,0.03205500929197666,-0.022194943519725854,0.0002889927610942946,-0.04472304595774961,0.005835617189577974
2006-11-10,0.00014987113954679994,0.03206744828319645,-0.022194139643722376,0.0002887948798782553,-0.044679381108002056,0.005836028849895985
2006-11-13,0.00014984417193481483,0.03208207640897068,-0.022193282533955958,0.0002886397427068058,-0.044685777974836915,0.005835207711980311
2006-11-14,0.000149839310743329,0.032092101035671096,-0.022191582496847037,0.00028855977973689633,-0.044650757365920654,0.005834686255986413
2006-11-15,0.00014989305724095642,0.032101846957221555,-0.02218953419715273,0.0002885263481961424,-0.04464074014873308,0.005835391914365513
2006-11-16,0.00014990903060385112,0.03211778384815728,-0.02218826917527916,0.0002886210763204366,-0.04458517762547262,0.0058365333897068975
2006-11-17,0.00014995034898350416,0.032130447450528676,-0.022186583467014,0.0002886914402106407,-0.04457236576367013,0.005836700106350977
2006-11-20,0.0001500146917032621,0.03214875225738827,-0.022185319705178255,0.0002887225657450856,-0.0445329293,0.005835959853996105
2006-11-21,0.00015000373542467163,0.03216066348473412,-0.022183607464272184,0.00028867709131374263,-0.04455154530759146,0.005835925118456313
2006-11-22,0.0001500009838984586,0.0321747845070589,-0.02218260571949204,0.00028860453538423735,-0.04454342374787729,0.005836149584939056
2006-11-27,0.00015006323699109708,0.03218620606193556,-0.022181586268151383,0.0002885480431113046,-0.044530319528557086,0.005835739179437365
2006-11-28,0.0001500470276331977,0.03219821078441859,-0.02218087647503972,0.0002885051482665972,-0.044493909163081956,0.005835863231286268
2006-11-29,0.0001500483380745845,0.03221301241532391,-0.022178224334831225,0.000288454707055825,-0.04444751481418537,0.0058350547567887386
2006-11-30,0.00015009779360432865,0.03222911411634351,-0.02217652861063801,0.0002884274958697038,-0.04434150652496892,0.005834791598482145
2006-12-01,0.00015014972259704863,0.032242358393536515,-0.022175391176197278,0.0002884307418779617,-0.04428510584964475,0.00583444496615196
2006-12-04,0.00015021700743392965,0.03225672718219296,-0.022174052779958254,0.00028863400455865,-0.04423927860971881,0.005833769949403255
2006-12-05,0.00015023544263795513,0.032266178779954,-0.022173109612440213,0.00028876273169869986,-0.04426484835145544,0.005833113950230836
2006-12-06,0.00015028377393467088,0.0322791580903455,-0.022171874866637492,0.0002888846455779513,-0.04427957406119161,0.005832789941533448
2006-12-07,0.00015030986394564633,0.03229472032688076,-0.02217059969907319,0.0002890346242281653,-0.044239220921979544,0.005832948792183247
2006-12-08,0.00015032034486285684,0.0323098487245983,-0.022169103367186853,0.00028913467042993653,-0.04422674254091145,0.005832655197998006
2006-12-11,0.00015039641967071817,0.03231997727194873,-0.02216747213882597,0.00028906959329428526,-0.044174292096988726,0.005832191947492647
2006-12-12,0.00015040881307615189,0.032333401806321035,-0.022165675536820608,0.00028910405135325546,-0.044124198925565836,0.005831776989594802
2006-12-13,0.00015037806306217587,0.032354001762105566,-0.022164118755229577,0.0002892120745507177,-0.044110231978292905,0.005831347780741543
2006-12-14,0.00015038969540766533,0.032368426056433565,-0.022162877045829588,0.00028937244184211127,-0.044062856554046397,0.00583085825946512
2006-12-15,0.0001503467911336056,0.0323787517218581,-0.022161774332207455,0.0002894696492930596,-0.04400848096534249,0.005830934563396398
2006-12-18,0.00015042069121859645,0.03239976338205283,-0.022161352690242355,0.00028961217194285857,-0.04397109358700853,0.00583009347283134
2006-12-19,0.00015053157728523426,0.03241401478793096,-0.02216105056801667,0.00028964173996696074,-0.04391380731797068,0.005829908949918498
2006-12-20,0.0001505780165522231,0.03242413009718518,-0.02215956133859743,0.00028961618839788315,-0.04386913391341554,0.0058292207550063365
2006-12-21,0.00015053086406390523,0.032437760386198236,-0.02215689357966732,0.00028981622243833547,-0.04391839140809173,0.005829005112895171
2006-12-22,0.0001504575718123794,0.03245438668034967,-0.022154800662746155,0.00028988912862157735,-0.043897978290629955,0.005827988932422649
2006-12-27,0.00015054712836480181,0.03246533992698009,-0.022153316944802087,0.0002899766905739452,-0.043819966722568354,0.005827969198761567
2006-12-28,0.0001505151553444353,0.03247847824487162,-0.022151793504391656,0.000290164539987041,-0.04373998220506653,0.005827321217000701
2006-12-29,0.0001505342692759783,0.03249339780586436,-0.022150991473028216,0.00029026942438399285,-0.04374791350015139,0.005826938062646222
2007-01-04,0.0001505725711885296,0.03250121262389989,-0.022149083795372504,0.00029028145314929476,-0.04371730767958057,0.005827598767086287
2007-01-05,0.00015063165355109213,0.03251333652585059,-0.02214760443406627,0.0002903202170627209,-0.04373145876331652,0.005827719056711681
2007-01-08,0.0001506572001524583,0.032524799835027374,-0.022146167442272494,0.00029042187071473465,-0.043709698806586574,0.005827403717725275
2007-01-09,0.00015063067906216608,0.032532503104733386,-0.022144594657584216,0.0002903516932238562,-0.0436480765570334,0.0058271112054961915
2007-01-10,0.00015059766737422528,0.032545063450935365,-0.022144538495204293,0.00029024687810637827,-0.043650595532676736,0.005827026671370541
2007-01-11,0.0001506452790942342,0.03255719308242007,-0.02214351763348054,0.0002902972147279955,-0.04360978475399588,0.005826146798441326
2007-01-12,0.00015073470845531373,0.03256818552947443,-0.02214266828627211,0.00029033811328201144,-0.043530386408674626,0.005825460458889336
2007-01-17,0.0001508084605403183,0.03257299884515282,-0.022141668278614662,0.0002904328509983608,-0.04348739539323405,0.0058251636543931815
2007-01-18,0.0001507764828522753,0.032581795419357774,-0.022140715663273886,0.000290599828823346,-0.04343344110165766,0.005826112836658208
2007-01-19,0.0001508225159942128,0.032596500616732874,-0.022139408909655132,0.0002909035918313729,-0.0433741232424818,0.005825469181212614
2007-01-22,0.00015090516788907515,0.03261185269638555,-0.022137697939451844,0.0002910538623841233,-0.043381148798927405,0.005825128054715668
2007-01-23,0.00015095383289272392,0.032623977907543095,-0.02213680466503246,0.0002910672788234955,-0.04332306699027377,0.0058237931564786675
2007-01-24,0.00015093914344048017,0.03264166837342725,-0.02213525045649906,0.00029109361730411914,-0.04330048913792503,0.005824001326965408
2007-01-25,0.0001509874411948488,0.03265972208709484,-0.022134140102870736,0.00029114310223050407,-0.04325746249726088,0.005825129702206839
2007-01-26,0.0001510153180959383,0.032679180422908946,-0.022132312697134126,0.0002911846819377494,-0.04321125600411385,0.005825938171149854
2007-01-29,0.00015101556043815037,0.03269429618982506,-0.022131799188309504,0.0002911041288919112,-0.04316006327898652,0.005825397869592105
2007-01-30,0.00015102825654233896,0.032707290349358376,-0.02213057541549578,0.0002911214482279248,-0.04310584070173133,0.00582445644302149
2007-01-31,0.00015108026139509534,0.03272126474336723,-0.0221289910494581,0.00029111623406804393,-0.043018043018910296,0.005824483418449181
2007-02-01,0.00015104699208702408,0.03273248746532665,-0.022128608411047128,0.0002911753306838127,-0.042937884762738375,0.00582418728291649
2007-02-02,0.00015103359499385458,0.03274706052088133,-0.022126667143556863,0.00029115740199776163,-0.04284927161554424,0.005823860298600809
2007-02-05,0.00015103031026529108,0.032763491084002117,-0.02212547830008938,0.00029127290789073517,-0.04280349244837153,0.005823323944279118
2007-02-06,0.00015103837775513104,0.03277919373547937,-0.02212367608458555,0.000291283100340984,-0.042704106490036434,0.005823816139535218
2007-02-07,0.0001511162045349748,0.03278990902173967,-0.022122359632809206,0.0002913280684432179,-0.042695132823605125,0.005824247848796021
2007-02-08,0.00015109794750193706,0.03280662644914762,-0.02212194129214981,0.000291205302567256,-0.04265033479899917,0.0058236198337369045
2007-02-09,0.00015111602505022404,0.03281721672098173,-0.02212098381863718,0.0002912595833500262,-0.04259471064108645,0.0058235097013532265
2007-02-12,0.0001512168578981949,0.03283493567391236,-0.022120173592206707,0.0002914018360661968,-0.04256838465496286,0.005822886024838193
2007-02-13,0.00015124799803061662,0.032852004577725795,-0.022119340537597856,0.0002912464053149972,-0.04252373144482296,0.00582404410651857
2007-02-14,0.00015137212816091077,0.03286612898074896,-0.02211855885399031,0.0002911968188523886,-0.04243917975830096,0.005822590242776059
2007-02-15,0.00015138574606131185,0.03287803229108388,-0.022116893767051532,0.0002911553280762433,-0.04237753597312527,0.0058221688284750845
2007-02-16,0.00015137055130386715,0.032894713502788796,-0.022115690012863103,0.0002912966832118634,-0.04235224907747175,0.0058221482094046855
2007-02-21,0.00015137644897167635,0.03290532147691805,-0.022114263169374353,0.000291412835424522,-0.04230760961499464,0.005822319537624248
2007-02-22,0.00015137408294208112,0.03291761735871186,-0.022113320080394433,0.00029142783652989844,-0.04228120975579699,0.005822086601320167
2007-02-23,0.00015143207681976884,0.03293563791337536,-0.02211144363831546,0.00029130318510957694,-0.042235909388097084,0.005821646015950102
2007-02-26,0.00015146133992906052,0.03295137325920714,-0.02210983436138467,0.00029127633337602143,-0.042192768642855066,0.005821463268891358
2007-02-27,0.000151406360381853,0.0329705189812481,-0.02210838491737435,0.0002915346426080799,-0.04213741781484123,0.005822462038959504
2007-02-28,0.00015144238598199382,0.03298395299921808,-0.022107442241608977,0.00029149149434434856,-0.0420987393318315,0.005820931043434088
2007-03-01,0.00015144269031229897,0.03300002413143843,-0.022106622908310173,0.0002916243290393101,-0.0420885114850615,0.005820187728884371
2007-03-02,0.00015139840961800918,0.03301619400692514,-0.02210424765207071,0.00029160957730160536,-0.04207101937560736,0.005819452064183027
2007-03-05,0.00015144470720667116,0.03303217500281705,-0.02210255846012282,0.0002916391469135576,-0.04205865029003553,0.005818271280945398
2007-03-06,0.00015148184357633617,0.03304761704874268,-0.022100854230628946,0.00029172282978422875,-0.04201494230303742,0.005817509554363115
2007-03-07,0.00015140518723714803,0.03306543977054912,-0.022099865995862614,0.00029173080595698727,-0.04199914396986015,0.005816020735596826
2007-03-08,0.00015142078434098543,0.03307986657315017,-0.022098178821982624,0.0002915468134268041,-0.0419240708262612,0.005814706760645001
2007-03-09,0.0001514069187206142,0.033095803916471336,-0.022097377895466556,0.00029152674780607353,-0.04186895125772271,0.005815179821160208
2007-03-12,0.00015143598283011192,0.033113290206920054,-0.022095863764348828,0.00029180863559302483,-0.04185651435169628,0.005814549831862359
2007-03-13,0.0001514776182812055,0.03312482331858929,-0.02209436619419476,0.00029186710220910713,-0.04185002678197395,0.005813787182522147
2007-03-14,0.00015148616779614427,0.03314120945652104,-0.022092981105671754,0.000291956508241348,-0.04184992416749381,0.005812779538671453
2007-03-15,0.0001515030383146017,0.033156903663695475,-0.02209234706656498,0.00029212197839651333,-0.04179096745105833,0.005812159157510129
2007-03-16,0.00015150703010800233,0.03316997977475364,-0.02209054748589647,0.0002921548194285191,-0.041769521286699654,0.005810623717555907
2007-03-19,0.00015155603989365347,0.033182715612672664,-0.02208965095122305,0.00029236971680126754,-0.04177352791884293,0.00581037029449411
2007-03-20,0.00015157917989178676,0.03319451480496404,-0.022086992679524287,0.0002926334596306004,-0.041752523153546654,0.005808958810098969
2007-03-21,0.00015151532986303398,0.033218495379599935,-0.022085597017463897,0.0002928725831143118,-0.04170232982138894,0.005808576162986965
2007-03-22,0.00015158201743142006,0.03322779191649861,-0.022084046410823538,0.0002929602883212964,-0.04162180697439709,0.005807390533154209
2007-03-23,0.00015171974989863454,0.033247649454203956,-0.022081741103309346,0.0002929510915192134,-0.041600202728938454,0.005806562384079888
2007-03-26,0.00015176830143120095,0.03326344820957596,-0.022079589090269403,0.0002928954485332943,-0.04156949454555174,0.0058055447672925335
2007-03-27,0.0001517691300105628,0.03328317039890583,-0.022078360067490376,0.00029300925883905013,-0.04158997329245429,0.005805386215726568
2007-03-28,0.0001517583064927586,0.03329499182542475,-0.022076965470049177,0.0002931205292676016,-0.04153831461506337,0.005803854612014453
2007-03-29,0.00015174499822496093,0.0333092390019671,-0.022074966311501073,0.0002932989514584317,-0.04147490237486223,0.005802907993570113
2007-03-30,0.00015175594666803563,0.03332070858871736,-0.022073806644434008,0.00029341712229397223,-0.04145431701293021,0.005802354612982392
2007-04-02,0.00015173002355173493,0.033335711631555576,-0.022071785246605136,0.0002933978162706749,-0.041465545899166734,0.005801444828174558
2007-04-03,0.00015169233576785155,0.033355210096562005,-0.022069839803407397,0.00029368519263733183,-0.04145732331075744,0.005800216833246452
2007-04-04,0.000151710290730355,0.033377906348424274,-0.022068336300619138,0.0002937453147777454,-0.0413487856046281,0.005799325695273286
2007-04-05,0.00015175417726876473,0.03339311514189875,-0.02206749693018242,0.0002937639656861683,-0.041294238307468895,0.005798561459498613
2007-04-10,0.00015175511246820993,0.03340761042949891,-0.022066502737232065,0.000293851798812861,-0.041229628799024295,0.005797110845674706
2007-04-11,0.00015169834486133114,0.033426602891738585,-0.02206501053923006,0.00029397762187366406,-0.04122672058703272,0.0057966228835764685
2007-04-12,0.00015174965676371198,0.03344142288378718,-0.02206394541480654,0.0002941172762811008,-0.041210853832510906,0.00579508892890309
2007-04-13,0.0001517734570970015,0.033451312443414795,-0.022062665080175285,0.00029428897679407203,-0.04122085718606762,0.005794388908867026
2007-04-16,0.00015179987316362803,0.03346310520888502,-0.022060841803674583,0.0002943324597294544,-0.041226971294405015,0.0057932765336343225
2007-04-17,0.00015183633623242217,0.033479155157243076,-0.02205830614197418,0.0002944506523693143,-0.04116693924994866,0.005792605237301381
2007-04-18,0.00015177370710598107,0.03349165891872033,-0.022057678841425492,0.0002944279390024446,-0.041130926512755184,0.005791806529385192
2007-04-19,0.00015180076498573364,0.03350732361936533,-0.022054990954704194,0.0002944087620654645,-0.04110955447649473,0.005790915725600677
2007-04-20,0.0001517299029164059,0.03352385945148556,-0.02205322579896751,0.00029451541111187726,-0.04111547032884845,0.005789675982541643
2007-04-23,0.00015169702997762206,0.03354444910337746,-0.022051425325151572,0.00029460985418485906,-0.041108682625332696,0.005788843972193884
2007-04-24,0.00015172193090252881,0.03356813419802475,-0.022049561664534978,0.00029477064601531446,-0.04111960301440838,0.005787685255336266
2007-04-25,0.00015171170499638813,0.033585186528259675,-0.02204779764533786,0.00029481421342896185,-0.041073063921582526,0.0057885568194715
2007-04-26,0.00015171064817295606,0.03359919005855624,-0.02204624627590359,0.00029496811235179567,-0.041046401890885306,0.005787126648052174
2007-04-27,0.00015167652097618163,0.03360540059529068,-0.022045095965178226,0.00029482381268919555,-0.04101507328053873,0.005785325141575267
2007-04-30,0.00015161847984114393,0.033618857888089354,-0.02204441593224176,0.0002949778855515029,-0.04102055055791852,0.005785044165775176
2007-05-01,0.0001515532375014581,0.033637935734811435,-0.0220422776206152,0.0002950678733985828,-0.04097303918767896,0.0057837949309958
2007-05-02,0.00015150844501760633,0.03364751124486841,-0.022040332112787407,0.00029527567824862155,-0.04092254595892276,0.005783237396832675
2007-05-03,0.00015147515832030018,0.033660902473874904,-0.022038477058826212,0.0002953119147679983,-0.040860447715486414,0.00578232669233491
2007-05-04,0.00015145870875071332,0.03367503870592289,-0.02203709237292838,0.0002951936808917191,-0.04083704218697443,0.005781729161930846
2007-05-07,0.00015138980179774212,0.03370034195293026,-0.022034749408609444,0.00029525160960527897,-0.04079810731693216,0.005780919582067577
2007-05-08,0.000151421040251933,0.03371109443587398,-0.022032683397562286,0.00029534863429530743,-0.04076149588484854,0.005780505645498283
2007-05-09,0.00015138255190665317,0.0337305876181689,-0.02203085545212322,0.00029529169797930314,-0.040704749812168636,0.005779797371058811
2007-05-10,0.00015140228443040775,0.03374587001401044,-0.02202858991974648,0.00029551264588629383,-0.04072501939886337,0.005779286177731971
2007-05-11,0.00015135180224873008,0.03375914739395895,-0.022028187824437735,0.00029568197866026633,-0.040716809985953915,0.0057788128579297085
2007-05-14,0.00015138847224752304,0.03377001031174807,-0.022026468805140587,0.0002957727671176274,-0.040680803689613354,0.0057766923144197055
2007-05-15,0.0001513773261735201,0.033787338563536204,-0.02202485588588263,0.00029583057975123093,-0.04061674559303356,0.005775929624980344
2007-05-16,0.0001513957258277252,0.03380132426683207,-0.02202313767509237,0.000295990244431248,-0.04060442450605851,0.00577440524063131
2007-05-17,0.0001514066011862897,0.03382079363350665,-0.022021685233081043,0.00029598648554094304,-0.04052186088228972,0.005772638447932087
2007-05-18,0.000151390806581845,0.0338386901206955,-0.02202078191914035,0.00029603795069308813,-0.040493478061171394,0.005770853536024012
2007-05-21,0.00015144074755205728,0.033853890734087226,-0.022020133419337343,0.00029614282138099485,-0.04043542179183091,0.005770279972887926
2007-05-22,0.00015147733471071088,0.03386975730426276,-0.02201814844074416,0.0002960254415038893,-0.04034186881880214,0.005768886357509169
2007-05-23,0.00015147174543696248,0.033883631399438105,-0.022016099076835837,0.0002960906772311624,-0.040276748619431375,0.005768434304099104
2007-05-24,0.00015142760082109233,0.03389677084856988,-0.02201381443869593,0.000296064833444101,-0.040235091152154165,0.005767808938610909
2007-05-25,0.0001514644524196957,0.03391722617389347,-0.022013202386972984,0.00029611459528262803,-0.04021794321670347,0.005767247702567201
2007-05-30,0.00015141056717147682,0.03393588270391714,-0.022010818719134035,0.00029627822849125974,-0.04024614411485021,0.005765706870907796
2007-05-31,0.00015146061310902597,0.0339468557133601,-0.022009520277740384,0.00029631370625075333,-0.04021010562323442,0.0057641061504092135
2007-06-01,0.00015153474020301457,0.0339630976881073,-0.022007878914574997,0.0002964774042872778,-0.040167115144152984,0.005763659440364255
2007-06-04,0.00015148667243415956,0.03397833228616304,-0.02200563901134098,0.00029643733194669505,-0.04012440876336336,0.005761269453462448
2007-06-05,0.00015150596484183974,0.03399519924883812,-0.02200346297539697,0.0002962980018048524,-0.04010918964859766,0.005760068156037275
2007-06-06,0.00015149562255360117,0.03400834787581443,-0.022001431336372883,0.000296506372478917,-0.040107921285113333,0.005758607930258263
2007-06-07,0.00015147946190970956,0.0340229824103498,-0.022000048885645634,0.00029644007697786747,-0.04007560064393871,0.0057566343502007435
2007-06-08,0.00015146197760141028,0.03403815393148898,-0.021998263053388485,0.00029662590990120626,-0.03999043606154393,0.005755809874601644
2007-06-11,0.0001514546663410881,0.03404926766038379,-0.021996701428270246,0.000296793417395105,-0.039932817951126645,0.005754597967521846
2007-06-12,0.00015146990059582905,0.03406131428977175,-0.021994855945117006,0.0002969183953661439,-0.0399051983495954,0.005752942568124817
2007-06-13,0.0001514991361295282,0.03407653520521459,-0.021993432680089037,0.0002968738731157907,-0.03987999506695984,0.005752805974811006
2007-06-14,0.00015155713320413357,0.034090299960586115,-0.02199189043706871,0.00029679066057485156,-0.03980056880915492,0.005751802002436482
2007-06-15,0.00015157197007922098,0.03410695810076172,-0.021990474015373906,0.00029707760926167575,-0.03972326614820959,0.005750808828849943
2007-06-18,0.00015158069211731667,0.034127859441469635,-0.021989653717140806,0.00029708240684995797,-0.039690116241643064,0.005748806341339762
2007-06-19,0.00015152470959830687,0.034144216051287035,-0.021988430317654534,0.0002969426131285056,-0.039629447501048076,0.005747144730695064
2007-06-20,0.00015152581369332893,0.034162455565759316,-0.021986706079399294,0.00029687586155498896,-0.03960597673172017,0.005745446888392245
2007-06-21,0.0001515359742931884,0.03417743529599818,-0.021985621917051675,0.0002968544235044952,-0.03952765137120581,0.0057427019437328
2007-06-22,0.00015156000360248134,0.03419043964140212,-0.02198398877786,0.0002968132631097973,-0.03951565209546565,0.00574132358678001
2007-06-25,0.00015154800015076186,0.0342045347922168,-0.02198272216624501,0.0002965945259804042,-0.039447810876977546,0.0057398498593868395
2007-06-26,0.00015157161001045613,0.03422200270087466,-0.021981358762291323,0.0002966155167549185,-0.039388146501189325,0.005738757896751296
2007-06-27,0.00015160371300081477,0.034239373060210486,-0.021980808446150947,0.00029654661841622666,-0.039379182498041926,0.005737872456656109
2007-06-28,0.00015166386581861636,0.03425700962265745,-0.021978265973127242,0.0002966372217661384,-0.03940014872656915,0.005736453441552126
2007-06-29,0.00015164098293577705,0.03427559286225018,-0.021977022166309337,0.00029660054079055085,-0.03935160678725701,0.005734919219088698
2007-07-02,0.0001516725955538968,0.03429621125960863,-0.021975537993522146,0.0002967373661569668,-0.03930137201214168,0.005734198321525145
2007-07-03,0.00015163564833954783,0.03431170808723339,-0.02197440689859437,0.00029666944118461207,-0.03935758164749721,0.005732390049953741
2007-07-06,0.00015165569532132281,0.03433177557959506,-0.02197311034246039,0.00029667138461020147,-0.03928231246396384,0.005729901213742256
2007-07-09,0.00015167974415715104,0.03435200042787128,-0.02197124772476857,0.0002968436624286071,-0.03923984336974192,0.005729827875575326
2007-07-10,0.00015169264889480032,0.03436054779120676,-0.0219696214804478,0.00029688270039483376,-0.03919062101718536,0.005729055728112936
2007-07-11,0.00015167485931872284,0.034391615556553644,-0.02196816856523602,0.0002968527788257348,-0.03913854143529413,0.0057280738701522465
2007-07-12,0.0001517260628471954,0.034411400068317055,-0.02196631860416794,0.0002969172709286522,-0.039121485762049005,0.005727138702352176
2007-07-13,0.00015166414645198333,0.0344351492083253,-0.021964161217551573,0.00029689347326051704,-0.039107220088308636,0.00572616621285511
2007-07-16,0.00015167049038446897,0.03444911904863117,-0.021961272792750723,0.0002970985939330161,-0.0390820827214387,0.00572441617768383
2007-07-17,0.00015165956739911313,0.03446130205300966,-0.021959210831360352,0.00029703999913650094,-0.039079826501925555,0.005722347432868618
2007-07-18,0.00015161307452450835,0.03447621989430193,-0.021957255101788236,0.00029710418707681424,-0.0390783111191527,0.0057201047323486385
2007-07-19,0.0001516487023527948,0.03448419111817657,-0.02195482073427126,0.00029732894522519203,-0.039078381302145415,0.005718445195061563
2007-07-20,0.00015171976715824066,0.03449744970634052,-0.021953606111192174,0.0002973918800828012,-0.03902413109482693,0.0057176057964109135
2007-07-23,0.00015169607565996602,0.0345209330665151,-0.021952380483497208,0.0002975136534180301,-0.03898369462235958,0.00571527969869323
2007-07-24,0.00015161894188453097,0.03453965768826243,-0.02195105869697756,0.0002975017574775861,-0.039005083785694644,0.00571402831242059
2007-07-25,0.00015157450302231577,0.03455873181198038,-0.021950220587070267,0.0002975779982542669,-0.038974468254453866,0.005712916049682142
2007-07-26,0.0001515604430195009,0.03457919495946357,-0.021948421052758703,0.0002975066338129981,-0.03892872325972337,0.005710427647294565
2007-07-27,0.00015154491604147419,0.03459905768215694,-0.021947096792721575,0.00029763963939039104,-0.038889429782674824,0.005708528127085657
2007-07-30,0.0001515139708517711,0.03461876188326749,-0.02194515122322478,0.00029765197696574627,-0.03891872630909233,0.005706271071074259
2007-07-31,0.00015150334895740533,0.03463841621246302,-0.021942836562723177,0.0002976590061708937,-0.03887131274057752,0.005704563909756807
2007-08-01,0.00015145142268100658,0.03465030373561203,-0.021941318809451372,0.0002977837946032479,-0.03879509980535712,0.005703684224315685
2007-08-02,0.00015150412760388618,0.03465940795637163,-0.0219396414501889,0.00029785001348281074,-0.03876703968316221,0.005702060496306277
2007-08-03,0.000151452828088828,0.03467191690594546,-0.021937721666533804,0.00029802559810254605,-0.03876094931839294,0.00570058600479941
2007-08-06,0.00015141379473268253,0.03469003952131153,-0.021935415431175564,0.0002980743114683756,-0.03872393405358459,0.00569854955432896
2007-08-07,0.00015140117910160655,0.03470922116626378,-0.021934438749558846,0.00029823465493757464,-0.03869938188068038,0.005696997752119084
2007-08-08,0.00015139345245036414,0.034736706381900066,-0.021932300841147768,0.0002984678419882286,-0.038682910792158125,0.0056962960966382105
2007-08-09,0.00015144656962835361,0.03475039848790294,-0.021929834245049816,0.00029851044247092794,-0.03865214044004302,0.005694113056185126
2007-08-10,0.00015144846192275766,0.034765751915633386,-0.021927775822639925,0.0002987379948524112,-0.03860826472596038,0.005693865171696769
2007-08-13,0.00015140164050618299,0.03478607215665792,-0.021926137564414774,0.00029879310969322775,-0.038591565347174,0.0056930555995594444
2007-08-14,0.0001513821210143364,0.03480024466888705,-0.021924419362104985,0.00029887736239519227,-0.03853161314616975,0.005691933931189606
2007-08-15,0.00015135018169584963,0.034815950331436,-0.021922989014755548,0.0002989960324194298,-0.03846644774958323,0.005689295828735082
2007-08-16,0.00015128347427131162,0.034838596294290064,-0.021921005401502776,0.0002991277178181322,-0.038433314294468834,0.005688605360809456
2007-08-17,0.0001512937626248466,0.0348491569136296,-0.021918109160561694,0.00029921977877490647,-0.038363250145509176,0.0056862194172875025
2007-08-20,0.00015128083875052235,0.0348607545814088,-0.02191707203878513,0.00029935899207197324,-0.03834125619910757,0.005685201130899537
2007-08-21,0.00015123858009113224,0.03487798529190904,-0.02191539483021669,0.00029953030229610633,-0.03828790362265978,0.005684548984560342
2007-08-22,0.0001512566769328007,0.03489188005637101,-0.021913043247035104,0.0002996420505081074,-0.03829953302629688,0.005683169457273629
2007-08-23,0.0001511782176395106,0.034905652291553395,-0.021911486283508055,0.0002999096221421812,-0.03829631035449891,0.005681505804167146
2007-08-24,0.00015120450822417645,0.034917224653040924,-0.021909964923785902,0.00029994244237495935,-0.038218283260806396,0.005679871532051412
2007-08-27,0.00015122599536632097,0.03493283585875675,-0.021908438356401903,0.00030006577402477756,-0.03817087833819478,0.005679128104861514
2007-08-28,0.00015122534513770238,0.03494569255341142,-0.021907224292441924,0.0003002206260904746,-0.03808472563578393,0.005678336417453785
2007-08-29,0.00015123691648272672,0.03495699778631545,-0.021905480598034294,0.00030022675863408286,-0.03802067157758849,0.005676533576145038
2007-08-30,0.00015126391139703082,0.03496863096799824,-0.021904211028948614,0.00030029049674691486,-0.03801318871138393,0.005674906887560883
2007-08-31,0.00015126224278421823,0.034984022665701976,-0.021902166955852835,0.000300395817815351,-0.03798981199595333,0.005673826533303222
2007-09-05,0.0001512571918697892,0.03499704770262168,-0.021901240218749573,0.000300433085289134,-0.037931126143825974,0.005672553695533335
2007-09-06,0.0001512346742940161,0.03501055619982461,-0.021900024409823533,0.0003004577141380346,-0.03788374447516683,0.005670211289233837
2007-09-07,0.00015124811129043887,0.035023569073958344,-0.021898039180982102,0.0003004236948616168,-0.037892375209424595,0.0056696375787220685
2007-09-10,0.0001512437492181186,0.03503950542002079,-0.021895887394767492,0.0003005741314839449,-0.03791459989893001,0.005668294584347998
2007-09-11,0.00015132140766176212,0.03505904524652898,-0.021893753788344607,0.0003006259113063052,-0.037886445237329605,0.0056668110124817135
2007-09-12,0.0001513049441466833,0.03507676628766457,-0.021892284894170968,0.0003006705978561027,-0.03782820293352934,0.005665526500653044
2007-09-13,0.0001512670864081767,0.0350896425346538,-0.021890787713606044,0.0003007905165962669,-0.0378060557699003,0.005664517893287429
2007-09-14,0.00015122915907571927,0.03510985270021451,-0.02188920513576969,0.00030106951455421266,-0.037806036326017124,0.005662957448004306
2007-09-17,0.00015133039869973626,0.0351174105090938,-0.021886609346098568,0.0003013017937567149,-0.037810406474593994,0.005660912263518688
2007-09-18,0.00015129950738675355,0.03513118686088298,-0.02188419252762145,0.00030131992572892546,-0.03778276368200176,0.005658954075916392
2007-09-19,0.0001512837274605558,0.03515005873898419,-0.021882020493412795,0.0003013872724552302,-0.03777385689727025,0.005658174502930643
2007-09-20,0.00015133502833007104,0.035167342200053964,-0.02188079581488252,0.0003015013849144099,-0.03779290121674693,0.005656446417033469
2007-09-21,0.0001513176435823846,0.03518231410686224,-0.02187956144575729,0.0003015789262731522,-0.0377989060658844,0.005653540833710226
2007-09-24,0.00015132145581060968,0.03519902479985876,-0.021878793033368208,0.0003013435642766879,-0.03777036829387335,0.005652199009350939
2007-09-25,0.00015129427482036973,0.03521481336937949,-0.02187770855550548,0.00030159945256433583,-0.03776206843822913,0.00564983116335555
2007-09-26,0.0001512531057125029,0.03523509061806629,-0.021874726208460756,0.0003015578603457714,-0.03784422474522929,0.005648445425404769
2007-09-27,0.00015119007688670845,0.035252140841887235,-0.021872934740113776,0.000301698058683553,-0.0378784214600562,0.005646930292651645
2007-09-28,0.00015113841685012282,0.03526386107561862,-0.02187227853115081,0.000301980732994,-0.03788518379948498,0.005645762442156199
2007-10-01,0.00015112716380682962,0.03528147568269307,-0.021871166054111928,0.0003019824827208788,-0.037862669455333224,0.0056442128088223745
2007-10-02,0.00015108906622034093,0.035293968105775474,-0.021869285932683745,0.00030194318041322314,-0.03788883669974093,0.005642277151191499
2007-10-03,0.0001510986513530297,0.03530439012079194,-0.021867465324332588,0.0003020294219983737,-0.03789980562482016,0.005641559396419939
2007-10-04,0.00015115499799363025,0.03532532249614288,-0.02186655114955705,0.00030213988678070956,-0.03785660869295859,0.005640016416820828
2007-10-05,0.00015114481644112318,0.03533542825296131,-0.021864751267767525,0.0003022063183367431,-0.03784582972898495,0.005638493947907084
2007-10-10,0.00015109802551478187,0.03535787367241729,-0.02186364360920932,0.00030227229736273244,-0.037826930412098045,0.005636538910389231
2007-10-11,0.0001510633070867029,0.03538095049131608,-0.02186238950985842,0.0003023437546948672,-0.03782234438702942,0.005636408473423924
2007-10-12,0.0001510101201673707,0.035403930933916875,-0.021861334748040032,0.00030255063716119496,-0.03779395122507169,0.005635047699246628
2007-10-15,0.0001509699657888657,0.03541261054889425,-0.02185952156253047,0.0003026291946855524,-0.03779431419333734,0.005633385277268444
2007-10-16,0.00015093648459649838,0.03542670762988325,-0.021858182915892446,0.0003027531916950643,-0.03773768708213805,0.005630564156852591
2007-10-17,0.0001509795045007635,0.03544522743920751,-0.02185728094586075,0.00030288226655063473,-0.037769182495020794,0.0056285651927975725
2007-10-18,0.0001509895327096424,0.03546281842777931,-0.021856072696413223,0.0003028210185571637,-0.03776309452032438,0.005625743979262261
2007-10-19,0.00015095612219442347,0.035474153940784625,-0.021855374786068502,0.0003027451140872429,-0.037781526084447195,0.005624904201949889
2007-10-22,0.00015096814357468076,0.03548873046258651,-0.021854339377198422,0.00030274330359767376,-0.03783581907434325,0.005623165592082336
2007-10-23,0.00015095644518174343,0.03550692080236518,-0.02185270584940657,0.0003027863521682946,-0.03793833385164913,0.005622073096763929
2007-10-24,0.0001508941314549215,0.03552228079584603,-0.021851456307159508,0.0003028076166936547,-0.03795146889383194,0.0056203331995585614
2007-10-25,0.0001508633970112907,0.035542098475783566,-0.02185009245943085,0.0003030389906892786,-0.03798914623833752,0.005618174611921475
2007-10-26,0.0001508943559446676,0.03555722962567451,-0.021848388714242325,0.0003030355191572809,-0.03797787170376288,0.005616223491224117
2007-10-29,0.0001509253375501376,0.0355730127728717,-0.02184758353654824,0.0003031611987899007,-0.03798833102437306,0.005615105313998132
2007-10-30,0.0001509563631671921,0.035591392528821576,-0.0218454160052714,0.00030339593841743163,-0.038020768213460676,0.005613595474200577
2007-10-31,0.00015085425973213187,0.03560751918456849,-0.021843513556474133,0.00030349783818657875,-0.038076131403076495,0.005612811303507811
2007-11-01,0.00015087723837211266,0.03562650183968061,-0.021841759964542098,0.0003034791883645547,-0.03807345112133633,0.005611398660110145
2007-11-02,0.00015090491997895743,0.035639380269574285,-0.02184008475823916,0.00030368559995418214,-0.03809631692428425,0.005608433881499256
2007-11-05,0.00015093160224576046,0.03565657892177143,-0.021838327866652935,0.00030395626431850196,-0.03813337685728796,0.005606973651797545
2007-11-06,0.000150870362074328,0.035672784798463156,-0.021837082623524146,0.00030380856888080886,-0.038139058925124425,0.005605017768305887
2007-11-07,0.00015084076981843595,0.035682094865580556,-0.02183594703077482,0.00030396203656078935,-0.0381894302513157,0.005603570639480724
2007-11-08,0.00015084894641236688,0.0356968536920504,-0.021834392482933028,0.00030384927782909287,-0.03826710168957272,0.005601799235450183
2007-11-09,0.00015082897857429886,0.03570944035102848,-0.021833129091915777,0.00030392858383977575,-0.038325049941236915,0.005599095626791269
2007-11-14,0.00015077131546761,0.03572258803259914,-0.021833180218131583,0.00030402503857159094,-0.03836493982918226,0.005597420496798344
2007-11-15,0.00015073663069439534,0.03573872251089486,-0.021832796953336238,0.0003041407561741205,-0.038439032455278355,0.00559632469530898
2007-11-16,0.00015077033963694796,0.03575910184955862,-0.021831599853134417,0.00030425494173450635,-0.038527439362361304,0.005594089589930318
2007-11-19,0.0001506948892207338,0.03577774186327272,-0.021829870522835058,0.0003045348935547321,-0.0385815814513527,0.005592227253177444
2007-11-20,0.00015072977925842306,0.035794990759214884,-0.02182854471969501,0.00030464460909578853,-0.03866514951207124,0.005589879402805509
2007-11-21,0.000150662003547362,0.035813391027359275,-0.021826776941194892,0.00030466764144871495,-0.03875920070996177,0.00558939221035033
2007-11-26,0.0001505787445210049,0.03582836861007158,-0.021825215179768185,0.00030472752367485893,-0.038854192443878395,0.005588001527766928
2007-11-27,0.00015049822518634713,0.03583836848990951,-0.021823985912208754,0.0003048585410628446,-0.038914428929619375,0.005587002854550944
2007-11-28,0.00015046788356524245,0.03585361499209142,-0.021822516148208685,0.00030508347509400585,-0.03896120430492539,0.005585752465500759
2007-11-29,0.0001504220098723747,0.03586918744423612,-0.021821551038472397,0.000305346870984722,-0.03897785080169834,0.005584508898751269
2007-11-30,0.00015035504794041533,0.035892711230308565,-0.0218201796753202,0.0003055729053254649,-0.03903169563936939,0.005582750414970537
2007-12-03,0.00015024224853354162,0.03591206717349036,-0.02181793908142548,0.0003057566498195943,-0.039059762688798155,0.005581275364310634
2007-12-04,0.00015025932744666597,0.035923560039064675,-0.021815796695849703,0.00030583040292909617,-0.03908738381734297,0.005579867424201969
2007-12-05,0.00015023356337185933,0.035941648152534485,-0.021814103270534436,0.0003059417439363256,-0.039124152411613995,0.00557666698684568
2007-12-06,0.00015028206353983093,0.035957981103211537,-0.021811884894409012,0.0003060208382190325,-0.039196140410666096,0.0055760008374306745
2007-12-07,0.0001502632118238848,0.03598065256763601,-0.021810831663279937,0.0003062351509891104,-0.039260042402947684,0.005574174327931192
2007-12-10,0.00015021559613749753,0.03600004509064512,-0.021808466784018852,0.00030624801542276475,-0.039293586313419275,0.005572805000762952
2007-12-11,0.0001502203525665899,0.0360225973095875,-0.02180718008853854,0.0003061684078498987,-0.03930770072009793,0.00557071425393346
2007-12-12,0.000150175833365137,0.036042522239696444,-0.021805852926495582,0.0003062675351201637,-0.03931532269438043,0.005569282264572199
2007-12-13,0.00015021260065422307,0.036056382617068616,-0.021803621343367868,0.0003063098228612642,-0.0393093566701047,0.0055679190984207205
2007-12-14,0.000150217058584385,0.036069234249109176,-0.021802910765404568,0.0003063446195684026,-0.03929382351720802,0.005566843914332174
2007-12-17,0.0001502462806761523,0.03607583019950202,-0.021801654067912686,0.00030653275285989057,-0.039309371836948485,0.005564297999782223
2007-12-18,0.0001502069315192351,0.0360922438360635,-0.02180039858925459,0.0003065198521880209,-0.03935779581534462,0.005563202303688291
2007-12-19,0.00015014781271874113,0.03610331053504446,-0.02179986838765846,0.00030666071344235104,-0.03939587734218386,0.005561421080667375
2007-12-20,0.00015011884531420817,0.03611659094048924,-0.02179893876494921,0.00030667391924793025,-0.039396235489413386,0.0055600469455422555
2007-12-21,0.00015008456450258786,0.03613202171193705,-0.021797980586244763,0.00030671065413009966,-0.03938477163400349,0.005559728820129295
2007-12-24,0.00014998169259319535,0.03614306774527274,-0.02179654131750498,0.0003069218638612811,-0.039383925616891205,0.005557792081529327
2007-12-27,0.00014992594930953406,0.03615504580540719,-0.02179550074693166,0.000307082291624904,-0.03936777076092131,0.005556735701544431
2007-12-28,0.0001498077344091279,0.03616732685347845,-0.021794224655307854,0.0003070099317095585,-0.03942052026962538,0.005555920291866635
2007-12-31,0.00014980510952218744,0.03618353326585831,-0.0217932236726741,0.00030716421079650613,-0.03944519935292472,0.005554372958570851
2008-01-03,0.0001497967207555713,0.03619836094296576,-0.02179177852127362,0.00030724505459359954,-0.03947079975882223,0.005551684276368459
2008-01-04,0.0001497928956135852,0.0362115379364766,-0.02179077304119757,0.0003073586217944985,-0.03945360050339042,0.005549625905021156
2008-01-07,0.00014983248047730345,0.036231130795628765,-0.021789536040724325,0.0003073878771480539,-0.0395230817877347,0.005547942586680119
2008-01-08,0.00014979608483154928,0.03624616910310005,-0.021788047001648735,0.0003076026790039323,-0.03954434674280484,0.005546906849059217
2008-01-09,0.00014976894680979942,0.036257658004943634,-0.021786825286766908,0.00030772434529798275,-0.039587051088113924,0.005544196671328244
2008-01-10,0.0001497719530424232,0.03627778147297558,-0.021785592053237914,0.00030777590990159145,-0.03958172457465403,0.005543644192262345
2008-01-11,0.00014975520529806333,0.03629396827319673,-0.021783783494060387,0.00030795273871721436,-0.03959519443916285,0.005542354249065521
2008-01-14,0.00014973425781525753,0.03630814901523544,-0.0217827285070072,0.0003080954364572585,-0.039703558384696094,0.005540980044983324
2008-01-15,0.00014973319593838738,0.036321748721313094,-0.021782504120513767,0.0003082769099582998,-0.039783736830788174,0.005539067973860342
2008-01-16,0.0001497311139443425,0.036334120591117666,-0.021781356556023746,0.00030846511924241966,-0.03976850976066272,0.0055374255150339325
2008-01-17,0.00014972670499262665,0.03635376270081861,-0.021780061428845275,0.00030851232051123327,-0.03976481989288551,0.005535278897247564
2008-01-18,0.0001497452326819285,0.03637018367437848,-0.021778716905603318,0.0003085191668950337,-0.03975028544010148,0.0055333995816567215
2008-01-23,0.00014971778458046784,0.03637972775961975,-0.021777052145937146,0.00030863435443128463,-0.039780488050396676,0.005531656182056987
2008-01-24,0.00014964776526533557,0.036392240559510715,-0.02177473290390476,0.0003089240143243934,-0.0398031814797528,0.005530304933813362
2008-01-25,0.00014962551830165677,0.03640997667599261,-0.021773881800734248,0.00030898406624146787,-0.03983522456737665,0.005528647923307026
2008-01-28,0.00014956637449369998,0.03642569105946662,-0.021772859497881096,0.0003092256255186675,-0.039851994782940825,0.005526473481007804
2008-01-29,0.0001495302359765195,0.03644627437028172,-0.02177239262821897,0.000309276207772071,-0.03989279556153556,0.005525259356017736
2008-01-30,0.0001494588421380131,0.03646008107723078,-0.021771169023175694,0.0003092979912309944,-0.03992332765857204,0.005523900435054527
2008-01-31,0.00014940720304159092,0.03646951430175825,-0.02176997381388203,0.00030951332187411653,-0.03995182212784254,0.005522536808248123
2008-02-01,0.00014943822700268057,0.03649128417797512,-0.02176814471677639,0.00030967970332843373,-0.03996473351908848,0.0055214517502766135
2008-02-04,0.0001494571608487602,0.03649969561489702,-0.02176675767888977,0.00030976863611790844,-0.03995755605821749,0.005519150440063845
2008-02-05,0.0001494269792707627,0.036511704923295224,-0.02176483973277238,0.00030990703467099286,-0.03994640021586259,0.0055176860536970615
2008-02-06,0.00014940157800965318,0.03652181243791097,-0.021763976458211855,0.0003098829757724598,-0.039970024637726476,0.005516520017823845
2008-02-07,0.00014939050773963826,0.03653114514681073,-0.02176323440782925,0.0003100100807241396,-0.04001762249141774,0.005515534334123249
2008-02-08,0.0001494704856989102,0.036544345647226056,-0.02176201960630426,0.0003099138575999012,-0.04007245322950337,0.005513492210285515
2008-02-11,0.00014944349548973927,0.0365589621286299,-0.02176112254549243,0.00031000716878663745,-0.04009190026314564,0.005511738311502312
2008-02-12,0.0001493986485705985,0.036572008392631146,-0.021759860874422873,0.0003100203331093835,-0.04008622368019005,0.00551024158075507
2008-02-13,0.00014942357470989356,0.03658480274199335,-0.021758306423926704,0.0003102504153839482,-0.040106038307039724,0.005509596206222448
2008-02-14,0.0001494320709586404,0.03660218783633534,-0.021756159340411568,0.0003105068044238798,-0.04015053589136357,0.005509390472380311
2008-02-15,0.00014943371162669196,0.03660905503309489,-0.021755802304713714,0.0003107454037259324,-0.04025498997050847,0.00550766406654416
2008-02-20,0.0001493349547315592,0.03661897837566121,-0.021754115223874385,0.0003108033072986907,-0.04028751994494069,0.005506501904357065
2008-02-21,0.00014931988770295286,0.03663275713112457,-0.02175145820004322,0.00031092658039838777,-0.040342871105641956,0.005506141464407564
2008-02-22,0.0001493324971990144,0.03664880978680342,-0.021750454102263807,0.0003111111136440324,-0.040364605283840053,0.0055040023982310905
2008-02-25,0.00014927471174202984,0.03666249459829381,-0.021749225448716922,0.00031118740219602197,-0.04040174989075257,0.0055031672105162795
2008-02-26,0.00014926531988973277,0.036682334861578764,-0.02174736185563179,0.0003113942089696834,-0.04041870732049711,0.005502296877982786
2008-02-27,0.0001491656238963942,0.036698737222298765,-0.02174635768584417,0.0003116522317695516,-0.04049297244646646,0.0055003217475717864
2008-02-28,0.0001491641247643747,0.03671119425188776,-0.021745301259199393,0.00031174040989378083,-0.04048846942100563,0.005498511888980957
2008-02-29,0.00014921138010963914,0.03672485135897071,-0.021744432336110155,0.0003118327028885618,-0.04054105346160896,0.005496921335964687
2008-03-03,0.000149166784257591,0.0367396588129216,-0.0217425984578634,0.0003120139884244853,-0.04055289283061088,0.005496589499708787
2008-03-04,0.0001491618819416446,0.03675712349917453,-0.021741875355265727,0.0003122173141114325,-0.04056342486109644,0.00549517728713738
2008-03-05,0.00014908903111222785,0.03677581761864298,-0.0217395964191739,0.0003122824366947233,-0.040628594176423866,0.005493329283031168
2008-03-06,0.00014908239655609252,0.03679263636456799,-0.021738287019161483,0.0003123213192399686,-0.04064246673148046,0.00549265721439838
2008-03-07,0.00014910529654871,0.036810070744024294,-0.02173638848026587,0.00031248523933213954,-0.0407593927367221,0.005491753733415341
2008-03-10,0.00014907164783877017,0.03682658464219164,-0.021734629776682987,0.000312739452458427,-0.04075319252275502,0.005490645430279578
2008-03-11,0.00014902230428675512,0.03684759499391422,-0.02173388302341871,0.000312926893943738,-0.04080361419200869,0.005489629241962703
2008-03-12,0.00014896171604753566,0.03686174718415103,-0.021733416399945884,0.0003129837327036119,-0.040905317639227126,0.005488122364928786
2008-03-13,0.00014894844001787902,0.03687137248635985,-0.021733077683499462,0.0003130659239177122,-0.04094866739239199,0.005486023059916632
2008-03-14,0.00014890330711145831,0.0368925103790883,-0.021732193888547236,0.00031298883265344895,-0.04100712785334068,0.005483312500920649
2008-03-17,0.00014889248246674128,0.036911859756692623,-0.021730620891252772,0.0003131103638117632,-0.04107812091891102,0.0054821906068340635
2008-03-18,0.00014887132456847221,0.036926408044080046,-0.02173028261869213,0.0003134059098746333,-0.04115199220328014,0.005480399766557471
2008-03-19,0.00014880383347770358,0.03694082668205565,-0.02172969495716461,0.0003132759271634226,-0.041174101172718844,0.005479253761145354
2008-03-20,0.0001487327899965556,0.03695887995180536,-0.021728126558614166,0.00031350270207240364,-0.04119687870337509,0.0054779067256401585
2008-03-25,0.00014862306317737112,0.036974001509093433,-0.021726348666439146,0.00031359658356799506,-0.04125926601223461,0.005475079875695726
2008-03-26,0.00014853243674669932,0.03698866646725227,-0.021725049021823446,0.00031361962662163154,-0.041267506106452106,0.005473489670758402
2008-03-27,0.00014851188866841592,0.03700837941264706,-0.02172332090726063,0.000313631553399706,-0.04130598677225173,0.00547172668407052
2008-03-28,0.00014849315192809158,0.03702406377833158,-0.021721463989318398,0.00031382518124696703,-0.04138323500113754,0.005470063758383308
2008-03-31,0.00014842214730561058,0.03703574960159449,-0.02171969396419355,0.00031381611683658876,-0.04144203759755276,0.005468930781022902
2008-04-01,0.00014834560713129124,0.03705124863416916,-0.021718904943264478,0.0003138862045391213,-0.04152708147038647,0.005466114663825274
2008-04-02,0.00014831143306803516,0.03707360193401425,-0.02171768277970009,0.0003136651742861987,-0.041573399614815286,0.005464875779016805
2008-04-03,0.0001483135877125263,0.037096752495310185,-0.021716438005032986,0.0003138237454190085,-0.041602895704084306,0.005463277788312236
2008-04-04,0.00014823268992784368,0.037109393210598904,-0.021714348818556852,0.0003138783565219857,-0.041684527839845914,0.0054614309508929345
2008-04-07,0.00014818470328134317,0.03712552990934849,-0.021713070614729674,0.00031390808374354476,-0.041761918349517826,0.005459528485222624
2008-04-08,0.0001481226016915156,0.03714220479086991,-0.02171137987589842,0.00031397614532595075,-0.04177992071817227,0.005457510941094002
2008-04-09,0.0001480935351686619,0.03715499753166625,-0.021709549428280128,0.0003139384054798006,-0.04178536165068987,0.005455317680895702
2008-04-10,0.00014801808033532444,0.03717428912938242,-0.021708272874788555,0.0003140229079112981,-0.04180916663949938,0.0054538117968775035
2008-04-11,0.0001480554544356898,0.037196270291006625,-0.021707004846460154,0.0003141010986956479,-0.0418756292541076,0.005452408386347429
2008-04-14,0.0001480379204698073,0.037214136151832736,-0.02170597155882279,0.00031405270206042455,-0.041950847366802546,0.005451081102666594
2008-04-15,0.00014796958668832297,0.03722783901969387,-0.021704907342632116,0.00031428606583778156,-0.04200114557826293,0.005448781066081236
2008-04-16,0.000147951199402843,0.037244391159616974,-0.021704579083456906,0.00031421744294263867,-0.04211053971708137,0.005447754885236776
2008-04-17,0.0001479225835577339,0.03725988910162196,-0.0217037241051396,0.0003144531510374329,-0.04219951222314555,0.005446125677736255
2008-04-18,0.00014781205863292513,0.03727961206636583,-0.02170283714571608,0.00031445009689133596,-0.042247681286039174,0.005445274473011227
2008-04-21,0.00014777534125762548,0.03729502396649047,-0.02170118687647715,0.00031457978552350995,-0.04230019432872702,0.005443582841297168
2008-04-22,0.0001476712470723606,0.03731038427695927,-0.0216993965124609,0.0003147031066626671,-0.0423573148915699,0.00544189982479954
2008-04-23,0.00014764802116692084,0.03732681283635521,-0.02169788085364328,0.0003147641369464365,-0.04251767235013361,0.005441212538984632
2008-04-24,0.00014761119826285797,0.037345690400693646,-0.02169631645170656,0.00031483894118922986,-0.042616308818503514,0.005439060797415136
2008-04-25,0.00014759295955266526,0.037366768791646736,-0.0216941551239281,0.00031493009940840934,-0.04264903667938914,0.005437623474147354
2008-04-28,0.00014753931581034006,0.037379022537826524,-0.021692212705297934,0.0003150869896685945,-0.04268869916924699,0.005436855865879756
2008-04-29,0.0001475177980859162,0.037393549739721574,-0.021690225859260167,0.00031506406716253046,-0.04275211517830155,0.005435168177969947
2008-04-30,0.00014751465412305939,0.037415168778682145,-0.021689323816688262,0.0003150758526740616,-0.04282094064316207,0.005433653400780506
2008-05-01,0.0001474505665409423,0.03743593894019778,-0.021688712823513555,0.00031533611257651944,-0.042864787536573086,0.005431061454527023
2008-05-02,0.00014743031761464519,0.03744292846141249,-0.02168691206383356,0.0003153918007811243,-0.04286709247270165,0.005428721818564469
2008-05-05,0.0001473508890218179,0.03746470005963186,-0.02168572722220909,0.0003154865207914905,-0.04294846883592995,0.005426521209778383
2008-05-06,0.0001473406832782337,0.03748068161189687,-0.021684269397865056,0.000315664041259597,-0.04299126190371103,0.0054248630155949214
2008-05-07,0.00014736261775991492,0.0375038915973023,-0.021681773219978804,0.0003156440439823751,-0.04299640124279436,0.005422166548276861
2008-05-08,0.00014733642501503806,0.03751967351883512,-0.02168055989328973,0.0003158074824791952,-0.04303099914668847,0.00541935595349834
2008-05-09,0.00014726237915646079,0.037540049296916844,-0.021679192370262505,0.0003160905098978751,-0.04305877403617907,0.005416343152112904
2008-05-12,0.00014722320642989855,0.03755378537584624,-0.021677473027206757,0.0003160713196485405,-0.04313331323753322,0.005414545483329109
2008-05-13,0.00014720311828660032,0.03756739069980622,-0.02167579776825054,0.00031622918202625004,-0.043152554120935833,0.005413901084253377
2008-05-14,0.0001471566438138491,0.03758352282337453,-0.021674253904516428,0.0003165516279648427,-0.04313670963805111,0.005412905567665093
2008-05-15,0.00014712636773117684,0.03760102736398433,-0.021673327770982024,0.000316595438227945,-0.043231104446774096,0.005411140900977115
2008-05-16,0.00014706555991976804,0.03761494074524517,-0.02167143620640433,0.0003165838464973061,-0.04328118062289747,0.00540889936035511
2008-05-19,0.00014703524791718863,0.03763791419408713,-0.021669390408197448,0.0003167934937177812,-0.043277200703985566,0.0054077418276413155
2008-05-20,0.00014702266999099293,0.037659495898521606,-0.021667552054570008,0.00031684129391767194,-0.04329615328803017,0.005405309188206297
2008-05-21,0.00014693893361941192,0.03767955676632758,-0.021665932220196242,0.0003167772278818395,-0.0433382207008064,0.005404193287533358
2008-05-22,0.00014688783712053235,0.03769977617863605,-0.02166414145821126,0.0003168175926430277,-0.04338521843623466,0.005401884773894404
2008-05-23,0.00014681031981539442,0.03772752191784083,-0.021663072191522848,0.00031680634524479905,-0.04345124231218386,0.005399771800311488
2008-05-28,0.00014679917113727826,0.037750713917035945,-0.021661710716327002,0.0003170909158863938,-0.043467968776481486,0.005398146920534782
2008-05-29,0.00014682172348417152,0.03776815645333474,-0.02165893072868605,0.00031723671262009855,-0.04349857352971662,0.005396227704561692
2008-05-30,0.00014680661499211846,0.037785029732506345,-0.02165784747907675,0.0003173113688498068,-0.04357490283329254,0.0053945082380644814
2008-06-02,0.000146741347914969,0.037807032849140616,-0.021656568701105876,0.0003174296036449434,-0.043636939015569046,0.005392306151173541
2008-06-03,0.00014668445317790333,0.03783181114853846,-0.021654647576504,0.0003174757472958479,-0.043668951504654156,0.005390061670829723
2008-06-04,0.00014655161665723442,0.037850323694201334,-0.021652406021860218,0.00031747344484242367,-0.04365725623687676,0.005387565746943309
2008-06-05,0.00014655453783533247,0.0378677192003724,-0.021650916799611078,0.0003176867883086636,-0.043700352796776684,0.0053868463816800615
2008-06-06,0.00014645383901059914,0.037892896328623055,-0.021649702666067937,0.0003177381285024236,-0.04372985606608529,0.005385159367956354
2008-06-09,0.00014642028915097527,0.03791028166176111,-0.02164730301534819,0.00031778547467385194,-0.04381644485386256,0.005383144496378525
2008-06-10,0.0001464019046509147,0.037922883938281235,-0.021645707797832887,0.0003178935778453717,-0.04385692583711298,0.005381578264648119
2008-06-11,0.00014643431553948712,0.03794188090217464,-0.021643208390363648,0.0003177744306234001,-0.04388687276845321,0.005379795834666825
2008-06-12,0.00014636662769166523,0.037954239237406866,-0.02164176765713606,0.00031787847558856236,-0.04389890173020419,0.0053780959432002656
2008-06-13,0.00014631776654319985,0.037973504411147864,-0.021639808357044703,0.0003180024140322159,-0.04394371204113602,0.005376420624449565
2008-06-16,0.00014624878820798702,0.03799764737193959,-0.021637272785974892,0.0003182041165741875,-0.04400443660433194,0.005374478793862961
2008-06-17,0.0001461747051781757,0.03801365801719326,-0.021635281987781793,0.0003182376532647407,-0.04402076705819498,0.005372571427980211
2008-06-18,0.000146142390145461,0.03803244753661558,-0.021633638281775516,0.00031836796465451687,-0.044010520187597754,0.005370040821712832
2008-06-19,0.00014614583930832567,0.038057744516681986,-0.021631558810727602,0.0003184455050127333,-0.044073863785953474,0.005367822608512683
2008-06-20,0.00014612466906254988,0.03807197456701149,-0.0216296695579353,0.00031873441605314375,-0.04407786569324372,0.005366817160793497
2008-06-23,0.0001459959419369671,0.03809385335544112,-0.021627977847672418,0.0003187623083622614,-0.044063392727797024,0.005363608403528996
2008-06-24,0.00014593490494660378,0.038110555502100484,-0.02162703650457012,0.0003186759291892482,-0.04411154097705393,0.005362687585668021
2008-06-25,0.00014588131658830177,0.038135841474394395,-0.02162482910155167,0.0003187873467809186,-0.044171222077045325,0.005360509986146362
2008-06-26,0.00014583884017869254,0.03815462631261852,-0.02162299269891028,0.0003188710471111835,-0.04414982621266231,0.005358590374126856
2008-06-27,0.00014576351115913025,0.03818194935006552,-0.021620598230405897,0.00031906317394089214,-0.04417422198469037,0.005356313152740717
2008-06-30,0.00014567342561556457,0.03819986413090006,-0.021617940627977065,0.00031924849444524023,-0.044243677539079665,0.005354285982722805
2008-07-01,0.00014566399831559662,0.03821960794885006,-0.02161497569880595,0.00031942110420299055,-0.04431490233950734,0.005350854214507911
2008-07-02,0.0001456190175307007,0.03824088851503181,-0.021612649475231133,0.00031949967393917546,-0.04439948905626054,0.005348256278523318
2008-07-03,0.0001455686921463071,0.03826044456945732,-0.021610832062405917,0.0003195842163522787,-0.04444680303177883,0.005345957299397331
2008-07-08,0.000145472923636458,0.03828417258020203,-0.021608943856126776,0.0003196671032209792,-0.04444836165681509,0.005344080587961436
2008-07-09,0.00014544696755883262,0.03831029775980013,-0.021606142859424502,0.0003197777573380656,-0.04451299420660883,0.005342303195935184
2008-07-10,0.00014537832412465915,0.03833353303745656,-0.021603964786450755,0.00031984640035376955,-0.0445571941374627,0.005339277549523768
2008-07-11,0.0001453690526169217,0.0383547392822679,-0.021602598873853157,0.00031982916968291436,-0.04465711831232637,0.005337717081856994
2008-07-14,0.0001453524111336619,0.03837820836277166,-0.02160080613871078,0.0003198223114262866,-0.04472040480933653,0.005335138566729186
2008-07-15,0.00014534897365426009,0.038403506718127714,-0.02159902247992274,0.00032002376657925863,-0.04478771712885488,0.005332646882165587
2008-07-16,0.00014524765218198817,0.038424931299471,-0.021597464816436446,0.00032030692776143204,-0.04482053197800065,0.005330704028965686
2008-07-17,0.00014519759436531064,0.03844593878716199,-0.021596407063019137,0.00032041354176780756,-0.044921733823727,0.005327897305454142
2008-07-18,0.0001451070367945928,0.038471573296217865,-0.021594385352924097,0.0003203124935760846,-0.04495133360441415,0.005325827518592194
2008-07-21,0.00014499932016738746,0.038488873711934886,-0.02159181322509017,0.00032040213692729916,-0.04498607510075341,0.005324923182578418
2008-07-22,0.00014489662850207974,0.038511527447675456,-0.021588565391753276,0.0003204648773710035,-0.04505393438702173,0.005321603736919439
2008-07-23,0.00014485070453669664,0.038530490139399555,-0.021587248287257582,0.00032056260141134015,-0.04505039078575051,0.005319089130567986
2008-07-24,0.0001448416184340646,0.03855700022501653,-0.021585416606068202,0.00032074919633906057,-0.045074611722016156,0.005316705817992996
2008-07-25,0.0001447884678001436,0.038572544924985123,-0.021583380756814236,0.00032073935320591293,-0.04510025919886028,0.0053136213786611035
2008-07-28,0.00014473975132710078,0.0385946898136379,-0.02158225235158704,0.00032080948018713953,-0.045181172777958675,0.0053109394651236
2008-07-29,0.00014469863142927417,0.03861448731242025,-0.02158019486926794,0.00032078997278825184,-0.04527121331529757,0.005308476350809042
2008-07-30,0.00014472809304823538,0.03863142046305611,-0.021577761809323647,0.0003208590443721125,-0.04525917409860521,0.005306339673097583
2008-07-31,0.00014465512675678887,0.038651185724231624,-0.02157515661823635,0.00032105417666550425,-0.04530010989275757,0.005303551704354845
2008-08-01,0.00014459178641925197,0.03867503904918673,-0.021572820571996585,0.0003212606770363931,-0.04533349150961663,0.005299809917830987
2008-08-04,0.00014457346308350386,0.038698599923240144,-0.021571030307596866,0.0003215566991169539,-0.04542056456344378,0.005297351275243048
2008-08-05,0.0001444992908499887,0.03872367548935738,-0.021570032019885065,0.00032151066747993813,-0.045492370218110124,0.005294479247045151
2008-08-06,0.0001444716792578353,0.03874776154815201,-0.021567404704165544,0.0003213951264210947,-0.045487742928235465,0.005292084165166111
2008-08-07,0.0001443980287927176,0.0387754318646803,-0.02156640284706151,0.0003214019499444142,-0.0455349664070689,0.005288213400593528
2008-08-08,0.00014432846303396018,0.03879825204743274,-0.021563921612061193,0.0003215587165956668,-0.045579002062039575,0.005285802903125589
2008-08-11,0.00014431044992561755,0.038820221636473716,-0.021561571358129864,0.0003218186529047985,-0.04565928708330519,0.005283469339461697
2008-08-12,0.00014434023083355574,0.038847660859556904,-0.021558979359588566,0.0003220081511771975,-0.04569366642722615,0.0052808621565345465
2008-08-13,0.0001443218224795127,0.03887216756986624,-0.021556557692274887,0.0003220806872057169,-0.04567606953494465,0.005278925170040621
2008-08-14,0.00014427089747994992,0.03890002926034881,-0.02155381619720353,0.00032221628095264446,-0.04569655581122386,0.0052767908198829445
2008-08-15,0.00014422690696907578,0.03892202989148778,-0.021551710682651524,0.0003223905412108075,-0.04567576531763086,0.0052741522593131775
2008-08-18,0.0001441842490552911,0.03895413137173835,-0.02154950884650832,0.00032250668271980237,-0.045689780040533964,0.005271963293252807
2008-08-19,0.0001441607686222399,0.03897816590228824,-0.021547491703266863,0.0003225599901787649,-0.04575216894866489,0.005270090019900368
2008-08-20,0.00014408463413692976,0.038996399984386025,-0.021545778181194915,0.0003226238536310633,-0.045763245434735256,0.005266451455113581
2008-08-21,0.00014408415895148595,0.03902056091851318,-0.021543647006423968,0.00032258684314571875,-0.04578638773964391,0.005263733337089652
2008-08-22,0.0001440417864657758,0.0390432158454845,-0.021541664072798568,0.00032263899043720917,-0.0457840341174037,0.005261569069969306
2008-08-25,0.00014393950486132743,0.03906607994095413,-0.021540177378434354,0.00032287043164901656,-0.045825555710648336,0.005258583105502584
2008-08-26,0.00014390267481072556,0.03909059220547531,-0.0215387175046612,0.0003231155802293158,-0.045839018850239915,0.0052558272027462575
2008-08-27,0.0001439410536671921,0.03911796522896114,-0.02153704097553091,0.00032331855475267344,-0.0459283961714675,0.005254052688169982
2008-08-28,0.00014392047826948604,0.039149749161937565,-0.02153575340107848,0.0003232587860709902,-0.045966739396474,0.005250993610162658
2008-08-29,0.00014387904590269847,0.03917363231864252,-0.02153390279745668,0.00032325278417894807,-0.045977289681156754,0.005247797810104671
2008-09-03,0.00014381811298208027,0.03919150455129357,-0.021531697306045962,0.00032349918997692475,-0.04597814095618681,0.005244353541492262
2008-09-04,0.00014386220395362675,0.03921717273009541,-0.021530336500309718,0.0003235527561325471,-0.04602300126229904,0.005242630364769842
2008-09-05,0.00014382127218224232,0.039245834356806494,-0.021528535866336098,0.0003236799122330369,-0.0460370528071797,0.005239702038374429
2008-09-08,0.00014373865897243413,0.03927181853607464,-0.02152604054773805,0.0003239094076876821,-0.046094933692265534,0.005237300123157436
2008-09-09,0.00014379764915018633,0.039302006766389515,-0.021523940901276208,0.00032395305725933647,-0.04608237836065589,0.005236917372084535
2008-09-10,0.00014374905592015678,0.03932280371142027,-0.021523408458514692,0.00032417880626639604,-0.046145426371399165,0.005234423373241216
2008-09-11,0.00014370335399181916,0.0393483464717701,-0.02152188984702436,0.00032437161420575765,-0.04614325703248324,0.0052325688652615256
2008-09-12,0.00014365694876270507,0.03936790803399021,-0.021520617388212156,0.0003243237011722826,-0.046170661642483034,0.005229812986993992
2008-09-15,0.00014366098813254531,0.03939246108065765,-0.0215189729920259,0.000324487292277816,-0.04624737117068513,0.005227422090697267
2008-09-16,0.00014371475698909272,0.03941850716761316,-0.021517707481720046,0.00032475806402720213,-0.046299963671568106,0.005224062997933677
2008-09-17,0.00014371381573719135,0.03944418652966357,-0.021515747687290383,0.0003248159565334757,-0.04629606877615483,0.00522205682433154
2008-09-18,0.00014371678158389456,0.039472086802115176,-0.02151372420831631,0.00032509599967052335,-0.04630163976079113,0.00521920956784961
2008-09-19,0.00014370452396594583,0.0394985836198236,-0.0215117282837544,0.0003252789939423304,-0.046323706947977716,0.005217581711843265
2008-09-22,0.00014366646540714707,0.039522617569452495,-0.021509870825262203,0.00032539068956126497,-0.04637276584945063,0.005215990391786816
2008-09-23,0.00014368195479842492,0.03954525299732374,-0.021508485827130636,0.0003255058814831495,-0.04639123960452902,0.005213449727836564
2008-09-24,0.0001436239604723827,0.03957431641443875,-0.021506518249095153,0.0003256568650764731,-0.04641154369421473,0.005210131351378429
2008-09-25,0.00014356647305805407,0.039598997179996626,-0.021504058209513566,0.00032575669693018155,-0.04642742510293236,0.005208677738431404
2008-09-26,0.0001434769692679924,0.03962402051197669,-0.021500874449654584,0.00032590456426554056,-0.04649885825301393,0.005207247049415726
2008-09-29,0.00014341441884489095,0.03965158952569759,-0.021500385251029104,0.0003261854309100674,-0.04651469813998997,0.00520537062406763
2008-09-30,0.00014342189979100315,0.03967385555242869,-0.02149874514396074,0.00032631702133191834,-0.046545248470579934,0.005202427661081597
2008-10-01,0.00014341437113598937,0.03969943017776993,-0.021497206867993758,0.0003264945058996756,-0.046564100193534755,0.005200777079264645
2008-10-02,0.00014336777755259353,0.03972489584442855,-0.021495146172901013,0.0003267134903826415,-0.0465779075090345,0.005199068112410035
2008-10-03,0.00014342236490830443,0.0397510132848573,-0.02149384481578128,0.00032662624458969165,-0.0465951240092065,0.005195937447267121
2008-10-06,0.0001434095900108284,0.03976932051047993,-0.021492930021716823,0.00032670647873292484,-0.046602920482988086,0.005193942862692327
2008-10-07,0.00014335442015488988,0.03980036435333555,-0.021490876293154073,0.0003266417733655254,-0.04664848326814992,0.005191199838169595
2008-10-08,0.00014339462516591486,0.03982483171878644,-0.021489326959788314,0.00032660331480342624,-0.046660806747780115,0.005188253581867483
2008-10-09,0.00014338148176062249,0.0398487701064615,-0.02148682788053318,0.00032676535155937674,-0.046692676219894286,0.005184964882913323
2008-10-10,0.00014344763742829564,0.03987684727348771,-0.02148459950070704,0.0003269881690114924,-0.046688169142873964,0.005181829020071235
2008-10-15,0.00014339870458006824,0.03990295519829075,-0.02148299986336969,0.0003271417017673024,-0.04667377599303419,0.00518010702584462
2008-10-16,0.00014337379323327756,0.039926163590989626,-0.021482024395867265,0.0003270958440798264,-0.04667885048557946,0.005178254242800783
2008-10-17,0.00014330790192051767,0.0399542573750481,-0.02148017225133135,0.00032733721983296203,-0.04669902966176172,0.005175851362593465
2008-10-20,0.00014325602000342597,0.039984092429178705,-0.021477939410903184,0.00032750793716247836,-0.04673940341045829,0.005172577904547976
2008-10-21,0.0001431941290968819,0.04001152763230227,-0.02147597193964259,0.0003278223436198351,-0.046779755530059586,0.0051701188248149225
2008-10-22,0.000143103744423843,0.04003599105043981,-0.021474149792768592,0.00032801043309706586,-0.04683358482504535,0.005165516656743643
2008-10-23,0.0001431323987755676,0.04006572166331057,-0.02147221068870443,0.0003281177589182511,-0.04683098238577402,0.005163049808198426
2008-10-24,0.00014309180956182158,0.0400950201079454,-0.02147046162132459,0.0003281503155851639,-0.04688646102395494,0.005160737800975828
2008-10-27,0.00014307834601144081,0.040122622085649956,-0.021468744349215692,0.0003282850388622122,-0.046901593200314784,0.005157392423934509
2008-10-28,0.00014310615166727774,0.04015141948928759,-0.021467442060956986,0.000328316133882028,-0.046911148097036504,0.00515541056995946
2008-10-29,0.00014306601483437168,0.04017794712574556,-0.021465808368716283,0.00032846899524451327,-0.04693174811114729,0.005153601653688231
2008-10-30,0.00014297105551324275,0.040205486771079456,-0.021464264983801568,0.00032878064328257194,-0.04694391071953672,0.005150810421895642
2008-10-31,0.00014298492492842375,0.040231659569525194,-0.02146268259588062,0.0003289617392265276,-0.04698092691029253,0.005148259370654426
2008-11-03,0.0001429609732558998,0.04025732031566232,-0.02146081508229609,0.00032879618442647557,-0.04702984683493118,0.005144593516789396
2008-11-04,0.00014293761594349314,0.04028267810399069,-0.02145821166981094,0.0003289405402956265,-0.04707161404719432,0.005142062076634509
2008-11-05,0.00014291202720561244,0.040315517917467125,-0.021457396111740662,0.0003290930773886435,-0.04712389036363536,0.005138050302669685
2008-11-06,0.00014289637975719614,0.04034426184838085,-0.021455987351133615,0.00032912764471625583,-0.04712881616983273,0.005134654182727272
2008-11-07,0.00014290019781119955,0.04037714969146628,-0.021453843851704214,0.0003292950231405025,-0.047200976201260174,0.005132414361434799
2008-11-10,0.00014292780887840506,0.040405481752422354,-0.021452394265120023,0.000329430034842359,-0.047181679263049184,0.005129802727657394
2008-11-13,0.00014281928203807774,0.04042920611170303,-0.021450730958109714,0.0003295418678150198,-0.04720652219709991,0.0051274637318775105
2008-11-14,0.0001428167708581579,0.04045721187330474,-0.021449830259947504,0.0003294870890941346,-0.047245257536866855,0.005125643783340462
2008-11-17,0.00014285204907405621,0.04049066653867062,-0.02144791214193956,0.0003296583262047608,-0.047211820504295475,0.005123380485083451
2008-11-18,0.00014284565641802446,0.040515557746171486,-0.021447088992625114,0.000329792277875738,-0.04716776186687847,0.005120479028646766
2008-11-19,0.00014279711354612287,0.040541695931573044,-0.02144519885921828,0.00032989199541847764,-0.04714937960738697,0.005118805066680444
2008-11-20,0.00014282200741769246,0.04056995941083796,-0.021443426042973838,0.00033011072069982853,-0.04716565699482279,0.005115687855214336
2008-11-21,0.00014281027490518973,0.04059537611224859,-0.02144263293482836,0.00033029575992150385,-0.04716688188001532,0.005112356122228516
2008-11-24,0.00014280678965351848,0.04062185499254578,-0.02144053908487789,0.00033042753006614424,-0.047211604738812786,0.005110071701765621
2008-11-25,0.00014271379760831068,0.04064153669980607,-0.021439131318,0.0003305239133264397,-0.04722061478912458,0.005106782862676895
2008-11-26,0.00014270733734244806,0.04067113450244657,-0.021437841614941364,0.00033053991194353856,-0.04721217628937388,0.005104657405253137
2008-12-01,0.0001427066252496125,0.04069366637103489,-0.021437389987980095,0.0003306561970119518,-0.047151398284686494,0.0051028749342896
2008-12-02,0.0001426736806922972,0.04072213591236538,-0.02143558376982465,0.00033073215872823295,-0.04713991428903421,0.005099255278037151
2008-12-03,0.00014264199379190968,0.04075488199699808,-0.021434055920894337,0.00033073386919239096,-0.04712595351113939,0.005096836931741329
2008-12-04,0.00014259767526095832,0.04078412248453814,-0.021432818187608983,0.0003306543516009275,-0.04713678203488875,0.005095077276475803
2008-12-05,0.0001425933808304983,0.040812630727895385,-0.021431422053704085,0.0003306462897574413,-0.04718563082940489,0.005092903975267783
2008-12-08,0.00014256558467587617,0.04085309249622068,-0.021428638799781026,0.0003308165609627114,-0.04720482150525649,0.0050906779891399054
2008-12-09,0.00014250940351164104,0.040878510190448,-0.021427757901657945,0.0003308470547327685,-0.047205018168419835,0.0050881288291943026
2008-12-10,0.00014252343984083474,0.04090328853827656,-0.02142629329017026,0.00033098008964022507,-0.04719190137859055,0.005084888826528177
2008-12-11,0.0001425582491226727,0.04092346813894088,-0.021424264204259472,0.00033119740941401775,-0.04717255292717455,0.00508328693732266
2008-12-12,0.0001425360207394059,0.040957244870332275,-0.02142353262317492,0.0003314846574469755,-0.047182518408979565,0.0050803254697152
2008-12-15,0.00014248711299925292,0.04098444901121615,-0.02142225693723977,0.0003315999419602276,-0.047173603377996906,0.005076988091730266
2008-12-16,0.0001423949810860214,0.04101209308952346,-0.021419829957933123,0.00033181667625309727,-0.047188062019196175,0.005074384068796343
2008-12-17,0.0001423402304087792,0.04104027063150777,-0.021418652208088928,0.00033176086199186396,-0.047223083835773644,0.005070816623817429
2008-12-18,0.00014227677995729457,0.04106676358542974,-0.021416760635594067,0.00033193222183135684,-0.04726732364202142,0.0050689315646077196
2008-12-19,0.00014228851585879724,0.04110273917903161,-0.021414694478717484,0.00033218016921909886,-0.047306740096645115,0.0050655645171372035
2008-12-22,0.00014222332919455077,0.04112665234501763,-0.021413386834644638,0.00033220341497964645,-0.047299652075004354,0.005063845598484273
2008-12-23,0.00014217784171532722,0.04115414208844107,-0.02141304406857216,0.0003325519051176583,-0.047334112717905684,0.0050618899611944495
2008-12-24,0.0001421982059003496,0.041182744049834415,-0.021411206343130085,0.00033267963584542466,-0.04733844493680955,0.005059407247119937
2008-12-29,0.0001422334380825099,0.04120632633061275,-0.02140962489331287,0.00033284733118383263,-0.047400512803557865,0.005057371789972367
2008-12-30,0.00014221313741413576,0.04123236377429061,-0.02140837718360183,0.00033291735151088047,-0.04740436369667985,0.0050557974870104406
2008-12-31,0.00014218201027739238,0.04126058211555506,-0.021407209018118042,0.0003331243919376623,-0.04743476032349928,0.00505395869361262
2009-01-05,0.00014210650098294564,0.04128828855903435,-0.02140522511565577,0.0003334490026345746,-0.04743800571049707,0.005051633627217113
2009-01-06,0.00014209363524599934,0.04130973933701291,-0.021403274254278182,0.00033347596877218066,-0.04744470553112828,0.005050525891730501
2009-01-07,0.0001420705884064573,0.04133999948052148,-0.0214016029527298,0.0003337755381059592,-0.04742726103828093,0.005048503428797055
2009-01-08,0.00014207791444578716,0.041369708306802894,-0.02139969762518325,0.0003337363293989898,-0.04744483169184022,0.0050462675091845575
2009-01-09,0.00014207339999092064,0.04139562656868169,-0.02139754757353199,0.00033386284893955546,-0.04740530237636265,0.005044192412160701
2009-01-12,0.00014202582261946955,0.04142144084535649,-0.0213953128563683,0.00033399300690215944,-0.0474304682768759,0.005041997731336479
2009-01-13,0.0001419894259178822,0.04144879974519599,-0.021394229847487702,0.00033412612613764055,-0.047424720588963215,0.00503907129344596
2009-01-14,0.00014191933781585936,0.041481314161096586,-0.021392381535119596,0.0003343140718039043,-0.04743039980338731,0.005037142972617114
2009-01-15,0.00014191216137902633,0.04151737045023647,-0.02139104492857028,0.0003343734046480349,-0.04738448557568102,0.0050347759637242384
2009-01-16,0.0001419015718203221,0.04154514809038438,-0.021389168162560236,0.00033432502731820836,-0.04743889046885896,0.005031564562551843
2009-01-21,0.00014186915074024446,0.04157921379897141,-0.021387485977036515,0.0003344524803634737,-0.0474142859390188,0.005028469631755688
2009-01-22,0.00014188221687091526,0.041607057987874896,-0.021385694127523086,0.0003346574164577674,-0.04740349246218698,0.005025494737836433
2009-01-23,0.0001418649247321773,0.041630511183021926,-0.021384426098559117,0.0003348093468002508,-0.04740371289412848,0.0050238028955071345
2009-01-26,0.00014187319678579766,0.041653229524992556,-0.02138206654361576,0.0003349006105883837,-0.047431247862617126,0.0050205091702175565
2009-01-27,0.00014192709985279652,0.041680149857613896,-0.02138088958914441,0.0003350981145394764,-0.047483511705191384,0.005018130174350749
2009-01-28,0.0001419037691210237,0.04170292621848343,-0.02137890942066403,0.0003352251664849569,-0.04746454263989233,0.005016121733054099
2009-01-29,0.0001419202912533665,0.041727599823419316,-0.02137674277691187,0.000335486093052996,-0.04743726151813407,0.005014097699231227
2009-01-30,0.00014195156702337985,0.04175852137187968,-0.021374845249181568,0.0003356552561216043,-0.04743649021545253,0.0050110595086644
2009-02-02,0.00014192997168593918,0.04178567382847702,-0.02137287738321904,0.0003358009230506709,-0.04742655838823209,0.005007987650667845
2009-02-03,0.00014184263979537498,0.041810480150017856,-0.021371781678634984,0.00033573121480562855,-0.04747149415852012,0.005006365316307925
2009-02-04,0.00014178755146284982,0.04182904289113796,-0.02136995106637214,0.0003360056396478237,-0.0474915396314101,0.005003566833534636
2009-02-05,0.00014172529978028644,0.04185125164517042,-0.021369480722775943,0.0003360425767754736,-0.04751393706509907,0.005000033548034397
2009-02-06,0.00014172822271975202,0.041879921666888205,-0.021367872137647455,0.0003362695703244289,-0.047508658895084224,0.004996898392226898
2009-02-09,0.00014168465017136813,0.041906819441332364,-0.02136693071672462,0.00033659473093460165,-0.047524372387145686,0.004993751930092534
2009-02-10,0.00014170799080609882,0.041926165157093014,-0.021365631823536888,0.0003365769312803158,-0.04747093624914022,0.004991117188360657
2009-02-11,0.00014171963551843657,0.041959173309316485,-0.021363939222617437,0.00033673469596324547,-0.047469499864148806,0.00498825768496382
2009-02-12,0.0001416980275340088,0.04198664005893753,-0.02136282055635535,0.00033690181523562,-0.04752075808678649,0.004985844346515863
2009-02-13,0.00014167477798556665,0.042013096159346335,-0.0213611736249001,0.00033712607035784345,-0.04752866307084519,0.0049819688522810155
2009-02-18,0.00014165923406233538,0.042041865072820775,-0.021358547471085426,0.00033712722706435376,-0.047578161824848,0.004979899863327518
2009-02-19,0.00014163917819761426,0.04207112807412311,-0.021357328519226133,0.000337253894836654,-0.047595914498490335,0.004977390006644404
2009-02-20,0.00014160506861410317,0.04209429993630787,-0.021356192722619557,0.000337470274610354,-0.04757579251154498,0.004974987544897577
2009-02-23,0.00014152275505408774,0.04212859377732783,-0.021354758706299888,0.0003376877189886213,-0.047570802700995354,0.0049725844401802355
2009-02-24,0.00014143795896145393,0.04215413924600722,-0.021353570364155996,0.00033765972544002725,-0.04754129340252326,0.004970325686155225
2009-02-25,0.00014136158563013963,0.04218316796341842,-0.02135139945975189,0.0003377078488157551,-0.04756498810439187,0.004967492119504546
2009-02-26,0.0001413242195405765,0.042212213442963525,-0.0213492078082816,0.0003378783697653824,-0.04759135638477303,0.004964416784082522
2009-02-27,0.00014126457681716353,0.042248030410675305,-0.021347357181494334,0.00033810278112731844,-0.04759842658303008,0.004960654671999638
2009-03-02,0.00014129605490392397,0.04227895016601668,-0.021346427754306074,0.0003383117100752886,-0.04762183650733392,0.004957981149572414
2009-03-03,0.00014126466117705624,0.04230859979425232,-0.02134452746922013,0.00033865260052315366,-0.047654210067378105,0.00495549097554491
2009-03-04,0.00014121390345751944,0.042331267637949456,-0.021343444622352176,0.00033885256995836837,-0.04770626410943045,0.004953757526927689
2009-03-05,0.00014121286228327106,0.04236345022514324,-0.021341746728253418,0.0003389167905939698,-0.04774365687954629,0.004951084668978384
2009-03-06,0.00014116034230860633,0.04239090371126956,-0.02134059823148314,0.00033901625679077775,-0.047751488196648,0.004947846537681451
2009-03-09,0.00014114675581218872,0.04242498284503218,-0.021338968554039304,0.0003389918138087032,-0.04775467596838922,0.004944798069767243
2009-03-10,0.00014114961502927547,0.0424587239434267,-0.021337372224991748,0.0003390856701442792,-0.04774495092611407,0.004942189035035821
2009-03-11,0.0001411510710955667,0.04248278746228409,-0.02133588886161374,0.00033925804362782823,-0.04780682030873264,0.004941047484808959
2009-03-12,0.00014114518003760892,0.042512464879528866,-0.021333650255871094,0.0003392722443110587,-0.047823076514994234,0.004938921816538814
2009-03-13,0.00014112211489654243,0.04254140127911814,-0.021332571857690767,0.0003393034645805162,-0.04785608916183459,0.0049355934876895114
2009-03-16,0.00014108642171567858,0.042570351574302126,-0.021330752595704522,0.0003394391507618677,-0.04788778789805194,0.004933615488414065
2009-03-17,0.00014113986457569308,0.042603130572710604,-0.021328136486086217,0.00033942714269588874,-0.047888668149525304,0.004929761183948211
2009-03-18,0.00014111509464909074,0.0426351754091665,-0.02132693255297731,0.0003395960937225772,-0.04791599545584304,0.004926066247847243
2009-03-19,0.0001410343011922175,0.042663815796653154,-0.021325137559788265,0.0003395453049366774,-0.047926225334590816,0.004922800315052847
2009-03-20,0.00014095209093540262,0.04269358233538601,-0.02132432170929941,0.0003398148503579573,-0.047967512995349515,0.004920015396215144
2009-03-23,0.0001408884393513857,0.042722281071830404,-0.021323252031506822,0.0003398133678515992,-0.04799136284890014,0.004916535937937647
2009-03-24,0.00014085961284302864,0.042753333404161944,-0.021321798388235585,0.00033987515814101093,-0.04801302654451614,0.004914174247766119
2009-03-25,0.00014084626055513262,0.04277732294569613,-0.02132001764669948,0.0003400505709753848,-0.0480187498513102,0.00491141890262117
2009-03-26,0.00014088123898763863,0.04280369907563926,-0.021318223556810508,0.00034018485429083235,-0.04808794011490648,0.004908474916415044
2009-03-27,0.00014077140738028387,0.04283247858311422,-0.021317342281704656,0.00034027087809677996,-0.04814569394366208,0.004905490219424936
2009-03-30,0.00014074102547850673,0.04286096779585698,-0.021316400160843567,0.0003403798332531472,-0.04815162068758333,0.004902934356950713
2009-03-31,0.0001407236479871003,0.042889806064344796,-0.021314918291358925,0.00034055390559737335,-0.04812543270209865,0.004899161099854038
2009-04-01,0.00014066819202291728,0.042919293702598754,-0.021313233753414755,0.00034052680681528587,-0.048115737261189895,0.004895565328525026
2009-04-02,0.00014070976861580743,0.04294866844302639,-0.021310081237459297,0.00034075157705975564,-0.04814096033947797,0.0048937476032696325
2009-04-03,0.00014062434421246853,0.042979521477288625,-0.021308696893225367,0.00034062216988632,-0.048121247627635866,0.004891031160160343
2009-04-06,0.00014055252196843284,0.04301016488398601,-0.02130673444284913,0.000340808935432985,-0.04811825335355851,0.004887903195210452
2009-04-07,0.0001405118914644623,0.04303874648744935,-0.021305090021843578,0.00034093721300110377,-0.04809311532524138,0.004885991632558226
2009-04-08,0.0001405192253641845,0.04306631956116861,-0.021303335738949512,0.00034110556275083695,-0.04810647607911467,0.004883514018600164
2009-04-09,0.00014050381699545885,0.043086970763175234,-0.021301555923267438,0.00034130211805404926,-0.04812434736178982,0.004880298857548954
2009-04-14,0.0001404737685526478,0.0431227938659661,-0.021299954273194945,0.00034149829840216396,-0.0481342090039011,0.0048783106099956515
2009-04-15,0.00014044851561646602,0.04314484420534279,-0.02129855112064481,0.00034174367205449244,-0.048218903111691,0.004874608203723197
2009-04-16,0.00014047847002771836,0.04316976010799375,-0.021297881167749968,0.00034181790559423676,-0.04825675333590145,0.004872246055413347
2009-04-17,0.00014049985328455072,0.043200332936564285,-0.02129755640243246,0.00034190252437643105,-0.0482123618746601,0.0048690869777660625
2009-04-20,0.0001404695871095057,0.043226720252533844,-0.021296231136959543,0.00034202517101522925,-0.04819450683608777,0.004866376278257763
2009-04-21,0.00014041725575478898,0.04325153255525507,-0.021294477324119182,0.00034204163781410493,-0.04822794761068118,0.004863628829009677
2009-04-22,0.00014033266356727343,0.043278116036483856,-0.02129348635976491,0.0003420244023703765,-0.04821428790529584,0.004859970694690332
2009-04-23,0.0001402498389320782,0.0433111593970232,-0.021291982018672304,0.0003421337363058272,-0.04819611287332297,0.0048571392297510115
2009-04-24,0.00014025557778376413,0.04333866815518264,-0.02129007085995757,0.00034237306679904886,-0.04814509322970057,0.00485395956616335
2009-04-27,0.00014018724054837468,0.04336921993608705,-0.021289508616655267,0.00034252310202226847,-0.04820544736295247,0.004851187955992642
2009-04-28,0.00014018620799897223,0.043397885210247344,-0.021288945703016336,0.00034276052701583,-0.0482416607528391,0.004848291874160722
2009-04-29,0.00014014290124261933,0.04342116291310576,-0.021287368912161358,0.0003429145619047745,-0.04825003177794915,0.0048457247549383055
2009-04-30,0.00014007955652952208,0.04344769894626796,-0.02128634016486797,0.00034305252488324363,-0.04827240031207143,0.004842461952478473
2009-05-01,0.0001400128451546744,0.043473543600650665,-0.021285382307405613,0.0003433723607775177,-0.04831639743038943,0.004840510056156731
2009-05-04,0.00013997775931767293,0.04349551403137022,-0.021284344643625292,0.0003433883751293646,-0.0483264316474447,0.004837199555237001
2009-05-05,0.0001399484620050654,0.04352401376904297,-0.02128247258528957,0.00034362710667782954,-0.04835627148366703,0.0048341989135059025
2009-05-06,0.00013988100299255028,0.04355281597480584,-0.021280716596544322,0.0003436794450461944,-0.04836752691500922,0.004832037441440741
2009-05-07,0.00013979672827746546,0.043583145384663076,-0.02127912298337164,0.00034369021381939357,-0.04830295520857998,0.004828919563701312
2009-05-08,0.00013971921017446806,0.043610768946956355,-0.021278633161274242,0.00034366807076411163,-0.04832984406133681,0.004825888553578995
2009-05-11,0.00013963861346561179,0.04363768320777755,-0.02127742738108103,0.0003439172630450119,-0.048383609165283545,0.004823198299638262
2009-05-12,0.00013959703231398405,0.043662786952643445,-0.0212757166144251,0.0003440659966520246,-0.04841254994000101,0.004820284695049678
2009-05-13,0.00013961135715979327,0.04369155748244153,-0.021274762702593594,0.0003442204453725727,-0.048450823834426296,0.004817356439948947
2009-05-14,0.00013955777028816643,0.04371702756652751,-0.02127358398005204,0.00034452384225915013,-0.04848730211913931,0.004814091761081003
2009-05-15,0.0001394873292828099,0.04373929127200312,-0.02127264454660949,0.00034444889488135366,-0.048516349668878675,0.004810604336705491
2009-05-18,0.00013947972758052236,0.04376577248469275,-0.021272231969698806,0.00034467043731792384,-0.04854606780925849,0.004808490491935501
2009-05-19,0.00013937254475400739,0.04379073609667213,-0.021271096077516427,0.00034470264526233164,-0.048557992227582024,0.004805858735248005
2009-05-20,0.00013934087933299393,0.04381816101929441,-0.0212705302817971,0.00034459866811728957,-0.04859655735517603,0.004802041167823507
2009-05-21,0.00013934159218453534,0.0438440608429308,-0.021268612791475138,0.0003447640897553214,-0.04862516228258946,0.004799333172674047
2009-05-22,0.000139294394830801,0.043865562984805345,-0.021266816650825346,0.00034489777994220266,-0.048633016827316744,0.004796812686910318
2009-05-27,0.0001392143946409087,0.04389251593316698,-0.021265370640054293,0.00034494789446231136,-0.048641781697974965,0.00479276447190287
2009-05-28,0.00013914912953756547,0.0439236864752971,-0.02126397280618208,0.00034493361421707733,-0.04863111932343091,0.004788891937431613
2009-05-29,0.00013913989561218645,0.043945238673145745,-0.02126312224647121,0.00034495545069460607,-0.048609996868493405,0.004786243355403878
2009-06-01,0.00013906728459911046,0.043971128162926386,-0.021262064012413286,0.0003450723699630533,-0.048594996929744755,0.004782456849083847
2009-06-02,0.0001390673955134009,0.044003783520575816,-0.02126041477809982,0.0003450494411775853,-0.04864104291877969,0.004778384894621226
2009-06-03,0.000139059445835366,0.04403320406774888,-0.021259394771019003,0.00034522016761949297,-0.04865360935295166,0.0047751561217098375
2009-06-04,0.0001390572016781662,0.0440627948316278,-0.021258497273342194,0.0003452168901806939,-0.048650908330110015,0.004772362736377862
2009-06-05,0.00013907052444914826,0.04408941431157262,-0.021257652424083257,0.00034533620492141275,-0.0486698497682778,0.004768982236456081
2009-06-08,0.00013905577834636906,0.04411707718938894,-0.02125553439969297,0.00034560646912966696,-0.04870325347371061,0.004766861517283449
2009-06-09,0.00013906794186800445,0.04413593703511458,-0.021253847961069477,0.00034567256631025416,-0.04869034927977974,0.004764095805451993
2009-06-10,0.00013906402675169236,0.04415732970898862,-0.02125251840288021,0.0003456836852618406,-0.048720363904906,0.004761007136260882
2009-06-11,0.00013905552505068762,0.044185560316553116,-0.021251466601851916,0.000345971237957797,-0.04874095969590018,0.004757732147517943
2009-06-12,0.00013903908691195954,0.04421359459492397,-0.021249734947429915,0.00034605994034330443,-0.0487613382939895,0.004755554068382038
2009-06-15,0.00013899793631578505,0.044238666400372884,-0.021248646386075102,0.00034620181111761836,-0.04877010815979492,0.004753715883592914
2009-06-16,0.0001389694121911721,0.04427377150184814,-0.021247777431434665,0.0003463608469448405,-0.04877093731221904,0.004751292535301489
2009-06-17,0.00013895467884517847,0.04430289373851154,-0.021247504855221696,0.0003464761431874229,-0.048773399095481354,0.00474838668917629
2009-06-18,0.00013892400291194931,0.0443349279130146,-0.021246544544037734,0.0003466446081896383,-0.048789568518559104,0.004745835280309182
2009-06-19,0.00013885851309353086,0.044364233798044994,-0.02124603740939988,0.0003466206164535648,-0.04881947024138487,0.004743765041209388
2009-06-22,0.00013885579295404478,0.044388493988887015,-0.02124435749465987,0.00034659652966122245,-0.04885339496283647,0.004741395624351798
2009-06-23,0.00013886259386566868,0.04441547628425978,-0.021242782801049458,0.000346774626818904,-0.048848560210383606,0.004740032395524199
2009-06-24,0.00013884178063180272,0.04444429687070755,-0.021241867840576027,0.0003468419081917529,-0.0488909518654867,0.004737575203608164
2009-06-25,0.00013885137868270775,0.0444717488059241,-0.021240410235966768,0.00034692307335435483,-0.04888169156771521,0.004735193076499063
2009-06-26,0.00013887524233806894,0.04449867289263863,-0.02123889070038353,0.00034703700918024735,-0.04887231072889116,0.004732105310063074
2009-06-29,0.00013888061748364193,0.044531929299624434,-0.021237486194915205,0.00034708861092693367,-0.04884922283795258,0.004729967513688205
2009-06-30,0.00013882440449127764,0.04455733056811988,-0.02123608358710916,0.0003472476384274228,-0.04888400046024844,0.004727185542766856
2009-07-01,0.00013876403777425073,0.04459320040254107,-0.021234635671476577,0.00034733180919352,-0.04888583891656647,0.004723885081293536
2009-07-02,0.0001387066514498539,0.04461282285028191,-0.021233658670954746,0.00034734408660346585,-0.048878207634106635,0.004721632396057818
2009-07-07,0.0001386584467212436,0.04463637886118157,-0.021231757398725126,0.0003475233136920017,-0.04889254959485302,0.004718722214988222
2009-07-08,0.00013860196837262254,0.04465942552736215,-0.021230422425023137,0.00034752096218117125,-0.04887446924670211,0.004716694109654517
2009-07-09,0.0001385648466496136,0.04468258337613359,-0.021228906178127532,0.0003476726885525693,-0.04892573108647566,0.004714200368985072
2009-07-10,0.00013852577272553774,0.044710647569152384,-0.021227844503857323,0.00034771089766680226,-0.048926169514254395,0.004712161162088857
2009-07-13,0.00013847934911581365,0.04473144612721026,-0.021226968437295823,0.00034790683098595364,-0.048967457928403055,0.0047096502699258535
2009-07-14,0.0001384768138276325,0.04475801765471204,-0.021226568303733498,0.00034795497326375993,-0.048978634672608955,0.00470711267567863
2009-07-15,0.00013842618174740492,0.044784542068647244,-0.021224580667736425,0.0003481092419584487,-0.049025906678008206,0.004705472558557412
2009-07-16,0.00013834966488333213,0.04480580531292253,-0.021223437382719233,0.00034840382628367685,-0.0490494050704016,0.004702704154728635
2009-07-17,0.0001382802642131211,0.044833375201275755,-0.02122301974365219,0.00034847794132437346,-0.04906618473247491,0.004699878358705481
2009-07-20,0.00013820970608466885,0.044855876237745895,-0.02122179364421123,0.0003484940279866719,-0.049042748162171086,0.004696452930826266
2009-07-21,0.00013818510878001373,0.044884497313984584,-0.02122030480611036,0.00034851761692719776,-0.0490506833169687,0.0046936279131689854
2009-07-22,0.00013812925568631104,0.04490705389376885,-0.021220623234300892,0.0003486124347759344,-0.04909052469926224,0.004691353976398734
2009-07-23,0.00013810636170973804,0.044926104021543636,-0.02121982339328941,0.0003485088254855955,-0.049106819953319725,0.004689431494898447
2009-07-24,0.00013806043960016507,0.04494967686443367,-0.021218726198673488,0.0003487223595333427,-0.04913383799756347,0.004687546844202141
2009-07-27,0.00013802616324289123,0.04497059209108893,-0.021217107331591357,0.00034886941351244566,-0.0491780441675522,0.004685130916368603
2009-07-28,0.0001379964580468879,0.045001588202458094,-0.02121650399345082,0.0003489793512167844,-0.04922701521516029,0.004682324258153549
2009-07-29,0.00013802596393248966,0.045025217302897214,-0.021215449618213617,0.0003489363505546058,-0.049303708547039166,0.00467936185554494
2009-07-30,0.0001379972347093732,0.04504749684034021,-0.02121541531002481,0.0003492528427173064,-0.049352226123677026,0.0046771259814529335
2009-07-31,0.00013796782508895968,0.04507273215053677,-0.021214312052153326,0.0003495449976297497,-0.04937603819367285,0.004675371784852146
2009-08-03,0.00013797525386799757,0.04510122086194978,-0.021212096182740288,0.00034954086315387055,-0.049395644168473724,0.004672918354253355
2009-08-04,0.00013796448733834527,0.04512575916734863,-0.021211352972897102,0.0003495090472660477,-0.04943596056381193,0.004669861605555213
2009-08-05,0.00013789112763931937,0.04514572332290621,-0.021210135811887063,0.00034952477244574396,-0.049387595986753755,0.004665987982665755
2009-08-06,0.00013778714811652097,0.045171431815225836,-0.021208766995233816,0.0003494748690983324,-0.04941417091828988,0.0046623700442650125
2009-08-07,0.00013769377341226708,0.04519542106440646,-0.021208778456271195,0.00034946579544545964,-0.049430650213493466,0.004659148541209337
2009-08-10,0.00013769981453476838,0.045221976848459654,-0.02120828414739229,0.000349521227461174,-0.04942858212440304,0.0046555997975635255
2009-08-11,0.00013769553145657698,0.045240678937490134,-0.021207537165842057,0.0003498132703062746,-0.049484611502223066,0.004653151705499641
2009-08-12,0.00013768790036121207,0.04526123411879361,-0.021206811545468964,0.0003499627227379324,-0.049521737638548446,0.004650849438573967
2009-08-13,0.00013769694410268278,0.04528431785588704,-0.021206077330854358,0.00034997110332643684,-0.04957196894792948,0.004647233908274161
2009-08-14,0.0001376455088596867,0.04530894323168927,-0.021205266506522536,0.0003500810511219058,-0.049651883551099035,0.004643951511215249
2009-08-17,0.00013757463140147484,0.045330299760576995,-0.021204460545575947,0.000350090578665745,-0.04963187743166491,0.004641806257939116
2009-08-18,0.00013759909143293763,0.045351784655681564,-0.021203574587708836,0.0003502134922887882,-0.04970465072201739,0.004639990584127885
2009-08-19,0.00013757105965126644,0.04537359343437126,-0.02120270371283074,0.00035010909732444633,-0.0497194398689412,0.004637205367110863
2009-08-20,0.00013754275093713332,0.045401462776769104,-0.021200985575927773,0.00035011911177618014,-0.049751001901201006,0.004634476040280397
2009-08-21,0.0001374931450084016,0.045423188712981157,-0.021199551376976943,0.0003500173473207441,-0.049777581031378325,0.0046320200063843615
2009-08-24,0.0001375072995018605,0.045448121605329087,-0.021198918514382308,0.0003500676297537036,-0.04983369970408319,0.004629665895736244
2009-08-25,0.00013747639648562188,0.04547574187503328,-0.02119773927966574,0.0003501314730039705,-0.04984854584631686,0.004626801849535443
2009-08-26,0.0001374387588284927,0.045505540053903386,-0.021196788060192796,0.00035014605445252367,-0.04987943068977485,0.004623263343061424
2009-08-27,0.0001374215515055763,0.04552315486802379,-0.021195667439778014,0.0003502463345322924,-0.04987044994606124,0.004620563700599385
2009-08-28,0.00013740850740884066,0.045546375121305216,-0.0211941398143101,0.0003504077479720618,-0.049855247272212334,0.0046167565472314855
2009-08-31,0.00013733681904088923,0.04556345082374093,-0.02119336575012733,0.0003503958908899684,-0.04990646457153514,0.004613216080147035
2009-09-01,0.00013722262148320634,0.04558339600231963,-0.021191822855466984,0.000350404399642724,-0.04995951765179861,0.004609996127225607
2009-09-02,0.00013715293999283184,0.04561415106820577,-0.021190455793341913,0.0003503627366086173,-0.049941629054198064,0.004608074498093779
2009-09-03,0.0001371047921337647,0.045637705732034836,-0.02118817878612225,0.00035047175278417564,-0.04993799205795124,0.00460499806075822
2009-09-04,0.00013702667187942444,0.04566075597085951,-0.021188301982838068,0.00035057847935522743,-0.049957411402235856,0.004603329241489967
2009-09-09,0.0001369296991112181,0.04568996082886218,-0.02118763138821195,0.0003507259137961656,-0.050044022845801894,0.004600310513093261
2009-09-10,0.00013690340662436494,0.04571535205399092,-0.02118724048960232,0.00035083928667545153,-0.05002434524832264,0.004597382062652908
2009-09-11,0.00013685886559255205,0.04574187577756947,-0.021186233990649117,0.0003510757108872703,-0.05005534727452908,0.0045954237942068665
2009-09-14,0.00013676495562285943,0.04576210747350246,-0.021184474191847647,0.0003512153185161745,-0.050035800641693884,0.004593703962420885
2009-09-15,0.00013670399511112667,0.045781893930497475,-0.021183516500220795,0.0003513421892811985,-0.050049165838042094,0.004591030218188752
2009-09-16,0.00013665976097480167,0.04579942218873597,-0.021182731740249674,0.0003516128653060417,-0.05002811297068172,0.004588318111229497
2009-09-17,0.00013667864583483756,0.04581915108152718,-0.021181178507064736,0.00035167187213372056,-0.050012875204877696,0.0045873412016614054
2009-09-18,0.00013659200909766115,0.045843372542931075,-0.021180191366063483,0.0003518072353607072,-0.050054880996349346,0.004584851405966535
2009-09-21,0.00013657519947229963,0.04586594759399085,-0.021178730043320503,0.00035200565227077604,-0.050047684136103276,0.0045820414819545
2009-09-22,0.00013653699598871447,0.04589326922128731,-0.021177532818456354,0.00035215382155620394,-0.0500673554372109,0.004580102631680055
2009-09-23,0.00013649854273474975,0.04590878203328929,-0.02117703924726385,0.0003522307186940488,-0.05011139817192117,0.0045762999305488565
2009-09-24,0.00013642022494821698,0.04592877359012701,-0.021175151795623598,0.00035230094961592826,-0.05013018545347557,0.004573895337545408
2009-09-25,0.00013637634860243705,0.04594590555350239,-0.02117284612630605,0.00035218804678165404,-0.05014792913785154,0.004572227995035232
2009-09-28,0.00013633147264921892,0.04596748982417909,-0.021171806300521148,0.0003521142495856303,-0.05012599888526796,0.0045691669686563924
2009-09-29,0.00013630933695861193,0.0459929614627855,-0.021171090252614946,0.00035222498052069745,-0.05013690329630377,0.004567131060972204
2009-09-30,0.00013628956138508048,0.04601856190480354,-0.0211705204888856,0.00035235186088982323,-0.05013948265004315,0.004564782129361234
2009-10-01,0.0001362779070167504,0.04604252102281775,-0.021169786604832642,0.0003523788655122942,-0.05016925127598694,0.004563213067832731
2009-10-02,0.00013619255406893815,0.04606101291335307,-0.021169257190961584,0.0003526090313206773,-0.050161564569555075,0.004560388651970372
2009-10-05,0.00013613728963852582,0.04609345225405437,-0.02116899190950219,0.00035267668639647195,-0.05021180315368982,0.004557275712850479
2009-10-06,0.00013611641344949362,0.046121036413186295,-0.021166680357131314,0.0003528581552898864,-0.05025424825457911,0.004554770498324969
2009-10-07,0.00013612784440212252,0.046146896024726214,-0.02116666954870893,0.00035297154676669924,-0.050291921768228914,0.004551044534302383
2009-10-08,0.00013609171081071584,0.04617209581629346,-0.021165629985357683,0.00035291610553561653,-0.05028371817434271,0.004548105691117224
2009-10-09,0.00013606193429286476,0.04618747180330128,-0.021164075847931497,0.00035305733191310355,-0.05028883504981373,0.004544663606855518
2009-10-14,0.00013593025923892878,0.04620327181491414,-0.021163243556618895,0.0003532438653509334,-0.05033075776790364,0.004541230526568715
2009-10-15,0.0001359352348138703,0.046224199723136655,-0.021163299751114615,0.000353374543914052,-0.05035762686343273,0.004538958226091035
2009-10-16,0.00013590555892820403,0.046248608660550763,-0.021161883045027016,0.0003536682054254838,-0.05037785879954887,0.004537811409811051
2009-10-19,0.00013592713290517232,0.046270954009691015,-0.021160486582513925,0.0003536461851648749,-0.050411568849746076,0.004534401494461867
2009-10-20,0.0001359005961090596,0.04628532773664466,-0.021159568612113402,0.0003539093625517213,-0.050446108872302234,0.004532666235913361
2009-10-21,0.000135829752879837,0.04630820975284493,-0.021158660850143955,0.0003539638982427954,-0.05052442811708667,0.004530009570921649
2009-10-22,0.00013578156818007037,0.04632868190743364,-0.021158941969022613,0.0003539772723112274,-0.05054482150542415,0.004527105458996162
2009-10-23,0.00013573270793429623,0.046351490599588735,-0.021157163913479514,0.0003542331551309455,-0.05057225176602811,0.004523938455699838
2009-10-26,0.0001356947890353919,0.04637097573977629,-0.021156689924282043,0.0003544338774884167,-0.05052811276301042,0.004520980387696079
2009-10-27,0.00013566099442929494,0.0463893347210757,-0.021156517118703907,0.0003544789662606807,-0.05052199703991332,0.004518328154818005
2009-10-28,0.00013558270353313383,0.04640503959642855,-0.021156071964852013,0.00035457177479924606,-0.050553783268928454,0.00451419546696947
2009-10-29,0.000135476695327583,0.046427717351652104,-0.02115471449581866,0.0003544280701437164,-0.050574490447039065,0.004512312913921715
2009-10-30,0.0001354358759049637,0.04645211316834995,-0.021153966237194597,0.00035456085813273536,-0.05058280574105485,0.004510305537010353
2009-11-02,0.00013538092698290523,0.04647548147354649,-0.021153760931423585,0.000354796467589789,-0.050640556600043754,0.004509118350646907
2009-11-03,0.00013542641520300583,0.04649943857141898,-0.021153934278589626,0.0003549130470053977,-0.05065826233004743,0.004506851497227971
2009-11-04,0.00013540883919384018,0.04651857371276928,-0.021154215547001747,0.00035494529454854876,-0.050680914417634434,0.00450480376301942
2009-11-05,0.0001354017131640229,0.04653812869861709,-0.02115340880876433,0.0003549093739692948,-0.05068803839967345,0.004503194574112577
2009-11-06,0.00013531179455980813,0.04656237006411816,-0.021151687770233487,0.0003549746822501849,-0.050694811393253436,0.004500980924695975
2009-11-09,0.00013524066379278762,0.04658001799517231,-0.021151822878142733,0.0003550739946818768,-0.050742049691323426,0.004498119189077848
2009-11-10,0.0001351724083742821,0.04659338823699621,-0.02115130019668657,0.00035509330196295405,-0.05078989573601259,0.0044954953321213196
2009-11-13,0.00013513308084092733,0.04661214066326004,-0.021149863445667202,0.0003552382118363624,-0.0508116920420278,0.004493244681658776
2009-11-16,0.00013510602489465485,0.046623511867010414,-0.021149662625311098,0.0003552206836010601,-0.05081613493714496,0.004491112279518006
2009-11-17,0.00013500839484865246,0.04664222542380893,-0.02114953135765104,0.0003552034457671578,-0.050876822382422617,0.004489867598299542
2009-11-18,0.00013498898457860054,0.04665885215594882,-0.021149882849587756,0.0003553893730155963,-0.05087055459622587,0.0044883056110211796
2009-11-19,0.0001349425336723212,0.046686717750461494,-0.021149140345501607,0.00035560729943741407,-0.05084558658351063,0.004486266145037355
2009-11-20,0.00013495647309035358,0.04670556644425192,-0.021148816973091917,0.0003557498306859643,-0.05089842115909664,0.0044834776182173875
2009-11-23,0.00013487845228368599,0.04672288486681607,-0.02114919533211683,0.0003557988453118318,-0.05086516644837804,0.004482717976490454
2009-11-24,0.00013485838206788646,0.04673886256915791,-0.02114868236708951,0.00035589693315684565,-0.050949080119525564,0.004480976760721352
2009-11-25,0.00013482876916108097,0.046757922425988335,-0.021148099937793655,0.0003559375799119212,-0.05094930929123904,0.004480171214396928
2009-11-30,0.0001347703328108426,0.04678261652367506,-0.021146636719997943,0.00035604895317082,-0.0509805591279256,0.004479041680844442
2009-12-01,0.0001347666890940513,0.0467996048490192,-0.02114542349092188,0.0003561971859504431,-0.050991761237856655,0.00447767046330005
2009-12-02,0.00013471015444771646,0.046818664414480377,-0.021144598294450066,0.00035623183790841565,-0.051035685668313964,0.0044738771530079945
2009-12-03,0.00013465488266038408,0.046839543595603904,-0.021144042687700995,0.0003562598136239159,-0.051051800672304706,0.00447167248661166
2009-12-04,0.00013464791876915752,0.04685842309188119,-0.021143330349376994,0.0003564564230700037,-0.05108348537923287,0.004468711155716585
2009-12-07,0.00013461336207204222,0.04687952921474518,-0.0211421676597764,0.0003566578423838477,-0.05108552164874451,0.004467136857483452
2009-12-08,0.00013452983453918264,0.0468974063461379,-0.02114160552057575,0.0003567586594808045,-0.05111216714433465,0.0044651594728486645
2009-12-09,0.00013448883723836467,0.046914745980845635,-0.021140957647049798,0.0003567932993849541,-0.05119730397681718,0.004462900431260111
2009-12-10,0.00013447741188184697,0.04693309214402302,-0.021140250768096686,0.00035683803590692387,-0.051301530466424605,0.004461872713945168
2009-12-11,0.00013450369166493863,0.046950929828910366,-0.021138945046510926,0.00035667105622980594,-0.05131007941831358,0.004459608336796428
2009-12-14,0.00013451395232834124,0.04697418858671807,-0.021137578232081105,0.00035692486350499136,-0.05129666755057526,0.004458063143452944
2009-12-15,0.000134438505102607,0.04698647058255796,-0.021136724094940572,0.0003571686296193426,-0.05132981790201873,0.004456189162108298
2009-12-16,0.00013441506875303653,0.04700429587923128,-0.021135837448911482,0.0003572156575795427,-0.05132240402934923,0.004452853496998866
2009-12-17,0.0001344102185746633,0.04702725095334474,-0.021134812052451452,0.0003572792794827277,-0.05132776050361555,0.00445223208963227
2009-12-18,0.00013435257298469673,0.04705326870545744,-0.021134372954957285,0.0003573463836357643,-0.051347960274622274,0.004449840385821248
2009-12-21,0.0001343204175449456,0.04707378075686065,-0.021133765580517546,0.00035741443618272873,-0.05140967042155465,0.004447629246893593
2009-12-22,0.00013430251143835888,0.047095577855540666,-0.021133968178573524,0.00035742930121532404,-0.051461218331125456,0.004444809513112736
2009-12-23,0.0001342470815555475,0.04711722156770081,-0.021133332193790176,0.0003575062418634139,-0.05148868218719532,0.004443433718378165
2009-12-24,0.00013416323798599685,0.047133386313599396,-0.021132384437156652,0.0003575036610399561,-0.05152154091062152,0.0044413095138111655
2009-12-29,0.00013411276925058766,0.04715189447469487,-0.021131764972259475,0.00035756025714234267,-0.05154863938810364,0.004440311493802545
2009-12-30,0.00013400977140527192,0.04716556926601961,-0.02113113348656019,0.0003576022433773,-0.05161819355920755,0.004438271819143276
2009-12-31,0.00013403490785821685,0.04718302065079186,-0.02113105882466916,0.0003578078144408236,-0.051646358117191066,0.004436839201408358
2010-01-05,0.00013397814350429415,0.047194229428173,-0.02113093387781518,0.00035822305757790063,-0.051630855776893886,0.004435208280377561
2010-01-06,0.00013392722582413654,0.04721872523538233,-0.021130479295409007,0.0003581476664389255,-0.05166146250217791,0.004433030712497754
2010-01-07,0.00013394187640629869,0.04723682789130785,-0.021129573117792583,0.00035815135966374586,-0.051680097725993024,0.004431487146947697
2010-01-08,0.0001339543410732443,0.04725593466537564,-0.021129508178259593,0.00035817366453151373,-0.05166229834316914,0.004429854122800119
2010-01-11,0.0001339696018773467,0.04727613548968407,-0.021128682246276845,0.00035852592663297863,-0.051691571984007784,0.004427904033005314
2010-01-12,0.00013388038913494135,0.047297401904842204,-0.02112801698134361,0.00035869290015929484,-0.051699990725477,0.0044264502102448824
2010-01-13,0.00013386293600754938,0.047318713542932905,-0.02112597794661255,0.0003587261395283128,-0.05170895155760723,0.0044242343854642005
2010-01-14,0.0001338606413423149,0.04733511851886266,-0.021126551888622693,0.00035882843195022445,-0.05167413746345852,0.004423021126567923
2010-01-15,0.00013387204713986674,0.04735076627895381,-0.0211256956485587,0.0003588049098875379,-0.0516489226627119,0.004421498723225991
2010-01-20,0.00013379002042805912,0.047371365256147636,-0.021124495519885274,0.00035903684326061327,-0.05167519781582519,0.004419665115814994
2010-01-21,0.0001337810992486637,0.047389120993687917,-0.02112409743383698,0.00035911093411454157,-0.051719793140155845,0.004417687629264069
2010-01-22,0.00013375977192550667,0.04741125815178462,-0.02112364511568066,0.0003591477898525428,-0.051714566857332445,0.004417479518120354
2010-01-25,0.000133766056410479,0.04743473950460772,-0.021123342325612762,0.0003590545442443209,-0.0517356636767219,0.004415613221439043
2010-01-26,0.0001337470225259336,0.04745300149337213,-0.021124446082824988,0.0003591002837244072,-0.051785246186851985,0.004414095881067161
2010-01-27,0.00013378589151970282,0.0474671404166926,-0.02112400646474162,0.00035943133844084686,-0.051812310052371434,0.004410576640591916
2010-01-28,0.00013374038324201186,0.047483754138412514,-0.02112364744553213,0.0003596620112992132,-0.051839964157585426,0.004409123320954172
2010-01-29,0.0001336629613310449,0.04749477963262075,-0.02112315398012163,0.0003596025347998341,-0.05181133162895675,0.0044076856734153085
2010-02-01,0.00013364235181326367,0.04751306392277477,-0.02112139062464973,0.0003598189562856912,-0.05187159499611191,0.004406226328198265
2010-02-02,0.00013355499868080106,0.04753601689443136,-0.021121414885228354,0.00035996868449445375,-0.051832292514955344,0.004403905895838922
2010-02-03,0.00013361921716948882,0.0475545001442963,-0.021120598990947183,0.00036013155229702373,-0.051881004523089386,0.004401297544980623
2010-02-04,0.0001336333465619722,0.04756467174348836,-0.021120406108100804,0.0003601562434651529,-0.051887418471148125,0.004399833558097623
2010-02-05,0.0001335884253361598,0.04758331298094292,-0.021120377928396047,0.0003602063540961101,-0.051916940581980854,0.00439804400418568
2010-02-08,0.00013353661033990775,0.047593658529602234,-0.02112057739227855,0.0003604147848748643,-0.05191921512241014,0.004396187018820025
2010-02-09,0.00013354817486439823,0.04760683878390777,-0.02112080090599794,0.00036052175727123914,-0.051940169977652884,0.004395948156351321
2010-02-10,0.00013357044138847992,0.04762279657516286,-0.02112083146139377,0.0003608712786561365,-0.05193859177367677,0.004394932474592835
2010-02-11,0.00013356011705746153,0.04763531250932125,-0.021120280374382037,0.0003609398758298269,-0.051954423291417126,0.004392294284850416
2010-02-12,0.00013351197409982126,0.04765644307130862,-0.02112009413078474,0.00036107614051316664,-0.05194045860793406,0.004390014950495589
2010-02-17,0.00013351566411593327,0.04767709467037359,-0.021119339217191127,0.0003613340893304137,-0.05198718116925117,0.004388322269370628
2010-02-18,0.00013360170403867988,0.047698325542743586,-0.02111863190064086,0.00036143517983711293,-0.051990216762137165,0.004387544355075625
2010-02-19,0.0001336244788289095,0.047724670049145476,-0.021118719962352473,0.00036132575032064016,-0.05197807708849306,0.004385958695412424
2010-02-22,0.00013358631694170093,0.04774315783551661,-0.021117379964325483,0.0003612436046755089,-0.05195547165952391,0.004383471609600109
2010-02-23,0.00013350297503167188,0.04775589541114392,-0.021116505846014818,0.00036131467097710396,-0.05202593568740698,0.0043818435362775595
2010-02-24,0.00013347368040382017,0.04776813744729036,-0.02111617503753124,0.00036145822578838104,-0.052011356825667786,0.00438045756817732
2010-02-25,0.0001335009767868596,0.047795908954887376,-0.021115904985286014,0.0003615304823939059,-0.05205830629297549,0.00437793680731241
2010-02-26,0.00013347840012443573,0.04781237806455007,-0.021115608474308895,0.00036187323965994865,-0.05204340387618828,0.004375619018330455
2010-03-01,0.00013348363490009704,0.04782771570530916,-0.021115965999249815,0.00036206098284372376,-0.052022232899953016,0.004373556089178218
2010-03-02,0.0001334629635530333,0.047849671532362456,-0.02111497469812368,0.00036208403466148433,-0.05203082794642282,0.004370838243655895
2010-03-03,0.00013338640124024607,0.04786456353869391,-0.02111526082425592,0.0003622767219721273,-0.052032675128485195,0.004367129092375459
2010-03-04,0.00013328444251601933,0.0478840389754481,-0.02111535998245718,0.00036247550229907746,-0.0520522248267337,0.00436469101297641
2010-03-05,0.000133220506260848,0.047902738720922836,-0.021115974768485077,0.000362588306198853,-0.052107744756693046,0.004363781690839555
2010-03-08,0.0001332488097230489,0.04792095067063856,-0.021116028738717048,0.00036255679716120585,-0.052131871953345656,0.0043619615072861785
2010-03-09,0.0001331505349058867,0.047944283026315294,-0.021116846855382242,0.0003625886017823343,-0.052168650610885256,0.004360305481417256
2010-03-10,0.00013309941519865754,0.04796046641816688,-0.021115589931006214,0.00036281433883809906,-0.0522446351409311,0.00435833906807733
2010-03-11,0.00013302609734088,0.04798272425620355,-0.021115904644627894,0.0003629716559788978,-0.05226623536907367,0.004355485127520401
2010-03-12,0.0001330424877401612,0.04799776992687835,-0.02111484826743174,0.00036298576946698126,-0.052302349124709165,0.004354125594269468
2010-03-15,0.00013300310424155178,0.04801516641665109,-0.021114813446447,0.0003630342076560202,-0.05232097756891,0.004351469065073515
2010-03-16,0.00013300730751379723,0.04802579625091903,-0.02111390210460642,0.0003631739463227172,-0.05236207685771271,0.004349664039337903
2010-03-17,0.00013302254959751347,0.04804576069352762,-0.021112319678174406,0.0003632954601797616,-0.05237820536341117,0.004347609925022523
2010-03-18,0.00013297455730165134,0.048064749322351996,-0.02111148160869557,0.0003634316817667993,-0.05238988109357777,0.004346924892942049
2010-03-19,0.00013300158158777858,0.04809036852740886,-0.02111151637868529,0.00036363586630619617,-0.0524197253533,0.004345705644434246
2010-03-22,0.00013297212448528574,0.04810536438259481,-0.02111138076413713,0.0003638051122351182,-0.05247090300500605,0.004346198456406023
2010-03-23,0.00013296085501571884,0.048117239937926805,-0.021111202644386304,0.0003637700599565287,-0.05248275179615803,0.004343927381680142
2010-03-24,0.0001328878774848182,0.04813416779497848,-0.02111058449986072,0.00036390127943153073,-0.05252782517562134,0.0043415230038390835
2010-03-25,0.00013286956165036473,0.04815758638578942,-0.021110480381572583,0.00036387492567918465,-0.05252294930341323,0.004339835435806803
2010-03-26,0.00013282091926911725,0.048174889459093845,-0.02111058242629117,0.0003641390110411968,-0.05247230250158276,0.0043387309176861144
2010-03-29,0.00013281296582239133,0.04819024736439495,-0.02110973353016404,0.0003643006042541779,-0.05251780153945941,0.0043375201101956435
2010-03-30,0.00013280598610453028,0.048206148330035344,-0.0211102992864306,0.0003645112571851216,-0.05249738583767169,0.004335685271619228
2010-03-31,0.00013274032286261108,0.04822006316861634,-0.021109458238021177,0.0003644981698866613,-0.05248331047775591,0.004335145139478683
2010-04-01,0.00013275964766561976,0.04823813454967458,-0.021109142555534633,0.0003646123406260245,-0.05253367419650311,0.004333083011244313
2010-04-06,0.00013272170235696768,0.048253394519854956,-0.021109999376235818,0.00036484535101014324,-0.05256296860647701,0.004331111314717791
2010-04-07,0.00013271636703163486,0.04827484316828866,-0.021110238813432994,0.0003648047458194353,-0.05261855468212124,0.0043295668379686614
2010-04-08,0.00013271278090658245,0.04829197485133419,-0.021108968443325427,0.0003649195868017238,-0.05266387146063966,0.004326976515419095
2010-04-09,0.00013268480643671018,0.04830729651032696,-0.021108556356134647,0.000365215148887583,-0.05271752745709559,0.004325424081911789
2010-04-12,0.00013263460717723283,0.048329628444653015,-0.021108408254456635,0.000365443625402969,-0.05272903614898522,0.004323165607906609
2010-04-13,0.0001326016699938431,0.04834533577512949,-0.021107986545775174,0.00036554702405306084,-0.05276617935087888,0.00432065332882235
2010-04-14,0.00013262990053125863,0.048364026832558735,-0.021107716778993486,0.00036574023052361157,-0.05273355112202244,0.004318586600170169
2010-04-15,0.00013258824351168868,0.048375795479391276,-0.021106849308298193,0.0003658113060305101,-0.05277186380968875,0.0043167142230106335
2010-04-16,0.00013258108732450448,0.048391703815572604,-0.021106175658571376,0.00036581805830243814,-0.052853979043500796,0.0043149774407575435
2010-04-19,0.00013259745919396156,0.04841463138609828,-0.021104997551410366,0.00036626000164845034,-0.052933998431076226,0.004312851900011317
2010-04-20,0.000132553860415863,0.04843242500139138,-0.02110492817838007,0.0003664519531551072,-0.05296252629316631,0.00431149513197065
2010-04-21,0.00013252213433266572,0.04844804525239624,-0.021104384899426426,0.0003667389436499369,-0.05299583271857441,0.004310380959676152
2010-04-22,0.00013256152405627326,0.048467528693064546,-0.021103522276602782,0.00036698576889862235,-0.05299599513072169,0.004308717959581254
2010-04-23,0.00013257015138601282,0.04848443649574963,-0.0211032621615431,0.0003672135187774299,-0.052984539261739606,0.004307604814079392
2010-04-26,0.00013255972902372255,0.048505311980568816,-0.021103486770699655,0.0003674420812490991,-0.052955743800989906,0.004305180477686934
2010-04-27,0.00013256400902722436,0.048518553486410675,-0.02110324242859807,0.00036742977556116884,-0.0529700162614003,0.004303405648030509
2010-04-28,0.00013254149388052991,0.04853445375500858,-0.021103667956607296,0.0003674376047131776,-0.05295601579790485,0.004301484833147855
2010-04-29,0.00013253798506401848,0.04855372426472035,-0.02110250343998433,0.000367468608685009,-0.05296475066942742,0.004299527124651231
2010-04-30,0.00013256075913347517,0.048567738193876,-0.021102126931214448,0.00036762393708602236,-0.052970824307660855,0.004297943967776504
2010-05-03,0.0001325028639898025,0.04859001918115746,-0.021101096787293834,0.0003677070917047687,-0.053037362741915395,0.004295939200905629
2010-05-04,0.00013247525067261706,0.04860785587649907,-0.021101125692747462,0.00036778260521068326,-0.05304984805091617,0.004293159387741987
2010-05-05,0.00013250318426347057,0.048630525066294436,-0.021100582307241364,0.00036788602038634663,-0.05306714394317178,0.004291658243549919
2010-05-06,0.00013253188803447256,0.048644459558163454,-0.021100237065630262,0.0003680103398259247,-0.05305213639439811,0.004290078881556714
2010-05-07,0.00013253050929481135,0.048654285630382155,-0.021100480643770587,0.00036812344257076756,-0.05308743863866416,0.004289058448358912
2010-05-10,0.0001325276360171741,0.04866951504293808,-0.02110019894465308,0.0003682491930570766,-0.053058174813691475,0.004288261228739235
2010-05-11,0.00013251555970502095,0.048686931346427285,-0.021100317941769454,0.00036836836743465485,-0.053047523108908805,0.004287064133731566
2010-05-12,0.0001325023280014177,0.04870032115496198,-0.021101225689680064,0.00036846769538767565,-0.05313817962946629,0.004285398286878239
2010-05-13,0.00013248769106976636,0.04871254411141679,-0.02110102623618768,0.00036850948624316584,-0.0531588005080125,0.004284947307373333
2010-05-14,0.00013249937443968123,0.048727804094542415,-0.021100437212564695,0.00036855514918911214,-0.05318198164181682,0.004283220113423367
2010-05-17,0.00013247182297996852,0.04874351375336337,-0.02110109918561197,0.0003686597384786101,-0.05314728774154648,0.0042818937981714805
2010-05-18,0.0001325189544566539,0.04875916816431365,-0.02110095923810263,0.0003688243038376633,-0.05315149110051677,0.004280384208746687
2010-05-19,0.00013255212822839053,0.04877160094965584,-0.02110181190766772,0.00036901804029134874,-0.053146576627740354,0.004279481981433467
2010-05-20,0.00013252490570973263,0.048791508817263296,-0.02110217899621105,0.0003691690981719761,-0.05314750828677994,0.004276826024989513
2010-05-21,0.00013251429917582173,0.048806965956638707,-0.021101750006218705,0.0003692964875268328,-0.053173710510788647,0.004275662856022001
2010-05-24,0.00013252322849424057,0.04882717606104786,-0.02110205363868338,0.0003692878577609872,-0.05317839088283252,0.004274371366702884
2010-05-25,0.00013251520717144335,0.048851991746275664,-0.021101669879804143,0.00036947158133478165,-0.05317302594747192,0.004273232779187903
2010-05-26,0.0001324956276636804,0.04886682441211442,-0.0211015945276544,0.0003695805462355925,-0.053207319215885576,0.004272161484564622
2010-05-27,0.00013251266191295857,0.04888337326407181,-0.02110106870663098,0.0003697170054616782,-0.053255388882596996,0.0042714094937005365
2010-05-28,0.00013249269176869713,0.04889730719879351,-0.021101022254647703,0.00036986005215571693,-0.05326778729326302,0.004270986605505509
2010-06-02,0.00013253484668576551,0.04891521489466644,-0.021101954852387493,0.00036993598346559596,-0.05327554910070107,0.00427046186865061
2010-06-03,0.00013259631862357375,0.04892533424879672,-0.02110156889216951,0.0003702375107741724,-0.05329176877173268,0.004269012633768072
2010-06-04,0.00013259483904149214,0.04894018705505129,-0.02110129969025267,0.0003702920120277617,-0.05336465500879123,0.004266995650951166
2010-06-07,0.00013263193635460857,0.048950293716808216,-0.021101569658864804,0.00037029066668949696,-0.05339614363107664,0.004266265719198349
2010-06-08,0.00013268599180350454,0.04896928824918561,-0.021101407825430702,0.0003705759798260421,-0.053407024748745695,0.004265598551175906
2010-06-09,0.000132728163479195,0.04898375769423481,-0.02110244069802346,0.000370748823206059,-0.053408664581140755,0.0042644542880993135
2010-06-10,0.00013267514024598893,0.04899645213987992,-0.02110281608573953,0.0003707429258244852,-0.05336679498287744,0.0042635500196772595
2010-06-11,0.00013270982539102154,0.04900978509879275,-0.02110275639441919,0.00037110527427929035,-0.05335485499076334,0.004262834595819722
2010-06-14,0.0001326728057626176,0.04902385681337108,-0.02110311381354669,0.00037146476527526005,-0.053332090224084854,0.004261678103318706
2010-06-15,0.00013264361769131636,0.04903569224310596,-0.02110270919561521,0.0003717068653309474,-0.0533166554122455,0.004262021141148193
2010-06-16,0.00013259446565008025,0.049042241753633406,-0.021102889146403757,0.00037175364600471397,-0.05331364973448065,0.004261135614360531
2010-06-17,0.00013255477091039718,0.04905492639373178,-0.021103291638566158,0.0003721616054212676,-0.0532953684066752,0.00426015771245703
2010-06-18,0.0001326083708600274,0.049062480755451325,-0.02110364832446357,0.00037226625873269066,-0.05329713538946031,0.004258420102278385
2010-06-21,0.0001326016788945314,0.04907552067486076,-0.021104007005945172,0.00037248904527413827,-0.053322313582171044,0.004257052274407099
2010-06-22,0.00013257786117598004,0.04908433632143758,-0.021104502399550213,0.00037269903835546766,-0.05329622769280293,0.0042563957015966615
2010-06-23,0.00013258446686849478,0.049094731106152235,-0.021104780053005708,0.0003728040911069388,-0.05331242606450351,0.004255754203699384
2010-06-24,0.00013255262372323894,0.049104717507524806,-0.021105377762569752,0.0003730340102257825,-0.053345466398054486,0.004254752388645486
2010-06-25,0.00013251243696454698,0.049110477991200656,-0.021105888389852154,0.00037336335469904686,-0.05332374102786744,0.0042543010168058495
2010-06-28,0.00013257473614268435,0.04912091102330648,-0.021106015654179296,0.0003732734105482957,-0.05335755524837562,0.004253537009067016
2010-06-29,0.00013262804159792875,0.04912761447305097,-0.021106821621031314,0.00037337838446762305,-0.0533599741693289,0.004253149831932039
2010-06-30,0.00013270013610879904,0.04913972505749937,-0.021106389209608882,0.0003735628945374029,-0.053388096113717635,0.004251717560316372
2010-07-01,0.00013271667858217982,0.049150742220565896,-0.021106721161380997,0.00037353795410744535,-0.05339165096445132,0.0042519169568311374
2010-07-02,0.00013274172595941327,0.049168463817237766,-0.02110569375158689,0.0003737263761511601,-0.053493890517951295,0.0042508600562078105
2010-07-07,0.00013273627059954448,0.04917986543115979,-0.02110569040770039,0.00037387649206311246,-0.0535315581048872,0.004249500834027799
2010-07-08,0.00013269308140828978,0.04919523812489287,-0.021105242131254677,0.00037375003035311564,-0.05350935001411993,0.00424792694049384
2010-07-09,0.00013263850293098988,0.04920452750236673,-0.021105769027981416,0.0003739333194228667,-0.05353762731638141,0.004246463412070036
2010-07-12,0.00013263128621017128,0.04922383832575719,-0.021106102790614353,0.00037411829174800173,-0.053579079300927486,0.004247262207840205
2010-07-13,0.00013253549198416308,0.04923741928030101,-0.021106957419166794,0.0003742397915581945,-0.05364185998469394,0.0042452327351310045
2010-07-14,0.00013260233836593193,0.0492474150230251,-0.021107356459455242,0.0003745674739843938,-0.053707653747713156,0.004243497143360966
2010-07-15,0.000132595643822422,0.04925857916511554,-0.02110702728831715,0.0003746446626593141,-0.05377058927822055,0.004241388794922311
2010-07-16,0.00013263844834534297,0.04926698196335445,-0.021107843269637667,0.00037479111426478754,-0.053779282586193564,0.004239492449763727
2010-07-19,0.0001325632795682046,0.04927867394027927,-0.021108420796571218,0.0003748522352004388,-0.05383890184468205,0.004238369803440908
2010-07-20,0.00013267101190783144,0.04929304567978541,-0.021108362237651883,0.0003750272808127706,-0.053859501406946966,0.004236685953459766
2010-07-21,0.000132656984140385,0.04930714257269264,-0.021108851151149844,0.0003751799640193584,-0.05390643971956133,0.004236138059346674
2010-07-22,0.00013263798604771956,0.04931930153409563,-0.021108922199967992,0.00037544244282873654,-0.0539054974554891,0.004236029437646282
2010-07-23,0.00013255516010686686,0.04933191144078384,-0.021109349207493813,0.00037574995565263817,-0.05389045876127273,0.00423455811520882
2010-07-26,0.00013254769809467753,0.049345575776053474,-0.02110908883459331,0.00037586230946053475,-0.053936446171249694,0.004234433797527675
2010-07-27,0.00013253280325830076,0.049352891228466755,-0.021109644790962796,0.0003759982655768543,-0.0539492833789737,0.004233528988913998
2010-07-28,0.00013250346448225468,0.04936772270580253,-0.02111034951080408,0.0003761220974883805,-0.05393756344604378,0.004232998606557141
2010-07-29,0.00013251931963587484,0.04937670838139079,-0.02111030955017264,0.0003764278425777957,-0.053961703945235924,0.004232242570415335
2010-07-30,0.00013248036001533987,0.04938923794505591,-0.021110068960166373,0.0003764017945148023,-0.053987034621840645,0.0042324504644438085
2010-08-02,0.00013248856603124767,0.04939999041997451,-0.021110609003646752,0.00037652795483559436,-0.05402963514051517,0.004231086761580486
2010-08-03,0.00013248096722454986,0.0494142633897678,-0.02111039055124665,0.0003765301751430409,-0.05404788799077735,0.004230371257465446
2010-08-04,0.00013241332536898884,0.0494196236002661,-0.02111008083707453,0.000376595992844751,-0.05401971559596985,0.0042284927191474616
2010-08-05,0.00013245145652503556,0.04942232492957338,-0.02110928952594628,0.00037676180769392274,-0.05405149479120849,0.004228234977049767
2010-08-06,0.0001324107285352051,0.04944170574578251,-0.021108813909029422,0.0003769508490956996,-0.05407355995340064,0.004227029098146519
2010-08-09,0.0001323866501965261,0.04945314565307768,-0.021109059422245394,0.000377284716087523,-0.05416425464691551,0.004226784466632158
2010-08-10,0.00013235658798029093,0.049463351664560076,-0.02110782195990274,0.000377335801541257,-0.05417587465052788,0.004226284512967427
2010-08-11,0.0001322112413878916,0.04947481355464207,-0.021108287649585715,0.00037742378028589633,-0.05419524354326312,0.004225892663326883
2010-08-12,0.00013224689128843832,0.049483823830007004,-0.021107390332813523,0.0003773958858089333,-0.05419847796881323,0.004223798333302871
2010-08-13,0.00013219349164634176,0.04949200108485176,-0.021107263027596794,0.00037739837615023046,-0.05418653233948606,0.004223144615138992
2010-08-16,0.00013225238986638543,0.04950293353428059,-0.02110720790873318,0.00037751633215301494,-0.054224222340132404,0.004222117989828026
2010-08-17,0.00013221381599577443,0.049518598482248516,-0.021106953271327954,0.00037754799445188694,-0.0542769731994822,0.004220950414409081
2010-08-18,0.0001322326737901157,0.04953738443843328,-0.02110674413842605,0.0003774294085955596,-0.05431650104318855,0.004220099921652138
2010-08-19,0.0001322250081136402,0.049544467862020304,-0.021106204908656674,0.0003775790404211185,-0.054323977042189324,0.0042187318186205115
2010-08-20,0.0001322346607396952,0.04955344736317207,-0.02110616048000186,0.0003775012541141294,-0.054331341420004106,0.004217717766458834
2010-08-23,0.00013217028467579978,0.049566496567552444,-0.02110584848259401,0.0003776794844564423,-0.054381942366728345,0.004217405252388429
2010-08-24,0.00013217579375756556,0.04957845931781188,-0.02110540432615727,0.0003776655522616132,-0.05443806227795709,0.0042155840465075475
2010-08-25,0.00013220001594113433,0.049591083310777564,-0.021105647778358213,0.0003778565233167404,-0.05444714150710556,0.004215077056728676
2010-08-26,0.0001321195247192007,0.04961086523214315,-0.02110553747571577,0.00037781230117361447,-0.05441649246018331,0.0042140566388652444
2010-08-27,0.00013209168468845145,0.04961976870954704,-0.021105575054952887,0.00037796589449740525,-0.05443772501155934,0.004213152393673668
2010-08-30,0.00013208073355965255,0.04963176530222686,-0.021105885248350335,0.00037822090817363294,-0.05441117010587665,0.0042124667345066645
2010-08-31,0.00013205068922344723,0.04964077457001789,-0.021106478302995342,0.0003781611130098672,-0.05444324358581426,0.004211701457499158
2010-09-01,0.00013206290820538854,0.04965190940884677,-0.021107496482436518,0.0003781156360363247,-0.05446837229432311,0.004210818184375908
2010-09-02,0.00013194747420216502,0.04966937162764794,-0.02110628731573373,0.0003782035753072757,-0.05446764828030998,0.004209971767160503
2010-09-03,0.00013197813919462194,0.04968142849853936,-0.02110585318398369,0.0003783807854186415,-0.05448720408407405,0.004209032192621821
2010-09-08,0.0001320025967789249,0.0496939335447216,-0.021106207311169183,0.0003784636698143563,-0.05450156976053915,0.004207048106404702
2010-09-09,0.00013189495858902778,0.049714365213324244,-0.02110716252631995,0.00037838886638078846,-0.054514792432574184,0.00420712582128466
2010-09-10,0.00013184843528938635,0.04972757558372471,-0.02110757680070802,0.0003784565811993055,-0.054510771644258896,0.004206705836837693
2010-09-13,0.00013186131758910504,0.04974476105375323,-0.021107268743857925,0.00037861328482110477,-0.054518596311986904,0.004205532981794714
2010-09-14,0.00013173407493534466,0.049757892007024976,-0.02110830553478326,0.00037880109948991295,-0.05452842423427661,0.004204774641531781
2010-09-15,0.000131674551690567,0.049757561153345856,-0.0211080199501813,0.0003789677115861995,-0.05453711652288087,0.004202863953047512
2010-09-16,0.0001315957131696488,0.04976614151790636,-0.021108187699240645,0.0003790909256936142,-0.05460066194385576,0.00420274059645504
2010-09-17,0.00013159963562833722,0.04977857174117581,-0.021108067773893173,0.0003790396535683603,-0.054643387444934945,0.004202086982914605
2010-09-20,0.0001316168857866122,0.04978912896281723,-0.021108506678503905,0.0003792407616463296,-0.05470156380950131,0.004201204193072324
2010-09-21,0.00013163762094011618,0.04979545110212502,-0.02110942703870562,0.0003793045785787571,-0.05473363941425691,0.004200472900772614
2010-09-22,0.00013158421880370017,0.049808029971741705,-0.021109229624231122,0.00037921580758989906,-0.05475474384204958,0.004200211793096046
2010-09-23,0.00013156272470359067,0.04982319731450213,-0.021108525384074456,0.00037921313177762277,-0.054744444690408275,0.004200035306935405
2010-09-24,0.00013155164374978055,0.049836657071381824,-0.021108685142930315,0.0003790686613466328,-0.05475515857065752,0.0041993921562487185
2010-09-27,0.00013150572925507126,0.04984825190436315,-0.021107893773290122,0.0003791878939363763,-0.05477332934186652,0.004198798407281893
2010-09-28,0.00013147308868180247,0.04985707673955089,-0.02110745589858855,0.00037947354043106076,-0.054820731482744196,0.0041976696195292805
2010-09-29,0.00013136316077946782,0.049871862591438845,-0.021107472126682375,0.00037965223944372425,-0.054866622877330525,0.0041968415131695145
2010-09-30,0.00013129289731040963,0.049881908042221375,-0.02110720241412875,0.0003798414298150746,-0.05490745639850285,0.004194946072721684
2010-10-01,0.0001312664096742577,0.049896641306297576,-0.021106616192069796,0.0003800565708932093,-0.05491023793184055,0.004194537701312716
2010-10-04,0.0001312221618228266,0.04990765497786159,-0.021106280086290327,0.00038032859876099265,-0.054914654361909884,0.00419344038040748
2010-10-05,0.00013119531297000342,0.04991720838549231,-0.021105078558617263,0.0003803361311694359,-0.05494057349746359,0.004191917307393372
2010-10-06,0.0001311670798291251,0.04992831543571381,-0.021105178285105646,0.00038056822328379506,-0.054914929247080364,0.004191469319580875
2010-10-07,0.00013111503957549203,0.04993720857460954,-0.021104689347381834,0.00038079195900729204,-0.05493925700374258,0.004190753045959857
2010-10-08,0.00013108933603274563,0.049948002884185785,-0.021104632130258358,0.0003808235113072398,-0.05497654993300951,0.004189042143770023
2010-10-13,0.00013110353361912958,0.04996091147759455,-0.021104981413387174,0.0003808377170496267,-0.05504601790837338,0.004188524813536359
2010-10-14,0.0001309829290602187,0.04996633890030758,-0.0211054579158889,0.00038061198613997815,-0.05503704205832438,0.0041880084729846835
2010-10-15,0.00013089317763090636,0.04997843594020365,-0.02110561629992523,0.00038086664969885336,-0.0550643320435359,0.0041875761050155355
2010-10-18,0.00013083345596954387,0.049989575361829006,-0.021105674964566886,0.0003808035674534517,-0.05505796584544244,0.0041863716141193694
2010-10-19,0.00013081013622866957,0.05000455048029617,-0.021106121278639256,0.0003809791818208727,-0.05506708142480565,0.004186199554678739
2010-10-20,0.00013074075258873735,0.050014687322137596,-0.02110580832411172,0.00038096740541839315,-0.05506469974592242,0.004185904181521239
2010-10-21,0.0001307316375056639,0.05002143139073706,-0.021105218738834544,0.0003812274833475712,-0.05511923336332856,0.004186456968315216
2010-10-22,0.00013065470569071733,0.05003649971098337,-0.021104528759704692,0.00038130278197696845,-0.05513635185080951,0.004185604305004074
2010-10-25,0.00013063136703705348,0.05004826690449838,-0.02110318339772923,0.0003812014780780642,-0.05514278773629939,0.004185200372561519
2010-10-26,0.00013061265163549817,0.05005830295484724,-0.021102995209154637,0.0003813960499120978,-0.055159542082878044,0.004184301371221382
2010-10-27,0.00013056478605915077,0.05006893950534568,-0.021102653294651188,0.00038146111362770207,-0.05516857322094676,0.004183113541915028
2010-10-28,0.00013051025674330608,0.05008028616406565,-0.021102772759116335,0.0003816951518969498,-0.055241862332686444,0.004182676275894828
2010-10-29,0.00013045102933514864,0.0500865337147241,-0.021103312967878346,0.0003817108948606507,-0.05525057956267193,0.004181980232099188
2010-11-01,0.000130400598287722,0.05009841025159788,-0.021103000091722245,0.00038164983128739647,-0.05527281421082853,0.004181194779816184
2010-11-02,0.00013038553515487452,0.05011577942335681,-0.02110295735421911,0.00038172971934571595,-0.05528586452675853,0.0041799535721409485
2010-11-03,0.00013035902355212138,0.05012854264915677,-0.02110253508231858,0.0003818079120197653,-0.05526240361385763,0.004179820262624036
2010-11-04,0.00013035286435210758,0.05014081454606842,-0.021102605470826048,0.0003819280862477155,-0.05522025611680196,0.004178551073075197
2010-11-05,0.00013029620649708526,0.05015437413739233,-0.021102466860543227,0.00038204070727852464,-0.055261657879310824,0.004177708385694417
2010-11-08,0.00013030298138986163,0.05016516223904772,-0.021102647539397126,0.00038210513189226793,-0.055320206176874664,0.004175393334594628
2010-11-09,0.0001302423567032851,0.050171731159018185,-0.021101760254783653,0.0003820993932034981,-0.055339448146686725,0.0041747389527971536
2010-11-10,0.0001301766666861634,0.05017707263259981,-0.021100797863448702,0.0003821379536108735,-0.05532509698583098,0.004173942119963532
2010-11-15,0.00013009731640562056,0.05018871856097645,-0.021100250280455007,0.00038231700302429004,-0.05533815107669551,0.004173471609166205
2010-11-16,0.00013011008002609725,0.05019823453938628,-0.021099874692802733,0.0003823626905151817,-0.05537516402352057,0.004173154907085343
2010-11-17,0.00013005675347398498,0.05021407901170376,-0.021099700089556632,0.0003823830953814446,-0.05540933698065518,0.004173351553370559
2010-11-18,0.00013006166093654543,0.05022909998761187,-0.021099337457830963,0.0003824781931385633,-0.055373307607612776,0.004171755192250786
2010-11-19,0.00013010340788840815,0.05024179295618518,-0.021098572228726097,0.00038256351425134923,-0.055441560660903624,0.00417088189826933
2010-11-22,0.00013004756250289186,0.05025193723733254,-0.021098557579337405,0.000382736173466294,-0.05545514091076831,0.004169534016959815
2010-11-23,0.0001300521788911538,0.050262221225412504,-0.021097070522677737,0.0003828516769701901,-0.05543531345712587,0.004169208487682837
2010-11-24,0.00013003409931028125,0.0502723507501837,-0.021096148081610845,0.00038292651326454763,-0.055426972775764596,0.0041673905067224635
2010-11-29,0.00012994929175734224,0.05027519673703851,-0.02109619527659389,0.00038306301923289745,-0.05538703804570911,0.0041665193541367265
2010-11-30,0.00012984178066078702,0.050284794970608615,-0.021096056147101406,0.00038333466136254837,-0.055368882472726075,0.004165014027488948
2010-12-01,0.00012980508189631295,0.05029737438339883,-0.021095529465572575,0.00038335067076134303,-0.0554131745991886,0.004164011736511635
2010-12-02,0.00012983939327566602,0.05030372466195289,-0.021094879421476826,0.00038351249561896093,-0.0554596868681302,0.004163414068225769
2010-12-03,0.0001298089259302376,0.05031548094310126,-0.021095584849932673,0.0003835120227811994,-0.055535251464365956,0.004163142705386991
2010-12-06,0.000129751535632361,0.05032022000927252,-0.021095883576250436,0.0003837426510108665,-0.05552891299730612,0.0041617183889718756
2010-12-07,0.00012970645701059378,0.05033475133623411,-0.02109535979413004,0.0003839243652803046,-0.055520540928800835,0.004161571224689617
2010-12-08,0.00012965045952097258,0.05034517787946503,-0.02109507817913675,0.00038429166294387464,-0.05557462648228134,0.004160965471713806
2010-12-09,0.00012964596424314698,0.05035303432128012,-0.021095193163837223,0.00038448428600248053,-0.05560170232627813,0.0041597334522004365
2010-12-10,0.00012965540804834574,0.05036432650635349,-0.021095038603728224,0.0003843761330179785,-0.055609041337084386,0.0041584090660978295
2010-12-13,0.0001296316840646527,0.050376877238420756,-0.021094882692728953,0.00038427789177992067,-0.05562684834746391,0.004155737262799524
2010-12-14,0.00012956652062957462,0.050381400318057615,-0.02109467546801471,0.0003844996535354563,-0.05566434740959403,0.004155960078717341
2010-12-15,0.0001295399372772526,0.05039127382489507,-0.021094877793419977,0.00038461039072089484,-0.05568461354497698,0.004155966796983342
2010-12-16,0.0001294698531673165,0.05039927151246598,-0.021094112085389496,0.0003845622681758463,-0.055714066472507776,0.00415470254221226
2010-12-17,0.0001294207310274171,0.05040646658872884,-0.021092748800581644,0.00038471522055621835,-0.055763776092868665,0.004153206294119987
2010-12-20,0.0001294802840419431,0.05041929825184181,-0.02109215773485632,0.00038490997588901566,-0.055765895786286976,0.004153552499897095
2010-12-21,0.00012950859807886074,0.0504296240073811,-0.021092981174525315,0.00038506093963656366,-0.05582455645224984,0.0041518828984801245
2010-12-22,0.00012950912790680354,0.05044319968578439,-0.021093011314036188,0.00038513546713528194,-0.055898602430906,0.004151270516940138
2010-12-23,0.0001294838338713485,0.050455030110741324,-0.021092524262970758,0.000385392335044572,-0.05592229119089327,0.004149730046347308
2010-12-28,0.00012950414195612991,0.05046604743697157,-0.021091978447301672,0.00038555090100869926,-0.05595978558678777,0.004149892025603675
2010-12-29,0.00012943885095034898,0.05047209588726191,-0.02109112555777585,0.0003856449025366314,-0.055992348228486616,0.004148977475067389
2010-12-30,0.00012931327204509344,0.0504818042991702,-0.02109168636435956,0.00038580832389955796,-0.056011720909483774,0.004148616145342929
2011-01-03,0.000129238875542775,0.05049347642009411,-0.021092021679116547,0.0003858959323159827,-0.05602029063799138,0.004148728325871224
2011-01-04,0.00012916460168256363,0.05050771220366422,-0.02109085393277483,0.00038594719698225883,-0.056057003211324175,0.004148933017894157
2011-01-05,0.00012916557475431997,0.05051560323840183,-0.021090104606704522,0.00038599852978334434,-0.05610075195564915,0.00414855714719287
2011-01-06,0.0001290633977372477,0.05052224412648257,-0.021089707490898064,0.0003861754358019971,-0.05607833291703592,0.004147995015009542
2011-01-07,0.00012904937819603274,0.05053245684827559,-0.021089969825332934,0.0003862254988285348,-0.05606665646669987,0.00414713144288673
2011-01-10,0.00012894824631255714,0.05053932959694198,-0.021090020448184314,0.0003863456765154015,-0.05607932881294311,0.004147487685400298
2011-01-11,0.00012895366825782243,0.05055096930908083,-0.021089139625466467,0.00038625824837946364,-0.056085235251274845,0.0041471496701309535
2011-01-12,0.0001289559395832105,0.05056009923716519,-0.021089431369232282,0.0003863786036714037,-0.056112976016512446,0.00414651752630041
2011-01-13,0.00012887600159154758,0.05056837601696362,-0.021088924668633224,0.0003864883819751371,-0.05612481364984141,0.004146127591914791
2011-01-14,0.0001288959079024481,0.0505677577728674,-0.021089310501983292,0.0003865623101583426,-0.05616583211636511,0.004143889625275208
2011-01-19,0.00012888082883297816,0.050577137303480464,-0.0210892830350485,0.00038643681215667236,-0.056215472816782804,0.004142559497004897
2011-01-20,0.00012882248951827672,0.050587170807704515,-0.021088942448076912,0.0003866609343506523,-0.05616931572357655,0.004141621699701384
2011-01-21,0.0001287203091286243,0.050593294449741644,-0.021089992660116016,0.0003866390265248582,-0.05613718123932957,0.004142363652726891
2011-01-24,0.00012874207794112618,0.050610562502133485,-0.02108986410269943,0.0003865855796574551,-0.05611010926790189,0.004141683235737126
2011-01-25,0.0001286110088478761,0.050612608193006094,-0.021089432865129196,0.0003866308979177239,-0.056119965756328674,0.0041410479958181
2011-01-26,0.00012856870523701315,0.0506239430382809,-0.021088431427819652,0.0003866495588360624,-0.056124011349627106,0.0041389493593383345
2011-01-27,0.00012853543422711565,0.050637812562122436,-0.02108840392255323,0.0003868089617970732,-0.05620095976315745,0.0041397173668629465
2011-01-28,0.00012848112854143352,0.050645591393244024,-0.02108782389135996,0.00038695112447703747,-0.05623822260542976,0.00413803619810666
2011-01-31,0.0001284726687247716,0.05066040109838685,-0.021087523024026326,0.0003871139113369411,-0.056262458990549866,0.00413736139588361
2011-02-01,0.000128402020139111,0.05066878346023986,-0.021086945051213415,0.0003871208359729127,-0.056265025350597575,0.004136015781557546
2011-02-02,0.00012842552966960263,0.05067724662664142,-0.02108663300695013,0.0003873551073876007,-0.056233162094403835,0.0041358063409842665
2011-02-03,0.00012839633738868255,0.05068340688831785,-0.021086390292430635,0.0003874046122716279,-0.056236296191111375,0.004136189062513259
2011-02-04,0.00012837284055070767,0.050693793948430044,-0.02108645767490399,0.0003876518715637682,-0.0562861150996996,0.004135971807265595
2011-02-07,0.00012831943979548915,0.05070379946242045,-0.021086129029572666,0.0003876342301129369,-0.0562896211570676,0.004135401260180104
2011-02-08,0.00012833068640747357,0.05071216602996363,-0.021085598753611767,0.00038768359114664156,-0.05631868525563876,0.004136239594731833
2011-02-09,0.0001282667060560735,0.050725081029462535,-0.021085876556711753,0.00038778321496800417,-0.0563200820986876,0.004135472665238766
2011-02-10,0.00012820866847182983,0.05073364840316008,-0.02108599908910184,0.0003877849497510362,-0.05635522425762828,0.00413475606356737
2011-02-11,0.00012823143359301612,0.05074458708828772,-0.02108563882880185,0.0003878650552689532,-0.05636855971027045,0.004133506748808414
2011-02-14,0.0001281811812600138,0.05075599116602758,-0.021084693978104932,0.00038768206809493375,-0.05638391888993213,0.004133428332116207
2011-02-15,0.00012813077024261416,0.05077121078823042,-0.021085130457978565,0.000387758953921063,-0.056402940991263105,0.004133925652157163
2011-02-16,0.00012816466188000233,0.05078510052211673,-0.0210852035696,0.0003878607262468014,-0.05644818596258358,0.0041331500925458255
2011-02-17,0.00012819125217339514,0.050800621333573215,-0.021085133485792922,0.000387848841978546,-0.05642181722440655,0.00413241498564866
2011-02-18,0.0001281403298495094,0.05081656565178097,-0.02108508626506025,0.00038798552631831167,-0.05644957317898848,0.004131643020399655
2011-02-23,0.00012815703570318352,0.050831353427108275,-0.021085244090583037,0.00038808979596087896,-0.05638916261773522,0.004131281704620918
2011-02-24,0.0001281332891724257,0.05084414925007831,-0.021085691681127082,0.0003881155508699534,-0.05638623462062638,0.00413118780432572
2011-02-25,0.0001280434906502536,0.05084865786056876,-0.021086612191585464,0.00038819450432790975,-0.05639850369376553,0.0041302186541689835
2011-02-28,0.00012798359497890748,0.05085845606970166,-0.021086293389038925,0.0003882519330370615,-0.056401561920062696,0.004129351131660599
2011-03-01,0.00012793137786694348,0.05086258158362836,-0.021086013539363437,0.0003884150322096084,-0.05648609030313946,0.004127850436954748
2011-03-02,0.000127901698758612,0.050878659989420934,-0.021086155778338823,0.000388545576280911,-0.05651013511546367,0.004127472187438477
2011-03-03,0.00012786600918209418,0.05088392964090176,-0.021086556310211755,0.00038869307400251843,-0.056494604958820305,0.0041266199478733195
2011-03-04,0.00012779552653423046,0.050891609679177545,-0.021087096684265397,0.0003887695089308818,-0.056502250789462916,0.004125295587019419
2011-03-07,0.00012780832285626771,0.050900052798235035,-0.021087145806945273,0.0003888802642832051,-0.05654234611993031,0.004125245933198839
2011-03-08,0.00012774615647348134,0.05091164171784959,-0.021087682073212072,0.0003889127584993747,-0.056563578126624464,0.00412447034963163
2011-03-09,0.00012770006051512838,0.05091826042363401,-0.02108749567971899,0.00038895381051104303,-0.05655876549801124,0.0041233018807343355
2011-03-10,0.00012766627694937128,0.05092823546777034,-0.02108728153050178,0.00038918420911259334,-0.0565658788569292,0.004123177975084067
2011-03-11,0.0001276290881920016,0.05093595426501736,-0.021085830458535782,0.0003892572244295813,-0.05662406980886521,0.004123139939954268
2011-03-14,0.00012753016039618488,0.05094538337364557,-0.021084953916591098,0.000389347328870509,-0.05671254154658737,0.004121665469166564
2011-03-15,0.000127482948147864,0.05094861446431179,-0.021085620218065926,0.000389518355504437,-0.056769653516332494,0.004121526482551824
2011-03-16,0.00012745169637630525,0.05095693792829284,-0.02108577626274632,0.00038960715353854753,-0.05683638887473229,0.004120125904057897
2011-03-17,0.0001273648875638972,0.050974938738374706,-0.021085611628608135,0.0003897023717919147,-0.0568991681671487,0.004119511498846188
2011-03-18,0.00012736416528457437,0.05098778077850617,-0.021085312423011333,0.00038972815365609533,-0.05694551428741643,0.004119860249481766
2011-03-21,0.00012734713691610195,0.051001468123315394,-0.021084946161845714,0.00038980741318737325,-0.05696365941657279,0.004118357569111928
2011-03-22,0.00012727997933097566,0.051016799848554895,-0.021084463667716217,0.0003899263495718255,-0.05700600523697307,0.004116472497056331
2011-03-23,0.00012721202613933663,0.05102906245266873,-0.021084895763197078,0.0003898305878379056,-0.057027749789767254,0.004114676354627062
2011-03-24,0.00012718674313266608,0.05103750000088946,-0.02108438501670098,0.00039001892098124613,-0.057091804990045666,0.004113907768864957
2011-03-25,0.00012710588638701391,0.05104553271011404,-0.02108392100378656,0.00039002722364692014,-0.05707038195001122,0.004113015050794689
2011-03-28,0.00012697091376661084,0.05105431829120798,-0.02108416105862334,0.0003902954114471409,-0.057095671305434505,0.004111681378168511
2011-03-29,0.00012692014936817105,0.051062126553170925,-0.021083975885010584,0.00039026088850933926,-0.057069536698053994,0.004110913247023673
2011-03-30,0.00012685401935596394,0.05107339962413558,-0.021082829784392684,0.0003902730255903964,-0.057069398760951615,0.004110386872231209
2011-03-31,0.00012682670372642218,0.051087811490657456,-0.02108326153787188,0.0003902914785714234,-0.05710955435972208,0.004110017339377533
2011-04-01,0.00012674634442210836,0.05109331673761828,-0.021082539843674808,0.0003904038625328789,-0.05713707551795516,0.004108963648398898
2011-04-04,0.00012668394912538266,0.051108282158043694,-0.021082138705553095,0.0003905311785200121,-0.0571568423809164,0.004107654679669989
2011-04-05,0.00012669453590472633,0.05111790904742223,-0.021082252290239665,0.00039052438317256725,-0.057199061724379344,0.004107124288087145
2011-04-06,0.0001266791490063931,0.05112553398437948,-0.021082647559379466,0.00039046798202930903,-0.05725609246150136,0.004106069520926345
2011-04-07,0.000126630505848657,0.051141055449673074,-0.02108215115493942,0.0003906724005923453,-0.05730644365837188,0.0041055875069320276
2011-04-08,0.00012655479104718977,0.051156564731125204,-0.021081939858676825,0.00039077825959139763,-0.05734970948801037,0.0041045129678315495
2011-04-11,0.00012656701576617776,0.05116789157134995,-0.02108178470364605,0.00039074436116267095,-0.05740164179027573,0.004102817752988646
2011-04-12,0.000126572020553142,0.05118038407269065,-0.021081244919077344,0.000390922602637278,-0.05745576955201992,0.004101475451305503
2011-04-13,0.0001265412026237333,0.05118999708253984,-0.02108108643135678,0.0003908948736663408,-0.057495937926627896,0.004100056070570072
2011-04-14,0.00012647758351485495,0.051195516748526196,-0.021080463282249527,0.00039085978162785903,-0.0575125963210411,0.004100749318471317
2011-04-15,0.0001264090713145448,0.051206599370870715,-0.021080054565444196,0.0003907632476521396,-0.057607183067259565,0.0040991998110880305
2011-04-18,0.00012630292520046538,0.05122040783609573,-0.02107979367511363,0.00039105651473233697,-0.05765135365930413,0.004098974991582252
2011-04-19,0.00012625621675605233,0.05123308762456111,-0.021080046518851564,0.0003907830316500386,-0.05768367375291551,0.004098990761223996
2011-04-20,0.00012620239393373097,0.05124000299366205,-0.02107884225778479,0.00039070543973795794,-0.05774906387108637,0.004097071587817748
2011-04-21,0.00012615897080591663,0.05125127863925561,-0.02107861205714367,0.000390906115527367,-0.05777948323172784,0.0040955448027118705
2011-04-26,0.00012610659783690497,0.05125676916377126,-0.02107864345802897,0.0003905664862891085,-0.05781795678804036,0.004094699748993585
2011-04-27,0.00012604748040069325,0.05127427636868174,-0.02107800437766189,0.000390546188579676,-0.05785937689234812,0.004092722615841051
2011-04-28,0.0001259013315722676,0.05128738656242244,-0.02107800748007732,0.0003905008153964568,-0.05788647748142767,0.00409180268129267
2011-04-29,0.00012589495192168133,0.05130037334872889,-0.021077915710271324,0.00039058285027572255,-0.05791980921536651,0.004091328936701796
2011-05-02,0.00012586844917039089,0.051311543441955584,-0.02107749116659626,0.0003906444517613655,-0.057980345793143734,0.004091310643442458
2011-05-03,0.00012586626246277572,0.051323930726614064,-0.021077326885656323,0.000390715290504799,-0.057979071283497025,0.004089803457275018
2011-05-04,0.00012580470334700624,0.05133400135462323,-0.021076809631988408,0.0003908706135591515,-0.057976200083402006,0.004089107980257546
2011-05-05,0.0001257672744185231,0.051341634533596324,-0.021076465414829805,0.0003910385821701144,-0.058013087399231514,0.004088375805940536
2011-05-06,0.0001256775885814767,0.051353841065548134,-0.021076518585942415,0.000391006123259068,-0.058022260863734236,0.00408681679347768
2011-05-09,0.00012560629794967194,0.051369713917273116,-0.021076465950694085,0.0003910991655390525,-0.058008740251017,0.0040868857809320674
2011-05-10,0.00012551559281158525,0.05137576619218759,-0.021076597894585915,0.0003910985848103381,-0.058084147353027284,0.004085926177906206
2011-05-11,0.00012537241146704423,0.05137960028432571,-0.021076588348750966,0.0003913373092175432,-0.05808432172406651,0.004085636073627954
2011-05-12,0.00012532030147359863,0.05138443091755403,-0.021076678487115894,0.00039143601969260925,-0.05809775953475233,0.004085157970032895
2011-05-13,0.00012524007580246493,0.051391354721362664,-0.021077274079764566,0.0003915284724054476,-0.05813004300635945,0.004083894630338006
2011-05-16,0.00012513169212898938,0.05139741907162812,-0.02107678209221322,0.0003917514002815675,-0.058132448140360726,0.004083069966912692
2011-05-17,0.0001250257622752183,0.051404691432196434,-0.021076092762961997,0.00039175391959145057,-0.05813110680086744,0.004081806881401233
2011-05-18,0.0001249718441512806,0.051414848094530945,-0.021076721176706534,0.0003918291097122784,-0.05812698674185286,0.004080574555237638
2011-05-19,0.00012491490821811498,0.051426440274992234,-0.02107694781281444,0.00039180401868707266,-0.058164280616117545,0.0040802428908484865
2011-05-20,0.00012491521307484614,0.051432507603969085,-0.02107648062349396,0.0003918546344594677,-0.05820130678962397,0.0040792353658230425
2011-05-23,0.00012485700807848414,0.051441201535124687,-0.02107568484429419,0.00039187993197333334,-0.05819517000928926,0.004078326337337289
2011-05-24,0.0001248618246184593,0.05144921498340432,-0.021075368079489253,0.000391963785576977,-0.05824755200714222,0.004077116641677134
2011-05-25,0.00012483738116230792,0.05145304473967584,-0.021074337192950716,0.000392115150779699,-0.05825268839723442,0.004075036602202866
2011-05-26,0.0001248049299383511,0.05145616519515133,-0.021074280661616932,0.00039224079184616164,-0.05827408236079038,0.004073332103096865
2011-05-27,0.00012469086983652095,0.051465400271913285,-0.021075141427356725,0.0003922401419508781,-0.05829724552120887,0.0040730413386849485
2011-06-01,0.00012465975903807138,0.05147331323332689,-0.021075138102220087,0.00039223037703812964,-0.05833569328601178,0.004072624801630785
2011-06-02,0.0001246172950224567,0.05148638635398438,-0.02107550583360453,0.00039233240891519604,-0.058362968379325086,0.00407200837197187
2011-06-03,0.00012452465848818408,0.05149535278828578,-0.02107645401206136,0.00039222746678509407,-0.0583823838924967,0.004071400006086298
2011-06-06,0.00012439359969375167,0.051499339093121974,-0.02107650630087587,0.0003923518545344675,-0.05847300782786832,0.004070015140380495
2011-06-07,0.00012443902478236968,0.05150915228649587,-0.02107677238802669,0.00039260961481164634,-0.05851170294428153,0.004068550033397378
2011-06-08,0.00012439083297422095,0.05152546485717418,-0.021076018676158388,0.00039281019881482946,-0.05853974362100536,0.004067816743524679
2011-06-09,0.00012434168281195727,0.051539121699326756,-0.021076140066257285,0.00039284401958393587,-0.058606042409359134,0.004067149548009264
2011-06-10,0.00012424705565160574,0.05154856683071601,-0.021076803673082335,0.00039276865118722414,-0.05865111838669652,0.004067356011026147
2011-06-13,0.00012414295758512463,0.05156037524266107,-0.021075368069971966,0.00039276367954481275,-0.05865916480440825,0.00406606353651998
2011-06-14,0.00012409109725420109,0.051569873482195744,-0.02107652395923354,0.0003926798988676511,-0.058704918314333075,0.004065602778642749
2011-06-15,0.000124044715973072,0.05157657073700299,-0.02107647942996251,0.0003930496395673609,-0.0587375884043257,0.004064742354578255
2011-06-16,0.00012395638976502125,0.05158161695277438,-0.021076858329480728,0.0003929858831134324,-0.0587729185828795,0.0040623208226595155
2011-06-17,0.00012386326902784543,0.05159513466499479,-0.02107716908346219,0.00039303473321044153,-0.05880836752430415,0.00406254561780325
2011-06-20,0.00012377811578569349,0.051605888164667185,-0.021075974300742657,0.0003930196986101105,-0.05879608445723316,0.004062199283834215
2011-06-21,0.00012371199114111561,0.05161410654613949,-0.021075967758523922,0.00039296816233989787,-0.05882972634780417,0.004062362345597413
2011-06-22,0.00012361780953321465,0.05161484623152013,-0.021076128643238337,0.0003929795095849256,-0.05887034130400704,0.0040614332793096185
2011-06-23,0.00012355130496192435,0.05162777769922352,-0.021075929762299408,0.0003931200869593026,-0.058906193668985765,0.00406059692898593
2011-06-24,0.00012351609243154712,0.05163310461418007,-0.021075094141675504,0.0003932506242960455,-0.05895912888004966,0.004059305803842703
2011-06-27,0.00012349613439115772,0.05164046445747689,-0.021074774359668976,0.0003932744238861434,-0.058932780154319575,0.004057847499847941
2011-06-28,0.00012337030812013168,0.051649872011658354,-0.02107429127619158,0.00039346881999775503,-0.058981283289753314,0.0040580986108328995
2011-06-29,0.00012329812380513957,0.051661594987986476,-0.021074472450578766,0.00039354237859159837,-0.058997440871254546,0.004058222103733201
2011-06-30,0.00012325492596116215,0.05167263478670395,-0.021073596205395593,0.0003935726781699506,-0.05901043506168843,0.004057012384037695
2011-07-01,0.00012322638102687527,0.05168403532130603,-0.02107299310939295,0.0003937260387200288,-0.0590393118957337,0.004055736015992112
2011-07-06,0.00012318522369789926,0.05168971168593384,-0.021071997261040257,0.000393688155962925,-0.05902539727230733,0.004054271685173367
2011-07-07,0.00012317318914121112,0.051705722700049334,-0.021071295206732534,0.0003936389624211886,-0.05907639375150849,0.004053397767132977
2011-07-08,0.00012316396987162548,0.051716265330139746,-0.02107244740616559,0.00039385967828951894,-0.05910608055106583,0.004052016875647541
2011-07-11,0.0001230817022553839,0.05172933450732688,-0.021072956470524793,0.00039378322242124167,-0.0591662718900718,0.004050660774010314
2011-07-12,0.00012302162207208732,0.0517347455628019,-0.0210724992813972,0.00039402721505877534,-0.0592207539778041,0.004049604582141671
2011-07-13,0.00012293070635892273,0.05175008039012848,-0.021071872610505783,0.00039424649471906574,-0.05923946773047067,0.004047560568509157
2011-07-14,0.00012287029077369524,0.051763717333649206,-0.021072919203915026,0.00039444620318460327,-0.059236169830566746,0.00404634349994131
2011-07-15,0.00012283706049701909,0.05177450487895026,-0.021072903635342862,0.00039451164538344347,-0.05922038228661616,0.004045957055771353
2011-07-18,0.000122781924963798,0.051792649397473786,-0.021072474407261132,0.0003946190039398142,-0.05927080133702276,0.004044881769726768
2011-07-19,0.00012275386535473448,0.05180132359860064,-0.021073109279642153,0.00039483719916680104,-0.05927502726264662,0.0040440506175855664
2011-07-20,0.00012272326146854062,0.051817626090303694,-0.021074163686547458,0.00039490153833796467,-0.05933071885022104,0.004044087068608029
2011-07-21,0.00012267619055218612,0.051832205744829295,-0.021074313042397833,0.0003950285872717583,-0.05938401945064343,0.0040430863687984245
2011-07-22,0.00012267687554099867,0.05184130757120953,-0.021074139762549467,0.0003952591833311849,-0.059421032726901975,0.0040422952835447315
2011-07-25,0.0001226232922859806,0.0518515396596243,-0.021073316728575868,0.0003952923008114291,-0.059433815613712006,0.004040858122035628
2011-07-26,0.00012261193132015368,0.05185972069328944,-0.021073323870687125,0.00039542031196032986,-0.059490622802853166,0.004039377825082484
2011-07-27,0.00012253334469558653,0.051876510188666694,-0.02107311380274196,0.00039557207126127657,-0.05952300705375159,0.004037494476631743
2011-07-28,0.0001224880935501935,0.051886241399447225,-0.02107245011876736,0.0003954797326727191,-0.059558136711753376,0.004036783351213016
2011-07-29,0.00012239615727652057,0.051899528149681254,-0.02107230309524146,0.0003955626275560869,-0.05962680566261441,0.004035931940341231
2011-08-01,0.0001223482343833848,0.051915291129297186,-0.021072469129226484,0.00039572800755731494,-0.059644709349464226,0.004035384569931293
2011-08-02,0.0001222306361587864,0.05193129694636239,-0.021071561265758095,0.00039580674420329985,-0.05967275937343079,0.004034883965412642
2011-08-03,0.0001221330769173083,0.05194158114517421,-0.021072716046935086,0.00039584053355925305,-0.059693854577344,0.004033983858391112
2011-08-04,0.000122025657391883,0.051950528201477345,-0.021072717444166302,0.0003958433348268971,-0.05976740493102651,0.004032644731587331
2011-08-05,0.0001219994466028274,0.05196483194101068,-0.02107294720171379,0.0003960116536435486,-0.059821296919808496,0.0040309079283496856
2011-08-08,0.00012194463098793867,0.05197953417007534,-0.021073634790455202,0.00039599432304265577,-0.05988672683277729,0.004029416788473457
2011-08-09,0.00012188471300020385,0.05198226245443975,-0.02107330777710106,0.00039592923162885,-0.05987832726418276,0.004028760981006222
2011-08-10,0.00012175725547737379,0.05198810219949916,-0.02107297803369552,0.0003960842739623598,-0.059924485479497254,0.004028986128225767
2011-08-11,0.00012163767672817542,0.05199260026949831,-0.021072435818116155,0.0003961356271121334,-0.059980187352684705,0.0040281712550866875
2011-08-12,0.00012161504720869948,0.05200451565006961,-0.021072660342719755,0.0003963736370138282,-0.06000554139015664,0.004028838771135313
2011-08-15,0.00012154358998795053,0.05201414299787068,-0.021072417505792786,0.00039643151734778027,-0.0600570036440782,0.004027417372891307
2011-08-16,0.00012146948526109099,0.05203006726153919,-0.021072432541306564,0.00039652447936234776,-0.0600918495304892,0.004026884383319514
2011-08-17,0.00012138272717446162,0.05204216688421277,-0.021071777049359215,0.0003965019825670817,-0.06011956716263256,0.0040259456779007646
2011-08-18,0.00012132489461574357,0.05205295551602778,-0.02107168951785719,0.0003966842361077735,-0.060165180580429,0.00402581072764047
2011-08-19,0.00012123053787962607,0.05206595920059524,-0.021070977319540374,0.000396872177163309,-0.06020899864541297,0.004025645122844334
2011-08-22,0.00012115458084133819,0.05207693732909103,-0.021069713864481452,0.0003967826252333523,-0.060283223100956254,0.004024427433822595
2011-08-23,0.00012105395709129675,0.05209396811302863,-0.021069781076550664,0.00039677541679968497,-0.06029371756354261,0.0040233618002357046
2011-08-24,0.00012100913162614193,0.05210359807906294,-0.021069812639620593,0.00039686324666544703,-0.06030386457148147,0.004023205254535953
2011-08-25,0.00012093787303692704,0.05211478543781453,-0.021069202243452434,0.00039694235283413583,-0.06031637432098134,0.0040223446815086964
2011-08-26,0.00012083007893128823,0.0521186743953335,-0.021067745186881114,0.0003968432576001855,-0.060295754056138046,0.004020194620697543
2011-08-29,0.00012081786099596877,0.052134211286226494,-0.021067108157516255,0.0003968110599056326,-0.06035809638111473,0.0040203445368126615
2011-08-30,0.00012073468229421681,0.05214551592519785,-0.021066483466485084,0.00039688933155885794,-0.0603976023177117,0.004019110644740577
2011-08-31,0.00012068999258087072,0.05215599351910678,-0.021066290221476124,0.0003969534324125176,-0.06046229357237996,0.004017456105918546
2011-09-01,0.00012052320754247211,0.05216826686632771,-0.021065963530061828,0.00039725305867643613,-0.06048692032107831,0.00401545243021554
2011-09-02,0.00012045582792914547,0.052186868844873724,-0.021065624718854196,0.0003974753749341508,-0.060506318274435436,0.004013852821257986
2011-09-07,0.0001203971009981075,0.052199060781759773,-0.021065873356702142,0.0003975100725382551,-0.060498637363927035,0.004012790843999107
2011-09-08,0.00012029542657020976,0.052214265492768676,-0.021064605478865347,0.00039767681842198206,-0.06052877168150961,0.004011937212688654
2011-09-09,0.00012027809404999192,0.0522245181596315,-0.021063798417503506,0.00039764433274055213,-0.06056344432601984,0.004010745714447496
2011-09-12,0.0001202017384056449,0.05223638402060217,-0.021062873508939484,0.00039776988392681875,-0.06053379985934995,0.004010245504575639
2011-09-13,0.00012015856268655247,0.05224713447346377,-0.021062927735072453,0.00039785449505324536,-0.06052191966412517,0.004009084049408824
2011-09-14,0.00012011188358990636,0.05225561369487936,-0.021061137942321635,0.0003978342576404342,-0.060545034017615254,0.004008646874310655
2011-09-15,0.00011997980223408293,0.05226517937802962,-0.02106162578542994,0.0003979874493349464,-0.060625160619013616,0.004008326421884955
2011-09-16,0.00011992073159012637,0.05227598183324895,-0.021062261489825453,0.00039804013475668005,-0.06067724343180613,0.004007347976012017
2011-09-19,0.0001198222655115138,0.05228395147659662,-0.02106151851163276,0.0003981211698060989,-0.06070216623751927,0.004006830719596528
2011-09-20,0.00011980306592144645,0.05229317565615395,-0.021060331379170537,0.00039803575517415637,-0.060739342934376814,0.004006255827573558
2011-09-21,0.00011967448067068497,0.052305998637084544,-0.021060148022768205,0.00039826981548794505,-0.06076401928519732,0.004005149384606217
2011-09-22,0.00011965497982501658,0.05231548322157052,-0.021059768391088987,0.0003986267329379979,-0.0608194739858266,0.004005036279194936
2011-09-23,0.00011960902501599877,0.05232307481129468,-0.021059540608945087,0.00039871295396850105,-0.060792722925652506,0.0040035613468788955
2011-09-26,0.00011953039815366424,0.052341080020599076,-0.021059665500955956,0.00039899892584484883,-0.06084601881447803,0.004002950339737534
2011-09-27,0.00011950044497781737,0.05234344492035306,-0.021059003867483654,0.00039908699634835375,-0.06084512450857701,0.004001788505434344
2011-09-28,0.00011941504562881498,0.05234979151073354,-0.021059099363995762,0.00039914609989716743,-0.06082998272193357,0.004000984959266688
2011-09-29,0.00011932487159891808,0.05235924361644648,-0.021058531951607153,0.00039908768117199913,-0.06087869355653382,0.003999109141743873
2011-09-30,0.00011914961390067356,0.052374565765284466,-0.02105771334554507,0.0003992588290076823,-0.060928096781929064,0.003998089591637363
2011-10-03,0.00011904111274734206,0.05238374526741017,-0.021057089315538558,0.00039936660013170725,-0.06088675019713091,0.003996847611722949
2011-10-04,0.00011893623549962698,0.052392129706208865,-0.021057029424161166,0.00039934104893565457,-0.06085293703503744,0.003996204135234981
2011-10-05,0.00011878627358284834,0.05240232659104446,-0.021057504968889848,0.00039934101931756897,-0.06087644817091144,0.003995526865706218
2011-10-06,0.00011874482772387585,0.05241203220455501,-0.021057419635590068,0.0003993128271496742,-0.060934153841852384,0.003995231237790341
2011-10-07,0.00011877304806957021,0.052422248736020374,-0.02105669510925705,0.00039936251815237377,-0.06098461136022312,0.00399522569831767
2011-10-12,0.0001187228900702427,0.05243125041925515,-0.021056502894769014,0.00039934174180695007,-0.06100439274064633,0.0039951269551570644
2011-10-13,0.00011866343316424426,0.05243381001905836,-0.021055484578311794,0.000399604800657894,-0.06098683253185761,0.003994693621011992
2011-10-14,0.0001185441371251208,0.05244387696560687,-0.02105498909579073,0.00039983527561937153,-0.06098102786119851,0.003994199776341053
2011-10-17,0.00011849604295728343,0.052452528466797155,-0.021054528895208976,0.0004000699603735527,-0.06099662914537146,0.003993140907044354
2011-10-18,0.00011833210409930232,0.05246614767087557,-0.021054031634027418,0.00040006266763211167,-0.06102677254432248,0.00399246668155356
2011-10-19,0.000118301855636417,0.052477589542465924,-0.021054197592565098,0.0004003560892060198,-0.06102294430658691,0.003991939218248662
2011-10-20,0.00011827335737257746,0.052486071446115314,-0.021053721577574812,0.00040038332762457426,-0.06102155972653728,0.003991236913118721
2011-10-21,0.0001182965505321229,0.05250142794546572,-0.021053281232678082,0.0004003504440477772,-0.06100828084226409,0.003989808854314025
2011-10-24,0.00011830394972434993,0.05250956381979993,-0.021053599346225298,0.00040029840470473776,-0.06102515046326375,0.003990698767170205
2011-10-25,0.00011824031113883546,0.05251823028095576,-0.021053319445592373,0.00040038800312666717,-0.061051014921336605,0.003989756956482473
2011-10-26,0.0001181545898584587,0.05252813402589974,-0.02105323227513692,0.0004005823141759317,-0.06101264019447132,0.00398985779554372
2011-10-27,0.00011819832678043714,0.05253499997007816,-0.021052742907809785,0.0004005691676686773,-0.061079233094152294,0.003988560760771088
2011-10-28,0.00011805971108775178,0.05255024174555874,-0.021053078259333835,0.00040052794123370374,-0.06108019612765088,0.00398887383780572
2011-10-31,0.00011796325645882309,0.05256168292779963,-0.021053454712554744,0.0004005334309956135,-0.061135080225981075,0.003988573418499039
2011-11-01,0.00011794922209587769,0.05257386200633367,-0.02105331487686763,0.00040077678368771584,-0.061170642799739536,0.003987770266738767
2011-11-02,0.00011791904509599169,0.05258258870502582,-0.021053467635695804,0.00040081502767230597,-0.06120309679113403,0.0039880512893577715
2011-11-03,0.00011791094574207926,0.05258572590651607,-0.02105375096394035,0.00040094590611620425,-0.06117461293086666,0.0039867378295986465
2011-11-04,0.00011782010505024603,0.05259280371430505,-0.021053927475066573,0.00040074243009103494,-0.06118104367561825,0.003985914264973384
2011-11-07,0.0001177418543542961,0.05260539545273636,-0.021053050219422886,0.00040095178520915776,-0.06120791747461653,0.003985014598894501
2011-11-08,0.00011763729725809615,0.05261112672926156,-0.02105414042041115,0.00040110023914378685,-0.06119136786454211,0.003984299315345086
2011-11-09,0.00011760761261590406,0.05261840227519893,-0.021053784597717527,0.00040133960778797524,-0.06123857155357689,0.003984659027112216
2011-11-10,0.00011752896202180459,0.052619403230075565,-0.021053728843035437,0.00040139857331184133,-0.06127986129538094,0.003984645869159819
2011-11-15,0.00011747644611303075,0.05263033440747478,-0.021053333728465243,0.00040149616987255146,-0.061320601962551284,0.003984239847215102
2011-11-16,0.00011740015656025485,0.05263554431926216,-0.02105292299545342,0.0004017011058888067,-0.06135784657349702,0.003983287451843962
2011-11-17,0.00011730866235713786,0.05264971975770388,-0.0210535791235517,0.00040171567337690006,-0.06138849305074198,0.003984363543685722
2011-11-18,0.00011726819286417765,0.052654412989143834,-0.02105460819459509,0.0004017390717081632,-0.06142266406301452,0.0039845467192033916
2011-11-21,0.00011716963013012332,0.05266006542751754,-0.02105549743879029,0.0004018359493732764,-0.061492378633174645,0.003984773328148317
2011-11-22,0.00011715421384195223,0.05267092462401553,-0.021055182395502914,0.00040196499773014193,-0.061516475562177986,0.003984564062409941
2011-11-23,0.00011705912747567889,0.052672770428157184,-0.021055833586292448,0.0004020857606917714,-0.061542847523530134,0.003985569183386282
2011-11-28,0.00011698035681505477,0.0526810530574052,-0.021056612550490968,0.0004019877686585655,-0.061567156163569586,0.0039864056985570336
2011-11-29,0.00011686060556324322,0.05268758396348171,-0.021057030095222837,0.0004020613379332547,-0.06159837612394883,0.0039879822971968255
2011-11-30,0.00011683532926694531,0.05270044700207307,-0.021057157946877177,0.00040192314819309,-0.06162554755592661,0.003988947531234785
2011-12-01,0.00011683137586232188,0.05270718001209537,-0.021057242845209292,0.00040205308321166134,-0.06158683433659436,0.003989161524586235
2011-12-02,0.00011680987241979282,0.05271925146170403,-0.02105767325668531,0.0004022132990834776,-0.06157193246116208,0.003989041740021218
2011-12-05,0.00011672724899489558,0.05272708123525653,-0.021058649884173164,0.00040232099037944453,-0.06162558780684437,0.003988715820203192
2011-12-06,0.00011671201569165883,0.05273427985211676,-0.021059503559078145,0.00040245670146996624,-0.061659761162535784,0.00398828092951316
2011-12-07,0.00011661340795531355,0.05273989475619415,-0.021060119079191073,0.0004026617053726234,-0.06169133956630285,0.003988253920111024
2011-12-08,0.00011653729953465316,0.05274118954592799,-0.021060287159799716,0.00040294693846358007,-0.06170477696312908,0.003987159494854405
2011-12-09,0.00011647807593284007,0.05274721123207106,-0.021060457345836163,0.00040306890955341975,-0.06176178791932012,0.003986867151879417
2011-12-12,0.00011634180027990336,0.05275134141747502,-0.021060113366378596,0.00040307001285126156,-0.061780683925758584,0.003987224843595351
2011-12-13,0.00011627184598340705,0.05275375507572373,-0.021060974703807633,0.0004030501893739469,-0.061796998474636856,0.00398626752422083
2011-12-14,0.00011621396614963171,0.05275764206180515,-0.021061926625390946,0.00040319153271642334,-0.06179417160475381,0.0039863721522173145
2011-12-15,0.00011619722469339751,0.052758002151026696,-0.021062293727187674,0.0004033723515945775,-0.06181136927462742,0.003985627805369141
2011-12-16,0.00011615916592334574,0.052763929695940646,-0.021063819108277603,0.00040352794314129964,-0.0618619839870607,0.003984949185942402
2011-12-19,0.00011608505128220134,0.05276996117003952,-0.021063830184444972,0.00040353769413608827,-0.061896574034467224,0.003985376685720181
2011-12-20,0.00011601810571452715,0.052775599957147604,-0.02106485619126499,0.0004036695295456264,-0.06190912328427158,0.003986189783046611
2011-12-21,0.00011593149586231822,0.05277851422967696,-0.021065184981566763,0.00040377646900656476,-0.06188807577570391,0.003986694895367157
2011-12-22,0.00011580240189741068,0.05277877313023792,-0.02106582821249258,0.00040379462566189834,-0.06199340039438757,0.003986994205040623
2011-12-23,0.0001157681339725008,0.052771407002318235,-0.021066571960002983,0.000403989684131305,-0.06199868669390038,0.003986757850486095
2011-12-28,0.0001156725836425604,0.052774863324277874,-0.02106742439858675,0.0004040090333641941,-0.06202883219806986,0.0039868933255543205
2011-12-29,0.0001155454551053069,0.052778469271512134,-0.02106754959568401,0.00040435101100467846,-0.06207572304996955,0.003987027187251021
2011-12-30,0.00011549819440844047,0.052785406351067134,-0.02106848407366439,0.00040439114482529015,-0.062117204033387385,0.003987526674183574
2012-01-04,0.00011544637771466131,0.05278746805665553,-0.021068649978466126,0.00040441877080108667,-0.062104424634619904,0.003988285219199947
2012-01-05,0.00011531939934186925,0.05278737218341813,-0.021068685786022844,0.0004046238581983308,-0.06215672136552863,0.003988291188848987
2012-01-06,0.00011523148012073651,0.052791163140376934,-0.0210691672360866,0.00040473003599114557,-0.06222281384547878,0.003988739555482511
2012-01-09,0.0001151485623733066,0.052795752686669514,-0.02106915123706043,0.00040504912615213235,-0.06222860957138427,0.003988247356809693
2012-01-10,0.00011503123776433718,0.05280113735109678,-0.02107002367182625,0.0004053721748954631,-0.062220218355417634,0.003988384001415248
2012-01-11,0.00011498801689465049,0.05280552302393452,-0.021070018496797238,0.0004053958508563111,-0.062223107348518804,0.003987454519261877
2012-01-12,0.00011490715740353497,0.05280826845853154,-0.02107018773304424,0.00040554093563711067,-0.062253887290420605,0.003987064306542871
2012-01-13,0.00011482850616346221,0.05280572333858359,-0.021071943523345106,0.00040569528037283234,-0.06226736177097877,0.003986530919342656
2012-01-18,0.00011481985018312431,0.05280782509025763,-0.021073108414078924,0.00040569916965239855,-0.06227987226875231,0.003986942664133278
2012-01-19,0.0001146929995851836,0.05280929091464239,-0.021073832900141053,0.0004059527470208953,-0.062278467273726726,0.003987253327486355
2012-01-20,0.00011459254387106845,0.05281124402222673,-0.021074389683878106,0.0004059772224014066,-0.06227486435456469,0.00398750466610529
2012-01-23,0.00011455746109139471,0.05281521398261077,-0.02107472103621873,0.00040594619603610154,-0.06233402293157453,0.0039877367574502245
2012-01-24,0.00011449513409805743,0.05281610307258686,-0.021075124171310584,0.0004061588336071847,-0.062354921033998326,0.003988121151201063
2012-01-25,0.00011451763486165207,0.05281232312818536,-0.021075806817710877,0.00040618281661052735,-0.06232328679021091,0.003988244832100732
2012-01-26,0.00011445387578094834,0.05281062416407759,-0.021076638490200507,0.00040606904973975805,-0.06234252423126637,0.00398977578658776
2012-01-27,0.00011441412305097752,0.05281677428212006,-0.02107721166140302,0.00040606613746257145,-0.062352801708764144,0.003989685801784064
2012-01-30,0.00011442505206262242,0.052820709263327506,-0.021077904559529948,0.0004062417040445971,-0.06241342018788825,0.00398950235989107
2012-01-31,0.00011440634841311515,0.052824978160465316,-0.021078573097397888,0.0004064334192784944,-0.06242243708993284,0.003989781024653706
2012-02-01,0.00011430892163318268,0.05283083283242835,-0.021078816269803416,0.00040654911967404154,-0.062432499945363644,0.003990745161097795
2012-02-02,0.00011426468265885356,0.05282790063008506,-0.02108003905343025,0.0004065448228764762,-0.062448671809966896,0.003989973624232333
2012-02-03,0.00011420674006828057,0.05283158560756755,-0.021079952991300027,0.0004065959726746428,-0.06245999436359285,0.003990316786956866
2012-02-06,0.0001141197759547135,0.05283396271557933,-0.021079772302838386,0.0004064777865334329,-0.062498903576163396,0.003990697168956072
2012-02-07,0.0001140249499825406,0.052834160572201444,-0.02108090597093621,0.00040672720166559634,-0.06250039315512251,0.003990862333064256
2012-02-08,0.00011398003239450345,0.05283543619666074,-0.02108097266822917,0.00040691476181720847,-0.06252147123796846,0.003991529386846804
2012-02-09,0.00011381550101793509,0.05284125332247385,-0.02108108564780739,0.00040695499979890085,-0.06257087532031616,0.003990987042961209
2012-02-10,0.00011370804663813673,0.05284737381327337,-0.021081445727095714,0.00040709926554168956,-0.0625886951591558,0.003991796924345847
2012-02-13,0.00011362720090589265,0.052852211361812694,-0.02108240795066772,0.00040727632218808706,-0.06262289473606643,0.00399124557806761
2012-02-14,0.00011367065801705309,0.05285363843366636,-0.021083033751464374,0.0004072141949544849,-0.06262818975983293,0.003991303691799516
2012-02-15,0.00011365404385896139,0.05286018466708494,-0.021083917123507552,0.0004073349302187417,-0.06266876740083778,0.003991243398753397
2012-02-16,0.00011356908857004271,0.05287118985341363,-0.02108533882932907,0.00040745841995245365,-0.0626716659811074,0.003991270789483946
2012-02-17,0.00011352248575607205,0.052869896464581255,-0.021086367586514436,0.00040747044888044307,-0.06269367882679941,0.003991216663989004
2012-02-22,0.00011344272667607091,0.05287396339725305,-0.02108756652863513,0.0004076771403827279,-0.06272365519096441,0.00399073262084929
2012-02-23,0.00011339457548232377,0.052873833641477755,-0.021088040890283828,0.0004076579095576828,-0.06275773168350315,0.003990408773110571
2012-02-24,0.00011330444554040791,0.05287835917905988,-0.021088081714642923,0.000407747055730055,-0.06277179196491292,0.003990117616064082
2012-02-27,0.00011326052576118959,0.05288107845079882,-0.021088521851794398,0.0004080707667696473,-0.06280274159062836,0.003990765904349727
2012-02-28,0.00011321320585563414,0.052888025218955984,-0.021090003410997656,0.0004081883109472969,-0.06283703996107241,0.003990777097580601
2012-02-29,0.00011313409039621336,0.05289301288275006,-0.021090174155602725,0.0004080737400345317,-0.06288237765051558,0.003991962051779738
2012-03-01,0.00011304513622164495,0.05289409254887702,-0.021091206067433917,0.00040801268923149384,-0.06290967613137013,0.003989892169999976
2012-03-02,0.00011296378926292746,0.05289011311768902,-0.021091958624586075,0.0004081456430414477,-0.06286402930380942,0.003990672838250614
2012-03-05,0.0001129022087465365,0.05289805710913363,-0.021092169381256996,0.00040826774270031696,-0.06284813313941233,0.003990567580998397
2012-03-06,0.00011282785310294618,0.05289947148323544,-0.021091865484438577,0.0004082919173744516,-0.06282576380073354,0.003991154414878382
2012-03-07,0.00011277075761259249,0.052900054231861254,-0.021093022881426594,0.0004082781962403161,-0.06284814969912106,0.00399194512854163
2012-03-08,0.00011273161800248578,0.052899504476875206,-0.021094610047002076,0.000408322257839378,-0.06291497630191457,0.003992777526399494
2012-03-09,0.0001126237991879191,0.0529001127698705,-0.021095192905962484,0.00040840025127681235,-0.06295706429630075,0.003993040033253731
2012-03-12,0.00011260254036580508,0.052906608197807486,-0.02109656601813856,0.0004085456081170648,-0.06298997623304267,0.003992543102254773
2012-03-13,0.00011258902676542222,0.052908540943896576,-0.02109726290582236,0.00040862492215158313,-0.06299398549617265,0.003993048444446002
2012-03-14,0.00011258730646702224,0.05291713189166807,-0.021097937334152616,0.0004087145339670954,-0.06302652512012326,0.003994217635472424
2012-03-15,0.00011250642578765666,0.05291737407469997,-0.021098150435919068,0.00040862031595294556,-0.0630573514545422,0.003995613965542278
2012-03-16,0.00011250007712020785,0.05292842765962576,-0.02109984901058332,0.0004085811699830375,-0.06316171356172169,0.003997414435428738
2012-03-19,0.00011243994171582908,0.05292952400480665,-0.021099792866096898,0.0004088525997645537,-0.06322758981231398,0.003998924882666142
2012-03-20,0.00011240002043304635,0.052929967860473756,-0.021100643396557844,0.00040914387755576904,-0.0632250928546997,0.003999886696642528
2012-03-21,0.00011236117182922646,0.052929421002380184,-0.021101493780673348,0.0004090899416663246,-0.06325558834932198,0.004000115361477518
2012-03-22,0.0001122920956541334,0.05292701490160578,-0.02110260169215806,0.0004090869804606249,-0.06331614050026028,0.0039992131212142614
2012-03-23,0.0001122622263522826,0.052926942159579854,-0.021101513365994525,0.0004093007541126042,-0.06334729728362139,0.004000141371737899
2012-03-26,0.00011223452196133571,0.05292819087302446,-0.02110207848738781,0.000409325416577089,-0.06337073099365434,0.004001345914396482
2012-03-27,0.00011213277857801735,0.05292851493589261,-0.0211036651237995,0.0004096119464594653,-0.06343010058740219,0.004002432601878869
2012-03-28,0.00011208272941932393,0.052926017073102474,-0.021103954113603156,0.0004097650648389663,-0.0634151270373758,0.004003521989648131
2012-03-29,0.0001120473217702197,0.052929301530005954,-0.021104466329582818,0.00040983607371824186,-0.06343586582533996,0.0040028963835255
2012-03-30,0.00011197283924554944,0.052933080723565555,-0.021105815396346393,0.00040991923364967417,-0.0634240660681258,0.004004163345032951
2012-04-02,0.00011190087063149728,0.05293491460227594,-0.021107907252230378,0.000409999439760729,-0.06347285366742328,0.004005215416562365
2012-04-03,0.00011177292561513743,0.052928410666018465,-0.021109451693546864,0.00041007032048910136,-0.0634811673244866,0.004006059379420903
2012-04-04,0.00011172927755453648,0.05292940284490948,-0.021110193830650287,0.0004103533777058616,-0.0635268735518544,0.004006764631876938
2012-04-05,0.00011164835136016885,0.05293475936077868,-0.021111225142824548,0.0004101997907507173,-0.06355066267924073,0.0040071481734246656
2012-04-10,0.00011161798338843836,0.05293583127081633,-0.021111833848607545,0.0004103120747904914,-0.06358702353326891,0.004007581163113561
2012-04-11,0.0001115703853975169,0.05293797646202805,-0.021111749382002498,0.00041046298191556817,-0.0636346263537792,0.004007999368474387
2012-04-12,0.0001114794079938013,0.0529430125478719,-0.0211128793074497,0.00041057970585029266,-0.06364453915155738,0.00400838286338291
2012-04-13,0.00011141176744372267,0.05294049271854353,-0.021113220007529913,0.0004106766201398043,-0.0636721720217226,0.00400942554712489
2012-04-16,0.00011137748526919954,0.052934169803681416,-0.021114062154542187,0.0004105810983648204,-0.06369508980934219,0.004009737409639487
2012-04-17,0.00011132456591224616,0.05293392049295119,-0.021115507664879647,0.00041074313246530075,-0.06368724556725368,0.004010535270090369
2012-04-18,0.0001112407871275431,0.05293498517630065,-0.021116238016247745,0.00041106637988464574,-0.06368159334609333,0.004011522271551687
2012-04-19,0.00011126841951461226,0.05293510478038155,-0.021117210056449114,0.0004111945198484265,-0.06366707626680734,0.004012034466428735
2012-04-20,0.00011122284975749545,0.05293667964157063,-0.02111834323738712,0.0004113128473877873,-0.0636469623489898,0.004013699316944559
2012-04-23,0.00011115160598813632,0.052943452745391695,-0.02111889925257263,0.00041148711763897884,-0.06362491673384169,0.004014235526506849
2012-04-24,0.00011107329069195876,0.05293761410184016,-0.021120408326461646,0.0004116167930161266,-0.06361738854737982,0.004015260567547828
2012-04-25,0.00011103829658863796,0.052939586178872206,-0.021121370856576,0.0004118240350339734,-0.06363773490080286,0.00401620980888058
2012-04-26,0.00011099516260689204,0.052938974349491616,-0.021122127988987313,0.0004118874190020917,-0.06363509693427455,0.00401801445069128
2012-04-27,0.00011094594772510097,0.05292893158415575,-0.021123587162649417,0.0004118760684687786,-0.06367436545663595,0.004019622504404951
2012-04-30,0.00011086751885012089,0.0529344101327832,-0.021124447100534488,0.00041206275692209953,-0.0637435770286697,0.0040208222034357225
2012-05-01,0.00011075545796158996,0.05293438713419116,-0.02112548868600395,0.0004120805080120429,-0.06375051388986532,0.004021534479683508
2012-05-02,0.00011066785178173621,0.052933561831096,-0.0211254484196347,0.00041212928000160785,-0.06378086428757473,0.004022172422989468
2012-05-03,0.00011056226104286326,0.05293894900576722,-0.02112578796828294,0.00041224667196190215,-0.06380519346581996,0.004023437390151211
2012-05-04,0.00011049056588051364,0.05293754665402714,-0.02112669572671623,0.00041214984800920236,-0.0638446127308706,0.004023805805028495
2012-05-07,0.00011035219741921943,0.05293597355419091,-0.02112822429788283,0.0004123044611601724,-0.06391616590944693,0.004024658015204662
2012-05-08,0.00011033976180167139,0.052924091008706944,-0.021129119644262034,0.0004125769555127669,-0.06391288425694808,0.004025979037144715
2012-05-09,0.00011035722696645156,0.05291956486058021,-0.02113000452383429,0.0004125012069434078,-0.06395388358047568,0.004027630986021272
2012-05-10,0.00011030714377284584,0.052923306413124954,-0.02113147147557218,0.0004124178986729542,-0.06396935168949172,0.004030528702177775
2012-05-11,0.0001102928869266532,0.0529257687925135,-0.021132124264070296,0.0004127655958079552,-0.06402318622499303,0.0040313835628211945
2012-05-14,0.00011022907873163284,0.052917087312369784,-0.02113380009932431,0.0004129781909980586,-0.06406470236234496,0.004032044206798699
2012-05-15,0.00011015769903368248,0.05290948043789975,-0.02113557765029757,0.00041308949403627484,-0.06408554600099932,0.004032766474073856
2012-05-16,0.00011014307494328954,0.052911583934833216,-0.021136534296146432,0.00041322643819383434,-0.06409161806455332,0.004035414459000328
2012-05-17,0.0001100731346819644,0.05290351019963101,-0.021136678556638512,0.0004131617682607009,-0.0641272682395429,0.004036284616255381
2012-05-18,0.00011003912693006906,0.052895387037108506,-0.021138354299473163,0.00041345863602393394,-0.06414123977679669,0.004037563279217524
2012-05-21,0.0001099416808473654,0.05289091764033703,-0.02113952853030197,0.00041349156496463187,-0.06418539916518985,0.0040382792340403015
2012-05-22,0.00010989504950586815,0.05289569505511083,-0.02114021180720701,0.0004137839431655408,-0.06416672977798235,0.004039865144662535
2012-05-23,0.00010984177277948155,0.052895046035866936,-0.021141576502572795,0.0004140315959598282,-0.0642007767904954,0.004040566492700169
2012-05-24,0.00010976225797503327,0.05288687914970164,-0.021143203784955312,0.00041401711309382394,-0.06422891967358849,0.004041384286775852
2012-05-25,0.00010980853441263729,0.052884867253503165,-0.021143617309324042,0.00041410553043041965,-0.06423360739018252,0.004042601510511808
2012-05-30,0.00010978200897291128,0.052877445586309,-0.021145432278635447,0.0004141921913972352,-0.06427056573741113,0.004043254203463553
2012-05-31,0.0001097260455667615,0.05287397377926892,-0.021146239897401355,0.00041417440904713406,-0.06429879330061153,0.00404482031304776
2012-06-01,0.00010971303802593045,0.05287139237027448,-0.021147602016450454,0.0004142281286342725,-0.06433322246258219,0.004046166126566039
2012-06-04,0.00010973755413143812,0.05287199428313055,-0.021149174484202657,0.00041431028188101726,-0.0643669160076397,0.004047221616273817
2012-06-05,0.00010972642499110187,0.05287605639523228,-0.021150318475289795,0.00041424708613562724,-0.06436188522166256,0.004049181513078234
2012-06-06,0.00010972202943397069,0.05287028531490357,-0.02115130387642185,0.0004142080887250603,-0.06438093749194505,0.004049831431849867
2012-06-07,0.00010959598462384024,0.052873591586009,-0.02115283994713832,0.00041420455210513173,-0.06440998076251664,0.004051235011211875
2012-06-08,0.00010956554306704373,0.05287228705407476,-0.021153548372102107,0.00041425385841742265,-0.06443550869940304,0.004052556590686971
2012-06-11,0.00010956053509210181,0.052868500615609965,-0.021155238566048055,0.0004142938637471337,-0.06444581926786423,0.004054114767435653
2012-06-12,0.00010961719380843625,0.05286711101225093,-0.021156013644473667,0.0004145303826816206,-0.06445536881959135,0.004055965031595223
2012-06-13,0.00010952210249947546,0.05286294636524831,-0.021157674829430144,0.0004144180509481253,-0.06451210548199683,0.004057951921724847
2012-06-14,0.00010950327869829488,0.052864620602499704,-0.02115819617334193,0.00041451140493930735,-0.06456739954013932,0.004059291658257492
2012-06-15,0.00010943610122214617,0.05286340474089235,-0.021159431135563265,0.00041460885046153584,-0.06460582157456178,0.004061457591107399
2012-06-18,0.00010941748617485363,0.05285966757860802,-0.021160704258313415,0.00041476172449723134,-0.06464939968859176,0.004063186038401704
2012-06-19,0.00010937525512264433,0.052851872659093246,-0.02116183932556759,0.0004147919874672765,-0.0646576466428091,0.004065412699361538
2012-06-20,0.00010938479405092483,0.05284904689323778,-0.02116320602974314,0.00041483660701147746,-0.06462414442045586,0.0040674693943720764
2012-06-21,0.00010935922699958229,0.05284628383203759,-0.021162944307104314,0.00041499292167915345,-0.06468783037075516,0.004068755509867439
2012-06-22,0.0001093667662504345,0.05284265080718436,-0.021163960249741515,0.0004151423436042426,-0.06470269095903802,0.004070555687142951
2012-06-25,0.00010930734848883846,0.05284602936451922,-0.02116537207185579,0.0004153061436736838,-0.06462850674907891,0.004070885581630601
2012-06-26,0.00010922114159090037,0.05284535024338182,-0.02116648765630419,0.0004154434453241912,-0.06465990635081617,0.004072791242037466
2012-06-27,0.0001091368655953532,0.05284384877323506,-0.02116773424232529,0.0004153045083027296,-0.06465473531265609,0.004075382414099826
2012-06-28,0.0001090685450780302,0.05284059817936057,-0.02116956405756028,0.0004155927197954009,-0.06467536141032149,0.004076825757556268
2012-06-29,0.00010898062582456469,0.05283457623535456,-0.021170286079357028,0.0004157261940024013,-0.06468240133917852,0.004078362596123379
2012-07-02,0.0001090255670271635,0.052826875848453435,-0.02117207608580955,0.0004157827455749148,-0.06473464742326389,0.004079762427622546
2012-07-03,0.00010896226523729035,0.05282277099596421,-0.02117345454232219,0.0004159252667262954,-0.06474359763582714,0.0040808406977736475
2012-07-06,0.00010892920522749246,0.05282491598982159,-0.021174724183935945,0.00041588579232866975,-0.0647638960385454,0.004082786773025265
2012-07-09,0.00010891375472205511,0.052817053573113046,-0.021175897226146465,0.0004159653232688515,-0.06476891506558168,0.004083861837576801
2012-07-10,0.00010896003946100217,0.05280946553619738,-0.02117585376297309,0.0004161363337189513,-0.06481348262433044,0.004085678862672115
2012-07-11,0.00010888188698260228,0.05280568248745944,-0.021177323051092302,0.0004162090105712629,-0.06483122389370623,0.004086194326621499
2012-07-12,0.00010881549114561235,0.05280453346875438,-0.0211789036231207,0.0004161926817204531,-0.06486190193783713,0.004087667983940186
2012-07-13,0.00010884116576335601,0.05280849201534706,-0.021180201563113094,0.0004161188423555144,-0.06491401872367089,0.004089269036622187
2012-07-16,0.00010885387706812023,0.05280386114047188,-0.02118171712027578,0.00041616257430489095,-0.06492337049429349,0.0040906511226241294
2012-07-17,0.00010882383198829293,0.052796884672497435,-0.021183825293669988,0.00041621710872427603,-0.06494801485022102,0.0040931391474052
2012-07-18,0.00010887453943921262,0.052792589901851615,-0.021185350009901772,0.00041644556928119856,-0.06495791851462517,0.004095124386166438
2012-07-19,0.00010886002187784762,0.052789693808962854,-0.02118528380842286,0.0004165048307906286,-0.06493427785055136,0.004096851849455112
2012-07-20,0.0001087938085411886,0.052783263903296324,-0.021185695334649507,0.0004166318978031824,-0.0649821598953985,0.004098169143963279
2012-07-23,0.00010878455569411882,0.0527755145827129,-0.021186814242188327,0.0004165574128875286,-0.06499361780037088,0.0040992865900717585
2012-07-24,0.00010874007449845785,0.05277558303101514,-0.021188233015791876,0.000416687287861291,-0.06501966165196336,0.004100984883251783
2012-07-25,0.00010877934253658794,0.05276988698321225,-0.021190181415009834,0.0004167487117658935,-0.06504964009117671,0.004103436765493267
2012-07-26,0.0001087465485849362,0.052766166459035244,-0.021192049791995297,0.00041678237073865894,-0.0650622535069325,0.004105071395992909
2012-07-27,0.00010865207437178853,0.05275694864187465,-0.021193759544641262,0.0004169707313821489,-0.06508746948268776,0.0041068177100673465
2012-07-30,0.00010856410604049962,0.05275509508655081,-0.021195801869184034,0.0004169813767659862,-0.06507240217971927,0.004108432527375339
2012-07-31,0.00010851888800098174,0.052749685092914333,-0.02119798911647845,0.00041709342819561026,-0.06505535039014915,0.004110894866389432
2012-08-01,0.00010853178446477615,0.05274813085892544,-0.021200007663104307,0.0004170693178038041,-0.06508036644071721,0.004113136339646108
2012-08-02,0.00010852157656959285,0.052746222453680346,-0.021201107781269594,0.000417125324662008,-0.06509732139572783,0.004114010291038954
2012-08-03,0.00010844299701203356,0.05274047904633662,-0.021203121681254503,0.0004170566330205141,-0.0650698858575399,0.004116240941183617
2012-08-06,0.00010836889578079288,0.052732120943262815,-0.021204814338495248,0.0004171699527202223,-0.06504581314103573,0.004118046554876116
2012-08-07,0.00010826395116464975,0.052728040676096974,-0.021206432009261787,0.0004172692862379181,-0.0650525812610128,0.004121004757997716
2012-08-08,0.00010820866520472849,0.05271924178224564,-0.021207495757771845,0.00041721954993746485,-0.06508970532642447,0.004123575821184136
2012-08-09,0.00010817294465599585,0.05271168204076488,-0.021208108391573114,0.00041699145935918325,-0.06510122049079814,0.004125780853971155
2012-08-10,0.00010813110399001503,0.05270127243605577,-0.021209356248587066,0.0004171692537283259,-0.06511640046607538,0.004128355231998024
2012-08-13,0.00010811625610403538,0.05269879087938492,-0.02121181071784183,0.0004175093729757366,-0.06510012001608104,0.004130932328730803
2012-08-14,0.00010802921676739191,0.05269253067845508,-0.021213371306549,0.00041750150359887205,-0.06513045024901994,0.004133213329598864
2012-08-15,0.00010795709022569223,0.05268744046302953,-0.02121545593331556,0.0004174998266036497,-0.06520862770033944,0.004134023908430409
2012-08-16,0.00010786378038056883,0.05268054662264765,-0.02121736515261865,0.00041749321660242844,-0.0652755221042102,0.0041351466442932075
2012-08-17,0.00010780775861236481,0.05267752592616627,-0.021218964620017988,0.00041743544134029413,-0.06531092740166598,0.0041383968347515985
2012-08-20,0.00010778462340845569,0.05267522459610313,-0.02122006046550959,0.0004175858514639748,-0.06534255906032857,0.004142292738655421
2012-08-21,0.00010777864700751974,0.05266858518399748,-0.021221609814042544,0.00041751637561114016,-0.06538952604274245,0.004144136919038033
2012-08-22,0.00010769110504135675,0.052667163997088734,-0.02122259642889439,0.00041758997885312594,-0.0654278844521977,0.004145930078287378
2012-08-23,0.00010769338109958707,0.052664352746697785,-0.02122381387084101,0.0004176177708448618,-0.06543040235991136,0.0041479829134191985
2012-08-24,0.00010766472207592462,0.052661248551540134,-0.021225729222674804,0.0004175934535551891,-0.06543572291801356,0.004149041002328849
2012-08-27,0.00010759875054788289,0.052654521964884536,-0.021227318434909787,0.00041771905712717375,-0.06544704457795097,0.004150378598550361
2012-08-28,0.0001075886372337714,0.05264578951998029,-0.021229088650599415,0.0004176121834525717,-0.06545675722872776,0.004153103875163917
2012-08-29,0.00010747130853292657,0.052634844599999925,-0.021230644809507204,0.00041753551694836174,-0.06547576998030431,0.004156009994254514
2012-08-30,0.0001074819612604212,0.05262864391681732,-0.021232187882044517,0.0004176766618452165,-0.06544652952754357,0.0041588140542169385
2012-08-31,0.00010745150309178806,0.052621972779396946,-0.021234069608535626,0.0004179595424009032,-0.065445159576139,0.004160601365823375
2012-09-05,0.00010741123340467611,0.0526161997315915,-0.021235775295531674,0.0004177779164461604,-0.06542921874850115,0.004162215885117729
2012-09-06,0.00010733409301355026,0.05261354850092716,-0.021237242380940637,0.00041791212839563743,-0.06543915087867298,0.004164893182988707
2012-09-07,0.00010732709166015543,0.05260617902562871,-0.021238932467291593,0.00041784116038281614,-0.06545741768565809,0.004166646596620627
2012-09-10,0.00010731995236058821,0.052597599601966034,-0.02124052868372254,0.0004178426571953525,-0.06550323469289826,0.004168152137036618
2012-09-11,0.00010731319105974822,0.05259172599977509,-0.021241258334936734,0.00041786239339976466,-0.06546797864368538,0.004170398146293376
2012-09-12,0.00010723981211548396,0.05258117001047828,-0.0212432427923755,0.00041796533243101643,-0.06551165858556525,0.004171609913939288
2012-09-13,0.00010717272467639563,0.05257999087311975,-0.021245013175420213,0.0004180558673088634,-0.06557673221292666,0.00417432762879881
2012-09-14,0.0001071301638399349,0.0525735079896155,-0.021247656530502597,0.0004185714018120291,-0.06558350857946546,0.004176814132109014
2012-09-17,0.0001071143260416878,0.05256570665586704,-0.021249316522263813,0.00041854299795554984,-0.06559046178991199,0.004179071638411812
2012-09-18,0.00010702137580558118,0.052556295904184085,-0.021251518901189363,0.0004187525021056515,-0.06563763159709343,0.004180073612581872
2012-09-19,0.0001069497468704766,0.052549470307026724,-0.02125302519299231,0.00041878416420542173,-0.06563463887052706,0.004181504191310067
2012-09-20,0.00010688657069386586,0.052544681633936996,-0.0212546336937759,0.00041886189673384975,-0.0656711940302745,0.004183868025471261
2012-09-21,0.00010689242373748064,0.052537543069124754,-0.021258017863159954,0.00041885381175696434,-0.0657204644305892,0.004186554630816818
2012-09-24,0.00010678844078119222,0.052531663846087054,-0.02125975405320171,0.00041899115514849796,-0.06572466524068583,0.0041886808156963015
2012-09-25,0.00010677935928685317,0.05251696203813039,-0.021260814608108698,0.00041904498304305173,-0.06574964694129268,0.004190924814981364
2012-09-26,0.00010677985058342142,0.05251188122001485,-0.02126159164576567,0.00041892016528494755,-0.06574735944902983,0.0041924490121329995
2012-09-27,0.00010673618190616083,0.05250144799684166,-0.021263986813950742,0.0004188409362361667,-0.06572433780924,0.00419387852371026
2012-09-28,0.00010668892373419213,0.05249083672591209,-0.021266408732411316,0.00041894501889904194,-0.06570615175227003,0.004195426930809838
2012-10-01,0.00010665175401568087,0.052490327879256116,-0.021269105675832897,0.000418928210424856,-0.0657295305963164,0.004198315018850112
2012-10-02,0.00010663072599968455,0.05248278626636829,-0.021270946232733467,0.0004188521569357524,-0.06579280269925523,0.004200740949253695
2012-10-03,0.00010655253231656637,0.05247317722173461,-0.021271865690992587,0.0004189103083232944,-0.06576139171280593,0.0042027448021801535
2012-10-04,0.00010648099116344447,0.052461622002458824,-0.02127422161767625,0.0004190841818585968,-0.0657897981297607,0.0042048216990779345
2012-10-05,0.0001063654629400556,0.05245112421251891,-0.021276338277340167,0.000419080861524763,-0.06577592396314579,0.00420716769877129
2012-10-10,0.00010628935190072999,0.05244191886228447,-0.021279089082897353,0.00041919090124496055,-0.06577070980377742,0.004209427332941636
2012-10-11,0.00010629046526999285,0.052437977466914074,-0.021281592356366598,0.00041940731239503205,-0.06583616589036585,0.004211181100447091
2012-10-12,0.00010623413105100428,0.052434644543996475,-0.021285299403421963,0.00041935515595851704,-0.06584692934079589,0.004213796264366599
2012-10-15,0.0001062059839015548,0.052430227650229574,-0.02128663579282744,0.0004194580241453042,-0.06587708420314191,0.004216225004119384
2012-10-16,0.00010609710988432184,0.052421940944183155,-0.021288935207216524,0.00041948935144029526,-0.06587563350441608,0.0042180181683564655
2012-10-17,0.000106031644428123,0.052418743696575565,-0.02129059292183628,0.00041956519802705997,-0.06585649520691002,0.0042197822663019476
2012-10-18,0.00010590345260836481,0.05240685718475306,-0.02129360916667491,0.00041953168513781503,-0.06591116947149718,0.004222516397437157
2012-10-19,0.00010584674602490317,0.052405314397967986,-0.02129636473140582,0.0004195650969960912,-0.06594997984510133,0.00422479524426274
2012-10-22,0.0001057605660125545,0.0523916969374093,-0.02129878333681623,0.00041957630232174073,-0.06593295701515631,0.004226833677748785
2012-10-23,0.0001056722596166073,0.05238529587997842,-0.02130088797383019,0.00041970701189264167,-0.06596732022007039,0.004229088933750427
2012-10-24,0.00010563111797021182,0.052376138969020575,-0.02130364775624286,0.00041995035548333964,-0.06599213655268102,0.0042312603249421215
2012-10-25,0.00010555662079228211,0.05236709534435506,-0.02130585731410249,0.00041992640021198545,-0.06600360772823691,0.004233407958185993
2012-10-26,0.00010550510364995658,0.05235672150118292,-0.021307888772628708,0.0004198691808457497,-0.06603224594925546,0.004236758784871452
2012-11-01,0.00010547204019231335,0.05234355003425968,-0.02130995962347653,0.0004199541635662485,-0.06602168532230712,0.004239255493909971
2012-11-02,0.00010542505524161929,0.05233931429620048,-0.021312170711623456,0.0004200927024648306,-0.06604678889546557,0.004242263961883557
2012-11-05,0.00010535778522941503,0.052325316518333706,-0.021314450907537773,0.0004203008974452408,-0.06610151882009399,0.004244757285214459
2012-11-06,0.00010525188895120239,0.052313841682229814,-0.021316931268200532,0.0004203260045198753,-0.06614515303310767,0.004247640020649884
2012-11-07,0.00010517831735042867,0.05230221742176602,-0.021319616663865764,0.0004202455773173155,-0.06614163355368392,0.004249946615812205
2012-11-08,0.00010511465049008265,0.052282762702220514,-0.021321693809636385,0.00042029585304698667,-0.0661352395035304,0.004252678909242339
2012-11-09,0.0001050830481088985,0.05227610608490174,-0.021323880687701628,0.0004203451755364198,-0.06619951180278338,0.004254627261786682
2012-11-14,0.0001050545076012248,0.05226185180033914,-0.021325817778663436,0.000420566525185326,-0.06620311145106424,0.004257228223656758
2012-11-15,0.00010498516343486297,0.05225140914834592,-0.021328527203774664,0.0004206097993713473,-0.06620679508292275,0.004259162029138907
2012-11-16,0.00010494796166583988,0.052245204737117135,-0.021331113578894247,0.0004205676979820631,-0.0662517320302248,0.004262262136918379
2012-11-19,0.00010493211861523416,0.052231946716913044,-0.02133331655646354,0.00042055048561681597,-0.06624817973866583,0.004264103377060965
2012-11-20,0.00010490066584692713,0.0522204909056853,-0.021335934068210813,0.0004205466748629784,-0.06627060973441819,0.004266652925613504
2012-11-21,0.00010490273449259228,0.052209876189120624,-0.021338151354297057,0.0004205762109254816,-0.06631383649979633,0.004268709329149447
2012-11-26,0.00010487482581142079,0.05219649086087844,-0.021340510564730797,0.0004204570579336367,-0.06630974833784967,0.004271908826961866
2012-11-27,0.00010477934716934162,0.052182635344083454,-0.021343130705874614,0.00042046602252407216,-0.06629718655827693,0.004274323951104068
2012-11-28,0.00010470259182643573,0.052168922746808774,-0.0213462978872529,0.00042049047637097157,-0.06631697986770832,0.00427736324952912
2012-11-29,0.00010468206576446993,0.052166099747860614,-0.021348412412205548,0.0004208064254278082,-0.06634916092139424,0.004279699885013396
2012-11-30,0.00010463674002772683,0.05215551874963638,-0.021350807210123217,0.0004210222569386258,-0.0664004795218747,0.004282436586367464
2012-12-03,0.00010460061326324503,0.052147434223539235,-0.021352762855682925,0.00042100898147901726,-0.06644648708012241,0.004285761772503177
2012-12-04,0.00010457411534178458,0.05213583766540769,-0.021355631974103357,0.00042104111544390377,-0.06643396598694971,0.004288519139818281
2012-12-05,0.00010450675188174245,0.05213201776057001,-0.021358526624432016,0.00042096556708702077,-0.06644538281498232,0.004291286173436559
2012-12-06,0.00010439857468468584,0.05212132102472161,-0.021360540865109266,0.00042112003398238844,-0.06644185176318741,0.00429335012485447
2012-12-07,0.00010428499971936389,0.052107480274457385,-0.021362643175390935,0.00042116929389675496,-0.06647229317367795,0.004295673844313109
2012-12-10,0.00010422836650773678,0.0520886535571247,-0.02136476825072551,0.0004213442535935611,-0.06646895273686042,0.004298600201555381
2012-12-11,0.00010420923870742273,0.05207255347650185,-0.021366888571507647,0.00042140771398583513,-0.06651524474751543,0.004301980577635412
2012-12-12,0.00010413580789687504,0.05206644776808993,-0.02136997909051605,0.00042138816109263475,-0.06651032462704265,0.004304620311333097
2012-12-13,0.00010412088066691388,0.052054968727824336,-0.021372517277100208,0.00042159360281749476,-0.06654880168092973,0.004306192245232821
2012-12-14,0.00010409859947135272,0.05204417026884651,-0.021375086557982946,0.0004215711009437759,-0.06659916052038908,0.004309135165630095
2012-12-17,0.00010412039032215543,0.052038284254808664,-0.021376462072574418,0.0004216607547597301,-0.06665532091634674,0.004311857477672081
2012-12-18,0.00010407039810913282,0.05202827495406065,-0.021378986844966738,0.000421697934017731,-0.06667463704820001,0.004313968575410621
2012-12-19,0.00010400421301893835,0.05201642789665356,-0.02138167797596574,0.0004218106085961705,-0.06667350681149348,0.004316148979134955
2012-12-20,0.00010393864986508935,0.052004794148038935,-0.021383845256662343,0.00042195911107521567,-0.06674034742691601,0.00431866056294607
2012-12-21,0.0001038803379133472,0.05199302771060077,-0.021385979664569694,0.0004221189713055739,-0.06676416400906061,0.004321749249372975
2012-12-24,0.00010383516216219869,0.05197778848236329,-0.021387867234740465,0.0004222646744115844,-0.06678469179323654,0.0043243172263264405
2012-12-27,0.00010377847176482054,0.05196932079254113,-0.021390038151279808,0.00042257813328399664,-0.06681798822074325,0.0043263227222398335
2012-12-28,0.00010374399474853902,0.051956057102718625,-0.02139231227048013,0.00042265457141361614,-0.06682516737425169,0.004328874989267128
2012-12-31,0.00010366714727451737,0.051948608517330803,-0.02139494577571032,0.00042279029740792656,-0.06686009302945135,0.004330775765461179
2013-01-03,0.00010367147756547574,0.051942697144937426,-0.021396713202920595,0.000422936077725604,-0.066835889209651,0.004333512509151789
2013-01-04,0.0001035816037092931,0.051927090105707056,-0.021398704265259427,0.0004229043748443757,-0.06688554779251385,0.004337419861394888
2013-01-07,0.00010352291843353687,0.05191395755096952,-0.021401555587162988,0.0004228213378820498,-0.06691153948599039,0.004340389210489419
2013-01-08,0.00010340119440560656,0.051909046873265266,-0.021404031317191097,0.0004229362423700826,-0.06698221128690011,0.004343762278294068
2013-01-09,0.00010340693200876286,0.05190179329797913,-0.02140633154824221,0.0004231796974573308,-0.06706224756713015,0.0043454182307953405
2013-01-10,0.00010330966125986721,0.051890396066085955,-0.021409040137238964,0.00042340500404593466,-0.06707287285345695,0.004347873915963818
2013-01-11,0.0001032967108957959,0.051881296165323096,-0.0214110891246664,0.00042339416031256363,-0.06710056899459588,0.004350442451047047
2013-01-14,0.00010329977734643875,0.05187752315658907,-0.021413496125315547,0.0004234636053864099,-0.06712312960684907,0.004352123124237747
2013-01-15,0.00010322846281291255,0.051864007961155575,-0.021414650292312157,0.00042337951168053127,-0.06715066899199579,0.004354499391067338
2013-01-16,0.00010324004793954144,0.051850036188165236,-0.0214172537003771,0.0004233393666574198,-0.06713204717231891,0.0043564357638601215
2013-01-17,0.00010312724129956711,0.05183866267490421,-0.02141905544969146,0.0004234733349085037,-0.06714113853156314,0.004358693406387361
2013-01-18,0.00010305544192057085,0.051829114783796836,-0.021421272364022786,0.00042356939970331314,-0.0671659887828562,0.004360654253838833
2013-01-23,0.00010303743812736663,0.05182319197443369,-0.021423987006193895,0.0004235200230997979,-0.06713954330379981,0.004363403932786784
2013-01-24,0.0001030623671820514,0.0518044518884017,-0.021425751176079602,0.00042348361118308873,-0.06718518381708792,0.0043663458562876725
2013-01-25,0.00010300874211028292,0.05179681011927359,-0.02142914979929179,0.00042361926581511566,-0.0671711538111269,0.004367732344821389
2013-01-28,0.00010301216052050269,0.051785638265434905,-0.021431280677318598,0.00042372770384187724,-0.06714936543353142,0.004371437312045393
2013-01-29,0.00010297355164692073,0.051774757014943745,-0.021433153189936504,0.00042375290966568355,-0.0671861826104216,0.0043739958116879
2013-01-30,0.00010301391689750811,0.05176256685684919,-0.021435224721985516,0.00042399991929340685,-0.06724490275787251,0.004376387139512736
2013-01-31,0.00010288242181976997,0.05175678690458327,-0.021437587334821366,0.000424122338800301,-0.06723740358388225,0.004379975730226762
2013-02-01,0.00010286189382181047,0.05174590935675219,-0.02144025739186828,0.00042414830830114,-0.06727904615093569,0.00438121118115863
2013-02-04,0.00010272987220351777,0.05173521227485341,-0.021442856639815575,0.0004240602451277989,-0.06729353382914811,0.004383340440885925
2013-02-05,0.00010265506151433719,0.05172331986455368,-0.02144529340977268,0.0004241096204109388,-0.06734799916610479,0.004385338232258759
2013-02-06,0.0001026293986168715,0.05171005133488782,-0.02144715285250921,0.0004240293091296532,-0.06734562418558133,0.004388005363276685
2013-02-07,0.00010261697653808448,0.051697713076507154,-0.02145014946034935,0.00042419073160750414,-0.06732708516197813,0.004390004701800811
2013-02-08,0.00010253973043687249,0.05168625414511407,-0.02145333092671199,0.0004242790689224187,-0.06734808773802602,0.004393376110758407
2013-02-11,0.00010249783438618789,0.05167359387677147,-0.021456358006409437,0.00042448545056784584,-0.06740839392393226,0.004394939891012176
2013-02-12,0.00010235768406431531,0.05166323488536814,-0.021458559515922408,0.00042452364448058186,-0.06749208391865516,0.004397824697905594
2013-02-13,0.00010233656396828789,0.05165468406325846,-0.02146110936663117,0.00042460219799392084,-0.06749526449134567,0.004400495187678297
2013-02-14,0.00010224196978288674,0.05164032154116253,-0.02146461504805269,0.0004246636658877008,-0.0675554239686538,0.004404043477343042
2013-02-15,0.00010227500274249054,0.05162085979947134,-0.02146732162004021,0.0004248309883670645,-0.06758234716976423,0.004407148704430541
2013-02-20,0.000102246231658656,0.05161256154596873,-0.021470016785572664,0.00042496936183279835,-0.06760238796252924,0.00441078438450056
2013-02-21,0.00010214660566242907,0.051598204209724,-0.021472578353648318,0.0004249604654419672,-0.06763813797186653,0.004412981276149043
2013-02-22,0.00010213709427392081,0.051586191230884815,-0.02147582317541541,0.0004251154352091185,-0.06766364093810248,0.004416642086339407
2013-02-25,0.00010213906524882092,0.05157399089389483,-0.021477884831909554,0.0004252286204197011,-0.06767291139166069,0.004419235298467922
2013-02-26,0.00010209813675376167,0.05155960468456957,-0.021480751673429877,0.0004252540224066719,-0.06765830983737729,0.004421600909802735
2013-02-27,0.0001020259355944566,0.05154576057023372,-0.021483263360320255,0.00042520319735165203,-0.06764806258538353,0.00442458769607031
2013-02-28,0.00010201601906493121,0.05153178830270436,-0.021485087105349177,0.0004252875107361164,-0.06764192918277764,0.004427296031555115
2013-03-01,0.00010194744482380094,0.051514109347446296,-0.02148696539821057,0.0004252712087264059,-0.06769132460319521,0.004429948498773123
2013-03-04,0.00010183075148798112,0.05150290754419416,-0.021490158208450735,0.0004253190113006185,-0.0677317489876986,0.004432255292837993
2013-03-05,0.00010182362126027813,0.051494036059998534,-0.02149315596591914,0.00042547649360583876,-0.06775284177441776,0.004435247135792215
2013-03-06,0.00010180284773304205,0.05148463389629336,-0.021496231471223252,0.00042553583824400817,-0.06776749491845036,0.004437317275538672
2013-03-07,0.00010178254322499569,0.05146948979659462,-0.021499103613601758,0.000425833265144189,-0.06775573693924082,0.00444066555044988
2013-03-08,0.00010177393486423609,0.051456902691155,-0.021500832373154942,0.0004258857923241367,-0.0677955740231304,0.00444372794989417
2013-03-11,0.00010172269191519235,0.05144207786687904,-0.021503544630778214,0.00042604746225060155,-0.06780698792884987,0.004447138772621031
2013-03-12,0.00010172656609218274,0.05143356504526679,-0.021506568908578633,0.00042600698465987906,-0.06775578144766649,0.0044492232231266955
2013-03-13,0.00010165546531690438,0.051426419447197655,-0.021509427590948337,0.00042603523850946224,-0.06780693853411657,0.004453376783843987
2013-03-14,0.00010165791403609842,0.05142137973999644,-0.021513165835380866,0.00042620111197215255,-0.06782570883909361,0.004456781608108101
2013-03-15,0.00010165930480738935,0.05140929724516673,-0.02151570386711058,0.00042624909882605765,-0.06782668644272627,0.0044599903891248995
2013-03-18,0.00010167760215544066,0.05139211078298499,-0.021518144367141546,0.00042642499018109267,-0.06783197402869735,0.004464278249618344
2013-03-19,0.0001016451616997709,0.05137949691069167,-0.021520468810843688,0.0004265536471537186,-0.06783570012706014,0.004467707781954469
2013-03-20,0.00010164904302154069,0.05135965534327541,-0.021522753351280653,0.0004265666800205654,-0.06781488487734953,0.004471741473600006
2013-03-21,0.00010158008921429569,0.051349056093927516,-0.021525883612046826,0.00042647238521415697,-0.06785960012483097,0.004475117732286957
2013-03-22,0.00010153007092436519,0.05133854497140318,-0.021530134484327765,0.00042653453193606204,-0.06784258947035438,0.00447890193505306
2013-03-25,0.000101483504926827,0.05132498302784484,-0.02153215416968822,0.0004268412963003949,-0.06785293391991931,0.004482837412414362
2013-03-26,0.00010136159143919716,0.051312319456209426,-0.021534808724031775,0.00042699484288797343,-0.06786502799327039,0.004485917798296203
2013-03-27,0.0001013407337382495,0.05130358924337482,-0.021538258295257434,0.0004271107224332254,-0.06793026532096888,0.004490546364991961
2013-03-28,0.00010132363200076832,0.051281713519401,-0.021540958606572725,0.00042726458725912166,-0.06797319727287714,0.004493652794321773
2013-04-02,0.00010123755190133918,0.05126637154714516,-0.02154394924378218,0.00042742242917665954,-0.06796842271080597,0.004496822001081912
2013-04-03,0.00010116663825920517,0.05125253645519099,-0.021546709941359668,0.00042735683446595656,-0.06798592979663692,0.004499948698814626
2013-04-04,0.00010114718879748429,0.05124198814138188,-0.021549728259525714,0.00042751578609571565,-0.06803296786883947,0.004502786517407351
2013-04-05,0.00010110290018505174,0.05122898233734429,-0.021552387945428332,0.0004275084679718175,-0.06809548837303839,0.004505277104652377
2013-04-08,0.00010110129953552695,0.05121666140633438,-0.021555639899520668,0.0004275218626146,-0.0681137611355474,0.004508764409976509
2013-04-09,0.00010115295806097059,0.05119933243385491,-0.021558475433666794,0.00042765958948959217,-0.0681268374815624,0.004512185298664158
2013-04-10,0.00010119439902897653,0.051185896840829095,-0.02156109801203427,0.0004276156839847094,-0.06817646610542592,0.0045144147377183495
2013-04-11,0.0001011347234413099,0.05117625675406097,-0.02156328736397159,0.0004276872889046638,-0.06820540496551983,0.004516335447681992
2013-04-12,0.00010109927847373558,0.05116154211752784,-0.0215656793477443,0.0004277879285459956,-0.06821522909840182,0.004518111581905692
2013-04-15,0.00010111376691592807,0.05114555091710291,-0.021569610804015368,0.00042790971422000516,-0.06819617399480028,0.004521009702373422
2013-04-16,0.00010111576828915736,0.05112124337613773,-0.02157268675051494,0.00042802765175380136,-0.06825256503595242,0.004524335240067745
2013-04-17,0.00010111694478474916,0.051107377180290306,-0.02157542188466206,0.0004279972325238925,-0.0682681160442567,0.0045272398184385216
2013-04-18,0.00010107673781460655,0.05109406360754613,-0.021577243839351258,0.0004280666689766347,-0.06825608145786234,0.004531264361360856
2013-04-19,0.00010107688801824693,0.05107755784587613,-0.02158099713363063,0.0004283254911782745,-0.06828511215434475,0.004533834056603617
2013-04-22,0.00010106193071513669,0.05107023785544067,-0.02158352713712321,0.0004282805307194651,-0.06830006288302139,0.00453626515479652
2013-04-23,0.00010098607404033151,0.051062474605943764,-0.02158579006415182,0.0004282491414378588,-0.06835432472271753,0.004540258030884294
2013-04-24,0.00010096287465315656,0.05105016039039634,-0.02158832876450931,0.0004285051677509372,-0.06837148533822725,0.004543075574626727
2013-04-25,0.00010093810432962571,0.051041065297780755,-0.021590660795618697,0.0004286048052721791,-0.06840161279321787,0.00454615735691637
2013-04-26,0.0001009601444100595,0.051027877643800776,-0.021593371852449687,0.00042875854139556727,-0.06842492471762526,0.004549508763273083
2013-04-29,0.00010096715451274869,0.05101459125074827,-0.02159523040311751,0.0004286352518208269,-0.06849558588333654,0.004552642920445801
2013-04-30,0.00010090530746126802,0.05100345814222988,-0.021597344850219156,0.00042856022664915775,-0.06854301477331917,0.004554208148994224
2013-05-01,0.00010082147177333339,0.05099328814051188,-0.02160036476711465,0.0004287761843269127,-0.06855548955032775,0.004559215960694964
2013-05-02,0.0001007971628282286,0.05098077151867266,-0.02160348399425614,0.00042903049605780394,-0.06858212306223574,0.004561985532501156
2013-05-03,0.00010084612577385317,0.05096386906525574,-0.021606094774685808,0.0004291553606697628,-0.06856178076840605,0.0045662500203452324
2013-05-06,0.00010084453394501193,0.05095161984077205,-0.021608251730130576,0.0004292293872987278,-0.06858642300820018,0.004570342347001726
2013-05-07,0.00010083799719654665,0.05093952661697118,-0.021609593000078642,0.0004294179515622298,-0.068569616194678,0.004573436952225671
2013-05-08,0.00010081252506025757,0.05093426581293592,-0.02161254138050344,0.0004295625780740112,-0.06857431089869176,0.00457753299741477
2013-05-09,0.00010077830618958579,0.050924724190136786,-0.021615322989381056,0.0004295717908352208,-0.06863727956684394,0.004582240020738375
2013-05-10,0.00010078090851676537,0.050909382152039974,-0.021618105046273955,0.0004295064835507088,-0.06868856822486961,0.004585260945488176
2013-05-13,0.00010075009829802183,0.05089453542357372,-0.021619912516264526,0.0004295524172487536,-0.06868900788123014,0.004588942667715825
2013-05-14,0.00010077076435284472,0.05088125444911605,-0.02162269365691117,0.00042952265150147955,-0.06874353140127624,0.004591522856162816
2013-05-15,0.00010069834287961785,0.05087146535125029,-0.021625503057241206,0.0004295326909908951,-0.06878579211408754,0.0045945958307452095
2013-05-16,0.00010069471542654108,0.05085682905540005,-0.021627569849864862,0.0004296556556553152,-0.06875098335025363,0.004596992470545083
2013-05-17,0.00010070246868922552,0.05084101662779408,-0.021630288961202844,0.000429677700214816,-0.06876647825886426,0.0045996526733181635
2013-05-20,0.0001007083178810411,0.05083209190125457,-0.02163262987760435,0.0004297841352377159,-0.06874128680461535,0.004602848851110857
2013-05-21,0.0001006881763299168,0.0508253217447775,-0.021636346693306205,0.00042987307221948635,-0.06874600806606493,0.004605526923435497
2013-05-22,0.0001006579915864587,0.050815072839769077,-0.021638291190759978,0.0004299077992065462,-0.06876544184679255,0.004608714617759334
2013-05-23,0.00010065686174721888,0.050806061061485455,-0.02164165953847815,0.00043001092102969987,-0.06878536641693932,0.004611455474378016
2013-05-24,0.00010059411120072939,0.05079704329892992,-0.021643758123809545,0.0004300488490047726,-0.06876638251809042,0.004614202333146242
2013-05-29,0.00010058893223433598,0.05078378710591412,-0.02164728598030567,0.00042993513947227964,-0.06875592900712194,0.004617400483258773
2013-05-30,0.00010057121791466693,0.05077509935237372,-0.02164943016803389,0.0004302005583693948,-0.06879563137464045,0.004620869635551561
2013-05-31,0.00010059905508038154,0.05076459355635522,-0.021652323612802667,0.00043004390021084973,-0.0688611862199137,0.004623078523600227
2013-06-03,0.00010058873743241101,0.05075010956433972,-0.021655084084964457,0.0004302530673900325,-0.06884321717816927,0.00462743382143583
2013-06-04,0.00010055387018044461,0.05074043480825942,-0.021657707122006296,0.0004304437985584016,-0.06886326024785001,0.0046317319287175664
2013-06-05,0.00010046515710155466,0.050727084543614076,-0.02166145395180449,0.00043031832456199746,-0.06885799831244298,0.0046347738610305325
2013-06-06,0.00010048727562871757,0.05071319335957629,-0.021664581338650676,0.00043026294960886446,-0.06887460878698841,0.004638026464967262
2013-06-07,0.00010038389690570802,0.05070024170779515,-0.02166618708716011,0.0004302053197628617,-0.06887296914551526,0.004640406859023799
2013-06-10,0.00010035381667918351,0.050689219658217446,-0.02166888067746546,0.0004300631510757425,-0.06890944030733517,0.004643025852965627
2013-06-11,0.00010033159151705422,0.050679266340213774,-0.021671500199581292,0.000430023538986282,-0.06898263030476677,0.004646053180694649
2013-06-12,0.00010029550902241626,0.05066678181312663,-0.021673903323524826,0.0004301770887683881,-0.06901828173600943,0.004649506686710296
2013-06-13,0.00010024719834828085,0.05065791489018483,-0.02167647261934183,0.0004302239959916367,-0.06896883948970525,0.004652915930507232
2013-06-14,0.00010020060863390044,0.05064252571281409,-0.021679473101386997,0.0004300828580663375,-0.06899274118813829,0.004656069411382852
2013-06-17,0.00010023098733342057,0.05063481346762223,-0.021682136308171156,0.0004301302669518503,-0.06902064320276126,0.004658461046732773
2013-06-18,0.00010017661415114813,0.05062238337071606,-0.021685254247427885,0.0004302374801464021,-0.06903023363767478,0.004661819905099055
2013-06-19,0.00010009901105317172,0.050603653656116396,-0.021687401481269113,0.00043018936411751244,-0.06905725739567219,0.004665526699889618
2013-06-20,0.00010009156779914703,0.05059683791566627,-0.021689290293763035,0.0004304545350872213,-0.06908219447889292,0.004668615089953135
2013-06-21,0.00010000256384345462,0.050587969959030615,-0.021690852312117665,0.0004303815986373941,-0.06910165158785828,0.004672221234098905
2013-06-24,9.995431370890365e-05,0.05057988065016035,-0.02169282571591666,0.00043036820511920535,-0.06913728607866926,0.004675401909404554
2013-06-25,9.993350149397152e-05,0.05056635715077465,-0.02169562398324112,0.0004305074193380543,-0.06916919138850515,0.004677545259225149
2013-06-26,9.993325783285752e-05,0.05055275798012654,-0.021698384263000376,0.00043060453050066533,-0.06921736675704374,0.004681384541424222
2013-06-27,9.985598582821966e-05,0.0505347071569208,-0.02170039400886964,0.0004307424501334949,-0.06927525713662891,0.004682899569930848
2013-06-28,9.985033093022792e-05,0.05052187638063979,-0.021703022676600552,0.00043101722458490613,-0.06933495168032873,0.004685436212647399
2013-07-01,9.978618789441518e-05,0.05051121377364681,-0.021706133653394414,0.00043091993540674066,-0.06933020827442403,0.004688799398243604
2013-07-02,9.972031457027063e-05,0.0504982113399776,-0.021708719850604605,0.00043108430552498176,-0.06939439262668176,0.004691726221246103
2013-07-03,9.963988686875747e-05,0.0504850383736349,-0.021711579479838202,0.0004312447266416045,-0.06948424681605975,0.004694215012885407
2013-07-08,9.959499077440262e-05,0.05047858013880652,-0.021714275296676282,0.00043130629508563107,-0.06949622888127752,0.004698827136282994
2013-07-09,9.959574884120195e-05,0.05046866283983142,-0.021716216284512715,0.0004313273713412257,-0.06956698449784926,0.0047018945735196275
2013-07-10,9.9524121667867e-05,0.05046306960824695,-0.021717127972063006,0.00043144378061704854,-0.0695787320187803,0.0047036752398245
2013-07-11,9.944819749463165e-05,0.0504513348014982,-0.021719573500729873,0.0004315845805718609,-0.06956481194732282,0.004706893537917946
2013-07-12,9.942230949897292e-05,0.05044859389901385,-0.021720891743177897,0.00043162775987110865,-0.06962040046914698,0.004710568293775532
2013-07-15,9.935224814276662e-05,0.05043791518351311,-0.021723972957689307,0.00043172924933495606,-0.06966596299810451,0.0047128567181450014
2013-07-16,9.92946701794095e-05,0.050424463907930976,-0.02172613470299914,0.00043194829872542794,-0.06971657072641643,0.004716444092910019
2013-07-17,9.926835263602333e-05,0.0504148855902882,-0.02172876108010399,0.00043198541385436285,-0.06974174809040626,0.004720373053844087
2013-07-18,9.924445896890394e-05,0.05040587116380629,-0.02173037323241501,0.000432135601992627,-0.06978839652457348,0.004723657134541004
2013-07-19,9.924843858270188e-05,0.050391091171128236,-0.021733759110575172,0.000432375402906429,-0.06982578414219782,0.004726164977338509
2013-07-22,9.915463083161471e-05,0.050371857886326254,-0.021737410116255417,0.0004324410334689677,-0.06982629451302287,0.00472934708328153
2013-07-23,9.916986795434777e-05,0.05035801570328835,-0.02173896432859945,0.0004323043461901706,-0.06982777638679989,0.004732777808281364
2013-07-24,9.910514570600346e-05,0.05035210730465936,-0.02174107517562332,0.00043246356801237684,-0.06987125009343449,0.004735218846193734
2013-07-25,9.903044147797641e-05,0.050339679708814006,-0.0217438264613851,0.00043247687523224627,-0.06990410231718111,0.004739029894696612
2013-07-26,9.902157648343694e-05,0.05033090109128466,-0.021745767684006437,0.00043281872045199755,-0.06989636014930299,0.004742092088978319
2013-07-29,9.891704913867971e-05,0.05031291837662445,-0.021748030299081157,0.0004328136912741817,-0.06988239630109791,0.0047451798689038364
2013-07-30,9.888634422439355e-05,0.05029724654708663,-0.021750760432210966,0.00043285853270727157,-0.06992225509035656,0.004747651243276835
2013-07-31,9.88401580974042e-05,0.050282534815193514,-0.021752634461924682,0.0004328614478657131,-0.0699288538727283,0.004750961753594315
2013-08-01,9.872139876628497e-05,0.05026628881947866,-0.021755528685940943,0.0004329928879885742,-0.06994276637957715,0.004753935394683074
2013-08-02,9.865249642267772e-05,0.050248012912510034,-0.021757255244831207,0.00043300403344381257,-0.06997924523516909,0.0047567345907658
2013-08-05,9.85821414489313e-05,0.050230570152787556,-0.02176036651362312,0.00043318521508154084,-0.06998205493001808,0.004759138689640275
2013-08-06,9.851160906603466e-05,0.05022262293433913,-0.02176292324732889,0.00043324100208795883,-0.07001229457193534,0.004763258141944756
2013-08-07,9.851159808785313e-05,0.050212946610827064,-0.021765358909669432,0.0004333100475323163,-0.07000381909332944,0.00476589637665665
2013-08-08,9.83951850136484e-05,0.05020255099508927,-0.021768352504097668,0.0004335437751450856,-0.07003984845094384,0.004768667463637461
2013-08-09,9.83040183898251e-05,0.050190911914318695,-0.02177176866751646,0.0004335911277509511,-0.07007254432596058,0.004772134550649098
2013-08-12,9.825076088209327e-05,0.05018247420436551,-0.021774877823665485,0.0004335593135074199,-0.07007992739509773,0.004775094705053149
2013-08-13,9.820973599425933e-05,0.05016663109559447,-0.02177743795363562,0.0004335365308888932,-0.0700822670629406,0.004777605833137915
2013-08-14,9.815807497831248e-05,0.050157924479561536,-0.021779955589541752,0.0004337606537200151,-0.07013432702389491,0.004779672795464143
2013-08-15,9.810737771292612e-05,0.050144440799415185,-0.02178074966986245,0.00043380755094695096,-0.07017740594149204,0.0047838155349510135
2013-08-16,9.80243111534587e-05,0.050133432732821816,-0.021783493605878064,0.0004338544283280705,-0.07020818478737476,0.004787550569471868
2013-08-19,9.797164806302322e-05,0.05011858799061725,-0.021785788080628657,0.0004338449844316314,-0.07021382763508982,0.004790630398781695
2013-08-20,9.79070552294384e-05,0.0501066687781399,-0.021786983732879125,0.0004339704219050178,-0.0702310779532588,0.0047938966756977995
2013-08-21,9.791079687845621e-05,0.05010037116574427,-0.021789237539800447,0.00043430860741507793,-0.07024935253126471,0.004796162353526725
2013-08-22,9.782504360744099e-05,0.05009273041729685,-0.021792116615777107,0.00043447519187473526,-0.07029911337031976,0.004798849574177307
2013-08-23,9.772027278518629e-05,0.05008398737075125,-0.02179411337555815,0.0004345914902119843,-0.07033531113356153,0.004801672299618491
2013-08-26,9.77263574616908e-05,0.05006857908263966,-0.02179590176883763,0.00043473366321915426,-0.07033996775979726,0.004804703313851835
2013-08-27,9.763752696555694e-05,0.050057109362089874,-0.021797513140524173,0.0004347222033703642,-0.07033905941666618,0.004807602983334846
2013-08-28,9.755551199963524e-05,0.05004855077860401,-0.02179967605575685,0.00043479853318841385,-0.07036397791405974,0.0048101259450942955
2013-08-29,9.751616838968519e-05,0.05004006606773047,-0.02180230841096547,0.00043501988689529584,-0.07038013829847856,0.00481317912912225
2013-08-30,9.749150906545332e-05,0.050031529056734816,-0.021803288062766983,0.0004351776522990466,-0.07043863586556423,0.0048154392147705454
2013-09-04,9.74476500441242e-05,0.050019734542948696,-0.021805722797334087,0.00043518685799184684,-0.0704447785490959,0.004819233828662984
2013-09-05,9.736578087002705e-05,0.050013159637190246,-0.021808324950559253,0.0004352715467556679,-0.07045490851616949,0.0048222083180821974
2013-09-06,9.72983063536304e-05,0.05000115216699184,-0.021810696691320373,0.0004351696675705624,-0.0705120757624691,0.004824497711733181
2013-09-09,9.719459946305273e-05,0.049990646285602625,-0.021812135504670326,0.0004353515390971131,-0.07050207062314935,0.00482674510882555
2013-09-10,9.711445810932198e-05,0.04998080369153447,-0.021814657965844024,0.000435444274066845,-0.07054297742517564,0.004830680330143734
2013-09-11,9.706783700961376e-05,0.04996851599419106,-0.021816482242957885,0.00043559215496889834,-0.07052848105219181,0.0048337669221689685
2013-09-12,9.699343660762394e-05,0.04995934092398226,-0.021818143989224336,0.0004357988148456418,-0.07051087974073518,0.004837965189126377
2013-09-13,9.687234026414308e-05,0.04994913738539426,-0.02181959364979509,0.0004360281065456064,-0.07055336312428499,0.004840357466146402
2013-09-16,9.685036743553138e-05,0.0499394343308288,-0.02182195040728068,0.0004363691058931986,-0.070547384457838,0.0048437631943355165
2013-09-17,9.669026773382396e-05,0.049928643886644884,-0.021825159507594897,0.0004365628180849639,-0.07059610341944703,0.0048453205326641395
2013-09-18,9.667313325732992e-05,0.0499133556777351,-0.021827393256595606,0.00043698229940678207,-0.07061241125089732,0.004848344950620525
2013-09-19,9.666349379153347e-05,0.049896348786438616,-0.021829009970294744,0.0004368062156329683,-0.07061913377441775,0.004851702519800254
2013-09-20,9.659449384404826e-05,0.04988962662966063,-0.021831517780352874,0.0004367819650517373,-0.07064698026069066,0.00485402188302715
2013-09-23,9.653711972820783e-05,0.04987145826799115,-0.02183384270453352,0.0004369497381694511,-0.07069870644610587,0.004857562511698207
2013-09-24,9.644279937330324e-05,0.049858541828709496,-0.021835583671786646,0.00043703480467132945,-0.07068856570720987,0.004861265909827116
2013-09-25,9.636775248135976e-05,0.04985142620559489,-0.021837888141634114,0.00043717121613643815,-0.07069058423007629,0.004863754525273856
2013-09-26,9.636337716195363e-05,0.04984672595350461,-0.02184071239789434,0.00043711668234436166,-0.07063725047872926,0.004866828337345388
2013-09-27,9.633003443577629e-05,0.04983639887152677,-0.02184333213744344,0.0004372293342327825,-0.07064256571498795,0.004869844363020369
2013-09-30,9.625255569675566e-05,0.049823852569002146,-0.021845408740784118,0.0004373471410868068,-0.07064367368794129,0.004873035624339618
2013-10-01,9.621036327103481e-05,0.049813278891883125,-0.021848604449915696,0.00043728534280141614,-0.07066738801514437,0.004876291276020073
2013-10-02,9.604065249081971e-05,0.04979803652425692,-0.0218511527627689,0.0004373894565567008,-0.0707105691431331,0.004878648108047882
2013-10-03,9.601402508523522e-05,0.04977885563459998,-0.021854228209098606,0.00043734113713547957,-0.07075293335403003,0.004880658025933708
2013-10-04,9.586285623601384e-05,0.049768412375684086,-0.021855976460249053,0.00043743348842930805,-0.07077610594942996,0.004883531308610847
2013-10-07,9.573060737528698e-05,0.04975852497521816,-0.021858528829621852,0.0004376230888744117,-0.0708301079685295,0.004886784903944334
2013-10-08,9.565566704996452e-05,0.04975340317707991,-0.021860426576664965,0.00043770692501006643,-0.07086737382085465,0.004889443318160619
2013-10-09,9.56070750523009e-05,0.04974522474262054,-0.021862878132737407,0.000437749187870547,-0.07087538035699509,0.004892143759753784
2013-10-10,9.556920234083977e-05,0.04973010540155744,-0.021864324067588196,0.00043796518465487024,-0.07090009532268715,0.004896438428646453
2013-10-11,9.548425159973465e-05,0.04972170934745019,-0.021866423818189804,0.00043791191425300954,-0.07090276160702966,0.004899336732822435
2013-10-16,9.538037994042611e-05,0.04970992310564166,-0.021868079380526213,0.00043803979507554076,-0.07095874722179128,0.004902904768946881
2013-10-17,9.528189640057002e-05,0.049706424768056603,-0.02187096683245877,0.0004382105838688679,-0.07096453979185596,0.004905673424677317
2013-10-18,9.517971419407427e-05,0.04969289719465882,-0.021873508104539117,0.00043818677141240804,-0.07095531081444892,0.00490852991042368
2013-10-21,9.512307596658227e-05,0.049684392133383985,-0.021875488349955154,0.00043819942486362877,-0.07100483951286435,0.004911644417748025
2013-10-22,9.506392550041172e-05,0.04967052595386296,-0.021877442382683895,0.0004384416097028308,-0.07103400598858571,0.004914433075520946
2013-10-23,9.498160114890918e-05,0.04966286321626834,-0.021878573889103622,0.0004385098575251005,-0.07100383700086849,0.004917956161729005
2013-10-24,9.497026977231001e-05,0.0496499725757677,-0.021880250243672558,0.0004386464800088102,-0.07104729894332229,0.004921096494246239
2013-10-25,9.487028588194189e-05,0.049646777828678004,-0.02188238158268776,0.00043855042111696303,-0.0709919193802931,0.0049242479445695654
2013-10-28,9.479645079130212e-05,0.04963234363231548,-0.021885376898009023,0.0004386279658292175,-0.07103165960382202,0.004927629366372665
2013-10-29,9.478850906207207e-05,0.04961394199935838,-0.021886945098144154,0.0004389743508086501,-0.0710297221436355,0.00493008629067418
2013-10-30,9.47171543669975e-05,0.04959507511328248,-0.021889047510109175,0.0004391207618032093,-0.07102164935657462,0.004933418100194298
2013-10-31,9.465265375302264e-05,0.04957768487391736,-0.0218916925083979,0.00043931631568675054,-0.0710295959849674,0.004936375788462401
2013-11-01,9.466088368859291e-05,0.04956223205473434,-0.021893346962667686,0.00043938487022977227,-0.07110136714020603,0.004939284485489356
2013-11-04,9.4641356713101e-05,0.04955273465006515,-0.02189509460381705,0.00043943867455493394,-0.07111787685615185,0.00494223760342338
2013-11-05,9.460309455390614e-05,0.04954015890446365,-0.02189609145618553,0.0004396049152350554,-0.07115113677522411,0.004945987141672704
2013-11-06,9.447720648960014e-05,0.049533938971391786,-0.021897519301541532,0.0004396539916636853,-0.07120692404332583,0.0049491121502842315
2013-11-07,9.440783321325525e-05,0.04952372881654884,-0.02189894090230456,0.0004399657931555631,-0.07119245352883578,0.004952383370938099
2013-11-08,9.431781813572831e-05,0.049512424560070184,-0.02190112226344169,0.0004399810694983903,-0.07121398777131267,0.004954815650367663
2013-11-13,9.426262421745293e-05,0.04949341821708528,-0.02190310857757175,0.0004401771528834383,-0.0712370183080107,0.004958073375985952
2013-11-14,9.412700295988046e-05,0.04948046981274547,-0.02190464996855127,0.00044013729834166675,-0.0712848918443295,0.004961322795943775
2013-11-15,9.405538901828469e-05,0.04946775074799363,-0.02190667624674965,0.000440209025488845,-0.07129199103338947,0.004964240116083987
2013-11-18,9.403163436733493e-05,0.04945660830107782,-0.021908561988465806,0.0004402050652435302,-0.0713369273701045,0.0049672926766640745
2013-11-19,9.392572000097729e-05,0.04944121283189059,-0.021910774063905004,0.0004402015735776457,-0.0713735379681857,0.004970792048679384
2013-11-20,9.383266317908597e-05,0.049430275056419316,-0.02191283835782756,0.00044040843996580445,-0.07140669483674966,0.004974622761790613
2013-11-21,9.386962738365924e-05,0.049414578881929516,-0.02191562059756478,0.0004405479561751342,-0.07145101293148806,0.004976902309351279
2013-11-22,9.376903523684776e-05,0.04939316893391148,-0.021917485006432706,0.0004408057455950296,-0.07146160258564163,0.0049801597034823805
2013-11-25,9.370754998017517e-05,0.04938394784350836,-0.021919045361970237,0.00044081328642537785,-0.0715126586929116,0.004982895280550608
2013-11-26,9.363811241201733e-05,0.0493750010966507,-0.021920926443506236,0.0004407659792408843,-0.07152955153627945,0.004986513036855125
2013-11-27,9.352747067826152e-05,0.049366402278289714,-0.021922109938872895,0.00044077798537658946,-0.07150324650667494,0.004988939046615983
2013-12-02,9.343115041211518e-05,0.04934895955190252,-0.021923876856138634,0.0004408526691351806,-0.0715328575617748,0.0049927106698898945
2013-12-03,9.334952242669224e-05,0.0493361646704,-0.02192533572614434,0.0004410502297925795,-0.07157540698040762,0.004996941907146153
2013-12-04,9.325454813661235e-05,0.04932630591830799,-0.02192696775918186,0.0004413652236981625,-0.07161653843177941,0.005000022024233507
2013-12-05,9.32475469140618e-05,0.04931782787236959,-0.021928834303660133,0.00044153113941291296,-0.0716202847761664,0.005003704460584664
2013-12-06,9.310153327914938e-05,0.04930734533573093,-0.02193075726581339,0.00044181080144983743,-0.07163281796792123,0.005007139593359024
2013-12-09,9.300093217180708e-05,0.04929971865273534,-0.021933311993104537,0.00044186541458251296,-0.07162180039450182,0.005010448572659144
2013-12-10,9.294863187364266e-05,0.04928515341578719,-0.021935335128988962,0.0004418118560830057,-0.07166679760637139,0.005013172614283801
2013-12-11,9.287934477798207e-05,0.04927706734665383,-0.02193621914370604,0.0004419219965211147,-0.07169788057626765,0.005016054430391628
2013-12-12,9.285005351752156e-05,0.04926491380256533,-0.021937954820005306,0.00044185880998813884,-0.07174424015171207,0.005019162501511677
2013-12-13,9.278922466850569e-05,0.0492523014958893,-0.021939101035520023,0.000441885976486985,-0.07177864341570458,0.00502271608237518
2013-12-16,9.268278282819068e-05,0.04924358955434652,-0.021940565676662027,0.0004419525041481133,-0.07180457434625825,0.005026152984255905
2013-12-17,9.260770228109239e-05,0.04923398772398606,-0.021942327295037367,0.00044210311789784427,-0.07177736665574506,0.0050289008370659
2013-12-18,9.248736816345462e-05,0.04922191613559169,-0.021944003024094508,0.000442342187276247,-0.07177020817911846,0.005032774767628482
2013-12-19,9.250997342914689e-05,0.04921723924456235,-0.02194613399850201,0.00044250436971047093,-0.07178840808837654,0.005034871615271936
2013-12-20,9.251244343102768e-05,0.049206932245980814,-0.021947531951260285,0.0004424936380626875,-0.07183261349099096,0.005038743346119208
2013-12-23,9.24830228260403e-05,0.04920912570588472,-0.02194806910140515,0.00044211571387627535,-0.07187329480946823,0.005041863568050591
2013-12-24,9.24963322843084e-05,0.04919876352889001,-0.021949244580518664,0.0004421291659311178,-0.07184686852196044,0.005045129110393326
2013-12-27,9.250973395054807e-05,0.049187729358065896,-0.021950477470933066,0.0004421804975928165,-0.07191989930855809,0.005048340356901875
2013-12-30,9.242141974913297e-05,0.04917872690315611,-0.021952487569893396,0.00044231830316479386,-0.07196188803745603,0.0050509653521730565
2013-12-31,9.235729826058043e-05,0.04916172823012735,-0.021954319994950202,0.0004423915657094554,-0.07199186325872947,0.005053631850954983
2014-01-03,9.224838508696609e-05,0.04915109168310768,-0.02195625437830694,0.0004424476549383672,-0.07198977370189553,0.005056198120904227
2014-01-06,9.212724981947805e-05,0.04914166496372556,-0.021958568201349185,0.0004425637883722159,-0.07199687695999259,0.005058366383334911
2014-01-07,9.20948571255142e-05,0.04912800233571065,-0.021960387376041984,0.0004427722017740443,-0.07196281188768609,0.0050611185113687805
2014-01-08,9.2053613176892e-05,0.04911210849930276,-0.021961816933121228,0.0004430706616660625,-0.07202049657275537,0.005063607697057929
2014-01-09,9.19618231054715e-05,0.049101189322491356,-0.02196283455607123,0.00044307626991583977,-0.07202100818209431,0.00506647969155239
2014-01-10,9.187719069946967e-05,0.049085837161066126,-0.02196496549953677,0.0004432464345845177,-0.0720138410453656,0.005069725367104112
2014-01-13,9.17991302955987e-05,0.049075493927283234,-0.02196623001669222,0.0004433388044514319,-0.07207294493105891,0.005073526333304536
2014-01-14,9.173168164578454e-05,0.04906139925966761,-0.02196809594024399,0.0004434905685880349,-0.07208071586970285,0.005076830033121183
2014-01-15,9.1703316739501e-05,0.049051075034990996,-0.021969811531973693,0.00044359730769675664,-0.07210684344059069,0.0050815077747988005
2014-01-16,9.158262715505673e-05,0.04903954931254709,-0.02197247762024899,0.00044379214611968735,-0.07215569793086347,0.0050840772893556456
2014-01-17,9.154148783555754e-05,0.04903190171803613,-0.021973140216820453,0.00044366936764253496,-0.072149522812259,0.005087357718082053
2014-01-22,9.143013325051293e-05,0.049021160558071646,-0.021975206364885966,0.00044376586963999634,-0.07220036136925645,0.00509050809547815
2014-01-23,9.136869002126575e-05,0.04900621968763286,-0.0219773283572597,0.00044399512044779164,-0.07218218381294395,0.005094457035320991
2014-01-24,9.133001070704751e-05,0.0489937335647735,-0.021979322365414417,0.00044405077319580093,-0.07216136510110893,0.005097140395268678
2014-01-27,9.12560393471371e-05,0.04897937351987512,-0.021981433972795325,0.00044416634057576617,-0.07216385534972902,0.005100173402467333
2014-01-28,9.119763868919187e-05,0.04896792555350922,-0.021983386437866268,0.00044433586164351963,-0.072241583678301,0.005102787124637177
2014-01-29,9.113138199963972e-05,0.04896148054365697,-0.021985452058431366,0.00044442091138653834,-0.0722638362922248,0.0051047444724722285
2014-01-30,9.106677503807728e-05,0.048947147715500856,-0.02198725826614407,0.0004444965160013358,-0.07234023690057899,0.005106407817442851
2014-01-31,9.096244376767155e-05,0.04893555294368013,-0.021988368505906526,0.000444554815324703,-0.07241004478015127,0.005109470750159557
2014-02-03,9.085078287119686e-05,0.04893003607834223,-0.021989503245385112,0.0004447619148787715,-0.07242340299303147,0.005112270279748317
2014-02-04,9.074808352452248e-05,0.04891943340930899,-0.02199008371691568,0.0004448243693702807,-0.07243433844382981,0.005115397561969748
2014-02-05,9.06746948419836e-05,0.04890827604999812,-0.021992737420364082,0.0004448275556328321,-0.0724993904970608,0.00511838853703339
2014-02-06,9.064837455880613e-05,0.048893360298328456,-0.021995364342436374,0.00044487637651253586,-0.07247732658125493,0.005121857951667424
2014-02-07,9.055855722082666e-05,0.04888815727098172,-0.021996549398665854,0.0004450257664302462,-0.07250744810039514,0.005124895215272957
2014-02-10,9.050067567205726e-05,0.04888663834857288,-0.021998701636016173,0.0004451033545635618,-0.07250233467733785,0.005127733672202468
2014-02-11,9.041257911848933e-05,0.04886998241720282,-0.021999920525536745,0.00044529810805554114,-0.07253009277095057,0.005130525829647729
2014-02-12,9.03423256802351e-05,0.048861022230449774,-0.02200141468947151,0.0004455886384399676,-0.07256623628155333,0.00513297576093304
2014-02-13,9.032851202442745e-05,0.04885884263489017,-0.022003295527815506,0.0004456432480546271,-0.07257738923085218,0.005135596117725048
2014-02-14,9.027964954623431e-05,0.04884740731513064,-0.022004891768140685,0.0004458433931447066,-0.0725950860813263,0.005138194779392076
2014-02-19,9.01910944718158e-05,0.048840989093699994,-0.022006543683429837,0.0004459467652858645,-0.07261234812655831,0.005140832344101447
2014-02-20,9.013283180758045e-05,0.04883034758023147,-0.02200811245151472,0.00044616586638673134,-0.07265612172609152,0.005145623221383261
2014-02-21,9.00873589238119e-05,0.0488206706121205,-0.022009680879639993,0.0004461601057608427,-0.07268600792939606,0.005147548144726678
2014-02-24,8.999987515796151e-05,0.048808079924677505,-0.02201183955079088,0.00044618053704418637,-0.07268705193794361,0.005150263222669701
2014-02-25,8.98383667621557e-05,0.04879360188666158,-0.022013489113505244,0.000446486597836969,-0.07272539179351495,0.0051530686400495474
2014-02-26,8.976588091182763e-05,0.048782098720449335,-0.022015721094814047,0.0004466636020419928,-0.07275638539757939,0.005155447663686921
2014-02-27,8.96712062958596e-05,0.048770010254993085,-0.022016641496140278,0.0004468069091499756,-0.07276063635990895,0.005157755536930358
2014-02-28,8.961532984950382e-05,0.048759853233711764,-0.022017659694857975,0.00044683193099309275,-0.07277425489104293,0.0051607188363029695
2014-03-03,8.952949944246073e-05,0.04875236542950761,-0.02201954645157168,0.0004470115195717003,-0.07278489716908383,0.005163718834257578
2014-03-04,8.940056366809983e-05,0.04874329765979232,-0.022019922488649545,0.0004472557121352154,-0.07279243986689793,0.005166588487021933
2014-03-05,8.937293322474257e-05,0.0487344222737843,-0.022021421002479315,0.00044743534567406385,-0.0727878238188321,0.005169071113611335
2014-03-06,8.931596757084763e-05,0.048726931164453036,-0.022022594000258133,0.0004476067734041663,-0.07277964257496058,0.005172049736217868
2014-03-07,8.924815018968335e-05,0.048716027804333026,-0.022023545396067865,0.0004476936981577036,-0.07281550942479967,0.005174123540112723
2014-03-10,8.912676860412208e-05,0.04871006593907584,-0.022025534329582767,0.00044779520049501845,-0.072876413756768,0.005177415869651653
2014-03-11,8.902644284933928e-05,0.04870255462049883,-0.022026478430146334,0.00044811424161886847,-0.07289281421395312,0.0051805903572500304
2014-03-12,8.88814339262978e-05,0.04869085882335872,-0.022028634322827704,0.00044819292804357974,-0.07291315496932066,0.00518219270703401
2014-03-13,8.88296804253848e-05,0.048675908435653496,-0.02203026297425452,0.0004483266822065029,-0.07292456867883693,0.005183794304263026
2014-03-14,8.874745519135143e-05,0.04866000734597742,-0.022031043581477307,0.0004484461328670595,-0.07301200091828276,0.00518673513034016
2014-03-17,8.864543740605288e-05,0.04865219147617268,-0.022032826061313855,0.00044844681752020965,-0.07298484442387845,0.0051880658079003685
2014-03-18,8.853873648014812e-05,0.048642472261607,-0.022035683586632326,0.0004486145909490829,-0.07302013159776279,0.005189343112735964
2014-03-19,8.850861095691435e-05,0.048633818394328523,-0.022038263013269516,0.00044882941223878996,-0.07302079186808766,0.00519297016220471
2014-03-20,8.837331772907264e-05,0.0486208458991627,-0.022040737081857532,0.00044900903319616885,-0.0730767093878884,0.005195689477424448
2014-03-21,8.829516782982958e-05,0.04861033525709355,-0.02204251030554421,0.00044898245356732384,-0.07311086357618797,0.005197864674637211
2014-03-24,8.818314278639346e-05,0.04860221868642157,-0.022044502473071822,0.00044899921595421236,-0.0731112553070715,0.005198866167873302
2014-03-25,8.8114986562944e-05,0.04859424610693057,-0.022046255059829975,0.00044904110733841383,-0.0731250471242828,0.0052000890447520785
2014-03-26,8.801535396110954e-05,0.04858905984596282,-0.022048268167476896,0.0004493166904531422,-0.07317447433993508,0.0052031137138876735
2014-03-27,8.797917338421299e-05,0.048586563435543996,-0.02204912219102604,0.0004495212622159674,-0.07325217756079243,0.005204240583583461
2014-03-28,8.795444652503258e-05,0.04857384397370013,-0.022050810061747188,0.0004496060372700671,-0.07327746415600174,0.005206241143118538
2014-03-31,8.791905403619381e-05,0.048555129888914,-0.02205259318634464,0.0004495875078996991,-0.07331465486736148,0.005207902718945321
2014-04-01,8.78398074161482e-05,0.04854632123322797,-0.022055085819429436,0.0004496638931130654,-0.07330223763053043,0.005210373020647584
2014-04-02,8.774957983070975e-05,0.04853916759556038,-0.022057261197588742,0.00044980318452039736,-0.0733587276560294,0.0052117474809905045
2014-04-03,8.763619935850514e-05,0.04853097138330188,-0.02205902845039841,0.00044988025938629483,-0.07337914631028886,0.005215055496515807
2014-04-04,8.76110865339791e-05,0.04852607642312338,-0.022059744535345316,0.000450026332992204,-0.0733822346482434,0.005217988312836076
2014-04-07,8.75284549841772e-05,0.04851753852991155,-0.022061361714133015,0.00045000994427123306,-0.07342685821476658,0.005220432051998954
2014-04-08,8.740436516209324e-05,0.04851428829715158,-0.02206363048179494,0.00045004061096661874,-0.07343166448960023,0.005221996518396906
2014-04-09,8.729727003142668e-05,0.048505659417284575,-0.022065141100959102,0.0004501431474125604,-0.07347548114038174,0.005224866997752642
2014-04-10,8.724463999250167e-05,0.0485009333620505,-0.022066424571628055,0.00045021956557610284,-0.07350512659447461,0.0052269584058228765
2014-04-11,8.714923984826277e-05,0.04849467797236253,-0.022067150717701618,0.00045045959575472946,-0.07353771029928595,0.005229857004831728
2014-04-14,8.705614816731707e-05,0.04847717444850558,-0.022068575767562364,0.00045058002468460496,-0.07355581818334347,0.00523314806058665
2014-04-15,8.705288823263332e-05,0.04846566202272488,-0.022070537734976962,0.0004507934630131396,-0.07358941748500275,0.005235256153113337
2014-04-16,8.691996338230478e-05,0.04846004676897823,-0.022071724920268564,0.00045073021084482585,-0.07354764841365638,0.0052365156822542416
2014-04-17,8.686651090274386e-05,0.04845285868574771,-0.022073051422873618,0.000451005515416672,-0.07358585701500613,0.00523832334352466
2014-04-22,8.676537841422804e-05,0.04844648381572959,-0.022074617637470456,0.0004511568485361711,-0.0736130275484493,0.005241767092091167
2014-04-23,8.668172927455805e-05,0.04844390453113602,-0.022076834040485434,0.00045137176861542424,-0.0736400937215229,0.005243777365126854
2014-04-24,8.657846769398549e-05,0.04843713243179297,-0.02207851533628898,0.0004515332503935698,-0.07367981100760337,0.005246164829936225
2014-04-25,8.652382971481963e-05,0.048429263117594164,-0.02208023749742078,0.00045176146217124633,-0.07371781581527233,0.005248109352561413
2014-04-28,8.647327211504274e-05,0.04842793449777355,-0.02208174698093461,0.00045191679705437553,-0.07375203056422175,0.005250742921813594
2014-04-29,8.628725030848284e-05,0.04842247182256908,-0.02208367493947379,0.0004521794919294565,-0.07379080606881802,0.00525272046249417
2014-04-30,8.62920667199173e-05,0.04841278016047319,-0.022085918739742683,0.00045232404697313495,-0.07380275375408654,0.005254800128606614
2014-05-01,8.622278663002165e-05,0.0484058411480376,-0.022088190882289596,0.00045248136502841767,-0.07381490098618158,0.005256874498510512
2014-05-02,8.6163633114818e-05,0.04839416072722648,-0.022089902510866306,0.0004525881673818023,-0.07381310094967082,0.005258923439773996
2014-05-05,8.605932800547426e-05,0.04838483564255161,-0.02209088690268482,0.00045253328889927947,-0.0738624323468229,0.005260608312288157
2014-05-06,8.599781617770239e-05,0.04838057561406973,-0.0220918086772159,0.0004528712741474823,-0.07389895171528622,0.005263085671961972
2014-05-07,8.591606276558832e-05,0.048377238827013114,-0.022092541169986678,0.00045326653749144325,-0.07390495998764775,0.005264606705147215
2014-05-08,8.576653717843325e-05,0.04837068489073293,-0.022094041429388585,0.0004531054392980544,-0.07392454028398035,0.0052664489683292804
2014-05-09,8.568783343286732e-05,0.048371011228913866,-0.022094961101244974,0.0004533637540439459,-0.07401977589533676,0.0052685032958805856
2014-05-12,8.559712137597087e-05,0.0483672285528094,-0.02209619674472752,0.0004536566176915894,-0.07406037789789115,0.005270469185297939
2014-05-13,8.550057739724914e-05,0.04835882815035686,-0.02209781181634214,0.00045375445220302693,-0.07407389504914634,0.005271302813303771
2014-05-14,8.549336589651506e-05,0.048354140152669624,-0.022100103214596826,0.00045393740758463267,-0.07406423853484098,0.005273365962452822
2014-05-15,8.545713397590374e-05,0.04835057520868817,-0.022101758321533136,0.00045401550030472034,-0.07404424970818786,0.005275051332176971
2014-05-16,8.536316348469678e-05,0.048345567303842464,-0.02210244217637123,0.00045399505304328196,-0.07408320965865496,0.0052780160434935195
2014-05-19,8.529667741981984e-05,0.04833439591744899,-0.02210436616245261,0.0004541014635288548,-0.07409542437745362,0.0052802769463542116
2014-05-20,8.520121699966222e-05,0.04832906384168222,-0.022105916254613618,0.0004541323298784271,-0.07411228468414538,0.005283426643576547
2014-05-21,8.513654502083205e-05,0.04832310359815608,-0.02210782442695058,0.0004544326366563985,-0.07413497047344025,0.0052860596952165415
2014-05-22,8.507703741830816e-05,0.0483174447831142,-0.022109229815234915,0.000454495250046669,-0.07415851660355435,0.005286976792234624
2014-05-23,8.501773955554644e-05,0.04830313640364032,-0.022110592446914365,0.0004545634489631309,-0.07416359042079469,0.005288623001495414
2014-05-28,8.493005372063729e-05,0.04829559068689705,-0.022112481748426345,0.00045466925279750265,-0.07420571450582912,0.005290350744513395
2014-05-29,8.488257711378137e-05,0.048290507839012745,-0.022114065623031216,0.00045478386627258584,-0.07421558859589919,0.005291597812097874
2014-05-30,8.48548130964267e-05,0.048286672329253405,-0.022115216960522474,0.0004548974947398565,-0.07420790626899809,0.005294341419046599
2014-06-02,8.480626341485617e-05,0.048282587976040695,-0.02211624004585758,0.0004548366813649786,-0.07427597409163797,0.0052962755619885985
2014-06-03,8.465868542550614e-05,0.048277674442398485,-0.022117190410263277,0.0004548653188687912,-0.07430702575962232,0.005298893132234197
2014-06-04,8.45705970117433e-05,0.04827186100778802,-0.0221174209461009,0.0004549449889274464,-0.07434186035209331,0.005301484210604608
2014-06-05,8.444122819332548e-05,0.04826495390255181,-0.022118643596290063,0.0004549093800917817,-0.07435488082854838,0.005303891641780155
2014-06-06,8.436483060762126e-05,0.048257282077628944,-0.022119371208875544,0.0004549300098281967,-0.07434197513781646,0.005306044155735256
2014-06-09,8.428409427175168e-05,0.0482479474766003,-0.02212158085987448,0.00045516223439760826,-0.07439794843843457,0.005307954495480605
2014-06-10,8.422893829413005e-05,0.048242267778209114,-0.022122902868361192,0.00045521870828814294,-0.07438892525925832,0.0053096101784334705
2014-06-11,8.415307324090271e-05,0.04823490868214808,-0.022124062758350563,0.0004552971468723079,-0.0743344853539342,0.0053120849822576
2014-06-12,8.411871814548874e-05,0.04822690432205866,-0.02212629520217436,0.00045530179424116423,-0.07434787228719134,0.005314107461047565
2014-06-13,8.413781920187311e-05,0.048223506285831566,-0.022127474046385043,0.0004552791733672205,-0.07435626778314815,0.005315804033258987
2014-06-16,8.408099362219415e-05,0.04822346281983346,-0.02213008536545042,0.00045515601076205245,-0.0743639463423072,0.005316134216585154
2014-06-17,8.393675934086168e-05,0.04821426424384295,-0.022131406014192917,0.000455280790907556,-0.07433815359356927,0.0053191185344869185
2014-06-18,8.386457370565667e-05,0.04820721090467123,-0.02213188517601153,0.00045531393991842927,-0.07438091743536197,0.0053203263339355045
2014-06-19,8.382908548192059e-05,0.048202306810848784,-0.02213405324994128,0.0004553053683461182,-0.07436231837229108,0.005321519023211579
2014-06-20,8.383572063149352e-05,0.048197535642329155,-0.02213545191249274,0.0004554515535766044,-0.07437863349731505,0.005322901755665651
2014-06-23,8.372739274517137e-05,0.04819122942936137,-0.02213645304935569,0.0004554845985384934,-0.074369997300099,0.005324753382775348
2014-06-24,8.363771203050996e-05,0.04818802993063716,-0.022138707397628705,0.00045544027692785347,-0.0744184040042942,0.005325283482226979
2014-06-25,8.356862246472582e-05,0.04818117111473315,-0.022140676078412823,0.00045543115074185656,-0.07446742743917496,0.005326891833534812
2014-06-26,8.356517163680305e-05,0.048173352415518275,-0.022142037543415632,0.00045561545456879985,-0.07446085015886282,0.0053282863084875825
2014-06-27,8.349966336016162e-05,0.04816722297690666,-0.022143679714304802,0.00045573135557169114,-0.07446243724476613,0.005330644919769652
2014-06-30,8.345908240669581e-05,0.04816422822457426,-0.022145789433121538,0.00045592199286082185,-0.07447306025443944,0.005332087508811398
2014-07-01,8.33138834766075e-05,0.048150732160172016,-0.022146593647462572,0.0004561415641123046,-0.0744854856291867,0.0053344023024260645
2014-07-02,8.31959348855247e-05,0.04813937627065199,-0.022148312662866966,0.00045624419527710657,-0.07452326291229142,0.005336070628184337
2014-07-03,8.30716531347961e-05,0.04812963381668432,-0.0221503129498585,0.000456396992120827,-0.07458261832103744,0.005337695843669308
2014-07-08,8.294613168632697e-05,0.04812048750384493,-0.022152433470149335,0.00045652646754703924,-0.07460106963091566,0.005339962037300144
2014-07-09,8.287623775177668e-05,0.04811901736159217,-0.022154739578972495,0.00045670395827492185,-0.07461218915800992,0.005341935914652155
2014-07-10,8.280833554458007e-05,0.048110281476212685,-0.02215614823474193,0.0004568313672085433,-0.07466398914700904,0.005344503432574846
2014-07-11,8.27445442298762e-05,0.048102263644883306,-0.022157191180817683,0.00045687949795791046,-0.0747131323418086,0.0053455274630371625
2014-07-14,8.259000595724301e-05,0.04809221850124202,-0.022158349465641294,0.0004571109217014667,-0.07470165790590313,0.005346207468947392
2014-07-15,8.25179502854582e-05,0.04808986604593522,-0.022159288157481416,0.0004571600865860135,-0.07473176169674126,0.005348996377414232
2014-07-16,8.239120704075012e-05,0.0480842167802929,-0.022161134763637385,0.000457218272288741,-0.07472781299878103,0.00535080601296247
2014-07-17,8.234097704943545e-05,0.048081237812828,-0.022162583306240446,0.0004573851561976401,-0.07476943334614902,0.005352468647208618
2014-07-18,8.224830227024016e-05,0.04807235423050886,-0.022163941315896697,0.00045758942672129155,-0.07482382994928782,0.005354516297071909
2014-07-21,8.222078944445041e-05,0.04806628206991212,-0.02216523256976476,0.00045760493893208065,-0.07487065926512772,0.0053555934007435985
2014-07-22,8.211260470964945e-05,0.04806396776142427,-0.022167312174365697,0.00045769158866026374,-0.07487953760297118,0.005358068436086279
2014-07-23,8.19971032182658e-05,0.04805544173211773,-0.02216828891618593,0.00045758353789139615,-0.07487728007691381,0.005360136474640658
2014-07-24,8.192756584968857e-05,0.04804690918424192,-0.022168977599871707,0.00045753408397675545,-0.07492772071282053,0.005361566641270023
2014-07-25,8.187012212295967e-05,0.04804049934433571,-0.022170301607232,0.0004577034880682921,-0.07493685760114356,0.005364956355070997
2014-07-28,8.178906010741603e-05,0.048033336730836734,-0.022171899625830008,0.00045768136614100004,-0.07495075631281282,0.0053664016870878664
2014-07-29,8.176500637682759e-05,0.048029222951856076,-0.022173978451663166,0.00045759186744224675,-0.07506648639561037,0.005368130743621968
2014-07-30,8.175718568499124e-05,0.0480192789841791,-0.022175489526946823,0.00045766212360491456,-0.07506614210738213,0.005369493370507121
2014-07-31,8.166662456992783e-05,0.04801075018011139,-0.02217746533599812,0.0004574766708216113,-0.07510717803482522,0.005371283331168639
2014-08-01,8.156521165497241e-05,0.048008515818045466,-0.022178224496885668,0.0004576025295260014,-0.07509372288538328,0.005373728080868589
2014-08-04,8.153294578353378e-05,0.0479987753134674,-0.02217974457997052,0.00045754875306105677,-0.07517346183538452,0.005375863358724002
2014-08-05,8.146377695561764e-05,0.04798690580278653,-0.022181581630171556,0.0004575450668193071,-0.07521848392779154,0.005377487464927789
2014-08-06,8.132398518674239e-05,0.047979738572751576,-0.022182624052472576,0.00045733301087595615,-0.07522882880665964,0.005379117334875984
2014-08-07,8.132975807548996e-05,0.047973101545359886,-0.022183953963397982,0.0004573357199325434,-0.07520722395127638,0.005381942247858618
2014-08-08,8.129594882661225e-05,0.04797041668649264,-0.022185690667150284,0.0004572333066138721,-0.07526197728679809,0.005385038779328957
2014-08-11,8.126279994693688e-05,0.04796302931327786,-0.02218672517839405,0.00045736076677809607,-0.07525772090940631,0.005387041692630356
2014-08-12,8.118778399153806e-05,0.04795998490939213,-0.022188188984153142,0.00045754423358848194,-0.07527132606241904,0.00538993495848007
2014-08-13,8.110833512608721e-05,0.047952838918923796,-0.02219023680000774,0.0004574521308045072,-0.0752109747042152,0.005391829589232396
2014-08-14,8.105564813918867e-05,0.04794924173928476,-0.022191639197157928,0.00045747977345691126,-0.07523865786137945,0.005395495709146397
2014-08-15,8.100971010803972e-05,0.047944458434410184,-0.022193059080208626,0.00045758069023302625,-0.07527408369600454,0.005396960341438796
2014-08-18,8.092477061189091e-05,0.04793099351267149,-0.022195942294386303,0.0004578055176747359,-0.07530607512304587,0.0053980630248615415
2014-08-19,8.078439806530956e-05,0.04792008253275597,-0.022197007469409787,0.00045791179784665726,-0.07529817577494356,0.00540190227492281
2014-08-20,8.074260612654512e-05,0.04791793921982537,-0.022199089156985388,0.00045794379251152845,-0.07529689372675796,0.005404087003459317
2014-08-21,8.066300131558484e-05,0.04791714153319911,-0.022201289654225336,0.0004580194486201528,-0.07533368279575299,0.005406322945610038
2014-08-22,8.061843592936226e-05,0.04790682078207312,-0.022202318290592226,0.0004582099553656735,-0.07535677662330896,0.005408446986388694
2014-08-25,8.0485654020252e-05,0.047903235600380276,-0.02220396975999147,0.0004582977602813905,-0.07540022623176763,0.005409358134200041
2014-08-26,8.048113080191097e-05,0.04789765833032951,-0.022205725570673213,0.0004583833357525364,-0.07544608224033618,0.0054113891957480766
2014-08-27,8.044634039857505e-05,0.047896171969528695,-0.022208309464046838,0.00045836490366240907,-0.07547020920446795,0.005414628441000047
2014-08-28,8.031727660179114e-05,0.04789323591145772,-0.022209023056906776,0.00045850301921677116,-0.07550682310632204,0.005416005350949969
2014-08-29,8.030796975576034e-05,0.04788953100238175,-0.02221083247476496,0.00045844879990216347,-0.07550925593879766,0.005417491734608007
2014-09-03,8.028100733078046e-05,0.0478863160442156,-0.02221273644714136,0.00045850530814315157,-0.0754991047908375,0.005420597199711898
2014-09-04,8.023403918584865e-05,0.047878519332204085,-0.022213406945038677,0.0004584973085981743,-0.07550027661760167,0.005421473313924244
2014-09-05,8.018255814907794e-05,0.04787015186664216,-0.022214819126925484,0.0004585133526819067,-0.07548153685122894,0.0054232453665150815
2014-09-08,8.012659171286252e-05,0.047854472702528454,-0.022216048164473447,0.00045855109510250315,-0.07546296685884027,0.005424343628669686
2014-09-09,8.011419009236977e-05,0.047850178114296815,-0.02221732137380882,0.00045834641252786657,-0.07551785323452861,0.00542577065208645
2014-09-10,8.00447837132563e-05,0.04784109362708297,-0.022217713827451434,0.00045816985680012783,-0.07549665251462623,0.005428758211069579
2014-09-11,8.000823089376603e-05,0.04783231717731361,-0.02221936536505885,0.0004580595402948115,-0.07557524179459818,0.005431120397469584
2014-09-12,7.991623230633577e-05,0.04782533417397834,-0.022220634120920082,0.0004580597795337325,-0.07557957164550405,0.005433414698564357
2014-09-15,7.990258879458623e-05,0.047821276382530746,-0.022221679048657877,0.0004578032026529842,-0.07557768968208955,0.00543539760531341
2014-09-16,7.98114154125008e-05,0.04781293182782538,-0.02222268057485118,0.0004577693995925733,-0.07558419763563082,0.005438605833244807
2014-09-17,7.97421230065347e-05,0.047807890605415966,-0.022224007565983715,0.0004577833988906577,-0.07558291454545643,0.005440653514565926
2014-09-18,7.968468678555554e-05,0.04780541977745763,-0.02222467380348085,0.0004576289114845467,-0.07562386935065477,0.0054437658718064705
2014-09-19,7.963643039432075e-05,0.04779998414528157,-0.02222719004915043,0.0004576636290770311,-0.07563531752447536,0.005445890460094988
2014-09-22,7.956835549741896e-05,0.04779347965032876,-0.022229094311285114,0.0004576895351033577,-0.0756685300005689,0.005448028126428667
2014-09-23,7.956957094475229e-05,0.047784097154439195,-0.022230109626232394,0.0004577154853906514,-0.07570632746882412,0.0054496781855465195
2014-09-24,7.945142004774046e-05,0.047777288889647544,-0.022231160201409965,0.0004576282732224277,-0.07569618813240167,0.005451848801977105
2014-09-25,7.947158478867813e-05,0.04777351886370514,-0.02223214019474313,0.00045757889042111134,-0.0757113336678372,0.005454135477609467
2014-09-26,7.938770457537292e-05,0.04776307070211125,-0.02223427431797858,0.0004574981546529444,-0.07571777689838831,0.005455068489989917
2014-09-29,7.939674656597516e-05,0.04775995024194707,-0.022236388595086497,0.00045757508113327913,-0.07578132306844718,0.0054569823367558385
2014-09-30,7.93545740560433e-05,0.04775151889084103,-0.022237535036218208,0.000457480982441466,-0.07582754323892553,0.005459448592643779
2014-10-01,7.934900820409489e-05,0.04774455771627932,-0.022239589108520974,0.0004574102591332549,-0.0758602027908474,0.00546096398886848
2014-10-02,7.929621251934147e-05,0.04773503383400295,-0.022241150564240933,0.0004573354201541492,-0.07590240543588131,0.005463157519204537
2014-10-03,7.926895342549449e-05,0.047731450126311685,-0.022242058955320186,0.0004574189263511637,-0.07590583307309043,0.005465584033138448
2014-10-06,7.927517694820959e-05,0.04771962867666518,-0.02224400308972445,0.00045733517382708566,-0.07592556254131595,0.005466581648342362
2014-10-07,7.926293441262407e-05,0.047714496984921,-0.02224526368607167,0.0004571416216473431,-0.07595567762374364,0.005469654174366988
2014-10-08,7.92374377674727e-05,0.04770709416955736,-0.02224677802409658,0.00045695228254373304,-0.07597860301721139,0.005471530929956581
2014-10-09,7.921194652714845e-05,0.04770226854704149,-0.02224797673493196,0.0004567882399111277,-0.07601757958233446,0.005472624367896374
2014-10-10,7.916509636668062e-05,0.047693927825224455,-0.02224938816789166,0.0004567289687334397,-0.07608551263287958,0.00547455250776773
2014-10-15,7.912831125890779e-05,0.04768179510783635,-0.022250616660602972,0.0004565727373825564,-0.07609953009617222,0.005475397707220825
2014-10-16,7.90846262189378e-05,0.04767394916443023,-0.02225137477429733,0.00045652368332467594,-0.07615870880178213,0.00547759636199438
2014-10-17,7.903562598000064e-05,0.04767008564758806,-0.022252929155032748,0.00045630938655714796,-0.07613187066186489,0.0054790082736651926
2014-10-20,7.89782024591548e-05,0.0476592333482109,-0.022253782950552362,0.00045619388175581704,-0.07616959627780384,0.005480430379171705
2014-10-21,7.888622846492064e-05,0.047652833438582544,-0.022254848871885724,0.0004560598795603129,-0.0762081406612303,0.005482368372156231
2014-10-22,7.884330612758281e-05,0.04764527399282148,-0.022257419781492583,0.0004558625001937729,-0.07622458301415957,0.0054853334502502175
2014-10-23,7.882309603999437e-05,0.04764041629354388,-0.022258750380013924,0.0004556645676144027,-0.07623755969000556,0.005487337034763323
2014-10-24,7.881257756025276e-05,0.0476417564577624,-0.022260256383561418,0.00045573639049310637,-0.07627599416485265,0.0054899622302703845
2014-10-27,7.880612631658793e-05,0.04763248029224042,-0.02226128100570142,0.00045572803169955875,-0.07633948193112998,0.005492937527668013
2014-10-28,7.873057578924514e-05,0.04762980421237141,-0.022262211290835228,0.0004555238753141635,-0.07636959267731505,0.005494490135133861
2014-10-29,7.873548036333038e-05,0.04762174853203603,-0.022263857450696794,0.00045535661885307704,-0.07631076139575138,0.005496122997386327
2014-10-30,7.865304815919395e-05,0.04761300608438382,-0.022264721908476597,0.00045513635688055687,-0.07633222611622575,0.005497164584099833
2014-10-31,7.862778129591225e-05,0.047606816723991294,-0.02226672081236008,0.00045516186828835467,-0.07634275141627586,0.005497910287923031
2014-11-03,7.859118747658076e-05,0.04759708769116949,-0.022267313566073373,0.0004550045709158792,-0.07634082862685572,0.005501329237860184
2014-11-04,7.856813397349953e-05,0.04758891348492961,-0.022268749324596278,0.0004549114143056725,-0.0763346586528693,0.0055025945627156705
2014-11-05,7.853529095967307e-05,0.047582852471286824,-0.02227041089385346,0.000454792999418687,-0.07631274912387388,0.0055050057838688885
2014-11-06,7.850284616360865e-05,0.047573654244475766,-0.022271132604047048,0.0004547095052199481,-0.07633016355518016,0.00550684017011024
2014-11-07,7.85695909739656e-05,0.047574566863883824,-0.022272646050304434,0.00045452598287636846,-0.07635132193298665,0.005508615683948996
2014-11-10,7.854552700643652e-05,0.04757035226021149,-0.02227335487799609,0.00045457443362241056,-0.07637799747127857,0.005509729084077444
2014-11-13,7.851234717240436e-05,0.04756022515482315,-0.022274938858225492,0.00045443773848022936,-0.07638434398405618,0.00551204799382799
2014-11-14,7.845932035149802e-05,0.04755042901162039,-0.022276058341444544,0.00045423817821901163,-0.07638863735040116,0.005513814218017039
2014-11-17,7.845122289106395e-05,0.04754156908316766,-0.02227786711727854,0.0004541844961948517,-0.07637840749951912,0.005515097068124822
2014-11-18,7.841955747970409e-05,0.047538444121129494,-0.022279406194620235,0.00045434064859919076,-0.07638844462731632,0.005516075931061849
2014-11-19,7.838346257910104e-05,0.047525395713923765,-0.022281041847107348,0.0004543024109676814,-0.07641484433140772,0.005517088724334663
2014-11-20,7.833948081503408e-05,0.047519678300955964,-0.02228284575215918,0.0004543003996458452,-0.07646261271040165,0.005518874355680439
2014-11-21,7.829676853356709e-05,0.04751025355452346,-0.022283976011659566,0.0004541892388626884,-0.07644035056392763,0.005521648212010735
2014-11-24,7.827253623367285e-05,0.04750341183129662,-0.022284970936872536,0.00045396360801955104,-0.07643669565811428,0.005523332533881416
2014-11-25,7.830404227027951e-05,0.047503739947838346,-0.022286461192411518,0.0004537190441370431,-0.07645519749262673,0.005524784441990125
2014-11-26,7.828355193355219e-05,0.047495191028516834,-0.022288385284252463,0.0004536792542828785,-0.07643748558750461,0.005526845423660844
2014-12-01,7.822727177694766e-05,0.04748849921055675,-0.02228919034603332,0.0004536149331513739,-0.07643943706825482,0.005528939016437734
2014-12-02,7.810710856214253e-05,0.04748280207773688,-0.02228984534302666,0.00045350939251834145,-0.07639518281624696,0.005531337541166167
2014-12-03,7.806469386763036e-05,0.04747908482546674,-0.02229052868391232,0.0004533794218774496,-0.0763990614938988,0.005532965311568188
2014-12-04,7.798984180790126e-05,0.047472590977623894,-0.022291387517547855,0.0004534678116459455,-0.0764132348058952,0.0055344281220605
2014-12-05,7.799975953003679e-05,0.04746761302460362,-0.02229359471342204,0.0004532604997487227,-0.07641346826392223,0.005535912055053718
2014-12-08,7.793458718952739e-05,0.04745833750681255,-0.02229454180341493,0.0004529627910593874,-0.07641030732078104,0.0055377884561759
2014-12-09,7.786875897399378e-05,0.04745226787212667,-0.022296038554055497,0.0004526805588992036,-0.07643241895241362,0.005540026888709293
2014-12-10,7.793875553634135e-05,0.04743993194955462,-0.022297742733256416,0.0004525752060027537,-0.0764463898807856,0.005541218945817933
2014-12-11,7.79188059245971e-05,0.04744345610119535,-0.022298391703515868,0.00045238225351394864,-0.07648668888189374,0.005543189996835471
2014-12-12,7.792599683441739e-05,0.047435567719167085,-0.022300215428221765,0.00045240536034393646,-0.07652670402839722,0.005545687545624938
2014-12-15,7.789597278570358e-05,0.04742611131758166,-0.022300888948359816,0.00045228424583726494,-0.07657135579986987,0.005547848348288441
2014-12-16,7.780946936398457e-05,0.04742396165585062,-0.022302540874217774,0.0004522278530294814,-0.0765647741981825,0.005549857018518984
2014-12-17,7.774904000842588e-05,0.04741721888519302,-0.022304322009943246,0.000452236782271653,-0.07659478362357373,0.0055498336810268665
2014-12-18,7.770019986901608e-05,0.04741856959848313,-0.022305259802715152,0.00045220875676481477,-0.07661953668845917,0.005551160308840896
2014-12-19,7.760680632186781e-05,0.047416879642646806,-0.022306541954180317,0.0004521742972061648,-0.07660665994158689,0.005553556835579843
2014-12-22,7.752175806032608e-05,0.047412954345974395,-0.02230754251112593,0.0004519503888774593,-0.07653746406544885,0.005554260129177202
2014-12-23,7.750838971071959e-05,0.04740769292898238,-0.022309662415097832,0.00045200215848085215,-0.07656847738612654,0.0055558098865827596
2014-12-24,7.754291085356831e-05,0.04740151449755327,-0.022311258427934726,0.0004519337567827495,-0.07656054731556448,0.005556697604386175
2014-12-29,7.745316996696328e-05,0.04739774523379162,-0.022312861788563502,0.0004516842797378167,-0.07657209647728898,0.005556701396711997
2014-12-30,7.735685970828019e-05,0.047389354812089286,-0.022313570538776143,0.0004515774682814105,-0.07655140999705877,0.005559335261179905
2014-12-31,7.730578968891126e-05,0.04737863851317148,-0.022314687510671782,0.0004515020926523749,-0.07653108832963167,0.0055616083611593975
2015-01-05,7.732183321729694e-05,0.04737337354558262,-0.02231649571119314,0.00045137350533778586,-0.07653364932260703,0.005561852546775939
2015-01-06,7.730153543278415e-05,0.04736972026720512,-0.022318976540535142,0.00045127580699333794,-0.07656719194919863,0.0055631564531287815
2015-01-07,7.722518323807546e-05,0.047362406163700174,-0.0223200779097666,0.00045106022768998143,-0.07657917597929481,0.005564057513217153
2015-01-08,7.721548957208617e-05,0.0473609685372426,-0.022321757391110694,0.00045089967911014805,-0.07661735980583337,0.0055660822006800914
2015-01-09,7.718420396727369e-05,0.04735226065560823,-0.022324210848518954,0.0004507960273161366,-0.07664508604373445,0.00556655817151302
2015-01-12,7.707434749961589e-05,0.04735126647607188,-0.02232524871880889,0.0004506673582088086,-0.0766253206687191,0.005567372172562857
2015-01-13,7.710477241938492e-05,0.047345796737116294,-0.022326657702959607,0.000450649655723569,-0.07665488335364766,0.005568780330273001
2015-01-14,7.706439959989519e-05,0.047335405185868595,-0.022328332291713385,0.00045048943394062875,-0.0766710001524243,0.00557055270159369
2015-01-15,7.702474758512915e-05,0.04732625198157948,-0.02233008588454864,0.00045047545465871724,-0.07667955370065087,0.0055710475277109175
2015-01-16,7.703941091113957e-05,0.04732004586114884,-0.02233129716653727,0.00045041387839799473,-0.07671863285439848,0.005572236913762401
2015-01-21,7.695753540589668e-05,0.04731586649303686,-0.022332671196786176,0.0004504174332270653,-0.07679778699017828,0.005573391250288135
2015-01-22,7.691762022668831e-05,0.04731544895419175,-0.022334281377163253,0.00045026828878998344,-0.07678748480983134,0.005575382889694499
2015-01-23,7.69008171689977e-05,0.04731193858520162,-0.022336020258787535,0.00045045383872615224,-0.07677788811779666,0.005576545693204975
2015-01-26,7.6898726976719e-05,0.0473004390811477,-0.02233696979603703,0.00045025779255547147,-0.07681027908556189,0.005577279967936447
2015-01-27,7.694255237697249e-05,0.04729306928475901,-0.022338295538589778,0.0004500471197095171,-0.07684927974344001,0.005579055419044584
2015-01-28,7.689311663403961e-05,0.047287653076664715,-0.02233876589515001,0.00044996018000075335,-0.07681628085384565,0.005581299632001007
2015-01-29,7.691073122107426e-05,0.04727645130746809,-0.02234005907878828,0.00045003796457497006,-0.07677224087062727,0.005583376317723205
2015-01-30,7.690330939787098e-05,0.047264044038358384,-0.02234155175673087,0.00044998532023263053,-0.07681521373932348,0.005584864874765308
2015-02-02,7.686673315328333e-05,0.04725966877793078,-0.0223428236631951,0.00044968909581494167,-0.07681338243652898,0.005586053146264624
2015-02-03,7.685411400931735e-05,0.04725275707143707,-0.022343955779574834,0.00044954134858502697,-0.0768193450181178,0.005587561539407463
2015-02-04,7.682216330514998e-05,0.04724789413808321,-0.02234516288884395,0.00044922649642295325,-0.07683949665536263,0.00558889504606885
2015-02-05,7.673838009455146e-05,0.04724420817601686,-0.0223461186660359,0.00044910787049082257,-0.07685746743796944,0.0055897992536042915
2015-02-06,7.672746213722478e-05,0.04723881881646441,-0.022347274036530772,0.00044895225885634296,-0.07682928741196987,0.005591350850179568
2015-02-09,7.6712046578937e-05,0.047232196575911656,-0.02234793423426222,0.0004490481901066707,-0.0768635533553783,0.005594184188954973
2015-02-10,7.66676742806316e-05,0.04722650108034083,-0.02234994179231458,0.0004488056441022053,-0.07687209074435668,0.005595997360278312
2015-02-11,7.66446805821644e-05,0.04721388909811319,-0.022350951268872522,0.00044865983586070586,-0.07694878383217106,0.005598096947917799
2015-02-12,7.663442277915222e-05,0.04721314630987192,-0.0223526283040181,0.00044856213641421153,-0.07698159694576086,0.005598268359401219
2015-02-13,7.663213064168393e-05,0.04720784521271541,-0.02235413075097765,0.00044839893696972346,-0.07691180110807319,0.005600286778637517
2015-02-18,7.657586915755209e-05,0.04719787794644455,-0.022355878538049913,0.0004483062139559606,-0.07693384590593523,0.005602104736092722
2015-02-19,7.659338216796221e-05,0.04719555731419063,-0.02235744628222654,0.000448193223782226,-0.07688647853774856,0.005603992313935165
2015-02-20,7.656817851739357e-05,0.04718830996783117,-0.022358202669870215,0.00044809996579233687,-0.07691386251024877,0.005606824286172364
2015-02-23,7.650369904729415e-05,0.047180021221434304,-0.0223587256365691,0.0004480350967558794,-0.07693014539214599,0.005609125935953509
2015-02-24,7.651170040511485e-05,0.047179681721644176,-0.022360266309124063,0.00044787258588948123,-0.07697803492428096,0.005611642091974457
2015-02-25,7.651410584717569e-05,0.04717380416722554,-0.022362449142734706,0.0004476181857215194,-0.07698644222860902,0.005614015373575516
2015-02-26,7.645664286051454e-05,0.04716349524244657,-0.022363745690134478,0.0004474956597039442,-0.07702454163500036,0.005616946744482897
2015-02-27,7.638855467188884e-05,0.047150908332439595,-0.022365351981923083,0.0004472388191212579,-0.07706005814155306,0.0056188033494458224
2015-03-02,7.626074754973462e-05,0.04714455085572972,-0.022366636903251677,0.00044724635466801815,-0.07703725943533589,0.005619988827640012
2015-03-03,7.62722079000245e-05,0.047141025881746006,-0.022368522699923093,0.0004472852115766483,-0.07705700249902173,0.005622047157187417
2015-03-04,7.628754738745116e-05,0.047133553571987764,-0.022369705867419733,0.0004470500421514294,-0.0770535280691037,0.005622974381220024
2015-03-05,7.625741503873272e-05,0.04713020836101911,-0.022372663948705504,0.0004468253434733664,-0.07703999039189884,0.005624115279817512
2015-03-06,7.622873412314201e-05,0.04712469329364304,-0.022374753331462376,0.0004467956287013666,-0.07702302218053339,0.005624848838163429
2015-03-09,7.619311934792582e-05,0.04711826039547737,-0.022376172946122524,0.0004469073906518608,-0.07701049620179197,0.005627560386820673
2015-03-10,7.62092241875827e-05,0.04710763958717026,-0.022377571916910807,0.00044681543562289874,-0.07698611598465996,0.005629401932956107
2015-03-11,7.617056373122553e-05,0.04709780414356757,-0.02237973275402988,0.00044670614375349983,-0.07694797936231618,0.005631651823449607
2015-03-12,7.61563846160482e-05,0.04709125213441657,-0.022380808021993003,0.0004467327509580821,-0.07696071662568692,0.005633390726715463
2015-03-13,7.621186812036072e-05,0.047086814619622636,-0.02238106563993728,0.00044658345701292226,-0.07695893165325317,0.005634854293987291
2015-03-16,7.618461610028249e-05,0.0470812551251603,-0.022382623591068462,0.00044656337234038473,-0.07697841984981514,0.005636410866492862
2015-03-17,7.617604091917552e-05,0.04707380812723456,-0.0223839666438503,0.0004464744856628496,-0.07694301595847496,0.005637162638493102
2015-03-18,7.611713280707411e-05,0.04707091074808732,-0.0223849357803902,0.00044635361714062606,-0.07695688149537827,0.005639004230999268
2015-03-19,7.600779335494128e-05,0.047063348565529586,-0.02238640075201629,0.0004461935105651113,-0.07700866561268255,0.005640617019801103
2015-03-20,7.596815429395358e-05,0.04706307843172075,-0.02238814010694937,0.0004460186762277056,-0.07698152206372619,0.005640742736249836
2015-03-23,7.59000560188487e-05,0.04705680164227006,-0.0223898718007593,0.0004458466922956815,-0.07700139336008152,0.005642909448358296
2015-03-24,7.593120940737407e-05,0.0470446923732068,-0.022390917835953646,0.00044569878870648035,-0.07701735915311894,0.005644371433522258
2015-03-25,7.581300073980446e-05,0.04703688861144133,-0.022392447939359617,0.0004454417937895574,-0.07708433780424825,0.005646024426606442
2015-03-26,7.583706420121608e-05,0.04703349767609365,-0.0223937925379789,0.00044506742735332954,-0.07709600944984968,0.005646752988958335
2015-03-27,7.583528118816372e-05,0.0470235615019796,-0.022395162808686617,0.0004449117444695573,-0.07708419120996332,0.005648697706232678
2015-03-30,7.586229366311291e-05,0.047009491612193546,-0.02239669936942344,0.000444733859478173,-0.07708581395973743,0.005650709658006578
2015-03-31,7.583102954591048e-05,0.04700707312760728,-0.022398666081718217,0.00044448385726344086,-0.07710885136011877,0.00565203069440332
2015-04-01,7.581926029826939e-05,0.04699612827994894,-0.022399776918537503,0.00044426381091074364,-0.07713198900776544,0.005654215453639039
2015-04-02,7.584259885274328e-05,0.04699417689400337,-0.022400694753099352,0.00044421851383212823,-0.07715794184619618,0.005656962045408068
2015-04-07,7.580518124467638e-05,0.046989553469172905,-0.022401887225363955,0.00044431766109109783,-0.07719260078774545,0.005659052969608147
2015-04-08,7.579143456396906e-05,0.04698636426992684,-0.022403595099729542,0.00044420754182678945,-0.07729602830791853,0.005660109724846334
2015-04-09,7.57360163571915e-05,0.04698241281293195,-0.022404479938267354,0.00044398248565765325,-0.0772979444578285,0.00566138108928623
2015-04-10,7.575021875439878e-05,0.04697737060252874,-0.02240580414000518,0.00044367585320761516,-0.07727928370556328,0.005663151141003828
2015-04-13,7.567896883316357e-05,0.046975167696703346,-0.02240746861650522,0.0004434944517647433,-0.07726970014154709,0.005664513647518485
2015-04-14,7.568431825019115e-05,0.04697165368156524,-0.02240922147138673,0.00044350418880510333,-0.07723684627561331,0.005666080235802815
2015-04-15,7.563651621207159e-05,0.04696393577362032,-0.022410113503177804,0.0004435251376799026,-0.07722419882311096,0.005667838543150684
2015-04-16,7.557641576100276e-05,0.046961732548064974,-0.022411626417767793,0.000443312583823494,-0.07729830379641195,0.0056687602973686975
2015-04-17,7.55262203603445e-05,0.046953617023716025,-0.02241330506914288,0.000443234637438242,-0.07730016967866465,0.005669725932087515
2015-04-20,7.549961056206144e-05,0.046945043198380165,-0.022414030898929498,0.0004432887322929291,-0.07734905378241735,0.005670563133871328
2015-04-21,7.549596435439465e-05,0.046943595330461274,-0.022415660847640687,0.0004432657583205619,-0.07736002457143076,0.005672955816624375
2015-04-22,7.547970182702296e-05,0.04694063946607224,-0.022417187757270644,0.00044312748920167535,-0.07736182548420022,0.005674920756422598
2015-04-23,7.548688813200399e-05,0.046935031186313786,-0.022417821843428883,0.0004430195482582939,-0.07742415413716569,0.005676487430516488
2015-04-24,7.540064472289722e-05,0.04692194751418375,-0.02241882860893344,0.00044305982886306503,-0.07745204118451758,0.005678612321006016
2015-04-27,7.53789018284323e-05,0.04691823351276614,-0.02241944794566103,0.0004427526132758942,-0.07748485458127158,0.005680726159633822
2015-04-28,7.531456053746018e-05,0.04691101680353805,-0.022420603304608135,0.0004426378905737926,-0.07753217626784212,0.0056824484726910075
2015-04-29,7.525963758940006e-05,0.04689957262501819,-0.02242198472380281,0.0004424875721367513,-0.07751077880009735,0.005683985236222021
2015-04-30,7.519138710107996e-05,0.04689722240108025,-0.02242234029319367,0.0004421090627570836,-0.07751988770928268,0.005686077637033875
2015-05-01,7.51538925667272e-05,0.04689147715182575,-0.022422690544202914,0.00044197484271768343,-0.07756568825033003,0.005688006687342959
2015-05-04,7.509044535575817e-05,0.046891083019424074,-0.022423707994136226,0.00044190672274284365,-0.07756798189886456,0.005689975725230517
2015-05-05,7.505100528987796e-05,0.04688656845442671,-0.022425807280784887,0.0004418350085323959,-0.0776112462499231,0.00568996428235833
2015-05-06,7.500309224300359e-05,0.046885557661152155,-0.022427454970879453,0.00044167102078189306,-0.07763273605018059,0.005691040553331358
2015-05-07,7.495662853733526e-05,0.04688353728390274,-0.022429087855650898,0.0004416056446054406,-0.07763406135255546,0.005691759994516295
2015-05-08,7.48997290122568e-05,0.04687190951623218,-0.0224303496369978,0.00044149829128562325,-0.0776746521966056,0.0056921178674225244
2015-05-11,7.491247727181567e-05,0.04686092970779847,-0.02243193330073086,0.0004413545117208862,-0.07768515068903005,0.005694566200991587
2015-05-12,7.4873791955752e-05,0.046853143517033374,-0.022433345543744494,0.0004411365154444589,-0.07772551412357875,0.005695906363601611
2015-05-13,7.486350926503497e-05,0.04684912557418982,-0.022434976605568167,0.0004410330338883246,-0.07774205877214245,0.005697059306789866
2015-05-14,7.487092846682147e-05,0.04684781423263175,-0.022436646416699457,0.0004410067559975755,-0.07778679889949022,0.005698007467169545
2015-05-15,7.480080461688053e-05,0.046841614697584216,-0.02243721536917884,0.0004410482605977198,-0.0777974472143349,0.005698925136059364
2015-05-18,7.481204311322852e-05,0.046832173347272965,-0.022438926160822138,0.00044079700999225495,-0.0777861400982307,0.0057012956669603935
2015-05-19,7.486516586811422e-05,0.046827937015594165,-0.022439922738157893,0.0004405933362701081,-0.07778205547655687,0.0057033894046681355
2015-05-20,7.480848234903904e-05,0.046822661679434274,-0.02244149357173211,0.00044053320662101105,-0.07775804958160643,0.005704934086900463
2015-05-21,7.47693645912785e-05,0.04681614850004044,-0.022442212664283263,0.00044048093113373515,-0.0777710424572037,0.005707178920253131
2015-05-22,7.471745060410813e-05,0.046806731890373696,-0.022443309171615536,0.0004403886594401277,-0.0777861149434769,0.005708273792555326
2015-05-27,7.472640449321299e-05,0.0468082883326775,-0.022445286845323646,0.0004404010029621614,-0.07778753096220505,0.00571017902318431
2015-05-28,7.470971647050915e-05,0.046805116661437565,-0.022447178269845887,0.0004403224774592089,-0.07779669590807924,0.0057118197271699995
2015-05-29,7.463486156990273e-05,0.046794730574692536,-0.02244847750535924,0.0004401995628289431,-0.07783740383582062,0.0057128738780342185
2015-06-01,7.461623689661665e-05,0.046793873102773414,-0.02244996068455555,0.0004399523412551627,-0.07784706478988014,0.005713885248855533
2015-06-02,7.45678767673497e-05,0.046786222059306506,-0.022451472801295776,0.0004397789320390359,-0.07784530077075957,0.005716388363516198
2015-06-03,7.456018340061618e-05,0.0467804514815964,-0.02245287304411215,0.00043972325047771023,-0.07782489610376253,0.005717836739430822
2015-06-04,7.448562671879442e-05,0.04677020489183159,-0.0224544656291816,0.0004396812420684757,-0.07782329781213208,0.0057193150109353195
2015-06-05,7.442518585472773e-05,0.04676874271377665,-0.022455427833128726,0.0004395971660915904,-0.07781323590225994,0.005721317981719428
2015-06-08,7.437913592010345e-05,0.04676114194679291,-0.022457391144980344,0.00043968360082865767,-0.07782969056911303,0.005722323427730781
2015-06-09,7.435626132947284e-05,0.04675794508981536,-0.022458869594287497,0.0004395806926758389,-0.07787011384148872,0.005722983228390849
2015-06-10,7.43991299581325e-05,0.04675087365700724,-0.022459601267445384,0.000439440962193881,-0.07789205012721911,0.005724876904607788
2015-06-11,7.432522196107672e-05,0.046743929950823895,-0.02246089827544615,0.0004392898112539611,-0.07790778869635231,0.0057260132216265715
2015-06-12,7.430111063295507e-05,0.04674387299530068,-0.0224626581183713,0.0004392253302481862,-0.0779073518983087,0.005726860209792268
2015-06-15,7.4323962743109e-05,0.046735764849766555,-0.02246303083351084,0.0004390385841234298,-0.07794482441070773,0.0057279038435154575
2015-06-16,7.431377087158052e-05,0.046733408145079085,-0.02246512955323689,0.0004390982600180306,-0.07797954751214645,0.0057305969819073654
2015-06-17,7.422359505848327e-05,0.046725997655490854,-0.022466707320782434,0.00043896129003947646,-0.07799154260737029,0.00573258629923569
2015-06-18,7.418983711916062e-05,0.04672125961640673,-0.0224685589844079,0.00043881115852090327,-0.07800581420945196,0.005734216637786321
2015-06-19,7.42108472653243e-05,0.046712777640594026,-0.022469442202312177,0.0004386767065218879,-0.07797700555962363,0.005735431165250538
2015-06-22,7.420687045931764e-05,0.04670650794231847,-0.022470951007874662,0.0004385540694786033,-0.07798979555135353,0.0057369889999543
2015-06-23,7.410900710936247e-05,0.04669842318868561,-0.022472360297885605,0.0004385433845601587,-0.07797449358533931,0.005738609195351979
2015-06-24,7.408183209949751e-05,0.04668625768174136,-0.022473084795975578,0.00043852781337794353,-0.0779708775711496,0.005739949119265671
2015-06-25,7.407254076427852e-05,0.04668559966724318,-0.022474162225784942,0.0004384838896150052,-0.07796641427645543,0.005743457646068263
2015-06-26,7.400200995449807e-05,0.046682129873509975,-0.022475180395845975,0.00043836567265718524,-0.07796794216777168,0.005746258505627672
2015-06-29,7.394245149542555e-05,0.046680719878853874,-0.022477352597912812,0.0004381763805562959,-0.07797370754844929,0.0057478424155251754
2015-06-30,7.385601268145157e-05,0.046671972094913784,-0.022478765159102916,0.00043797147408657154,-0.0780117216188553,0.005750672162836353
2015-07-01,7.378755356555948e-05,0.046667044191078366,-0.022481107610794547,0.00043778305440187403,-0.07801907362140816,0.005752629260600105
2015-07-02,7.371801971995489e-05,0.04665988490987792,-0.02248198209858446,0.0004377581980708422,-0.07807029600167072,0.005753494906245476
2015-07-07,7.368294943804272e-05,0.04665564492484747,-0.022483960854212226,0.00043780353443284,-0.07811285013704698,0.005755560248400587
2015-07-08,7.365170363687269e-05,0.046645657241292576,-0.022486125052767626,0.000437633955577618,-0.07814404967337564,0.005756916590378336
2015-07-09,7.359898817354014e-05,0.04663253152561544,-0.022487564821831476,0.0004378620664302178,-0.07820950223002876,0.00575852616710603
2015-07-10,7.364674035276631e-05,0.04662811443815511,-0.022488874150600573,0.00043789504267750866,-0.0782607512567435,0.005760890785446328
2015-07-13,7.362691576132867e-05,0.04662110247969316,-0.022490089987890597,0.0004376883618282969,-0.07830031656778771,0.005763113394580462
2015-07-14,7.363745614744809e-05,0.04661562133312565,-0.022492117378016072,0.0004376929056299415,-0.07833550538854332,0.005763852292707454
2015-07-15,7.357249106346048e-05,0.04660776441536107,-0.022494342241088178,0.0004374291217054127,-0.07834099411227648,0.005765701088593492
2015-07-16,7.358966209394578e-05,0.046604618110223435,-0.022496299159730532,0.0004373620842011707,-0.07832494302154269,0.005766557506366121
2015-07-17,7.359222165524258e-05,0.04659416185487594,-0.022497492975871024,0.0004371812777479901,-0.07839360922352859,0.005767364656150824
2015-07-20,7.362154720365764e-05,0.04658965559627189,-0.022498415349493203,0.0004370781034975265,-0.07842731922699342,0.005769712156015277
2015-07-21,7.367066021928947e-05,0.04658875964728272,-0.022499706206978713,0.0004369578409787747,-0.07847769011002505,0.005772542582974002
2015-07-22,7.369776554309454e-05,0.046582639409864915,-0.022500537353699654,0.0004367455952604887,-0.07848997114257623,0.005773014530778341
2015-07-23,7.375329412055937e-05,0.04657886101377849,-0.02250185470714114,0.00043662251255660166,-0.07841486974286521,0.005774059985869112
2015-07-24,7.375235005075957e-05,0.04657345168552458,-0.02250231957214178,0.00043659084506154683,-0.07844880240386742,0.005776469736441346
2015-07-27,7.368786275680709e-05,0.04656700762930293,-0.022503700281602656,0.0004365422316832911,-0.07849476511882263,0.005778487534509059
2015-07-28,7.36874282729855e-05,0.04656525448839272,-0.022504947265480305,0.0004365067127585394,-0.07849718718353635,0.005780566077250064
2015-07-29,7.364741290096043e-05,0.046561527899640055,-0.02250621298671387,0.0004365232765528985,-0.0785334140174886,0.005783225326593047
2015-07-30,7.36599826648563e-05,0.046545648864450714,-0.022507380108449205,0.00043626985268004043,-0.07858862889875312,0.005784335488967036
2015-07-31,7.363725758807342e-05,0.04653689784081194,-0.022509757007525475,0.000436027784094177,-0.07861887121982888,0.0057858587434966606
2015-08-03,7.361271310605207e-05,0.04653247264953157,-0.022511294001593275,0.0004360769863515273,-0.07864036459973243,0.005787328920815215
2015-08-04,7.352730183115943e-05,0.04652425601853061,-0.022513035311706127,0.0004362009015148522,-0.07866223127494593,0.0057882374784328445
2015-08-05,7.350643666396787e-05,0.04651610885221598,-0.022513818595346315,0.0004360465678098711,-0.07866739918712987,0.005789065726760457
2015-08-06,7.349026582567335e-05,0.04651205105321145,-0.02251582810318693,0.00043585170429999973,-0.07870005696065752,0.005790293335886887
2015-08-07,7.349540096405551e-05,0.046504292318655216,-0.022517270957087734,0.00043568772899787783,-0.07867027197181209,0.005791430278613151
2015-08-10,7.349234524692948e-05,0.04650283103534272,-0.02251886527838981,0.000435389160195853,-0.07870545489951757,0.005792443370822421
2015-08-11,7.34911288119307e-05,0.046492123431877204,-0.022520455198783342,0.0004352394399525615,-0.07873327215476449,0.005793871970221673
2015-08-12,7.35394434655445e-05,0.0464883312161144,-0.02252109536370775,0.00043523702997059295,-0.07873243196949017,0.005795788767538984
2015-08-13,7.352041647377916e-05,0.04647755269944265,-0.02252199488422339,0.00043498740564731924,-0.07871096365897137,0.0057973908880557656
2015-08-14,7.345131467826146e-05,0.04646763611818521,-0.022523053483117214,0.00043492654476960283,-0.07870747417426338,0.005798427453132209
2015-08-17,7.345697612470398e-05,0.04646247857936284,-0.022525067869372112,0.0004348664632792304,-0.0787547059586724,0.005800704684827129
2015-08-18,7.346790448993379e-05,0.046458959136573205,-0.02252634591409689,0.00043465435052005057,-0.07874835416922482,0.005801945799285994
2015-08-19,7.349614112682933e-05,0.046450507445346144,-0.02252830820010189,0.00043456033959281216,-0.07873070613062817,0.005802376513430065
2015-08-20,7.349940973501718e-05,0.046442770937008514,-0.022530477736651802,0.00043454110505877926,-0.07875682936941385,0.005804021097074196
2015-08-21,7.349148665797637e-05,0.046437366447601755,-0.022531283099909517,0.00043445723881489274,-0.07874877073161332,0.005804611147551194
2015-08-24,7.344547756090155e-05,0.04643323413176874,-0.022532986381240492,0.00043438487710820357,-0.07878327786160118,0.005805500128212541
2015-08-25,7.344316314110811e-05,0.046425494943644056,-0.02253438508774038,0.00043448070653411095,-0.07880275006170834,0.005805766532032737
2015-08-26,7.342093269984025e-05,0.04641759438955101,-0.022535584292234373,0.00043468269595092724,-0.07878611130874208,0.005805993793449848
2015-08-27,7.33827455423589e-05,0.046417515769295606,-0.022536956000658383,0.00043455449119896624,-0.07880202540911607,0.005807103926746259
2015-08-28,7.342953479204839e-05,0.046416170741607685,-0.022537877257251725,0.00043452819990145867,-0.07883502629142904,0.005806543988457426
2015-08-31,7.34396297884749e-05,0.04641324755308641,-0.022539144353528474,0.0004344473940610565,-0.07886081164115324,0.00580887609160051
2015-09-01,7.3475690373276e-05,0.04641434246571704,-0.022540290635555075,0.0004344133543752224,-0.07886392914279729,0.0058093005113175784
2015-09-02,7.346898069786835e-05,0.04641495804221385,-0.02254172893386851,0.0004343756846068852,-0.07887448674787906,0.005810468335363946
2015-09-03,7.344085590388714e-05,0.046412151069132435,-0.022543150342410643,0.000434147993498053,-0.07889245945827299,0.0058103882728398615
2015-09-04,7.344157629399373e-05,0.046407238807179244,-0.022543820699427248,0.00043410206974419746,-0.07888634803729612,0.00581112719875033
2015-09-09,7.341349595711961e-05,0.04639997695028299,-0.022545440130566283,0.0004337733864240134,-0.07889312066869383,0.005810772268478125
2015-09-10,7.337333591466383e-05,0.046397943517403645,-0.02254753755178197,0.0004337389427447742,-0.07890889287380674,0.005810595395260082
2015-09-11,7.331206482069007e-05,0.04640130359351315,-0.02254858725737236,0.00043370817356160225,-0.07889248851493041,0.005810903746950512
2015-09-14,7.325113235090738e-05,0.046394588512385454,-0.022550273503448248,0.000433791278848466,-0.07892828674174789,0.005812413957863559
2015-09-15,7.318491079583954e-05,0.04639936240195676,-0.02255210564656641,0.0004336541953238695,-0.07896578818740606,0.005813011072022697
2015-09-16,7.316737518786579e-05,0.04639541987814774,-0.022553664549692216,0.0004334252816000859,-0.0789546414320249,0.005813841620289031
2015-09-17,7.31542317552427e-05,0.046396221460127715,-0.02255526806038181,0.0004332959252716567,-0.07897740504336193,0.005814847971682647
2015-09-18,7.317797194008308e-05,0.0464013254551984,-0.02255593287251979,0.0004331351165430286,-0.07902123174081982,0.0058160801923844785
2015-09-21,7.315826148355157e-05,0.04640185744750082,-0.0225576789486806,0.00043328581571136965,-0.07905038024853588,0.005816695920427699
2015-09-22,7.315572363725202e-05,0.04640131811739308,-0.02255870600212062,0.0004331737965599277,-0.07903592168860467,0.005816621139070435
2015-09-23,7.315298903191892e-05,0.04640491645524043,-0.022559923801031258,0.00043308027591985296,-0.07901651785324147,0.005817539058388062
2015-09-24,7.317728222029193e-05,0.04640288424398535,-0.022561585902486168,0.00043291824924484223,-0.07904389226979819,0.005817705479777611
2015-09-25,7.314255490774771e-05,0.046399443891207745,-0.022562754786382262,0.0004329212878404506,-0.07902368435758615,0.005817246940605467
2015-09-28,7.31234527616051e-05,0.0463978163691153,-0.02256378434160947,0.00043275118388025346,-0.0790238200056337,0.005817437774504948
2015-09-29,7.315476057127662e-05,0.04639483586127821,-0.0225651195060093,0.00043254819729360945,-0.07902332377082939,0.005817299398032246
2015-09-30,7.310774694984601e-05,0.046388067037009525,-0.022566552842954772,0.00043220512952680824,-0.07905708190028453,0.005817658096281082
2015-10-01,7.307596648338157e-05,0.046388554082448144,-0.02256818140511189,0.00043194091763876615,-0.07908957746433022,0.00581836678361667
2015-10-02,7.305038604302628e-05,0.04638198737740217,-0.022569998347488206,0.00043170616761358655,-0.07905162053421548,0.005818054904316345
2015-10-05,7.296672676421958e-05,0.04638255018195796,-0.022570767966834205,0.00043139427170410245,-0.07903555540558269,0.005818036007152933
2015-10-06,7.295872922528205e-05,0.04637862262477725,-0.022572153904351074,0.0004312477597717422,-0.07898897720527052,0.005818522654096603
2015-10-07,7.290296518352253e-05,0.046372369315318275,-0.02257310208080031,0.00043116307337045113,-0.07897338568867804,0.005818039826675825
2015-10-08,7.290171523937239e-05,0.04637574730308603,-0.0225740186155057,0.0004310426540500643,-0.07900445640180012,0.005818105264929329
2015-10-09,7.294129127691409e-05,0.04637497856166857,-0.022575778489153132,0.0004308965204838641,-0.07898060169206224,0.005818706421060504
2015-10-14,7.285526062390721e-05,0.04637635132988713,-0.022577242214137157,0.00043091414739818335,-0.07902329031280611,0.005820020791921138
2015-10-15,7.282953949269533e-05,0.04637374819291509,-0.02257864049529369,0.0004308877119918663,-0.0790888516127966,0.005819733902804908
2015-10-16,7.280433752439552e-05,0.04637024392792942,-0.02257990284224617,0.0004306022325126469,-0.0790932081545113,0.005820038065665891
2015-10-19,7.270555848786783e-05,0.04637111785231661,-0.022581348998802084,0.0004306692911362539,-0.07910843857291933,0.005821076990081408
2015-10-20,7.273530356920127e-05,0.04637208953772021,-0.022581967113413978,0.0004305680240017929,-0.07907831014848107,0.0058217926325011115
2015-10-21,7.269556731451508e-05,0.04636973944047644,-0.022582795376134644,0.00043051363261317315,-0.07912353590531479,0.0058218905068354206
2015-10-22,7.269560150847724e-05,0.04637138743777504,-0.022583730707021167,0.00043040057593854696,-0.07912093413255733,0.0058217472507141885
2015-10-23,7.272220198479673e-05,0.04637272658964328,-0.02258599108895602,0.0004301202841791035,-0.07917735961979627,0.0058212541079585844
2015-10-26,7.272667780185399e-05,0.046376739506025375,-0.022586382799102935,0.000430040147799451,-0.07923108757405184,0.005821646022226507
2015-10-27,7.269228292736512e-05,0.04638224354695665,-0.022587649742773518,0.0004299793173942676,-0.07922947934726873,0.005821381362213655
2015-10-28,7.27465102696492e-05,0.046383426449027855,-0.022587748563964876,0.00042996418243012864,-0.07921969829903742,0.005821385114522164
2015-10-29,7.270982209305732e-05,0.04638560956105768,-0.022588713131225055,0.00042971892081853535,-0.07925491462378113,0.005820573396333324
2015-10-30,7.264649614094763e-05,0.046381387687574605,-0.02258963546355182,0.0004296405574394684,-0.07922111750896983,0.005820680510148429
2015-11-02,7.258565647005286e-05,0.04638764492008014,-0.022590470085848607,0.00042958016183569767,-0.07918974968046638,0.0058213475932896094
2015-11-03,7.263169132425123e-05,0.0463893040984444,-0.022591394165356774,0.0004294673156223601,-0.07920583392368719,0.0058205611853087095
2015-11-04,7.260106141667069e-05,0.04638637929072572,-0.02259221334629301,0.00042932127277528823,-0.07921804806874747,0.005820343026629271
2015-11-05,7.260465716479877e-05,0.04638972387357445,-0.022593552202627497,0.0004292072468667477,-0.07920051291078672,0.005820414687332362
2015-11-06,7.258582818686537e-05,0.04638828083577594,-0.02259496423661767,0.0004291799024597725,-0.0791893476371474,0.005819443537282308
2015-11-09,7.262051477853938e-05,0.046390918462281217,-0.02259586129402226,0.00042897922926510605,-0.07922710472344449,0.005819072175501769
2015-11-10,7.265886834529299e-05,0.046395093481351055,-0.022596993135294396,0.0004288310762919771,-0.0792514342981769,0.005820279729693
2015-11-13,7.263142164804592e-05,0.04639016165987287,-0.022598268946861295,0.000428861958018503,-0.07925578831905958,0.0058201285962219285
2015-11-16,7.264760495265558e-05,0.04638677169134031,-0.02259902120642277,0.00042891743075480077,-0.07924799228994554,0.005820676924761639
2015-11-17,7.270884488627414e-05,0.04637988284216146,-0.02260066969040078,0.0004288182331349758,-0.0792350067756448,0.005821646017734356
2015-11-18,7.270181930529767e-05,0.04637997346155941,-0.022602433169560763,0.00042866638953452016,-0.07924035700602221,0.005821689824857572
2015-11-19,7.270847065552418e-05,0.046378971032781616,-0.02260344532228479,0.00042871668936590116,-0.07923849772274406,0.005822525336273837
2015-11-20,7.269343517061075e-05,0.046386994034425616,-0.022604284653387142,0.000428689364364421,-0.0792472632933113,0.005822820162642084
2015-11-23,7.260686837475e-05,0.04639367395468167,-0.02260538876114759,0.0004284977080160025,-0.07930966776635101,0.005822432798312883
2015-11-24,7.261656351197815e-05,0.04639548222783958,-0.022606598735525864,0.00042821928424478605,-0.07931347406035398,0.005822622381365022
2015-11-25,7.263188982315707e-05,0.0463968078113583,-0.022607304050239155,0.00042846835791321306,-0.07931203826263518,0.005822637290553943
2015-11-30,7.269084153009227e-05,0.04639533341252945,-0.022607829496288603,0.00042842127861842993,-0.07927612004130455,0.00582240584215757
2015-12-01,7.271454768396553e-05,0.04640358695075607,-0.022609119673103403,0.000428336022986986,-0.07930631863502632,0.0058222743044900535
2015-12-02,7.27667876584061e-05,0.04639773750715051,-0.022611307070572937,0.00042817085647174776,-0.07932322754766108,0.0058234905767044105
2015-12-03,7.27932022716814e-05,0.04639331323810208,-0.02261277045091117,0.00042815363869520655,-0.07933832849249933,0.0058232101548322665
2015-12-04,7.277263835276292e-05,0.04639872376934372,-0.02261404609657541,0.00042806589195343954,-0.07931232476448533,0.005821612529772103
2015-12-07,7.274564548750825e-05,0.04639667406330138,-0.022614296386273908,0.0004280274172914029,-0.07936413906428948,0.005821480674773562
2015-12-08,7.26825788388841e-05,0.04639192934470767,-0.022616356589317557,0.00042789556449985514,-0.07938202939651764,0.0058213657419376955
2015-12-09,7.262473312218927e-05,0.046391410670154995,-0.022617133087051763,0.00042798073756278174,-0.0793701328751266,0.005821412834843957
2015-12-10,7.258629843520393e-05,0.04639674296506532,-0.022617782400656535,0.0004278580947879371,-0.07938522050849811,0.0058206389673818425
2015-12-11,7.260071656877203e-05,0.04639179932393268,-0.022619118231769625,0.0004276915490794822,-0.07934336492185357,0.00582026468882183
2015-12-14,7.263613302230013e-05,0.04638518264968634,-0.022620575854198993,0.00042772415976352325,-0.0793674799275009,0.005820019026537831
2015-12-15,7.266242058550624e-05,0.04638565657570956,-0.022622031336778516,0.00042753768444631584,-0.07938060548189976,0.0058202600902657435
2015-12-16,7.268223809839073e-05,0.0463829497803909,-0.022623876995335815,0.0004274895962209352,-0.07942699058011393,0.005820984380197392
2015-12-17,7.271057203443162e-05,0.046387352964594,-0.022624346591359472,0.0004275432310082776,-0.07941682929117638,0.00581889830921393
2015-12-18,7.273920519519369e-05,0.0463851209241178,-0.022626105017145424,0.0004276177712591183,-0.07944193547535912,0.005818281545429218
2015-12-21,7.272741418037854e-05,0.04639026015829182,-0.022627464188446925,0.0004274792884507562,-0.07941478780995491,0.005818604626921879
2015-12-22,7.275778869381465e-05,0.0463933302373854,-0.02262949367478763,0.0004273645068591806,-0.07945908851282495,0.005818446927724505
2015-12-23,7.276000733178331e-05,0.04639226112281539,-0.02263055934515978,0.0004271808717834147,-0.07944825098857855,0.0058176795745036175
2015-12-24,7.277111017087067e-05,0.04639264087881784,-0.02263201644433252,0.0004271740794494615,-0.07948498088301376,0.005818036068653694
2015-12-29,7.276486173410167e-05,0.04638870191534546,-0.022633088489633198,0.00042724591746559843,-0.07953044008766473,0.005818002781928467
2015-12-30,7.281133161612951e-05,0.04638611872512612,-0.022634588803093172,0.00042715068223726283,-0.07957978792857101,0.005817293104569422
2015-12-31,7.276952200413554e-05,0.04639151103223897,-0.022636947752917674,0.0004271174791416327,-0.07959069987826442,0.005816371766407522
2016-01-05,7.278199620637231e-05,0.04638796970272696,-0.02263864618403427,0.0004269516760287392,-0.07958729694281738,0.005815869541327321
2016-01-06,7.281604701359891e-05,0.046384148663373426,-0.0226400871315111,0.0004268534607777485,-0.07957021499354822,0.005815573298073157
2016-01-07,7.277540067087027e-05,0.046386639623907336,-0.022641339852045982,0.00042666077069120024,-0.07960539571713374,0.0058141491294306635
2016-01-08,7.279714404753952e-05,0.046390436377575686,-0.022642476310173913,0.00042658277008332643,-0.079649462286649,0.00581324943361603
2016-01-11,7.272203669564376e-05,0.04638369989458993,-0.02264442905390742,0.00042619715049122995,-0.07966874429121996,0.005811965982474884
2016-01-12,7.272247817390379e-05,0.04638188223129047,-0.02264515161987662,0.0004261157137121551,-0.07971113552583814,0.005811223880319585
2016-01-13,7.269946408677127e-05,0.04638533237175452,-0.022645716368646616,0.00042596262655255,-0.07969476786537527,0.005810586691385688
2016-01-14,7.272143806485015e-05,0.04638837880426076,-0.022646606049515412,0.00042601827050838437,-0.07968595043928238,0.005809031847315136
2016-01-15,7.270591296923122e-05,0.046391036114559636,-0.022648215280276215,0.0004257915799718364,-0.07966586053055683,0.005808292813301573
2016-01-20,7.264777597107755e-05,0.04639181140052182,-0.022648619513422202,0.0004257224610991647,-0.07970180530110772,0.005806948061036493
2016-01-21,7.263985231600368e-05,0.04638952410027693,-0.022650089796245797,0.0004258622517645662,-0.07970224213724136,0.005805984301008915
2016-01-22,7.260878519200668e-05,0.04638680847807072,-0.02265069729839895,0.00042576509061096875,-0.0797054565758851,0.005805732254458934
2016-01-25,7.25969645470297e-05,0.04638945563496166,-0.022653149351350384,0.00042567065461017944,-0.07973380967519143,0.005805789730353077
2016-01-26,7.255915373965455e-05,0.04639284902958247,-0.02265445863700701,0.00042559880007430424,-0.07973302153549544,0.0058052427919564244
2016-01-27,7.256896186073219e-05,0.04639925490270491,-0.02265507587516355,0.00042574144452762065,-0.07973494587598262,0.005805687227405187
2016-01-28,7.260287632404369e-05,0.046401279159669934,-0.022655973545785066,0.0004256378162214009,-0.0797216432332463,0.0058050821769770975
2016-01-29,7.265118967965998e-05,0.04640467174173184,-0.022657838819746406,0.00042554173270240497,-0.07975097743132638,0.0058053043870492215
2016-02-01,7.258880624094036e-05,0.04640488716908654,-0.022658889909895223,0.0004255380070744577,-0.07976537846336618,0.005805029458801578
2016-02-02,7.268042674438911e-05,0.046405325341202036,-0.022661111652923966,0.0004254568573289322,-0.07974918221319695,0.005804683581144627
2016-02-03,7.263943861189404e-05,0.046405547618204576,-0.022662749212609017,0.0004254256695179815,-0.07973365294020884,0.005803838828997894
2016-02-04,7.268334848810996e-05,0.04640839624290345,-0.022663562688930525,0.00042525886956087635,-0.07973431754683509,0.005802694433427646
2016-02-05,7.269189028440438e-05,0.046413422402171986,-0.022664925856801292,0.00042519377596935564,-0.0797431765225136,0.0058023616780434155
2016-02-08,7.267498838848266e-05,0.046413514940805964,-0.02266532991467234,0.0004250488476463409,-0.07976465394637172,0.005801771305771032
2016-02-09,7.262170332463762e-05,0.046415961107809656,-0.022666519648859594,0.0004251124528152231,-0.07975871072625128,0.005801448440873757
2016-02-10,7.257841166294148e-05,0.046419813327712264,-0.022667608485611543,0.0004249549137760306,-0.07975352782244063,0.0058007097966114845
2016-02-11,7.258846349398866e-05,0.04642200167634472,-0.022667702357972004,0.0004249744117948215,-0.07976572758574693,0.00579915838498755
2016-02-12,7.257926084706724e-05,0.04643094008531927,-0.02266984837570675,0.00042476946070920557,-0.07982819066973784,0.005799150007587798
2016-02-17,7.255825387280289e-05,0.04642978725698986,-0.0226714809318473,0.00042480437120081193,-0.07985330236739606,0.005798220985593713
2016-02-18,7.256844982302568e-05,0.04643744600819012,-0.022673042113300627,0.00042469332524725786,-0.07986899149065416,0.005797315437653601
2016-02-19,7.255114580285935e-05,0.04644406115918358,-0.02267430062963259,0.0004246458483872737,-0.07986039394099807,0.0057966060629730636
2016-02-22,7.253184591780888e-05,0.04644102890422702,-0.022675602517679087,0.00042441131510588764,-0.07983101841019855,0.005795651078574768
2016-02-23,7.253130227803644e-05,0.046436741441476304,-0.022675730926526142,0.0004243472923105282,-0.07990270696284135,0.0057940739170112875
2016-02-24,7.253671621459047e-05,0.046437759779827746,-0.022675857948451388,0.00042433973618423307,-0.07989087901848325,0.005793436354369421
2016-02-25,7.259674159062506e-05,0.04644424020421031,-0.022676159123361253,0.00042428518437195986,-0.07987498457719387,0.0057916749375421985
2016-02-26,7.26679770609904e-05,0.046453602628769075,-0.022676400277351034,0.00042413281309095565,-0.07989182372772788,0.005790157251835902
2016-02-29,7.26665549015839e-05,0.0464640705682689,-0.022677327081875937,0.00042421750465242646,-0.0798788337214597,0.005789829432121471
2016-03-01,7.269543612924105e-05,0.04647195422077468,-0.022677676015962638,0.00042401451067055734,-0.07991619009623255,0.005788798334940313
2016-03-02,7.268157570297697e-05,0.04647463558846456,-0.022678761584928413,0.0004237819061166943,-0.07994056110726017,0.005787559722481698
2016-03-03,7.269976886668725e-05,0.046484821417597605,-0.0226808189944544,0.00042356965359039784,-0.07989474483649754,0.0057865659816440426
2016-03-04,7.266555773481647e-05,0.04648332151534837,-0.02268152783243161,0.0004233426780370082,-0.07990734512482144,0.005786143952057154
2016-03-07,7.26088545712718e-05,0.04648476382694825,-0.02268315788763058,0.0004229572341177526,-0.07990908509461592,0.0057846119906485305
2016-03-08,7.262060709645121e-05,0.046490205209480745,-0.02268384666433095,0.00042268646337262334,-0.0799095529449473,0.0057842848076563366
2016-03-09,7.260356710831283e-05,0.04649066484011142,-0.022685851914709725,0.0004226196907694715,-0.07994000028976896,0.005783304066487281
2016-03-10,7.265241967916602e-05,0.04649461045169641,-0.022688355284108053,0.0004225273528594406,-0.0799409320396467,0.0057829199580322664
2016-03-11,7.265666683199085e-05,0.04650965564407762,-0.022689204589585812,0.0004223939729826979,-0.07997059810837835,0.005783363590498018
2016-03-14,7.262279681547144e-05,0.046518125386065756,-0.022689850387468406,0.00042240157036008163,-0.07998190848256602,0.005781279051920853
2016-03-15,7.268034703467745e-05,0.046519401067529026,-0.022691321453875805,0.00042221843399775676,-0.08000088101632906,0.005780858661749714
2016-03-16,7.267598064916485e-05,0.046522035773425466,-0.022692320474900007,0.0004220796883109475,-0.08003622089708147,0.005779546006632073
2016-03-17,7.271955958225387e-05,0.04652321321594299,-0.022693061428323377,0.0004219300479188239,-0.08002482942792863,0.005779508033321455
2016-03-18,7.276925095192692e-05,0.046530574050295134,-0.0226934889633307,0.00042190316774840767,-0.08001755900182247,0.0057778875574857926
2016-03-21,7.281037206151086e-05,0.04653239985411496,-0.02269485075178175,0.0004215852557652381,-0.08002553774527012,0.0057778064594032645
2016-03-22,7.276087451216792e-05,0.0465363905175012,-0.022694482064814114,0.0004214326245051458,-0.08009028878742845,0.005776333896355811
2016-03-23,7.277044798322939e-05,0.04654439945336864,-0.022696430091880306,0.0004212961775055497,-0.0801500822726516,0.005775265999662032
2016-03-24,7.276428175435258e-05,0.046550631580631954,-0.02269740506314507,0.0004210288390096943,-0.0801631001987265,0.005774825670324964
2016-03-29,7.277910559448158e-05,0.04654898962169983,-0.022699680438078157,0.00042065818925235627,-0.08011257878769876,0.005774678030845507
2016-03-30,7.285960852894882e-05,0.04654913838182337,-0.022700821032029573,0.0004206292400001552,-0.08014048453045498,0.005774244559626319
2016-03-31,7.280662086477552e-05,0.04655101423734945,-0.022702429495937662,0.000420476936417616,-0.08016389666456764,0.005774546167503789
2016-04-01,7.28408799033002e-05,0.04654692036370928,-0.022703817073032744,0.0004205026738119782,-0.08013854352586537,0.005773608247773254
2016-04-04,7.289333866245714e-05,0.04654872823434934,-0.022704709887889796,0.00042022631025421945,-0.08014372299312861,0.005772986695299687
2016-04-05,7.279361927065921e-05,0.04655628621698055,-0.02270650100572805,0.0004201817842163488,-0.08015698207879342,0.0057726115875027205
2016-04-06,7.278969364008048e-05,0.046561755749032936,-0.02270814481506606,0.00042002324920150806,-0.08015055667182862,0.00577233200990197
2016-04-07,7.27354447854696e-05,0.04656922030877353,-0.022709631787791278,0.0004198645517829022,-0.0801649821150362,0.005772368342909371
2016-04-08,7.273825646820733e-05,0.046573794384431134,-0.022710328982521726,0.00041961779330641704,-0.08023024894183675,0.00577104646278692
2016-04-11,7.265373851029758e-05,0.046574650105898494,-0.022711198916298247,0.0004196845562259425,-0.08028869613846264,0.005769995197789367
2016-04-12,7.252945931776954e-05,0.04657607766358975,-0.02271284063926954,0.00041954938349916284,-0.08031569997983376,0.005770467787379622
2016-04-13,7.246827789059716e-05,0.04657402890465935,-0.02271302203716399,0.00041955407417762394,-0.0803746934280038,0.005770191346839601
2016-04-14,7.245624226954405e-05,0.04657362961945163,-0.02271405908198754,0.0004195503710295471,-0.08042253730140964,0.00576925706568437
2016-04-15,7.23941503248215e-05,0.04657986912668165,-0.022714995849248153,0.0004195248481671929,-0.08040396255976402,0.0057672548775192164
2016-04-18,7.244151456676255e-05,0.04658397806744398,-0.02271589582675513,0.0004194490723121984,-0.08039956415522136,0.005766898070222292
2016-04-19,7.237825717678878e-05,0.04658415891661112,-0.022716954719956266,0.00041931886738968825,-0.0803845342438333,0.005766185038620283
2016-04-20,7.240184169495229e-05,0.04658009969823569,-0.02271688114784822,0.0004191334813653327,-0.08040251030525226,0.005765375985085937
2016-04-21,7.2301805983804e-05,0.04657703655238153,-0.022718344291994184,0.0004190281537213924,-0.08044647800808812,0.005764777319497471
2016-04-22,7.22537884968151e-05,0.04658023152013044,-0.022718742234095708,0.00041893405090548245,-0.08044695230990608,0.005764036658338662
2016-04-25,7.22105743826299e-05,0.046578283696708744,-0.02271971776840986,0.00041883508065992714,-0.08049459266089525,0.005763024996089758
2016-04-26,7.222983744984481e-05,0.04657939232041888,-0.022720015740155745,0.00041876469648057283,-0.08046097403399716,0.005761528652260537
2016-04-27,7.22092672652039e-05,0.04657695096515821,-0.022721476626831084,0.0004186647705281959,-0.08053405465647356,0.005760485049679744
2016-04-28,7.218982072972612e-05,0.046581168591090405,-0.022723454538717908,0.00041863822371740694,-0.08052845583531938,0.0057592112211624635
2016-04-29,7.214993159663901e-05,0.04658945792218363,-0.022724191232097325,0.0004186233997770213,-0.08057915220318253,0.005759589876667021
2016-05-02,7.213888512201993e-05,0.046594571971227475,-0.022725713462080008,0.0004186678388089061,-0.08051374816539304,0.0057577459260128696
2016-05-03,7.218121177335836e-05,0.04659337956419567,-0.02272740701976666,0.00041861900301282736,-0.08054162611918181,0.0057569938181730495
2016-05-04,7.21372131862876e-05,0.046596247952389896,-0.022728400128561307,0.0004186265479006173,-0.08056966360119229,0.005757158874678316
2016-05-05,7.208517609478411e-05,0.04659873628564392,-0.022729024776480547,0.00041845077903397037,-0.08057789410813972,0.005757215703193521
2016-05-06,7.20216751053364e-05,0.04659830300662639,-0.02272981530216151,0.0004183939809457166,-0.08053675172575456,0.005757042420491991
2016-05-09,7.193982598801349e-05,0.04659506542216762,-0.02273158590509735,0.0004183664883304086,-0.0805237662691402,0.005756386433304539
2016-05-10,7.193982286662845e-05,0.046598243843083614,-0.02273293834828887,0.00041845775538927084,-0.08053038893529332,0.005755480182112996
2016-05-11,7.195458138258328e-05,0.04660075434462416,-0.022734250253512812,0.00041836854610655724,-0.08054477149030949,0.0057551195242419246
2016-05-12,7.197204036804544e-05,0.04660957733413744,-0.02273540366194084,0.0004184190877285236,-0.08055760932894071,0.005754626748672708
2016-05-13,7.193304935964993e-05,0.046610892479838836,-0.022736895062962042,0.00041832494620641436,-0.0805139564423946,0.0057532403451097825
2016-05-16,7.196177091896591e-05,0.0466108507280248,-0.022738485063816198,0.00041814261152552963,-0.0805061691241319,0.005752423571297256
2016-05-17,7.196357256455725e-05,0.046607617949724,-0.022740345506118153,0.0004181253832206414,-0.08052307912914987,0.00575198671294479
2016-05-18,7.193879764957116e-05,0.0466095799941912,-0.022741808939067423,0.0004179121557490876,-0.08052843254503203,0.005751220304937766
2016-05-19,7.194613093114068e-05,0.046613083946418075,-0.02274347580728469,0.00041785392045418286,-0.08047836485015217,0.005750188171105363
2016-05-20,7.195075272779294e-05,0.04661420981585568,-0.022744356033379036,0.0004177416189511531,-0.08050479452261762,0.005750169181389828
2016-05-23,7.194778018140595e-05,0.046616750870810596,-0.02274503329417804,0.0004176102942111277,-0.08049497954870743,0.005748838562905156
2016-05-24,7.19858994841392e-05,0.046624085276751236,-0.022746545171077586,0.00041764642619616075,-0.0804856355876053,0.005748303459000728
2016-05-25,7.209503788650812e-05,0.04663099340579467,-0.022748793555531922,0.000417562758343378,-0.08051858974328845,0.005748063993184904
2016-05-26,7.208546534842325e-05,0.04663069189121105,-0.02274979064278253,0.0004174716979824189,-0.0804630160152008,0.005747881200171636
2016-05-27,7.207490913854189e-05,0.04663312304762941,-0.0227502262467851,0.0004174975716114719,-0.08044355641687491,0.005747453628277275
2016-06-01,7.211317392738003e-05,0.046638865797341084,-0.02275141017299385,0.00041749683311316814,-0.0804585117450486,0.005746656005930033
2016-06-02,7.209260819362296e-05,0.04663802064058657,-0.022752195786787506,0.00041761275627775053,-0.08045124359657914,0.005745958786402151
2016-06-03,7.204643708935983e-05,0.046642548325655876,-0.022751938513183346,0.00041774679722794526,-0.08047061935330235,0.005744814283939718
2016-06-06,7.204313977502989e-05,0.04663609205194065,-0.022752759351507095,0.00041762848047148136,-0.08049972169266252,0.005743929592796271
2016-06-07,7.203807180752013e-05,0.04664387651420214,-0.022754223637577363,0.0004174999261699887,-0.08055876088669689,0.005743601422999676
2016-06-08,7.202481782755434e-05,0.046648925205366176,-0.022755139542236874,0.00041737458364644647,-0.08057660944219987,0.005742653647544248
2016-06-09,7.202113497352081e-05,0.04665019684034272,-0.022756714000931353,0.00041713666475392825,-0.08058850003926504,0.005742819191440094
2016-06-10,7.19336794543238e-05,0.04665304564834719,-0.02275701626600783,0.0004171008938942978,-0.08060581659763105,0.0057425818187635995
2016-06-13,7.19061896222154e-05,0.0466513601417126,-0.02275816022223781,0.00041715257729382305,-0.08061364671083593,0.005741967220558669
2016-06-14,7.192720225362062e-05,0.04665134516357561,-0.022759492798877685,0.000417235826732061,-0.08061373866534847,0.005741869268687083
2016-06-15,7.198836680962686e-05,0.046647072469251996,-0.022761133051967534,0.00041709643817862543,-0.08065231125300383,0.005741523137179285
2016-06-16,7.195058817852372e-05,0.04664736685737143,-0.0227626667420459,0.00041711367814158216,-0.08067119882271466,0.0057408054633179715
2016-06-17,7.190851468563973e-05,0.04665554494241577,-0.022764139666338643,0.0004169534122979415,-0.0806702199881954,0.005740265312800724
2016-06-20,7.190168336432287e-05,0.04666105653999812,-0.02276613494747734,0.0004166736375133773,-0.08070358119405666,0.005739617600530926
2016-06-21,7.189565503367402e-05,0.046668200398279444,-0.022767713584655614,0.0004165306290977353,-0.08071306147338643,0.005738887027896925
2016-06-22,7.186697502328965e-05,0.046666328557063215,-0.022769092987344693,0.0004163324664985072,-0.0807337756869885,0.0057381093529713795
2016-06-23,7.186642807122932e-05,0.04667458327605786,-0.02277141991696077,0.00041622533206949695,-0.08077018899822011,0.005736474990495069
2016-06-24,7.178715148954732e-05,0.046681399918868376,-0.022773874011946745,0.00041608795071132064,-0.08076059995532257,0.005735511208516525
2016-06-27,7.178463677958941e-05,0.0466842954109616,-0.02277476960162056,0.0004159971648437094,-0.08079280035374078,0.005734890402266143
2016-06-28,7.170540855921454e-05,0.04668125199198285,-0.02277570088196069,0.00041596749514560344,-0.08076939037251768,0.005734953512915535
2016-06-29,7.176679556125825e-05,0.04667937980761976,-0.0227773457247021,0.00041606012201210506,-0.08074228012752857,0.005734486698765804
2016-06-30,7.180936787574407e-05,0.04667663491848547,-0.022778962381885617,0.0004158625663599129,-0.08072132056366232,0.005734876257325593
2016-07-01,7.182042755827996e-05,0.046683394809034946,-0.02278111759037929,0.0004156461897636777,-0.08072952806891334,0.005735380620330723
2016-07-06,7.178128856587096e-05,0.046681411912419035,-0.022783058624377767,0.00041556752288626124,-0.08069856150790523,0.005735603206089106
2016-07-07,7.181231535642382e-05,0.046678782410695244,-0.022784048917072162,0.000415518830133991,-0.08071320722007252,0.005735421240965835
2016-07-08,7.176271312744515e-05,0.046682856524044344,-0.022786430630791173,0.00041555375842339953,-0.08068962522473315,0.005735606963302069
2016-07-11,7.1735713772333e-05,0.046681367340745863,-0.02278752989374356,0.00041537772309668494,-0.08070279852571197,0.005736271093588936
2016-07-12,7.167903528730916e-05,0.046676728882906984,-0.022789185250669308,0.00041531623920446146,-0.08065750740428146,0.005735811371767496
2016-07-13,7.16966199138788e-05,0.046678065739792954,-0.022790274328443737,0.0004152505362606373,-0.08067962414256408,0.005735837884601734
2016-07-14,7.172228084212931e-05,0.046678572979984026,-0.022791597691847916,0.000415129680841066,-0.08068532559967677,0.005735271427433639
2016-07-15,7.169625222556536e-05,0.04668683690581878,-0.022792978134842348,0.00041506297289595304,-0.08067001844557506,0.00573553461059711
2016-07-18,7.169116705737323e-05,0.04668956693965268,-0.022794504439211844,0.00041519298781816797,-0.08066725868706488,0.005735728865924226
2016-07-19,7.168524887503092e-05,0.046687589227401904,-0.022796458943121423,0.00041502861371813687,-0.08067193425213137,0.005736165011646166
2016-07-20,7.173683772564143e-05,0.04668461130433749,-0.022798066391560415,0.00041495376993475486,-0.08063741974051758,0.005736455535827227
2016-07-21,7.173874811203521e-05,0.046688805172778666,-0.022799105061071034,0.0004148733272288853,-0.08065364056459554,0.005735215810702056
2016-07-22,7.172862646434023e-05,0.04667903255360956,-0.022801134524993452,0.0004148972591729647,-0.08062945966804567,0.005735124477112123
2016-07-25,7.171885815546172e-05,0.046677964997338,-0.022803129223302927,0.00041452876562607426,-0.08065799027701534,0.005734645540240225
2016-07-26,7.171414897669108e-05,0.04668348372925692,-0.02280451310022147,0.00041450477169016175,-0.0806617172395669,0.00573412594231211
2016-07-27,7.166208223856918e-05,0.04668614631646099,-0.02280569779611393,0.0004142179178337558,-0.08065159573190933,0.005734007918408322
2016-07-28,7.163427250212321e-05,0.04668816364819812,-0.022806951353075353,0.00041437169399672946,-0.08065340357339895,0.005733851729505877
2016-07-29,7.16799943136772e-05,0.04668119114265923,-0.022807879622295038,0.000414425418397311,-0.08065134094952832,0.005734839010206591
2016-08-01,7.166993688053895e-05,0.046687371370611436,-0.022809027693851985,0.0004143899653839015,-0.08066762842060383,0.005735125681110126
2016-08-02,7.16430839203221e-05,0.04668007962995133,-0.022810689946153956,0.00041426096508476575,-0.08068110548875634,0.005735481961854992
2016-08-03,7.154912291863376e-05,0.046678064892714394,-0.02281161592882645,0.0004142277445121097,-0.08067809727465988,0.005735564786333748
2016-08-04,7.156274228925714e-05,0.04667695493196984,-0.02281361893705016,0.0004140125670966951,-0.08067235323393619,0.005735378232995176
2016-08-05,7.158386465956546e-05,0.04668034279872746,-0.02281485882295351,0.000413835901009109,-0.08065455984353423,0.0057353312966473505
2016-08-08,7.151270122481881e-05,0.04668441128394832,-0.022816579543779743,0.0004138537151057797,-0.08065631220711947,0.0057346666388920055
2016-08-09,7.149910742810024e-05,0.04668395011277805,-0.02281822990088287,0.0004139009531664787,-0.08070310896068564,0.005734423326729769
2016-08-10,7.14871680745842e-05,0.046684310668132806,-0.02282032771120828,0.00041393831814102815,-0.08070598123745265,0.005734032038243002
2016-08-11,7.153617652067456e-05,0.0466869684987434,-0.02282269139875389,0.00041408474660998575,-0.08068643388026257,0.005732844962509112
2016-08-12,7.155920473560204e-05,0.046678975966729694,-0.022823980291288508,0.0004140480824046155,-0.0807359946331084,0.005733695539682648
2016-08-15,7.158087614078583e-05,0.04668061317903778,-0.022825501827772942,0.00041374971353455933,-0.08072127712372476,0.005735028443133302
2016-08-16,7.161051785073023e-05,0.04668082379876504,-0.022826432196598724,0.0004134950211875482,-0.08072258763932769,0.005735880174717065
2016-08-17,7.150567533125637e-05,0.04667655587720618,-0.022828394432412108,0.0004136665826337411,-0.0806770898122339,0.005735820332603732
2016-08-18,7.141154977963086e-05,0.04667907755850487,-0.02282966932740629,0.00041359983989846584,-0.08069643815142466,0.005735583035362167
2016-08-19,7.142832873906693e-05,0.04668232711814748,-0.022832196651474217,0.0004135526414404246,-0.08069820750917774,0.005736408543444967
2016-08-22,7.147350869964136e-05,0.04668255987321534,-0.022834719743772693,0.0004134432011403033,-0.0806963836901142,0.005736988237854317
2016-08-23,7.151759293703034e-05,0.046680428310457975,-0.022836100416064386,0.00041321174862433686,-0.08070444985533787,0.005737363935604658
2016-08-24,7.149342492866105e-05,0.0466783760836081,-0.022837284690494324,0.00041292432457392677,-0.08069287698567976,0.005737101534137806
2016-08-25,7.149563752048603e-05,0.04666927345681951,-0.022837939978808897,0.0004128972056061771,-0.08070312574639178,0.005736651898748072
2016-08-26,7.146570184472445e-05,0.04666882857206561,-0.022839759391860406,0.0004126310352373279,-0.08073841708475729,0.0057362742549753425
2016-08-29,7.146163146536027e-05,0.04667232437051707,-0.022841859584683183,0.00041245273798108575,-0.08075897786336894,0.005735918909246465
2016-08-30,7.146430368783934e-05,0.0466705629520541,-0.0228436056922511,0.00041241048337686457,-0.08080009613143717,0.005736473647754488
2016-08-31,7.146577094130053e-05,0.0466736746695052,-0.022845063086574205,0.00041220731788520985,-0.08082034325555837,0.005736744285160848
2016-09-01,7.141508352024182e-05,0.04667423470213866,-0.022846670033436454,0.0004121126759983047,-0.08078001990543761,0.00573690010778693
2016-09-02,7.13906235950397e-05,0.04667467159073388,-0.022848217050523662,0.0004120232267873588,-0.08078572156987736,0.005737632270303804
2016-09-07,7.136531262862539e-05,0.046678695876111787,-0.022849037116216053,0.00041180987668900445,-0.08079613167898189,0.005737667028395952
2016-09-08,7.13158649350322e-05,0.04667642805784595,-0.022850503450718415,0.000411746937653134,-0.08081360109387194,0.005738311182293462
2016-09-09,7.13403331415402e-05,0.04667593243575961,-0.02285205027341064,0.0004115905686629795,-0.08078611207587788,0.005736882288480622
2016-09-12,7.13970597151433e-05,0.04667552828373359,-0.02285305406074774,0.0004114834253197445,-0.08083560636771232,0.00573751938599133
2016-09-13,7.145421864919234e-05,0.0466747350611683,-0.022854051953218435,0.0004114029526684084,-0.0808533023601257,0.005738051998717286
2016-09-14,7.141244853643636e-05,0.046677752083174914,-0.022856402457285638,0.00041122277910502414,-0.0808286099192422,0.005737722468955985
2016-09-15,7.143612950009185e-05,0.0466759213131583,-0.022858479275539842,0.0004111368263284187,-0.08084935658322827,0.00573796385114999
2016-09-16,7.149862885373367e-05,0.04667436273603458,-0.022860349586434445,0.00041120423602191266,-0.08089899002927232,0.005738389855336444
2016-09-19,7.146183316201074e-05,0.04667387981132555,-0.022861789622745734,0.0004111189996751555,-0.08087837416567474,0.005738212923953973
2016-09-20,7.143799302113619e-05,0.04666773466509516,-0.0228635355529329,0.00041105977459050846,-0.08089494498885456,0.005737757318912914
2016-09-21,7.144868928656126e-05,0.04666515721159324,-0.02286508345194209,0.0004108633726184405,-0.08089320030544761,0.005738856553743521
2016-09-22,7.148875840545331e-05,0.04666392412156927,-0.022867502856363166,0.00041074054966615606,-0.08092446398779735,0.005740283729196883
2016-09-23,7.153830566065348e-05,0.04665948911211967,-0.022868313257184178,0.0004107168482328791,-0.08088254853780505,0.005741328028102331
2016-09-26,7.159675742279539e-05,0.04665235997543929,-0.022869684300013005,0.00041060583523227384,-0.08086564589894123,0.0057427371900339
2016-09-27,7.163342686390086e-05,0.046640113426841254,-0.02287187916092281,0.0004105231838508102,-0.0809011928020224,0.005743519271517672
2016-09-28,7.163565677571281e-05,0.04664030743475457,-0.022873878825246444,0.0004104647312550884,-0.08091193946570584,0.005742866142965761
2016-09-29,7.165399597550607e-05,0.046644394799442684,-0.02287538792692841,0.0004104403664207225,-0.08090741245403568,0.005742629561839539
2016-09-30,7.160534996988344e-05,0.046640402497516935,-0.022877409266916456,0.00041050175996063307,-0.08090401529880933,0.005741946200153459
2016-10-03,7.163319359071801e-05,0.04663941999655992,-0.022878361294203585,0.0004104137036801454,-0.08087442805121484,0.005742072171629294
2016-10-04,7.165002031191734e-05,0.04664918435347064,-0.022879326933491408,0.000410355209800546,-0.0808801687640567,0.005743374446324533
2016-10-05,7.168136039294626e-05,0.04664594567164515,-0.02288053407878153,0.0004103451431215981,-0.08086408124188534,0.0057430285478783155
2016-10-06,7.173101794195856e-05,0.04664541123171548,-0.02288183700655449,0.0004103541226287011,-0.08093931180268181,0.005742834042767583
2016-10-07,7.175538346067544e-05,0.046642840618557765,-0.022883424122611743,0.0004103230371578124,-0.08095647338537733,0.005742150431422689
2016-10-12,7.181475802050666e-05,0.04663744593069975,-0.022885379479595937,0.0004104163154004386,-0.08092076908796218,0.005742396750139683
2016-10-13,7.181372946073194e-05,0.046639412327620144,-0.022886971978586572,0.00041052226665333626,-0.08092506335893249,0.005743871334680549
2016-10-14,7.185781512114956e-05,0.04664031383765704,-0.022888409748591045,0.00041042679493407026,-0.08092551562399863,0.005743635534524888
2016-10-17,7.18658164785912e-05,0.04663439771766124,-0.022889846535534154,0.00041019985714979345,-0.08089531711591984,0.005744442789054123
2016-10-18,7.188058223000758e-05,0.046639121018618696,-0.022891121713168962,0.00041004910757720735,-0.08087361620741884,0.005745208368075437
2016-10-19,7.189393113711127e-05,0.04663497741121758,-0.022892583440678384,0.0004098633219752517,-0.08090245931191217,0.005745831389251478
2016-10-20,7.192129098530058e-05,0.04663137220858822,-0.02289459547782445,0.0004098304885186315,-0.08093396123560483,0.0057455268149003876
2016-10-21,7.193425975594037e-05,0.04662786959076236,-0.02289635390791369,0.0004096955612603815,-0.08097246781308567,0.005745870248593068
2016-10-24,7.196043951065854e-05,0.04662359964844101,-0.022897364799570028,0.0004096640926645363,-0.08096592311337973,0.005746212292205706
2016-10-25,7.198106376571134e-05,0.04662890188781403,-0.022899997289838995,0.00040957962851903486,-0.08096444021775377,0.0057468154230308705
2016-10-26,7.200699730890178e-05,0.046634080792926046,-0.02290140458170804,0.0004094549211264606,-0.0809727089747175,0.005747975153212807
2016-10-27,7.198223911196374e-05,0.04663943285635235,-0.022902815040616496,0.0004094014479546908,-0.08096522769604132,0.005747978379877476
2016-10-28,7.197253009415829e-05,0.04664373454876303,-0.02290380322441397,0.00040940978694482117,-0.08097417736665373,0.005748990025470906
2016-10-31,7.197881222445128e-05,0.04664751568708665,-0.022905731978140272,0.00040921399598634143,-0.0809565232216709,0.0057499037535565485
2016-11-01,7.201631184611795e-05,0.046648575625618444,-0.02290784788525266,0.0004091592563982722,-0.08102647956576363,0.005750066316573455
2016-11-02,7.210211937560525e-05,0.046640768862634394,-0.022908573025246244,0.0004092433977443961,-0.08104138667493999,0.00575053207802761
2016-11-03,7.216930930405842e-05,0.046642588777347685,-0.022910475424175365,0.0004092817594809778,-0.08105345761090697,0.005749992989229567
2016-11-04,7.218080765332955e-05,0.04664180276381931,-0.022911940057864382,0.00040925497763483106,-0.08107393879306035,0.005750067872074238
2016-11-07,7.21618575675901e-05,0.046637098103003746,-0.022912563835994975,0.00040934300319209985,-0.08104409346264956,0.00575015575340772
2016-11-08,7.216095030315068e-05,0.046632460152869995,-0.02291375771461115,0.00040927201387890716,-0.08106897899238254,0.005749827217497178
2016-11-09,7.216875514776126e-05,0.04663694313416833,-0.02291567116726923,0.0004093188185537228,-0.08112433542746568,0.005749678449051948
2016-11-10,7.216777281480696e-05,0.04663359206493529,-0.022917557261402505,0.0004091041816490332,-0.08116648606046596,0.0057495935166598025
2016-11-15,7.216342364793233e-05,0.04663456582174154,-0.022918833893669777,0.0004090480658220472,-0.08122077706442118,0.0057494185211317194
2016-11-16,7.21862197372524e-05,0.046630637011596504,-0.022921311612518386,0.00040907331396695175,-0.08119946285793608,0.005749204569306155
2016-11-17,7.218292741164564e-05,0.04663270937609327,-0.022922971898673,0.0004089835590260929,-0.08121531504880208,0.005749008424299242
2016-11-18,7.225857190160666e-05,0.04662566298772898,-0.022924022495204657,0.0004090414420644641,-0.0812190901059032,0.005749790048662257
2016-11-21,7.220492037539202e-05,0.04662100426671072,-0.02292527626374327,0.000408875076187325,-0.08123473616115662,0.005748668525301012
2016-11-22,7.219165857715334e-05,0.04661704022800525,-0.02292746356544965,0.0004089718879772342,-0.08123321336124424,0.0057479526174433705
2016-11-23,7.214875037218244e-05,0.046619734239848394,-0.022927788774801026,0.0004090020627489903,-0.08117974302220217,0.005747816547481368
2016-11-28,7.216660978822585e-05,0.04662250746318669,-0.02292869520427967,0.00040896973616995943,-0.08118220500683596,0.005746865429189451
2016-11-29,7.213603794464812e-05,0.046618930285353334,-0.022930162250695083,0.0004090570794649238,-0.0812153589370307,0.005746729398410739
2016-11-30,7.209971637013316e-05,0.0466184153213574,-0.02293190281663671,0.00040902881535491496,-0.08120990774062362,0.0057455151354246295
2016-12-01,7.213516487799468e-05,0.04662163198546281,-0.022933121794314337,0.00040897490844920344,-0.08122081513729273,0.005745822060821757
2016-12-02,7.215306677603237e-05,0.04662059914811134,-0.02293476880172088,0.00040890559712746546,-0.08120240208318194,0.005745559269386214
2016-12-05,7.21580543820003e-05,0.046623004619668305,-0.02293632538111705,0.0004088840362433126,-0.0812528456402075,0.0057453174943639905
2016-12-06,7.215698839614892e-05,0.04662998687375253,-0.022936543325621672,0.0004089281217579057,-0.08126216837154315,0.005745900509548757
2016-12-07,7.220263967073135e-05,0.046624887880155216,-0.022938298103334493,0.0004085881973424344,-0.08128432560384628,0.005746064188281471
2016-12-08,7.224460483496699e-05,0.04662497078787246,-0.02294022888547894,0.00040854634909908214,-0.08131287056066941,0.005745484451170654
2016-12-09,7.231098431964134e-05,0.046621638354298195,-0.022941536391460682,0.00040850202260209493,-0.08137766765751982,0.005744058222558254
2016-12-12,7.230841461408001e-05,0.04662791088086349,-0.02294293155057803,0.00040855567778317427,-0.08138653421579863,0.005743901783476833
2016-12-13,7.228126852118469e-05,0.04662427189310307,-0.022944324981373575,0.0004084797706953489,-0.08141181639628912,0.005744574533339018
2016-12-14,7.228721589812493e-05,0.04662393117239351,-0.022944743054532434,0.00040861190736497474,-0.08140658638349443,0.0057442568588489335
2016-12-15,7.23148820918105e-05,0.046618676691385655,-0.022946082646484175,0.00040843539762425857,-0.08145119887481436,0.00574411057215773
2016-12-16,7.235382790922382e-05,0.04661703231459702,-0.022947613271089715,0.00040842659197219157,-0.08146036811046461,0.005743637680870356
2016-12-19,7.239203519128513e-05,0.0466194808050767,-0.022949624132503194,0.00040836423133271094,-0.0814942399488576,0.0057435519103801
2016-12-20,7.250374732882657e-05,0.04662091785407725,-0.022950631334374496,0.00040855294970517254,-0.0814319167961712,0.005743159428149118
2016-12-21,7.25616377780173e-05,0.04662131106330488,-0.02295245464756282,0.00040844929750786434,-0.0814220659297091,0.005741678343456268
2016-12-22,7.256354414084522e-05,0.046619805015383375,-0.022953091534458115,0.00040838073219669847,-0.0814820740301657,0.005741534919083798
2016-12-23,7.257124720810904e-05,0.046622774914508246,-0.022953929046699767,0.0004082733865281954,-0.08149623836481973,0.005742016475681434
2016-12-28,7.261496773703041e-05,0.04662280584382494,-0.02295449077663352,0.0004084383692835018,-0.08148885669353292,0.0057402019138824345
2016-12-29,7.259237799641956e-05,0.04662508345481927,-0.022955833258356463,0.0004085038679080462,-0.0814705656000158,0.005739068417046255
2016-12-30,7.256488978022014e-05,0.04662488302244308,-0.02295807858532113,0.00040834840994315256,-0.08148436453018022,0.005739764357634072
2017-01-04,7.258488940626218e-05,0.046623400512670624,-0.022958794890504557,0.00040827677781169825,-0.08145405864142108,0.0057396613663760485
2017-01-05,7.256949720076582e-05,0.04662586960166433,-0.022960079778055385,0.00040817489837146535,-0.08143217945826903,0.005738712971038434
2017-01-06,7.256932635384534e-05,0.046624177423986335,-0.022961092787261786,0.00040815545505531797,-0.08142326011673133,0.005737909061163321
2017-01-09,7.258315174816505e-05,0.046623307413617456,-0.022961069236671218,0.00040817695708116617,-0.08144811926913471,0.00573817656412382
2017-01-10,7.258365686856153e-05,0.046627715736393904,-0.022962035843580624,0.0004081133924152382,-0.08144848083935433,0.0057382160468992
2017-01-11,7.268911830560245e-05,0.046629568421597725,-0.022962081358737705,0.0004079581553937979,-0.08141764623042332,0.005738342134363552
2017-01-12,7.262799857450701e-05,0.04662591806868075,-0.022962954819160615,0.0004080316323106284,-0.08145470282623161,0.005738004621376752
2017-01-13,7.261533157657598e-05,0.04662477130904707,-0.022963733381021267,0.0004080493917804793,-0.08145845206454684,0.005736958987946466
2017-01-18,7.261252370874923e-05,0.04662522302006815,-0.02296500835475351,0.00040790325035246634,-0.08149248095149748,0.0057354737664222265
2017-01-19,7.258795167111224e-05,0.04662863297775513,-0.022965481368747796,0.0004077971831051571,-0.08152477381539777,0.005735945615534699
2017-01-23,7.260699650108868e-05,0.046629578513145226,-0.022966010215407603,0.0004075738839817277,-0.08153232317594154,0.005735025004180729
2017-01-24,7.261764148148823e-05,0.04662865686553781,-0.022966847832980704,0.0004074472340904102,-0.08158246076503446,0.005735054866273827
2017-01-25,7.264407641935385e-05,0.046630746550299015,-0.022968379940535563,0.0004073157689163773,-0.08157922546409661,0.005734133866726115
2017-01-26,7.262840479622017e-05,0.046630310999672325,-0.0229699853783296,0.0004073984237025029,-0.08158710799913259,0.005733249607676633
2017-01-27,7.255632715950678e-05,0.046630430777161676,-0.02297058089165932,0.0004073883132043395,-0.08160450375485057,0.00573220036975785
2017-01-30,7.259518166699318e-05,0.04663583084771403,-0.022973045163058023,0.000407354458330966,-0.08165236282928981,0.005731627895728692
2017-01-31,7.25946028498268e-05,0.04663530407501351,-0.022974255221308283,0.00040725286247739455,-0.08163974386602776,0.0057299447003143185
2017-02-01,7.262869886631417e-05,0.04663355316952789,-0.022975289275533512,0.0004071522815008303,-0.08166020764950922,0.005730162698798832
2017-02-02,7.26040944739114e-05,0.04663957929101643,-0.022977018724512754,0.00040720332964155794,-0.08166449970323991,0.005730955791660892
2017-02-03,7.265757241269054e-05,0.04663737113900362,-0.022978178145447607,0.00040707750371890095,-0.08163275534942117,0.005730199100396457
2017-02-06,7.263628458923789e-05,0.046651003541198555,-0.022979722451342142,0.00040699274061242307,-0.08162164870225194,0.005729478970696178
2017-02-07,7.272330091649477e-05,0.04665595127338436,-0.022980758026448517,0.00040680557545231806,-0.08162781852521106,0.005729230378971952
2017-02-08,7.269940943459696e-05,0.0466521541301186,-0.022981949798600083,0.00040667733327770067,-0.08166814533189592,0.005729001369051672
2017-02-09,7.269106699478026e-05,0.046660350815615065,-0.022981937169843474,0.0004068040002368088,-0.08170515446491976,0.0057287537970638494
2017-02-10,7.269768877245644e-05,0.046661465298767635,-0.02298092967632625,0.0004065571011403963,-0.08170953231188122,0.005727095748926571
2017-02-13,7.265795330254432e-05,0.04666439117257763,-0.02298173280005698,0.000406656506439445,-0.08169853014443225,0.005726232195696526
2017-02-14,7.26479116514357e-05,0.046661971792000045,-0.022983115270966054,0.00040659062860869523,-0.08173418471642627,0.0057259871265687885
2017-02-15,7.26682554890021e-05,0.046664237140207884,-0.022984026728750072,0.00040641941354597534,-0.0817826465549476,0.005725292303941784
2017-02-16,7.271514816511125e-05,0.04666206475695529,-0.022984804053605902,0.0004064712451004764,-0.08177024566880868,0.005724318714501737
2017-02-17,7.269181432408973e-05,0.04666336784252127,-0.022986933622843257,0.0004064700156154085,-0.08178084137986498,0.005724809558298064
2017-02-22,7.270017250514052e-05,0.04666101432676131,-0.022988196128133388,0.00040652150256501485,-0.08176314674789802,0.005724368935107346
2017-02-23,7.274042377780999e-05,0.04665998178077285,-0.022988995472311327,0.0004065596583046773,-0.08180228749791493,0.005723779238400685
2017-02-24,7.278854310979324e-05,0.04666376883195799,-0.022990111181933122,0.00040652046085508625,-0.08180110875346905,0.005724004417970876
2017-02-27,7.281727218773961e-05,0.04667367783355275,-0.02299150474724647,0.00040638060452925274,-0.08177543808084682,0.005722750583433346
2017-02-28,7.282872504224147e-05,0.04667970655898493,-0.02299322631992544,0.00040631247241071236,-0.08180253019621653,0.005722410589199191
2017-03-01,7.282083486921658e-05,0.04668651874111206,-0.022993201735061145,0.0004063266383192677,-0.08176073586628921,0.005721120990165635
2017-03-02,7.280599359218802e-05,0.04668898441345748,-0.022992917087110678,0.0004062316073218875,-0.08177633284752396,0.005719772624267466
2017-03-03,7.2817411207534e-05,0.04669178117980782,-0.022992765981068832,0.00040622992345166835,-0.08177210301111994,0.005719786987259933
2017-03-06,7.280722689651473e-05,0.046693806227930255,-0.02299421603641359,0.00040636660054200796,-0.0817215874422782,0.005719315982960489
2017-03-07,7.27841890274002e-05,0.04669451237824122,-0.022995849904642915,0.0004063984696808253,-0.08174336180178411,0.0057195708804581025
2017-03-08,7.276994879025713e-05,0.0466933155072677,-0.022996026130164313,0.000406292878130762,-0.08171244573643648,0.005718496122160141
2017-03-09,7.279611244039799e-05,0.04669943031693357,-0.022998064571935657,0.000406401657507082,-0.08173190184064413,0.005718876247248952
2017-03-10,7.276991970157231e-05,0.046698155006198866,-0.02299935487500888,0.0004064023604114792,-0.08170167884278065,0.005718533426227755
2017-03-13,7.277318185894335e-05,0.04670334430728093,-0.02299993249769588,0.0004062154682757294,-0.0817068955710081,0.005718808234811383
2017-03-14,7.27986241960375e-05,0.04670563647214314,-0.023002010859355496,0.00040598091721410936,-0.08169990681731437,0.005718088058397118
2017-03-15,7.280755693913321e-05,0.046711563170250034,-0.02300242388180637,0.0004059505114307332,-0.08172117020362747,0.005718417245169603
2017-03-16,7.278421692945717e-05,0.046711361131330384,-0.023004243564138584,0.00040588301425717736,-0.08171442898734003,0.005718446507772873
2017-03-17,7.280159937631777e-05,0.04671649378866251,-0.023005283998317142,0.00040611532098520236,-0.08172711071005784,0.0057180396567255015
2017-03-20,7.285698789994847e-05,0.04672183324901203,-0.023005735488358988,0.0004059902294226352,-0.0817709473092968,0.005716212549176624
2017-03-21,7.287755980912103e-05,0.04672073566757333,-0.023006601379531495,0.00040599563669440773,-0.08179323187382884,0.005716102952663119
2017-03-22,7.283199078514233e-05,0.04672904904468558,-0.02300727124038677,0.00040595511576851305,-0.08182521991093734,0.005715475531422364
2017-03-23,7.286238770020834e-05,0.046732200949922614,-0.02300755049425795,0.0004058901611277816,-0.08184957501507134,0.00571526881372416
2017-03-24,7.284859354958973e-05,0.046733373516472526,-0.023009654331038753,0.00040579169638483203,-0.0818926153945659,0.005714566250754008
2017-03-27,7.284156730149589e-05,0.04673483737561062,-0.023009664171544993,0.0004056917740931534,-0.08189852080456081,0.005713422334541015
2017-03-28,7.287587581050909e-05,0.0467413108935022,-0.023010212032277752,0.0004056554349452022,-0.08189009042390051,0.005713547624854509
2017-03-29,7.277986402719932e-05,0.046745564112246826,-0.02301028223526549,0.00040571451618230843,-0.0819141743596862,0.005713263099282186
2017-03-30,7.27848021521437e-05,0.04674797649291747,-0.023011871844644757,0.00040572888877577775,-0.08191822774182239,0.005711972280949007
2017-03-31,7.279589807149191e-05,0.04674685993640163,-0.023012517374279347,0.0004056204397994746,-0.08190224766993835,0.005711695209865533
2017-04-03,7.276562767116576e-05,0.046748715324511705,-0.023013159742647005,0.00040558187205044706,-0.08190086269495375,0.005711746776734849
2017-04-04,7.27730276116563e-05,0.04674896375209398,-0.02301441838880641,0.0004055424192275789,-0.08187505672494177,0.005710425795259519
2017-04-05,7.284634137020034e-05,0.04674916370887344,-0.023015736743886135,0.00040551674088865617,-0.0818563834002034,0.00570836819620079
2017-04-06,7.281013448090101e-05,0.04674964920612801,-0.023017237477347283,0.00040548463108925633,-0.08180054328205001,0.005707985731663351
2017-04-07,7.278252513373253e-05,0.046757061490098784,-0.023019015429639213,0.00040525610436531034,-0.08179859045335552,0.0057070645210668715
2017-04-10,7.281872612245438e-05,0.04676112972830749,-0.02301950195505179,0.0004053875526556765,-0.08182092116531796,0.005706515287265006
2017-04-11,7.281074375594008e-05,0.04676290462504802,-0.023020963158551264,0.00040548405443686984,-0.08182917093861053,0.005705615177136159
2017-04-12,7.287648196173713e-05,0.04676319481969743,-0.023021381205039753,0.00040533646709820415,-0.08180016555439913,0.005704783800544243
2017-04-13,7.296232663489378e-05,0.04676882160546926,-0.02302211977836235,0.00040529810076130144,-0.0818451810387989,0.0057042523162045815
2017-04-18,7.29970845281864e-05,0.046764004607437015,-0.02302356336740423,0.00040536186149468367,-0.08184643342679275,0.005702350796720793
2017-04-19,7.302764106487617e-05,0.046768259016376754,-0.023023458623343672,0.0004052776427482699,-0.08178425808902824,0.005702522299136554
2017-04-20,7.303076067963988e-05,0.046772608117518655,-0.02302476990210973,0.0004050862739440632,-0.08178879067987364,0.005700966563352994
2017-04-21,7.296885203005886e-05,0.04677344379833242,-0.02302634485133228,0.00040526138536618695,-0.08179481571343286,0.005699867298034822
2017-04-24,7.302441528153236e-05,0.04677805711833448,-0.023027483410529268,0.0004051629139657128,-0.08180522850402355,0.0056992771114164
2017-04-25,7.304566191355733e-05,0.04677743591718571,-0.023028149649228866,0.0004050559085319031,-0.08177840046843814,0.005698999783880556
2017-04-26,7.300574257707025e-05,0.04678230601492209,-0.023028152411626004,0.00040495133118182087,-0.08179964527335949,0.005700051269896567
2017-04-27,7.305059677473872e-05,0.046779754055252656,-0.023028929115389122,0.00040483496408495376,-0.08184413619396631,0.005700685839368747
2017-04-28,7.307521652492606e-05,0.04677996698073025,-0.02302986164469813,0.00040505798802716313,-0.08187068545960849,0.005701411371081911
2017-05-01,7.30879717192987e-05,0.046780290582507544,-0.023030665649667145,0.0004048616147210107,-0.08188131151330671,0.0057019613121453375
2017-05-02,7.305250228156601e-05,0.046775789098683296,-0.023030602329399335,0.0004046892125799146,-0.08193542471945857,0.0057024723153739345
2017-05-03,7.306956207984227e-05,0.04677421539387583,-0.023031319152370753,0.00040470547246428514,-0.08198571091245574,0.00570462624353592
2017-05-04,7.304705394868347e-05,0.046775724502800195,-0.023032350093662442,0.00040476020598434676,-0.08205708738365892,0.005704312972543695
2017-05-05,7.309221500580116e-05,0.046771950254071756,-0.023033846904923348,0.00040470002759938754,-0.08205368851415519,0.005703980728451798
2017-05-08,7.311891167979653e-05,0.0467698941619267,-0.02303503473169122,0.00040451609993031993,-0.08210939182392452,0.0057035142150012345
2017-05-09,7.315440712768798e-05,0.04677668674155082,-0.023034987719218695,0.0004046331203591948,-0.0821032136009446,0.005704254813135036
2017-05-10,7.319688793265786e-05,0.04677325707304096,-0.023035555783402266,0.0004046804817666063,-0.08210635091339834,0.005702989063549257
2017-05-11,7.326106166645858e-05,0.04677572193141844,-0.023036696698367477,0.0004046916733338016,-0.0820955578463438,0.00570158150154542
2017-05-12,7.333691725213077e-05,0.04677364396654175,-0.023036984113903865,0.00040446045177717203,-0.08215487706671966,0.00570175314089435
2017-05-15,7.335718536548801e-05,0.04677666241862069,-0.023037034627353174,0.0004044358780301044,-0.0821496273154757,0.005701648345521036
2017-05-16,7.342606143179852e-05,0.04677965384585267,-0.023038210985203308,0.0004044012425899886,-0.08210461346619558,0.00570051067611967
2017-05-17,7.342781343192964e-05,0.046782205315744854,-0.02303972575614358,0.0004043216748201593,-0.08212485894520602,0.00569986285457934
2017-05-18,7.340200854379859e-05,0.04677406603654455,-0.023039864500895173,0.00040424522473263996,-0.08212957356747669,0.005699607146242569
2017-05-19,7.344688884126688e-05,0.04677263971697861,-0.023040994782812393,0.0004041391509586817,-0.08209244751375422,0.005699419146815816
2017-05-22,7.342488028546412e-05,0.046770403191886745,-0.023041923461008817,0.0004041189891258721,-0.08213361386029532,0.005699937705421409
2017-05-23,7.343339461540681e-05,0.04676721813299281,-0.023042368902902555,0.0004040574535663918,-0.08216665912095644,0.0056998223381611
2017-05-24,7.334057864716728e-05,0.04676678733529875,-0.02304332890285305,0.0004041637019391247,-0.08216318371420406,0.005700136515419093
2017-05-25,7.324889976527665e-05,0.04676839778106752,-0.02304325775358915,0.0004042402302826466,-0.08219008860596788,0.005700427304859511
2017-05-26,7.326025979023984e-05,0.046767971903482655,-0.023044340377567068,0.0004041580163681361,-0.08217066139021459,0.005700847247729028
2017-05-31,7.330545970320965e-05,0.0467651565697554,-0.023045359028663247,0.00040416388426128065,-0.08220328170706273,0.005700837035003281
2017-06-01,7.339493557316078e-05,0.04676478008621994,-0.023047554712413754,0.00040416409557614996,-0.08225213602164061,0.005700255918626865
2017-06-02,7.342002729044535e-05,0.046771830741287386,-0.0230476117277655,0.00040393457618136325,-0.0822545445826667,0.005699410897946793
2017-06-05,7.339001048400882e-05,0.0467679932671963,-0.023049143756937923,0.00040386583219499114,-0.08227145465323957,0.005698981374344863
2017-06-06,7.336549443863454e-05,0.046776782894955855,-0.023050170917966083,0.00040379380816945307,-0.08226924319589368,0.005699393213614511
2017-06-07,7.336496259640073e-05,0.04677529084100897,-0.023050503153938945,0.0004038926765152634,-0.08227400558780984,0.0056988799176167755
2017-06-08,7.33101503918467e-05,0.04678315959134752,-0.023052298296398422,0.0004038997479977699,-0.08225075580583294,0.005699841382771062
2017-06-09,7.325341018009835e-05,0.04678901676029083,-0.02305446801161909,0.0004039716558951304,-0.08223698044785711,0.005699478728951857
2017-06-12,7.324124899663741e-05,0.04678822335197426,-0.023055942130387457,0.00040373448502858825,-0.08223282119142833,0.005700004481120571
2017-06-13,7.319257435079998e-05,0.04679437838125201,-0.02305577155496263,0.00040360663566249046,-0.0822606931081176,0.005700231739882369
2017-06-14,7.312144426365614e-05,0.04679981199831273,-0.023055658387203748,0.0004035374726319203,-0.08231374650470347,0.00570044944449178
2017-06-15,7.31228657553373e-05,0.046798293920127174,-0.023055775648692108,0.00040331537234811296,-0.0822695248773736,0.005699943157933278
2017-06-16,7.316772056229646e-05,0.04679932969277033,-0.023056927383655487,0.00040335917996711673,-0.08229803762709756,0.005700064668697266
2017-06-19,7.315015588380378e-05,0.046797565036915,-0.023057133533659048,0.00040345036913014417,-0.08234323293019043,0.005699961324701562
2017-06-20,7.313963663783994e-05,0.04679517002567302,-0.023057708483894677,0.00040343382371882137,-0.08232001359182813,0.005699899387808341
2017-06-21,7.316851222880984e-05,0.046795235073339124,-0.023057791929948238,0.00040354659352125733,-0.08233457141532441,0.005700547389210218
2017-06-22,7.312951210860343e-05,0.0467992359271924,-0.02305866552830761,0.0004035758251174101,-0.08234566371097916,0.005700749447979343
2017-06-23,7.314883431424106e-05,0.0468037403180953,-0.02305959917492808,0.00040360072250277657,-0.08233085817257164,0.005700642833021279
2017-06-26,7.314804870148936e-05,0.04680817126710146,-0.02306009074407727,0.00040358080784176636,-0.08235237945225762,0.005700443143666693
2017-06-27,7.326742934193438e-05,0.04681270190385978,-0.02306089588646351,0.00040351508779056807,-0.08236521080527415,0.005700110607033272
2017-06-28,7.325806476883108e-05,0.04681614142422934,-0.023061706240647406,0.00040350771767237384,-0.08240033436725781,0.005700297801077873
2017-06-29,7.316958756288602e-05,0.046818340012414424,-0.02306278371328767,0.000403414012559376,-0.0824126890063824,0.005699843499333665
2017-06-30,7.310737920425116e-05,0.046824958134689565,-0.023063724828966934,0.0004033922839568732,-0.08243296360602409,0.005698675322195947
2017-07-03,7.305423923240313e-05,0.04682573907169105,-0.02306501317603475,0.00040355968322588977,-0.08244058123980529,0.005698273929174372
2017-07-06,7.301681497616684e-05,0.046829952373840154,-0.023065795697421787,0.0004035835829535211,-0.0825000684821802,0.005696208043219476
2017-07-07,7.304700641785207e-05,0.0468285723334549,-0.023066350904942717,0.0004036047789195575,-0.08250329747351542,0.005696525160206615
2017-07-10,7.300696925243676e-05,0.0468331527281637,-0.02306707800710963,0.0004035499218082232,-0.08247743391227597,0.005696048340858016
2017-07-11,7.295592000797904e-05,0.04682860609059743,-0.023068297532393794,0.0004034901050385969,-0.08249944720617733,0.005696886942079473
2017-07-12,7.294139111107359e-05,0.04683106713130169,-0.023068933539845012,0.0004035340170413569,-0.08253363967355333,0.005696864549006421
2017-07-13,7.288779038537626e-05,0.04683301332975937,-0.023068836381117182,0.00040336011360290504,-0.08252065214228538,0.0056962236241974475
2017-07-14,7.282716120749614e-05,0.046832802780486946,-0.023070836943973244,0.00040317371808285896,-0.08254460464119338,0.005695889637523356
2017-07-17,7.280885346040138e-05,0.04683128975040319,-0.0230719526099978,0.0004030984351182098,-0.08249145895630376,0.0056954846532105575
2017-07-18,7.282774655544595e-05,0.04683214245175599,-0.02307243081062379,0.0004030208857826263,-0.0824780454891341,0.005695068350086414
2017-07-19,7.276569898166922e-05,0.04682516182938943,-0.023073500331247384,0.0004029882443428706,-0.08247183358348903,0.00569519491356467
2017-07-20,7.273530628980465e-05,0.04683180971157519,-0.023074137245035525,0.00040272543240190664,-0.08251863005203652,0.005695406410515641
2017-07-21,7.267672590080569e-05,0.04683386249298513,-0.023075163885508898,0.00040261057690081225,-0.08253441293636449,0.005694474804773568
2017-07-24,7.262492267313158e-05,0.0468360131649253,-0.023075344493370217,0.0004027030368614567,-0.08251340562182966,0.005693975225201656
2017-07-25,7.263792778894925e-05,0.04683870307326796,-0.023077487859303157,0.0004027272655588308,-0.08256642688401922,0.005693051358536899
2017-07-26,7.264261930693699e-05,0.04683355554778907,-0.02307869839173566,0.00040257935721706866,-0.08255127321242439,0.00569290819978375
2017-07-27,7.26426320330398e-05,0.04683815776879002,-0.023080023303704924,0.0004024582031484892,-0.08255671622194968,0.005692439007668997
2017-07-28,7.256055603807687e-05,0.04683718447347999,-0.02308166509473445,0.00040244271265252026,-0.08253436142206573,0.005692088921653342
2017-07-31,7.258105484025783e-05,0.046837277061205954,-0.02308251225891917,0.0004023646249716302,-0.08251281654469657,0.005691599440219042
2017-08-01,7.257231364395701e-05,0.04683640566859146,-0.023084152517444643,0.00040235098047444496,-0.08250477080408475,0.005690484096250002
2017-08-02,7.252572103452381e-05,0.04683671849119464,-0.023085234419710034,0.00040214219805258516,-0.08251420674825116,0.005691254632347292
2017-08-03,7.25342246703677e-05,0.04684139806895653,-0.023085725929139708,0.00040227701245677886,-0.08250363551459354,0.0056904982865133924
2017-08-04,7.253542489999966e-05,0.046841911170785275,-0.023085552906951034,0.00040239678232312275,-0.08253371964117408,0.005689922048439459
2017-08-07,7.239816643107638e-05,0.046848054408709636,-0.023087382941275627,0.0004023227083624583,-0.08254283772098993,0.005690129381162757
2017-08-08,7.235206795556986e-05,0.04685450465855426,-0.023086456345984552,0.00040232668853431317,-0.08253102741141469,0.005690776261088268
2017-08-09,7.233228313139814e-05,0.0468501130230013,-0.023087589153296197,0.0004022412209827383,-0.08255556040999797,0.005690403795996998
2017-08-10,7.231490517491354e-05,0.046851810011829635,-0.02308825688417255,0.00040208064024518003,-0.08256773183282362,0.005688534401624212
2017-08-11,7.226837205930072e-05,0.04685648272450686,-0.02308800416456317,0.00040207245102432364,-0.0825797928982592,0.005688058149452603
2017-08-14,7.232566841852571e-05,0.04685472525676803,-0.023088394540600278,0.0004018253498051632,-0.08255983466274701,0.005687651746804714
2017-08-15,7.230175702202799e-05,0.04684956204343031,-0.02308951008706408,0.0004016038689316204,-0.0825512591739839,0.0056865908146293545
2017-08-16,7.23462223515552e-05,0.04685245919864739,-0.02309065565236276,0.00040142053740831066,-0.08254596954451253,0.005686361628238783
2017-08-17,7.234204677384948e-05,0.04685557878658615,-0.0230910968500402,0.00040128226518496257,-0.08255719141245882,0.0056865995783906345
2017-08-18,7.232793598946057e-05,0.046858552674423765,-0.02309193622464669,0.0004013512687783213,-0.0826185146521455,0.00568586578380716
2017-08-21,7.230643640160297e-05,0.04685110037041526,-0.02309263599395736,0.0004014065800966135,-0.08264887113435242,0.005684584774125683
2017-08-22,7.231260373813897e-05,0.04685235870812396,-0.023093878062095625,0.00040144334053417337,-0.08266267110388861,0.0056829477796904605
2017-08-23,7.22656219223646e-05,0.046863414527550704,-0.023094708881531506,0.0004014226276402904,-0.08270656049561281,0.00568327403844931
2017-08-24,7.235471615014313e-05,0.046866126099336936,-0.02309510786080641,0.00040147857081404635,-0.08272663447694338,0.005682894524995459
2017-08-25,7.234516378392911e-05,0.04686598968587445,-0.02309623616686022,0.00040141184930340653,-0.08275072769050922,0.005681528860822887
2017-08-28,7.232118683068744e-05,0.046875611447161014,-0.023097856718283568,0.00040133424650054664,-0.08274708161729873,0.005680340201764225
2017-08-29,7.237760938082668e-05,0.04687225267505581,-0.02309935040066429,0.0004013494808328044,-0.08274537861994423,0.005679151561928473
2017-08-30,7.236873091824708e-05,0.04687811056571137,-0.023099879771014093,0.0004012097383197604,-0.08273997101529286,0.005679051579779996
2017-08-31,7.238758406940796e-05,0.046880537175867924,-0.023100188775685107,0.0004011453078917246,-0.08269986289744287,0.005679417132137114
2017-09-01,7.241189789520587e-05,0.046882498784248286,-0.02310025614642054,0.0004012409638701037,-0.08269447393237635,0.0056793371228479545
2017-09-06,7.239831051457069e-05,0.04688223197299532,-0.023101673639334592,0.0004013205670146188,-0.08269775907539674,0.005677721397096535
2017-09-07,7.228904742370399e-05,0.046885477833727686,-0.02310201652211948,0.00040142212611880054,-0.08277137241959118,0.005676687028815809
2017-09-08,7.224404097547847e-05,0.04689202527465565,-0.023102540342239766,0.0004013110216664436,-0.08276083707637748,0.005675770131853181
2017-09-11,7.229096938664149e-05,0.04689691318783268,-0.023104083037389807,0.0004012777166027496,-0.08278410944467053,0.005674394929799979
2017-09-12,7.224912257033468e-05,0.04690423142380588,-0.0231055691512875,0.00040138761691829017,-0.08285065571235657,0.005672878793459427
2017-09-13,7.220548954800327e-05,0.04691477819145501,-0.023105857669842755,0.0004013287529222718,-0.08285762793885215,0.005670817882862401
2017-09-14,7.213310158689576e-05,0.046915230601162886,-0.023106210183201865,0.0004011441186301066,-0.08288238640451402,0.005669351459326922
2017-09-15,7.214139664490316e-05,0.04691833098933681,-0.023107528093486145,0.0004012330092065835,-0.0828944290268204,0.005667069711280032
2017-09-18,7.207281877752879e-05,0.04692127241473759,-0.0231093606863652,0.00040115140960648283,-0.08290719162670374,0.005666774766823597
2017-09-19,7.201489174621182e-05,0.04692493866311287,-0.023109882837676208,0.00040119831363551943,-0.0829293503522999,0.005665865952731231
2017-09-20,7.204423992408168e-05,0.046927784877055956,-0.023110829281874086,0.00040116155232087093,-0.08298519695966405,0.005665554089072326
2017-09-21,7.205180619743701e-05,0.04692596096325168,-0.023111801772614952,0.00040124079837892593,-0.08296347524397761,0.005664125955280968
2017-09-22,7.20788795497095e-05,0.04693039387027326,-0.02311191661802483,0.00040113424105301743,-0.08295286745803993,0.005661820035523901
2017-09-25,7.20848021997171e-05,0.04693679360406556,-0.023113080827293027,0.00040123829747197755,-0.08295539473189012,0.005660673476899839
2017-09-26,7.211734455957288e-05,0.046941212503525266,-0.0231130187464375,0.00040135218427971286,-0.08300809443378007,0.005659864178747041
2017-09-27,7.206682646361694e-05,0.04694221245784501,-0.023113623072012538,0.00040129128660918443,-0.08300932137255113,0.005658896223110712
2017-09-28,7.196681758495679e-05,0.04694345943956631,-0.023114929427580432,0.0004010251805712243,-0.08309811026129679,0.0056579374656493125
2017-09-29,7.191410640677463e-05,0.046937744596929024,-0.023114705608828005,0.00040115595875735654,-0.08311542867785743,0.00565721758554697
2017-10-02,7.189955207353082e-05,0.04693729612344138,-0.023116047771423082,0.0004013662726141592,-0.08315534670559609,0.0056558665111913105
2017-10-03,7.192220413546903e-05,0.04694527182298548,-0.023116025001031083,0.00040114783954731093,-0.08316114484563523,0.005655292723822793
2017-10-04,7.193559220306036e-05,0.046951845251001496,-0.0231167691530893,0.00040095372784231854,-0.08317099830053007,0.0056543157519841295
2017-10-05,7.201448850503938e-05,0.046957318060593944,-0.02311736043336901,0.00040076444829854625,-0.08315138872997492,0.005653737180781544
2017-10-06,7.207572859462569e-05,0.046959377391303306,-0.023117360067400356,0.0004007643092691152,-0.08313262381657874,0.00565324114678542
2017-10-11,7.210512518154479e-05,0.04696306832573496,-0.023117252976698435,0.000400905190901473,-0.08316577756305683,0.0056513694164087545
2017-10-12,7.211547445949808e-05,0.04697462173429133,-0.023117508242539758,0.00040090457783111417,-0.08314654490865847,0.00564972037872853
2017-10-13,7.212686885967447e-05,0.04697481611967723,-0.023117977538743537,0.00040085269658569607,-0.08314925503424558,0.005649553363720526
2017-10-16,7.214062163719084e-05,0.046978115975662045,-0.02311855320337062,0.0004006854905588031,-0.08314543160631112,0.005647801790579419
2017-10-17,7.218272124504735e-05,0.04698191830932826,-0.023119610253488684,0.000400651180507519,-0.08312651003775842,0.005646108698643926
2017-10-18,7.222417018345104e-05,0.04698512538329935,-0.023120000555451194,0.0004005275352144097,-0.08316477960299266,0.005644915480478316
2017-10-19,7.225412872741316e-05,0.04698305309877121,-0.02312031245287482,0.00040032785833960275,-0.08322248407987823,0.005644829270201388
2017-10-20,7.228665819590685e-05,0.04698784799432351,-0.023120814374402988,0.0004002822116602058,-0.08326020072703685,0.005643501476753621
2017-10-23,7.222892663840609e-05,0.04698828580543966,-0.023121060992482644,0.00040011315416932987,-0.08328408568842394,0.005642375149752661
2017-10-24,7.224389760817073e-05,0.04698991888300562,-0.02312124397748635,0.0003999917136887481,-0.08332974513591501,0.005641049346776152
2017-10-25,7.229600059803913e-05,0.046993821666012736,-0.023122155883335785,0.0003998815928094787,-0.08333076071203695,0.005639225122800664
2017-10-26,7.222803970726875e-05,0.04699398369120983,-0.023122963195733114,0.0003999065630803905,-0.08334910678430006,0.00563797387538449
2017-10-27,7.229877066501834e-05,0.04700045080690811,-0.023123417100528704,0.0003998610905848838,-0.08334847726399403,0.005638024887705768
2017-10-30,7.231896831410469e-05,0.0470006942997698,-0.023124122352281277,0.0003997395674821316,-0.08337023168873697,0.00563668534867381
2017-10-31,7.233491552574615e-05,0.04701019802267993,-0.02312505239108886,0.00039959603164463125,-0.08333635135651041,0.00563572660613694
2017-11-01,7.237653668470587e-05,0.04701048893667068,-0.02312549215750207,0.0003995119988471859,-0.08337254350971542,0.005634425915789509
2017-11-02,7.239755516276762e-05,0.04701396768888397,-0.02312606390466186,0.00039959500339753094,-0.08342104546539059,0.005633226071132858
2017-11-03,7.237767685005067e-05,0.047022338423959656,-0.02312605928411597,0.00039933984682359217,-0.08341671851565549,0.005632358531359941
2017-11-06,7.238754280334036e-05,0.04702482867780147,-0.023126108713469356,0.00039935382978853766,-0.08345074590287942,0.0056312800161903214
2017-11-07,7.239245765099724e-05,0.047032530088020115,-0.023126228891799775,0.0003997343277012261,-0.08347371170755642,0.0056318082713381346
2017-11-08,7.23855012310744e-05,0.04704136243306491,-0.023125937857622906,0.0003996600796076633,-0.08350700402848732,0.005630469604075971
2017-11-09,7.238894161411264e-05,0.0470469404801723,-0.02312650162456393,0.0003995130187301592,-0.08349505007214382,0.005628841704786773
2017-11-13,7.236571985514948e-05,0.04705054903498139,-0.02312760140777576,0.00039966057828286005,-0.08349903330308825,0.005627656714398437
2017-11-14,7.237277109943965e-05,0.047048602889600416,-0.023127675211449105,0.0003996646247237521,-0.08349640275333407,0.005627102513442892
2017-11-15,7.232758980208238e-05,0.04705484361190693,-0.0231279725628282,0.00039957563864242556,-0.08349556622419091,0.005625248213496746
2017-11-16,7.227930673708142e-05,0.04706195101328529,-0.023129072453160274,0.00039975145406528066,-0.08349164876611548,0.005624301766023206
2017-11-17,7.23228840999813e-05,0.047064056262177655,-0.02312983279621753,0.00039964497740619396,-0.08349913866122814,0.005622716980191522
2017-11-20,7.235883951822676e-05,0.047062300242297045,-0.023129981612959944,0.000399566011828591,-0.08352520394236579,0.005622589263568496
2017-11-21,7.235928432900835e-05,0.04706492765905773,-0.023131168097916148,0.0003995420106482011,-0.08348959975529535,0.005622865218172566
2017-11-22,7.230162360304218e-05,0.04706746521842067,-0.02313211180351278,0.00039957573498242594,-0.08352802691627058,0.005622081910330309
2017-11-27,7.232285871015164e-05,0.047070434386327686,-0.023132733473794003,0.00039958521840427827,-0.08352090937160438,0.005621065675199693
2017-11-28,7.236320646041658e-05,0.04707425148773775,-0.023133703466353236,0.0003994935921194355,-0.08356106419284583,0.005619725312194825
2017-11-29,7.238303518176344e-05,0.04707945749460615,-0.023135305483784476,0.0003994127896722945,-0.08357381812780416,0.005617604899245831
2017-11-30,7.238766806086685e-05,0.047083672373749844,-0.023135588045465567,0.0003994263152876953,-0.08356292302786539,0.005616266719778698
2017-12-01,7.24183138088587e-05,0.04708160147600787,-0.02313611299905288,0.0003994164644677465,-0.08359179325677572,0.005615527381553153
2017-12-04,7.25074624627803e-05,0.047086117652524864,-0.023135578166107878,0.0003994548652870906,-0.0835689317694719,0.0056140857551705454
2017-12-05,7.255080251191787e-05,0.04708399359700813,-0.023135992801065774,0.0003996577452769497,-0.08355324022812766,0.00561297847362394
2017-12-06,7.266892891464424e-05,0.047095094839249424,-0.023136104770329062,0.0003997443156679824,-0.08363026837593251,0.005613031868356856
2017-12-07,7.267620238347893e-05,0.04709899553543647,-0.023135739222174632,0.00039987214009120655,-0.08362023329337577,0.0056118483221970035
2017-12-08,7.26979712338414e-05,0.04710228742802649,-0.023136270446453545,0.0004002459732856677,-0.08355670495866252,0.005610843470771375
2017-12-11,7.270449840903234e-05,0.04710527475883029,-0.023136603442547823,0.0004003961317305772,-0.08350277572795221,0.005610998235492314
2017-12-12,7.273197179763275e-05,0.04710852320777773,-0.02313709063094841,0.0004003126893309656,-0.08348425748302593,0.005610896474202537
2017-12-13,7.273210063409201e-05,0.047119301305619365,-0.0231384103343318,0.00040025002534295863,-0.08344807155098258,0.005608950560684552
2017-12-14,7.27759993013653e-05,0.04712199454868354,-0.023137753791932204,0.0004001523650120824,-0.08346048444757004,0.005607544165559604
2017-12-15,7.27902364647233e-05,0.04712434968681389,-0.023137885024719685,0.00040013594212306037,-0.08345549479921165,0.0056064020943813325
2017-12-18,7.286324606759593e-05,0.04712916225599579,-0.023138740249998416,0.0003999664309799934,-0.08344588488671065,0.005605613065076653
2017-12-19,7.288044054785321e-05,0.04713785040085018,-0.023139765575881592,0.00040011069018233594,-0.08342656867942896,0.005605318276494921
2017-12-20,7.290938450847485e-05,0.04713969131362794,-0.023140361184425595,0.0004000568290283519,-0.08344338139138399,0.005603682266119566
2017-12-21,7.291217570675758e-05,0.04714250569112345,-0.023139535593772353,0.0004001655956966441,-0.08343381585377718,0.005601710237186306
2017-12-22,7.297297515111851e-05,0.04714874823045139,-0.023140009914557343,0.0003999897753866932,-0.08338730720203405,0.005599977983007352
2017-12-27,7.303101902409413e-05,0.04714785554225996,-0.023141596914675624,0.00040007692055764506,-0.0833553908817857,0.005599348407556572
2017-12-28,7.306629059084485e-05,0.04715018470121895,-0.023140820911497016,0.0004000766760614418,-0.08337322049032644,0.005598259594716196
2017-12-29,7.30859217581935e-05,0.04715029526646369,-0.02314152763615012,0.0004000251178900061,-0.08339134536917914,0.005596597614566205
2018-01-03,7.310257868155796e-05,0.04715935898611311,-0.02314249646803669,0.00040004575816153813,-0.08345262788972173,0.005595573725367526
2018-01-04,7.308184760231674e-05,0.04716251030469716,-0.023143501934664693,0.0004001609119577319,-0.08351575368272028,0.005594775010587421
2018-01-05,7.306052586062975e-05,0.04716346525020158,-0.02314390327528165,0.0004002769915079489,-0.08353552088506194,0.0055934107986621425
2018-01-08,7.303140131994074e-05,0.04717433911292189,-0.023144548337015496,0.00040019159689172115,-0.08356573024821798,0.005591986028955781
2018-01-09,7.301220812454441e-05,0.0471805581771767,-0.023144580881865464,0.00040010442753897496,-0.08355941061293061,0.005590943045081168
2018-01-10,7.303233950530961e-05,0.047182100396312335,-0.02314429809466688,0.0004000448657862056,-0.08359113948573782,0.0055906744756235825
2018-01-11,7.303232029614971e-05,0.047186666476739046,-0.023145247471599472,0.0004001674658544198,-0.08360079526629674,0.005590066389935692
2018-01-12,7.309161764508694e-05,0.0471917084599429,-0.023145607246190046,0.0004000806973360907,-0.08359985150949599,0.005589223446884263
2018-01-17,7.308667432704015e-05,0.04719481699846123,-0.023146403258039246,0.00039997848874118495,-0.08355468437590823,0.005588126594065684
2018-01-18,7.309652189606328e-05,0.04720248637751993,-0.0231470907478201,0.0003997596680759268,-0.08358371438979081,0.0055875597579522875
2018-01-19,7.310449409557706e-05,0.047209571105049364,-0.0231476703773253,0.0003996550230020679,-0.08360380125474652,0.005586692990251536
2018-01-22,7.306905364809015e-05,0.04721051587410363,-0.023148633836161284,0.0003996577307855009,-0.08363153444778879,0.0055859247794389855
2018-01-23,7.309507168414965e-05,0.04720975910585529,-0.023149692126372426,0.00039963883506522184,-0.08367221437939573,0.005583668390723979
2018-01-24,7.310138934431139e-05,0.047207045748245954,-0.023149682604759362,0.0003995380581722927,-0.08369704750326806,0.00558237730117955
2018-01-25,7.310769875912557e-05,0.047215090775841115,-0.023149655535199522,0.00039938858845844243,-0.08367593381051816,0.005580857266804491
2018-01-26,7.307646625831373e-05,0.047221431814526975,-0.023149767813437205,0.0003995464036863948,-0.08371851860381778,0.005579621088662336
2018-01-29,7.313306223026473e-05,0.047232431585732926,-0.02314941642761063,0.0003995288992358074,-0.08374177553102773,0.005579181294811016
2018-01-30,7.314610770550654e-05,0.04724286021540834,-0.02314960525580738,0.00039945297026409033,-0.08380572185361224,0.005578624661555849
2018-01-31,7.312144577456916e-05,0.047248707864043615,-0.023149353080876768,0.0003994931961582563,-0.08379929470342712,0.005577017781250169
2018-02-01,7.313033057120096e-05,0.04725832565238735,-0.023149582692708982,0.00039956273280043324,-0.08380441395096003,0.005577322177731388
2018-02-02,7.314935804924496e-05,0.0472608469311329,-0.023149869018833015,0.000399671335557309,-0.08383446761738819,0.00557547285033398
2018-02-05,7.318204194793522e-05,0.047265984761476997,-0.023149188187522943,0.0003997360485481989,-0.08385456559522816,0.005574971025737901
2018-02-06,7.3164955312669e-05,0.04726942832209869,-0.023150719981020893,0.0003997286914038659,-0.08385178249128872,0.0055743078205783645
2018-02-07,7.319684607356673e-05,0.04727343107984522,-0.023151624648429705,0.0003996400516683963,-0.08388260006136121,0.005574441379409224
2018-02-08,7.320271690479662e-05,0.04727802061452816,-0.023151646203434836,0.0003995192273508442,-0.08386255227376038,0.005574356191659947
2018-02-09,7.317573272414384e-05,0.047282756990310634,-0.023152155006567077,0.00039952219653352917,-0.08386437155713347,0.005572859841693648
2018-02-12,7.317091882592422e-05,0.04728607358336234,-0.02315210590024919,0.0003994015927395818,-0.08389946979596682,0.005571637313856114
2018-02-13,7.322168807587495e-05,0.047288431597113864,-0.02315170213724767,0.00039949846219006387,-0.08392172109994865,0.005570837914339573
2018-02-14,7.317627386215273e-05,0.04729609657707884,-0.023152446551406154,0.00039955694366094037,-0.08388370079129356,0.005569521147420939
2018-02-15,7.318970787700805e-05,0.04729638539865015,-0.023152655673522756,0.0003994883039285873,-0.08392363637232715,0.005568699608340552
2018-02-16,7.312414992956928e-05,0.04730015854272632,-0.023152442934978344,0.00039950030707204694,-0.08389945539833638,0.005568986315032956
2018-02-21,7.303580786999782e-05,0.04730483031372647,-0.023153418441890682,0.0003994855507530742,-0.08392736332265638,0.005568095680229102
2018-02-22,7.295407506582802e-05,0.047316965847415716,-0.0231541830241572,0.0003995297625929089,-0.08390559422638222,0.005567653595834975
2018-02-23,7.294455694313278e-05,0.0473199889526814,-0.023154748324167026,0.00039954923561705887,-0.08392792101803595,0.005567245860922276
2018-02-26,7.288824153479237e-05,0.047327919657753466,-0.023155405650310053,0.0003993823979340392,-0.0839388431566142,0.005566825300095811
2018-02-27,7.284689635437243e-05,0.04732670560354427,-0.023156794547812498,0.00039952580106414456,-0.08398529358127718,0.00556762307942524
2018-02-28,7.27818319317684e-05,0.04734084022137616,-0.023156790193526695,0.0003995777225408195,-0.08399758887253705,0.005568143823601223
2018-03-01,7.277450808895253e-05,0.04734874977592382,-0.023157510683425718,0.0003996013641479044,-0.08403220025147648,0.005568276748639488
2018-03-02,7.283781894236747e-05,0.04735117507425239,-0.023158604719868178,0.0003996037091798081,-0.08406877633050043,0.00556836650049866
2018-03-05,7.282960850049643e-05,0.04735473383783642,-0.023158370331038902,0.0003994346913145891,-0.08401989816045656,0.0055673929877942015
2018-03-06,7.280955528774093e-05,0.04735885549733441,-0.023159540252118537,0.00039935226148237124,-0.08403656055547201,0.0055674548988326154
2018-03-07,7.282973110859474e-05,0.047359470926724115,-0.02316008300382842,0.0003993981049420724,-0.08400722065897756,0.005567497493333704
2018-03-08,7.285270639413276e-05,0.0473581035755512,-0.02316072677164598,0.00039933557810966155,-0.08403197444389954,0.0055673453389203575
2018-03-09,7.28317600667569e-05,0.04736820953849055,-0.02316115408669965,0.00039941398269715075,-0.08402434641194695,0.005567762764385796
2018-03-12,7.27892739464153e-05,0.04736744627090134,-0.02316191997433551,0.00039957630918737884,-0.08398759275590094,0.005567290308094651
2018-03-13,7.279392865679338e-05,0.047372804452242456,-0.023162384825376487,0.00039932723334225187,-0.08403959624888688,0.005566902859933874
2018-03-14,7.281016194107438e-05,0.04737592370744527,-0.023163324574210994,0.0003993400273082757,-0.0840282098602543,0.005566232936084229
2018-03-15,7.273656287980974e-05,0.04738172083052526,-0.02316431577734554,0.00039932750927017024,-0.08404389254192571,0.005566008665077293
2018-03-16,7.276368890774286e-05,0.04738004477606959,-0.023165084897005982,0.0003993250564890986,-0.08407513032571386,0.005565875247391958
2018-03-19,7.276894814496135e-05,0.047379069988121,-0.023165636155528357,0.0003993031846373946,-0.0840863998235806,0.005566347879778104
2018-03-20,7.273121702433997e-05,0.047379961080549815,-0.023166511888953297,0.000399301139411809,-0.08416944113439725,0.005566849910500146
2018-03-21,7.275888923991073e-05,0.047380083465420865,-0.02316696109985134,0.00039939917682516957,-0.08420288580431887,0.005566778281092938
2018-03-22,7.285304323763738e-05,0.04738433990739332,-0.023167777356358207,0.00039943865871062175,-0.0842461026874374,0.0055665095892186035
2018-03-23,7.282595019912771e-05,0.04738751786431197,-0.023167545842764932,0.0003993132348284159,-0.08428580097391596,0.005565797373420424
2018-03-26,7.285076144682826e-05,0.04739594508924831,-0.023169030424231775,0.00039925471112943933,-0.08430798562616776,0.005566516959131293
2018-03-27,7.285623417248275e-05,0.04740459834615149,-0.023169144935734038,0.00039914130410052443,-0.08430405167479008,0.005566021632236269
2018-03-28,7.286279699453075e-05,0.047402312337899294,-0.023169449336256812,0.00039917345912348165,-0.0843003695065102,0.005564958646570255
2018-03-29,7.293627674965268e-05,0.04740420939581441,-0.023170286582204505,0.0003993168468485645,-0.08426060982897093,0.005565518824777245
2018-04-03,7.296281804332793e-05,0.047408734545098516,-0.02317102747758964,0.0003992480223177899,-0.08427636453483185,0.005565622011649514
2018-04-04,7.29666247073122e-05,0.047415417987788505,-0.023171607713658608,0.00039935114793282104,-0.08430527482485578,0.005565739709202305
2018-04-05,7.29976794354421e-05,0.047419313909152126,-0.0231719845654449,0.0003994866412813041,-0.08434996741868325,0.005565710417717642
2018-04-06,7.300535667675354e-05,0.04742148594749461,-0.02317313041366685,0.0003995089248969636,-0.08439250854168252,0.005565983145314654
2018-04-09,7.301749043697217e-05,0.04742369281748276,-0.023174182191808976,0.00039962775938608727,-0.08442072165520832,0.005565317666014723
2018-04-10,7.301928220904895e-05,0.0474296456391656,-0.023174030973685332,0.0003998025831348464,-0.0844386667219735,0.005564138777522784
2018-04-11,7.293584778017728e-05,0.047430179234716416,-0.02317509732163383,0.00039985411914419814,-0.08444928658342327,0.005564113402292139
2018-04-12,7.299763654815596e-05,0.04744093978384975,-0.02317540175615989,0.00039987950220585493,-0.08444025246253065,0.005563409339424617
2018-04-13,7.295171082782446e-05,0.047445218103073825,-0.023176248819942107,0.00039974245070966465,-0.0844483294062835,0.005563241694399874
2018-04-16,7.291251111077058e-05,0.047447628951399846,-0.02317684050956617,0.0003996144802368749,-0.08452196317977623,0.0055627064932581745
2018-04-17,7.29098068815525e-05,0.047452399576345325,-0.023177004500570263,0.0003995146914449839,-0.08451272282273217,0.005561718878038651
2018-04-18,7.290637734848332e-05,0.04745879274463585,-0.023177606350323347,0.00039952320899583094,-0.08454231839014675,0.00556035726078331
2018-04-19,7.292469088902681e-05,0.04746787937641857,-0.023177870887430597,0.0003997084927783182,-0.08457297153490574,0.005559241939777939
2018-04-20,7.297843232503704e-05,0.04746941710496842,-0.023177896847039275,0.00039962957239475717,-0.084553227875093,0.005558305435188092
2018-04-23,7.2967076734438e-05,0.047475117153005744,-0.023178636401916523,0.00039956081739428407,-0.08451772388163238,0.005558382728885828
2018-04-24,7.295759337137977e-05,0.04748169827530864,-0.023179411561575262,0.0003995437977483035,-0.08452762746788722,0.005558501878780316
2018-04-25,7.301820219416999e-05,0.0474896407459872,-0.023179913269995325,0.0003994375928517807,-0.08454575900037134,0.005558188112915839
2018-04-26,7.30109055278003e-05,0.04749901915767558,-0.023181471201654823,0.0003995438113167598,-0.08449738046670358,0.005557528152736819
2018-04-27,7.30324032496211e-05,0.047502728473094336,-0.02318232916460698,0.00039939273955492645,-0.08445220591831441,0.005556378824649764
2018-04-30,7.312554099897977e-05,0.04750452906241594,-0.023183180068922542,0.0003993226500508292,-0.08446235206061113,0.005555265663098446
2018-05-01,7.314781139678648e-05,0.04750645464853316,-0.023184154986537354,0.0003992271985895578,-0.0844234775917497,0.005554526310193564
2018-05-02,7.319605364147108e-05,0.04751287209609336,-0.02318472028467487,0.0003989078338770873,-0.08440302453730937,0.00555383205483793
2018-05-03,7.328880519153844e-05,0.047513587746420574,-0.023184949913007267,0.0003987138390241711,-0.08435651488573567,0.005552171832445274
2018-05-04,7.326018626630788e-05,0.04752492148367038,-0.023185336880374552,0.00039871806906344333,-0.08439354812484144,0.005551169593648028
2018-05-07,7.328258404339723e-05,0.047530979284906016,-0.02318593333492382,0.0003985905423725625,-0.08437981259337618,0.005550434775263761
2018-05-08,7.333650999449552e-05,0.04753256331831324,-0.02318687225202546,0.00039839569673659047,-0.0844090656624882,0.0055490887040782755
2018-05-09,7.328790094816533e-05,0.04753650908149719,-0.023187838714108417,0.0003984171295661617,-0.08437076127816312,0.005548490956753095
2018-05-10,7.334393819315681e-05,0.04753601566902698,-0.02318872198330176,0.00039818686750216805,-0.08437161885755731,0.005547818639587957
2018-05-11,7.335458196643655e-05,0.047540941793877134,-0.023189851593988106,0.00039791680822673527,-0.08436552746372235,0.005547116033897708
2018-05-14,7.34072813625071e-05,0.047548449126081443,-0.023190360026528776,0.0003976481940457347,-0.08434849991152069,0.005546914863687561
2018-05-15,7.341998127910156e-05,0.047555403187606086,-0.02319038376302748,0.00039758969152288686,-0.08434881021175901,0.005546103019883152
2018-05-16,7.344824851594097e-05,0.04755383048526879,-0.023191657532198432,0.00039739233405852004,-0.08428901838001442,0.0055460232136562175
2018-05-17,7.349984665713848e-05,0.04755817109001245,-0.02319252108575667,0.00039727212454994897,-0.08431812387554673,0.005545467387289625
2018-05-18,7.34966740018837e-05,0.04756095767899707,-0.023193088050892874,0.0003972505478369826,-0.0843135325842872,0.005543762175126091
2018-05-21,7.35244906524751e-05,0.04756611762928449,-0.02319310474886668,0.0003972486496232641,-0.08427780929381323,0.005544359274996429
2018-05-22,7.363201223146899e-05,0.047570872616004664,-0.02319362728267497,0.0003971666003073581,-0.08429318313803885,0.005543171968291241
2018-05-23,7.369082494575817e-05,0.04756945395640942,-0.02319465342056816,0.0003970189071807887,-0.08426186266408422,0.005543529121757623
2018-05-24,7.374794049950145e-05,0.04756797903006946,-0.023195110254305096,0.0003969090527758398,-0.08424590453911857,0.005541647884973582
2018-05-25,7.375181777654995e-05,0.04757602174724677,-0.023196485915838182,0.00039681638277208657,-0.08424757626995401,0.005539949157471535
2018-05-30,7.381499284960535e-05,0.0475814868276712,-0.02319700538110473,0.00039660619730256906,-0.08422678278207058,0.005538832093700886
2018-05-31,7.390731178529732e-05,0.047589131650782324,-0.023198068053754656,0.0003965917290462809,-0.08424152881503974,0.005538198791942634
2018-06-01,7.388197792287037e-05,0.04759232755256141,-0.023199469291253206,0.0003963874287163504,-0.08427770705563861,0.005537310279979726
2018-06-04,7.390116394489066e-05,0.047596428702578936,-0.02320021109516645,0.0003962728398411083,-0.0843189807334333,0.005536401986765561
2018-06-05,7.390761678801072e-05,0.04760317788491444,-0.023201537041866668,0.0003961998571477553,-0.08434988339024878,0.005535359695039466
2018-06-06,7.388975627540844e-05,0.04761258332383156,-0.023201770447676445,0.00039596520015574915,-0.08436112895718631,0.005535103140101775
2018-06-07,7.389042155944397e-05,0.0476097193672459,-0.023202886493568612,0.00039590884931870027,-0.08435102000270314,0.005532929900600412
2018-06-08,7.388941356231159e-05,0.04761099446910636,-0.02320355987727078,0.00039601541526991535,-0.08432546320543671,0.005533718277753863
2018-06-11,7.390959974251567e-05,0.04761230441918178,-0.02320360789346428,0.0003961358858774385,-0.08429383034735513,0.005531624434875836
2018-06-12,7.389910866328985e-05,0.04761693943183337,-0.02320442964446015,0.00039621305843101564,-0.08430384955718363,0.005530107326890169
2018-06-13,7.391936630998481e-05,0.04761309186475049,-0.023205258642283275,0.0003959425129504379,-0.08431922191740851,0.005529516156148717
2018-06-14,7.399951712966646e-05,0.04761230635056478,-0.023206458870107298,0.00039582389028109755,-0.08434645474838659,0.005529438415067086
2018-06-15,7.409911308315788e-05,0.04761663674304879,-0.023207007782056376,0.0003958465564987499,-0.08433567880415249,0.005528750251920966
2018-06-18,7.411987846449701e-05,0.04761792275677887,-0.0232072851794113,0.00039581145371164284,-0.08436620010179974,0.005528300735649714
2018-06-19,7.42083526200573e-05,0.04762885086602184,-0.023208443665276732,0.000395787843225914,-0.08435030795706334,0.005526480225732818
2018-06-20,7.42161206235254e-05,0.047635531152999594,-0.023209786324073927,0.00039586557013767234,-0.0843243453350511,0.005526246245311178
2018-06-21,7.421986376016058e-05,0.047646258354809734,-0.023209910825247357,0.00039582945245346743,-0.08432108652652696,0.005524932464777515
2018-06-22,7.43500994800105e-05,0.04765582303268312,-0.023210346810401884,0.0003956333109413307,-0.08433544856321033,0.00552357113911291
2018-06-25,7.445975649633435e-05,0.04766434588469054,-0.023211599315083858,0.0003954614747526093,-0.08432803364870743,0.005523099065072916
2018-06-26,7.44837215151599e-05,0.04767008743663792,-0.023211479826197014,0.000395458792030066,-0.08431579199771283,0.0055214144135911376
2018-06-27,7.446483843102721e-05,0.047677852228831044,-0.02321252507679906,0.00039547991865435594,-0.08429051686284629,0.00552007289764389
2018-06-28,7.446167894893608e-05,0.0476826352992982,-0.023213369424272243,0.00039545057400614447,-0.08424993127642458,0.005519033434080188
2018-06-29,7.448607980925986e-05,0.04768585067846157,-0.02321529760188804,0.000395162143020007,-0.08422819329006409,0.005518436958103481
2018-07-02,7.45253797805317e-05,0.047691751833478686,-0.0232159776178878,0.0003950242463600088,-0.08417755338750858,0.0055176105915048495
2018-07-03,7.454354361385678e-05,0.047700862513875106,-0.023216537616815622,0.0003952234914106044,-0.08413479624333271,0.005515873767468934
2018-07-06,7.458763075655153e-05,0.04771120772170459,-0.023217422418719186,0.0003951634062590387,-0.08416465978264873,0.0055156564310188914
2018-07-09,7.455101118468118e-05,0.04772069088320653,-0.023218135067777496,0.00039510140909659045,-0.08418086368745306,0.005516247467723277
2018-07-10,7.460081419597136e-05,0.04772996403180431,-0.023218609221923633,0.00039493226788771957,-0.08413655152172393,0.005516160751153444
2018-07-11,7.459811988459413e-05,0.04773227566871699,-0.023218534321960495,0.0003951854791418749,-0.08412488910338456,0.005515237132758717
2018-07-12,7.456481796884421e-05,0.04773661238562388,-0.023218637445809178,0.00039511898328936873,-0.08412722393663158,0.005513928459962327
2018-07-13,7.460072836018052e-05,0.047741820977427046,-0.023218951374077496,0.00039481830912183556,-0.08413957210002289,0.0055133041537889105
2018-07-16,7.464804535677885e-05,0.047751265914351804,-0.02321921694433251,0.00039462432247349804,-0.08409393295021375,0.0055126555701983625
2018-07-17,7.475239220680248e-05,0.04774900839236117,-0.023218925314733668,0.0003945437366557088,-0.08409142226975733,0.0055118426483747405
2018-07-18,7.47877857262429e-05,0.04775561794277376,-0.023219803440589167,0.000394534485072753,-0.08408721390675247,0.005509939385845779
2018-07-19,7.473731496170799e-05,0.0477679060921255,-0.023221370960259828,0.00039456731090061446,-0.08406955687730253,0.005508353801415046
2018-07-20,7.47979052416866e-05,0.0477725736974494,-0.023222155226580356,0.00039445172188677685,-0.08399024983390088,0.005506079008290865
2018-07-23,7.474158689004902e-05,0.04778341840499711,-0.023222785356003296,0.0003943756884788074,-0.08393320765646384,0.005504447403155828
2018-07-24,7.479430512343168e-05,0.04778612086905926,-0.0232247240992755,0.0003943662523610368,-0.08391136713237055,0.005502824880292149
2018-07-25,7.478352300430831e-05,0.047790481200742876,-0.023225445134614865,0.00039433486939407164,-0.08387272749537489,0.005502144399711115
2018-07-26,7.479825946054707e-05,0.04779434798297019,-0.023225675857887984,0.0003943654524077976,-0.083819760081186,0.00550200872520198
2018-07-27,7.481627805676855e-05,0.04779830618757455,-0.023226392264999157,0.0003944080052740681,-0.08379297803726249,0.005500922721549607
2018-07-30,7.492409854173967e-05,0.04780836194086938,-0.023227219407627585,0.00039430730015574617,-0.08371655412037735,0.0055006169043347415
2018-07-31,7.492716489228548e-05,0.047818224461126733,-0.023228414616921603,0.00039404728388446874,-0.08373466024059997,0.005500720412515871
2018-08-01,7.489870817869631e-05,0.04782193279876515,-0.02322916361959249,0.0003939879670554899,-0.08373670208454902,0.005498912420909267
2018-08-02,7.493194703920536e-05,0.047826479011786174,-0.023230690650940338,0.00039411949345679226,-0.083708911732729,0.00549752627141864
2018-08-03,7.492845811789652e-05,0.047830065294257866,-0.023231489874510267,0.00039389578658027174,-0.08368742124065384,0.005496061425470953
2018-08-06,7.49046457718968e-05,0.0478369778730828,-0.023232153662266757,0.00039375821711507095,-0.0836239603763636,0.005496260742589393
2018-08-07,7.49542150922096e-05,0.04784348224038079,-0.02323268289743071,0.0003936718598272464,-0.08363509108098306,0.005494766054043906
2018-08-08,7.500381997885192e-05,0.0478531058200984,-0.023234081083066013,0.00039338811935162564,-0.08362856872080784,0.005494210871282379
2018-08-09,7.502767849262513e-05,0.047860988676586974,-0.023234457648034855,0.00039330478782067244,-0.08355749554902352,0.005492878147706252
2018-08-10,7.508069423999727e-05,0.04786833403301615,-0.023234307567703304,0.0003932169872380891,-0.08353322311225522,0.005493125675985369
2018-08-13,7.515241910007484e-05,0.047864439816260845,-0.023236532323041754,0.0003929091333841356,-0.08351143223213092,0.005492559480557586
2018-08-14,7.516465472443938e-05,0.04787436881282165,-0.023237708247506955,0.00039279503338972163,-0.08353975889112723,0.005491929054577992
2018-08-15,7.51948730343185e-05,0.047881962615358,-0.023238616110768925,0.0003925980706061924,-0.08351461724324526,0.005490335109859488
2018-08-16,7.519231251385232e-05,0.04788747876051597,-0.023239487680632755,0.00039258124971724057,-0.08351136254619251,0.005489354162210556
2018-08-17,7.52665196469372e-05,0.04789373103570335,-0.023240493686992623,0.0003924432585763941,-0.08350996195822401,0.005488440663049285
2018-08-20,7.531208374781254e-05,0.047900574816300154,-0.023241653791376438,0.00039250985842604393,-0.08344852319339312,0.005487684587897359
2018-08-21,7.534500319914732e-05,0.04790968640934136,-0.023243124939481722,0.000392296195150592,-0.08340939540805817,0.005485708153505156
2018-08-22,7.539310165544144e-05,0.047918202838751076,-0.02324415980880407,0.00039217776236988105,-0.08340078348866718,0.005484061914577541
2018-08-23,7.546098179495438e-05,0.04792742922498537,-0.023245716992756515,0.0003921608402439067,-0.08337181370780472,0.005483334771616679
2018-08-24,7.54283692143304e-05,0.04792909655291321,-0.0232468532738507,0.0003922378095798962,-0.08337937567637166,0.005483446932907858
2018-08-27,7.548575606757545e-05,0.04793024761913143,-0.023247210708664933,0.0003922293880482483,-0.08333205591716632,0.00548204350373117
2018-08-28,7.551489783359307e-05,0.047938914750609726,-0.02324825490699976,0.00039226044427832107,-0.08331866497770324,0.005480815490843481
2018-08-29,7.561911714847836e-05,0.047940857229580566,-0.02324968154683205,0.0003922106740555576,-0.0833084557883267,0.005480342015872164
2018-08-30,7.56312859885031e-05,0.04794540243220338,-0.02325002548338513,0.0003923188794854356,-0.08330227632171332,0.005479632674208742
2018-08-31,7.561356876054683e-05,0.04795067504461975,-0.02325029684695868,0.0003922796234603531,-0.08327484568040493,0.005479281864516846
2018-09-05,7.562684207498141e-05,0.04795583845472986,-0.02325159443897982,0.00039233553794022975,-0.08321578735985176,0.005478426120674131
2018-09-06,7.559796765077437e-05,0.047958700241916404,-0.023253236247588235,0.00039237283578314505,-0.08317816232209137,0.0054771994166959645
2018-09-07,7.561635646882576e-05,0.04796153286306386,-0.023255020637495516,0.00039246628942566795,-0.0831389902847006,0.005476998560460739
2018-09-10,7.55697077629691e-05,0.04797196233966171,-0.023255909837970386,0.000392313993573007,-0.08314494600287164,0.005477206911080928
2018-09-11,7.563431500916563e-05,0.04797422484076343,-0.023256696940738023,0.00039210747590521285,-0.08313405881238554,0.005476917483255712
2018-09-12,7.561818324469018e-05,0.04798201203556067,-0.023257677933735694,0.00039191457756044434,-0.08313882640793666,0.0054752958895943615
2018-09-13,7.558902549356986e-05,0.047992472106423587,-0.023257863821794823,0.000391901459803383,-0.08309956567773225,0.005474580996162855
2018-09-14,7.560814524015158e-05,0.04799928695400563,-0.023259844843615627,0.00039201740272632704,-0.08308128984707305,0.005472992813477404
2018-09-17,7.564526659424372e-05,0.04800213575646322,-0.02326187237055342,0.00039202664896620653,-0.08302352713037489,0.0054732694452864945
2018-09-18,7.568587973777406e-05,0.048003695607668796,-0.02326278171364954,0.00039193875432243165,-0.0830468723048153,0.005473334330554815
2018-09-19,7.568456872233267e-05,0.04800839533901313,-0.02326394645204058,0.0003919638163420215,-0.08304023847840118,0.005472092185700804
2018-09-20,7.56838120156016e-05,0.04801524459141003,-0.023264825667513405,0.00039199255696191585,-0.08300779890120456,0.005471528479248634
2018-09-21,7.567553734005668e-05,0.04801587100759145,-0.02326604518669543,0.0003921670669948965,-0.08298663081980764,0.005470711539425964
2018-09-24,7.564946440768285e-05,0.04802150285239949,-0.02326642525198424,0.0003921482463392742,-0.08301205909690104,0.005470147343213097
2018-09-25,7.562229569140238e-05,0.04802327236300288,-0.023267067847099653,0.00039197301964870215,-0.0829858810449141,0.005468627805960083
2018-09-26,7.556955396570097e-05,0.048028295756084145,-0.023268513183387237,0.00039183741689591354,-0.0830237579819905,0.005467618841863095
2018-09-27,7.56182736888788e-05,0.048039507199274925,-0.02326981819960287,0.000391801737245727,-0.08301008696017037,0.005467438304284568
2018-09-28,7.567988972613826e-05,0.04804349695383789,-0.023270750530224683,0.0003918676867920854,-0.08298234473032738,0.005466596006016138
2018-10-01,7.573762323652201e-05,0.0480454608844085,-0.02327148104912682,0.0003918152463096381,-0.08294752738325309,0.005465555302381379
2018-10-02,7.57622572917051e-05,0.04804991415670719,-0.02327289807579963,0.0003918393253236408,-0.08293475746023522,0.00546472057127148
2018-10-03,7.579593824510471e-05,0.04805953401764926,-0.02327395827876183,0.0003916985217080882,-0.08290119542443297,0.00546231850834466
2018-10-04,7.576325773055653e-05,0.04806972339159753,-0.023275351052433127,0.0003918221348627977,-0.08290222312813612,0.005462021683069214
2018-10-05,7.576483622890886e-05,0.048077787201038676,-0.02327652849672168,0.00039171835766819854,-0.08288980372197752,0.0054608945613567016
2018-10-10,7.574987549001078e-05,0.04808120827827324,-0.02327790788848227,0.000391597668100001,-0.08284390977754155,0.005459755693284735
2018-10-11,7.584172188834254e-05,0.04808525068678775,-0.02327792471779304,0.0003914915620468737,-0.08280391649770363,0.005457453998974997
2018-10-12,7.591512580250374e-05,0.04808918574287998,-0.023279465944354105,0.00039142471857534097,-0.08277202096619501,0.00545612255757039
2018-10-15,7.59658081769053e-05,0.04809318085098238,-0.023280811025189613,0.00039130115743558197,-0.08273899547697361,0.005455288118412315
2018-10-16,7.594815793282867e-05,0.04809210180093962,-0.02328182024353377,0.0003912856883445727,-0.08276300027560607,0.005454202841692188
2018-10-17,7.595314149382218e-05,0.048101891774770596,-0.023282699262719662,0.0003912704128686746,-0.08278181316042334,0.00545318831930296
2018-10-18,7.593859662601902e-05,0.04811204463078232,-0.02328358866064298,0.00039131930374314907,-0.08274873220617761,0.005453317312728535
2018-10-19,7.59385364184594e-05,0.04811948819436783,-0.02328362995881565,0.0003911910977982326,-0.08276435165653723,0.005452264380731251
2018-10-22,7.59625119898069e-05,0.04812263071523165,-0.023286017368720224,0.00039115147358408174,-0.08277393352992167,0.005450296593527208
2018-10-23,7.598622666866087e-05,0.0481286063128786,-0.023286606911666848,0.0003910475161680526,-0.08278214051254792,0.005450550952874796
2018-10-24,7.598108876389093e-05,0.04814072649258501,-0.023287659320588936,0.0003911194496658718,-0.08280996775382192,0.005450254437854648
2018-10-25,7.598836891837574e-05,0.04814378055387997,-0.02328897128868682,0.00039100704647612126,-0.08276063197074326,0.005449345649525252
2018-10-26,7.603837947235494e-05,0.048145610783424074,-0.02328980549868823,0.0003908690421010132,-0.08273836187765955,0.005448035383697428
2018-10-29,7.603350263478554e-05,0.04815254263231812,-0.023290430744572575,0.0003906473109869879,-0.08271380464873997,0.005446386740384909
2018-10-30,7.603513721753158e-05,0.04815746451746632,-0.023291642943031345,0.0003904770049227285,-0.08269050929019967,0.00544468900769987
2018-10-31,7.609538566244955e-05,0.048160722102048165,-0.023293178881235534,0.0003904907246557987,-0.08264072358435783,0.005443867852117877
2018-11-01,7.61651145774715e-05,0.04816448334106972,-0.023293519155843493,0.0003901901405338161,-0.08260426540372164,0.005442061907256229
2018-11-02,7.622080293790579e-05,0.048170285332593384,-0.023294797421933376,0.0003900133218807128,-0.08260732882148467,0.0054407030048819974
2018-11-05,7.633426938305782e-05,0.04817745243610323,-0.023295916474512037,0.00038969169420525367,-0.08257569305789114,0.005439230689143103
2018-11-06,7.643247671529261e-05,0.048188413317746655,-0.023296191876780194,0.0003896100246750329,-0.08257539809935113,0.005438509621581649
2018-11-07,7.646328272203979e-05,0.04819332036778305,-0.023297228511654812,0.0003894963218181598,-0.08258818407958633,0.005438060543252911
2018-11-08,7.652129977256683e-05,0.048197869137153224,-0.02329896868267096,0.00038942831217578743,-0.0825742747425178,0.005437609881388984
2018-11-09,7.65935842079002e-05,0.04820043498795562,-0.02329857372164693,0.00038955935757511577,-0.08253596721188847,0.0054376998515528845
2018-11-14,7.657316621022161e-05,0.04820034072134641,-0.023299067521630967,0.0003893836802762122,-0.08251606719518059,0.005435666624768878
2018-11-15,7.654160889571144e-05,0.04820390572462975,-0.023299379199500717,0.00038929962864260614,-0.0825013774856674,0.0054353286742338
2018-11-16,7.657332700010606e-05,0.04820150903963596,-0.023300549452915563,0.0003891855770088784,-0.08249508443741158,0.005434502077090536
2018-11-19,7.665157095185739e-05,0.04820725324048751,-0.023301731242062394,0.00038923798623116077,-0.0825120091512739,0.00543382879787268
2018-11-20,7.66390357796454e-05,0.048212378687898995,-0.023302510764246335,0.0003889865602462469,-0.08250147514106532,0.005433540256452713
2018-11-21,7.667168691313579e-05,0.04821924378076134,-0.023303852235991993,0.00038898051188291727,-0.08251076356778088,0.005432887603251874
2018-11-26,7.665699815022856e-05,0.0482231631678715,-0.023305505291331744,0.00038892410361023207,-0.08249075329735463,0.005430484482441451
2018-11-27,7.662987181487053e-05,0.04822867153847603,-0.023306388001189223,0.00038893717832927117,-0.08242677624623129,0.005430626608212584
2018-11-28,7.66408265308269e-05,0.04822777085016865,-0.023308229240595398,0.0003890206065513011,-0.08241978879623742,0.005429532273066431
2018-11-29,7.661487068506752e-05,0.0482349283339603,-0.023309713353058665,0.0003888498924372054,-0.08242204373033608,0.005429483396636559
2018-11-30,7.659945425414668e-05,0.04824221862977963,-0.023310832548884042,0.0003888692931270157,-0.08238826384785186,0.005429495832486707
2018-12-03,7.6638481226336e-05,0.04824740874919567,-0.02331299930676496,0.00038891381836534934,-0.08239063921496866,0.0054291718731737555
2018-12-04,7.665633153196885e-05,0.0482623198547794,-0.023313036275046505,0.00038893995376133265,-0.08236702456721087,0.005427504334552242
2018-12-07,7.668095724961321e-05,0.04827167233801791,-0.02331465267520014,0.00038893001739036254,-0.08238589693854001,0.0054257200082579
2018-12-10,7.664152164364931e-05,0.04827113549881436,-0.02331639559947818,0.0003888553620198727,-0.08237484670091476,0.005424740891874063
2018-12-11,7.669375322201104e-05,0.04827886102655917,-0.023318306324633335,0.0003889790772826373,-0.08231311112608031,0.005424051141439807
2018-12-12,7.674373127204801e-05,0.04828167019415535,-0.023318945049423345,0.0003887918013429389,-0.08234082071681212,0.00542299181096983
2018-12-13,7.674078596079684e-05,0.0482859387113902,-0.023319341119859283,0.0003885144575824347,-0.08229414636804264,0.005422395979924775
2018-12-14,7.677287414950974e-05,0.048291527149754765,-0.02331989154916608,0.00038835287928392574,-0.0822673530286688,0.005422902165074282
2018-12-17,7.683453292341386e-05,0.048300063746549646,-0.023320305324157922,0.0003883819449125946,-0.0822536997386733,0.00542255331900086
2018-12-18,7.685579079876048e-05,0.04830575927410194,-0.023321788224386,0.00038822563195149934,-0.08223990321368002,0.005421483313904507
2018-12-19,7.683522190790506e-05,0.048312644756703944,-0.02332275693353684,0.0003881252515810672,-0.08222808351265604,0.005421914375827189
2018-12-20,7.687603862144689e-05,0.04832096327521171,-0.023323440489374098,0.0003881209812326908,-0.08221876263370836,0.005420718707798203
2018-12-21,7.686231042412664e-05,0.04832964074461542,-0.023324184229380467,0.0003879198913889624,-0.08218998564526529,0.0054213395142102124
2018-12-27,7.681756384952993e-05,0.048332098862784376,-0.023324574453276386,0.0003878641166359808,-0.08220306364291474,0.005419959476809835
2018-12-28,7.688782360574433e-05,0.048329342997830996,-0.02332601370668934,0.0003878556510434626,-0.08222265538813137,0.005418447550070763
2018-12-31,7.693060290207715e-05,0.04833593142036606,-0.023327288835968595,0.0003876742106137733,-0.08219309678490207,0.0054182420014010375
2019-01-03,7.690713434078108e-05,0.04834799753285453,-0.023326809387838807,0.00038743056787680593,-0.08215496790108243,0.005418054534587711
2019-01-04,7.688098710805702e-05,0.048355355610129366,-0.023327824039696455,0.00038742849151964616,-0.08215862100265302,0.005416993055037065
2019-01-07,7.69164640279512e-05,0.04836292050539885,-0.02332932855599485,0.0003872880932162168,-0.08215793521301132,0.0054165868565818585
2019-01-08,7.689763137526016e-05,0.04836539739323119,-0.023330248651250104,0.00038723456060152183,-0.08213742574164928,0.005416665654152864
2019-01-09,7.682388042774738e-05,0.04836485031759252,-0.023332073611160926,0.00038707342154503915,-0.0821813230819465,0.0054160301753562205
2019-01-10,7.687470013761283e-05,0.04836983696730296,-0.023333482771851193,0.0003868921137047226,-0.08219294435605941,0.00541529669417715
2019-01-11,7.691823213960836e-05,0.04837307422522076,-0.0233347085322888,0.00038685839549247375,-0.08217643491306487,0.005414398530456666
2019-01-15,7.694976587338912e-05,0.04837576806453478,-0.02333591383428653,0.00038695178781907095,-0.08217457921395377,0.005413865524154652
2019-01-16,7.699162629451555e-05,0.048384270829016654,-0.023337206344763144,0.00038693422814215677,-0.08217973843385294,0.0054135146187382546
2019-01-17,7.698740598880459e-05,0.0483870939126889,-0.023338522663040942,0.00038702397607138735,-0.08218338004944203,0.005411886557118635
2019-01-18,7.704121725486279e-05,0.04839167103610774,-0.023339558877511764,0.0003870503858738741,-0.08216468904209032,0.005411883616168544
2019-01-23,7.70953436495508e-05,0.048399925498584455,-0.023339870613172033,0.000387023824971111,-0.08217704789528485,0.0054106562522135615
2019-01-24,7.716904262632991e-05,0.04840769910061641,-0.023341229298037214,0.00038707278070895215,-0.08219347395364571,0.0054106263367892996
2019-01-25,7.714039992494697e-05,0.048415696287215426,-0.02334261576252193,0.0003870772364165644,-0.0821303343125798,0.00541055043154744
2019-01-28,7.721140135842499e-05,0.048414721138057504,-0.02334429128258358,0.0003870749399318397,-0.08210034961173013,0.005411335329236858
2019-01-29,7.716181494825172e-05,0.048417589692966376,-0.023345887332519466,0.0003868685246366012,-0.08209734891672067,0.005411221363301054
2019-01-30,7.720792551544576e-05,0.04842247371851946,-0.02334682689551573,0.0003867363813730494,-0.08212706783285781,0.005411923721151212
2019-01-31,7.730905977116468e-05,0.04843377605298594,-0.023348339597222795,0.0003864639837529821,-0.08211583926010592,0.0054107738950100685
2019-02-01,7.729550580926101e-05,0.04843735930683966,-0.023350159910699737,0.00038633844301823826,-0.08211786981680523,0.005410182580203957
2019-02-04,7.727241998354801e-05,0.04844047605862544,-0.023351284801553872,0.00038630137763936604,-0.08211645087089495,0.005408349050226457
2019-02-05,7.730742751716683e-05,0.04844641077844641,-0.02335102248762303,0.0003864088709074583,-0.0820771342430323,0.005408003346102348
2019-02-06,7.734067840110146e-05,0.04845425796261191,-0.02335260305052746,0.0003862595971147125,-0.08207341850076794,0.005407601378428051
2019-02-07,7.73720317668392e-05,0.048460382390569774,-0.023354870995719222,0.0003862116639231527,-0.08205315147345094,0.005406310125401135
2019-02-08,7.742963300511131e-05,0.04846735244956209,-0.023356315639540583,0.00038603766247408334,-0.08205327539229337,0.005406519463722179
2019-02-11,7.75006658471957e-05,0.04846758190311565,-0.023356768112014134,0.00038585163990286994,-0.08203135323273189,0.005406852824246642
2019-02-12,7.751584726849852e-05,0.048476089324053576,-0.02335861929437822,0.0003856326603627763,-0.08203629341401586,0.005405999932851071
2019-02-13,7.751086411441892e-05,0.0484769723184658,-0.023359076197898697,0.0003855688736517719,-0.0820423824930123,0.005405954763891678
2019-02-14,7.75414192503957e-05,0.04847902754891845,-0.023360564965256778,0.0003854277092608542,-0.08203957309088747,0.005405603432652135
2019-02-15,7.766924757979193e-05,0.04849116416083021,-0.023362116899772405,0.0003852296406759973,-0.08201937802010648,0.005406224060570704
2019-02-21,7.776641637778944e-05,0.04849739991125339,-0.023363658615571707,0.00038514865157947785,-0.0819826582289106,0.005405088944049117
2019-02-22,7.770914626806225e-05,0.04850090756491245,-0.023364517458649463,0.00038498952485543437,-0.08192355304617577,0.005404214717512163
2019-02-25,7.769479355131878e-05,0.0485135464546583,-0.023366775171810964,0.0003850572396631443,-0.08194144495829439,0.005402624321061044
2019-02-26,7.772633722851652e-05,0.04852228302601788,-0.023368255559051074,0.0003849940359671026,-0.08195222895570489,0.005402225044219949
2019-02-27,7.770165955769888e-05,0.048528770522942924,-0.02337027481077462,0.000384772300730294,-0.08195204053777247,0.005400613590051756
2019-02-28,7.777687495319732e-05,0.048533448109565024,-0.02337139796291051,0.0003846347445223045,-0.08191511674337072,0.0053994203688792295
2019-03-01,7.782546368177026e-05,0.04854524016629026,-0.023372585697445953,0.00038447329835485946,-0.08183483047492154,0.005399610326936295
2019-03-04,7.788730631047364e-05,0.048555356790710075,-0.023372987679890496,0.0003843203580262213,-0.0818117133659995,0.005400119283190999
2019-03-05,7.797047144865533e-05,0.04855190520260587,-0.023374893744853756,0.0003840150247516719,-0.08184761213628598,0.00540066495557069
2019-03-06,7.806118740822775e-05,0.048557854119727004,-0.023376658000767065,0.0003840485427988717,-0.0817999337364079,0.005399466996315345
2019-03-07,7.81799014551611e-05,0.048561582921094866,-0.023378478104994153,0.0003838794754944602,-0.08175416187905513,0.005399644568799149
2019-03-08,7.82057650937403e-05,0.048564758050204535,-0.023379986582152634,0.0003838640419319906,-0.08168604914205686,0.005399299352071402
2019-03-11,7.825389991064548e-05,0.048573667354789477,-0.023380770185248985,0.00038378131470066904,-0.08168019863076528,0.005398469211686523
2019-03-12,7.829877219518464e-05,0.04858118939774224,-0.023382168308343054,0.0003836681754967215,-0.08160160815513343,0.005398738821663461
2019-03-13,7.833853621178595e-05,0.04858781796800773,-0.0233839053498887,0.0003832862590391595,-0.08154761170782888,0.005398814397110508
2019-03-14,7.834888849576572e-05,0.04859115216040981,-0.023385895610221124,0.000383089880938598,-0.08158895634633359,0.005398642196031176
2019-03-15,7.844280287207956e-05,0.04859611458115413,-0.0233860151318578,0.000383013017246023,-0.08152826785999895,0.005398722298823279
2019-03-18,7.856038298061416e-05,0.04859642192659187,-0.023388027216769455,0.0003830154115881221,-0.08151603920942695,0.005397655707226041
2019-03-19,7.860915554807623e-05,0.048602115804285737,-0.02338970753578057,0.00038287021303045645,-0.08151839184010043,0.005397369819925925
2019-03-20,7.858537735977255e-05,0.04860988379929999,-0.02339100201256031,0.00038279932258472875,-0.08145989411501967,0.005396842512934376
2019-03-21,7.864146014321178e-05,0.04861579596578201,-0.023392011968795076,0.0003826559214964096,-0.08138856072868123,0.005396832282929331
2019-03-22,7.857765437572158e-05,0.04861817338878988,-0.023393208864235415,0.00038243602853214073,-0.08135363514990757,0.005395981627553701
2019-03-25,7.857224539075303e-05,0.04862378540338396,-0.0233949920942973,0.0003823748600676614,-0.08129758570994791,0.005395519173712103
2019-03-26,7.863085976095896e-05,0.048627154176169286,-0.02339633353444484,0.00038212398976601204,-0.08135058077778123,0.00539634233191295
2019-03-27,7.866874562445164e-05,0.048635137611581225,-0.023397678874750496,0.0003820360251842745,-0.08133776701368911,0.005396949606893294
2019-03-28,7.86610560156115e-05,0.04863783757484169,-0.023399971709675914,0.0003820142521866189,-0.08134902250172801,0.005396323169945044
2019-03-29,7.867331792633039e-05,0.04864038254560489,-0.023402019328308373,0.0003820370096955055,-0.08134797658134238,0.005396774656140704
2019-04-01,7.872303795347543e-05,0.04864716723461518,-0.023403541061874745,0.00038183655348274735,-0.0812897096349458,0.005397146990634287
2019-04-02,7.877976161351787e-05,0.04865144466499467,-0.023404824823045994,0.0003817145735639711,-0.08128791510963616,0.0053966831793700425
2019-04-03,7.882989151469491e-05,0.048655092184139034,-0.023407323536398433,0.0003814478511326442,-0.08130152899671826,0.005396252324508793
2019-04-04,7.890428480199792e-05,0.04865504216863024,-0.023409665389029596,0.0003812317239559841,-0.08131534267697788,0.005394968568976137
2019-04-05,7.895908726144663e-05,0.04865805638529461,-0.023410680435537814,0.00038123445609260356,-0.08131575676506952,0.005393918628528109
2019-04-08,7.900704308276359e-05,0.048661816717410024,-0.02341168443309264,0.00038103239475672206,-0.08133727730692844,0.005393632028572902
2019-04-09,7.909492724390962e-05,0.048660286138816206,-0.02341351488129215,0.0003810280450397946,-0.08135616312183336,0.005392955474716064
2019-04-10,7.917907315078672e-05,0.048660930594084134,-0.023414595011471397,0.00038100966623182787,-0.08137160602552873,0.005391936400476519
2019-04-11,7.925250902202126e-05,0.04866215635078754,-0.02341551590918892,0.0003808231713019578,-0.0813314658637812,0.005391091655701008
2019-04-12,7.929577423307193e-05,0.04866412096018077,-0.023417035601652064,0.00038077249254865977,-0.08126484314779556,0.005390802591755407
2019-04-15,7.934807589526739e-05,0.048670172081268885,-0.023418514648565134,0.0003808243521638421,-0.08131902915853456,0.005391641977844478
2019-04-16,7.940911118437933e-05,0.04867117447051639,-0.023420038226390424,0.0003806632289449115,-0.08131739240455967,0.005391225935302353
2019-04-17,7.948998676457071e-05,0.04866948017089326,-0.023421591402867346,0.00038058266842687225,-0.08125030646711057,0.005391388188710144
2019-04-18,7.957924060313346e-05,0.048675878898165506,-0.023422762201199987,0.0003804831945238428,-0.08120499617075658,0.005391718735750522
2019-04-23,7.960925841540586e-05,0.04867900904545031,-0.023424949156830122,0.0003802855809261833,-0.08116463241146941,0.00539140012852374
2019-04-24,7.9645891744333e-05,0.04868068244547244,-0.023427225455796973,0.0003802276115101266,-0.08118161193414064,0.00539109397810767
2019-04-25,7.972073041566793e-05,0.048684367350118926,-0.023428809451301845,0.0003799142392120802,-0.08112129825903265,0.005390160808107126
2019-04-26,7.967968700937403e-05,0.048693146838070064,-0.02343036657500935,0.00037973621688145944,-0.08113995229427716,0.005389217578108668
2019-04-29,7.976353855882639e-05,0.04870134509063727,-0.02343185570299257,0.0003793073288222239,-0.081070183502815,0.0053886773127210345
2019-04-30,7.984837640580328e-05,0.04870789934335318,-0.023434090724592085,0.00037906684676229034,-0.08105802389722587,0.005388028267344674
2019-05-01,7.99322889329041e-05,0.04871082116778988,-0.023435009364992,0.0003790774871485491,-0.08106707937740576,0.005389596050760753
2019-05-02,8.0013834270608e-05,0.048713596693186145,-0.023436274077544013,0.00037892075135848583,-0.08104486211186887,0.005388980701403278
2019-05-03,8.006637184365782e-05,0.04872079839473786,-0.02343829113255879,0.00037884598381572317,-0.08108161309599804,0.00538670791933432
2019-05-06,8.009747223885563e-05,0.04872783940148141,-0.023440430991258036,0.00037885484355574904,-0.08106846113726202,0.005385997777759156
2019-05-07,8.015219722811264e-05,0.048738230541575604,-0.023441200290147075,0.00037869905047214374,-0.08108067672235027,0.0053850447390158445
2019-05-08,8.016254670610263e-05,0.048736372356264185,-0.023442398999851788,0.00037850692315369956,-0.08108830869518602,0.005385996879207015
2019-05-09,8.0213528557998e-05,0.04874087076032596,-0.02344363516320824,0.0003783459189053111,-0.08113272933040488,0.005386131888034663
2019-05-10,8.033049560617653e-05,0.04873890692904026,-0.023444668348523684,0.0003781769027626561,-0.08115763464065917,0.005385734849659341
2019-05-13,8.037471773809963e-05,0.048746703802217566,-0.023446358253232793,0.0003779389264606979,-0.08113249670344404,0.005386690033296809
2019-05-14,8.045054656141457e-05,0.04875382949411493,-0.023448596448300652,0.0003778250978558918,-0.08107278517261281,0.005388204180482147
2019-05-15,8.048667995255078e-05,0.04876537918449861,-0.02344936772669281,0.0003777033997792684,-0.08105204972920912,0.005388035354142579
2019-05-16,8.055825926842018e-05,0.048770962697046755,-0.023451535961889383,0.00037751570482568955,-0.08104958932789161,0.005387963467413116
2019-05-17,8.065148397962345e-05,0.04876824562294677,-0.023453492067859502,0.00037710954921601385,-0.08106155826009792,0.005388208645013195
2019-05-20,8.065534455298386e-05,0.04877870136294565,-0.023456292996349888,0.00037696788991250087,-0.08105681560017973,0.0053872825267810235
2019-05-21,8.071269132241287e-05,0.04878679886371093,-0.023458203060690914,0.00037670176575325053,-0.08105981377224171,0.005386158759503823
2019-05-22,8.076856344141203e-05,0.04879092715052893,-0.02345934351255215,0.000376632215017653,-0.08103636119615473,0.005386229956377152
2019-05-23,8.080840197235485e-05,0.048797229131247094,-0.02346078778633618,0.00037670467465503865,-0.08101630006929694,0.0053862925177083545
2019-05-24,8.086714843865211e-05,0.048808318498980145,-0.0234613372133497,0.0003764868383483188,-0.08103107465366557,0.005386024223865832
2019-05-29,8.085773322220039e-05,0.048820728686678055,-0.023463390807283706,0.00037654858647666236,-0.0810165860508414,0.005386150003488488
2019-05-30,8.095113183058413e-05,0.04882773647086213,-0.023465498120563286,0.00037641066440505656,-0.08097074328744433,0.005385328648768017
2019-05-31,8.104440830878176e-05,0.04883323263816626,-0.023467394438018298,0.0003764193287935709,-0.08092072726478713,0.00538535819842759
2019-06-03,8.102825381820354e-05,0.04884114811400176,-0.023469002346787213,0.00037633557724206274,-0.08092311426844434,0.005386159208448937
2019-06-04,8.105706719500671e-05,0.048853605114021495,-0.023469783807098514,0.00037631116116578086,-0.08093428698624952,0.00538588974805996
2019-06-05,8.111785342987408e-05,0.048854177108060684,-0.023470984080683533,0.0003763448027851552,-0.08090916875170952,0.005385072605759136
2019-06-06,8.116982151872239e-05,0.04885900325462732,-0.023472752091230606,0.00037628085893977385,-0.08093035632821911,0.005384644838282969
2019-06-07,8.120609807832137e-05,0.04886421906870021,-0.023473930820696137,0.000376103400613494,-0.0809556633253719,0.0053843791093162955
2019-06-10,8.123432391028797e-05,0.04886986050727779,-0.023475664600687958,0.0003760319526976986,-0.0808840585277113,0.005384187892142682
2019-06-11,8.12576594891822e-05,0.048871139247816595,-0.023477552413918724,0.0003759794529272589,-0.08081441236342625,0.0053826887847434335
2019-06-12,8.127040993283712e-05,0.04887173180906551,-0.023478297446706695,0.00037587415266697216,-0.08080785614091043,0.005382673686491812
2019-06-13,8.128482025471044e-05,0.04886808909947918,-0.023479887525838655,0.00037571332809454644,-0.08073448455833271,0.005383058482357726
2019-06-14,8.128306903065249e-05,0.04886988702109089,-0.023481492393767255,0.000375459670855098,-0.08073080954457502,0.005382914844817769
2019-06-17,8.131714984582086e-05,0.04887737868123368,-0.023483693093343215,0.00037516571228336456,-0.08067810399233263,0.005383446079767558
2019-06-18,8.13532693221516e-05,0.048879854675677736,-0.023486409728097575,0.00037508547587270636,-0.08066534072223526,0.005383707412539265
2019-06-19,8.132310336490925e-05,0.04888066206191755,-0.023487389196701864,0.00037500375813625294,-0.0806667625018851,0.005383207552808216
2019-06-20,8.134221606210918e-05,0.04888891759524089,-0.023489308211522467,0.00037499037788074575,-0.08066143338865414,0.005384029739878577
2019-06-21,8.141264092963876e-05,0.04889563750298256,-0.02349083944496273,0.0003749742190632391,-0.08064111459429868,0.005383680264254519
2019-06-24,8.14930064344527e-05,0.0488985385024092,-0.0234939578859463,0.0003748539698268711,-0.08068329492094119,0.005383203898094361
2019-06-25,8.154551034999122e-05,0.048906795235539605,-0.023495330848382175,0.0003746785395066488,-0.08065156074682199,0.005384105695656415
2019-06-26,8.155289395666903e-05,0.04891183262621494,-0.02349617230558971,0.00037493065424701707,-0.08063983052629307,0.005383804299016583
2019-06-27,8.154795340451095e-05,0.04891171979578784,-0.02349852556350445,0.00037487034751343927,-0.0806586926973113,0.005383301694006254
2019-06-28,8.164476198193197e-05,0.04891538820529162,-0.023499689544323247,0.00037490183757780564,-0.08063852263866704,0.005382441019427538
2019-07-01,8.16663238515266e-05,0.04892363356176478,-0.023500378089597464,0.00037486232606178196,-0.08063353804334858,0.005382510045808669
2019-07-02,8.163257941251164e-05,0.048919318614970134,-0.02350230618149313,0.0003747092357968785,-0.08061003410146386,0.005383132088687165
2019-07-03,8.166803307225913e-05,0.04892017364520411,-0.02350344426734458,0.00037454089917780153,-0.08064420194728596,0.0053830171371908936
2019-07-08,8.176273240244198e-05,0.04892774245220867,-0.02350478363803439,0.00037432315300790385,-0.08063069897359224,0.005382672725363651
2019-07-09,8.177358069392962e-05,0.04893459455501398,-0.02350512029833097,0.0003742300905274207,-0.08064024411115271,0.005381505617504666
2019-07-10,8.18045977537835e-05,0.04893840202501021,-0.02350777060552594,0.00037418170463920106,-0.08060913913838184,0.005380001557026792
2019-07-11,8.18471769326966e-05,0.04894792020016216,-0.02351039127053543,0.0003740800089948711,-0.08058890758003878,0.005379870574083944
2019-07-12,8.187276139653992e-05,0.048953844841421915,-0.023511912051887122,0.00037402755126175974,-0.08063094135976322,0.005380303825077009
2019-07-15,8.188386266009021e-05,0.04896222041902382,-0.02351327073187547,0.00037397574585236736,-0.08064824104815424,0.005380612984137188
2019-07-16,8.193503724728899e-05,0.048968006880667034,-0.0235139202945267,0.0003739416822026361,-0.08063618509251486,0.005380067971306718
2019-07-17,8.194693771074017e-05,0.04897309243293257,-0.02351566649524286,0.00037391978721464293,-0.08063600626884729,0.00537962973508977
2019-07-18,8.195015480001242e-05,0.04897640493360073,-0.0235173542815116,0.00037375174037039815,-0.08059689283960184,0.005378439310127348
2019-07-19,8.196303681982857e-05,0.048980071075593365,-0.023518555132088313,0.0003737551756199918,-0.08064695019673859,0.0053782253799420044
2019-07-22,8.197830233603761e-05,0.0489824933475559,-0.023519593483842045,0.0003738735060858335,-0.08064150029081735,0.00537766737527438
2019-07-23,8.19827414384923e-05,0.04898219543082395,-0.023521266660283896,0.00037372438497719,-0.08064192523621226,0.005376743839321598
2019-07-24,8.200845584744056e-05,0.04898935614588298,-0.02352237459754547,0.0003736997359563011,-0.08067794667300239,0.005376292345667813
2019-07-25,8.20617440279019e-05,0.04899372295773318,-0.023523785239028393,0.0003737642463609987,-0.08069693004790747,0.005376276910272302
2019-07-26,8.212149542364075e-05,0.04899667687414186,-0.02352488023665223,0.0003736809934360157,-0.0806560502792285,0.005375915835550806
2019-07-29,8.210940288930094e-05,0.049000144067255065,-0.023526423877647838,0.0003736464490702951,-0.0806340393362158,0.005376242988746647
2019-07-30,8.215125309585431e-05,0.049005948497722274,-0.02352864202217522,0.00037356593814319086,-0.08057930334734491,0.005375934371621727
2019-07-31,8.222374681496325e-05,0.04900673044601184,-0.023529310414723264,0.00037333532108490116,-0.08052907411067257,0.005375293645335312
2019-08-01,8.229181251163716e-05,0.049013301924403646,-0.023530135556966956,0.0003733570315687449,-0.08051766256107777,0.005374788806395166
2019-08-02,8.238993343753979e-05,0.049017314842934444,-0.02353138474352115,0.000373539075354183,-0.08046112702599223,0.005374674949020879
2019-08-05,8.245411629806339e-05,0.04902416432136023,-0.023532988571169467,0.0003734276914543682,-0.08042750534565747,0.0053746302970244806
2019-08-06,8.248338646977871e-05,0.049034240484714,-0.023534836998819343,0.0003732515350841343,-0.08041490634859055,0.005373753077037094
2019-08-07,8.256043675277232e-05,0.049040829003427405,-0.023536749629760916,0.0003731804452627561,-0.08041821705648582,0.005372694135421646
2019-08-08,8.257027193537568e-05,0.0490465382402476,-0.023538025377077484,0.00037324462321676634,-0.08043395368016183,0.005371749686174668
2019-08-09,8.265842139086733e-05,0.04905034135937259,-0.02354059048396849,0.00037330889265817355,-0.08043451414447053,0.005371467084475189
2019-08-12,8.269599039663816e-05,0.0490561253701292,-0.023542006951539202,0.0003732130097565409,-0.0804161730148726,0.005370486465832255
2019-08-13,8.270708557451166e-05,0.049060504302972284,-0.023543484609048686,0.0003732094048785109,-0.08038159364711533,0.005369841339590542
2019-08-14,8.274210187173578e-05,0.04906871415356918,-0.023544520371523773,0.0003731007384531074,-0.0803310629344699,0.005369211926463155
2019-08-15,8.271258858010923e-05,0.04908057556729843,-0.02354608059057026,0.0003731333997888962,-0.08033798589038071,0.005367996278573603
2019-08-16,8.27686475383287e-05,0.049086395150492595,-0.02354778075285248,0.0003730592799165881,-0.08033442352977312,0.005367179721180942
2019-08-19,8.277363265135309e-05,0.0490960711344841,-0.023549354694132076,0.00037308238424090613,-0.08032771282510363,0.005366091977756632
2019-08-20,8.278805268724691e-05,0.04910101472091591,-0.02355142039446009,0.0003729587651071836,-0.08030767953172728,0.005366389358744757
2019-08-21,8.280007174803666e-05,0.04910463652408693,-0.02355318173836193,0.00037281825072560257,-0.08027849134482329,0.005365438333399327
2019-08-22,8.282524830995208e-05,0.04910746161647869,-0.023554594491242812,0.0003727079087502244,-0.08020491026780763,0.00536329092858742
2019-08-23,8.280188635046744e-05,0.04911087918569093,-0.023556188613083822,0.00037271485653742444,-0.08017082913738989,0.005361689536054144
2019-08-26,8.284541132489798e-05,0.04912970364768206,-0.023557661037408296,0.0003727551046090875,-0.08018020856622222,0.005360422196965514
2019-08-27,8.29287147211003e-05,0.049139031356179155,-0.02355898412698129,0.0003726729946103061,-0.08016245808834765,0.005359034398264783
2019-08-28,8.30218162746384e-05,0.04914753899337439,-0.023559853231127616,0.0003725827883955492,-0.08014229186466913,0.005358335615143539
2019-08-29,8.298541522888225e-05,0.04915660686814616,-0.023560238482780174,0.00037274569546353123,-0.08009700582437125,0.005356377671207384
2019-08-30,8.303478303525521e-05,0.04916671857223798,-0.023562149604262124,0.00037282977714334184,-0.08009692673748608,0.005354724224785785
2019-09-04,8.314367862034438e-05,0.04918011182050461,-0.023563574963876906,0.0003726826614241924,-0.08004848053417578,0.0053532790884112365
2019-09-05,8.324726013827141e-05,0.049189925637906334,-0.023565375487643102,0.00037260566571919383,-0.0800389356541471,0.005351963166216897
2019-09-06,8.32608740517154e-05,0.049199924536829864,-0.0235670879333571,0.00037274871097268947,-0.08000259110825285,0.005352037088914603
2019-09-09,8.334503462796243e-05,0.04920690276238365,-0.023568660333037176,0.00037266891940975557,-0.07998907222486032,0.005351533086371141
2019-09-10,8.33462896009229e-05,0.04921893012041396,-0.02356954359389191,0.0003726331157286254,-0.07997668670991324,0.005350386974335736
2019-09-11,8.339105434840569e-05,0.049226515750428315,-0.02357117046226415,0.0003725207285289813,-0.07996638081742134,0.005348034750954586
2019-09-12,8.343971732662324e-05,0.04923080940325297,-0.02357232106229431,0.00037241516357194296,-0.07992733095111765,0.005346268545543201
2019-09-13,8.350294736293723e-05,0.04923580812256782,-0.023573702682712045,0.00037216672554696864,-0.07990252800221619,0.00534452533095051
2019-09-16,8.354223155296542e-05,0.049249732390556245,-0.02357490210799507,0.00037222359588964994,-0.07988396736023827,0.005343201209103553
2019-09-17,8.357651419018117e-05,0.04925415570939749,-0.02357702899228819,0.0003721313418410255,-0.07987118032238971,0.005343035555236301
2019-09-18,8.360096245838751e-05,0.04926739812737427,-0.023578450295567148,0.0003720325805592503,-0.07988252349897126,0.005342317063510504
2019-09-19,8.361410369192565e-05,0.04927883545275269,-0.023580830891768004,0.00037184503048811,-0.0798288629477507,0.005340927603959754
2019-09-20,8.362979598313118e-05,0.0492835991928196,-0.023582338034568693,0.00037177985011269837,-0.07978250915273952,0.005339930252368532
2019-09-23,8.36947191773076e-05,0.04928983475508804,-0.023583637366723795,0.00037169074826023707,-0.07973407771889267,0.005338999473407488
2019-09-24,8.371818228016897e-05,0.04930334109050482,-0.02358562056173849,0.00037170123626189665,-0.07974581163317182,0.005337381581052568
2019-09-25,8.379204439180901e-05,0.049311145799146444,-0.02358674858528638,0.00037168042978376114,-0.07974663093345273,0.005336984961414171
2019-09-26,8.389915538511693e-05,0.04931740477923735,-0.023588536008437244,0.0003717279937700848,-0.07971852678430176,0.00533693553577163
2019-09-27,8.393918101406746e-05,0.04932187176487088,-0.023590136585369438,0.0003717111777714791,-0.07974733214539695,0.005335715701132326
2019-09-30,8.396754228320793e-05,0.04933306614956634,-0.023592019053933676,0.0003715226003831684,-0.07975041545536492,0.005335340887313845
2019-10-01,8.400909083350534e-05,0.049339674600457184,-0.023593564225315777,0.0003715263382025841,-0.07972534408687502,0.005333567940991501
2019-10-02,8.412556108648676e-05,0.04935524276572326,-0.02359527286195931,0.0003715701681205866,-0.07972325214871129,0.005331774913302442
2019-10-03,8.417345355348719e-05,0.04936332721409194,-0.023596995260499087,0.0003715745677175353,-0.07973050528826867,0.005331669649506447
2019-10-04,8.421809345231006e-05,0.04936804772953806,-0.023597137498114915,0.000371385579700221,-0.07971850747300856,0.005330531599681625
2019-10-07,8.433205213803158e-05,0.049377013780350004,-0.023599184049894927,0.0003714472790532699,-0.07968176281686877,0.005328706978977378
2019-10-08,8.441971404876463e-05,0.04939171848094448,-0.02359995775373278,0.0003714473293094065,-0.07968309622041214,0.005327184905581966
2019-10-09,8.441375370432696e-05,0.0494020316044494,-0.023602147994342636,0.00037125315854770165,-0.07965878165678744,0.005325884755337164
2019-10-10,8.448430863737007e-05,0.04940683971598247,-0.02360344227360062,0.00037123305453764507,-0.07964770366632158,0.005325157651467664
2019-10-11,8.450179374765865e-05,0.049410239261905284,-0.023604195096833987,0.0003712113816566319,-0.07963665821808945,0.005324531342885469
2019-10-16,8.456450681391668e-05,0.04941841094143131,-0.023605409510868897,0.00037103920669226366,-0.07959753943035504,0.0053237093211674575
2019-10-17,8.460092358667073e-05,0.049426473911329524,-0.023606615742713367,0.00037108880974507134,-0.07959576281833632,0.005322253517688409
2019-10-18,8.460085973181018e-05,0.04943669480346469,-0.023607410066901924,0.0003711072638119949,-0.07956264935709528,0.005321027870629331
2019-10-21,8.460172604956904e-05,0.04945264840639431,-0.023608805539520647,0.0003709969637151814,-0.07957579918133867,0.0053203034126739586
2019-10-22,8.460804466877049e-05,0.049464707513266884,-0.02361025603966348,0.0003708947681607272,-0.07960938163779696,0.005319426813912538
2019-10-23,8.47140506057181e-05,0.04947442809882584,-0.02361149810848571,0.00037070980086307105,-0.07959545723875837,0.00531787397429353
2019-10-24,8.468757146718627e-05,0.04948277075323006,-0.023612315993788942,0.00037060445704224966,-0.07958383676336774,0.005315992834584769
2019-10-25,8.47235412463374e-05,0.04949143184949538,-0.02361407647628008,0.00037061268885299297,-0.07958580398711376,0.005314977492230876
2019-10-28,8.470251813976073e-05,0.04949846783886588,-0.023615107454747097,0.00037036665248358974,-0.07957728048512361,0.005314290310263387
2019-10-29,8.476165084765008e-05,0.049507568783949546,-0.023616887841537378,0.00037056921884064055,-0.07953839522711617,0.005313168795129284
2019-10-30,8.480808265310703e-05,0.04951214480596686,-0.023617631927955986,0.00037057511996474446,-0.07949458816214564,0.00531145145890329
2019-10-31,8.484535905365022e-05,0.04951489063645176,-0.02361905898026727,0.00037038552415093076,-0.07946623397520824,0.005309726291368094
2019-11-01,8.49388026042777e-05,0.049519218227138735,-0.023620375415705813,0.0003705209200391049,-0.07946718374039011,0.005308041832825893
2019-11-04,8.493729696290228e-05,0.0495339989957464,-0.023622753977368002,0.00037040689634769484,-0.07950906536672944,0.0053061980680880385
2019-11-05,8.496324921097379e-05,0.049539016773869515,-0.023623750947355856,0.0003701642843415614,-0.07949745737670164,0.005305187286905485
2019-11-06,8.49800364094332e-05,0.049545395949932604,-0.02362617438657308,0.0003702157129584479,-0.07949017668331244,0.005304765664597968
2019-11-07,8.498032521122299e-05,0.049549733510096186,-0.023627969573072182,0.00036993167004902114,-0.07948681810630281,0.0053036290259868965
2019-11-08,8.49967423272048e-05,0.049561263616817015,-0.023629493976080728,0.00036973171013290494,-0.07948058155964999,0.00530290292750904
2019-11-13,8.504824253061289e-05,0.04956913740513652,-0.023630617770500812,0.00036975962892449137,-0.07940808753291437,0.005301284923056254
2019-11-14,8.508748292495927e-05,0.04958162724676034,-0.023631832100966095,0.000369429190410053,-0.07936427788397118,0.005299863492229197
2019-11-15,8.517082541473412e-05,0.0495905562345212,-0.023633402054855653,0.00036943721980027804,-0.07936216279846448,0.005298324179180919
2019-11-18,8.520351196944847e-05,0.04959934042145276,-0.023635020055980154,0.0003693640085443452,-0.0793429110887343,0.005297384022060428
2019-11-19,8.528785897694315e-05,0.049606553216158006,-0.023637176513650965,0.00036926424471035686,-0.07929403997426887,0.005295940505696001
2019-11-20,8.53430216972398e-05,0.04961434920259489,-0.02363779846805293,0.000369117527187563,-0.07925980883466852,0.005294944834765449
2019-11-21,8.53624915766973e-05,0.0496197692941881,-0.023638958799518245,0.00036923066925184346,-0.07924002611303149,0.005294006173167023
2019-11-22,8.538400749816047e-05,0.04962990563505611,-0.0236397881508651,0.00036922904071673006,-0.07922923476270095,0.005292875223307396
2019-11-25,8.541506875863188e-05,0.04963369607360572,-0.023640857286136765,0.00036913721805825696,-0.07925761366296098,0.0052926131475696525
2019-11-26,8.541038970651918e-05,0.04964051774033522,-0.023642151811176182,0.0003689972731901281,-0.07925929092728407,0.005291771137007215
2019-11-27,8.552305208568776e-05,0.04964611389386682,-0.023643331479905473,0.0003689745335209326,-0.07925630415076707,0.005289971781350402
2019-12-02,8.56201960537579e-05,0.049655727194720105,-0.02364523586576086,0.0003686940069034131,-0.07926269672206465,0.0052890770184190125
2019-12-03,8.563695994207626e-05,0.0496652335234213,-0.02364656616318986,0.0003686988137018603,-0.0792153496831031,0.005287958436352014
2019-12-04,8.565246019984752e-05,0.04967952602724032,-0.02364888379802125,0.0003686968613138314,-0.07922792783189936,0.00528582321692065
2019-12-05,8.565616262627289e-05,0.049692196286088966,-0.02365010680299985,0.00036866420949676325,-0.07922374182008551,0.005284048464320726
2019-12-06,8.57431693580971e-05,0.04970505944889174,-0.023649907235172168,0.00036851782232446504,-0.07917584675518206,0.005282766173535519
2019-12-09,8.577567182871748e-05,0.04971711266823425,-0.023651570677628558,0.0003683918307097562,-0.07914628382935351,0.0052816924590348415
2019-12-10,8.581803158771203e-05,0.04972817748452407,-0.023653714069546455,0.00036814837108676825,-0.0791375909992085,0.005279537205576348
2019-12-11,8.586126500599275e-05,0.04973867010290296,-0.023654846429528392,0.0003680956447876466,-0.07907155373226692,0.005278335800305309
2019-12-12,8.599446637584534e-05,0.049751351923921244,-0.023655609138812726,0.0003678612123900521,-0.07909043739408257,0.005275830501596602
2019-12-13,8.604506253188583e-05,0.04975954545981828,-0.02365731960147818,0.00036779401676108916,-0.07905734387559632,0.005273445357738305
2019-12-16,8.607576436277097e-05,0.049778212888261925,-0.023659337701288734,0.0003675640667762541,-0.07908021437791447,0.005270574899228444
2019-12-17,8.611670517878086e-05,0.04978800998102216,-0.02366135671476113,0.0003677415424245046,-0.07902748525316093,0.005268408799095972
2019-12-18,8.612979207290366e-05,0.04980046337687867,-0.023663053344741992,0.00036779402916603077,-0.07900413587270574,0.005265918995549615
2019-12-19,8.61519549611181e-05,0.049807302185372035,-0.023665031745619732,0.0003679795275985666,-0.07897739367052806,0.005263534367019787
2019-12-20,8.62143402504418e-05,0.04981761741027669,-0.023666826088714312,0.000368127082832398,-0.07893214645760424,0.0052621272250168195
2019-12-23,8.62618723453204e-05,0.04982605146828187,-0.02366802890685198,0.0003681738730269218,-0.07893936458385482,0.005260929341756659
2019-12-24,8.624788781019419e-05,0.049828051430351475,-0.023669511838805862,0.0003682648348026977,-0.07892718405467361,0.00525856723069561
2019-12-27,8.62298666782735e-05,0.049843304363509686,-0.023670760014673213,0.0003682433192469107,-0.07888832528982903,0.005256636596651777
2019-12-30,8.618159084380783e-05,0.04984969279668858,-0.02367248987139,0.00036831998559311687,-0.07882184080169691,0.005255516123635871
2019-12-31,8.627259202685276e-05,0.04986096824104182,-0.02367445642766496,0.00036837337463896467,-0.07885224178497174,0.00525522471716307
2020-01-03,8.629827689984091e-05,0.04987431971708434,-0.023676747419366127,0.0003683980189760287,-0.0788172315117737,0.005252634476451881
2020-01-06,8.624276422112111e-05,0.049880485693875196,-0.023678300134858287,0.0003686083642557776,-0.07879872281566307,0.0052512744351985
2020-01-07,8.62214747460133e-05,0.049895210576206925,-0.023679318682306584,0.0003687421915039848,-0.07884650816219588,0.005248771709958287
2020-01-08,8.626036311854026e-05,0.049903861619611675,-0.023680639119418204,0.0003687182868565325,-0.07883483044210032,0.005247080470388369
2020-01-09,8.629599112333958e-05,0.04991790321740457,-0.02368312099025908,0.00036870822327205664,-0.07882086197978941,0.005244051442595764
2020-01-10,8.621985053574417e-05,0.04992965583054472,-0.023684647215875456,0.00036880583587739713,-0.07878952085001062,0.005241565293106995
2020-01-13,8.617366786040702e-05,0.04993299001205428,-0.023686053025572862,0.0003687810756778092,-0.07876048172240327,0.005238386074312273
2020-01-14,8.61627783239351e-05,0.04993958424390009,-0.023687996120221398,0.0003687948963878113,-0.07874592901976589,0.005235260956451113
2020-01-15,8.612642018664514e-05,0.04994723063602959,-0.023689358146464553,0.00036882018649464607,-0.07875859100120695,0.00523330818511435
2020-01-16,8.619263391068579e-05,0.04995756646204441,-0.023691071402828362,0.0003688714438263362,-0.0787708368237389,0.005230275642412078
2020-01-17,8.621610598470093e-05,0.04996423985876598,-0.023692265443895404,0.0003691052110236687,-0.07877995113398464,0.005227785225687441
2020-01-22,8.624347513865633e-05,0.04998284186429976,-0.02369338931307167,0.0003691769318786705,-0.07874007831921913,0.0052254415112596665
2020-01-23,8.63171899015361e-05,0.04999164536106872,-0.023694784391375404,0.0003692978234790449,-0.07872361397270139,0.005224182396831857
2020-01-24,8.630638413655576e-05,0.05000090384452806,-0.023696807386197824,0.0003693243186020701,-0.07876574441708784,0.005221375970899753
2020-01-27,8.630394932333403e-05,0.05001022489493384,-0.02369776969066701,0.0003691858313685542,-0.07878196813428963,0.005219418774666639
2020-01-28,8.635562681841324e-05,0.050016959302913215,-0.023699015556475314,0.0003692273246570981,-0.0788120501454885,0.0052165414765084
2020-01-29,8.646033571414005e-05,0.05002752013753506,-0.023700047232017345,0.00036915431871391383,-0.07881806177023258,0.005213239673947844
2020-01-30,8.647268159634385e-05,0.05003300112128549,-0.02370140550100943,0.0003692816595359801,-0.07876821475258973,0.005211334521533495
2020-01-31,8.647151627467802e-05,0.050040975478134,-0.023702993021107434,0.00036923265180268663,-0.07875401441140249,0.0052092870589414385
2020-02-03,8.646108194867221e-05,0.05005384084328895,-0.023704144079879724,0.00036922091230930847,-0.07876239482654156,0.0052064371922379065
2020-02-04,8.648962636817062e-05,0.05006608455865441,-0.023706558267184864,0.00036933759284610843,-0.07876904362926125,0.00520408797213826
2020-02-05,8.653556547950142e-05,0.05007135690757731,-0.023707972042622573,0.0003693113759217285,-0.07875438946579155,0.005202444951003628
2020-02-06,8.657001758580235e-05,0.05008459378996455,-0.02370978751326127,0.0003693944942252003,-0.07869441703195569,0.005199324225172655
2020-02-07,8.660946952156103e-05,0.050091380764430135,-0.023710708168283526,0.00036945089406657783,-0.07872661008362336,0.00519806012031453
2020-02-10,8.663838257246583e-05,0.050101644802096126,-0.02371130381713077,0.0003693488436703788,-0.07869540558832427,0.005195002790228029
2020-02-11,8.669904829816518e-05,0.05011615570948934,-0.023713473068932206,0.0003695002648010744,-0.07866066273195693,0.00519308381238127
2020-02-12,8.676579017726223e-05,0.050128686057030525,-0.023715514100665754,0.00036973337957155774,-0.078611259541321,0.005190221606127161
2020-02-13,8.679339556528573e-05,0.050135676542480745,-0.023717057896397397,0.00036945195978058636,-0.07860894302968455,0.005187890140879607
2020-02-14,8.685567485914789e-05,0.050141258752233214,-0.023717902835864318,0.0003695914892232227,-0.07861654678772674,0.005185239846150073
2020-02-19,8.686475473489489e-05,0.05015517137579345,-0.023719973966488415,0.00036964046806562653,-0.07866333090546632,0.00518304990240002
2020-02-20,8.69680574999375e-05,0.050162671467799444,-0.023720843244809116,0.0003696301804328202,-0.0786433835425419,0.005180628403824557
2020-02-21,8.700004459946444e-05,0.05018013782303127,-0.02372193726705672,0.0003697269860200965,-0.07862037860834586,0.005177926921715539
2020-02-24,8.710352696012758e-05,0.050189298977707505,-0.02372343029532576,0.0003696144443824475,-0.07858764319193406,0.005174301287273552
2020-02-25,8.712501191051301e-05,0.05019624910691806,-0.023724123104002015,0.00036965942040398327,-0.0785449040528643,0.0051727597922220665
2020-02-26,8.720903196594116e-05,0.05021153332982824,-0.02372594554654166,0.00036960788029607175,-0.07850261090146711,0.005171087201934196
2020-02-27,8.722307398179538e-05,0.05021980964822031,-0.023727116641634845,0.0003696093444845525,-0.07843884386981435,0.005168780258159127
2020-02-28,8.721911006887844e-05,0.050235234703451995,-0.023728297320379208,0.00036958505692993344,-0.07846027222904364,0.005165882541974596
2020-03-02,8.725625011308058e-05,0.05025055843686041,-0.02373054784383803,0.00036955412193751246,-0.07845383628718695,0.005163505817137903
2020-03-03,8.726834843756598e-05,0.05026253119712018,-0.02373159831234708,0.00036947894738669857,-0.07851476917122356,0.005160490209809995
2020-03-04,8.728449720504648e-05,0.05027876130359052,-0.02373239825411069,0.00036933581213198627,-0.07850213723331083,0.005158227611324096
2020-03-05,8.729502100654745e-05,0.050287294689808575,-0.02373342639075863,0.00036918119604775545,-0.07850366051824098,0.005155172117084883
2020-03-06,8.725423820536925e-05,0.050297324220302975,-0.023734978476207508,0.0003693745740182678,-0.07850748374620324,0.005152408517719967
2020-03-09,8.731839299560671e-05,0.05031008588033539,-0.02373529898568758,0.00036935620982513686,-0.07849026046543105,0.005149052123135093
2020-03-10,8.735998744374415e-05,0.05032758716072599,-0.023736046602760193,0.00036932952626279387,-0.07848903960112766,0.005146071388519677
2020-03-11,8.734950426699428e-05,0.05033937713512218,-0.02373722968728514,0.0003695098547554201,-0.07848740708955297,0.005142278457005028
2020-03-12,8.744020352357723e-05,0.05035497879521955,-0.023737715313196586,0.00036925060128646973,-0.0784571029691415,0.005138907422364302
2020-03-13,8.739697295461916e-05,0.05035858765658229,-0.02373900985760097,0.00036922952169473824,-0.07849184569781326,0.005137089932229911
2020-03-16,8.737765972788849e-05,0.050365048374480234,-0.02373991694346472,0.0003693828959319734,-0.07850144088979712,0.0051335902222821245
2020-03-17,8.735460363832478e-05,0.050374542429504315,-0.023740649106465374,0.00036921350261826164,-0.07856348124484049,0.005131469053362993
2020-03-18,8.732511460907818e-05,0.05038924873915511,-0.023740208333425366,0.0003691280817880988,-0.07852371533033564,0.005127722948027442
2020-03-19,8.730610227082239e-05,0.05040611240902884,-0.02373939933458756,0.00036929162944692546,-0.07850896955949954,0.005125620342747947
2020-03-20,8.735112199746123e-05,0.050421126202125535,-0.023739823614027343,0.00036932576458095334,-0.07852309060539829,0.005123853964347956
2020-03-23,8.738443278611307e-05,0.05043877906409579,-0.02374033419154946,0.00036931457269227634,-0.07852677015723189,0.005120807143568368
2020-03-24,8.742979162433604e-05,0.050457549392090253,-0.023741151662444636,0.00036972401743138976,-0.07851750414925979,0.005117836976465824
2020-03-25,8.758488296326918e-05,0.050477778866462084,-0.023742097085604343,0.00036986849918183755,-0.07852208510598585,0.005114883583795986
2020-03-26,8.76238778639671e-05,0.050494908128020856,-0.023743458756648246,0.000370042369379954,-0.07850304235720193,0.005111804403660068
2020-03-27,8.762127195655144e-05,0.05050773129447034,-0.02374360791156731,0.00037010797909644167,-0.07849993631522736,0.005108396390456833
2020-03-30,8.758913739263886e-05,0.05052340563760175,-0.023742947107701896,0.00037002716774264176,-0.07851058794731032,0.005104064210332739
2020-03-31,8.762303870961429e-05,0.050531656514498466,-0.023743436617454212,0.0003702052325090317,-0.07849872526798461,0.0051016162549313345
2020-05-01,8.760721275160639e-05,0.05054725352964901,-0.023743938674366055,0.0003700686587948082,-0.0785220895092534,0.005097936740863444
2020-05-04,8.762269707197098e-05,0.05055703870500175,-0.023744445345723487,0.00037011713352255634,-0.07853857766840441,0.005095392374439611
2020-05-05,8.76237325259557e-05,0.05058188876026701,-0.023744535647171834,0.0003699729183714556,-0.07850054046922247,0.0050929398145022915
2020-05-06,8.768107354971516e-05,0.05059846351829676,-0.023744051807113475,0.0003701884585311327,-0.07848598114090909,0.005089364806327994
2020-05-07,8.772899871244564e-05,0.05061844200826027,-0.02374484482925272,0.0003701374291250626,-0.07845673674485108,0.005085451303236435
2020-05-08,8.773167634053262e-05,0.05063697491979033,-0.023745936528435017,0.00037019300907736375,-0.0784644483070752,0.005081388874139532
2020-05-11,8.782690591658138e-05,0.050651950258736804,-0.023746718277987775,0.00037051782755232127,-0.0784760817577326,0.005077428119305936
2020-05-12,8.782254715975293e-05,0.05066458792077867,-0.02374582042423326,0.00037035515993122825,-0.07846398983874656,0.00507414971554288
2020-05-13,8.78018387585559e-05,0.05067877863684288,-0.023746645990176188,0.0003703198996197063,-0.0784357248740547,0.005072736334557057
2020-05-14,8.790756788259223e-05,0.05069832796683034,-0.023746253887305044,0.0003704758817370748,-0.07845215404374299,0.005069127453467288
2020-05-15,8.790121720431852e-05,0.05071414358297274,-0.02374726265727648,0.00037038864401741153,-0.07845375239716426,0.005065903959520645
2020-05-18,8.792757125654265e-05,0.05073328317265353,-0.023748560830099734,0.0003704631306378776,-0.07846511184183273,0.0050620496272949875
2020-05-19,8.793155952511845e-05,0.050750230124633554,-0.023748967584632637,0.00037041473392128606,-0.07845681697355932,0.005059778777394019
2020-05-20,8.796335398513297e-05,0.0507696402262663,-0.02374942608822112,0.00037042990839925173,-0.07845369499070552,0.0050566505106057575
2020-05-21,8.79977560557275e-05,0.05078791705377883,-0.02374986238979633,0.0003705493509506652,-0.07844162602600468,0.005054054270544167
2020-05-22,8.801410786400012e-05,0.050802472634641264,-0.023750821156414404,0.0003706853953847767,-0.07839427050515327,0.00505195130390402
2020-05-27,8.802696337966698e-05,0.05082301452694521,-0.02375149153128583,0.0003707569698729263,-0.07841595201145342,0.005048066553980008
2020-05-28,8.8109708961527e-05,0.05083971293533432,-0.023751143799779717,0.0003708352166763556,-0.07844581574588899,0.005044444848591275
2020-05-29,8.811661731533818e-05,0.050858985876955295,-0.023752107045434016,0.00037080259752646883,-0.07846873311828063,0.005041238223835965
2020-06-01,8.810421294479027e-05,0.05087577363113767,-0.023752175057747696,0.0003706344517535492,-0.07843631452362172,0.005037707328305034
2020-06-02,8.815466091033371e-05,0.05089381232631503,-0.02375366075403919,0.00037081223522960233,-0.07845558481007915,0.0050334564939016144
2020-06-03,8.818393381431577e-05,0.050914842153706355,-0.02375472273065916,0.00037078128605263355,-0.07846658360898212,0.005030622569634523
2020-06-04,8.828296471966761e-05,0.0509319865406901,-0.023755413886255464,0.0003707089108694793,-0.07845526299081478,0.0050270269176585555
2020-06-05,8.828090864832758e-05,0.050944051808241554,-0.023755412636576555,0.00037095357805431143,-0.0784370056365439,0.005024939560957089
2020-06-08,8.833811101672208e-05,0.05096721972134505,-0.023755090108780665,0.0003708667906976091,-0.07843375433961142,0.005022149210813866
2020-06-09,8.83929639996261e-05,0.05098315372454168,-0.023755448055902767,0.0003709697276272052,-0.07833537623404342,0.005019115957088435
2020-06-10,8.83650493452623e-05,0.051002195581280954,-0.023755727091088363,0.0003711172113811666,-0.07829206927823615,0.0050151765924710285
2020-06-11,8.833736118888026e-05,0.05101467594593844,-0.023755744309185586,0.00037116949091751077,-0.07832922747210226,0.0050117643290383575
2020-06-12,8.838838484952682e-05,0.05103341476490558,-0.02375703643851282,0.00037120862004946337,-0.07829937027222553,0.005008243039010029
2020-06-15,8.843419379710212e-05,0.05105573644874203,-0.023757543128298125,0.00037136095216862394,-0.0783009184967441,0.0050036806943204734
2020-06-16,8.844924518699947e-05,0.05107829057972961,-0.023758970795096913,0.0003714837395610437,-0.07827999331300849,0.005000404541391837
2020-06-17,8.837561038539452e-05,0.051098119143282966,-0.023759280832068602,0.0003715516512537663,-0.0782774568525407,0.00499634979802054
2020-06-18,8.838573869990549e-05,0.051121776238707485,-0.023759108320762803,0.00037180173294110034,-0.0782549670034846,0.0049911053265617785
2020-06-19,8.844696607207317e-05,0.05114274979874275,-0.023758948419706022,0.0003719830611115246,-0.07831102195725212,0.004987550824710252
2020-06-22,8.846912588045242e-05,0.051159961215399744,-0.023758743925118477,0.00037212450999776704,-0.07830756707244672,0.004982971627808495
2020-06-23,8.851847445988979e-05,0.05117778643059126,-0.023759698441679404,0.00037218164221415086,-0.07830965215462699,0.004979944207165339
2020-06-24,8.857942406187425e-05,0.051198712148118164,-0.023759809542854105,0.00037216781853953744,-0.07829304695061812,0.004976448440662166
2020-06-25,8.856949525544065e-05,0.05122180135288887,-0.02376079180212623,0.0003721016581505151,-0.0783244839902028,0.004972788149366869
2020-06-26,8.864334346058548e-05,0.05124348357354553,-0.02376156669584825,0.0003720864384078923,-0.0783108906715415,0.004969749702135463
2020-06-29,8.86615524251197e-05,0.05126332242058684,-0.023761238356424897,0.0003722195711280105,-0.0783090339865,0.0049649031384124305
2020-06-30,8.86391757666558e-05,0.05128282520160339,-0.023761552130239682,0.0003720818325332867,-0.0783253346000299,0.00496154926544911
2020-07-01,8.862308625133486e-05,0.05130362224980614,-0.02376230065298105,0.00037228418531561806,-0.07832243963787083,0.004957137251202256
2020-07-02,8.85887215949397e-05,0.05131824955908079,-0.023763303372623806,0.0003723817373232599,-0.07833785678267298,0.004952373546107887
2020-07-07,8.868168296292179e-05,0.05133838196790942,-0.02376384574161229,0.0003721838672116469,-0.07833374483848024,0.00494785607271377
2020-07-08,8.875719911446403e-05,0.05135548358797576,-0.02376461932478524,0.0003720902964257387,-0.07832544181219463,0.004943217777594609
2020-07-09,8.873564550606914e-05,0.051371788550133274,-0.02376505678028942,0.00037224099099815466,-0.07832927820067839,0.004938994361388389
2020-07-10,8.875313780487299e-05,0.051386918125731096,-0.023765569780554184,0.00037251179655363757,-0.07826980154506552,0.004935947887130435
2020-07-13,8.869392231277022e-05,0.05140625318951274,-0.02376583840849115,0.0003724792474236303,-0.07827609993296557,0.004931932305048404
2020-07-14,8.870546164177888e-05,0.05141844285013754,-0.023765906012516227,0.00037270143030216035,-0.0782509642420153,0.004928432175950619
2020-07-15,8.875619679967511e-05,0.051434558737625424,-0.02376584370599101,0.0003727289196893515,-0.0782244185721927,0.004925411594563625
2020-07-16,8.877447376134945e-05,0.05145515520779502,-0.02376595433655088,0.00037282208359890365,-0.07821774376342303,0.004921859688115932
2020-07-17,8.878014955840884e-05,0.05147412363667846,-0.023766430867216064,0.0003729052743862702,-0.07817966955908036,0.00491742306747128
2020-07-20,8.876626961553687e-05,0.05148662262088702,-0.023765909681880273,0.00037298249730978363,-0.0781437141799945,0.004914120765722208
2020-07-21,8.87043631246381e-05,0.051504389788480334,-0.023766182916666156,0.00037302114164380456,-0.07814336061413402,0.00491150555304811
2020-07-22,8.868722565374702e-05,0.051528686603957805,-0.023766676412832848,0.00037320406128069447,-0.07819688354215364,0.004908102940929834
2020-07-23,8.870743625653727e-05,0.051542053418854705,-0.023766893875325688,0.0003733519010081061,-0.07820307963839129,0.004904542578018694
2020-07-24,8.86531784005325e-05,0.051562151132042655,-0.023767517537092445,0.00037350449939997383,-0.07816732986462469,0.004900925115761755
2020-07-27,8.871949613466874e-05,0.05157863805741775,-0.023769132775073115,0.0003735687358164944,-0.0781992542718225,0.0048971986711482006
2020-07-28,8.865223028073285e-05,0.051596486246869105,-0.02377040102435676,0.0003735546849689245,-0.07820644136608197,0.004894991436096437
2020-07-29,8.857095607618288e-05,0.05161380432671851,-0.02376967952772845,0.0003735375732702633,-0.07823190105694539,0.0048909380708542565
2020-07-30,8.861281207363797e-05,0.051624764632112276,-0.023769994183584206,0.0003737659695603256,-0.07821405340164551,0.004887365384974453
2020-07-31,8.85964540246667e-05,0.051633055463442615,-0.02377092299283019,0.0003738310922895325,-0.07818854047429194,0.004883779400875765
2020-08-03,8.858163655990422e-05,0.05164564028870933,-0.023771789327735812,0.0003738194573636111,-0.07820284557386299,0.004880606950811746
2020-08-04,8.862715694221365e-05,0.05165998503727614,-0.02377162293468989,0.0003739121936240208,-0.07821207216365927,0.004876842352542819
2020-08-05,8.863311849804264e-05,0.05167722756926224,-0.023771579059222767,0.00037391621039759883,-0.07822796947122752,0.004873677426295151
2020-08-06,8.863442023693076e-05,0.05169157230200712,-0.023772210828258866,0.0003741408975075557,-0.07827542068777874,0.004868909359257653
2020-08-07,8.862646974223117e-05,0.05170519817631772,-0.02377382733816222,0.00037425788775373166,-0.07825940247562187,0.004864895747124105
2020-08-10,8.858529651939086e-05,0.05172665189971182,-0.023774444350797588,0.00037439141246328175,-0.07820693280957056,0.004861425164620049
2020-08-11,8.86131584655913e-05,0.05174282414582629,-0.023776187817245786,0.00037471549995629297,-0.07821609261414829,0.00485782675474789
2020-08-12,8.863736191375789e-05,0.051762449429405444,-0.023776475922897996,0.00037484175324678433,-0.07821624356632506,0.004853887356913536
2020-08-13,8.86845632801263e-05,0.05177975364267359,-0.023777696377284985,0.00037468783629743393,-0.07817605435028122,0.004849188241153794
2020-08-14,8.869421275622708e-05,0.05180424527503938,-0.023778562589813777,0.0003749573947447305,-0.07816935913018556,0.0048464530727848065
2020-08-17,8.86711870497511e-05,0.05182482557798736,-0.023779215226419657,0.0003750210050964893,-0.07815907269165373,0.004842695349839983
2020-08-18,8.867879055929683e-05,0.05183730215827259,-0.023779438178723886,0.00037506614230297286,-0.07817202637082576,0.004839048281221274
2020-08-19,8.865289750140733e-05,0.05185441954911825,-0.023779356359076412,0.0003752271964547811,-0.0781524709042005,0.0048344241825683575
2020-08-20,8.865412235005735e-05,0.05187201201591861,-0.023780085922307674,0.00037527599237890675,-0.07816936178002172,0.004830797400292934
2020-08-21,8.863746413757226e-05,0.05189118835142853,-0.023780589786633943,0.00037534956746953596,-0.07816150699454713,0.004827020161399424
2020-08-24,8.857553383482349e-05,0.05190177121570035,-0.023781377204063172,0.0003752106515387337,-0.07818810602272667,0.004823525693305188
2020-08-25,8.854248050421458e-05,0.051919757874835534,-0.023781904574679796,0.0003752005198127572,-0.0781332994149782,0.004819907953899527
2020-08-26,8.852573355876611e-05,0.05193499562865751,-0.023782067623057873,0.0003752191391228523,-0.07808185333793649,0.0048168713088000675
2020-08-27,8.852326397818913e-05,0.051946473073999314,-0.023783265202445992,0.0003753120704515162,-0.07809835700290965,0.004814391586093449
2020-08-28,8.864729832889195e-05,0.0519649032064064,-0.023783645933920194,0.0003754958419125558,-0.07809164146800811,0.004811941106764329
2020-08-31,8.867329898869523e-05,0.051982217083886555,-0.0237845051069074,0.00037543369801247263,-0.07809663833435034,0.00480736929955488
2020-09-01,8.867381226265213e-05,0.05199800190950324,-0.023786070886461105,0.0003754571585499599,-0.0781421712017537,0.004803265851008512
2020-09-02,8.869080680319212e-05,0.05201176049350231,-0.023786893007057823,0.0003756225285955164,-0.07814954791151368,0.004799480004107905
2020-09-03,8.874225765262792e-05,0.05202949965257974,-0.023787382453035997,0.00037576683521334286,-0.07811878124676633,0.004796684489418781
2020-09-04,8.871971700855947e-05,0.05204586331026459,-0.02378763341499258,0.0003758811760690772,-0.07812901328865202,0.00479310175150185
2020-09-09,8.868694591813094e-05,0.0520673018452207,-0.02378831611131527,0.00037599708538911335,-0.07814691137762608,0.004789687809759795
2020-09-10,8.869116326304651e-05,0.05208419858640513,-0.023788967225352863,0.0003759193501423293,-0.07813639830766594,0.004785225230903132
2020-09-11,8.873768232966711e-05,0.05210399551497119,-0.023788850605557233,0.0003761198399055965,-0.07813569844236162,0.004781417947390489
2020-09-14,8.87084187168205e-05,0.05211845971753544,-0.02378899926490047,0.0003763214464092298,-0.07813734134497011,0.004777983506056599
2020-09-15,8.870098748003501e-05,0.05213933123023605,-0.023789688823533665,0.00037645966720530115,-0.07809628022685201,0.0047750252155731795
2020-09-16,8.872137777859891e-05,0.052150238058964946,-0.023790546072614317,0.000376605101450332,-0.0780836327377205,0.0047705598828503325
2020-09-17,8.865064398651533e-05,0.05217184814837985,-0.02379047361798058,0.00037656263392502076,-0.078128501059207,0.00476760897505263
2020-09-18,8.86592780961694e-05,0.05218594463728507,-0.02379214702644498,0.0003764632185570671,-0.07812484925147369,0.004764586076205415
2020-09-21,8.868403910894924e-05,0.05220658610356679,-0.02379099870980765,0.0003766432105709409,-0.07813533125368673,0.004761077223668594
2020-09-22,8.861564063046705e-05,0.05221787099677094,-0.023790797438245217,0.0003768221664388607,-0.07816199201154003,0.004758226702965328
2020-09-23,8.861377658055545e-05,0.0522319991998228,-0.02379142531827539,0.0003770122063740523,-0.0781827841447675,0.004753706447693316
2020-09-24,8.862372280827429e-05,0.05225072093359341,-0.02379266093568607,0.0003771966893946955,-0.07817599962019792,0.004749621534346196
2020-09-25,8.861461919261324e-05,0.0522707187970574,-0.02379316348376524,0.0003772766175696289,-0.07821386061471367,0.004747199093258892
2020-09-28,8.861485976893223e-05,0.05228871991700737,-0.023794084413641902,0.0003773743554962133,-0.078171738694846,0.0047433662063860235
2020-09-29,8.859593616036531e-05,0.05230019695281961,-0.023795157067642198,0.0003775353694305809,-0.07818132665945214,0.004739596796452252
2020-09-30,8.84798966410104e-05,0.052311251428642264,-0.023795299514322424,0.0003775408851588722,-0.07817341261118557,0.004736435410171004
2020-10-01,8.849121541155275e-05,0.05232959612000079,-0.02379577765394929,0.000377706483396788,-0.07816479633142095,0.004732463024914855
2020-10-02,8.851085780336837e-05,0.05234960378006409,-0.023795839419075288,0.00037774591200911235,-0.07816397706188054,0.004729235619366277
2020-10-05,8.848748319793359e-05,0.05236641915691019,-0.02379663177205926,0.000377875739688245,-0.07813777978110845,0.004726039604471367
2020-10-06,8.846740622255164e-05,0.05238690649104051,-0.023797910709300762,0.0003779459578097444,-0.07814973356204631,0.004723191435566808
2020-10-07,8.844790965151374e-05,0.05240132236192853,-0.02379769959789292,0.00037813881637295424,-0.07807617120245813,0.004719244459946428
2020-10-08,8.845111941271078e-05,0.05242400914307613,-0.02379738817744841,0.00037812756195837395,-0.07810790228814124,0.00471535760778603
2020-10-09,8.846732307415375e-05,0.052439457888869376,-0.023797786081741917,0.00037818969648675935,-0.07811288030985251,0.004712023797224937
2020-10-14,8.847799303315961e-05,0.05245265901925026,-0.023798533625673655,0.00037824816928103664,-0.07801704882527616,0.004709581667884763
2020-10-15,8.848397723910478e-05,0.05246665344505222,-0.02379979893874108,0.0003782805993905227,-0.07800034093420108,0.00470613533080742
2020-10-16,8.845048133335033e-05,0.0524859398053399,-0.023799744674598094,0.000378266255866027,-0.07803782880296324,0.0047021955105475514
2020-10-19,8.83831869435315e-05,0.05250075971874349,-0.02379970339494723,0.00037834195247391287,-0.07801899107352783,0.004699286459750985
2020-10-20,8.837921323495584e-05,0.05251391648330017,-0.023800503388882142,0.0003786076419461889,-0.07802275613203524,0.004695766348987821
2020-10-21,8.836899699836239e-05,0.052532305783384865,-0.02380132232375312,0.0003787894830785756,-0.07803579325992503,0.0046921662740450195
2020-10-22,8.832873761744722e-05,0.05255389980583308,-0.023801389414908315,0.00037884913466166366,-0.07806961835371061,0.0046891340127349235
2020-10-23,8.831490094676956e-05,0.05256559584405566,-0.023801753311864116,0.00037920231869596613,-0.07809053782617728,0.004685120670217202
2020-10-26,8.828021018037266e-05,0.05257934034190083,-0.023802942590529133,0.00037924966956590436,-0.07805061724700464,0.004681314002078306
2020-10-27,8.832791871481895e-05,0.05259604667009758,-0.02380315567541443,0.0003793972197807069,-0.078060448991298,0.004677960323684641
2020-10-28,8.82963153683584e-05,0.052607313377974904,-0.023804271363680827,0.0003795732680364523,-0.07807202243119771,0.004674233017778588
2020-10-29,8.826569146353264e-05,0.05262264197846088,-0.023805543490898324,0.00037958039365913076,-0.07809056857328323,0.004672001964336653
2020-10-30,8.822691377200688e-05,0.05264077026488705,-0.02380575030406534,0.0003795566247533236,-0.07808871363655856,0.004669803673938232
2020-11-02,8.816143738122953e-05,0.052660821030322845,-0.02380595897471211,0.00037952369295081,-0.07807351541683694,0.004666632450571594
2020-11-03,8.818054344629031e-05,0.05268218573749446,-0.023805755743804422,0.0003797210151200236,-0.07805075847842333,0.0046634502536600075
2020-11-04,8.815541402028482e-05,0.052694418249170163,-0.023806383520002455,0.0003799990731058653,-0.07804863471156222,0.0046596816626933105
2020-11-05,8.818153190720962e-05,0.05271097116456481,-0.023806383708941038,0.0003800419350416017,-0.07804659119756176,0.00465728163266799
2020-11-06,8.818807065725979e-05,0.052726010097720696,-0.023807303960096372,0.00038017764368813365,-0.07805365794072816,0.004654606997086725
2020-11-09,8.81661764639487e-05,0.05275097438295342,-0.02380761846628993,0.0003803527747402749,-0.07811273950732202,0.004651512655021291
2020-11-10,8.819065856970072e-05,0.05277041421743127,-0.023808771171456185,0.0003803498130374817,-0.07806842876531438,0.004648807817972905
2020-11-13,8.818581779471404e-05,0.05278817263612445,-0.023809700547189144,0.0003804076804831713,-0.07805571134460414,0.0046465280433106194
2020-11-16,8.819566131327162e-05,0.05280304229965462,-0.023811637613674504,0.00038080033653661643,-0.07804733301354119,0.00464318994978576
2020-11-17,8.808324460380247e-05,0.052823930678971176,-0.023812326401726577,0.00038085806316307463,-0.07804228852929106,0.004639827522947743
2020-11-18,8.803706332926415e-05,0.05284201965021294,-0.02381299190962077,0.0003807291744134564,-0.0779761597719194,0.004636267767405568
2020-11-19,8.800405906656617e-05,0.05285056211858258,-0.02381315414922394,0.0003806855594628469,-0.07799314964244573,0.004634138345986391
2020-11-20,8.806183015025657e-05,0.05286585852714007,-0.023812815622722597,0.0003807031512048117,-0.07800186767510386,0.004631106078212854
2020-11-23,8.802843381135484e-05,0.05287657345963688,-0.023813319645862533,0.0003807244274791123,-0.07798751388439314,0.004627973892381191
2020-11-24,8.802090440491737e-05,0.05290059847285208,-0.023813203151963912,0.0003810289407787461,-0.0779677533041033,0.004624181264792307
2020-11-25,8.798858238610093e-05,0.052915057365542736,-0.02381311204600492,0.00038114506348590495,-0.07799205592538802,0.00462018341172601
2020-11-30,8.793920852575703e-05,0.05292618047761932,-0.023814530703827264,0.00038135427928413963,-0.07799107510289836,0.004616677349457547
2020-12-01,8.797151907259413e-05,0.05293919463686554,-0.02381519564219296,0.00038145884207649815,-0.07794894351215396,0.004614037449740337
2020-12-02,8.792137668640024e-05,0.05295163842874431,-0.023816884611655924,0.0003815177360282447,-0.07794040388519134,0.004611084946250003
2020-12-03,8.78738727738496e-05,0.05297338437995257,-0.023818092896293504,0.00038158066319106783,-0.07790813038283566,0.0046067800096707716
2020-12-04,8.787698186532819e-05,0.05299497158172677,-0.0238193392372562,0.0003817042728508187,-0.07792173045954706,0.004602380480547203
2020-12-07,8.791310885872897e-05,0.05301727444176117,-0.023820086594469225,0.0003817858714900775,-0.07789047155724867,0.004599503587133305
2020-12-08,8.790118420046056e-05,0.05303730008830644,-0.023820723624586513,0.000382109223036537,-0.07788947368002497,0.004596098451747613
2020-12-09,8.786817142773212e-05,0.05305129294338644,-0.023820253267480888,0.00038230882639886534,-0.07789716983649146,0.0045924754023182295
2020-12-10,8.783588752350367e-05,0.053067460414832554,-0.023820737376117826,0.0003826933079733863,-0.07787275667135168,0.004590377824034431
2020-12-11,8.778474677681744e-05,0.053084244947527996,-0.023821208839256848,0.00038298724539723465,-0.07784608321264402,0.0045862447086217435
2020-12-14,8.776355280891107e-05,0.05310427879580212,-0.023821457057769176,0.00038321422213194814,-0.07787503668387548,0.004583231057772685
2020-12-15,8.77442873562716e-05,0.05311443319421925,-0.023821943399517483,0.00038340825021806633,-0.0778617395670076,0.004580528273690732
2020-12-16,8.770163065712663e-05,0.05313242137565868,-0.02382354757872161,0.00038343155209138644,-0.07784373990935042,0.004576550632407152
2020-12-17,8.764554447637541e-05,0.05314591695876236,-0.02382403897444596,0.0003834671799670242,-0.07787486621588981,0.0045734360959739555
2020-12-18,8.763130318467825e-05,0.053160707045682674,-0.023824085542667406,0.00038374345478389986,-0.07782619354320845,0.004570543126972057
2020-12-21,8.758716548546759e-05,0.05318605810970792,-0.02382493466029796,0.0003840558288036581,-0.0778182453085595,0.004566945514444484
2020-12-22,8.757141076951171e-05,0.05319506511054785,-0.023826114946206782,0.0003841640789990755,-0.07782567362643997,0.004563710290132689
2020-12-23,8.751021136262621e-05,0.053213759000566914,-0.023826831286545593,0.00038432207970265413,-0.0778574513076157,0.004560611759713921
2020-12-29,8.750421015846224e-05,0.05322963190799908,-0.023826948150484244,0.0003845661015077903,-0.07783426260476707,0.004556549912728415
2020-12-30,8.752687258720445e-05,0.05324912122466556,-0.023827311159041322,0.0003845438839992259,-0.07784569812812,0.004553107671050225
2020-12-31,8.749018686004545e-05,0.05326852955494588,-0.023828381300575692,0.00038461534593885253,-0.07785449602914785,0.004550807739648626
2021-01-05,8.745921514410575e-05,0.05328294012924836,-0.023829517970313373,0.00038469944307856175,-0.07781524284063596,0.004547886441250666
2021-01-06,8.743598415357442e-05,0.053299753062613975,-0.023830907774652826,0.0003848129744542194,-0.07786068460640666,0.004545316376239176
2021-01-07,8.741867960917008e-05,0.05332162537624466,-0.023831715715536647,0.0003851207990129366,-0.07781407331411469,0.004542265850763923
2021-01-08,8.7349365228164e-05,0.05333501144695163,-0.02383239026564698,0.0003853604991835896,-0.07776805339720422,0.004537893975424389
2021-01-11,8.73734697798396e-05,0.0533565921469274,-0.023832919751009544,0.0003853129759198233,-0.07777923579008998,0.004535009828465591
2021-01-12,8.72817720594637e-05,0.05337935797164207,-0.02383327616541328,0.0003854246355393281,-0.0777740344040923,0.004531596804050913
2021-01-13,8.722411599814452e-05,0.053396940582222455,-0.02383403891522932,0.0003856456859121592,-0.07769890075579361,0.004529700054864964
2021-01-14,8.719689969126403e-05,0.053414851302956805,-0.023834517416269452,0.0003856648519692265,-0.07774878726250412,0.004525315145848318
2021-01-15,8.722603078637514e-05,0.053439863109923935,-0.023835525184556054,0.0003857018262505609,-0.07782163802037884,0.0045234488715700715
2021-01-21,8.718184497757374e-05,0.053453416015516,-0.02383612025014571,0.0003856523137848236,-0.07783966720935978,0.00452085478719434
2021-01-22,8.715790609291671e-05,0.05347151071337258,-0.02383608018482789,0.00038592403401845033,-0.07781603496721148,0.004518448782646695
2021-01-25,8.713889329944896e-05,0.05348619682865442,-0.02383625935563458,0.00038603582414598677,-0.0778623847561577,0.0045150168879103435
2021-01-26,8.713291975766061e-05,0.053501946511787336,-0.023835965763761114,0.00038612705860592686,-0.07782498544799261,0.004512166520159452
2021-01-27,8.706410658877534e-05,0.05352004777882903,-0.023836881117667096,0.0003862514418295055,-0.07777014132587316,0.00450860110113273
2021-01-28,8.705992288178202e-05,0.05353887560078591,-0.02383717015171233,0.0003865031593664921,-0.07777469611585808,0.0045062280986479875
2021-01-29,8.705754195094025e-05,0.05356132644480238,-0.023837557808339814,0.00038675291811817515,-0.077768234353447,0.0045053280924909605
2021-02-01,8.706021667183336e-05,0.053578380529647016,-0.023838176158845186,0.00038693521721630135,-0.07782053872492856,0.00450273822879494
2021-02-02,8.711552334238827e-05,0.05360007941926053,-0.02383941084700697,0.0003870959103977789,-0.07782170632127948,0.004500932122023017
2021-02-03,8.711594612131748e-05,0.05361426296046081,-0.023840382876090485,0.0003870168732235724,-0.07776031422029309,0.004497940403850706
2021-02-04,8.713261820389112e-05,0.053633097192929205,-0.023840320473668693,0.00038711191397828,-0.07776908973155557,0.004496044270419715
2021-02-05,8.712850137040144e-05,0.05365606889859789,-0.0238413182252784,0.0003872004713495977,-0.07776943740475824,0.0044928183403017685
2021-02-08,8.709161409038756e-05,0.053668426520153606,-0.023842105142564202,0.00038717436568660725,-0.07774298030576399,0.004489852025777915
2021-02-09,8.708733902250484e-05,0.05367942904730494,-0.023843298649661303,0.0003874184614558261,-0.07772178954021952,0.004487203049510317
2021-02-10,8.705143887885645e-05,0.05369287512721378,-0.023843545575375127,0.0003873572885965868,-0.07774010211721437,0.004484346750499964
2021-02-11,8.709001490846656e-05,0.05371007423957622,-0.023844084137012833,0.0003873568166747175,-0.07777162388717616,0.00448200503250742
2021-02-12,8.708065676436614e-05,0.053726080930339676,-0.02384525731716818,0.00038734149215404503,-0.07778090752448555,0.0044789745552141135
2021-02-17,8.701695980767336e-05,0.053743113085315125,-0.023846769171578526,0.0003874284324093106,-0.07787398695781635,0.004475337164849673
2021-02-18,8.698368182833013e-05,0.05375996443714829,-0.023848659977375165,0.00038768718539664845,-0.07788542013396142,0.004472489810120859
2021-02-19,8.699028319854866e-05,0.0537697717962049,-0.02385004283519806,0.0003878215203107784,-0.07788952538145939,0.004469252024700146
2021-02-22,8.69703748239742e-05,0.053786400257467074,-0.023850943495152904,0.0003881460832259208,-0.07786282953133097,0.004466818216211788
2021-02-23,8.696763636629262e-05,0.05380510366200278,-0.023852613347726554,0.0003882775103731047,-0.07784346576248785,0.004464489999060658
2021-02-24,8.692131635440845e-05,0.053817076635162414,-0.023853639271093588,0.0003883700623247963,-0.07785409037623733,0.004462014692254005
2021-02-25,8.693243123955095e-05,0.053842603888984604,-0.023854024284798506,0.00038826587237835363,-0.07783356912297512,0.0044602905146470945
2021-02-26,8.689865876046227e-05,0.05386596325788895,-0.023855206921377915,0.00038836907493470976,-0.07784989009908495,0.004457617750732823
2021-03-01,8.694739586342458e-05,0.05388775470774172,-0.023857097599666602,0.0003884139726091546,-0.0778478369070063,0.004454308770216456
2021-03-02,8.70243461053944e-05,0.053913782862545515,-0.023858017811547817,0.0003884286832587653,-0.0778212726500815,0.004450304058286168
2021-03-03,8.700304890956845e-05,0.05393658059402371,-0.023859043472834254,0.0003885825554324142,-0.07776749380073347,0.004446094597658896
2021-03-04,8.693089578939105e-05,0.0539587791941095,-0.023860119401693816,0.00038847322334496196,-0.07775014968852877,0.00444279564038378
2021-03-05,8.69520242764681e-05,0.05397693871310469,-0.02386058382031815,0.0003884527002573081,-0.07776626665184441,0.0044393137062130605
2021-03-08,8.692188697426583e-05,0.05399638326800538,-0.0238615477850904,0.00038846715729222615,-0.07781174052454666,0.004435570822181596
2021-03-09,8.691562112460199e-05,0.05402094732478545,-0.023862659903859332,0.0003884043613233142,-0.07778779917096627,0.0044317185062281855
2021-03-10,8.686617373037162e-05,0.054039057976955504,-0.023863308007623017,0.00038854501353976833,-0.07783337762673985,0.004428889690262163
2021-03-11,8.689988370837644e-05,0.05405667773376034,-0.023863938124335127,0.000388784346662626,-0.0778709707129795,0.004425816729669257
2021-03-12,8.682626733788639e-05,0.05407932526878037,-0.02386495708972624,0.0003888679751224515,-0.07784503366039956,0.00442286892127622
2021-03-15,8.685094222332903e-05,0.054094163999872234,-0.0238661807221122,0.00038912575102357,-0.0778544573506428,0.004419311991418745
2021-03-16,8.683484475749124e-05,0.054109856476954626,-0.02386692878134986,0.00038922886444398084,-0.07781756715387436,0.00441578245521157
2021-03-17,8.689520115171982e-05,0.054134239846289775,-0.023867529647640183,0.00038953047648940074,-0.07780427134882105,0.0044117735322371085
2021-03-18,8.688885935205035e-05,0.05415762489226229,-0.023868373628359505,0.00038935670786539617,-0.07783700801547684,0.004408116989696103
2021-03-19,8.678862026242028e-05,0.05417915773328644,-0.023868941507797795,0.00038959877308849817,-0.07784449476300306,0.004404209136108539
2021-03-22,8.676907838121373e-05,0.05419963764360735,-0.023870161843077498,0.00038983399129253153,-0.07787528483523207,0.004399979644552324
2021-03-23,8.677886387844269e-05,0.05421747593988151,-0.02387195068645404,0.00039003455316268687,-0.07784845958452591,0.004396587306278422
2021-03-24,8.679706483271824e-05,0.05422981150950615,-0.023872173809373717,0.000390202845111853,-0.07791728372681674,0.004393432294872283
2021-03-25,8.677844828974205e-05,0.054244926744786995,-0.023873140925013126,0.0003902997575617707,-0.0779035530807112,0.004390539760381058
2021-03-26,8.678750046182669e-05,0.05426078386246186,-0.02387443461053332,0.00039021298069473844,-0.0778938932242779,0.004387722992903731
2021-03-29,8.682502463603793e-05,0.05427912758891093,-0.02387576130866485,0.00039040565391259717,-0.07788235171234917,0.0043846278776282594
2021-03-30,8.679387795139375e-05,0.05429618292325194,-0.023876461674262876,0.00039076737241632747,-0.07791105311914809,0.004381396449412433
2021-03-31,8.679694546981893e-05,0.054312517063582824,-0.023877765874656558,0.0003908960507896814,-0.07791971224209367,0.004378465059625995
2021-04-01,8.680694400591284e-05,0.05432808709048123,-0.023879735964993758,0.00039092740961992766,-0.07795331984179589,0.004375182228366622
2021-04-06,8.681412023150108e-05,0.05434736334219491,-0.023880924969023755,0.00039108033770643056,-0.07795228672949175,0.004371708887478964
2021-04-07,8.681605330792714e-05,0.054362259273343726,-0.02388230013364515,0.00039118225905130646,-0.07796218687584994,0.0043681363637537015
2021-04-08,8.679049742151191e-05,0.05437499561254508,-0.023883546004394345,0.0003913319402298387,-0.077970384323267,0.00436561454831797
2021-04-09,8.679470903796805e-05,0.05439631801796917,-0.023883615486334105,0.0003913631507006242,-0.07796016784788665,0.00436110212634694
2021-04-12,8.676533156859658e-05,0.05441078014911641,-0.023885464168825556,0.00039144760160148283,-0.07795750398132266,0.004357866772296248
2021-04-13,8.668726896305126e-05,0.0544284772953294,-0.023886272940568852,0.0003916237446030233,-0.0779762642469915,0.004355536098232984
2021-04-14,8.669983563940296e-05,0.054442298143011644,-0.023887740164942703,0.00039152910405243973,-0.07791912779964812,0.004352458912437873
2021-04-15,8.670355028838341e-05,0.05445871618866248,-0.023888432344556662,0.0003915602743505829,-0.07790232991522346,0.0043490142838347665
2021-04-16,8.66673327264898e-05,0.054480205669977425,-0.02389015595630632,0.0003916815541724277,-0.07786411908835549,0.004346064474815019
2021-04-19,8.667551512455324e-05,0.05449456496405783,-0.02389132202732063,0.00039185112228013575,-0.0778550664576124,0.004343262097397912
2021-04-20,8.678634890079445e-05,0.05451664833571114,-0.023892279831672223,0.0003919269850098809,-0.0778433209622425,0.004340406347083811
2021-04-21,8.675012266551693e-05,0.05453322116105312,-0.023892537857061406,0.00039215315422506155,-0.077840318703491,0.004336385879450303
2021-04-22,8.670235617779785e-05,0.05455789761807969,-0.023892789812613488,0.0003924869169958544,-0.07781849002166936,0.004332439574254284
2021-04-23,8.67311791823768e-05,0.054584249369147256,-0.02389381979193525,0.0003926479897001725,-0.0778482682276591,0.004328083216307197
2021-04-26,8.664198641597436e-05,0.05460331778308734,-0.023894190401797136,0.00039283623625736255,-0.07785249281545184,0.0043248558024596
2021-04-27,8.662341090356378e-05,0.05462452848966451,-0.023895144167864375,0.00039298188422044023,-0.0778232277728499,0.004320885311636605
2021-04-28,8.660744843040977e-05,0.054637996339545886,-0.023896713684783084,0.0003931017057668695,-0.07780253798644626,0.004318138682164829
2021-04-29,8.668557572892348e-05,0.05465572332949302,-0.023898114928078532,0.0003934011519230024,-0.07780565740226493,0.004312909476986471
2021-04-30,8.665107448419234e-05,0.05467620098928834,-0.02389865765495587,0.000393921137936989,-0.07781094350376555,0.004308972791501761
2021-05-03,8.664569262687073e-05,0.05469649687132602,-0.023900123481091384,0.0003940625491647852,-0.07776758402343173,0.004305903139374633
2021-05-04,8.659845374426142e-05,0.05471314391667295,-0.023901498123113252,0.00039418856271568434,-0.07779183358520467,0.004302550286591574
2021-05-05,8.663943272219465e-05,0.054728635974708714,-0.023901736604417557,0.00039414626059980725,-0.07777098508215317,0.004299473855397932
2021-05-06,8.666358538054611e-05,0.05473992261080097,-0.02390333754315567,0.0003942394904896071,-0.07774876004963988,0.004296507511243249
2021-05-07,8.666702740857133e-05,0.05475317012202474,-0.023904251031500668,0.0003943811753237646,-0.07777211616034327,0.004293643651946932
2021-05-10,8.661509896839995e-05,0.05476990916218537,-0.023904894025608883,0.0003946444412434076,-0.07781267090984441,0.004290355134414435
2021-05-11,8.657795380461874e-05,0.054785237409447414,-0.023906948204003547,0.0003949186341962976,-0.07784489115276912,0.004286804157588622
2021-05-12,8.652592668562487e-05,0.05479535293873037,-0.023907521910931855,0.00039524096393943743,-0.07786718337817061,0.004283900497795893
2021-05-13,8.649730663193528e-05,0.054816552531053414,-0.02390803768971902,0.000395264212719661,-0.07786804721048815,0.004281097452797368
2021-05-14,8.649652054796062e-05,0.054835742462533026,-0.023908635186563654,0.0003953882321164714,-0.07786580942367191,0.004278822046824333
2021-05-17,8.644572672037069e-05,0.05485531953496464,-0.023909627600106672,0.0003956496168431565,-0.07786299889747844,0.0042761685018999586
2021-05-18,8.645134736125088e-05,0.054871303054700775,-0.023910933946352957,0.0003956293503402763,-0.07786759339451395,0.004273365999803521
2021-05-19,8.637307588559896e-05,0.05488167616118049,-0.023912354760970422,0.00039576077849329695,-0.07784127160143742,0.004271035234184366
2021-05-20,8.634934934624935e-05,0.054899683149885865,-0.023913824440928294,0.00039598117591611333,-0.07785627968172429,0.004269256367448281
2021-05-21,8.630111768922829e-05,0.05490929281275933,-0.023915446826346685,0.0003961984634277495,-0.0778290988189577,0.00426686908387105
2021-05-24,8.62660833381334e-05,0.05492238357798988,-0.02391664380937349,0.0003965162355963589,-0.07782808014210832,0.004264766538438782
2021-05-25,8.62282392544662e-05,0.05493282578909428,-0.023917764811763727,0.00039676010478383435,-0.07783877780543563,0.004262399665257515
2021-05-26,8.617019894496865e-05,0.05495095856687564,-0.02391829351146423,0.0003969180582345242,-0.0778512455775241,0.004260684324393804
2021-05-27,8.607201446367727e-05,0.0549691663607704,-0.02391849374882911,0.0003970515109981264,-0.07780963312605046,0.004258677048209063
2021-05-28,8.607995452659364e-05,0.05498251507715724,-0.023919497800864133,0.00039735475656806573,-0.07781103907165633,0.004256928820081365
2021-06-02,8.604015589549092e-05,0.054999707786946836,-0.023920093228793682,0.00039754183421129223,-0.07784095381635997,0.004255174450737217
2021-06-03,8.596858331506952e-05,0.05501451866116804,-0.023920488943645315,0.0003977359798944498,-0.07783261555626587,0.0042524448600560864
2021-06-04,8.591260256292713e-05,0.05502899047224217,-0.023920635766708605,0.00039804864667555747,-0.07784569005599379,0.0042489609870142
2021-06-07,8.591887721040941e-05,0.055044239919912336,-0.02392205026343161,0.00039822124583959785,-0.07784608649675803,0.004246154735912905
2021-06-08,8.582967818063159e-05,0.05506378499589182,-0.02392208890092893,0.000398404647638274,-0.07784413047025238,0.004243308665095336
2021-06-09,8.579319877354952e-05,0.055078673519843066,-0.023923701343828437,0.0003985423201453529,-0.0778493895254098,0.004241485524518115
2021-06-10,8.584327875502693e-05,0.05509275204791802,-0.023923669996513023,0.0003988190956197795,-0.07783710036727647,0.00423954101735986
2021-06-11,8.578138516537103e-05,0.05510522872956575,-0.02392466800996222,0.00039909177768207896,-0.0778338284675095,0.004235853374971682
2021-06-14,8.568893763488922e-05,0.05511831969330212,-0.023925063659602244,0.00039921690770564836,-0.07777996300981703,0.004234204282609444
2021-06-15,8.566309031256798e-05,0.0551364261067592,-0.023925643947581836,0.00039932094633524757,-0.07780487710245797,0.004232121871950308
2021-06-16,8.560188080124742e-05,0.05515059305415411,-0.023926868192351094,0.0003991718331630941,-0.07783083186784692,0.004229399893872526
2021-06-17,8.555812054950737e-05,0.05516281776678908,-0.023926466532715455,0.00039935220461377325,-0.07784752313348214,0.00422716650837941
2021-06-18,8.552115828905357e-05,0.05517698012318105,-0.023928490716093473,0.00039958700984172674,-0.07790709398522672,0.0042253054350157105
2021-06-21,8.553349510681867e-05,0.05518831387658986,-0.023928872983365358,0.0003997051089258579,-0.07791554203181358,0.0042219085580264895
2021-06-22,8.549907551309944e-05,0.055198258517928,-0.023930359572689925,0.0003997816418438365,-0.07793069809646413,0.004219122630215677
2021-06-23,8.542453314136012e-05,0.05521523944974832,-0.02393125555033136,0.0003999639044835115,-0.07786704949687573,0.00421812747767403
2021-06-24,8.539800122800912e-05,0.055230749181886134,-0.023933070613126974,0.0004002707216071643,-0.077885277872967,0.004214610692477218
2021-06-25,8.534683734904251e-05,0.05524383548494216,-0.02393492866807974,0.00040044436949583304,-0.07784830527922788,0.004212361133698006
2021-06-28,8.526127254123171e-05,0.055262845615772035,-0.02393541907474809,0.00040041139848468724,-0.0778568309885653,0.0042102696987581616
2021-06-29,8.526635064020949e-05,0.0552772718131097,-0.023936040364337545,0.0004005532162119494,-0.07780071700174142,0.004207337025857155
2021-06-30,8.528573701377845e-05,0.05528933123342455,-0.02393622938937303,0.00040055018216729216,-0.07779256112342299,0.004205050512579598
2021-07-01,8.518292124782677e-05,0.05530645908988059,-0.02393783508810902,0.00040091926667725283,-0.07775483858357476,0.004202354141746667
2021-07-02,8.513908876740503e-05,0.05532025598720716,-0.023938511952394364,0.000400955900632127,-0.07777546463035077,0.004201079745258134
2021-07-07,8.513432353200044e-05,0.05533760994454072,-0.023940207982007404,0.00040108875729042147,-0.07778325945280042,0.004199535479352058
2021-07-08,8.514386608511554e-05,0.05534862297588858,-0.02394132083462673,0.00040109560081668137,-0.07778904765693775,0.004199032639680053
2021-07-09,8.511137011532652e-05,0.05536213513232849,-0.02394234616252405,0.0004011998186733672,-0.07777373509582541,0.004196765507825933
2021-07-12,8.510467191431396e-05,0.05537459254496859,-0.023943616451511295,0.0004012520527995669,-0.07777422118141707,0.00419367737981721
2021-07-13,8.505699683740333e-05,0.05538338984052779,-0.02394473661952487,0.00040166326944143316,-0.07778468824117453,0.004190567220587241
2021-07-14,8.50337737280976e-05,0.05539930110325843,-0.023945722267481234,0.00040197635636973116,-0.07772278571470945,0.0041883085484363414
2021-07-15,8.499848483255369e-05,0.05540766141647899,-0.023946625130739325,0.0004021428593835937,-0.07769025266757822,0.004184605672503222
2021-07-16,8.497244727212323e-05,0.05542047586253759,-0.023948467231765334,0.0004022460420906774,-0.07763012041814786,0.004183146081465271
2021-07-19,8.494808656861691e-05,0.05543387573091145,-0.023950054489317165,0.00040239664241236014,-0.07762711343414522,0.004180937216396303
2021-07-20,8.495243691477337e-05,0.05544475350153084,-0.02395220093405481,0.00040266535705850496,-0.07762495494460675,0.004178482894332939
2021-07-21,8.491720391569504e-05,0.055464851235819346,-0.023952459499570176,0.0004028567533612891,-0.07760829987266424,0.004175746811382025
2021-07-22,8.493005583874574e-05,0.05547753132978107,-0.023953821994706952,0.00040307409184021654,-0.07766037653683508,0.0041737029494027305
2021-07-23,8.48853423070646e-05,0.05549313705938079,-0.02395561753811774,0.00040311676782029245,-0.07770832622575029,0.004171112839218392
2021-07-26,8.495284792536516e-05,0.05550827591638861,-0.023957049935906267,0.00040323990901127045,-0.07769835600834432,0.004168901377855015
2021-07-27,8.493753857291404e-05,0.05552403264601062,-0.023957285054618627,0.00040333251760839913,-0.07771432648388621,0.0041666842070564964
2021-07-28,8.487982956654495e-05,0.05552940528666937,-0.023958266348590253,0.0004034845064189398,-0.07773560814650347,0.004165993842372743
2021-07-29,8.495201666000154e-05,0.05554723373386232,-0.023958788548054288,0.00040372685806064617,-0.07774008235230938,0.0041640210144261326
2021-07-30,8.485681924363735e-05,0.05555373143115126,-0.02396038269107721,0.00040386796010926046,-0.07774674092198519,0.004162276123761937
2021-08-02,8.484523072027736e-05,0.05557143435494883,-0.023961174545717372,0.00040383893040236,-0.07773795211785822,0.004161265012228682
2021-08-03,8.482170158170806e-05,0.055582156901151245,-0.0239614593361064,0.0004040069083777814,-0.07778460872868669,0.004158461955689502
2021-08-04,8.483669439080858e-05,0.0555993557388354,-0.023963687741921293,0.0004040723617177249,-0.07775841574240003,0.004155573095654521
2021-08-05,8.478672168577933e-05,0.05561321459292892,-0.0239651886236562,0.00040414792856317025,-0.07773480757171136,0.004153026846587629
2021-08-06,8.471017991318276e-05,0.055634421572301515,-0.02396736104619457,0.0004042901709429547,-0.07772265684387147,0.0041513766975477765
2021-08-09,8.46918735222925e-05,0.05564979903781388,-0.02396780322500278,0.00040441730817955096,-0.0777171536947213,0.004149304064614321
2021-08-10,8.469642133088044e-05,0.05566217470722418,-0.023969301388046628,0.00040470355924169545,-0.07774450101232708,0.00414742153447748
2021-08-11,8.467032428636833e-05,0.05567977161180852,-0.023970381480427932,0.0004048112773391895,-0.07769815472207281,0.004145751586769593
2021-08-12,8.464802919038097e-05,0.055697350422587,-0.023971067131240847,0.00040496800439930396,-0.07771263222309044,0.004144386984050708
2021-08-13,8.465226088241657e-05,0.055699415885625284,-0.02397248720746439,0.0004049125270921784,-0.07770788507956024,0.004142187298653629
2021-08-16,8.463394674896262e-05,0.05572179298889145,-0.023974123718114304,0.00040504280353713385,-0.07766297109560898,0.004139274718055499
2021-08-17,8.45610560382204e-05,0.05573596932490027,-0.02397619672913924,0.00040519147829099297,-0.07759833406842398,0.0041367727102947565
2021-08-18,8.456278639442624e-05,0.055746127955107624,-0.023977678874151354,0.0004052719398071601,-0.07761067971164384,0.004133653861905508
2021-08-19,8.458707816098899e-05,0.05575783826423493,-0.023979965097601624,0.00040548478378856103,-0.07760812923885792,0.004130962264303654
2021-08-20,8.455036070844347e-05,0.05577615802759078,-0.023980329769952187,0.0004054940051724528,-0.07765018703750697,0.004128953983309818
2021-08-23,8.460028534783883e-05,0.05579027003209012,-0.023981457310643727,0.00040569345884978244,-0.07762490597769839,0.00412810746310051
2021-08-24,8.459481672908335e-05,0.055802945915214966,-0.023981875699665128,0.0004058047987582481,-0.07765017808348193,0.004125810283128315
2021-08-25,8.458703748397152e-05,0.05581146700410632,-0.023983106019631564,0.0004059086839507987,-0.0776716327719381,0.0041239808725339
2021-08-26,8.462958342034973e-05,0.055822825007068026,-0.023983492243304646,0.00040626783657970967,-0.0776462580406469,0.0041217921674521875
2021-08-27,8.46173108793614e-05,0.055829046277850895,-0.02398489178061674,0.0004062963589610176,-0.07768100681017412,0.004120965416048016
2021-08-30,8.465473069429507e-05,0.05584150512449465,-0.023985930959588272,0.0004063929396290252,-0.07761864433531161,0.004117014951182695
2021-08-31,8.466263509966947e-05,0.05585317701334695,-0.02398756040052574,0.0004066732912853478,-0.07760855829018173,0.0041148764009802516
2021-09-01,8.468855882034826e-05,0.055862603226038074,-0.02398824954787961,0.00040681315514457656,-0.07755905850073262,0.004113285811300423
2021-09-02,8.466150504402072e-05,0.05587047119345216,-0.023989526963408333,0.0004070843450341074,-0.07753743738800482,0.004111547897388167
2021-09-03,8.459834990125491e-05,0.055886928455915495,-0.023990120938526864,0.0004073223233684157,-0.0775575026631753,0.004109217034270027
2021-09-08,8.458449346710144e-05,0.05589714277965636,-0.02399156691954639,0.00040757100251428497,-0.07752972854203682,0.004106907942219298
2021-09-09,8.452491950443198e-05,0.055908379727076324,-0.02399257127990167,0.00040776202504913496,-0.07753587734033014,0.0041047729872722176
2021-09-10,8.448009469858704e-05,0.055915107250478546,-0.023993650824861476,0.0004078920216575712,-0.07752486141966142,0.004102497113669655
2021-09-13,8.446620369803737e-05,0.0559325259717722,-0.023994815937332346,0.0004080461833544735,-0.0775055965295149,0.004100048024711534
2021-09-14,8.44480489176258e-05,0.05594583608953618,-0.023995440606423054,0.00040831933728644224,-0.07749066772910569,0.004097594341090114
2021-09-15,8.43601115776092e-05,0.055955762637858425,-0.02399740669201807,0.00040847361352796505,-0.07750265778916397,0.004097426138736402
2021-09-16,8.436850088040036e-05,0.05596693519898387,-0.023998866574564855,0.0004088325555438793,-0.07758803706144561,0.004095893451326877
2021-09-17,8.43623090284642e-05,0.05598052483725393,-0.02400098494910472,0.00040899835830466354,-0.07753045989166116,0.004093285477358303
2021-09-20,8.43545096876684e-05,0.055986978700699,-0.024002512152991918,0.0004090651893141999,-0.07755608628697716,0.004091464629900469
2021-09-21,8.431653105836803e-05,0.05600283317079042,-0.024003557177790298,0.0004092832076943128,-0.07753111392613116,0.0040899671808634795
2021-09-22,8.428246549444893e-05,0.056013440044263285,-0.024004568973391045,0.0004095125652268845,-0.07756772784720924,0.004088495291260479
2021-09-23,8.428283251025887e-05,0.05601521167025159,-0.02400603700900114,0.0004098110222860498,-0.07761722509873234,0.0040857790199733575
2021-09-24,8.428033875661502e-05,0.05602186117355828,-0.024007261600027065,0.0004100288997164913,-0.07760013385020284,0.004084661367779093
2021-09-27,8.422028206526649e-05,0.0560314817759853,-0.024008239572374503,0.00041016999811372676,-0.07759200952135903,0.004082914096845358
2021-09-28,8.421665818228025e-05,0.05604251258474925,-0.024009794774911483,0.00041020286451469695,-0.07757100533035315,0.004081748770024116
2021-09-29,8.424701645766728e-05,0.056055725846998965,-0.024010617246514838,0.0004104878258909429,-0.07757382951111597,0.0040802060039695906
2021-09-30,8.422701625449515e-05,0.056068728772443066,-0.024011938084178126,0.00041064004086003474,-0.07762510154105373,0.0040793504849770835
2021-10-01,8.410823963486805e-05,0.05608218959587117,-0.024013378460973903,0.0004108246529375133,-0.07764057959680462,0.004077906408704524
2021-10-04,8.410486165052948e-05,0.05609592111633595,-0.02401567609407082,0.0004108372451811638,-0.07767016484404825,0.0040763866710982885
2021-10-05,8.409054072686814e-05,0.05610343789952107,-0.02401646585805567,0.0004110191534880477,-0.07772387793141577,0.0040757215461746845
2021-10-06,8.401643137755712e-05,0.05611710097699858,-0.024017526266672015,0.0004112923915719444,-0.07776236066765614,0.004073695097138112
2021-10-07,8.399792035665698e-05,0.05613181797387849,-0.02401831946185536,0.0004114597313146643,-0.07776035041193147,0.004071098085919254
2021-10-08,8.398108535799558e-05,0.056149695441433264,-0.024019405118158907,0.0004113947695078812,-0.07781030052351373,0.0040687587760945216
2021-10-13,8.396871463369325e-05,0.05616199611540938,-0.024020862243627178,0.0004115703972325805,-0.07782142337604811,0.00406691896525627
2021-10-14,8.399611288195388e-05,0.056172170113495415,-0.0240219315908013,0.00041178820942213286,-0.07782823588725711,0.0040662299937427315
2021-10-15,8.396033895330191e-05,0.05618707944313635,-0.02402255131762687,0.0004122219416822848,-0.0778259495538082,0.004065047763465821
2021-10-18,8.395611261202145e-05,0.05619664660464644,-0.02402337801857769,0.00041231481104544564,-0.07779696377381504,0.004063701064213729
2021-10-19,8.392081234750546e-05,0.056208389690389444,-0.02402435084368908,0.000412601515573267,-0.07781417888886646,0.004062166603360714
2021-10-20,8.383074772819153e-05,0.05622415292660812,-0.024025976028769776,0.00041283704725096615,-0.07783526327319645,0.004060194294083372
2021-10-21,8.38009264457213e-05,0.05623488148210923,-0.024027303796931902,0.0004128245127026302,-0.07787960778245626,0.004059466871801027
2021-10-22,8.375652592073756e-05,0.05624230705361727,-0.02402820348153455,0.0004128102337269574,-0.07784351734604679,0.004058398816488702
2021-10-25,8.36716463211126e-05,0.0562482677632727,-0.024029457756885784,0.00041285255963457567,-0.07784658454601787,0.004057053151698744
2021-10-26,8.363267444374761e-05,0.05625818082938988,-0.024030031119968945,0.0004129947978703293,-0.07788070067059477,0.004055855707519271
2021-10-27,8.359832757433594e-05,0.05627311650937096,-0.024031526418756062,0.0004132721859430339,-0.07787309902486612,0.0040545280048431016
2021-10-28,8.357743898331526e-05,0.05628942284105663,-0.024032488164583574,0.00041340947706339893,-0.07786009708442301,0.004052736338339895
2021-10-29,8.354760546981527e-05,0.05630523310287433,-0.024034271133039287,0.0004137210312343335,-0.07787244757865001,0.00405168417144793
2021-11-01,8.348668867336875e-05,0.05631535865761758,-0.024036116724116728,0.00041401997482651374,-0.07785024844858388,0.004049511014066947
2021-11-02,8.34479258194278e-05,0.056328465763542,-0.024037698601079984,0.0004142012231534255,-0.07784353492529761,0.004048224592723572
2021-11-03,8.339612827720837e-05,0.056340312294478764,-0.024038839207203413,0.00041431331076687044,-0.07784402174153743,0.004047100710825032
2021-11-04,8.337210157200572e-05,0.0563479429558003,-0.024039799341202223,0.0004145252984995829,-0.0778116231254381,0.004045623778478474
2021-11-05,8.334990192537414e-05,0.05635862419801775,-0.024041993735429232,0.0004147332991681266,-0.07777020682869082,0.0040435609576876625
2021-11-08,8.336000960652796e-05,0.056370607206035615,-0.02404297663593,0.0004148094007523892,-0.07779886957851137,0.004043195295212543
2021-11-09,8.32498369094803e-05,0.05637998235222777,-0.024043978015603432,0.0004150400578628744,-0.07781489576008428,0.004041469189814565
2021-11-10,8.327180253849572e-05,0.056392429125448715,-0.024046361882220015,0.00041527221318217136,-0.07783657493015311,0.004040510118247709
2021-11-15,8.321193247210574e-05,0.056402365187435716,-0.024048182557003393,0.0004154518931853418,-0.07782986101303976,0.004039279445448291
2021-11-16,8.319468409922793e-05,0.056418454616207064,-0.02404838034773309,0.00041566710550222565,-0.07789312913016558,0.004038284439684825
2021-11-17,8.316375686778286e-05,0.0564316696466491,-0.0240498150025236,0.00041577929363051077,-0.0778708413178996,0.004035590748474584
2021-11-18,8.30344722964684e-05,0.056442349994740126,-0.024052047615748865,0.00041584418257540365,-0.07785401952850296,0.004034442698763042
2021-11-19,8.301257817719572e-05,0.056453703114658506,-0.024053624595103504,0.00041610680380140127,-0.07781663154987581,0.004032424074167758
2021-11-22,8.300075811707188e-05,0.05646944011323056,-0.024054337149840198,0.00041638641207370354,-0.07782813014001064,0.004030559444572064
2021-11-23,8.302561163975421e-05,0.056483070009673036,-0.024056140333134926,0.00041648618953323246,-0.07786040109229056,0.004028725689730798
2021-11-24,8.304439498309213e-05,0.056493423693372624,-0.024057815316693345,0.0004167492669102211,-0.07781667153336697,0.004027290403634443
2021-11-29,8.293376532300648e-05,0.056500717280739264,-0.02405907993388935,0.0004166960258276434,-0.07786019738349009,0.004025644205760326
2021-11-30,8.287696177066713e-05,0.05651477268280614,-0.024060337416923185,0.0004169982103844612,-0.07784293352279059,0.004023522162142525
2021-12-01,8.283225881704009e-05,0.056524305602093386,-0.024061922515258165,0.000417009809892743,-0.07786265130591305,0.004022304866713854
2021-12-02,8.282025280933946e-05,0.056541182364150074,-0.02406299644883689,0.00041709723662473316,-0.0778600627448292,0.004021070824110255
2021-12-03,8.275174388756233e-05,0.056554757128163984,-0.024064452398828096,0.0004173062112262391,-0.0778663994482054,0.004019131257824025
2021-12-06,8.275858716052763e-05,0.0565688787487577,-0.024065815257355076,0.0004175426561104469,-0.07788151244943622,0.004016869536279652
2021-12-07,8.273873286228404e-05,0.05657154041527436,-0.02406699192362638,0.00041783378341434457,-0.07791947523987748,0.004015579205516851
2021-12-08,8.263043097628668e-05,0.05658170545013111,-0.0240665663365128,0.0004179890387006748,-0.07791491977569147,0.004013135997372764
2021-12-09,8.262024343191158e-05,0.05659010610169674,-0.02406679282090079,0.0004182641997065799,-0.0778800847355824,0.004011328233588513
2021-12-10,8.257648708891044e-05,0.05659999296107842,-0.024068796541901777,0.00041849633214096574,-0.07786696997421982,0.0040105582166919205
2021-12-13,8.258178865777041e-05,0.05660738465587366,-0.024070208505277618,0.00041882102919511615,-0.07785290646889301,0.004008522384901555
2021-12-14,8.255483984202613e-05,0.05661948097539987,-0.02407143155612382,0.0004189533439471227,-0.07785746877302292,0.0040071591700568295
2021-12-15,8.248005381759343e-05,0.05662860548179194,-0.02407250437211223,0.0004192022889250242,-0.07787800206542649,0.004006017477895934
2021-12-16,8.243149038960452e-05,0.05663756975451177,-0.02407340948498121,0.0004192971885866864,-0.07784733900349608,0.0040035441319048685
2021-12-17,8.243116387054487e-05,0.05664470784589986,-0.02407487213204132,0.00041942126166467914,-0.0778258763080749,0.004002643831041132
2021-12-20,8.23983499699895e-05,0.056654310576210135,-0.02407650402820292,0.00041967369345237773,-0.0778028011771022,0.004000888265467522
2021-12-21,8.23372965367153e-05,0.056664739261322844,-0.024078548541376095,0.0004197445079994922,-0.07775445091479508,0.003999287904883713
2021-12-22,8.226191856565754e-05,0.05668044890469488,-0.02408008692517322,0.0004198666566911761,-0.07778819660999736,0.003996745481675581
2021-12-23,8.225220324875374e-05,0.05669380956869443,-0.024081345428114825,0.0004200268520627424,-0.07778372184232424,0.0039950917495293935
2021-12-28,8.226295923539223e-05,0.05671347707400493,-0.02408140485590062,0.0004200578448058116,-0.07775563018212066,0.003992549974267266
2021-12-29,8.234004355828635e-05,0.056720678947470224,-0.02408335800150456,0.00042009831305901766,-0.07774513085934522,0.0039915510032640985
2021-12-30,8.228889469784575e-05,0.05673391047061815,-0.024084752854818033,0.00042034385631027247,-0.077787165796476,0.0039895502681058384
2022-01-03,8.227204261963353e-05,0.056749025903431956,-0.02408689294432407,0.00042055239577966895,-0.07780728074661748,0.003987904630048237
2022-01-04,8.225496346004019e-05,0.0567579019811634,-0.02408773556203333,0.00042088285280158887,-0.07774554644187522,0.003986589520551706
2022-01-05,8.226546603211975e-05,0.05676444521206064,-0.02408838697391605,0.0004211623552212234,-0.07772773094364739,0.0039850912185872
2022-01-06,8.223972507184742e-05,0.05677902413717044,-0.024089480681643384,0.0004213926679300954,-0.0777379974394745,0.003983227886322003
2022-01-07,8.225257858261217e-05,0.05678978942118949,-0.024090102407277134,0.00042165796492514194,-0.07772064623295741,0.003981908229222444
2022-01-10,8.219728047131027e-05,0.05679993238365921,-0.024091292751123008,0.0004219956868173246,-0.07776834546440421,0.00398062667321031
2022-01-11,8.212405023048572e-05,0.05680787774199568,-0.024092079480438195,0.00042235232103203225,-0.07781341746978089,0.003979343315977023
2022-01-12,8.205707862883271e-05,0.05682138160606122,-0.024092956484324683,0.0004225718656930641,-0.07781554205613693,0.003978668051957484
2022-01-13,8.202028765588123e-05,0.05683343445719628,-0.024093738882983995,0.00042282809676686474,-0.07784291778230906,0.003977082472223176
2022-01-14,8.195689809377648e-05,0.05684632624302767,-0.024094936279263384,0.0004232009375194424,-0.07781956990008566,0.003975042921053549
2022-01-19,8.194781188251213e-05,0.05685706465104037,-0.02409667782355056,0.0004232171152033729,-0.07783935233633876,0.003973011562331115
2022-01-20,8.192583863380563e-05,0.056868690014598454,-0.024098124912002177,0.0004235381751078441,-0.07786801948104408,0.0039707055023077325
2022-01-21,8.186569208500967e-05,0.05687955611491502,-0.02409945651780723,0.000423817167948536,-0.07786199753927027,0.003968923285082908
2022-01-24,8.18285220705757e-05,0.056886852775582857,-0.024100879704727025,0.00042402368999898063,-0.07785549740381245,0.0039683532569833105
2022-01-25,8.188453034355171e-05,0.056893168504519843,-0.024102386671049476,0.0004240764632356916,-0.07785488533071974,0.003966922669065894
2022-01-26,8.178477736091932e-05,0.056910233559928636,-0.024103783516376043,0.00042432001626169214,-0.07786174469985857,0.0039664479521355905
2022-01-27,8.182359461722191e-05,0.05692064966347887,-0.024104698251989024,0.00042455913660164804,-0.07783183807354836,0.003964698100098869
2022-01-28,8.181250763368271e-05,0.056933887162548685,-0.02410550447712881,0.00042456294039150096,-0.07788938083142688,0.0039636370262387125
2022-01-31,8.177730853475544e-05,0.05694550421676775,-0.0241060762681329,0.0004248530139625135,-0.07789582118978787,0.00396213074149279
2022-02-01,8.179381736881023e-05,0.05695990158412691,-0.02410694872860177,0.0004251333863898158,-0.07786430001995108,0.00396083244738707
2022-02-02,8.177630022042251e-05,0.05696864688907191,-0.02410663897389584,0.0004252436425961868,-0.07786115103888132,0.003958759525382572
2022-02-03,8.168571800115095e-05,0.05698385676585051,-0.024107311338287814,0.00042548363861746283,-0.07786693860701656,0.003956954797984251
2022-02-04,8.165789009946021e-05,0.05699974444640038,-0.024108432974743816,0.00042566302182044514,-0.07787249107847838,0.003955591900947146
2022-02-07,8.162248270099185e-05,0.05701316369325338,-0.024109416672638797,0.00042587470655234454,-0.07791316845611043,0.0039545798744658476
2022-02-08,8.166011197864177e-05,0.05702928065475048,-0.024109949265728223,0.0004262068203046699,-0.07789913507939528,0.003953457802854289
2022-02-09,8.169458663845683e-05,0.05704545500515174,-0.024110955109197196,0.00042636463807323285,-0.0778773418614001,0.00395324400905786
2022-02-10,8.166013014597779e-05,0.05705709113451834,-0.024111184470912827,0.00042645433566853365,-0.07790966550390754,0.003950382299576883
2022-02-11,8.160914698444475e-05,0.05706699676467633,-0.024112313882287347,0.0004265429756212009,-0.0778786949922897,0.003950490083407334
2022-02-14,8.161110299752231e-05,0.05707422432713809,-0.024114709048527423,0.00042670631405125034,-0.07794592682529307,0.003949563778940772
2022-02-15,8.154298695466745e-05,0.05708110963410962,-0.02411526310588736,0.0004270572420127406,-0.0779481143366012,0.003947937903336805
2022-02-16,8.151819092072987e-05,0.057095762575842,-0.02411662235501158,0.00042729281512506663,-0.07794082806014369,0.003946765538204268
2022-02-17,8.141179019045916e-05,0.05710858977773271,-0.024118611489452622,0.00042750099764776034,-0.07794079966059905,0.003944355114617641
2022-02-18,8.135685761920842e-05,0.05712226421101271,-0.02411964867498901,0.00042772209401611337,-0.07797544912984211,0.003943069786389731
2022-02-23,8.130077429609008e-05,0.057136545670045905,-0.024121484294303604,0.0004279812521176235,-0.07793962199498436,0.003942454482858161
2022-02-24,8.124276911237885e-05,0.05714908538855001,-0.02412360748266293,0.00042796834176356366,-0.07791693021969287,0.003941156385834972
2022-02-25,8.12006818359906e-05,0.05716484286950681,-0.024124951234882386,0.0004280593003620364,-0.07796399792037342,0.0039392787420349015
2022-02-28,8.119079623007489e-05,0.05717326665278036,-0.02412614949135322,0.0004282455003112783,-0.07799786102617386,0.003938036044010092
2022-03-01,8.116498336705257e-05,0.05718495591360642,-0.024127154218653774,0.0004282905446765722,-0.07800468161485932,0.003935041019798562
2022-03-02,8.112554417658241e-05,0.05719980095853355,-0.02412898712518329,0.0004285332140572087,-0.07799486812219247,0.003933187054077502
2022-03-03,8.111885331466709e-05,0.05721491960350529,-0.024129883447563904,0.00042875700419508264,-0.07804463110100253,0.003931343067821487
2022-03-04,8.114039611939689e-05,0.057223063366754714,-0.02413100675467142,0.0004291233916390235,-0.07805965494947786,0.003930008846228698
2022-03-07,8.108371434949757e-05,0.05723567922317299,-0.024132805106373726,0.00042929964277604133,-0.07807389158564203,0.003928348248686056
2022-03-08,8.10043745745049e-05,0.057254310358646684,-0.024133752219247295,0.00042930803138361694,-0.07807214656959173,0.003927496061616175
2022-03-09,8.097092129049434e-05,0.05726795602654239,-0.02413427843313142,0.0004296452473248513,-0.07803046818297948,0.003926852277920603
2022-03-10,8.093880335474193e-05,0.05727952891931186,-0.024135868837769,0.0004298678743586948,-0.07806253509747119,0.003925387946850918
2022-03-11,8.091061162757253e-05,0.0572868987229492,-0.024138012111940846,0.0004300175059432906,-0.07809695522383196,0.003924403310596292
2022-03-14,8.08789030140265e-05,0.057293063494998075,-0.024139915240091264,0.0004302471331643676,-0.07805165014927948,0.003923553110103138
2022-03-15,8.08710677766147e-05,0.05729746752830128,-0.02414162583658922,0.00043055502933997305,-0.07803619726077854,0.003922476586028685
2022-03-16,8.08072634555863e-05,0.057313786758119226,-0.024143255033150027,0.00043079056047209486,-0.07804592566121896,0.003920989425334126
2022-03-17,8.084428708406973e-05,0.057326167241171025,-0.02414443948444377,0.00043097547657687193,-0.07807837347913381,0.003920835803536068
2022-03-18,8.084851446383375e-05,0.057337751598744845,-0.024145286675421443,0.00043136273283931904,-0.07812114937786883,0.0039201056828489615
2022-03-21,8.088082680813541e-05,0.05734895368750886,-0.024147629790183138,0.0004314597226745628,-0.07819843640739957,0.003918542640696407
2022-03-22,8.082540141048078e-05,0.05736385883166199,-0.024149410483226025,0.00043191285394049905,-0.07818626615078902,0.00391595669655352
2022-03-23,8.079203353269818e-05,0.05737810771292255,-0.02415077184102357,0.00043203775100512264,-0.07818594741888521,0.003914545855489975
2022-03-24,8.074643923001849e-05,0.057390246072895605,-0.024151915700536986,0.00043226091658239403,-0.07823917538808095,0.003912959209513027
2022-03-25,8.075471969226918e-05,0.05740661580205553,-0.024153120567243166,0.0004325345685756003,-0.07824216076454268,0.0039116253959418125
2022-03-28,8.075333515120321e-05,0.05741599198178425,-0.02415465906738419,0.00043264674930427744,-0.07822422229938902,0.003909742976357097
2022-03-29,8.071837261720236e-05,0.057425081730152705,-0.024156404079739572,0.00043283156429269835,-0.07821277320266819,0.003908096575340316
2022-03-30,8.066713548028848e-05,0.0574339533566863,-0.024158666205707564,0.0004329463471502284,-0.07822980780337835,0.003906928921909204
2022-03-31,8.061552204959141e-05,0.05744650590875178,-0.0241598446651654,0.00043306273084561244,-0.07821323948451,0.003905893731556883
2022-04-01,8.061211385533826e-05,0.057463433133230254,-0.024162563062544624,0.0004333725801443325,-0.07818444564982718,0.0039043385755793813
2022-04-04,8.056374236994573e-05,0.05748219878549472,-0.024163897631664995,0.00043349396282066376,-0.0782290843788962,0.0039022735188985083
2022-04-05,8.058284445463866e-05,0.05748960415567491,-0.02416580166481936,0.00043368689161832563,-0.0782062473347062,0.0039002817575899593
2022-04-06,8.049459363241736e-05,0.05750173717562506,-0.02416705975421651,0.0004338980589363585,-0.07824089322731471,0.003898933367650024
2022-04-07,8.050206133914669e-05,0.05750938793156512,-0.02416781154137222,0.0004340686233742229,-0.07822965107146979,0.003898066379289753
2022-04-08,8.046074127397625e-05,0.05751564741292124,-0.02416890262659644,0.00043427830637276724,-0.07824281608984503,0.0038955744292748866
2022-04-11,8.039239185409665e-05,0.05752829609378588,-0.02417070537210293,0.00043433074082541953,-0.07823417755489223,0.00389351361402522
2022-04-12,8.030788160352734e-05,0.05753583635263251,-0.024172407286034914,0.0004345438622107371,-0.07819450177063819,0.0038918069724621735
2022-04-13,8.023645179105966e-05,0.05754855914107482,-0.024174242185447167,0.0004348458269204747,-0.07820063966213084,0.003891530003356709
2022-04-14,8.023488908912683e-05,0.057566289465221555,-0.02417587925903479,0.00043500689501298255,-0.07820383578043413,0.00389053597926867
2022-04-19,8.020439946925571e-05,0.05757448040063147,-0.024177513867170933,0.00043536975941864533,-0.07820720977337507,0.003889773637845867
2022-04-20,8.015409187735477e-05,0.057576449891152626,-0.02417819074661197,0.00043559032169524815,-0.07822158032235177,0.003888571512684065
2022-04-21,8.012957663090499e-05,0.05758625260245616,-0.024179391464456947,0.0004358600591862181,-0.07825854933531626,0.0038870375468645193
2022-04-22,8.00770634569883e-05,0.057588363486537314,-0.024180784349279814,0.00043608404029028824,-0.07824617898221442,0.0038848826812018056
2022-04-25,8.007528930782041e-05,0.05760362230326082,-0.024181953900012466,0.00043606614152483675,-0.078253638047259,0.003883771845026891
2022-04-26,8.009468404498612e-05,0.0576100260582217,-0.024183988718065916,0.00043641853903082117,-0.07826606112862017,0.003881889661252051
2022-04-27,8.009411049540076e-05,0.05762461679290316,-0.024186282782761786,0.0004365339846342058,-0.07821104757249532,0.003881188588302659
2022-04-28,8.008800979537706e-05,0.05763350613824157,-0.02418739713854154,0.00043663074866899954,-0.07818219517716686,0.003880078739813929
2022-04-29,8.01674096085795e-05,0.057646735914065265,-0.024188035127801356,0.00043671075763791517,-0.07819671436568437,0.0038779415906534343
2022-05-02,8.016205932091501e-05,0.05766022178041414,-0.024188448821527462,0.0004368642275693323,-0.0781664512216505,0.0038757920867731766
2022-05-03,8.013930490537933e-05,0.05767047109867346,-0.02418993360269992,0.00043698351119026633,-0.0781610106100917,0.0038742567075367683
2022-05-04,8.011570919972403e-05,0.057678362540749,-0.02419061918787116,0.0004373830715183629,-0.07818598843701306,0.003873655480696269
2022-05-05,8.016315748489775e-05,0.05769765555159283,-0.02419124365641168,0.00043747691164651296,-0.07815486420683514,0.0038722653798135384
2022-05-06,8.015131394972495e-05,0.05770775222931674,-0.024192561751760877,0.00043750382423936074,-0.07816657997152159,0.0038705416370228077
2022-05-09,8.015918838132354e-05,0.05771840880657117,-0.024193973595142887,0.0004377800725911468,-0.07815751453282777,0.003870276134091333
2022-05-10,8.003521589703102e-05,0.05772989693889156,-0.024195243030015873,0.000437893855944849,-0.07816395547818333,0.0038699857496194267
2022-05-11,8.005036746261724e-05,0.05774276090530307,-0.02419665347088693,0.0004381727676618441,-0.07817703226495461,0.0038698537784683175
2022-05-12,8.011851035479518e-05,0.05775055047524933,-0.024197218810581157,0.00043850206491361166,-0.0782129726275122,0.0038682101959743777
2022-05-13,8.010180622678901e-05,0.05776134328399145,-0.024198344689436456,0.00043875600114935416,-0.07818559898651299,0.003867516472054781
2022-05-16,8.008192355797997e-05,0.05778385545664447,-0.024199729789362773,0.00043909806146128036,-0.07815239524199041,0.0038650007168194314
2022-05-17,8.007868038424557e-05,0.05779730576823454,-0.024201233829127037,0.00043924430234576234,-0.07814828421542705,0.0038636443769851274
2022-05-18,8.005041039121032e-05,0.05781231373352548,-0.02420265686681914,0.0004392866996745852,-0.07811847308236258,0.003862946773546304
2022-05-19,8.002008771258537e-05,0.05782052774712681,-0.024204377364102785,0.0004396769629713858,-0.07808326873296799,0.0038609024513905584
2022-05-20,8.009018207909778e-05,0.0578338228818001,-0.024205556352249902,0.00043959884053059405,-0.07808728423076519,0.003858390224750098
2022-05-23,8.008324700469011e-05,0.05784478169665529,-0.02420740961028174,0.0004398274898383892,-0.07812735263588554,0.0038570297612088513
2022-05-24,8.010536118769909e-05,0.05784945418280692,-0.02420841167685269,0.00043985601298202504,-0.07813446288816013,0.0038563255684926313
2022-05-25,8.012081956382648e-05,0.05786307156664447,-0.024211202012219914,0.00044008145064846444,-0.07816996126401311,0.0038551722729496564
2022-05-26,8.012708692440126e-05,0.05787646014553631,-0.02421260532896316,0.0004401596859179317,-0.07817828102237213,0.0038543291306404933
2022-05-27,8.010520047115617e-05,0.05788682585417028,-0.024214259054621615,0.00044025418414545567,-0.07816291592570798,0.0038524714820134926
2022-06-01,8.016617324639754e-05,0.05790302914439983,-0.02421621011698081,0.000440335223763525,-0.0781895428125963,0.003851091145000154
2022-06-02,8.014057506435397e-05,0.057914196895434034,-0.02421713088145671,0.00044046959939670054,-0.07818458957785812,0.0038493901549055253
2022-06-03,8.005944581334113e-05,0.05792191852995178,-0.024218709119408606,0.00044066444708689616,-0.07817086626901992,0.003848321302601325
2022-06-06,8.003004737535202e-05,0.05792961184042806,-0.024220475893989,0.00044085756518409664,-0.0782101449908719,0.003847730629662646
2022-06-07,7.999532342073635e-05,0.05793698881629844,-0.024222299974144566,0.00044115510449786873,-0.07817042757445324,0.0038471589851065023
2022-06-08,7.998674213522364e-05,0.05794979801879814,-0.02422265283713247,0.00044122861885749774,-0.07816566156130536,0.003845595285364261
2022-06-09,7.996555889690365e-05,0.057961704682990126,-0.024224004197950774,0.0004414010163467709,-0.07818119493103394,0.0038438867891999527
2022-06-10,7.997942731715616e-05,0.05796485139191215,-0.024225699548421437,0.0004415677869460329,-0.07818758557071796,0.003842602260521147
2022-06-13,8.000955243571981e-05,0.05798194278046768,-0.02422701575219595,0.0004417922611002772,-0.07820705939266684,0.003841003452013281
2022-06-14,8.005851027574668e-05,0.05799189392924405,-0.024228318676485977,0.00044175670414504096,-0.07817727719306387,0.003838776044715038
2022-06-15,8.007560786530068e-05,0.05800097555722736,-0.024230633066455794,0.00044201493398933044,-0.07807968563888042,0.0038375086841860723
2022-06-16,8.0053408627759e-05,0.05800958873706118,-0.024232882008930645,0.0004422143907495107,-0.07805816461832207,0.0038363774839597345
2022-06-17,8.006680379831415e-05,0.0580135819510291,-0.024234329830235234,0.00044240791536585296,-0.07810329338193665,0.0038348871076955525
2022-06-22,7.998758617437379e-05,0.05802600648774563,-0.024236028636899002,0.00044262024102897566,-0.07811299201566996,0.0038342898733989507
2022-06-23,7.989825986694766e-05,0.058033539754201405,-0.024237373416864025,0.0004427667914763771,-0.07812229564980105,0.0038332205758219414
2022-06-24,7.988303247978817e-05,0.05804245719363589,-0.024238489960183594,0.0004429730643964347,-0.07816922808207943,0.003832222729735892
2022-06-27,7.99466889438114e-05,0.058059010680883996,-0.024239725047586994,0.00044305261504378547,-0.07815323167387758,0.0038305307070762044
2022-06-28,7.989890573661718e-05,0.05807492288603196,-0.024241546845749612,0.0004431092883301663,-0.07816706341441275,0.0038286578719523494
2022-06-29,7.989194996822766e-05,0.0580907266508142,-0.02424295464335599,0.0004433839492243485,-0.07810471646229306,0.003827500844430674
2022-06-30,7.982351159119267e-05,0.05810418411274401,-0.024244584034377188,0.0004437007533313714,-0.07809243238524521,0.003826454908342783
2022-07-01,7.975630893732117e-05,0.058122699171580486,-0.024246394530420583,0.00044398512034871313,-0.07813000189100716,0.0038249251317500014
2022-07-06,7.973498037476803e-05,0.05813467854487395,-0.024247585273192367,0.0004442886198673582,-0.07808441612499648,0.003823119570272858
2022-07-07,7.970410117357961e-05,0.05814617581635265,-0.024247950035248447,0.00044466598269627284,-0.07810672856680709,0.003821390438661117
2022-07-08,7.967229692195342e-05,0.05816852575645335,-0.024249906557199507,0.00044483387280064025,-0.078126690532552,0.003820125750974772
2022-07-11,7.962477888357784e-05,0.05818409018217864,-0.02425174502461376,0.00044519547511780345,-0.07810952968946319,0.0038195548741807605
2022-07-12,7.955119295033691e-05,0.058192239766860804,-0.02425322834506352,0.00044542008987926617,-0.07813615307880462,0.00381807275131864
2022-07-13,7.953637822874901e-05,0.058208246488022974,-0.02425418567283894,0.00044581398481446255,-0.07813474112780314,0.003816825441298644
2022-07-14,7.949967269674678e-05,0.058221604916775915,-0.02425604959037632,0.00044592980060764004,-0.07815844490627692,0.0038153688562128593
2022-07-15,7.951072598398639e-05,0.058232454022167035,-0.0242568738272136,0.0004462186338789844,-0.07812343866834126,0.003813603258546859
2022-07-18,7.951230038653693e-05,0.05824381817225979,-0.024259593281417458,0.0004464633000492977,-0.07807670996872734,0.003810932976162828
2022-07-19,7.951778984761882e-05,0.058258605994897864,-0.024260554969224198,0.0004462358676556058,-0.07813608198850566,0.0038094230041616577
2022-07-20,7.944688178805369e-05,0.05827246560559045,-0.024261132720718812,0.0004465083324284412,-0.0781183307189883,0.0038083842649771766
2022-07-21,7.940297270423038e-05,0.058288257983002606,-0.02426355303539924,0.0004465881379469212,-0.07806539782101093,0.003806914692709544
2022-07-22,7.949110089254356e-05,0.058296716663816736,-0.0242641124459113,0.00044680230398061146,-0.07805302023737161,0.003805511048786232
2022-07-25,7.953966815878597e-05,0.058312689960057756,-0.024265419509994054,0.0004467648201159569,-0.0780103709617466,0.0038043311872861213
2022-07-26,7.955609498421385e-05,0.058324177698377014,-0.024265790352640242,0.00044692682256978117,-0.07794467337758959,0.003802252687744853
2022-07-27,7.951461116496374e-05,0.05834152408329221,-0.02426680334158552,0.0004470370630466852,-0.0779679184482668,0.0038013472043584937
2022-07-28,7.949688155226378e-05,0.05835836040846758,-0.024267576486906438,0.00044715314992625906,-0.07798475095831049,0.0037999367803206435
2022-07-29,7.950307618488791e-05,0.058371078040500735,-0.0242688455566104,0.0004472336785442771,-0.07797176838087802,0.003797739728401307
2022-08-01,7.953651556585331e-05,0.05838578530286588,-0.024270017302778946,0.00044758479191508245,-0.07796850638486849,0.003796082609501771
2022-08-02,7.94836824516506e-05,0.05839969151409156,-0.02427117114125955,0.0004477450805255519,-0.07792617783445614,0.0037943552321704605
2022-08-03,7.943586734110436e-05,0.05841746172941882,-0.024273037467637763,0.0004478644516791529,-0.0778539847077283,0.003792997581613016
2022-08-04,7.946993534865525e-05,0.058428427564680786,-0.02427368104126762,0.000448124536563538,-0.07784650900971311,0.0037904568742157187
2022-08-05,7.950110636725045e-05,0.0584494244228116,-0.024275267067157217,0.0004483947230488738,-0.07782274910298377,0.0037896967639636622
2022-08-08,7.949976866447256e-05,0.05845904578458619,-0.024275918235695252,0.0004484777405655393,-0.07779529264077631,0.003789326772776115
2022-08-09,7.943447061760427e-05,0.058473696523061613,-0.02427739965580971,0.0004487753218762444,-0.0777438202997566,0.0037876263175564626
2022-08-10,7.944626953336682e-05,0.05849091346703538,-0.024278346955395,0.00044895731512067916,-0.07772738171471442,0.0037854070089777332
2022-08-11,7.941544614686625e-05,0.058500995311576875,-0.02427909063236819,0.0004491308258084175,-0.07772983621243565,0.00378359635207369
2022-08-12,7.931364511031321e-05,0.05852216979168462,-0.02427999853424366,0.00044919998244431715,-0.07773916335239149,0.0037817777329409137
2022-08-15,7.926259677473137e-05,0.05852894756418007,-0.024281606481858942,0.00044917236851903914,-0.07771542152091229,0.0037814050685682265
2022-08-16,7.926128864838583e-05,0.058542166550846486,-0.02428244899392018,0.00044939520371861473,-0.07769288364152335,0.003780247145937525
2022-08-17,7.915034317517541e-05,0.05855005710455253,-0.024284284060708733,0.00044945287432456406,-0.07764490054998624,0.0037783302701803498
2022-08-18,7.908443023282581e-05,0.05856217237704594,-0.024286131087596204,0.00044954603261151515,-0.07766087285709505,0.003776445929851072
2022-08-19,7.902069138302536e-05,0.05857694201378354,-0.024287176394474454,0.0004496613104753896,-0.07762701137983916,0.003774375518273222
2022-08-22,7.904604453450463e-05,0.05858360193397572,-0.02428892562161855,0.00045003723098139826,-0.07764476726769633,0.003772740533159869
2022-08-23,7.907350827368733e-05,0.05859337582057042,-0.024290681884016698,0.0004503431861344842,-0.07765345671265667,0.003770846716881442
2022-08-24,7.90367408746165e-05,0.05861131905728237,-0.024291632597467135,0.00045051102264507224,-0.0777229365256322,0.0037691909624435324
2022-08-25,7.902441340518772e-05,0.05862744410463857,-0.02429273423807753,0.00045072826148545304,-0.07770793222322997,0.003768181428816753
2022-08-26,7.901130248780117e-05,0.058644035601498334,-0.02429421776712021,0.0004509641375017076,-0.07764479335988214,0.0037669952803904097
2022-08-29,7.89770841252642e-05,0.05865449572290864,-0.024295891866110284,0.00045119918793298753,-0.07760341676143427,0.003765644601845117
2022-08-30,7.897550538292752e-05,0.05866959775953858,-0.02429732005712292,0.00045127147187665347,-0.07759008245328423,0.003763681237656531
2022-08-31,7.897577024735064e-05,0.058682495515020014,-0.024299795447935466,0.00045137656300311296,-0.07754505774888194,0.003762001079768704
2022-09-01,7.893748374707874e-05,0.05869562126597774,-0.024301467764095686,0.0004514839493632212,-0.07754559351897265,0.0037607430754024755
2022-09-02,7.889657504558141e-05,0.058709019132097646,-0.024300984106160536,0.0004514843225938818,-0.07751681248840026,0.003758323258638927
2022-09-07,7.888896150345825e-05,0.05871490239181079,-0.02430143499396849,0.00045178400640604377,-0.07750498968568287,0.0037556277211370005
2022-09-08,7.883156812376853e-05,0.058729653987248345,-0.02430210985016013,0.00045196747624037396,-0.07749237772153095,0.003753765715689614
2022-09-09,7.884106571543148e-05,0.0587426928988988,-0.02430251022561753,0.00045207827841772406,-0.07746386070785224,0.0037526965445317854
2022-09-12,7.884414209874327e-05,0.05875245011750013,-0.024302819901646042,0.000452234681370961,-0.07747085692352237,0.00375098372120082
2022-09-13,7.877383548717449e-05,0.05876565936667853,-0.024304738902521494,0.00045249669046058095,-0.07750787714873177,0.0037492593213971164
2022-09-14,7.871896314633805e-05,0.05877315044687808,-0.024305672007293375,0.0004527476745331856,-0.07747472923261461,0.00374866988367506
2022-09-15,7.867908325955754e-05,0.058784895157665065,-0.024307110982040137,0.0004529382728411195,-0.07750413416266559,0.0037463945822812754
2022-09-16,7.866259965740584e-05,0.05879836406033371,-0.024307237158624397,0.0004528794636169001,-0.07752386246995188,0.003745494995062212
2022-09-19,7.86518331702224e-05,0.05880580740469793,-0.024308584512562813,0.00045300688629220797,-0.07753500167451426,0.0037445052470558684
2022-09-20,7.860389206664236e-05,0.058814077057426375,-0.024309657692667127,0.00045313182257443447,-0.07752197633080915,0.0037430729717673884
2022-09-21,7.863372823989359e-05,0.05883157791074964,-0.024310932426074787,0.00045337784574641434,-0.07752231621803991,0.003741613905861865
2022-09-22,7.86352463015236e-05,0.058844393437973715,-0.024313256402178424,0.00045365162898753037,-0.07749715136443597,0.0037406908605918327
2022-09-23,7.859486988837722e-05,0.058855188140964715,-0.02431438360279842,0.00045376735203785383,-0.0774534751640273,0.003739085512746331
2022-09-26,7.865867431451497e-05,0.05886120481282061,-0.02431636756493548,0.00045404740063409693,-0.07742705225945284,0.00373803803831083
2022-09-27,7.861405808890453e-05,0.0588741276772089,-0.02431758968415295,0.00045409373781339006,-0.07744886592339349,0.003737415070289134
2022-09-28,7.865109498144151e-05,0.0588835680689713,-0.02431893100692641,0.00045410806275666347,-0.07742478553076461,0.0037353692060259065
2022-09-29,7.86073417020455e-05,0.05889529305236746,-0.024320452850124335,0.00045426535753399495,-0.07740598126980669,0.003734024469085653
2022-09-30,7.863178137539019e-05,0.058905055237795864,-0.024320941557739634,0.00045451082199441945,-0.0773996413024899,0.0037318056620498983
2022-10-03,7.864513014247922e-05,0.05891610152621428,-0.02432165912394344,0.00045457546692537687,-0.07737883131575848,0.0037296570115563266
2022-10-04,7.869390490081738e-05,0.058926708236796826,-0.024322243757016082,0.00045456692400600696,-0.07737520941611073,0.0037282840023354453
2022-10-05,7.866600574206293e-05,0.058937639892736045,-0.024323209521050503,0.0004546590627441491,-0.07738446358309031,0.0037271176244879534
2022-10-06,7.86490945373773e-05,0.05894222478901297,-0.02432435163502108,0.00045509027718380895,-0.07737310492394756,0.0037258436037906125
2022-10-07,7.869626672603567e-05,0.05894458451651251,-0.024325338400968625,0.00045532036750359933,-0.07739490732269068,0.0037243506246378484
2022-10-12,7.868022679603657e-05,0.05894874407285951,-0.024326779100335125,0.0004553012682728029,-0.07741466646936952,0.003723345824360908
2022-10-13,7.867620502648086e-05,0.058958813809589665,-0.024327644087877243,0.0004554019405273588,-0.07741576157353908,0.003722611746094387
2022-10-14,7.867998064958845e-05,0.05896686573995877,-0.024328104790179685,0.0004556535352840627,-0.0774069321250552,0.003720745803972317
2022-10-17,7.864224113196345e-05,0.05897341721212952,-0.024329168663034206,0.000455844306969665,-0.07744062794159866,0.0037196999699304987
2022-10-18,7.856860760800926e-05,0.058986825587245995,-0.024330369623042566,0.00045587537089653723,-0.07739736662685569,0.0037181632752355006
2022-10-19,7.85491601165478e-05,0.05899695143606558,-0.024331419609614685,0.0004560341337636421,-0.07737832217865626,0.0037163348820892952
2022-10-20,7.844481104087164e-05,0.059008415799206695,-0.024332314344197636,0.00045611693900162234,-0.07732832043378508,0.003714533380103226
2022-10-21,7.850622877079531e-05,0.05901710228662265,-0.024333407685973998,0.0004562714917688702,-0.07732563155220032,0.0037139671251057186
2022-10-24,7.849990320051641e-05,0.05902194390740169,-0.02433343695340155,0.0004564785231619408,-0.07732576814333482,0.003713872558524179
2022-10-25,7.83688999140145e-05,0.05902583515925816,-0.02433546391882603,0.0004568001950027147,-0.07731872769216,0.003712266267476197
2022-10-26,7.840396889242877e-05,0.059031623935855204,-0.02433585940338571,0.0004571263766303424,-0.07732763466067075,0.0037108656828352886
2022-10-27,7.833784517147459e-05,0.05904901540858337,-0.024336330276359598,0.00045730734408875836,-0.07730972985470551,0.0037096029909936784
2022-10-28,7.833070935670542e-05,0.05906026290764649,-0.02433697598359828,0.00045743500604307334,-0.07735689445945135,0.0037086867768065758
2022-10-31,7.822212876156896e-05,0.05907249223955209,-0.02433765263338483,0.0004575476158907561,-0.07730268817908267,0.003707576320877915
2022-11-01,7.82305103338433e-05,0.05908678437858924,-0.02433866397969395,0.00045767775435859076,-0.07727711638786036,0.0037057395911837755
2022-11-02,7.818213656154825e-05,0.05909863512247385,-0.02434066813930476,0.00045799968370850675,-0.07729803764744037,0.0037037540220295033
2022-11-03,7.823968054503772e-05,0.05911003423772617,-0.02434242412768603,0.00045817800551750464,-0.07727932746426354,0.003702294331219852
2022-11-04,7.823821743955542e-05,0.0591194144053563,-0.024343552850747678,0.0004583304582578008,-0.07723205065944258,0.0037006604997853803
2022-11-07,7.822834151508353e-05,0.059123505377063366,-0.02434551545147946,0.00045845754375320685,-0.07726916322659186,0.0036999681335277996
2022-11-08,7.822836111770293e-05,0.059130532909848155,-0.024346835067910404,0.0004585845055891085,-0.07727350811605867,0.003699826893772733
2022-11-09,7.812305353695083e-05,0.05913617374322419,-0.02434791404434072,0.0004585791034455206,-0.07725651412885576,0.0036977069331769574
2022-11-10,7.806822557947719e-05,0.05914296671165546,-0.02434924595885768,0.0004587978555508689,-0.07729179044354748,0.00369608118168737
2022-11-15,7.804568510007655e-05,0.059152961317358956,-0.02434970897045753,0.0004589634949378114,-0.07725535980888529,0.003695986281065861
2022-11-16,7.801434536474692e-05,0.059162505266575675,-0.02434958004093201,0.0004592503433489118,-0.07722561683224465,0.0036945823994116835
2022-11-17,7.796636720927311e-05,0.05917449708844819,-0.024349761260183587,0.0004595467195568998,-0.07718218055953413,0.003694120106691845
2022-11-18,7.796005132690951e-05,0.05917982845096015,-0.024350285732886175,0.00045978574549987515,-0.0771808366129187,0.0036928866601214907
2022-11-21,7.801397382782463e-05,0.059186412225438696,-0.02435039706398031,0.0004599126148484997,-0.07709453675859118,0.003690887317100983
2022-11-22,7.791723152139261e-05,0.0591912488112204,-0.024350844810154343,0.00046018873912231516,-0.07707047961172753,0.0036897017108455644
2022-11-23,7.7940365608281e-05,0.05920184344539339,-0.024352450615962997,0.00046032370467968505,-0.07706107058600938,0.0036882029031919117
2022-11-28,7.795354008178636e-05,0.05921242589453124,-0.024353061666718648,0.000460421506845637,-0.07707604943270284,0.0036865535317875437
2022-11-29,7.799916419192061e-05,0.05921897627196382,-0.024353454271369743,0.0004606559648002986,-0.0770548384747094,0.0036853050260662627
2022-11-30,7.804308057245647e-05,0.05922625573878603,-0.024354136888459478,0.00046084251342657766,-0.07706422291579941,0.0036842350999835016
2022-12-01,7.803856300980315e-05,0.059235727308699,-0.024354919878095373,0.00046085023872289514,-0.07702094463085264,0.0036831756055306086
2022-12-02,7.793796766709325e-05,0.059238551565403474,-0.024356380446567946,0.0004609477009038931,-0.07701542352419863,0.003680262001150282
2022-12-05,7.791451054841652e-05,0.05924482209633719,-0.024356108712304668,0.00046102707291850113,-0.07703403978262621,0.003678699179833942
2022-12-06,7.78250601852868e-05,0.059249371031369784,-0.024357719803698545,0.00046127116228504247,-0.07698183840303821,0.00367820137192672
2022-12-07,7.774807188694669e-05,0.05925648036265554,-0.024359026632967393,0.00046157275526780494,-0.07699002721742043,0.0036778143052458587
2022-12-08,7.77746977352201e-05,0.05926232516357398,-0.024358544362502732,0.00046168000611139536,-0.07700201067258644,0.0036769299205969756
2022-12-09,7.784462040013633e-05,0.05926816714175,-0.024358641997564302,0.0004618985678971748,-0.07701500565088126,0.0036747558623352176
2022-12-12,7.788295300099283e-05,0.05927294051338637,-0.024359181780495964,0.0004620986311017419,-0.07702816299177125,0.0036732853177164596
2022-12-13,7.784029614258607e-05,0.059271637933752785,-0.02436066828372284,0.00046230325475990854,-0.07700709026517628,0.003672437157315322
2022-12-14,7.789834498873767e-05,0.059286883994863225,-0.02436133951202124,0.00046249827067388157,-0.07701720945962641,0.0036708133059903418
2022-12-15,7.790711990129698e-05,0.05929946738167638,-0.024362203924530985,0.0004627318110608686,-0.07704545294756546,0.0036700286206766135
2022-12-16,7.790331609204722e-05,0.05930392647997014,-0.024362805003851302,0.00046298133463756473,-0.07705272488335131,0.0036692755253538373
2022-12-19,7.788811538095786e-05,0.05930195418455016,-0.024362878695574897,0.00046318420511461166,-0.07707680134588044,0.003667763516799277
2022-12-20,7.785748254636999e-05,0.05930853737644501,-0.024363549612071777,0.0004633982140116599,-0.07711585030701679,0.0036668621741875866
2022-12-21,7.786555065611883e-05,0.05931306833643718,-0.024364735760091804,0.00046363674250136347,-0.07711799256729875,0.0036658562089424886
2022-12-22,7.784625171578186e-05,0.05931800212854153,-0.02436535498217399,0.000463653984713337,-0.07709489142764166,0.003664697253553256
2022-12-23,7.78006963776784e-05,0.059331233140224635,-0.024366241542926128,0.0004636953894377098,-0.07704899903636964,0.0036629633462894554
2022-12-28,7.773244848049218e-05,0.05934292103290792,-0.024367763518415818,0.00046400831129018137,-0.07702963614452407,0.0036617919981849893
2022-12-29,7.769869476870244e-05,0.059341333802549176,-0.024369304300767933,0.00046405769213321395,-0.0770322905561458,0.0036599864241726706
2022-12-30,7.768389927512177e-05,0.05934771475854875,-0.024369201289389703,0.0004641868703946653,-0.077002589272477,0.0036580364800012912
2023-01-04,7.770070112779557e-05,0.05935604324249048,-0.02436976609985254,0.00046435511497654755,-0.07694529517320307,0.0036574188486520284
2023-01-05,7.774645128315753e-05,0.05936577208323542,-0.024370712299945654,0.0004641954448844002,-0.07693470250153864,0.003656494012882836
2023-01-06,7.777199299635131e-05,0.05937038914340423,-0.024370368622257728,0.00046431831508793276,-0.07695543969181848,0.0036557105656459267
2023-01-09,7.769922849579904e-05,0.05937653283089625,-0.024370481543831844,0.0004646260408995485,-0.07694618438927908,0.0036558225128158228
2023-01-10,7.764352890731205e-05,0.05938225444261132,-0.02437160079665268,0.0004648400121472165,-0.07694679591162257,0.0036564298217218543
2023-01-11,7.764698343339407e-05,0.05938381675545402,-0.024373385445181382,0.000464894889286913,-0.07692892537187943,0.0036558298190970968
2023-01-12,7.765269969488254e-05,0.05939334873349897,-0.024373382361135492,0.00046516645471145315,-0.07691812993089525,0.0036545996315423927
2023-01-13,7.764629245450241e-05,0.05939697735224839,-0.02437395369154877,0.00046522389778183614,-0.07693340018638982,0.003652458050768997
2023-01-18,7.762096190166191e-05,0.0594006897439268,-0.024374697509920388,0.0004654013665047054,-0.07690198884489982,0.003649719919798251
2023-01-19,7.754002778232926e-05,0.05940357005330332,-0.024375854320209247,0.00046547054380252943,-0.07687522226030953,0.003649098108259088
2023-01-20,7.752769804884117e-05,0.05940850618803245,-0.02437586247237321,0.0004655413241085933,-0.07687121227278663,0.003646824595418069
2023-01-23,7.749655496248716e-05,0.059417891567656214,-0.024375898555356688,0.00046568138158891136,-0.07683648790030666,0.003645384838595502
2023-01-24,7.753071658517138e-05,0.059426528199166925,-0.024377056976077685,0.00046590569063297243,-0.07684373749444807,0.0036445536538759087
2023-01-25,7.751837635879444e-05,0.05943135534641246,-0.02437831539620566,0.00046622245464387395,-0.07684936613105478,0.0036424052487669984
2023-01-26,7.751915797472383e-05,0.0594356670924745,-0.024378742828621888,0.00046640071886690595,-0.07689136865138974,0.0036417839591843678
2023-01-27,7.753530881117505e-05,0.05943536808171677,-0.024380249512866305,0.00046647617510347736,-0.07685744744254921,0.0036411808592623795
2023-01-30,7.752755891901248e-05,0.05943806988049784,-0.024380737589713583,0.0004667817279982639,-0.07681600353372006,0.0036392396678473554
2023-01-31,7.752295984193523e-05,0.05944320232143693,-0.024380876092447316,0.0004668886473424953,-0.07681947364441445,0.003638969836347599
2023-02-01,7.745637966022596e-05,0.05944678682672504,-0.024381245479430245,0.0004669528979102656,-0.07681656474580556,0.003637030426861319
2023-02-02,7.742318484917371e-05,0.05945969566533775,-0.024381239380642246,0.0004671523644351667,-0.07676916812456702,0.0036365432997012997
2023-02-03,7.739704279605779e-05,0.05946088638424926,-0.024381775525200843,0.00046726744645686106,-0.07672440595966919,0.003636006721299475
2023-02-06,7.73797839583315e-05,0.059471126150637765,-0.024383004062950724,0.0004676132787724298,-0.07676173345112036,0.0036344362598592196
2023-02-07,7.746705942613821e-05,0.059472550042381125,-0.02438293368502484,0.0004677484992020492,-0.07672832862884278,0.0036341593824203836
2023-02-08,7.744035795375963e-05,0.0594814056529375,-0.02438375849842589,0.0004680042401788941,-0.07671442709778725,0.0036324231559518617
2023-02-09,7.740614855193479e-05,0.05949185807306709,-0.024384797705847543,0.00046810000667872435,-0.07669752432945548,0.003631684205560195
2023-02-10,7.737819947547505e-05,0.05949906455530142,-0.024384044923018905,0.00046827500686597164,-0.07674091346866808,0.0036309450172603633
2023-02-13,7.732598195235265e-05,0.059507746081555055,-0.02438426565692156,0.0004684128957458524,-0.07669298918493932,0.003630069513381331
2023-02-14,7.732396489455627e-05,0.05951392283893352,-0.024384790697276636,0.0004685519779112882,-0.07670909424021272,0.0036289165976234393
2023-02-15,7.730554763692458e-05,0.05952056551695167,-0.024385053119653884,0.00046860422765313854,-0.07671722967987468,0.003627240943706896
2023-02-16,7.731368707683414e-05,0.05952048239721574,-0.024384584209533197,0.00046868716784272596,-0.07669376346335567,0.0036264903524717293
2023-02-17,7.724967139351806e-05,0.05953394894806506,-0.024385073067011785,0.00046882945669549537,-0.07667451951733349,0.003625505161390029
2023-02-22,7.720025296655763e-05,0.059537981298041075,-0.024386319414882635,0.00046907001373077935,-0.07670213386737698,0.0036237880141958144
2023-02-23,7.721926845533519e-05,0.05954481250548706,-0.024386437641298043,0.0004693627148297726,-0.07666567382177429,0.0036227207228324045
2023-02-24,7.715935398287167e-05,0.05955145566286188,-0.024386603050030858,0.0004697423638801217,-0.07665839068903382,0.003621721201308203
2023-02-27,7.711737699008039e-05,0.05955019094143027,-0.02438717122523869,0.0004699272966060011,-0.0766225803215049,0.0036193726975294197
2023-02-28,7.711031673485022e-05,0.05955669576925347,-0.02438823610489091,0.0004699635295822561,-0.07661795770304063,0.003617538535311415
2023-03-01,7.713154058852595e-05,0.05956424710753892,-0.024388575313142168,0.00047026629137276316,-0.07658319582448109,0.0036161404906740234
2023-03-02,7.704822829293836e-05,0.05957471831399712,-0.024388992444939323,0.00047055479801259706,-0.07658725371062067,0.0036141876633858767
2023-03-03,7.700154431645568e-05,0.05958117537967871,-0.024390068324007422,0.00047062860948373806,-0.07659425755913295,0.003612771482026372
2023-03-06,7.69882825819612e-05,0.05958333476654247,-0.024391046781446626,0.00047070388104015045,-0.07659859586133422,0.00361215335235183
2023-03-07,7.69375558093461e-05,0.059585404422672725,-0.024390389277338043,0.0004708066810352844,-0.07661430079260322,0.003611950607141682
2023-03-08,7.695777869394815e-05,0.059592692016632316,-0.024390946452594417,0.0004708777452337345,-0.07659505195430592,0.003611948100028933
2023-03-09,7.693262260394976e-05,0.059605873757622,-0.024391256367223633,0.0004710341364088552,-0.0766079878611481,0.0036111787444352227
2023-03-10,7.69073705565459e-05,0.05960849836802588,-0.024391790616629414,0.0004710200630514608,-0.0766298093528946,0.003609300733683386
2023-03-13,7.688817850633092e-05,0.05960743063166106,-0.024391926548735048,0.0004711028188805357,-0.07657777979075875,0.0036065114757356876
2023-03-14,7.684598719226443e-05,0.05961082251163475,-0.02439176995026551,0.000471339578343977,-0.07665647850085118,0.0036052513842417706
2023-03-15,7.680337668576619e-05,0.05962181080600881,-0.024392617870359404,0.00047136028300768856,-0.07659460741912208,0.0036041781319673576
2023-03-16,7.679619305210126e-05,0.059626550616129106,-0.024393922601075306,0.0004716410310036306,-0.07656350237762527,0.003603314188754794
2023-03-17,7.679290976564247e-05,0.05962677496338879,-0.024395075507583432,0.0004718473344823938,-0.07654235867773912,0.003603280575609698
2023-03-20,7.682053911600061e-05,0.05962979510950176,-0.02439507464500754,0.00047208750542237,-0.07650961667964407,0.0036021848052082387
2023-03-21,7.682585438130359e-05,0.05963506605295221,-0.02439552333865616,0.00047229749524161496,-0.07647066675673167,0.003601147142378744
2023-03-22,7.67842570469549e-05,0.059642314863820926,-0.02439557238955363,0.0004723538645971301,-0.0764820941793992,0.00360046896703766
2023-03-23,7.674798603803016e-05,0.05964757563838257,-0.024395620555909884,0.00047246648568148705,-0.07651250248053759,0.0035991405732243307
2023-03-24,7.678607048060426e-05,0.05965556931281874,-0.024397641019174274,0.00047277262478407104,-0.07652255303621648,0.003598593790471261
2023-03-27,7.677253466374354e-05,0.059659651982129996,-0.024398217692563676,0.00047311997866399087,-0.07653006799669557,0.0035981007644425513
2023-03-28,7.676858405237323e-05,0.05967057408351837,-0.02439864122954331,0.0004733112228544041,-0.0765015680037148,0.0035967340285011466
2023-03-29,7.672969805395641e-05,0.05967418578787981,-0.024398505845623683,0.0004734592329313133,-0.07650183095944019,0.0035957964173647765
2023-03-30,7.669672897114117e-05,0.05967909453791795,-0.024398156494652868,0.0004736839790553687,-0.07643766699251314,0.0035944433391293523
2023-03-31,7.672520431605399e-05,0.059686402640153305,-0.024397326319483204,0.00047401147057118,-0.07645025444412944,0.003594725454171826
2023-04-03,7.668242931046445e-05,0.059690802692375707,-0.02439778982238572,0.00047429185892495466,-0.07643220114699033,0.0035937111697373764
2023-04-04,7.678270343880965e-05,0.0596918930339806,-0.024397877424828546,0.00047453400597036714,-0.07645266006307447,0.0035932538327021184
2023-04-05,7.679121190288667e-05,0.0596964006322985,-0.024399137913770574,0.00047465401215870875,-0.07641870401168423,0.0035909857737560285
2023-04-06,7.6702514062018e-05,0.05970028266436179,-0.024399377751010577,0.00047476821674304124,-0.07641832078765937,0.003589871672792476
2023-04-11,7.671070917246836e-05,0.059708407081079065,-0.024398866093748747,0.000475063192171427,-0.07644334569758157,0.0035891392139269403
2023-04-12,7.663965206483844e-05,0.05970936017467867,-0.024398906127090912,0.0004753894928869512,-0.07643045442142152,0.0035880511916064495
2023-04-13,7.663205012711994e-05,0.05971764772777315,-0.024399543788697596,0.0004757982269487143,-0.07645082217081368,0.0035860838694272575
2023-04-14,7.65468208682142e-05,0.0597211991341564,-0.024399833428219695,0.0004760444809760895,-0.07641062456774173,0.0035843224254307636
2023-04-17,7.6437126243159e-05,0.059727342623939195,-0.02440043649315832,0.0004762112647067961,-0.07638357090685552,0.0035827548744226776
2023-04-18,7.640745979208206e-05,0.05973458568914603,-0.024400571076373587,0.00047642815122603363,-0.07639311167785653,0.003582063813409702
2023-04-19,7.640241231551329e-05,0.05974056307153554,-0.02440120631477935,0.00047668991165235054,-0.0764065369215271,0.003580532292312216
2023-04-20,7.645867166101457e-05,0.059746570267688266,-0.02440106983334573,0.00047686099872443666,-0.07634807696777461,0.003579532498174657
2023-04-21,7.640231125314128e-05,0.059753844131728726,-0.024401401917882946,0.00047692804583080703,-0.07632836597584228,0.0035781941104147934
2023-04-24,7.625856369566746e-05,0.059760095939005956,-0.02440081449715713,0.0004769507978111978,-0.07630951715029419,0.0035765358676368387
2023-04-25,7.616998406771948e-05,0.05975958679881728,-0.024401467202452464,0.0004770627602037412,-0.0762700272193369,0.003575348246121028
2023-04-26,7.614680057636586e-05,0.05976251021379899,-0.024402296062697275,0.00047700672133293976,-0.07628850355754825,0.0035745663327031857
2023-04-27,7.605844206670683e-05,0.059766646364453724,-0.024402418453630583,0.0004772307325461968,-0.07627899460054288,0.003573604846496865
2023-04-28,7.606838652908976e-05,0.05976871374621634,-0.024402735638987746,0.0004774138664717649,-0.0762996112729553,0.003572126374780851
2023-05-01,7.606206779130626e-05,0.05977679104491872,-0.024403368871099403,0.0004775242302728788,-0.07624786548391617,0.003571384173282072
2023-05-02,7.597270014692433e-05,0.059780278780300414,-0.024404125991618442,0.00047757263484688887,-0.07624452992878404,0.0035705629029920086
2023-05-03,7.597488862484382e-05,0.05979158483029748,-0.024404254661993106,0.0004776744754976709,-0.07621484317387113,0.003570052919602207
2023-05-04,7.58813980749669e-05,0.05979713621621295,-0.02440374394099848,0.0004777765984483046,-0.0762137211152572,0.0035689796202045855
2023-05-05,7.581615094986417e-05,0.059800165442697215,-0.0244035377915836,0.00047790759997423177,-0.07623012059653919,0.0035672196987994844
2023-05-08,7.58016154988953e-05,0.05980047614981051,-0.024403445241810044,0.0004782366993930207,-0.07614479790213456,0.0035658920273615876
2023-05-09,7.574132176723129e-05,0.05980366224047357,-0.024403254635217277,0.0004784383914485206,-0.07615511528213717,0.003564604863590632
2023-05-10,7.57442139040995e-05,0.059812551321900054,-0.024404206553322448,0.00047860786663171147,-0.07612136950792338,0.003564971086513713
2023-05-11,7.570418513136692e-05,0.05981453110668423,-0.02440497696327093,0.0004785227384065939,-0.07616215536460157,0.0035647893751229462
2023-05-12,7.567752736635797e-05,0.059823582978695306,-0.02440624460613359,0.0004786651128539731,-0.07613537879499466,0.003563461428787298
2023-05-15,7.566993140780445e-05,0.05983012792867025,-0.02440641409509721,0.00047875318567264864,-0.07608229001047646,0.00356212631134285
2023-05-16,7.571054793227821e-05,0.05984073105652442,-0.02440722319716342,0.0004789197548235384,-0.0761090986693064,0.0035610703559875176
2023-05-17,7.566067900131118e-05,0.05984962433197277,-0.02440804498922599,0.00047912732936765444,-0.07615883288366485,0.003560044021380293
2023-05-18,7.562335891522392e-05,0.059858178036266765,-0.02440862488061977,0.0004792086397576783,-0.07617795092011413,0.0035592456148099355
2023-05-19,7.562199565706798e-05,0.05986345776913164,-0.02440932536677937,0.0004792784838770149,-0.07616519421426156,0.003558071382530364
2023-05-22,7.5645372862589e-05,0.059869774388570315,-0.02440863028252091,0.0004794556191925315,-0.07612541010572407,0.00355616266267447
2023-05-23,7.560006416339199e-05,0.05987621787541804,-0.024408989972024047,0.00047966140317430827,-0.07607936477847921,0.003556276735251763
2023-05-24,7.565324444428173e-05,0.05988496597664868,-0.024409547010601145,0.00047998512883651377,-0.07607772328582194,0.003553790863872929
2023-05-25,7.560970670810836e-05,0.05988782510352071,-0.02440997395982853,0.00047994638921536954,-0.07606175730974724,0.003553059090515148
2023-05-26,7.56553049584741e-05,0.05989130209071938,-0.024409803178626756,0.00048000075440976145,-0.07606862405882343,0.003551713121868595
2023-05-31,7.566592870807221e-05,0.05990263467489029,-0.024410462323195943,0.00048015607505112913,-0.0760177499355036,0.0035509725489840283
2023-06-01,7.572824394829377e-05,0.05991237205805256,-0.02440986317037936,0.0004802690386832868,-0.07603494586345831,0.003549570809064439
2023-06-02,7.568063848387162e-05,0.059915895166094454,-0.024410382730138343,0.00048012468538056465,-0.07603271764379103,0.0035482547317070164
2023-06-05,7.559482783734438e-05,0.059921371954309285,-0.02441094145108395,0.00048026663563859354,-0.07602344749610583,0.0035478366432451
2023-06-06,7.55607041517058e-05,0.05992494122543314,-0.024412215222443672,0.00048056907453818094,-0.07605112970179934,0.003547568698038136
2023-06-07,7.560605379314636e-05,0.05993074657747441,-0.02441300823896525,0.00048079460542614367,-0.07606917952236787,0.003546671571115043
2023-06-08,7.568792281658131e-05,0.059934350494441666,-0.024413369453476223,0.00048076328935045575,-0.07609110040526372,0.0035444299330452027
2023-06-09,7.571667028204014e-05,0.05993825055795578,-0.024413627317487765,0.00048085194580899614,-0.07612710476383185,0.0035428138553753865
2023-06-12,7.572788646324197e-05,0.05994260549654347,-0.02441419311052333,0.00048098809608890486,-0.07614695761033671,0.0035410752765047382
2023-06-13,7.578146730813506e-05,0.05994886223500833,-0.02441452586099935,0.00048123646301767293,-0.07612457412486122,0.003540326866325264
2023-06-14,7.57377448782763e-05,0.05996026921402442,-0.024415466288484483,0.0004814051149066791,-0.0761436060615979,0.0035391295959385917
2023-06-15,7.563474787517145e-05,0.05996133781155605,-0.024416594642416866,0.00048146446481222844,-0.076133056965563,0.003538390642823847
2023-06-16,7.561047266641363e-05,0.059966506212582385,-0.024417010356634346,0.000481713991419966,-0.07611415575010433,0.003538255716585456
2023-06-21,7.558359008300504e-05,0.05997468241231907,-0.024418619121714447,0.00048187085974890425,-0.07608448621345629,0.0035379392503836907
2023-06-22,7.565177274387639e-05,0.05997554920202461,-0.02441943497147469,0.00048194744068058646,-0.0760774307691189,0.0035370664467361474
2023-06-23,7.56115553239808e-05,0.05998492234260419,-0.024421148602873376,0.0004822485248505927,-0.07605342612405924,0.0035370875486685034
2023-06-26,7.56105074017172e-05,0.05998521936723586,-0.024421855873534126,0.00048229789980656847,-0.07606520382868559,0.0035358343503092402
2023-06-27,7.550364801532086e-05,0.059987710424308636,-0.024422664785240352,0.00048235719532798446,-0.07604549648800406,0.0035367404991218363
2023-06-28,7.545750937273997e-05,0.05999042903966194,-0.024423474813893564,0.0004824893582893797,-0.07601986726739128,0.003536066433843489
2023-06-29,7.541420532698684e-05,0.06000106293203494,-0.024424052029434814,0.0004825724366322323,-0.07600693280428812,0.003535036644119801
2023-06-30,7.532759829458283e-05,0.06000941065368175,-0.024424290778735817,0.0004826980565077624,-0.076009195343381,0.0035352008525120927
2023-07-03,7.533080756481675e-05,0.060023221597238864,-0.024425324426440687,0.0004829218372746746,-0.07602915994047933,0.003533746434725279
2023-07-06,7.523265489872062e-05,0.06003423386002839,-0.024426336370008978,0.0004828455664458005,-0.07600853168057731,0.0035319274490318736
2023-07-07,7.513937708877983e-05,0.06003748798529945,-0.024427785691251425,0.00048292698085090533,-0.07602912501564635,0.003532064823069951
2023-07-10,7.503757909741849e-05,0.0600447765470589,-0.024428208092331767,0.00048311232641755635,-0.07603566391892881,0.0035324514622408877
2023-07-11,7.494280822386914e-05,0.060045220879287264,-0.024428783001705492,0.00048325665347349835,-0.07604341345340447,0.003531937087287954
2023-07-12,7.485776751000303e-05,0.060052894409454924,-0.024429526163667302,0.00048349716853903705,-0.07603438856461986,0.0035311919128416876
2023-07-13,7.479921758017187e-05,0.06005621596577515,-0.024429943991078167,0.000483894663248524,-0.07608899342626656,0.0035309930745140144
2023-07-14,7.477173074720914e-05,0.060057864127115404,-0.02443048081205851,0.0004841274925787936,-0.07611780442202304,0.0035299143814779385
2023-07-17,7.474041945882273e-05,0.060055533422242055,-0.02443160023504507,0.00048427806934404194,-0.07610281124657532,0.003530304700069038
2023-07-18,7.468825948287204e-05,0.060057149699955126,-0.024432466953583483,0.00048456979738709593,-0.07610497532370598,0.003531122210591676
2023-07-19,7.467490459127307e-05,0.06006281453966284,-0.02443258271407025,0.0004846948960616685,-0.0761108432038978,0.0035310143308805004
2023-07-20,7.461710835773328e-05,0.0600616495866392,-0.02443313718530623,0.0004849704409754911,-0.07610884046754876,0.0035305419605997086
2023-07-21,7.458317968587043e-05,0.06006725146669206,-0.02443336258181711,0.00048511714497275306,-0.0760596592793494,0.0035299668028797348
2023-07-24,7.457051961514506e-05,0.06006225688358803,-0.024433113035578182,0.00048523658147521065,-0.07603434869198052,0.0035296284670719774
2023-07-25,7.4490248473182e-05,0.060073276433393503,-0.024434616455383574,0.00048535524003876304,-0.07599998647819636,0.0035276499520825767
2023-07-26,7.443036318485092e-05,0.06007410395127315,-0.024435263676979097,0.000485468904014228,-0.07606630165953673,0.00352825221154379
2023-07-27,7.434729376033782e-05,0.06008293325801144,-0.024435464471516434,0.00048554661904544793,-0.07612912769873904,0.003526800456001927
2023-07-28,7.432685740270215e-05,0.06008910687838064,-0.024435677489456763,0.00048564493566324125,-0.07610381474089878,0.003526799600167813
2023-07-31,7.431254139661183e-05,0.06009136838262431,-0.02443601259613129,0.00048576886361384366,-0.07609359166953873,0.0035263616301172964
2023-08-01,7.427998831960602e-05,0.06010128265921934,-0.024435444188645124,0.00048582707129182036,-0.07610008326193132,0.0035251045490958524
2023-08-02,7.42349984764056e-05,0.06010322566254171,-0.024435772619989523,0.0004860889524754231,-0.07611116398501441,0.00352471263896502
2023-08-03,7.420149688480137e-05,0.06010164107831156,-0.024436201111947414,0.0004861554812515328,-0.07614792264708009,0.0035248396100161887
2023-08-04,7.408806200085165e-05,0.0601072465115754,-0.024436554648825343,0.0004863187294831423,-0.07616718406061547,0.0035254711822993133
2023-08-07,7.403550971992135e-05,0.06010641636868168,-0.024436367710521906,0.0004865966074893118,-0.07617255594648457,0.0035250233203635442
2023-08-08,7.399425632218751e-05,0.06010875249991489,-0.02443667108058973,0.00048676504414444315,-0.0761259747996526,0.0035249011490093344
2023-08-09,7.398963633451534e-05,0.060110688817076915,-0.02443711474312471,0.00048708073071520604,-0.07614492414068796,0.003523915855157821
2023-08-10,7.398849900556667e-05,0.06011064140452603,-0.024436844441195166,0.00048725448693296054,-0.07613244773385969,0.0035238165001081545
2023-08-11,7.400869670378986e-05,0.06010835660369979,-0.02443749263470355,0.00048737339473716324,-0.07617516640623476,0.0035231608139432513
2023-08-14,7.390151576268927e-05,0.06011442428633962,-0.02443895825032385,0.0004876956670921153,-0.07619318520568855,0.003523690668429999
2023-08-15,7.377451389101411e-05,0.06011795852725471,-0.024439123530074602,0.0004879593658561156,-0.07615540609914649,0.0035226756234829643
2023-08-16,7.381751289257238e-05,0.060119990308694304,-0.024439119690864368,0.000487945633836945,-0.0761278632100578,0.0035224881236679607
2023-08-17,7.383246001518104e-05,0.060126760736088,-0.024439446901931196,0.00048808146174027234,-0.07615114095870408,0.003522063467986592
2023-08-18,7.38410575531848e-05,0.06012856609707778,-0.02443968028325044,0.0004883023429252453,-0.0760812674621424,0.0035213768457361587
2023-08-21,7.376039652053517e-05,0.06013005748634542,-0.024439762041769782,0.0004883945820230983,-0.07609162888082814,0.0035211152465553595
2023-08-22,7.372167218868245e-05,0.060122584455590336,-0.02443938795500955,0.0004886084125401513,-0.07612295382171375,0.0035211420335249776
2023-08-23,7.37083766154579e-05,0.060130832298192355,-0.02444073920227048,0.0004888165358654157,-0.07608087703960809,0.00351981522417364
2023-08-24,7.371458180267115e-05,0.06013319448317456,-0.02444091787196703,0.0004889476400397584,-0.07609412192631775,0.003519420656071242
2023-08-25,7.37138646806877e-05,0.06013339659366339,-0.024441404584439875,0.0004891797632744498,-0.07608591154420437,0.0035186815352130957
2023-08-28,7.362815767866942e-05,0.06014277192671402,-0.024442002568924693,0.0004892275520940281,-0.07607472767076601,0.003515992101267397
2023-08-29,7.35402553231838e-05,0.06014394204232808,-0.02444344185384464,0.0004893918658570436,-0.07607848692655739,0.003515671067752139
2023-08-30,7.354298994789718e-05,0.060146658198505995,-0.024444765680884443,0.0004896850675595738,-0.07610845865824467,0.00351457040987805
2023-08-31,7.345112707231369e-05,0.060149159255268966,-0.024445449214378065,0.0004898545059995073,-0.07614950596037294,0.0035147283317014427
2023-09-01,7.341880556921234e-05,0.06015417894682016,-0.02444549221199815,0.0004900403094089746,-0.0761420604878914,0.0035142036067578814
2023-09-06,7.343691113517688e-05,0.06015455894954702,-0.024446496430351416,0.0004902073218861815,-0.07613570612184811,0.003513720569092929
2023-09-07,7.344215021581427e-05,0.060155023645143586,-0.024447460764439263,0.0004901877585470404,-0.07610570059505213,0.0035133912321231044
2023-09-08,7.334238462257666e-05,0.060158601279546,-0.024447404764495976,0.0004903722900934341,-0.07609758122118479,0.0035133045155014224
2023-09-11,7.336758917125175e-05,0.060164590028562594,-0.024447785157112007,0.0004904788280482757,-0.07608079909832066,0.0035135437877047214
2023-09-12,7.333475124254566e-05,0.060164995242748084,-0.02444920923357073,0.0004905792373581306,-0.07608281498621677,0.0035135611650873168
2023-09-13,7.330366053363927e-05,0.060165600689224066,-0.024449720043445675,0.0004905588248240557,-0.0760703581740613,0.0035132971237884247
2023-09-14,7.318961263683599e-05,0.060166598895284557,-0.024450988259671735,0.000490715445231161,-0.07606975740496247,0.0035131288935416794
2023-09-15,7.31422319260863e-05,0.06016947892615011,-0.024452521288090074,0.000490981069056018,-0.0760897253064878,0.003512282369614432
2023-09-18,7.309608518941168e-05,0.06017246624351784,-0.024452022955716586,0.0004910758961532969,-0.07610401287601987,0.003511200765603667
2023-09-19,7.308110257907519e-05,0.06017756092379743,-0.024452214171729596,0.000491221303862147,-0.07614232066204729,0.0035109969890530857
2023-09-20,7.305067912817873e-05,0.06018557315711657,-0.024453254042012373,0.0004912178422259364,-0.07611062394525968,0.003510439900449364
2023-09-21,7.299439494491919e-05,0.06018291236121033,-0.02445325421784552,0.000491270299837689,-0.07607064440083332,0.0035103255873542277
2023-09-22,7.301801117049615e-05,0.06018747164349951,-0.02445311546383932,0.0004912691460730152,-0.07609397951096357,0.0035093269826834044
2023-09-25,7.301493272785906e-05,0.060192271459608385,-0.024453954486008463,0.0004912127700784166,-0.07615142485673672,0.003508819688050249
2023-09-26,7.301651791957872e-05,0.06018965443541971,-0.02445439723887983,0.0004912894113381641,-0.07613742791899898,0.0035067208719043686
2023-09-27,7.301096229795307e-05,0.06019321314642405,-0.024454111659684467,0.0004916193779902973,-0.07612290416627349,0.003506484589223358
2023-09-28,7.298309957766854e-05,0.060197280183693594,-0.02445386278817391,0.0004916518553636176,-0.07608775067190579,0.0035048152879245914
2023-09-29,7.298581236596312e-05,0.06020201794970592,-0.024454626310876866,0.0004916287755864941,-0.07612772030133129,0.003504594173436367
2023-10-02,7.296035182974811e-05,0.06020686931202372,-0.024454632444403553,0.0004917468462033429,-0.07611039170776512,0.0035030256779803076
2023-10-03,7.294868237788924e-05,0.06020597197031472,-0.02445421695281364,0.0004918529250770802,-0.07608359518586394,0.0035022706374186036
2023-10-04,7.296338505679438e-05,0.0602021822321309,-0.024455002244375995,0.0004920799327737227,-0.07606921251208987,0.0035020172367669087
2023-10-05,7.30323199589537e-05,0.06020644217323792,-0.02445599281683833,0.0004922188230862525,-0.07601601271703963,0.0035011425434849633
2023-10-06,7.299457256470196e-05,0.060207509766383366,-0.02445580730958659,0.0004923231996942601,-0.07600318590967417,0.0035010293183160737
2023-10-11,7.293639477464956e-05,0.06020747044259025,-0.02445657202107288,0.000492327048547836,-0.07596973972438571,0.0034996651771273084
2023-10-12,7.289805326421873e-05,0.06020259242588269,-0.024456797834353436,0.0004925033837597801,-0.07595526146484764,0.0034987811399356
2023-10-13,7.285965318748925e-05,0.060199046511269214,-0.024458039438326428,0.0004924774739063426,-0.07597039629837965,0.0034985784173281707
2023-10-16,7.286303030642646e-05,0.06020043897098394,-0.024458979389017785,0.000492490029238722,-0.07591991104013972,0.003498437739413761
2023-10-17,7.285579025886458e-05,0.060201364404024356,-0.024458994295257643,0.0004926765091356918,-0.07592310154938173,0.0034986254129082094
2023-10-18,7.292155475808085e-05,0.06020201823139901,-0.024458853252622637,0.0004928706426916526,-0.07590244184267655,0.003497656500317159
2023-10-19,7.288834509414897e-05,0.06020523668351466,-0.024459330407165754,0.000492949186475702,-0.07587371350229247,0.0034971792785609655
2023-10-20,7.29103827545527e-05,0.06020394668202392,-0.024459572654036744,0.0004929342630677616,-0.07584814894608113,0.0034968318441943296
2023-10-23,7.29059134255216e-05,0.060202190507154606,-0.024459745669228084,0.0004930647209154114,-0.07585536603307125,0.003495835190528451
2023-10-24,7.288745721467604e-05,0.06020360050639953,-0.024460845661178638,0.0004932780920328661,-0.07583004657821177,0.003495075945842586
2023-10-25,7.28666618490332e-05,0.06020652240651079,-0.024461571559282382,0.0004932385330888057,-0.07585540045062736,0.0034949716879876438
2023-10-26,7.284273980273569e-05,0.06020812919914988,-0.024463178663696572,0.0004934440185532087,-0.0759057607815096,0.0034940997815995564
2023-10-27,7.281754047196896e-05,0.060209964664596015,-0.02446281055959973,0.0004934782541627765,-0.07588427742033166,0.0034927290241875734
2023-10-30,7.279626199524941e-05,0.06020942056555606,-0.02446393739437744,0.0004935567121227551,-0.07592437244646025,0.0034934982829824403
2023-10-31,7.275712846341883e-05,0.060207138124556914,-0.02446401909710296,0.0004936166748383022,-0.07588181026834981,0.003492354884241282
2023-11-01,7.271948631874952e-05,0.06020852663861894,-0.024463716856723303,0.0004938453985830332,-0.07593714197596219,0.0034916435430192992
2023-11-02,7.270398145632966e-05,0.06021237573941355,-0.02446428478463692,0.0004940138429014733,-0.07590961032123748,0.003491648731006927
2023-11-03,7.264308375281367e-05,0.060210639056206224,-0.024465640261229868,0.0004941207744056916,-0.0758772218378038,0.003491209701867765
2023-11-06,7.261346727328549e-05,0.06020747482017259,-0.02446518053578004,0.000494155038078588,-0.07590850094074686,0.003490995877803372
2023-11-07,7.254863514577775e-05,0.06021372704417221,-0.024465927618979953,0.0004944841620022481,-0.07588566507683227,0.0034903517704367735
2023-11-08,7.255816589920291e-05,0.060215901087498275,-0.024465989983263547,0.0004947696851705188,-0.07587499628368087,0.0034903901435596484
2023-11-09,7.252593897706688e-05,0.0602145158552001,-0.024465841915341565,0.0004949796349200078,-0.07584182151483412,0.003488850220850088
2023-11-13,7.24921266312179e-05,0.06022007798919306,-0.02446647706441748,0.0004951021127254126,-0.07583143323074329,0.0034874975569497233
2023-11-14,7.249927574066863e-05,0.060218900130182614,-0.024466454515063334,0.000495109708783577,-0.07583832816037185,0.0034875333235234317
2023-11-15,7.240238965471355e-05,0.06022024199350637,-0.0244668463111493,0.0004951992031096433,-0.075868080680801,0.0034872732459270304
2023-11-16,7.240313293469712e-05,0.06022318955039804,-0.024465692584028424,0.0004953972806143233,-0.07588418883048242,0.0034867289555982417
2023-11-17,7.23667911256352e-05,0.06022144627781459,-0.02446625100909382,0.0004956376775008739,-0.07583010917848595,0.003486538998904166
2023-11-20,7.229124640032857e-05,0.06022065333365589,-0.024466828060728224,0.0004959097060187018,-0.07576259344308822,0.0034863211603333253
2023-11-21,7.228919997849675e-05,0.06021522436238898,-0.024468050722771133,0.000496044402905909,-0.07578454135995297,0.0034862535044840456
2023-11-22,7.228285446323537e-05,0.06021456646445446,-0.024468783449744524,0.0004962122991764141,-0.07580849179101189,0.0034862879286671335
2023-11-27,7.227131588838881e-05,0.06021453147726838,-0.024468228032744937,0.00049633418423761,-0.07580904389797886,0.0034864163604575037
2023-11-28,7.22648438566864e-05,0.06021161085525146,-0.024468686421514337,0.0004965654217289083,-0.07582316082674143,0.0034874286684320015
2023-11-29,7.22011697798476e-05,0.06021639376909261,-0.02446937461545811,0.0004970063521546263,-0.07588323459811012,0.003486255881744574
2023-11-30,7.212573596552758e-05,0.06021420015284145,-0.02446941775967114,0.0004972619511403836,-0.0759073737796759,0.003484947493157842
2023-12-01,7.208782502869829e-05,0.06021507459006881,-0.02446923878846045,0.000497468638527734,-0.07584246171871122,0.0034841519182851883
2023-12-04,7.21224628804654e-05,0.06021515199003451,-0.024470072769570025,0.0004975030184094652,-0.07577568146707966,0.0034841253413810456
2023-12-05,7.212403309626166e-05,0.06022001175324719,-0.02447051891496331,0.0004975644628603116,-0.07579980786440849,0.0034839288503134952
2023-12-06,7.210902523959902e-05,0.06021874139055773,-0.02447079491436148,0.0004974126481034017,-0.07576534221602402,0.003484208723352705
2023-12-07,7.204105110551722e-05,0.06021880099544413,-0.024471442253353976,0.0004974173727853367,-0.07570501814862113,0.0034834816737106485
2023-12-08,7.209183078854633e-05,0.06022003432876378,-0.02447275754627136,0.0004974789546885698,-0.07574269966435818,0.0034827691567067033
2023-12-11,7.207775524487469e-05,0.0602272130327131,-0.024473913297472467,0.0004975846356139875,-0.07573099906065686,0.0034824439024997095
2023-12-12,7.210048745991231e-05,0.06023402675246971,-0.024474123079854398,0.0004976650487056868,-0.07572047805685041,0.003482353732892704
2023-12-13,7.207488305370077e-05,0.06023586179849591,-0.024474518350180878,0.0004976815602782873,-0.0757219037873846,0.00348221359408238
2023-12-14,7.204433945908778e-05,0.060240323475250886,-0.024475291447667837,0.0004977237253327084,-0.07570109711060705,0.00348035921739338
2023-12-15,7.19430392877093e-05,0.06023982371015585,-0.024476223942104854,0.0004977651800975248,-0.07568001230649615,0.0034794772078888606
2023-12-18,7.190566721821796e-05,0.060239731554556565,-0.02447719345603051,0.0004979433161960432,-0.07568231478481431,0.0034799265116810278
2023-12-19,7.190985933979075e-05,0.06023882602152784,-0.0244775182506822,0.0004978869867876209,-0.07572632863524417,0.00347987052303888
2023-12-20,7.190378996612605e-05,0.06024121971465145,-0.02447863012466407,0.0004980094906666176,-0.07571947991499296,0.003478161063703404
2023-12-21,7.18463509632875e-05,0.06024369893726739,-0.02447995024681995,0.0004980932813790652,-0.07570483433904843,0.0034778843646892984
2023-12-22,7.183184081099354e-05,0.060239603060449134,-0.024481261734653377,0.0004983299849395657,-0.07574822150723308,0.003477783468089034
2023-12-27,7.183685178816749e-05,0.060236727818453184,-0.024481595850890037,0.0004982767360200947,-0.07574388787936318,0.003478426308114872
2023-12-28,7.175353599819518e-05,0.06023594271471562,-0.024482139182857604,0.0004982815486909867,-0.07568153462722428,0.003478967616036637
2023-12-29,7.172390997294509e-05,0.06024053429888005,-0.0244828019654261,0.0004981636830050927,-0.07569042445942786,0.003478450449422239
2024-01-03,7.164073026618075e-05,0.06025203420384646,-0.024483694804965386,0.0004982373880786377,-0.07564939596017782,0.0034773820529335198
2024-01-04,7.166441282654462e-05,0.060248780876488356,-0.024483891589389697,0.00049832154084305,-0.07566646800030691,0.0034762133691841396
2024-01-05,7.165637097718652e-05,0.060251978236173495,-0.024484897543039837,0.0004985111137986571,-0.07569638758289746,0.0034752142203429083
2024-01-08,7.160090765878942e-05,0.06024983684477292,-0.02448480345105595,0.000498659898728193,-0.07565879245725063,0.0034741612767475107
2024-01-09,7.154907353944987e-05,0.06024469149635649,-0.02448565619212592,0.0004986893683505462,-0.0756601736876138,0.0034742405233825144
2024-01-10,7.141980901439176e-05,0.06024310925178304,-0.024486377977295998,0.0004986691267742144,-0.07562672466526019,0.003473578816917591
2024-01-11,7.137675648204309e-05,0.0602383033881035,-0.024485824065648497,0.0004988206155020602,-0.07561763654480191,0.0034725569134760785
2024-01-12,7.135942160850198e-05,0.06023703336434849,-0.02448646487882859,0.0004988375246406727,-0.0756016606614364,0.003471852377570017
2024-01-17,7.130217386207487e-05,0.060235342107658144,-0.024486963285500526,0.0004989199786093096,-0.07553841095478697,0.003471165645967624
2024-01-18,7.122567836730658e-05,0.06023600753143159,-0.024487968739511874,0.000498968369408542,-0.07551053683801184,0.0034705063749633893
2024-01-19,7.11630797062973e-05,0.06023587645687759,-0.02448785569885785,0.0004991426050571815,-0.07549962850505618,0.0034702310962891865
2024-01-22,7.120230622151409e-05,0.060239749597748075,-0.024488265030378223,0.00049927348591125,-0.0755361949101249,0.0034692902367338637
2024-01-23,7.115533975900236e-05,0.0602393783034738,-0.0244888046983158,0.0004990896965630634,-0.07552639025827808,0.003469113317431259
2024-01-24,7.10304965416379e-05,0.06024023703355062,-0.024490065753221445,0.000499184109776398,-0.07552039283628816,0.003468501279530483
2024-01-25,7.095803327538383e-05,0.0602359799430318,-0.024490324689963133,0.0004993016547913117,-0.07554556189198794,0.003467047609338017
2024-01-26,7.091032416935063e-05,0.06023000342455334,-0.024491177563232686,0.0004996185720469878,-0.07555418460606472,0.0034663810161114374
2024-01-29,7.087637841024048e-05,0.06022374040882612,-0.02449210502553753,0.0004996010820485928,-0.07559709096153164,0.0034657904334017744
2024-01-30,7.085268868799378e-05,0.06022040269231407,-0.024493705898900178,0.0004999479940461301,-0.07561993029965643,0.003465361481055518
2024-01-31,7.08448080079729e-05,0.060221276071884475,-0.024494340737637937,0.0005001436494821104,-0.07556685459737729,0.003464935789224173
2024-02-01,7.07884842571585e-05,0.06022090126460579,-0.02449453600069329,0.0005002756832621467,-0.0755349348982358,0.0034639912657609367
2024-02-02,7.071161541872346e-05,0.0602282635129683,-0.0244961135593362,0.0005003622026804898,-0.07555059448301774,0.003463647533639238
2024-02-05,7.064139463365876e-05,0.060228490617241615,-0.024497170653800818,0.0005003997939646933,-0.07558387134027741,0.0034630455834546246
2024-02-06,7.068349948964066e-05,0.060232783243316206,-0.024499029982300958,0.0005004496827682521,-0.07558980039405988,0.003462917989334879
2024-02-07,7.063908690981096e-05,0.06023124574789035,-0.024499764434896088,0.0005005283591550825,-0.0756035941034568,0.003462215331761182
2024-02-08,7.060213431528982e-05,0.0602361904987372,-0.02450036912817593,0.000500635804383732,-0.07561549995376227,0.0034606407107606032
2024-02-09,7.05723254327867e-05,0.06024186274233786,-0.024500420636576484,0.000500653566527267,-0.07560740770112884,0.0034598574537601946
2024-02-12,7.052978356505158e-05,0.06024928900985674,-0.024499647416267166,0.000500691045765277,-0.07562849208100944,0.0034590109579786888
2024-02-13,7.053561736765351e-05,0.06025469720203001,-0.024499945070797533,0.0005008861666303017,-0.07564659249723099,0.00345831448856889
2024-02-14,7.056629205664963e-05,0.06024707367130258,-0.024500720587748274,0.0005010122946991675,-0.07563220378274596,0.003458261068444409
2024-02-15,7.054760089381496e-05,0.060246939218848966,-0.024500114127113372,0.0005009688507064158,-0.07567760381951523,0.0034572144718639604
2024-02-16,7.059064302454373e-05,0.06024538443587224,-0.024500391345105316,0.0005010449723098481,-0.07568597437187449,0.0034567433408480364
2024-02-21,7.053310875077001e-05,0.06024459762954257,-0.024501124780307196,0.0005010268480747392,-0.07566229594902912,0.003455916241983818
2024-02-22,7.048201581291823e-05,0.06025196321775439,-0.024502048649585675,0.0005011250915140872,-0.07565903578744985,0.0034561487181891224
2024-02-23,7.050636157962311e-05,0.06024633585613284,-0.02450207508095469,0.0005011401033926333,-0.0757086691145257,0.003454861750637041
2024-02-26,7.048194832888783e-05,0.06024333404127723,-0.0245029655880157,0.0005012381962270008,-0.07568199973842207,0.00345492485979873
2024-02-27,7.046911425384413e-05,0.060245840315991894,-0.02450355617849315,0.0005014257847554468,-0.07565146988883606,0.0034551687421913464
2024-02-28,7.049479295877889e-05,0.06024412830527129,-0.0245034254105632,0.0005013890683521815,-0.0755946161514643,0.003453919145585377
2024-02-29,7.042752884844933e-05,0.06024550703756197,-0.02450403312599521,0.0005014017339940107,-0.07557017717331958,0.0034531142490744036
2024-03-01,7.045911339505394e-05,0.06024151731561017,-0.0245044287887639,0.0005014190173023398,-0.07560762449012765,0.003452822287698995
2024-03-04,7.03849644321793e-05,0.060246398690172946,-0.024504818969642624,0.000501440980688089,-0.07561629263718303,0.0034510073681390855
2024-03-05,7.039351030140289e-05,0.06025173726553665,-0.024505243766506882,0.0005014562557932231,-0.0756584907261762,0.003449906608867872
2024-03-06,7.039991835158238e-05,0.0602530630569311,-0.02450574812355199,0.0005015731605005518,-0.07562655588393645,0.003448310560674374
2024-03-07,7.03220479297075e-05,0.06025933733865266,-0.024507140029403678,0.0005016314446593082,-0.07564426510800439,0.0034477917564110106
2024-03-08,7.026176898716711e-05,0.060262899215541725,-0.024508301948020086,0.0005017081582853085,-0.0756270863510414,0.0034476909486196917
2024-03-11,7.020110248041496e-05,0.06025608174069437,-0.02450828120235968,0.0005017333087072027,-0.07563857209035339,0.003447842956465606
2024-03-12,7.019593262247259e-05,0.06026013665564203,-0.024509235429746375,0.0005017386170630153,-0.07565296057422335,0.003448057082789687
2024-03-13,7.024248039533553e-05,0.06025925209150048,-0.024510427680734984,0.0005018015109702308,-0.07568419835179159,0.0034465143509466996
2024-03-14,7.029707736842874e-05,0.06026247238769819,-0.02451176991023518,0.0005020181182033617,-0.07566531897229525,0.003446540199019487
2024-03-15,7.028006436504336e-05,0.060265080382945535,-0.024511749363601756,0.0005020783948470794,-0.07561320575854726,0.003446328840776454
2024-03-18,7.033191814558731e-05,0.06026663737963871,-0.02451189889503971,0.0005020629763468368,-0.07557754377751165,0.0034457521910227313
2024-03-19,7.034460684746779e-05,0.06027081347905905,-0.024512241966122218,0.0005023652819825025,-0.07560848730155503,0.0034447079202618584
2024-03-20,7.032899496231651e-05,0.060271566577609556,-0.024512621237337696,0.0005023456209896162,-0.07556339232536392,0.0034441138815850675
2024-03-21,7.038820594370763e-05,0.06027876997835166,-0.024513690383533942,0.0005025312741703584,-0.07556425607313431,0.0034433734359565113
2024-03-22,7.039077713785234e-05,0.0602791671348763,-0.02451392930210558,0.0005026500298799208,-0.07559370002659103,0.003441563629933949
2024-03-25,7.042458171081504e-05,0.060276956677518555,-0.024515130843035134,0.0005027349463741113,-0.0756097904494873,0.003441121242462571
2024-03-26,7.044510149373992e-05,0.06027596524627526,-0.024516127894859765,0.0005029971644419953,-0.07561520092743976,0.003440442579878465
2024-03-27,7.046150402281477e-05,0.06027672602102348,-0.024516512213743815,0.000503005310504651,-0.07557656002296242,0.003440436653199883
2024-03-28,7.050704653686782e-05,0.06027632536605411,-0.024517028460824507,0.0005029222907893842,-0.07558473384873578,0.0034411267250446615
2024-04-02,7.04738056507929e-05,0.060279488146668114,-0.024516791911074653,0.0005028479044098495,-0.07556511201435709,0.0034400583713040038
2024-04-03,7.044542506842869e-05,0.0602778863341625,-0.024517604127805813,0.000502860697792589,-0.07556477694926737,0.0034388110510469275
2024-04-04,7.049780879445875e-05,0.060280038907629806,-0.024517929243580195,0.0005027785917999597,-0.0755906736370921,0.003437206979798222
2024-04-05,7.048449379343623e-05,0.06028181309469925,-0.02451790133358937,0.0005026981449046139,-0.07559526505778036,0.003436717348769891
2024-04-08,7.046561317962655e-05,0.060286849534354515,-0.02451804422699055,0.0005026425965978081,-0.07557022802299657,0.003435555895175775
2024-04-09,7.046949250873997e-05,0.06029460575509584,-0.024518522474433983,0.0005025414651540186,-0.07554562742721065,0.003434588280073728
2024-04-10,7.044475698067093e-05,0.06029335265677421,-0.024518478323686102,0.0005024575428931032,-0.07558267306113192,0.0034337766791586663
2024-04-11,7.044053463989923e-05,0.06029552479197793,-0.024518958191542678,0.0005023197602147432,-0.07554118317328827,0.00343285375564022
2024-04-12,7.042689725298931e-05,0.06029875785441187,-0.02451932926535279,0.0005025072401733384,-0.0755536411332567,0.0034332394424326164
2024-04-15,7.041698003614586e-05,0.060299848588006924,-0.024519744404046393,0.000502563940391539,-0.07554791509908539,0.0034330315844231848
2024-04-16,7.040034481159465e-05,0.06029611371475259,-0.0245196894890905,0.000502795866569777,-0.07555885191823511,0.0034331063797807854
2024-04-17,7.044039261252888e-05,0.06029298411338899,-0.024519727332722032,0.000502628530801234,-0.07554984492311305,0.0034336336650043747
2024-04-18,7.045663116588463e-05,0.06029294281437435,-0.024520231662264927,0.0005024925001246565,-0.07556267073141816,0.0034347357423737063
2024-04-19,7.044265578629812e-05,0.06029701513549714,-0.02452194139601136,0.0005023699182807896,-0.07553074186870361,0.0034345900562276366
2024-04-22,7.040471434074594e-05,0.06029158915272667,-0.02452250466745723,0.0005025772632314776,-0.07550590433464621,0.0034344340832106754
2024-04-23,7.039391564086581e-05,0.06029281023467302,-0.02452288382815245,0.0005022911521923194,-0.07545528355946722,0.0034339869690078783
2024-04-24,7.041617628231451e-05,0.06028905236731528,-0.02452353098392094,0.0005023282332531427,-0.07546276530676407,0.003433141348108136
2024-04-25,7.035697190839524e-05,0.06029052819472578,-0.0245239689545847,0.0005021726452386487,-0.07546049235124058,0.0034330884143675645
2024-04-26,7.03156437279504e-05,0.06029543536569912,-0.024525305117964018,0.0005021979240059834,-0.07544223671320097,0.003433406916245516
2024-04-29,7.03088934048051e-05,0.06030139480838261,-0.0245256769259376,0.0005021947454281452,-0.07542373295090474,0.003433112180584528
2024-04-30,7.033869799875339e-05,0.06030264707777494,-0.024526429027097285,0.0005022586055926644,-0.0754492700490244,0.003433330353385295
2024-05-01,7.032454006096219e-05,0.060307851788758374,-0.02452716585941241,0.0005021651435802008,-0.0754821859253522,0.0034337087836433865
2024-05-02,7.031443264645527e-05,0.06031101425431756,-0.024528135301859908,0.0005022340114638412,-0.0754498428321555,0.003434028323453256
2024-05-03,7.028348691160216e-05,0.060308580811729726,-0.024528880127348288,0.0005022559084572693,-0.07544209734919358,0.0034330273987756062
2024-05-06,7.031981854407463e-05,0.06031166101305935,-0.024529196800064573,0.0005021188820788804,-0.07542909036897603,0.0034333904683999444
2024-05-07,7.019447705087532e-05,0.060310952288044214,-0.024528398424064964,0.000502131804465668,-0.07539139197262823,0.0034330567010624124
2024-05-08,7.020383317936044e-05,0.06031647858018416,-0.024528553713677532,0.0005020037463319278,-0.0754045544805024,0.003432102269670804
2024-05-09,7.023193240019577e-05,0.060320274256701875,-0.02452882452831981,0.0005018050860663764,-0.07542039280916368,0.0034321541940429833
2024-05-10,7.027147492045549e-05,0.06032073408962632,-0.02452950356398369,0.000501894097866685,-0.07548257075798309,0.003432401308877615
2024-05-13,7.029049174504566e-05,0.06031729928679781,-0.024528822930887477,0.0005020347561370775,-0.07552218158176131,0.0034321840554782587
2024-05-14,7.02745663726242e-05,0.06031582710001998,-0.02452829506921044,0.0005017424334588136,-0.07557149300101693,0.003433250667328397
2024-05-15,7.020276460317297e-05,0.060317817466057674,-0.02452908477403147,0.0005018493996172988,-0.07558136973967981,0.003432993243750286
2024-05-16,7.017440891735837e-05,0.06032011692315194,-0.0245287740255455,0.0005018976988038591,-0.07559916536884907,0.0034336297476397545
2024-05-17,7.016809345111429e-05,0.060325752633092956,-0.024528737773050792,0.0005021713105688095,-0.07556841213178184,0.003433509208196151
2024-05-20,7.021927339873551e-05,0.06033047263282458,-0.024528475135410753,0.0005019729012945616,-0.07557708037474575,0.003433944322180031
2024-05-21,7.018903463970456e-05,0.06032808078200196,-0.024528275166246675,0.000501854458942952,-0.07555030990509143,0.0034340472509818117
2024-05-22,7.01782693092396e-05,0.06033269643780287,-0.024528846549302624,0.0005017660623283553,-0.07554467376147893,0.003434472685119692
2024-05-23,7.015193329928204e-05,0.06033233508610347,-0.024528740069614387,0.0005016826927451722,-0.07555798717251874,0.003435307994364099
2024-05-24,7.019490895444077e-05,0.06033429811715055,-0.024529301712587548,0.0005015509944809851,-0.0755083396733788,0.0034351382041836846
2024-05-29,7.023406633471484e-05,0.060335046359236255,-0.02452905076030902,0.000501517474775138,-0.07544709572420033,0.0034341497479442465
2024-05-30,7.028466042902129e-05,0.060331886776144816,-0.024529386805272817,0.0005013762317310237,-0.0754237673206638,0.003434023156847866
2024-05-31,7.026794508998336e-05,0.06033074906679424,-0.024530427879039977,0.0005014149140452591,-0.07546360717849752,0.0034327819048089693
2024-06-03,7.025649936641505e-05,0.06032342727670205,-0.024530455162531075,0.000501182639787035,-0.07542029023602517,0.0034320150008442106
2024-06-04,7.018227071552183e-05,0.06032408083991984,-0.024529720061399855,0.0005012556805229999,-0.07543354206068913,0.0034313703878967685
2024-06-05,7.019732850878862e-05,0.060321732350389845,-0.02452901482815502,0.000501216855229921,-0.07545046340995358,0.0034323510304721722
2024-06-06,7.019236629623187e-05,0.06032695076256006,-0.02452931481362103,0.0005010826103428561,-0.07541806297884979,0.003432867802241503
2024-06-07,7.021771584166749e-05,0.06033086378796934,-0.024529157310274295,0.0005011300136900042,-0.07543765686912843,0.0034319169691543294
2024-06-10,7.024612721275099e-05,0.06032841802624406,-0.024528966683929117,0.0005011476283810773,-0.07539931347973564,0.0034317589232218423
2024-06-11,7.029970204090464e-05,0.060332150059293925,-0.02452872470941648,0.0005010234943333841,-0.07540164170008234,0.0034322694433550852
2024-06-12,7.031773278314249e-05,0.060333226546272364,-0.024528459701166013,0.0005008914883075937,-0.07542659433814679,0.003431073756494281
2024-06-13,7.034415392569022e-05,0.06032710523477898,-0.02452835163963918,0.0005008919923553727,-0.0755332661771922,0.003430249575189381
2024-06-14,7.037774624478926e-05,0.060327669036635244,-0.024528225838288974,0.0005008847609149646,-0.07547406477228007,0.00342969190962207
2024-06-17,7.037477747384996e-05,0.060329018701035506,-0.024529454499065996,0.0005007789865350711,-0.07546419971223049,0.0034296622229474274
2024-06-18,7.039682679082171e-05,0.06033002829861002,-0.024529820256631706,0.0005008815475808337,-0.07549465962775925,0.0034304872105303977
2024-06-21,7.036300031770363e-05,0.0603299704302272,-0.024529668699061664,0.0005008382893599314,-0.07550747610799852,0.0034298181284600736
2024-06-24,7.037435412796435e-05,0.060327922291752184,-0.02452919488189042,0.0005009600030073124,-0.07553830243444376,0.0034305969268639248
2024-06-25,7.037864938034932e-05,0.060328206411690725,-0.024528496324338678,0.000500978537391873,-0.07547993423443175,0.003430560843915934
2024-06-26,7.036674640054738e-05,0.06032981517488181,-0.024528169640071564,0.0005011294046744354,-0.07549298662561392,0.003431513878819026
2024-06-27,7.037399146416023e-05,0.06032988483638206,-0.024528211064049035,0.0005010157005656481,-0.07546726588960406,0.0034319971770407505
2024-06-28,7.037382047593552e-05,0.060333850990678436,-0.024528120173588467,0.0005011095224789393,-0.07545495123761811,0.003432397107394144
