date,const,SP500,UST10Y,fxvol,TED,VIX
2000-02-15,8.819404547607321e-05,0.06756145965177575,-0.012753364865002892,0.00017607351159890287,-0.08402527282606187,0.0022257036250909216
2000-02-16,8.824703558115408e-05,0.06753764301239096,-0.012755628923145267,0.0001761250868022134,-0.08399915610579627,0.0022298030485623727
2000-02-17,8.828093096399155e-05,0.06751264710959715,-0.012758395707089122,0.00017611040109672682,-0.08396885515497643,0.0022339703016173097
2000-02-18,8.833275375599186e-05,0.06748686321421604,-0.01276025164579196,0.00017593929807637083,-0.08397720706680252,0.002237271750697506
2000-02-23,8.840890106001658e-05,0.06746665296767924,-0.012762453933612526,0.00017580378717087987,-0.08391734589062112,0.0022393418400948953
2000-02-24,8.83949446407212e-05,0.0674376688935211,-0.012763920740276385,0.00017577368181479635,-0.08388174032786212,0.002242908599250793
2000-02-25,8.84274946873685e-05,0.06741455316105596,-0.012766002844479284,0.00017574218016967041,-0.08384416883658648,0.0022462311090630507
2000-02-28,8.851265148037908e-05,0.06739121559218463,-0.012768818792711514,0.0001756130218612292,-0.08377696651462681,0.0022490911521203948
2000-02-29,8.855441268140357e-05,0.06737090017209982,-0.012769962315892672,0.0001754874491581772,-0.08373581715656223,0.002251512909387278
2000-03-01,8.865929230344132e-05,0.06734179732158944,-0.012772264694548181,0.00017541629335896604,-0.08370900930889126,0.0022545138811276427
2000-03-02,8.868617944661533e-05,0.0673152125508124,-0.012773996820456225,0.00017525633920046306,-0.08364187076366514,0.0022570471047675435
2000-03-03,8.872101164923987e-05,0.06729414249861937,-0.012776440069164355,0.00017511131377398622,-0.08359955672514702,0.002260631587621589
2000-03-06,8.87827996615333e-05,0.06727176161408678,-0.012778610286585595,0.00017499172909107952,-0.08360822109818586,0.0022638605998362964
2000-03-07,8.887188226523748e-05,0.06724871526733445,-0.012780068844308583,0.0001748919300125436,-0.08356393062754525,0.002266139641648059
2000-03-08,8.890607284269778e-05,0.0672250598436036,-0.012781822873995133,0.0001747932208876176,-0.0835407383025039,0.002269556831641764
2000-03-09,8.892855198346104e-05,0.06719949722248907,-0.012783612636239101,0.00017467569575836263,-0.08351230689094287,0.0022726366280880882
2000-03-10,8.902960210683826e-05,0.06717337954110417,-0.012785791373172149,0.00017475169306952585,-0.08350749026880991,0.002274988794752757
2000-03-13,8.912471044901518e-05,0.0671498439314024,-0.012787188173219886,0.0001747119260784462,-0.08346046072720463,0.002278307579186131
2000-03-14,8.922023733810206e-05,0.06711850345809388,-0.012788837051981953,0.00017456215356859712,-0.083396093351904,0.0022806924788452048
2000-03-15,8.927189476050514e-05,0.06709529425285123,-0.01279107648725851,0.00017449410596770615,-0.08335329994663987,0.0022839149858165943
2000-03-16,8.932043019418882e-05,0.06706921226274305,-0.012793768175120013,0.00017447273370051897,-0.08331067987919435,0.002287600383664331
2000-03-17,8.94451140205819e-05,0.06704087014309033,-0.012795484356061943,0.00017443153733233988,-0.08326471698078851,0.002290956795480291
2000-03-20,8.949375783503731e-05,0.06701488128221482,-0.012798699244189535,0.00017431336468314552,-0.0832128035649819,0.0022935476268675886
2000-03-21,8.95336211166968e-05,0.0669921021965631,-0.012801394697793705,0.00017418641593780235,-0.08318036691126746,0.0022965346100442614
2000-03-22,8.963531114700218e-05,0.06696426746891952,-0.01280384322921811,0.00017414184951683226,-0.08314500980381312,0.002299179378867758
2000-03-23,8.970063078991421e-05,0.06693625894138781,-0.012805292564419582,0.00017416017085334658,-0.08313242773938506,0.002302271660988432
2000-03-24,8.976739288251475e-05,0.06690747531254843,-0.01280699183942643,0.00017392819672741206,-0.08306291431155978,0.0023048528157766186
2000-03-27,8.981076203756805e-05,0.06688115996667626,-0.012809225663233493,0.00017393800688631468,-0.08300245436187645,0.0023081437388424914
2000-03-28,8.987930658028046e-05,0.06685508027571763,-0.01281103328153368,0.00017381909682642074,-0.08294878086424794,0.0023119578044896497
2000-03-29,8.994650206431389e-05,0.0668263228797495,-0.012813282010571424,0.00017391179016388374,-0.08288247763390007,0.0023140023162177325
2000-03-30,8.999791507803173e-05,0.06679512781303558,-0.012815358893123562,0.00017376922613351043,-0.08282312802037907,0.0023180514398839017
2000-03-31,9.002062474019679e-05,0.0667673904155767,-0.012817698344120507,0.0001737232273593822,-0.08275836431356266,0.002321431731206037
2000-04-03,9.010956238711916e-05,0.06673703745449434,-0.01281932037184689,0.00017368367294532663,-0.08269299156090396,0.0023238817376715418
2000-04-04,9.014459030673612e-05,0.06670878774034004,-0.012820787766859942,0.00017352115007784858,-0.08262971378190279,0.0023266164934954326
2000-04-05,9.022604004884498e-05,0.06668387700675743,-0.012822778976468977,0.0001733399939670223,-0.08255471200916373,0.0023302464086489647
2000-04-06,9.03193848066875e-05,0.06665786469194221,-0.012824748387055765,0.00017330428953723324,-0.08251514236252515,0.002333788680534545
2000-04-07,9.036561429468242e-05,0.06662845071797897,-0.012827295492714826,0.00017320000103736633,-0.08245528574523141,0.0023363409053093983
2000-04-10,9.04556468090303e-05,0.06660096194385717,-0.012829437782044924,0.0001731417907765828,-0.08238615126707684,0.0023387804908819865
2000-04-11,9.050632661265823e-05,0.06657430790045911,-0.012831127092599225,0.00017308993027190969,-0.08236321645093571,0.0023425497939203108
2000-04-12,9.057592675855414e-05,0.06654756740132829,-0.012833460208852862,0.00017318348138346853,-0.08231078497224531,0.0023449264079866434
2000-04-13,9.0625301901031e-05,0.06651846592029599,-0.01283559177803326,0.00017302502820881985,-0.08226602917759229,0.00234867185620431
2000-04-14,9.065626458863745e-05,0.0664988030933473,-0.012837259207373,0.0001728057852517434,-0.08220767445255477,0.002351975341812567
2000-04-17,9.070849632132742e-05,0.06646757721443512,-0.012838593106102934,0.00017271599856995317,-0.08218378724050365,0.0023551562394809353
2000-04-18,9.074403132592433e-05,0.06644070930121253,-0.012840972719139546,0.00017256224421603823,-0.08211048217485635,0.0023581496510826456
2000-04-19,9.07973137785139e-05,0.06640794600007595,-0.012843380602335244,0.00017250225407001112,-0.08205866708674484,0.0023606056543949002
2000-04-20,9.090786097270977e-05,0.06638066106306131,-0.012844798810628003,0.0001724276896507973,-0.08201730855020023,0.002363239455870172
2000-04-25,9.097477869128127e-05,0.06635696217912783,-0.0128458800780189,0.0001721540200502519,-0.08196975891845243,0.002365644712179114
2000-04-26,9.110169346531197e-05,0.06633113126586782,-0.012847687072434054,0.00017214559677069386,-0.08193980321974399,0.0023690084260545494
2000-04-27,9.116501493413959e-05,0.06630469534312998,-0.012849534314055385,0.00017216986088100321,-0.08189484740286096,0.002371725980343076
2000-04-28,9.123195188013271e-05,0.06627845890317309,-0.012851371137522905,0.00017196201166081278,-0.08184397524510896,0.0023731450688937103
2000-05-01,9.134222711963346e-05,0.06625095204233195,-0.012852525967635267,0.0001717513535092068,-0.08175511033181486,0.0023765065182833954
2000-05-02,9.13978756615531e-05,0.0662278020456379,-0.012854116432930015,0.00017163883265221763,-0.08169797248079845,0.0023800155786001666
2000-05-03,9.150588250257664e-05,0.06620463845208578,-0.01285581822106507,0.00017162740347972225,-0.08165917618651887,0.002382810943423675
2000-05-04,9.15512115776513e-05,0.06617901799595596,-0.012857496624769456,0.00017164476964905912,-0.08164410492405064,0.00238593018706288
2000-05-05,9.168012139292652e-05,0.06615714353865103,-0.01285920273304489,0.00017152473660254672,-0.08159314830328578,0.002389213938775899
2000-05-08,9.172900635956304e-05,0.06613388480185732,-0.012860964841069104,0.00017150048924180567,-0.08152880341137574,0.0023917347431428792
2000-05-09,9.174668385750091e-05,0.0661045195430614,-0.012863110028395838,0.00017149887722785128,-0.08150298709219174,0.002394579508448527
2000-05-10,9.184763200545465e-05,0.06608129724909123,-0.01286561788847467,0.00017139251557117584,-0.08146274692624517,0.002397419746853871
2000-05-11,9.194970755389916e-05,0.06605570647879158,-0.012867448657293199,0.00017143126204347223,-0.08144836764464551,0.002400597345803364
2000-05-12,9.198733013154942e-05,0.06602748920824436,-0.012869456948188774,0.00017143525613690466,-0.08141284742946162,0.0024035297444244537
2000-05-15,9.20576196346547e-05,0.06600943703514105,-0.012871745240993038,0.00017152499133810546,-0.08137990730244715,0.0024060866416463667
2000-05-16,9.209876462022651e-05,0.06598676531355031,-0.012873809288454297,0.0001714370204115123,-0.08133496626805768,0.0024078805970997375
2000-05-17,9.219878345314226e-05,0.06596619040727565,-0.01287579358542579,0.00017133934198751066,-0.08126433575776554,0.002411028704796257
2000-05-18,9.233175207597442e-05,0.06594173673764667,-0.012877394828902463,0.000171233499393529,-0.08123446667577623,0.0024147042440796182
2000-05-19,9.239962264804339e-05,0.06591399630703598,-0.012879966021392072,0.00017106812277096516,-0.08120416086303,0.0024169744986589437
2000-05-22,9.245113798110549e-05,0.0658876785293961,-0.01288166955502276,0.0001710924402274021,-0.08112036973393043,0.0024197028294273924
2000-05-23,9.249411097825675e-05,0.0658629499769424,-0.01288300606475527,0.000171118265657123,-0.08107525238066719,0.002422917928872045
2000-05-24,9.25390859057351e-05,0.06584096480849322,-0.012885684747826536,0.00017091839010446869,-0.08099360643513101,0.002425941721742654
2000-05-25,9.26258822329308e-05,0.06581690338197188,-0.012887479903152674,0.00017091662570145364,-0.08094618708769402,0.0024281292196228566
2000-05-26,9.266367302678932e-05,0.06579322458753357,-0.012889212686283251,0.0001708887339505181,-0.0808960558355488,0.0024301854124645188
2000-05-31,9.273217695439941e-05,0.06577356485787823,-0.012891753190717793,0.00017093521302583156,-0.08084066060383444,0.0024327014614104274
2000-06-01,9.275062688940226e-05,0.06574648701980133,-0.012893886531583543,0.0001707787804417504,-0.08078580687226893,0.0024345151795650568
2000-06-02,9.285663092283289e-05,0.06572319410628044,-0.01289621395168582,0.00017063372546693542,-0.0807284981783458,0.002437842272152815
2000-06-05,9.292385756649476e-05,0.0657011259798015,-0.012898376270448098,0.00017060841581827114,-0.080662104338305,0.0024412432122418
2000-06-06,9.295789541304402e-05,0.0656802745003782,-0.012899986261698158,0.00017073444298838962,-0.08062042601475444,0.0024436945275648843
2000-06-07,9.297437515307375e-05,0.06565792385908337,-0.012901845647154063,0.00017059440504003684,-0.08053297968816954,0.0024467082303100025
2000-06-08,9.300126588195125e-05,0.0656281876314621,-0.012903913278497521,0.00017037425965823666,-0.08049969101892351,0.0024500467416613946
2000-06-09,9.30568553460318e-05,0.06560067394049716,-0.01290586901376588,0.00017038851621606414,-0.08042667405822103,0.0024531508150759333
2000-06-12,9.304703620520495e-05,0.06557093444524223,-0.012906940257099304,0.00017029188753178885,-0.08039666377030355,0.0024569455539805306
2000-06-13,9.312191840082721e-05,0.065544633292583,-0.01290854666502241,0.00017030257940528376,-0.08034096160232979,0.0024600867178939754
2000-06-14,9.31830961147866e-05,0.06551858695342354,-0.012910396827159845,0.00017029193293460415,-0.0802729753133282,0.0024638320936679675
2000-06-15,9.326959531343919e-05,0.06549528002943797,-0.01291191401531858,0.0001702760675532458,-0.08025973144729179,0.002466683685963229
2000-06-16,9.33564362970141e-05,0.06546750704896517,-0.012913739392859967,0.0001700951506216781,-0.08023516433917612,0.0024690620952032595
2000-06-19,9.341914012037888e-05,0.06544495578142764,-0.012915203970118146,0.00016982888397695355,-0.0801814659881441,0.002472135066440697
2000-06-20,9.347137691999257e-05,0.06542022000286478,-0.012917035954206473,0.00016968195748990082,-0.08017071066315508,0.0024756730935245295
2000-06-21,9.346331767378125e-05,0.06539700453286172,-0.012918361978071283,0.00016967105058712467,-0.0801295574339245,0.002478949435010122
2000-06-22,9.355375661523125e-05,0.06537237271599962,-0.012919767783591567,0.000169559202587846,-0.0800836739902674,0.0024822115708379804
2000-06-23,9.364325380382256e-05,0.06535165926809168,-0.012921789254407458,0.00016963383589899667,-0.08000644443187696,0.0024853732573499434
2000-06-26,9.370615822396151e-05,0.06532543964173945,-0.012924200232360098,0.00016943347625604835,-0.07996499932774383,0.002487866393099437
2000-06-27,9.38349847712347e-05,0.06529985812694408,-0.012926138917059068,0.00016937151855971383,-0.07990199111256657,0.002490351274926346
2000-06-28,9.38313219223665e-05,0.06527495659836394,-0.012927426705912107,0.00016928171088461893,-0.07986863955619596,0.00249320915103696
2000-06-29,9.385332964538415e-05,0.06525303914881606,-0.012929656500473875,0.00016932731872871,-0.0797938265418695,0.002496569633445771
2000-06-30,9.384603358518584e-05,0.06522494905990778,-0.012931708579935919,0.0001692590043853081,-0.07974550857336506,0.0024991084808719736
2000-07-03,9.395801071884023e-05,0.06519649750390698,-0.012932754855732902,0.0001691991909900757,-0.07970494980304767,0.002502092670409214
2000-07-06,9.40012942784612e-05,0.06517391246990484,-0.012934432899808175,0.00016930876398932006,-0.07964701110614923,0.0025049145862382615
2000-07-07,9.40852265685516e-05,0.0651516990318964,-0.01293640953370515,0.00016910594134461748,-0.07959877856152937,0.002507432006400205
2000-07-10,9.41123283457508e-05,0.06513124277349033,-0.01293789188178523,0.00016898086199067523,-0.07953274944743455,0.0025104523028107034
2000-07-11,9.420254443259031e-05,0.0651095509506925,-0.012939556357091268,0.00016894076184518234,-0.07949617457812072,0.0025133406707959537
2000-07-12,9.424478581887719e-05,0.06508406790034729,-0.012941567100252146,0.00016874153341020154,-0.07942586986967612,0.002516781252117688
2000-07-13,9.429789990391732e-05,0.06505970430683285,-0.012943851562752642,0.00016859212271148487,-0.07936418853104782,0.0025205265645520227
2000-07-14,9.432919430360058e-05,0.06503670282937267,-0.012946469525971957,0.0001684224287240981,-0.07929502747868437,0.002523941833840081
2000-07-17,9.440826578973437e-05,0.0650118051632016,-0.012947959445464995,0.0001684187714423739,-0.07926151751942549,0.0025265727563316275
2000-07-18,9.445322460254252e-05,0.06499195813470113,-0.012950088434391088,0.00016837992334578971,-0.07923970598541255,0.0025293465534046797
2000-07-19,9.447732327648877e-05,0.06497246574808437,-0.012952336752483303,0.00016834311589550806,-0.07919020277922934,0.002532956901901635
2000-07-20,9.453847414271672e-05,0.06495032310477875,-0.012954336608021214,0.00016812981450534028,-0.07911229937289994,0.002537248372623835
2000-07-21,9.460980935467058e-05,0.06492193033359334,-0.012956150122269071,0.00016801738909189378,-0.07909669227907555,0.0025399374040119345
2000-07-24,9.4672327124515e-05,0.06490055063686825,-0.012957433553602448,0.00016775024399822095,-0.07904726708149676,0.002542615767164721
2000-07-25,9.478338286086747e-05,0.06487732640726163,-0.012959345748933893,0.00016778181599569187,-0.07901154053560071,0.0025458606287925103
2000-07-26,9.49022851569628e-05,0.06485083537625404,-0.012960657456307907,0.0001676821030754696,-0.07897062866951146,0.0025495505232080817
2000-07-27,9.498189259065307e-05,0.06482437398522818,-0.012962268214163545,0.000167589758726702,-0.07892180716575958,0.002552402494506729
2000-07-28,9.503234735897414e-05,0.06479977467049762,-0.012963535986425351,0.00016749245621153132,-0.07886575049062142,0.002555436847504556
2000-07-31,9.504029973065074e-05,0.06477644025960784,-0.012966240271741848,0.00016743096482023357,-0.0788415344864653,0.0025594294596254863
2000-08-01,9.521055731158233e-05,0.06475210146118786,-0.012968145536471446,0.00016737984689625289,-0.07880860947179696,0.002561929651034177
2000-08-02,9.532748148439641e-05,0.06472259690044453,-0.01296938730773265,0.00016735433388827536,-0.07875902169537309,0.0025656899594198035
2000-08-03,9.539840014560138e-05,0.06470056615364775,-0.012971217011267973,0.0001672113886628875,-0.07872818162772054,0.002568719585952718
2000-08-04,9.542637740241721e-05,0.06468113147028579,-0.012973460185097718,0.0001669942147655537,-0.07867329372427533,0.0025718323494438445
2000-08-07,9.547259698218912e-05,0.06465710197106116,-0.012974643152901357,0.00016688747515544323,-0.07866049557524088,0.0025740768682153445
2000-08-08,9.552072368693783e-05,0.06462848572108687,-0.012976795524007535,0.00016666997871848512,-0.07857371959170167,0.0025764343673338966
2000-08-09,9.559812292107049e-05,0.06460638031504096,-0.01297920010507525,0.00016648639040106597,-0.0785393282864761,0.0025800102122906445
2000-08-10,9.572264803407653e-05,0.0645823671488085,-0.01298112080859514,0.000166353998722359,-0.07846790453343468,0.0025826887981066768
2000-08-11,9.572124844641619e-05,0.06455925615575926,-0.012982340181586576,0.0001662891416113408,-0.07840154182947323,0.002586125880689086
2000-08-14,9.578344114168953e-05,0.06453004172139687,-0.01298398440559619,0.0001663809215043081,-0.07838000344842139,0.0025885597821420133
2000-08-15,9.589243371054974e-05,0.0645048439519796,-0.012986655273187698,0.00016624309445356533,-0.07835468590036565,0.0025913174272320628
2000-08-16,9.603147911887498e-05,0.06448306878226712,-0.012988377101648444,0.0001662112433086326,-0.07835126689047904,0.0025950236853622233
2000-08-17,9.609766047370917e-05,0.06446266999604894,-0.012990173021031339,0.00016592890373341842,-0.07831468432663331,0.002597755058511246
2000-08-18,9.615503484067871e-05,0.06443704791741534,-0.012991629270564095,0.00016579270541522195,-0.07822387835876425,0.0026012308478851782
2000-08-21,9.628886448239779e-05,0.06441311638494138,-0.012993461250770461,0.00016572294401789308,-0.07815108018005905,0.002603842196513974
2000-08-22,9.640749494434708e-05,0.06439124480034468,-0.012995291475114785,0.00016568101812921603,-0.07818863315133881,0.0026071524491985834
2000-08-23,9.646952171968465e-05,0.06436993764801943,-0.012997794150467236,0.00016560078309809555,-0.07814377785773759,0.002609861727393772
2000-08-24,9.651306825397607e-05,0.0643480852672372,-0.012999539714095497,0.00016550036700679042,-0.0780740705632904,0.0026119587344545013
2000-08-25,9.656201368226615e-05,0.06432503861817408,-0.013001271339556617,0.00016537443206309055,-0.07799802882265418,0.0026151186519826368
2000-08-28,9.66310380611053e-05,0.06430260098937918,-0.013004060428951384,0.00016528670580996047,-0.07793362604102876,0.002618499898798333
2000-08-29,9.674984374365537e-05,0.0642780512812629,-0.013005397045594082,0.00016513755745360147,-0.07788471777359689,0.002621207710611598
2000-08-30,9.68343335610025e-05,0.06425079557160239,-0.013006930945812501,0.00016502600235536268,-0.0778274219753397,0.0026243885421370614
2000-08-31,9.686695028783282e-05,0.06422494486815714,-0.0130090335085173,0.0001650521514381438,-0.0777722618381088,0.002628209522444329
2000-09-01,9.69240440352639e-05,0.0641998745701423,-0.013010307109384731,0.0001649788364630077,-0.07771338427174981,0.0026316725574552103
2000-09-06,9.703143493602769e-05,0.0641792205785223,-0.013011590448546584,0.00016485906723209956,-0.0776351510311671,0.002634178999173883
2000-09-07,9.712717947277196e-05,0.06414919581272296,-0.013013644649297423,0.00016469363068154222,-0.07753625751052362,0.0026374050051872293
2000-09-08,9.716858251136735e-05,0.06412388559095682,-0.013015481988273589,0.00016468004789186374,-0.07749674601004046,0.0026406379287607514
2000-09-11,9.727588608112532e-05,0.06409749419266496,-0.013016471585622547,0.00016466124354705338,-0.07743019822419413,0.0026425958256606997
2000-09-12,9.736671899950661e-05,0.06407174415052717,-0.013018179349293835,0.00016440740709036897,-0.07733925762868266,0.00264547237553349
2000-09-13,9.741607427403525e-05,0.06404715317866833,-0.013019188743378948,0.00016444032579718203,-0.07724947236604562,0.0026485220547056037
2000-09-14,9.74594522674762e-05,0.06402045863473775,-0.013020582957654854,0.00016440422966345996,-0.07721881255559154,0.00265166954944195
2000-09-15,9.753582330021265e-05,0.06399273330575181,-0.01302229404422209,0.0001643353060304757,-0.07715935393227621,0.0026550425145755053
2000-09-18,9.759021901813682e-05,0.06396809790522479,-0.013023998500193607,0.0001640083918406325,-0.07711792432707666,0.0026591529450265645
2000-09-19,9.770618029480002e-05,0.06394546430705413,-0.01302602035613558,0.00016395744742602882,-0.07706376819566133,0.0026622582073673262
2000-09-20,9.775540104797939e-05,0.06391941766218578,-0.013027594610907458,0.0001640361848076262,-0.07703146683799152,0.00266577084326647
2000-09-21,9.784258532174751e-05,0.06388880361357772,-0.01302976610610397,0.00016392315797346385,-0.07694773887898906,0.0026686036658978784
2000-09-22,9.79296834123146e-05,0.06385835527295071,-0.013031578446255928,0.00016372338243682676,-0.07689295901708484,0.0026711069982843557
2000-09-25,9.806985551566444e-05,0.0638293895733132,-0.013033675986365824,0.0001637149381578979,-0.07681138679089329,0.0026739160556663645
2000-09-26,9.812887156490909e-05,0.0638027343145545,-0.013035431378663755,0.00016364238142234006,-0.07669432514008091,0.0026771896324715902
2000-09-27,9.821839893248878e-05,0.06377675762847432,-0.013036779410372042,0.00016354529712884577,-0.07662839492395468,0.002681177838402924
2000-09-28,9.826855031843693e-05,0.0637546832536944,-0.013038908896954427,0.0001634200405867911,-0.07659251557707426,0.0026840298124689776
2000-09-29,9.834940673390565e-05,0.06372733109262668,-0.013040218293397104,0.0001634226697167022,-0.07653762840947026,0.0026868417739021704
2000-10-02,9.84444770645738e-05,0.06370084125719133,-0.013041896839988505,0.00016330772001466577,-0.07648230337928724,0.0026897408958790428
2000-10-03,9.856002479865756e-05,0.06367708293618489,-0.013043565858718811,0.00016325845300827857,-0.07643332622102733,0.0026927825910091777
2000-10-04,9.871901761867487e-05,0.06365464379946119,-0.013045236704508412,0.00016330297692903942,-0.07638745877861518,0.002696562519135662
2000-10-05,9.878777388219634e-05,0.06362661576477477,-0.013047135788096954,0.00016325758669985175,-0.07633636730386889,0.0026992410805907127
2000-10-06,9.8885722028137e-05,0.06360254113841375,-0.013049132324847645,0.00016317114745660524,-0.07630640532052618,0.002701495023065194
2000-10-11,9.90102229136747e-05,0.06357678586936952,-0.013050225297594562,0.00016311496879340228,-0.07627350683776526,0.0027040258883075903
2000-10-12,9.911840616395523e-05,0.06355994331970723,-0.013051924167721716,0.00016305495476699077,-0.07628429290171315,0.0027076421243394425
2000-10-13,9.92054662326767e-05,0.06353601147981411,-0.013053304342462265,0.00016294014208835127,-0.07621700333855132,0.002710921464574401
2000-10-16,9.93043128066813e-05,0.06351127471606413,-0.013055384755975794,0.00016275724891647231,-0.07616157096478843,0.002713713086069034
2000-10-17,9.93889810787051e-05,0.06348544568121349,-0.013058228178576822,0.0001628380883371203,-0.07605541876860332,0.0027173858295220683
2000-10-18,9.951618788048256e-05,0.06346373200027491,-0.013060413915599792,0.00016276241850367803,-0.07600730743912076,0.002720805295635018
2000-10-19,9.95253046780039e-05,0.06343944657936211,-0.013062437786060595,0.00016270714308802821,-0.07593348576723807,0.0027239877853774993
2000-10-20,9.95771665037555e-05,0.06341743194464222,-0.013064305444108387,0.00016286172336042268,-0.07586766430091887,0.002726560946891175
2000-10-23,9.968047597796228e-05,0.06339722128659148,-0.01306594400592274,0.00016284790236455846,-0.07581686176533035,0.0027290736145371528
2000-10-24,9.980225569301547e-05,0.06336853249498482,-0.013068317997768938,0.00016261830443197231,-0.07575614996358854,0.0027321931730111696
2000-10-25,9.988856025155517e-05,0.06334795597963655,-0.013070661548726265,0.00016239205466570645,-0.07569223851399404,0.0027355986293696607
2000-10-26,9.995033966652618e-05,0.06332169180621333,-0.013072209235914092,0.0001623230484444059,-0.07562081177524445,0.0027385248470750932
2000-10-27,0.00010001624671675754,0.06329926733292757,-0.013073714774770831,0.0001622276699816274,-0.07554850410722805,0.0027416269348428087
2000-10-30,0.00010016206548423378,0.06327140344860989,-0.013075581282218755,0.00016215851510253056,-0.0755125711124476,0.0027446971628768803
2000-10-31,0.00010021758986618833,0.06324839696959715,-0.013076629539002113,0.000162214016853196,-0.07542240067968885,0.002747807787623468
2000-11-01,0.00010026663494513685,0.06322436412336285,-0.013078175576333895,0.00016219725622873663,-0.07535787298423507,0.0027515694887328516
2000-11-02,0.00010035114872537434,0.06320213897258108,-0.01307986216566296,0.00016213662997321265,-0.07530049053471399,0.0027541195082440694
2000-11-03,0.00010044119887493755,0.06317902378668445,-0.01308206238796005,0.00016220808084571364,-0.07524061751439831,0.0027579284975909847
2000-11-06,0.00010053049336157661,0.06316175096530582,-0.013082974982399931,0.00016218162040836583,-0.07518513311848844,0.002761189846115968
2000-11-07,0.00010061605050015901,0.0631286279201552,-0.013085179015353308,0.00016208976335162467,-0.07509182538127619,0.002763334120570275
2000-11-08,0.00010068300199240894,0.06310360504608795,-0.013087065048787408,0.00016194040004302666,-0.07502752683521083,0.002766812250176215
2000-11-09,0.00010075479977532849,0.06307798187840229,-0.013088435481416177,0.00016192748201640815,-0.07494527924957235,0.002770438945190242
2000-11-10,0.00010083679625841681,0.06305674755317914,-0.013090249986197728,0.0001617345189514489,-0.07489590577268632,0.0027749117435130286
2000-11-13,0.00010094387580732977,0.06303108920866772,-0.013091659812576581,0.00016163733563436206,-0.074835558698545,0.0027774939033521095
2000-11-14,0.00010107134954876639,0.06300554243811786,-0.013093224539237756,0.00016172374057334064,-0.07478713611172712,0.002780782214930184
2000-11-15,0.00010117682322952347,0.06297821455926417,-0.013094939937635422,0.00016145571767155244,-0.07474510736581838,0.002783531398848781
2000-11-16,0.00010123352956905987,0.0629539379710026,-0.013096972306998573,0.0001614489603363799,-0.07467060412928891,0.0027866896626085654
2000-11-17,0.00010134781642413769,0.06292693215215615,-0.013098407203319904,0.0001615680784248417,-0.07461863620242107,0.002790212353867606
2000-11-20,0.00010147870704441305,0.06290296930096635,-0.013100334972023968,0.00016154396309826262,-0.07456345554132031,0.0027937579119312475
2000-11-21,0.00010155097248932198,0.06287673103182184,-0.013101903412871993,0.00016138520283490794,-0.07449799250930259,0.0027970419970623737
2000-11-22,0.00010163834663335393,0.06285302070142927,-0.013103006115961002,0.00016143519440840046,-0.07442564870165072,0.0027993997347357325
2000-11-27,0.00010170034384721666,0.06283057371992762,-0.013104747537070641,0.00016138275472462222,-0.07439034721282176,0.0028030958886520662
2000-11-28,0.00010172952705554489,0.06280894786799908,-0.01310665683230054,0.00016146951031802506,-0.07435163381160922,0.002806004374767723
2000-11-29,0.00010183133571001467,0.06278310776123275,-0.013108439584676725,0.00016123872653854297,-0.07428526978374303,0.002809116491978946
2000-11-30,0.0001019342889573636,0.0627596366504712,-0.013110443400542881,0.00016107573484331708,-0.07422462008510326,0.002811771585546713
2000-12-01,0.00010202465640602437,0.06273082716412949,-0.013112060755989401,0.00016100232805173477,-0.07417405048081666,0.0028148361819261584
2000-12-04,0.00010208522150441074,0.0627070461759942,-0.013113211515641722,0.0001607608254398829,-0.07414839763749981,0.002818007138387989
2000-12-05,0.00010217366479231175,0.06268205125205153,-0.013114850670817942,0.0001606711988349246,-0.07411590197846642,0.002820781022559107
2000-12-06,0.0001022586287374959,0.06265734506919012,-0.013116096623775985,0.00016056017572358428,-0.0740628959675815,0.002824097826139023
2000-12-07,0.00010233031588431174,0.06263451815448179,-0.013117913426656441,0.00016045534873848944,-0.07401848565260657,0.002826856860129118
2000-12-08,0.00010241164108658052,0.0626124693501653,-0.01311983819206502,0.00016033867611328455,-0.07398362506700709,0.0028297050723263733
2000-12-11,0.00010243847862313929,0.06259071165218394,-0.013121676375981071,0.0001602470336759293,-0.07391383098879604,0.0028326338283819223
2000-12-12,0.00010259420786916173,0.06256372257118978,-0.013123898948606157,0.00016029706508674497,-0.07384996049405443,0.002835199855261839
2000-12-13,0.00010270272181113745,0.06254480356184138,-0.013125505213782718,0.00016027446546872023,-0.07374173124179485,0.0028375476192185273
2000-12-14,0.00010280437554262635,0.06252279092037083,-0.013127294082077943,0.0001602155545618596,-0.07370160872679779,0.002841003565419044
2000-12-15,0.0001028419819861533,0.0625020705939339,-0.013128277538391674,0.00016022301996615254,-0.07360111283400092,0.0028443951772267498
2000-12-18,0.00010285102320483205,0.06248226015251733,-0.013130369331345645,0.00016020813926549801,-0.07354854723624929,0.002847304408740609
2000-12-19,0.00010293993781037121,0.0624595105934394,-0.013133236296546186,0.00016008361644791134,-0.07352217008890971,0.0028499476595053043
2000-12-20,0.00010303049530737275,0.06243519370363501,-0.01313432140097053,0.000159955702978438,-0.07349260171247468,0.0028534889769026195
2000-12-21,0.00010312807001673624,0.0624141477576011,-0.013136126918769624,0.00015985074247772861,-0.07348498980540395,0.002856315427159256
2000-12-22,0.00010316869002529787,0.062391613318910556,-0.013137712264431074,0.00015964708860878113,-0.07342340484332324,0.0028592968194062446
2000-12-27,0.00010321182631443125,0.06236967773440145,-0.01313895777486884,0.0001595139263866498,-0.07341086057973539,0.002862541584792108
2000-12-28,0.00010331426999700347,0.06234102011665918,-0.013140308979663966,0.00015944144533567154,-0.07334885637507402,0.002865953324872686
2000-12-29,0.00010336874386909103,0.06232185363250878,-0.013142039679888038,0.0001594487583589023,-0.07327720738040994,0.002869549889499289
2001-01-03,0.00010342367278994905,0.062297002479805505,-0.013144092256209088,0.00015924998975764708,-0.07320271777440518,0.002872430570479692
2001-01-04,0.00010346310601258823,0.062275684710903466,-0.013145290772570544,0.00015915447809847154,-0.07312548295552636,0.0028757742899797717
2001-01-05,0.00010354457708916753,0.062251302050394294,-0.013146960545068177,0.00015909009787943768,-0.07308891282937917,0.002878608471878278
2001-01-08,0.00010357912863104546,0.062228598485275344,-0.013149165073503001,0.00015903532486665167,-0.07304254245320543,0.002881693207468446
2001-01-09,0.00010371963729763936,0.062207587191410715,-0.013150420290539696,0.00015903122361891228,-0.07298724013340918,0.0028836957936743063
2001-01-10,0.0001037836497265383,0.062182573763844416,-0.01315221299849275,0.00015892669804524868,-0.07291353016180302,0.002886470624633648
2001-01-11,0.0001038699804617591,0.06216137935941138,-0.013154356954738121,0.00015890608480085265,-0.07290405805733403,0.0028893757260799774
2001-01-12,0.00010395115663700809,0.06214132242532018,-0.013155630870075033,0.00015888407313083627,-0.07286049517871962,0.0028918821229816484
2001-01-17,0.00010405678946920393,0.06211985803194152,-0.013157499205831336,0.00015857342732341197,-0.07280683897281129,0.0028956786034162463
2001-01-18,0.0001041122897193332,0.06210110838267315,-0.013159202406177309,0.0001586141171364832,-0.07278104593367826,0.0028984937766472927
2001-01-19,0.00010410723403375175,0.06207387281998261,-0.013160442457611362,0.00015853507635931575,-0.07276742998401575,0.002901484937825457
2001-01-22,0.00010424029886266745,0.06205233889294911,-0.013162829705054047,0.00015850525080672784,-0.07275102397604863,0.0029040703164234308
2001-01-23,0.00010425184217496276,0.06202648154886531,-0.01316436411203396,0.0001582576941019764,-0.07272348595081365,0.002906904131232667
2001-01-24,0.00010436764925305376,0.061997393586606525,-0.013165833204664228,0.00015827268435247559,-0.07266651992596973,0.0029091524469703166
2001-01-25,0.0001044559917664286,0.06197549625523731,-0.01316766320820192,0.00015818675059516943,-0.07264953278287424,0.0029113557154104848
2001-01-26,0.00010452024609376801,0.06194713558351138,-0.013168994211747487,0.0001582169131154586,-0.07260985048200062,0.0029145511666382458
2001-01-29,0.00010460787664238397,0.061927133374876084,-0.013170059131265274,0.0001581053053527646,-0.07261194951395816,0.0029178122553304977
2001-01-30,0.00010472973999530938,0.06190189775811502,-0.013170713161617522,0.00015803061388667828,-0.07256349512933008,0.0029208828927612496
2001-01-31,0.00010486604544571107,0.06187366915945867,-0.013172602134850653,0.0001580325180438031,-0.07250108104984154,0.0029235377007987558
2001-02-01,0.00010495717508250616,0.0618504489461577,-0.013173976616062733,0.00015801047659913628,-0.07244188785213107,0.002926278565345869
2001-02-02,0.00010504902839912747,0.06182100069962442,-0.013175334226938108,0.00015802025332379332,-0.07241159627398891,0.0029282697113251445
2001-02-05,0.00010513224955968482,0.06179245558490869,-0.013176768412466393,0.00015779476476849178,-0.07235971943178982,0.002931935825618871
2001-02-06,0.00010521482650075964,0.061770240477030336,-0.013177764339280463,0.00015761318966271085,-0.0723019159587912,0.002934885862271721
2001-02-07,0.00010524927083814929,0.06175192364676389,-0.013178669375434764,0.00015757041877236888,-0.0722468541675145,0.0029384183093202217
2001-02-08,0.00010529936447164822,0.0617305058655621,-0.013179603488870695,0.00015753710196740625,-0.07220811042792409,0.0029411826555179477
2001-02-09,0.00010542337031702823,0.06170956329918752,-0.013181134769687073,0.00015737126287546788,-0.07217482773604109,0.0029438803005653325
2001-02-12,0.00010550030839923115,0.06168533337610905,-0.013183042830383306,0.00015717540312193258,-0.07209911394729394,0.0029464726492957915
2001-02-13,0.0001055644036198536,0.061663181261901345,-0.013184790622284955,0.00015706711742637688,-0.0720325793667899,0.002949068776590668
2001-02-14,0.00010562670913885782,0.06163888167734263,-0.013186040308273129,0.00015705352539440462,-0.07200051767589888,0.0029521244759885103
2001-02-15,0.00010567852951002976,0.06161948537274862,-0.013187501812657142,0.00015703513003262196,-0.071982095748109,0.0029548648431020966
2001-02-16,0.00010578848378738698,0.06160038582688386,-0.013189436350339385,0.0001568512611837209,-0.07191650161805821,0.002956201576070061
2001-02-21,0.00010590410669423657,0.06157476422481635,-0.013190198703468888,0.00015670326446123487,-0.07188716703281059,0.0029582691565516483
2001-02-22,0.00010600596312141312,0.06155444752227181,-0.013191709205701703,0.00015663345403128925,-0.07183604493536813,0.002960309338848437
2001-02-23,0.00010609509771100723,0.06152899421341285,-0.013193679651912404,0.00015675079270603722,-0.07179516984090248,0.002963249076117924
2001-02-26,0.00010620408814368348,0.06150465795941347,-0.013194821147436165,0.00015672872812687357,-0.07175355440468263,0.0029653751459903215
2001-02-27,0.00010630797697549342,0.06148181362962848,-0.013196819261338895,0.0001566161644591487,-0.07170041285422395,0.0029685078744661345
2001-02-28,0.000106351998598369,0.061463471456641314,-0.013198823004555275,0.00015645808463194758,-0.071657914372026,0.002970560465156554
2001-03-01,0.00010642910998548882,0.06144341050295583,-0.013199297131394918,0.00015640455946566085,-0.07162109596265938,0.0029730255408890074
2001-03-02,0.00010651974077598896,0.061420043331616256,-0.013200842334636732,0.0001563296402408687,-0.071573275082565,0.0029757251036483493
2001-03-05,0.00010662406723526247,0.061404869635886275,-0.013201353105133363,0.00015639744726701256,-0.07155405929246483,0.002978158507671756
2001-03-06,0.00010670861793008282,0.06138643604495704,-0.01320177118729131,0.00015634949240681827,-0.07149931464041945,0.0029812766323354147
2001-03-07,0.0001067861767369103,0.06136528406783866,-0.01320276870369205,0.00015616188016836558,-0.071451042813612,0.0029828612211558387
2001-03-08,0.00010681888257757852,0.061347230190168425,-0.013203149421862246,0.00015602539276742306,-0.07141757229549464,0.0029849254337897127
2001-03-09,0.00010688755124271347,0.061324014974889186,-0.013205199733826703,0.00015589169370296707,-0.07137215841095974,0.00298784921358688
2001-03-12,0.00010694556390750133,0.06130403437361499,-0.013207168575108029,0.00015569100727611258,-0.0713679332634339,0.0029898383143075868
2001-03-13,0.00010702171051369197,0.06128612608421388,-0.01320894996230929,0.0001555307744110956,-0.07134421420421837,0.0029929117921892513
2001-03-14,0.00010708187268576354,0.061265154910452015,-0.013210431098199448,0.00015538325985844546,-0.07129027329312702,0.002994865923418269
2001-03-15,0.00010712561678710422,0.061247755286186145,-0.013212011381949638,0.0001552905392668398,-0.07119946993099487,0.002997551007313758
2001-03-16,0.000107227596194776,0.06122536951617574,-0.013212812000685996,0.00015499654540355182,-0.07109730277496151,0.0030003112758365206
2001-03-19,0.00010729480798551574,0.06120798239853037,-0.013214436785155709,0.0001550568206808866,-0.07101866789543079,0.0030025828611410163
2001-03-20,0.00010739965322937443,0.06118245842879346,-0.013215392018964604,0.0001550637814323477,-0.07096320913731351,0.0030060405531252272
2001-03-21,0.00010746106606223734,0.06116499092819586,-0.013217295763766155,0.00015486619179456323,-0.0708993580794898,0.0030083873064793085
2001-03-22,0.00010755891232985781,0.06114370534026475,-0.013218877369438019,0.00015504243220575687,-0.0708452983302956,0.0030116265489220895
2001-03-23,0.00010762488524679117,0.061122758409730776,-0.013220291390041066,0.00015496886814569177,-0.07079937819244682,0.0030137559288549607
2001-03-26,0.00010771077089504878,0.06110225503177942,-0.013221757876693545,0.0001549327382214405,-0.07077466180387516,0.003016348800001666
2001-03-27,0.00010777092695235932,0.061082684171126084,-0.013223523878385471,0.0001547982834264074,-0.07071297537012637,0.003019116288908334
2001-03-28,0.00010787475063431536,0.061059477031131335,-0.013223744071363421,0.00015466994339227025,-0.0706434493545024,0.0030214001148546298
2001-03-29,0.00010794976249136366,0.061035285014196444,-0.013225155704848286,0.0001545447078960087,-0.07062211675830064,0.0030248399027423553
2001-03-30,0.0001080500749488027,0.06101821051324185,-0.01322633818701009,0.0001543919659434614,-0.07054746018752202,0.0030286545476467842
2001-04-02,0.00010814348013407659,0.06099757471238467,-0.013227420306327864,0.00015437869139863766,-0.070513515193521,0.0030306873735476583
2001-04-03,0.00010818942778268261,0.06097278443119814,-0.013228564869291345,0.00015425730544232818,-0.07044830875223969,0.0030325985518723313
2001-04-04,0.00010823236735850672,0.060950177851069084,-0.013229433518566234,0.0001540894396486913,-0.07040802465442592,0.0030342994446612916
2001-04-05,0.00010837422347174026,0.06092803428483924,-0.013231390263818378,0.00015401320790294238,-0.07037483471854576,0.0030375705974742904
2001-04-06,0.00010850133107833079,0.06090534112317397,-0.013232892496397189,0.0001539670920040216,-0.07030640685020982,0.0030399932188845944
2001-04-09,0.00010861281355732739,0.06088559070682229,-0.013233778484239804,0.0001538635345813699,-0.07024823312870916,0.00304236189750508
2001-04-10,0.00010874977807574969,0.060860773009540195,-0.013235379528346398,0.00015376201010849577,-0.07019182153101758,0.0030445184087624674
2001-04-11,0.00010878594878646137,0.0608406410977633,-0.013236573512086057,0.00015373656929702008,-0.07009391544845772,0.0030474014784582434
2001-04-12,0.0001088252934785404,0.06082241569652873,-0.013236920082731002,0.00015364311127122516,-0.07002753901063535,0.003050110218882398
2001-04-17,0.00010888583038469408,0.06080044423123171,-0.013238678588422842,0.00015355710465614027,-0.0699999774939373,0.0030518058369211304
2001-04-18,0.00010896325221044553,0.0607850315459911,-0.013240325388167027,0.00015341192464631787,-0.06992482615833252,0.003054449620335954
2001-04-19,0.00010908423263656858,0.06076457909385535,-0.013241426940851014,0.00015321659798349572,-0.06986022939261899,0.0030571475207260015
2001-04-20,0.00010912808943438355,0.060745199809464294,-0.013243574274679553,0.0001531541481024563,-0.06985895456721386,0.00306013088259979
2001-04-23,0.00010920569304804289,0.06072559208825314,-0.013244845159984524,0.00015308730984169057,-0.06984406623945941,0.0030620399893299625
2001-04-24,0.00010929958038604247,0.060708466637571686,-0.013246191968226661,0.00015286265116492816,-0.06980053930920636,0.0030643514868044725
2001-04-25,0.0001093294769535494,0.06068293626922875,-0.013247178778067624,0.0001528481850470038,-0.06974340563561668,0.003066251207854593
2001-04-26,0.00010943038559283659,0.06066317134423319,-0.013249051408402652,0.00015274240713686378,-0.0697168929115711,0.0030680055426914486
2001-04-27,0.00010948326821294646,0.060642722093772174,-0.013251236502241796,0.00015271706469971197,-0.06966509179404325,0.0030696379821943823
2001-04-30,0.00010954898045805036,0.060620433473791674,-0.013252274084162225,0.00015255030633347556,-0.06959208783264105,0.0030722861402439536
2001-05-01,0.0001096355131849157,0.060598077300747503,-0.01325370673492488,0.00015230548416808305,-0.06953100459108202,0.0030748240761005958
2001-05-02,0.0001096949701202101,0.06057914475569058,-0.013254858033353661,0.00015220022118882186,-0.0694533060571687,0.003077307889082838
2001-05-03,0.0001097820269945441,0.06055688411047233,-0.013256644618259393,0.00015204769299248928,-0.06941135980775417,0.003079365912066013
2001-05-04,0.00010987374077854167,0.06053222059711523,-0.013258075214900095,0.00015191778438932845,-0.06936059900694963,0.003081611573843403
2001-05-07,0.0001098936994708741,0.06051650837208227,-0.013259509769856447,0.00015184620600871342,-0.06929467886239635,0.0030838020135218218
2001-05-08,0.0001099742444035393,0.0604945714258699,-0.013260731248799357,0.0001518123730661291,-0.06925147364258787,0.00308580734229016
2001-05-09,0.000110073673583746,0.06047336162301718,-0.013262087564853649,0.00015178246184731041,-0.06918606669623585,0.003088683942497622
2001-05-10,0.00011014298287212625,0.06045793468145865,-0.013263609891675186,0.0001517241623695983,-0.06912820791851157,0.003091775116941065
2001-05-11,0.0001102521106268028,0.060437702080604325,-0.013265921962478226,0.0001515866635360809,-0.06911174804379154,0.0030941935017429695
2001-05-14,0.00011032287008319026,0.06041838645991118,-0.013267196687604395,0.0001515621526287921,-0.06904652623558655,0.0030967423264357534
2001-05-15,0.00011034625687357106,0.06039817128155738,-0.013268518120373291,0.00015145820665961657,-0.06898151340877631,0.003099231089823924
2001-05-16,0.0001104248763748941,0.06037376799748198,-0.013269958872855278,0.00015147262459738793,-0.06896517788566234,0.0031022768002685382
2001-05-17,0.00011044468950585483,0.06035308953289945,-0.013271900877123,0.0001513988590039439,-0.06888938278887881,0.003104309110831319
2001-05-18,0.00011057044304987253,0.06033176463345151,-0.01327321360084817,0.00015137092442935355,-0.06884684703967152,0.0031071693500533976
2001-05-21,0.0001105917626363187,0.06030911314829604,-0.01327467170486817,0.000151372641883006,-0.06877551504122933,0.003109810364750972
2001-05-22,0.00011064351987100587,0.06028554644412878,-0.013275522581439405,0.00015119467389867742,-0.06872670033975412,0.0031119071072034502
2001-05-23,0.0001107579921299329,0.06026278555669613,-0.013277157482457105,0.00015117288617108303,-0.06869175796666457,0.003114612006944417
2001-05-24,0.00011086806841016833,0.060241055001829955,-0.013278035120586992,0.00015112349303703684,-0.06864120684809884,0.0031176348755721965
2001-05-25,0.00011091579329808981,0.060222524612292036,-0.013279431519062902,0.00015114474126269744,-0.06858612021252578,0.0031190251009880093
2001-05-30,0.00011100680908471196,0.06020229883760294,-0.013280252911617798,0.00015104616604563693,-0.06852353916370485,0.0031206608696822324
2001-05-31,0.00011104183203980034,0.06018075757253041,-0.013281692338918185,0.00015101371625371362,-0.06849296226323007,0.003123534989444237
2001-06-01,0.00011116071427319193,0.060159824587933015,-0.013283203113426208,0.0001507888320268193,-0.06841039888160502,0.00312643978848423
2001-06-04,0.00011127566287156902,0.06014395116802789,-0.013284579800014382,0.00015072713106530522,-0.06834676769534047,0.003128661834289939
2001-06-05,0.0001114012751261116,0.060124980340171996,-0.013286061665479786,0.00015058159225976483,-0.06829424976059267,0.00313081423957521
2001-06-06,0.00011142149409828735,0.06010284159000943,-0.013288197129827116,0.00015042826758810727,-0.06822321794275797,0.0031333487906915047
2001-06-07,0.00011151221935605333,0.06008264013388108,-0.013289438107423914,0.00015039895473687188,-0.06814700417401956,0.0031357758881535697
2001-06-08,0.00011161072130687866,0.0600607815242467,-0.013290552743936847,0.00015028448657427738,-0.06810342770003884,0.0031388810684882416
2001-06-11,0.00011167494574177176,0.0600352768434235,-0.013292576821815621,0.00015011522158400536,-0.06808413932867069,0.0031421670950188448
2001-06-12,0.0001117611764007991,0.060015024792423835,-0.013294933518732554,0.0001500712352382309,-0.06802378362655356,0.003143483108565372
2001-06-13,0.00011189700202903845,0.05999128933114136,-0.013296596002504374,0.00015006201427888468,-0.06797488530677323,0.0031465897611704036
2001-06-14,0.00011199520228749525,0.05997248336294378,-0.013297601206462631,0.00014989748956076963,-0.06798361739714925,0.003149887622067469
2001-06-15,0.00011208473310033052,0.05995421363768285,-0.013299000447996735,0.0001498063295396845,-0.06794882710120874,0.0031521048992098166
2001-06-18,0.00011216330471775047,0.059933668283843965,-0.013300346324564645,0.00014986887054850654,-0.06790973270546634,0.0031540240514683613
2001-06-19,0.00011226491564703479,0.05991453497134903,-0.013301556989365599,0.0001497677725657802,-0.06783657138949058,0.003157326428252883
2001-06-20,0.0001123172391279823,0.05989524137409449,-0.01330348555959202,0.00014963882002147396,-0.06776927380359786,0.0031598300337752913
2001-06-21,0.0001123743318701131,0.059874056265526596,-0.01330440818704905,0.00014948632089314596,-0.06769591951399279,0.0031622663091251113
2001-06-22,0.00011243279088303267,0.05985395391534537,-0.013305697195349134,0.0001494556767657107,-0.06762584644575817,0.0031647676538555805
2001-06-25,0.00011247524049101759,0.059834888647086,-0.013306778242605762,0.00014929939992861565,-0.0675575284720586,0.0031669140415131352
2001-06-26,0.00011254391106117713,0.05981542122690611,-0.013308759062175587,0.00014910586787217784,-0.06748395256741388,0.003169371667132179
2001-06-27,0.00011265513066927743,0.05979531454760385,-0.013309356370739042,0.00014907726992410082,-0.06740631485739067,0.0031720743967629506
2001-06-28,0.00011278524349757354,0.05977157050589127,-0.013310909224864383,0.00014914690171348812,-0.06733993802408421,0.0031741071766993754
2001-06-29,0.00011287738272778711,0.05974935776194297,-0.013312555396305503,0.0001489882418045266,-0.067272403338733,0.0031760873098730714
2001-07-02,0.00011295310583317714,0.05973687695917318,-0.013314257022044872,0.00014886326058492414,-0.0672061740554947,0.003178033468976534
2001-07-03,0.00011300846506486596,0.05971804514274257,-0.013315433467224939,0.00014884818370571252,-0.06716212155594264,0.0031805214698472886
2001-07-06,0.0001131285832302295,0.05969765733141194,-0.013317051168731752,0.00014873722558296612,-0.06712164144031935,0.0031835863787719305
2001-07-09,0.00011317436674323413,0.05967843775932572,-0.013318424336849266,0.00014860825884936813,-0.06708386362521267,0.0031858141917634956
2001-07-10,0.00011328605482090414,0.0596574401916803,-0.013320310513377355,0.00014845670967751314,-0.06700574465534274,0.003186687161902571
2001-07-11,0.00011334824597254217,0.059637788624163496,-0.013320898978580764,0.00014834744943368464,-0.06694548580607773,0.0031897924993965986
2001-07-12,0.00011339312803573871,0.05961884211342116,-0.013322453739218126,0.00014817726627917266,-0.06688132147168885,0.003192301876096179
2001-07-13,0.00011349016506514204,0.059599089381515376,-0.013324290947077305,0.0001480576312916008,-0.06682223392073934,0.0031950639730043036
2001-07-16,0.00011359712462767732,0.059578089279633206,-0.013325243360818393,0.00014786587879843046,-0.06678643232150208,0.0031980970724415922
2001-07-17,0.00011362085382818056,0.05956109201100353,-0.013327061271510959,0.00014777371904518632,-0.06676834182352208,0.0032014203390929186
2001-07-18,0.00011377132946649055,0.059546911469754736,-0.013328577568176445,0.00014763822758237784,-0.06673323035328593,0.003203521323787821
2001-07-19,0.00011383860724606843,0.05953009671171723,-0.013330018539223948,0.00014767378713101135,-0.06672098230036211,0.0032059390820221344
2001-07-20,0.00011395144935329255,0.059514676973229395,-0.013331822428364342,0.00014753423837553342,-0.06664986552097,0.0032086304402544384
2001-07-23,0.00011400430153605042,0.05949122028663028,-0.013333405772597786,0.00014751578756801555,-0.06658250912808832,0.0032107737699564047
2001-07-24,0.00011410643126825678,0.05946625149640631,-0.013335549181060065,0.00014752016558738787,-0.06654282161571594,0.003214537543832237
2001-07-25,0.00011420629025315288,0.05945257291783006,-0.013336893535656504,0.0001473481607624223,-0.06648410758812337,0.003216547785128856
2001-07-26,0.00011424992357298996,0.05943198060664277,-0.013338771441468491,0.00014725619749257247,-0.06645738787059471,0.0032187270001036066
2001-07-27,0.00011435257457972973,0.059414039758519076,-0.013340451013150347,0.00014713093767296934,-0.06643005961669474,0.0032203519017005274
2001-07-30,0.00011439537585935969,0.05939385616888093,-0.013342187951046277,0.00014704153712165788,-0.06636987516777985,0.003222277546253047
2001-07-31,0.00011451727564177763,0.05937656842500386,-0.013343442996458942,0.00014677838747741636,-0.06634744747368362,0.0032242948311504804
2001-08-01,0.00011464827784924921,0.059358699021775624,-0.013344477976907979,0.00014665875053267508,-0.06630941169753292,0.003227097553906928
2001-08-02,0.00011469943779934302,0.05934192667448129,-0.0133460126181266,0.0001465894165589673,-0.06623820876770571,0.0032298550641664866
2001-08-03,0.00011475513944348334,0.05932623083284041,-0.013347351703319268,0.0001463551353908202,-0.06619314584788288,0.0032319061232280945
2001-08-06,0.00011484127701359416,0.05930737061167369,-0.013349091230373355,0.00014619226398101154,-0.06614386005047415,0.0032346171476081206
2001-08-07,0.00011486241642145056,0.059287560611529184,-0.013351166002035043,0.00014615784144577325,-0.06609738654443403,0.0032371754221820117
2001-08-08,0.00011491158855739631,0.059266462489334974,-0.013353003577991027,0.0001460086947884918,-0.06607601593473075,0.003239554643740147
2001-08-09,0.00011493807604414139,0.059248842070575555,-0.013354588493692334,0.00014601621713095458,-0.06601989135530469,0.0032422075196444893
2001-08-10,0.00011505253125649757,0.05923125000589527,-0.013356218218802045,0.0001459894746445067,-0.06598125434160454,0.0032445388372211916
2001-08-13,0.00011515529497818435,0.05921579842252345,-0.013357444077438826,0.00014603292721394033,-0.06590658805075236,0.0032461306765823685
2001-08-14,0.00011523040196027494,0.05919372300701979,-0.013358991447553684,0.00014589529587987962,-0.06586937307128017,0.0032481929089269806
2001-08-15,0.00011535395663863177,0.05917307257961952,-0.01336024384316982,0.0001459126139236697,-0.06578925900565737,0.003250654442522812
2001-08-16,0.00011547420566254991,0.05915741841338515,-0.013361801982299472,0.0001455754390835305,-0.06571106650404702,0.0032524534239224126
2001-08-17,0.00011552300385777388,0.05913760343132898,-0.01336325003907813,0.000145579534277217,-0.06562844481163399,0.0032550708883486643
2001-08-20,0.00011558067068281865,0.059124244516407506,-0.013364856401420436,0.00014554506652062922,-0.0656478282860822,0.003257161822675253
2001-08-21,0.00011564522334612219,0.05910799374925962,-0.013366989193992665,0.0001454206195994805,-0.0655971875617395,0.003259109523676267
2001-08-22,0.00011570295988185439,0.05909135993884028,-0.013367756607801038,0.00014527923395796303,-0.06553687497330928,0.0032611836864147115
2001-08-23,0.00011578197354441736,0.05907235122670958,-0.013369138050317106,0.00014516421509572734,-0.06546369931516188,0.0032636054597350896
2001-08-24,0.00011582009252523117,0.05905099429374468,-0.013370596168532848,0.00014500879116934498,-0.06544785037949755,0.003265967606691018
2001-08-27,0.00011582927509393149,0.05903667257304056,-0.013373265404730437,0.00014496912530696993,-0.06539775314561624,0.003268107667449374
2001-08-28,0.00011590776333651357,0.05901772290720223,-0.013375260838528294,0.00014479688877782788,-0.0653640262306483,0.003270949267778613
2001-08-29,0.00011596273219217798,0.05899786385227698,-0.013376748308876805,0.00014474135540055386,-0.06530081674401765,0.003273600632918421
2001-08-30,0.00011600119257341413,0.058980293231644845,-0.01337793204363347,0.0001445548604177586,-0.06526275360509723,0.0032752748374856085
2001-08-31,0.00011605669202395253,0.05896341554963903,-0.013379755763390478,0.00014446980174771665,-0.06523103665160135,0.0032779324082544657
2001-09-05,0.00011617841779495583,0.058940580985666916,-0.013381634774259629,0.0001443619226876988,-0.06517130165224945,0.00328034524207459
2001-09-06,0.00011623003276177653,0.05892181034937399,-0.013383545037182493,0.0001444176026567165,-0.06509839611274179,0.00328357107024007
2001-09-07,0.00011631830974246423,0.058912635930059555,-0.013384725391104694,0.00014437319307863272,-0.0650158776565054,0.003285543308810769
2001-09-10,0.0001163738410230075,0.05889319428268919,-0.013387043994409584,0.00014415655449660254,-0.0649444084992104,0.0032881563810386117
2001-09-18,0.0001164688934679266,0.05887858489776537,-0.013388336193224683,0.000144062659303168,-0.06488726746004964,0.003290272182552007
2001-09-19,0.00011652198813831315,0.05886564032702567,-0.01338969272023764,0.00014403040350715804,-0.06481872444840817,0.0032934451057165057
2001-09-20,0.00011658222422901546,0.05884784944163526,-0.013390191764754249,0.000143906506080832,-0.06477139474529894,0.0032952226682782543
2001-09-21,0.00011662608159943719,0.058829275805985064,-0.013392257106388483,0.00014377992792707485,-0.06471703080957936,0.003297443096752419
2001-09-24,0.00011666396010625104,0.05881232241023248,-0.013393453508725454,0.0001435586765371124,-0.06466272580865834,0.003299265203270489
2001-09-25,0.00011673731443040262,0.05879709391211345,-0.013395053721359568,0.0001433565003286264,-0.06459216909431537,0.0033021374788696064
2001-09-26,0.00011678301079031119,0.058776054532936356,-0.013396643289034475,0.00014328165706578485,-0.06452213586740241,0.003304337469361477
2001-09-27,0.00011689881475956569,0.05875486573958599,-0.013398256286594525,0.00014319880365933668,-0.06446283035481093,0.0033064979963065323
2001-09-28,0.00011695356905809443,0.05873481219581186,-0.013399984142274213,0.00014324950765933284,-0.06440599978813873,0.003309213218522197
2001-10-01,0.0001170012991868997,0.058711070567039864,-0.01340160651694456,0.00014308412400724517,-0.06432354882318887,0.0033117563074674177
2001-10-02,0.0001170747035959555,0.05869803598537148,-0.013403113944554982,0.00014295715942944594,-0.06426846758100149,0.0033136666217330564
2001-10-03,0.0001171643369288568,0.05868141737683287,-0.013405313533699984,0.00014289300923535353,-0.06421795907396516,0.0033155856509510615
2001-10-04,0.00011723051002854559,0.05866821160393222,-0.013406342100500339,0.0001427508066228373,-0.06413981908586915,0.0033182435757620086
2001-10-05,0.00011727254572424064,0.058646818249340246,-0.013407707405815927,0.00014269748781001624,-0.06406004080890308,0.0033205945001136368
2001-10-10,0.0001173197758851971,0.05862934118217219,-0.013409520739371808,0.0001427360993652182,-0.06399546327303636,0.0033230151826603134
2001-10-11,0.00011742044643558678,0.05861000823092985,-0.013411038701166007,0.00014264452131014114,-0.06391951103386631,0.0033253408480863837
2001-10-12,0.0001174268803598909,0.05859046932893196,-0.013411947207710894,0.00014256107885219466,-0.06390916190739684,0.00332781127359068
2001-10-15,0.00011754156201482336,0.05857463955577082,-0.013413087789053525,0.00014256248180024856,-0.06385154601135253,0.0033294294689798437
2001-10-16,0.00011760236440253322,0.058558347590799295,-0.013414782507527792,0.0001424711861829385,-0.06377497608608246,0.003331668502439167
2001-10-17,0.00011765172681066488,0.05854358851599483,-0.013415734456003463,0.00014240641051079577,-0.06373743656540691,0.0033340230284096984
2001-10-18,0.0001177143521042749,0.05852166935999963,-0.013417443466398936,0.00014227450438003902,-0.06365293895679691,0.0033364893266757106
2001-10-19,0.00011776501547140387,0.05850365868405598,-0.013418395708655169,0.00014225154153531,-0.06359287755449351,0.003338644457340917
2001-10-22,0.00011776568436133963,0.05848449023524871,-0.013419718863776629,0.0001422477506151108,-0.0635497152503128,0.003340883575066457
2001-10-23,0.00011776926479163437,0.05846307844504743,-0.013421507546257826,0.00014211481469700456,-0.06350091242001112,0.003343136261342622
2001-10-24,0.00011785636099719408,0.0584451235491877,-0.013423672277048895,0.00014225140611879783,-0.06344942425436002,0.003345602809127435
2001-10-25,0.00011791508367467278,0.05842812809471742,-0.013424990082209785,0.00014224258486508513,-0.06336097702938887,0.0033472067570032623
2001-10-26,0.0001179693783354099,0.05841231214683692,-0.01342625836962174,0.00014216661141449688,-0.06331890952687605,0.003348714331358258
2001-10-29,0.00011805098988677584,0.05839697939901664,-0.013427389347012998,0.00014209015833759303,-0.06323123343575855,0.0033517615712741486
2001-10-30,0.00011816518157167746,0.05838106320476712,-0.013429625841122174,0.00014207222224079706,-0.06316330425449983,0.003354203660911234
2001-10-31,0.0001182614233840121,0.05836306837843039,-0.013431081030879196,0.0001420882536434746,-0.06310229464687439,0.00335653431069504
2001-11-01,0.00011826459982876099,0.05834712675156948,-0.01343284726277738,0.00014217628275346516,-0.06303583181035158,0.0033580481390183964
2001-11-02,0.00011832557787012124,0.05833578272727777,-0.013434170069447188,0.00014207102647129666,-0.06300499891360403,0.003360244794920615
2001-11-05,0.00011835528786947087,0.05832577448250396,-0.013434998238621872,0.00014198335880038948,-0.06296363312923187,0.0033638064131033523
2001-11-06,0.00011841573639118524,0.05831229300729581,-0.013437115883421644,0.00014184968723229474,-0.06291215398605197,0.003364333978837
2001-11-07,0.0001184938137623574,0.058298145377913564,-0.013437412770400555,0.0001417165597847483,-0.06285436964795353,0.0033657725575628747
2001-11-08,0.0001185475020888194,0.0582815601947928,-0.013438743780646979,0.00014163181164051584,-0.06281635940685693,0.0033678710830706213
2001-11-09,0.00011857976237607402,0.05826149962985795,-0.013440205212087355,0.0001417057373440467,-0.06275054651203886,0.0033700265788509263
2001-11-14,0.0001186215086389602,0.058247287544752904,-0.013442557780548828,0.00014176544301449192,-0.06269608658034158,0.003371630932992722
2001-11-15,0.0001186957352699548,0.058238704986989555,-0.013443532380601192,0.00014157469385721934,-0.06262575324245988,0.003374269584706521
2001-11-16,0.00011874216061372517,0.05822315673163844,-0.013444378135700442,0.00014151680031753686,-0.06260028766386273,0.003377032935257304
2001-11-19,0.0001188287600061189,0.058205270096418696,-0.013446345338783904,0.00014145408409929264,-0.06253305262568323,0.0033791107298586313
2001-11-20,0.00011890103036857149,0.05819064237691421,-0.013447930113195717,0.00014130663740910462,-0.0625011483279943,0.003381556849146955
2001-11-21,0.00011891235414385236,0.05817573595659076,-0.013449043666106521,0.00014111736800308808,-0.062458061433233084,0.003384041357635593
2001-11-26,0.00011898874515931037,0.058169872476945855,-0.013450282328005277,0.00014096805633724072,-0.06238281141402091,0.003385746383168595
2001-11-27,0.00011909846392248909,0.0581546571586583,-0.013452467870889481,0.00014083560843773166,-0.06233452356937708,0.003387260823180697
2001-11-28,0.00011918840761181249,0.05814261521197726,-0.013453467848662361,0.00014061617129668873,-0.06230412012913954,0.0033888832298101168
2001-11-29,0.00011925975308405882,0.05812835178244708,-0.013454982995008184,0.00014061019027966572,-0.06226665720585068,0.003391206563431799
2001-11-30,0.0001193519234943325,0.058112263785859375,-0.013457408929596374,0.00014059857841351947,-0.06218517505857897,0.0033931207720921024
2001-12-03,0.00011941171695778834,0.058096350105163536,-0.01345939714225662,0.00014046946848555037,-0.06212656123013981,0.0033937859883258117
2001-12-04,0.00011947676291419499,0.05807801231834056,-0.013461005412330723,0.000140407181430456,-0.06211048750586293,0.00339553587087946
2001-12-05,0.00011959647218587509,0.05806608091800758,-0.013461994819508069,0.0001404153505446832,-0.06201061876253966,0.003398300656949362
2001-12-06,0.00011967900461900592,0.058051985126433746,-0.013464189013680263,0.0001403638652014158,-0.06192574368498843,0.003400201280973204
2001-12-07,0.00011981737819981989,0.058036426846246665,-0.013466418066478249,0.00014024801508237113,-0.06186339664180644,0.003402810312983915
2001-12-10,0.00011990506856743188,0.05801813879570351,-0.013467976402153877,0.0001403226522097375,-0.061830557885538664,0.0034047532617653576
2001-12-11,0.00012001135496854696,0.05800750044156015,-0.013469365627473176,0.00014026802778070268,-0.06179872119044853,0.0034063478537726642
2001-12-12,0.00012003684259907576,0.05799276241714767,-0.01347008341102461,0.00014031430047058477,-0.061747139272957274,0.003408387778702619
2001-12-13,0.00012009413664208001,0.05797901079542986,-0.013471696449353046,0.00014023892849519048,-0.0616980988703954,0.003410428403148258
2001-12-14,0.00012016502005302254,0.057962303885322496,-0.01347264480846618,0.00014003105448882162,-0.06164554251235449,0.0034120262511285484
2001-12-17,0.00012019025525133705,0.05794510571123383,-0.013474729391668602,0.0001400211823064535,-0.06157473899964433,0.003413895397894039
2001-12-18,0.00012022898420404953,0.05793195149478014,-0.01347649282925801,0.00013992566963866575,-0.06151007943525932,0.0034166092064123778
2001-12-19,0.00012032806481297997,0.057917010573512895,-0.013478318221627306,0.00013970185777820418,-0.061499168007335014,0.003418389573987052
2001-12-20,0.00012034213515644503,0.05790193038890168,-0.0134801060032475,0.00013960738024956055,-0.0614826503791848,0.0034203730991428996
2001-12-21,0.00012040796065663282,0.05788819063494384,-0.013481989764102097,0.00013949140857655095,-0.06142723438372973,0.003423094148481103
2001-12-24,0.00012047283462122513,0.05787884316906037,-0.013483350579538771,0.00013945958073691313,-0.0613582947316272,0.0034254322315172706
2001-12-27,0.00012056765820330631,0.05786468977230443,-0.013484599076625896,0.0001393075728287031,-0.06133418395510924,0.003427224001280639
2001-12-28,0.00012062653434253882,0.05784830644650869,-0.013486171108955728,0.00013921550884130073,-0.0612670950677422,0.0034290514369619248
2001-12-31,0.00012066040708713099,0.057837073068464764,-0.013487399086390801,0.00013922858948733015,-0.06120671763360491,0.0034310242422998082
2002-01-03,0.00012075093621140395,0.05781909663749052,-0.013489152546993798,0.00013919938218023294,-0.061159913441474124,0.0034330666682154316
2002-01-04,0.00012083134599843504,0.0578106671922755,-0.013490352787025251,0.0001391823994212634,-0.061107315790122005,0.0034342560141449106
2002-01-07,0.00012093434752100777,0.05779631214773851,-0.013491376706527933,0.00013914013808896843,-0.061075334182884466,0.003435678481464085
2002-01-08,0.00012102774909142342,0.05778594583819159,-0.013493620848124072,0.0001392374847119706,-0.061021732674240436,0.00343722790279261
2002-01-09,0.00012112911787869134,0.057766522998306466,-0.013495353635191897,0.0001392573814449494,-0.06095356086067363,0.0034392530527182705
2002-01-10,0.0001212234447013569,0.057750338794836764,-0.013497351564928815,0.00013915556907999503,-0.06089576173583838,0.0034413049661737123
2002-01-11,0.00012130906754542703,0.057736862250502,-0.013498545129622987,0.00013918905969242327,-0.060831032987412416,0.0034428787928408554
2002-01-14,0.00012141863366757838,0.057716979371267324,-0.01350003983582729,0.00013901812976409644,-0.060745092533025735,0.0034442103657630033
2002-01-15,0.00012149095822167704,0.05770310155513843,-0.013502096512240038,0.00013874359464914024,-0.06069003763560789,0.0034460395577969546
2002-01-16,0.00012149636751077243,0.05768903852730333,-0.013504171185893962,0.00013866605377205903,-0.060611256181635834,0.003447281219673759
2002-01-17,0.0001215930578405226,0.05767784353379521,-0.01350593890658322,0.00013847935799696129,-0.06054294919343353,0.003449455132134532
2002-01-18,0.00012169565761195741,0.057665327978483144,-0.0135082539469261,0.00013851310406737635,-0.060469659582711936,0.0034519417827514184
2002-01-23,0.00012179210418233586,0.05765104783913768,-0.013510350273598194,0.00013836581686176572,-0.06039922426655864,0.003454159283193218
2002-01-24,0.00012189705119538432,0.05763871166269348,-0.013511465961614759,0.00013844313413416612,-0.060351253391473264,0.0034550376198128254
2002-01-25,0.00012193399813863567,0.05762828723460631,-0.01351355174224296,0.0001384987648952728,-0.06032540259440591,0.0034567566586474366
2002-01-28,0.00012200008137902373,0.05761608366082113,-0.013515370414449916,0.0001382425134752807,-0.06027646643069844,0.0034584371334911383
2002-01-29,0.00012208280362942448,0.05760646427048373,-0.013516807959560388,0.00013801835020795747,-0.06022778029560891,0.0034602055325527463
2002-01-30,0.00012219436389526776,0.05758842246352891,-0.013518081484616883,0.00013776046169462053,-0.06018447855413844,0.003461631996757578
2002-01-31,0.00012228348419470093,0.057577617201375164,-0.013518826520205257,0.00013758086653047833,-0.06011451724593923,0.0034630595384161477
2002-02-01,0.00012244277070820847,0.057559530003125525,-0.013520094137576098,0.000137392533580364,-0.06006629141003003,0.0034649700409280365
2002-02-04,0.00012256027490942464,0.057546773588057536,-0.013521562762861828,0.0001372243415771851,-0.059998337457705636,0.003466005134725228
2002-02-05,0.00012262351166077818,0.057535878596306024,-0.013523103225800647,0.00013718647946167191,-0.05993781570843708,0.0034671011734992443
2002-02-06,0.0001226912772362419,0.05752470512666494,-0.013524948139594449,0.0001371652576042811,-0.059878614446866034,0.003468787203468632
2002-02-07,0.0001227132430711404,0.057513070053198084,-0.013526509890755623,0.0001371230115744335,-0.059819428663729995,0.0034697565032380936
2002-02-08,0.00012272162900971707,0.0575004583726352,-0.013527785506710499,0.00013704323993347277,-0.05977771762093847,0.003471073090666175
2002-02-11,0.00012284283500361927,0.057491420947754716,-0.01352975238736967,0.00013692378194338675,-0.059672349931002816,0.0034733081929571377
2002-02-12,0.00012291835623524138,0.057480083898198926,-0.013530887954495809,0.0001366936618118904,-0.05956440828616163,0.0034750691847876764
2002-02-13,0.00012294970455203842,0.05746854451612913,-0.013531712374564636,0.00013638729658022936,-0.05951997799103298,0.003476404277087744
2002-02-14,0.00012306322610748636,0.05745651596452335,-0.013533461515509975,0.0001363793426852123,-0.059488884508041365,0.0034784302282934547
2002-02-15,0.0001232047648397027,0.05744711507171701,-0.013535291793768642,0.00013619670397823827,-0.059402041763998256,0.0034801876834283643
2002-02-20,0.0001233152314294239,0.057437469896376554,-0.013536243657970059,0.00013608576474060624,-0.059339834996941856,0.0034818672004027582
2002-02-21,0.000123424452722765,0.05742547300049593,-0.013538148026919359,0.00013585477152631945,-0.0592668674819506,0.003483325542713074
2002-02-22,0.00012347314491682903,0.05741080676005628,-0.01353908802147953,0.00013573571324752574,-0.059206016241086346,0.0034854265623897812
2002-02-25,0.00012357770976177215,0.05739850306577893,-0.013540750694772842,0.00013566901956130482,-0.05913630208454635,0.003487001525746286
2002-02-26,0.00012368391919401574,0.057383333922795765,-0.01354286962712255,0.00013549438571626904,-0.05909954990771091,0.003488332758644217
2002-02-27,0.00012375121031523838,0.057370355021884326,-0.013543652557175467,0.00013541939771477486,-0.05903830159609444,0.003490058462136493
2002-02-28,0.0001238576584516593,0.057358119755961785,-0.013545000397652192,0.00013526952933693828,-0.05896114498922371,0.003492134561135592
2002-03-01,0.00012390999306123053,0.0573412443249874,-0.013546571551783218,0.0001350989994032268,-0.05889398653772187,0.0034932309537522204
2002-03-04,0.00012400032090085182,0.05733429626392696,-0.013547922176398752,0.00013502226207976948,-0.0588116636090357,0.0034954097635650034
2002-03-05,0.00012410282469318637,0.05732301636156073,-0.013549874254264368,0.0001350288417012265,-0.05874236898919486,0.0034966074426774824
2002-03-06,0.00012418802957124168,0.05731558216500299,-0.013551451007291514,0.0001348094653286997,-0.05871986634001296,0.0034981284747197007
2002-03-07,0.00012432765685314585,0.057300406795856795,-0.013553472230354639,0.0001344527135962108,-0.05863531475839291,0.0034991806617087765
2002-03-08,0.00012442530246341453,0.05728382751608974,-0.013555401233717962,0.00013433346681540105,-0.05858433696380701,0.003500463912684556
2002-03-11,0.00012456086685201317,0.05727233690860556,-0.013556742742925237,0.0001341575706645115,-0.058517182378161156,0.0035016286165542813
2002-03-12,0.00012467206123848503,0.05726084055234472,-0.013557741037701892,0.00013408085592608816,-0.05846506991464667,0.003502788209843272
2002-03-13,0.00012475850304828563,0.057246910921779394,-0.01355878803841496,0.0001339024030724767,-0.05839755646687551,0.003503795275207387
2002-03-14,0.00012482845922823566,0.057228677479030515,-0.013560826959564997,0.0001337888348814463,-0.05833159922329538,0.00350476596277808
2002-03-15,0.00012491196268823643,0.05721529457068088,-0.013562631768631294,0.00013377269927245753,-0.05831289505436555,0.003506692151304198
2002-03-18,0.00012500125490481356,0.057202310750559766,-0.01356416117745743,0.0001336884625943373,-0.05824515790340982,0.0035079221062350977
2002-03-19,0.00012506784058254755,0.057194139854836054,-0.013565908179340709,0.00013350517314077837,-0.05813995448196363,0.0035098643833690237
2002-03-20,0.0001251032758010492,0.05718609836648672,-0.013567304046883256,0.00013346126224713758,-0.05807187193497776,0.00351110203187977
2002-03-21,0.00012522374438486616,0.05717652394481858,-0.013568849736900233,0.00013321601164560667,-0.05801367715492234,0.0035130602317541863
2002-03-22,0.00012529923176932673,0.057169166667536624,-0.013570323857391764,0.00013330843706816064,-0.05794143572138219,0.0035144835126542893
2002-03-25,0.00012537335007509355,0.05715478085436884,-0.013571806273501918,0.00013328821838572033,-0.05791341246784664,0.003515886515451619
2002-03-26,0.00012540460407064826,0.05713794795891614,-0.013573670683241477,0.0001331361933774566,-0.05786524110377811,0.003517670184899441
2002-03-27,0.00012550533627820755,0.05713054172819036,-0.013575328196706957,0.0001330721112569242,-0.05783880361776843,0.0035184566271961957
2002-03-28,0.0001255833275442599,0.057116978006274396,-0.013576676788919119,0.00013280385225933228,-0.05774385075879618,0.003520833985915483
2002-04-02,0.00012561388119309235,0.0571114955491051,-0.013577886663157662,0.00013278726059110565,-0.05768353458344247,0.0035223284624065544
2002-04-03,0.00012570420060370138,0.05709358251488864,-0.013578577199720054,0.00013269491476796275,-0.057629056243405294,0.0035233313501091615
2002-04-04,0.000125809502453008,0.05708007662666437,-0.013579865382663828,0.00013253665300319274,-0.05754730047376292,0.0035244836050827765
2002-04-05,0.00012589781939646727,0.057068424449622915,-0.01358153065037783,0.00013253550468958266,-0.05743823973510929,0.0035250567511656283
2002-04-08,0.00012594239369775645,0.05705380025267381,-0.013583738346619372,0.0001324466906110884,-0.05737194486069741,0.003527064143443801
2002-04-09,0.00012599464737167914,0.05704210355572427,-0.013585620938447417,0.00013229314937133953,-0.05734708649381859,0.0035277592604806176
2002-04-10,0.00012607454417440497,0.057031231927666674,-0.013587759700512304,0.00013204472870125935,-0.057296345281497324,0.003530432938774963
2002-04-11,0.0001261309401257781,0.0570206850250867,-0.013589667343335754,0.00013203881018436245,-0.057228550714046686,0.0035324414845981167
2002-04-12,0.00012614215140110556,0.05700891983217366,-0.013591074241925585,0.00013189893192137208,-0.057183082658835045,0.0035344732782155545
2002-04-15,0.00012625102646040819,0.056997069973698106,-0.013592917100733523,0.00013186733256668416,-0.057103837040791375,0.0035361840316526687
2002-04-16,0.00012637106854163207,0.05698774619062974,-0.013594590093601757,0.00013175651419689843,-0.05707179510622508,0.003537860065717739
2002-04-17,0.00012641895174515878,0.056973834152623366,-0.013596347732257347,0.00013169463341560614,-0.05702439961276394,0.0035382230935856766
2002-04-18,0.00012653698555957076,0.05695953718262825,-0.01359802888698942,0.00013164574615761058,-0.05695146611170268,0.003540297899815561
2002-04-19,0.00012662898811590702,0.05694979186419076,-0.013599186778072592,0.00013150175611848988,-0.05692740099829188,0.0035416522361786645
2002-04-22,0.00012670658259497834,0.05693297706634641,-0.013600456951656086,0.00013144218599033482,-0.05687270054478062,0.0035431155024860674
2002-04-23,0.00012677469217955598,0.05692570172841803,-0.013603345748002182,0.00013133821388160342,-0.056799058036389787,0.003543414155305691
2002-04-24,0.00012683526937734438,0.05691176393809265,-0.013604194222252317,0.00013117370300010154,-0.05675198654303583,0.0035448738870216324
2002-04-25,0.00012691456651741476,0.05689877093168061,-0.01360601177817409,0.00013105518085305655,-0.056684827427664286,0.0035460248671400204
2002-04-26,0.00012702492117456292,0.056892238027748544,-0.013607339301748516,0.00013087795785615084,-0.056620315526699966,0.0035474540322728058
2002-04-29,0.00012711847614096803,0.05688143242388569,-0.013609484678403384,0.0001309119111248311,-0.056575660552442966,0.0035485352814623493
2002-04-30,0.00012718819127442065,0.05687148894553916,-0.013610283263572925,0.0001309893550380332,-0.056535924849547836,0.0035499454637625974
2002-05-01,0.00012725709885116717,0.05685905962915137,-0.01361171806915387,0.0001307218171271624,-0.05649084144443993,0.0035515510497783264
2002-05-02,0.00012734176391420528,0.056848113692456195,-0.013612975429021927,0.0001307501454836421,-0.05640713530005684,0.0035525444836413643
2002-05-03,0.00012745099680569707,0.05683747553313627,-0.013614106586913626,0.00013069217522971392,-0.05635419945288468,0.0035540546414522846
2002-05-06,0.00012753907356924117,0.05682579520387483,-0.013615527589413038,0.00013067918482899242,-0.0563104759458424,0.003555675478227912
2002-05-07,0.00012762960067021795,0.05682005799163455,-0.013617534850292308,0.00013048887420502006,-0.056246358779287284,0.0035570533242294654
2002-05-08,0.0001276704639489013,0.05680813073028138,-0.01361913190182906,0.00013035711166699596,-0.05622757219339847,0.003558251778521886
2002-05-09,0.00012772896286505033,0.05679928651152685,-0.013621283665631409,0.0001304083703804667,-0.056181898547535955,0.0035592607562736052
2002-05-10,0.0001278681926863054,0.0567889169710946,-0.01362338824826386,0.00013034734607300262,-0.05614800929173017,0.003560841577775665
2002-05-13,0.00012795761097173273,0.05677771116515319,-0.013624218673030937,0.00013022679202472176,-0.056130593511736174,0.0035622711414143417
2002-05-14,0.00012799330490637027,0.0567702088226158,-0.013625371498500365,0.00013016403055297462,-0.05607425299565838,0.0035628741467942596
2002-05-15,0.00012806905609078273,0.056761676455757276,-0.013626223193613674,0.0001300996192093284,-0.05604137703464471,0.003564106863491237
2002-05-16,0.00012814117723428017,0.05675447449605744,-0.013627288933845535,0.00013009956753433927,-0.055997883410361216,0.003565518868338284
2002-05-17,0.00012824355636189373,0.056742703957252845,-0.013628738605850206,0.0001300750374367583,-0.05595865319150599,0.00356645581772292
2002-05-20,0.00012833634527933412,0.056734996355845016,-0.013630850390669275,0.00013005124844730264,-0.055902642252301335,0.0035673699633469954
2002-05-21,0.00012842187407213806,0.05673041309150981,-0.01363207613844975,0.00013005618492931576,-0.055823628475033284,0.003568308288311347
2002-05-22,0.00012851843145457144,0.05672390028917893,-0.013634578407992638,0.00012998707293260074,-0.05578846462357613,0.0035689337347426433
2002-05-23,0.00012863447531501752,0.05671643615221436,-0.013636119608064136,0.00012991993418620904,-0.05573222094538516,0.0035697766097733483
2002-05-24,0.00012867140433678016,0.05670050439525102,-0.013637675942541486,0.00012992997038748964,-0.05568306039736942,0.0035702113655506898
2002-05-29,0.00012876375874952157,0.056690466312381574,-0.013639360591012485,0.00012991288062344636,-0.05565190842374712,0.00357165061095903
2002-05-30,0.00012880422562128684,0.05668638370188597,-0.013640104970391679,0.00012979308668964977,-0.05557471503062504,0.0035733390478099145
2002-05-31,0.0001288454960858255,0.056680716462089296,-0.013641410918254911,0.00012957547690080963,-0.055531618826632566,0.003574832961511099
2002-06-03,0.00012892026198883173,0.05667321603477931,-0.013643184687657392,0.0001295499362015689,-0.05545894086114142,0.0035758524638955717
2002-06-04,0.00012899583624342715,0.05666942327928487,-0.013644630216061413,0.00012940352401939677,-0.05539246726395288,0.0035772358344777523
2002-06-05,0.00012903052857611067,0.05666136987066514,-0.013645750579168798,0.00012945037647176612,-0.05534503922087268,0.0035778557589073645
2002-06-06,0.00012909363633982718,0.05664949064798356,-0.01364741114770209,0.00012941765463905393,-0.055253148228005866,0.0035784758728608606
2002-06-07,0.00012914592718294137,0.056645872695036625,-0.013649045807000756,0.00012931330948976898,-0.0552094065113468,0.003580349216035086
2002-06-10,0.00012922972744165332,0.05663588921360481,-0.013650072409799372,0.00012920051208837626,-0.05516480397604179,0.0035815356599766986
2002-06-11,0.00012930444136495246,0.056629415165981266,-0.013651448968435904,0.00012912566062314555,-0.055110167848469574,0.0035830595190102345
2002-06-12,0.00012937660229275774,0.05662606664475173,-0.013652271963215647,0.00012906133453928208,-0.055037406715822954,0.003583885583696634
2002-06-13,0.000129475256374857,0.056618820972394436,-0.013653112971113036,0.0001289815509611179,-0.055006876885403205,0.0035850703284153636
2002-06-14,0.00012955234949986257,0.056612957837014546,-0.013654399060469714,0.00012895002171713549,-0.054932652168552254,0.003586060566088057
2002-06-17,0.00012964057588788307,0.056604690128344855,-0.013656160545127515,0.00012883769456539248,-0.05487685499591412,0.0035871573040730173
2002-06-18,0.00012966883174904265,0.05659495511250641,-0.013657550168851012,0.00012872768189062388,-0.054777552599063764,0.003588358365480415
2002-06-19,0.00012972695849622527,0.05658845943881919,-0.013659335125009189,0.00012873248500373973,-0.05472248359328463,0.0035897593534617938
2002-06-20,0.00012983010936579937,0.05658377244796961,-0.013660277866863798,0.00012867107162595396,-0.05465113740272776,0.0035904218230938716
2002-06-21,0.00012990901336243604,0.05658323712322227,-0.013661828871890866,0.00012850245293912702,-0.054569084069500354,0.0035903389384911878
2002-06-24,0.0001299472351487613,0.05657710624457771,-0.013662963033234873,0.00012848412414414982,-0.0545267460240879,0.0035908903490279244
2002-06-25,0.00012997586602822515,0.05657458091970233,-0.013664350469706911,0.00012847837930481728,-0.0544498636480506,0.0035922422153689625
2002-06-26,0.0001300747486901578,0.056563715425057906,-0.0136656857603073,0.00012840800112871598,-0.0544424825215456,0.003592179777622299
2002-06-27,0.0001301083198439167,0.0565553306852701,-0.01366719176222625,0.00012839216214028038,-0.05439234319916977,0.003593226497436898
2002-06-28,0.00013015252010880671,0.05654787107417337,-0.013668289760832142,0.00012827111945138176,-0.054322053146909036,0.0035948428787777476
2002-07-01,0.00013024085966543825,0.056541065825608125,-0.01367018011923163,0.00012817798641954873,-0.05426160761754739,0.0035951293271620777
2002-07-02,0.00013035570880931687,0.05652949092531233,-0.013671513681624106,0.00012802294489589996,-0.05418274305278567,0.003595779488940095
2002-07-03,0.0001303560004081488,0.056524978948963425,-0.013672922268566999,0.0001278662428564516,-0.054118907973556556,0.0035972736893721156
2002-07-08,0.00013047264091674987,0.056518436214551826,-0.013673645792963686,0.00012788825720097275,-0.05407973013892682,0.0035980795352441226
2002-07-09,0.00013053016434792845,0.05651059441482875,-0.013674518496227576,0.00012799686313807594,-0.054028618618575455,0.0035987677752302495
2002-07-10,0.00013060065944169014,0.05650053541306445,-0.013676558866336543,0.00012812343697917694,-0.05395582133618432,0.003599507836204513
2002-07-11,0.0001306943030955252,0.05649628660585616,-0.013679165401215143,0.0001281256758087868,-0.05391566545655621,0.003600494207864928
2002-07-12,0.00013075837324878978,0.05648348605501181,-0.013680985696996394,0.0001279905984123935,-0.05387462224035414,0.003602239188089188
2002-07-15,0.0001307939096212302,0.056473131779627546,-0.013681757708316193,0.00012804316963893348,-0.053810221890474394,0.0036035217236818707
2002-07-16,0.00013087072734013964,0.05646999931346644,-0.013683384594704768,0.00012799958416535458,-0.05379664504705951,0.0036043141896410814
2002-07-17,0.00013087467441340116,0.05646532763560985,-0.013685208323397967,0.0001278425215753243,-0.053738752791866636,0.0036049123427726263
2002-07-18,0.00013089047273426578,0.056458930480633024,-0.013685523277664988,0.00012795867799005173,-0.053678984280694765,0.00360599544318107
2002-07-19,0.0001309490849971531,0.05645084417577726,-0.01368621145208572,0.00012785845844907125,-0.053634969406555294,0.0036072252732412295
2002-07-22,0.00013091783979372575,0.05644533061037141,-0.01368737093018923,0.00012796448092726733,-0.05357491094767698,0.003607604156654025
2002-07-23,0.00013099675099747604,0.056435062908260114,-0.013688881159001694,0.00012802751886530935,-0.05354103556306686,0.0036083819054547744
2002-07-24,0.00013109640305158043,0.05642665793680268,-0.013690805229088153,0.00012788781906773308,-0.05347277579722054,0.0036097419407249134
2002-07-25,0.00013118006165063298,0.05641852985153905,-0.013692534105553265,0.0001279863739242037,-0.053385291273688046,0.0036110806588715424
2002-07-26,0.00013127054453791008,0.05641329802924643,-0.013693494636855102,0.00012806567479600384,-0.05333408406384674,0.0036114956512163666
2002-07-29,0.00013137474336816392,0.056407912964340154,-0.01369397872453352,0.00012795901155946836,-0.053300719073037475,0.0036125935083438747
2002-07-30,0.00013143078607284625,0.05640594374673394,-0.013695801866549043,0.00012786700763238397,-0.053234291074863875,0.0036133337604846807
2002-07-31,0.00013144894324475058,0.0563953524190176,-0.01369781574770411,0.00012783037431863165,-0.053152239507059294,0.0036145879167039296
2002-08-01,0.00013154864168757536,0.056387611275705365,-0.013699187820550957,0.00012772975013544794,-0.05313867200946604,0.0036157990955816323
2002-08-02,0.00013159817501596632,0.0563801251830858,-0.013700195475219772,0.0001277409034296475,-0.05308078832569239,0.003616009287245445
2002-08-05,0.0001316218177206789,0.05637886076116942,-0.013702024123452042,0.00012764043212611667,-0.0530197580437298,0.0036158487986788983
2002-08-06,0.00013168717935204256,0.056369690179330814,-0.013702753116841165,0.0001275427189495291,-0.05294238131363073,0.0036163532420239873
2002-08-07,0.00013166952814278347,0.056362417238114304,-0.013704806024442663,0.0001275792705321581,-0.05288826329535003,0.0036169402635067224
2002-08-08,0.00013170604625365755,0.05636345036122864,-0.013705484741969448,0.0001276634428474626,-0.05283035343795857,0.003616723680396874
2002-08-09,0.00013174436498244533,0.05636104905159191,-0.0137065521321595,0.00012769468014046264,-0.052794466408993795,0.0036173689991114517
2002-08-12,0.00013182655031308341,0.056354457963479807,-0.013707397658242762,0.00012766427506485633,-0.052718174920186656,0.003617952508456086
2002-08-13,0.00013188780462815734,0.05634957156876769,-0.013707924873576331,0.0001275779759951685,-0.052657053811037156,0.0036179918245342773
2002-08-14,0.00013188754926582926,0.05634592340265683,-0.013708859240656355,0.0001274434643477829,-0.05258920736215856,0.0036177101817689928
2002-08-15,0.00013193320671772045,0.056341800579292944,-0.013709827625886385,0.00012744825875289653,-0.0525456661569811,0.00361760609722105
2002-08-16,0.00013209906188565106,0.0563431315152267,-0.013710683427671948,0.00012731609313542639,-0.052486135382366315,0.003617751314539593
2002-08-19,0.00013214760364241323,0.056337680913337566,-0.013712062190675531,0.00012742463945949111,-0.05241043285588608,0.003617801689944445
2002-08-20,0.00013224873196517972,0.05633737170067933,-0.013712782759801206,0.00012729464596727966,-0.05234926529850319,0.0036175507590520766
2002-08-21,0.00013233021753363268,0.05633451390522318,-0.013713515439893255,0.00012718355456526343,-0.05231689806059095,0.003617747056241542
2002-08-22,0.00013239169340120208,0.05633090851870269,-0.013715529655459933,0.0001271574353097846,-0.05226695187271054,0.0036184543618438727
2002-08-23,0.00013248663653007183,0.05633002674418405,-0.013716302286810632,0.0001270753444486646,-0.05221015421970576,0.0036186247427833548
2002-08-26,0.00013254648156643106,0.05632322891335659,-0.013716202806706396,0.00012704596857800976,-0.05213985279970324,0.0036191171854642492
2002-08-27,0.00013261672052604655,0.056323329405529025,-0.013717501097258063,0.00012708008411785446,-0.052104337777293404,0.0036198368181716628
2002-08-28,0.00013268529460241013,0.05631780764612672,-0.013718575066823235,0.00012721676549185676,-0.052042393755959676,0.003621323090641765
2002-08-29,0.00013271780974967424,0.05631189464648631,-0.013719457048496406,0.0001270690644741849,-0.051992617414410525,0.003621544677109325
2002-08-30,0.0001327817771307062,0.056307531542794914,-0.013720221404561595,0.00012713094201127396,-0.05192039529493996,0.0036222682882279637
2002-09-04,0.00013281649219056506,0.056304807173224905,-0.01372064978693208,0.00012704477017906455,-0.05184011847274207,0.003623208986776618
2002-09-05,0.00013284404161081868,0.05630826341675846,-0.013721847325678594,0.0001269688624491821,-0.051775607480710445,0.0036246060190179
2002-09-06,0.0001329196435316864,0.056304569884992606,-0.013723483602079964,0.00012695103732829354,-0.05174594465137708,0.003625608617871279
2002-09-09,0.0001329584290153231,0.05630318038156594,-0.013724398513228098,0.00012706261565992077,-0.051686430011085756,0.003625616628524799
2002-09-10,0.00013300426759541294,0.05630316834847437,-0.013725452061407567,0.000127151874895271,-0.05161900551925562,0.003626248260661908
2002-09-11,0.00013309785233676382,0.05630252044848509,-0.013727498367729893,0.0001271031217477139,-0.05163242948064021,0.0036271501236041894
2002-09-12,0.0001331600854511117,0.05629993275969412,-0.013728407569291442,0.0001270842692692666,-0.051548777151171406,0.003628003006038748
2002-09-13,0.00013325242656544732,0.05629913199537666,-0.013730217129417912,0.00012710059847806908,-0.05149637360295143,0.003628454789592549
2002-09-16,0.00013330406803941917,0.056297991798078255,-0.013731330164654674,0.00012725759651798201,-0.051417623219932686,0.0036283176182369914
2002-09-17,0.00013336844826921323,0.0562934950617121,-0.013732616819069206,0.00012727750495992128,-0.051366636533420315,0.0036293489112937064
2002-09-18,0.00013342466882001441,0.05629081419533996,-0.013733794475052805,0.0001272787706331555,-0.05128307352967521,0.003630072000814436
2002-09-19,0.00013349272640738983,0.05629461042303977,-0.013734856967253265,0.00012720884458946864,-0.0512261818251874,0.003631019316190815
2002-09-20,0.00013356599906655457,0.05629445541689068,-0.013735093028838742,0.0001272539854225724,-0.05118155002984887,0.003631854639568775
2002-09-23,0.00013368600780959083,0.05629613470496433,-0.013736839486607831,0.00012729269947684484,-0.05117344711833516,0.0036318481794268046
2002-09-24,0.00013379518782583082,0.05629748890316707,-0.013737530283371518,0.00012720688325982093,-0.051088091516301504,0.0036328805896401464
2002-09-25,0.0001338753337363447,0.056297063876164635,-0.013738617664798804,0.0001271857168654152,-0.0510857731332069,0.003634151019674926
2002-09-26,0.0001338970636257657,0.05630262489643547,-0.01373961458050263,0.0001272269553046659,-0.05102863561106668,0.0036350820785465785
2002-09-27,0.0001339445174511536,0.05630402558132907,-0.01374041317131229,0.00012722399275560142,-0.050995180347611455,0.0036356394325077826
2002-09-30,0.0001339798821778126,0.056303542359505264,-0.013741493925968191,0.00012718237917664718,-0.05094824275720688,0.003636395442906017
2002-10-01,0.00013404255395673694,0.0563032180272955,-0.01374258495020515,0.00012717190186681125,-0.05089468558113813,0.0036364196334204187
2002-10-02,0.00013409823461275403,0.05630558782299177,-0.013743580994746022,0.00012721582593621213,-0.05083542017221889,0.0036368036928186086
2002-10-03,0.00013411544199638396,0.05631189800444247,-0.013743946616332787,0.00012729339319385703,-0.05079344104697141,0.003636765712380162
2002-10-04,0.00013416068405175985,0.05631230495819852,-0.013744828798427207,0.00012731398535176507,-0.05076707650570569,0.0036380941004105936
2002-10-07,0.00013422694123630308,0.05630966722646488,-0.013745665327390069,0.00012712799783064495,-0.05070116785835053,0.0036382383682893706
2002-10-08,0.00013425865131060276,0.0563068708982246,-0.013745738346333978,0.00012711600772382563,-0.05064451504485169,0.0036383408150018953
2002-10-09,0.0001343499516754966,0.05630569187272737,-0.01374609295654223,0.0001271154888034019,-0.05058818678327196,0.003639344734663882
2002-10-10,0.00013438742178835926,0.056307034243922235,-0.013747724386632082,0.00012711210396444537,-0.05057255442589209,0.0036398781604367342
2002-10-11,0.00013435074281611766,0.05630640837844729,-0.013748400993001711,0.00012717571292380236,-0.05049530751807585,0.0036402848993445113
2002-10-16,0.00013443360064238982,0.05630619114456383,-0.013748447883350489,0.0001270710433399422,-0.050444297623040875,0.003640813483563888
2002-10-17,0.00013448483524062317,0.056308136605215824,-0.013749129525432384,0.00012686904862666527,-0.05044861073587349,0.003640241348168944
2002-10-18,0.00013453008738657863,0.05631225637710299,-0.01374956378759001,0.00012694502110754204,-0.05039307413841677,0.0036404385013694696
2002-10-21,0.00013460505842823465,0.0563135083324819,-0.013750785444242901,0.00012701970293192946,-0.05035879923163995,0.003640429271305914
2002-10-22,0.00013460574413559116,0.05631776659619231,-0.013751861906992627,0.00012700499260664754,-0.050313688591563065,0.0036407118484866607
2002-10-23,0.00013466878660832953,0.05631784292173147,-0.01375340200572659,0.00012700361311281108,-0.050266945544606895,0.003640940681292177
2002-10-24,0.00013474902176507296,0.056323806388726645,-0.01375429075692729,0.0001268992813107195,-0.05025021515385453,0.0036417012286711127
2002-10-25,0.00013481215408260743,0.056323434727403456,-0.013755288156389454,0.00012693278694306606,-0.05017049584244568,0.003641180770809203
2002-10-28,0.00013487056776803697,0.05632418423802141,-0.013755980497264779,0.00012692933400547396,-0.05015873222299957,0.003642085727465232
2002-10-29,0.00013494384633526175,0.05631996585848131,-0.013757270647785026,0.00012697623016289707,-0.05007469574459171,0.0036431862675693127
2002-10-30,0.00013494142245825937,0.05631947210337473,-0.013758979012606132,0.0001269635113647746,-0.05004520219732366,0.003643156500937293
2002-10-31,0.00013502305753238008,0.05632078037305916,-0.013759926467025356,0.00012690523292414654,-0.05000866282247249,0.0036428270655035986
2002-11-01,0.0001350753640690147,0.056320786240407955,-0.013760162666650675,0.00012685266815580255,-0.049989373675923404,0.0036435981325550603
2002-11-04,0.0001350832800182009,0.05631761320290775,-0.013760972756102916,0.000126710076712639,-0.049945745312629616,0.0036438133722204026
2002-11-05,0.00013514793761144339,0.05632237034408723,-0.013761382253804992,0.0001267658911030582,-0.049859047559708804,0.0036438978933959892
2002-11-06,0.0001351978951484785,0.05631996960573295,-0.013762086402190631,0.00012672867226298123,-0.04979780288811066,0.0036446307511158295
2002-11-07,0.00013522792203149559,0.05632092633551271,-0.013763505167574686,0.00012668056494713565,-0.049750469226900094,0.0036441130386210678
2002-11-08,0.00013529167075642133,0.05632350753967434,-0.013763763347487037,0.00012656412316874527,-0.04969687099677199,0.0036431811215860204
2002-11-13,0.00013531745234336692,0.05632173815543823,-0.013764567998581027,0.00012654151766917248,-0.04960643903317727,0.003643087947617073
2002-11-14,0.00013542236130246378,0.05632554837463919,-0.013765193585629613,0.0001264621976322846,-0.04953605670625663,0.0036434199135188436
2002-11-15,0.00013552544692757421,0.05632626826214577,-0.01376604935042949,0.00012646768702501078,-0.04949453717074948,0.003644016324496812
2002-11-18,0.00013558048575104296,0.05632249981383937,-0.013766067551894577,0.00012637603294804017,-0.049441609350474286,0.0036443723541363733
2002-11-19,0.000135600558561884,0.056326900798475,-0.013766220681842906,0.00012648514545450032,-0.04939625962005776,0.003644303246124272
2002-11-20,0.0001356681958079915,0.056334362014369935,-0.01376738293018782,0.00012655134002101604,-0.04934501344102935,0.0036446279715865683
2002-11-21,0.00013568644183379437,0.05633834182289148,-0.013768083946827995,0.00012646807708287098,-0.04929968041816364,0.0036458524941743353
2002-11-22,0.0001357662905863342,0.05634274808362451,-0.013768419212333413,0.00012644414070975637,-0.04925661587776105,0.003646228677487818
2002-11-25,0.0001358393076253103,0.056349029148702524,-0.013769296821289634,0.00012641533934307691,-0.049175999004698,0.003646612246720247
2002-11-26,0.00013593633769224463,0.0563502292056186,-0.013770363180622773,0.00012641662965928596,-0.049127828044573094,0.00364734215049164
2002-11-27,0.00013598307337044115,0.05635396351196191,-0.013771416177259656,0.0001261624993952866,-0.049061088803195665,0.0036487074748269973
2002-12-02,0.00013601697547026336,0.05635752603553392,-0.013772473622087809,0.00012608287174589806,-0.0490092247119516,0.003648763286174366
2002-12-03,0.0001360460524921173,0.056361843684964344,-0.013773331661489715,0.00012597739500804135,-0.04900739124918354,0.0036488464272393844
2002-12-04,0.0001360675709019883,0.05636452705626164,-0.013774464968834709,0.00012592535876451816,-0.048974481371977706,0.0036498205202122555
2002-12-05,0.0001361133529052483,0.05636545969467616,-0.013775642460955386,0.0001258253310579161,-0.04891457877448624,0.003650205379370824
2002-12-06,0.00013623109466283197,0.05636908609868212,-0.013776743368090835,0.0001258826471504094,-0.04885390745845211,0.00365021534880603
2002-12-09,0.00013629323251094358,0.056379541375638206,-0.01377710747509586,0.0001258125338039529,-0.04879762432628108,0.0036504806501528094
2002-12-10,0.00013627230525391692,0.056387613864590916,-0.0137778933591241,0.00012580997783438153,-0.048741165444556124,0.0036509678614624064
2002-12-11,0.0001362950867464237,0.05639303508876789,-0.013778293110377003,0.000125841173440254,-0.048699459751873314,0.003651548238281652
2002-12-12,0.00013628895335063496,0.05639859504638275,-0.013778396530913294,0.00012566167821738563,-0.04867843617089709,0.0036525437094307054
2002-12-13,0.00013635736858482773,0.056401406905502036,-0.013778831814557656,0.0001256070323212866,-0.0486608841085502,0.0036527531676362147
2002-12-16,0.00013638935556689315,0.05640617442701828,-0.013779273305484176,0.00012556135677984934,-0.04859559496804778,0.0036536400989170535
2002-12-17,0.00013649130742368395,0.05641359197957143,-0.013779992103487917,0.00012550181987369796,-0.04853345387718544,0.0036537415946665307
2002-12-18,0.00013658285000442763,0.05641737706237238,-0.013780721756279642,0.0001253926389107952,-0.04849729700735777,0.0036536928133427743
2002-12-19,0.0001366423112799727,0.05641997970148813,-0.01378179228733179,0.0001253927400095461,-0.0484493109090947,0.0036542523119904606
2002-12-20,0.00013671085211911505,0.0564249392565916,-0.013782879787152848,0.00012545233050042677,-0.048399290718109944,0.0036550454230672358
2002-12-23,0.00013674124739458947,0.056430354401999165,-0.01378380167338051,0.0001253134993574265,-0.048374508926403506,0.003656175247866729
2002-12-24,0.00013678988291834828,0.056430303767888476,-0.013784506744630175,0.00012532624387144378,-0.04832718950260618,0.0036571709666529647
2002-12-27,0.00013682923564985533,0.056430035634482796,-0.013785315415046847,0.00012527429121128253,-0.04826222426387356,0.0036575962842887713
2002-12-30,0.00013685090631194096,0.05643193167102151,-0.01378579101594752,0.00012521383066127666,-0.048212970598374955,0.003657979761103926
2002-12-31,0.00013684459953324012,0.05643713839740354,-0.013786031479670401,0.00012535164114084896,-0.048115918556290736,0.003657551680516067
2003-01-03,0.00013685872515087718,0.056441210496615817,-0.013786567188926261,0.0001253874215722193,-0.04803773385335782,0.0036581212313362968
2003-01-06,0.0001368694916776573,0.05644359971076838,-0.013787037369689045,0.0001253724667347565,-0.047968473909238016,0.0036581963518686304
2003-01-07,0.00013688504795153229,0.05644268187173136,-0.013787399923316433,0.00012538458821966902,-0.04792286547719339,0.0036597951737952
2003-01-08,0.00013691467489679383,0.05644558593488884,-0.013787552149164816,0.00012532420510831454,-0.047889187815059055,0.0036603148527999552
2003-01-09,0.0001369219149526047,0.05645190781601144,-0.01378785517700034,0.00012536196820537657,-0.04780400279137039,0.003660372519135405
2003-01-10,0.00013692088455418113,0.0564569444882552,-0.013789019876580794,0.00012527005900477041,-0.047765349755544174,0.003660814211864253
2003-01-13,0.00013692396090326213,0.0564599861172704,-0.013789980500460137,0.00012522024571832324,-0.04771410235381387,0.0036615668102157944
2003-01-14,0.00013694954354809798,0.05646023689692313,-0.013790586587550275,0.0001251012919684426,-0.04765818645329687,0.0036622783705103235
2003-01-15,0.0001370092369876684,0.056463625868445305,-0.013791213592571138,0.00012498403121410733,-0.04761829262099114,0.0036630217726146812
2003-01-16,0.00013702730716382648,0.05646367296803126,-0.013792111413691962,0.00012507024841949393,-0.04755661598814514,0.0036631612026961006
2003-01-17,0.00013703553309830344,0.056467815027291056,-0.013793629993778466,0.00012517287170867513,-0.047533925472422744,0.0036641520328679796
2003-01-22,0.00013706648076841453,0.0564709997144624,-0.01379401438889392,0.00012521423916468224,-0.04753860652395774,0.003664600893831689
2003-01-23,0.00013708287618952383,0.056477466204327816,-0.01379595549538906,0.0001250908749580193,-0.04749088614294883,0.003664903301184513
2003-01-24,0.00013707374084506415,0.056481427032562107,-0.013796725178104784,0.0001251662013079325,-0.04746305013787521,0.003664961883063875
2003-01-27,0.00013706130987832028,0.056482869213443566,-0.013797132636527258,0.00012520227898792766,-0.04739501961276956,0.003664503611107236
2003-01-28,0.00013706805822388926,0.05648003337016727,-0.0137979274817504,0.00012521364993903317,-0.04736482087786276,0.003665426303296415
2003-01-29,0.0001371325992115443,0.05648870354947083,-0.013797762295838538,0.0001251108314044351,-0.04732462619200205,0.003665675279869965
2003-01-30,0.00013715257754158094,0.056494638659853255,-0.013798366825368794,0.00012502645864462595,-0.047257387206868375,0.0036659840975603484
2003-01-31,0.00013722165602203333,0.05650254234309768,-0.013798946080033828,0.00012502304365252353,-0.04721572346134001,0.0036666135048951222
2003-02-03,0.00013722577221684298,0.056507101346174704,-0.013799520429340326,0.00012494565534345095,-0.047139734183837184,0.0036666535175810624
2003-02-04,0.00013726217338796444,0.05651329931827953,-0.01379995638667251,0.0001249905013678272,-0.047101276731325505,0.0036662531869067145
2003-02-05,0.00013723595564427973,0.05651850331441978,-0.013800626009765412,0.00012488669284410793,-0.047033666058619056,0.0036673894644364442
2003-02-06,0.0001372397814369408,0.056520862185533004,-0.013801785124624578,0.00012469438181583297,-0.04698594784470364,0.0036682848075952536
2003-02-07,0.0001372945773284512,0.05652474461949198,-0.013802560096703874,0.00012464976003479148,-0.04689246640845406,0.0036682249713883954
2003-02-10,0.00013730425186139533,0.0565293161867168,-0.013803132790147672,0.00012469883819405352,-0.04687752757170218,0.003668301761839173
2003-02-11,0.00013735345006359847,0.05653345491584805,-0.013803277771413124,0.00012444402998753928,-0.04687354572334202,0.0036681681473252174
2003-02-12,0.00013736906473616617,0.056541527551328415,-0.013804365702334842,0.00012455547263450354,-0.046844486558482896,0.0036690847418405833
2003-02-13,0.00013738636132545277,0.056547470602758845,-0.013805349281770971,0.00012457104946242122,-0.04678926709644309,0.0036688188906751173
2003-02-14,0.0001374038514353938,0.056547421772484376,-0.013805563922757462,0.0001244344063688355,-0.04675710169935924,0.003668719127979187
2003-02-19,0.00013742649118935965,0.05655641987602189,-0.013805352091133092,0.00012448555575661428,-0.04670662789147372,0.0036696489800906087
2003-02-20,0.00013744271455974226,0.056561565631787644,-0.013805866375564243,0.00012446870080629334,-0.046655014220551565,0.003669615950302567
2003-02-21,0.0001374656209493533,0.05656899878101203,-0.013805632129505436,0.00012433565254047675,-0.046626335044820805,0.003669989370141862
2003-02-24,0.0001374887546019215,0.05657758269902921,-0.013806622051308712,0.00012440747660464268,-0.04657304252950291,0.0036691418446140665
2003-02-25,0.00013752271245298894,0.056587328076297974,-0.013807245136520919,0.00012447021767825255,-0.04652180459355872,0.0036691236016728815
2003-02-26,0.0001375150043591509,0.05659649365611465,-0.013806981584586651,0.00012449089029786898,-0.04645859112297524,0.0036687261124284066
2003-02-27,0.00013751206974649586,0.05659940724932354,-0.013807319853615545,0.00012452432906716175,-0.046450789892891135,0.00366981030801577
2003-02-28,0.00013752596333286532,0.056608706272309545,-0.013808374078799568,0.00012448136845556295,-0.046389668624152176,0.0036698957112601778
2003-03-03,0.0001375363609697828,0.05661854128937219,-0.013808903878066402,0.0001244418217508612,-0.046341263841134434,0.003670600584329711
2003-03-04,0.00013755196231525935,0.056628004581665295,-0.01380932010239621,0.00012453924346554867,-0.0462993550388758,0.003670608282525435
2003-03-05,0.0001376000060307064,0.05663906405668857,-0.013809513904835717,0.00012447886196869707,-0.04625908963841856,0.003671465218674197
2003-03-06,0.00013760172692103885,0.0566434667014314,-0.013810309761263998,0.00012454635547745662,-0.046231170604376814,0.003671685462334276
2003-03-07,0.0001376314528349414,0.056659049168365526,-0.013810848228486185,0.00012454752622290246,-0.04623953796368191,0.0036722340029708557
2003-03-10,0.000137626468634571,0.05666572419164447,-0.013811096294178,0.0001245705108431667,-0.0461705656953039,0.0036723693952121833
2003-03-11,0.0001376499224537489,0.05667308463537246,-0.013811821987665833,0.00012457523397926894,-0.04613242846862342,0.003672025538014042
2003-03-12,0.00013772223973424678,0.056679854017451126,-0.013812316774349936,0.00012450247499048276,-0.046131310881591975,0.003671629201159675
2003-03-13,0.0001377752391493734,0.056686576952410195,-0.01381354211437887,0.00012450989176021883,-0.046109622214071326,0.0036721976298447617
2003-03-14,0.00013778769531234186,0.056697230981827995,-0.01381321019438457,0.00012458995918121767,-0.046051142504675756,0.003671677246066952
2003-03-17,0.0001377402948555351,0.05670634637614539,-0.013814039710335502,0.00012457611358843124,-0.04602425750875648,0.003671558645735499
2003-03-18,0.000137757949790263,0.056717092699875266,-0.013814327680347238,0.00012466363742869648,-0.04597368103184971,0.003672061035399502
2003-03-19,0.00013781414619342539,0.056726544288977096,-0.013814466210383276,0.0001246082158279019,-0.045949322485199,0.003673106244600195
2003-03-20,0.00013783325104357432,0.0567386474275531,-0.013814768340149199,0.00012459661613380566,-0.04587637433798313,0.0036734589723708996
2003-03-21,0.0001378483523136368,0.05674505746917723,-0.013815772431579387,0.00012463400722879266,-0.04585381707972678,0.003673303346713871
2003-03-24,0.00013783680703904536,0.05675890171092669,-0.013816329777446887,0.0001245036990165942,-0.04581826591120708,0.0036736021715603573
2003-03-25,0.0001378480072893305,0.05676607796102756,-0.013816514653822842,0.000124610954971011,-0.04575781939404959,0.0036739671524384935
2003-03-26,0.00013784733181792388,0.056774947249573035,-0.01381646725391321,0.00012454752022015452,-0.04576797550913998,0.003673781539237389
2003-03-27,0.00013790248521712692,0.05678174525376772,-0.013816840489699838,0.0001245232890012303,-0.04571693987410854,0.0036727034939115118
2003-03-28,0.00013790364201118468,0.05679712962857108,-0.013817542111160864,0.00012458634607402094,-0.045648984896009916,0.003673362339992406
2003-03-31,0.0001379395991168413,0.05681077210143407,-0.013817991752477637,0.00012467086607094202,-0.04561226110513151,0.0036736712522468917
2003-04-01,0.0001379186070155605,0.05682506514589296,-0.01381725949315873,0.0001245480916432322,-0.04556740221644067,0.0036742800182132523
2003-04-02,0.00013794308266992992,0.05683771149343092,-0.013818067001837719,0.00012449708833232228,-0.04551780668139402,0.003673801116351857
2003-04-03,0.00013795358821854994,0.05684865922510372,-0.013818149385561255,0.00012449054715263472,-0.045497324367998686,0.003673725225537666
2003-04-04,0.00013798629291914336,0.05686094972612389,-0.013818072991009234,0.0001243925857489079,-0.0454503816140148,0.0036741855521237802
2003-04-07,0.00013800046918833894,0.05687182252188527,-0.01381722521528158,0.00012448859428273724,-0.04539163602539912,0.0036744373116528064
2003-04-08,0.00013801794719728945,0.05688398422070379,-0.013817220226891032,0.0001246243105477236,-0.04534364806676941,0.0036735841305004955
2003-04-09,0.0001379997054900296,0.05689585666060673,-0.013817960649838808,0.00012467622301278207,-0.04530433206083604,0.0036742052726965397
2003-04-10,0.0001379493868514957,0.0569149041136565,-0.013817342910596414,0.00012468763011803526,-0.045266863534453285,0.003674992643273447
2003-04-11,0.00013792187589415576,0.05693028490370658,-0.013817250463501338,0.0001246027609709539,-0.04524149508858295,0.0036755547948874607
2003-04-14,0.00013794739394136867,0.056943016840895186,-0.013818435745481935,0.00012464327537124102,-0.04519830037830845,0.003675862872451997
2003-04-15,0.00013794892117439402,0.05695294574507402,-0.013818194367881783,0.00012471570950752143,-0.04519535569158136,0.0036768388242067822
2003-04-16,0.00013793751732118953,0.05695696067380994,-0.013817577341038015,0.00012463457280337186,-0.04518183943777977,0.0036774274061344126
2003-04-17,0.00013792400725159694,0.05696599119821664,-0.013818095718929066,0.00012452178755895755,-0.04511906566666937,0.003676611850286867
2003-04-22,0.00013796366848878582,0.05698835918519057,-0.013818390298308678,0.00012456447478037246,-0.0450583346834394,0.0036773965637413243
2003-04-23,0.00013798277275306646,0.05699477852239042,-0.013818531322394943,0.0001245232402336784,-0.04503136996895242,0.003677072980688519
2003-04-24,0.00013801540864913513,0.057011728058821744,-0.013819615443643064,0.00012453180952011836,-0.04498752248395931,0.0036767267980799844
2003-04-25,0.00013800806355781175,0.0570257259080332,-0.0138190754105994,0.00012454468796442464,-0.044957094124385685,0.0036767995975659235
2003-04-28,0.00013800960902680243,0.05703480389256892,-0.013818954751367234,0.0001245820986280478,-0.04488862839491295,0.0036773108243960155
2003-04-29,0.00013801624878312027,0.057037950029108254,-0.013818774739804193,0.0001246381230247762,-0.04483417347721625,0.003677551905633899
2003-04-30,0.0001379662446465039,0.05704912244371019,-0.013818450183048947,0.00012469838955734397,-0.044756882181085915,0.003678582456052185
2003-05-01,0.00013799840348582026,0.05705869648692778,-0.013817873916971429,0.00012470072818528057,-0.044721113230150496,0.003679149891240197
2003-05-02,0.00013804945021118263,0.05706420569202402,-0.013817821048215342,0.00012482423129152583,-0.044651958134422964,0.003679821883686166
2003-05-05,0.00013810878637368455,0.057078915690405865,-0.013817677253524969,0.00012492138236564943,-0.044640396781650285,0.003679572114681831
2003-05-06,0.0001381125001976539,0.05708967124153444,-0.013817062583268085,0.0001248767455188488,-0.04460789098791504,0.003680239753755519
2003-05-07,0.00013812659954935677,0.05709773088178344,-0.013817222358860588,0.0001247672925882567,-0.04457005059341874,0.0036802681367432795
2003-05-08,0.00013820304282357944,0.05710331041281197,-0.013818044960501395,0.000124787961381568,-0.04454921484596179,0.003680121447358126
2003-05-09,0.0001381991289687109,0.05711328896766172,-0.013818497956718752,0.00012479036196815502,-0.04452319944510216,0.003680476467264279
2003-05-12,0.0001381587722261795,0.05712597527365061,-0.013817779071799544,0.0001248667963908802,-0.044503095232787754,0.003681399898172198
2003-05-13,0.00013814545517599406,0.05713688970295577,-0.013818609736978554,0.0001249278165439468,-0.04444480286754462,0.003681339171943734
2003-05-14,0.00013811593165556133,0.05714897779209239,-0.013818033566283474,0.00012473394487177641,-0.044472392036087605,0.003681323476998462
2003-05-15,0.0001380898140880681,0.0571649940608393,-0.013818034948721514,0.000124766122860155,-0.0444369317881313,0.0036814499183518497
2003-05-16,0.00013809277770896887,0.05717752420945035,-0.013818100935647053,0.0001248797395595545,-0.044393544084418445,0.0036823237703974684
2003-05-19,0.00013810443605040214,0.057193209217783175,-0.013817991649334659,0.00012498608317902923,-0.044344920509600795,0.00368263579437885
2003-05-20,0.00013812055075741598,0.057209328478090495,-0.01381760850611067,0.00012494707867915082,-0.0443027090698475,0.003682815298737045
2003-05-21,0.0001381091605326972,0.05721775193251334,-0.013817974659030102,0.00012489211547501983,-0.04425405794541634,0.003682375237771954
2003-05-22,0.00013809612123757216,0.05722986524649767,-0.013818191643640055,0.00012496454320963147,-0.04421330272963077,0.0036825358421744606
2003-05-23,0.0001380562356720761,0.05724206559404934,-0.013817812067427179,0.00012497191708721303,-0.04418298767165422,0.003682747705703762
2003-05-28,0.00013803916999989796,0.05725497893185205,-0.0138177773678376,0.00012494302806041334,-0.044168122726177976,0.003682625750096654
2003-05-29,0.00013798296303238608,0.05726902808115078,-0.01381757073390069,0.00012487033950044367,-0.04413938238136268,0.003682922572335649
2003-05-30,0.00013802885082215551,0.057281589139611164,-0.013817895684422671,0.0001248720852198032,-0.044082019307880284,0.003682982451430441
2003-06-02,0.00013806422722745912,0.05729269845146583,-0.013817599932926335,0.00012474755067510976,-0.044064421299512574,0.0036833629010408044
2003-06-03,0.00013801326699754512,0.05730169588412908,-0.013817404880780593,0.00012472815961159285,-0.04400763981229563,0.003683614814132259
2003-06-04,0.00013800670778822495,0.05731923414888008,-0.013816895913691063,0.00012468220120053763,-0.04394547058286366,0.00368330601285196
2003-06-05,0.00013803734083188028,0.057333780290734965,-0.013817168690656146,0.00012464076061279025,-0.043906499265346434,0.003683345614112129
2003-06-06,0.0001380360555551492,0.057345816821502346,-0.013816511603491084,0.00012468270318006337,-0.04386982160220082,0.0036834714781597278
2003-06-09,0.0001380099615292819,0.057354552596974674,-0.013817537685513588,0.0001247146465339788,-0.04381943979221282,0.0036836237156916835
2003-06-10,0.00013801692857955036,0.05736914478987322,-0.01381749164908974,0.0001246297106085681,-0.04381198125387215,0.003684064433729807
2003-06-11,0.00013806437750547477,0.05738367975776446,-0.013816703094181261,0.0001246339135988295,-0.043742512387586065,0.003684302445679576
2003-06-12,0.00013804207888044187,0.057395060964666914,-0.01381701571682386,0.00012449518165244373,-0.04373411253359418,0.0036846102831349092
2003-06-13,0.0001379919057045933,0.05741010845532618,-0.013817333106154432,0.0001244881281087046,-0.04370341901615344,0.003684019894277614
2003-06-16,0.00013798334132988796,0.0574244695114626,-0.01381729151177008,0.00012453372092923793,-0.04364710552598824,0.003683552060522906
2003-06-17,0.0001379980132070933,0.057433403064586254,-0.013817051748853773,0.0001245945691606991,-0.04359423531565809,0.003682651806622977
2003-06-18,0.00013802300050628336,0.05744181439818267,-0.013817222410190358,0.0001245673002175992,-0.043584294442255866,0.0036835834500622304
2003-06-19,0.0001379867790863368,0.05745281259495822,-0.013817502572052873,0.00012461836627133014,-0.043579494069247285,0.0036831668255461808
2003-06-20,0.0001380199962962314,0.05746819774306205,-0.013817357076221077,0.00012445059824984725,-0.04357404859845322,0.0036832718200139553
2003-06-23,0.00013808815527939483,0.05748276902013362,-0.013816805885527896,0.0001243742605933663,-0.04352564788264731,0.003682820708320876
2003-06-24,0.00013809285581327504,0.05749503846763736,-0.0138166882165627,0.0001243347095976207,-0.04349899768841147,0.003682836813548384
2003-06-25,0.00013804178917119675,0.05750572099020444,-0.01381638622685984,0.0001243570641637406,-0.043460131470347295,0.0036829393970910385
2003-06-26,0.00013804854667816177,0.0575151616353728,-0.013817116834323354,0.00012425854157545736,-0.04345598480254325,0.003682137523870083
2003-06-27,0.00013803588657839192,0.057527707423726,-0.013817355601393631,0.00012432217382345612,-0.04341363639385455,0.003681493677754912
2003-06-30,0.00013801447527170995,0.05754218225162623,-0.013817178915338546,0.00012441827415261695,-0.043369637327918806,0.0036818512764895594
2003-07-01,0.00013802089502169818,0.05755812022624776,-0.013816715861330486,0.0001244844786127461,-0.04336044864377526,0.0036819560643414065
2003-07-02,0.00013798780263951557,0.05756949781600552,-0.01381552360016725,0.00012440847390505713,-0.04333607782725097,0.0036815441956403096
2003-07-03,0.00013797290505256386,0.0575824811945817,-0.013815615162618491,0.00012440595662902078,-0.043274113117529676,0.0036814230023084855
2003-07-08,0.00013801395869614003,0.05759627152659633,-0.013816002921320411,0.00012419627666792653,-0.04317924832607429,0.003681068119104818
2003-07-09,0.00013799564547449386,0.05760750603754274,-0.013815675930382616,0.00012428507354891942,-0.043130077838202344,0.003680631249052285
2003-07-10,0.00013801253686427403,0.057621406784945685,-0.013815243167982726,0.00012440271683330405,-0.04310484880761806,0.003680538521243856
2003-07-11,0.00013803557411964354,0.05763702926284464,-0.013814932613241196,0.00012447123261762733,-0.043069839235906154,0.003680025127616022
2003-07-14,0.00013802949608628445,0.05765306792986934,-0.013814607821358222,0.00012451820161077967,-0.04306066784516987,0.0036790607729672324
2003-07-15,0.0001380646689439009,0.057663049207164314,-0.013814451766319721,0.00012440517559441446,-0.0430267454113396,0.0036791961483058785
2003-07-16,0.00013806697350364554,0.05768092749191826,-0.013814767970049924,0.00012450705805355127,-0.04296833688455332,0.003679595425788525
2003-07-17,0.00013808594765872344,0.05769306733338152,-0.013814683071282911,0.0001243963013643006,-0.042958744185168554,0.0036790462016880483
2003-07-18,0.00013807625856275104,0.0577109062570477,-0.013814981856061455,0.00012441313714639304,-0.042953354166552486,0.0036786523094002404
2003-07-21,0.00013807646578611237,0.05772852662977183,-0.013815305154023894,0.00012444044857178502,-0.04292271045048479,0.0036786588416635397
2003-07-22,0.00013807863618378716,0.05773735173281362,-0.013816844251593699,0.00012445420429560064,-0.04286923750535022,0.0036784872136232157
2003-07-23,0.0001380884281659033,0.057747822701516155,-0.013816867263329475,0.00012444488143040585,-0.04283870187723528,0.0036780784731057395
2003-07-24,0.00013809468050908296,0.05776328698489038,-0.01381641933050624,0.0001245343186911507,-0.04276895806298495,0.0036780009454807257
2003-07-25,0.00013807952080230516,0.05777461648360237,-0.013816628508562821,0.000124506888372658,-0.04271003419715999,0.0036773337432461613
2003-07-28,0.0001380830907462943,0.05778507805471906,-0.013816848788395125,0.0001244712464373604,-0.04267260627242159,0.003677258082294717
2003-07-29,0.00013812280056064958,0.05779765154894759,-0.01381680718283642,0.000124443681510509,-0.042602562876393614,0.0036773193394546923
2003-07-30,0.0001381400494309501,0.057811823496433296,-0.013817131887322672,0.00012448407143441642,-0.042595660533430876,0.003677485640415804
2003-07-31,0.00013819219518061397,0.05782234863338056,-0.013817731837052363,0.0001245861272980169,-0.042585423711062775,0.0036778284189091298
2003-08-01,0.00013823112736733624,0.05783397026876308,-0.013817422766996813,0.00012453637988481134,-0.04250863869522374,0.003679208848634508
2003-08-04,0.0001382332039788233,0.057843299288278534,-0.013817876844124314,0.0001245282506781163,-0.04250762701594487,0.003679172940152924
2003-08-05,0.00013821811462047832,0.057855981700345865,-0.013817839693068082,0.00012438597573450342,-0.042442229596562485,0.003678952875511045
2003-08-06,0.0001382216197721846,0.05786941127339472,-0.013818109250175173,0.00012427334225687968,-0.04242097894127497,0.0036792303800117494
2003-08-07,0.0001382447699477679,0.057880250605523306,-0.01381788556038451,0.00012440201034296733,-0.042387485628039775,0.003679455344634275
2003-08-08,0.00013822561952028182,0.05789267749429568,-0.01381803303466674,0.00012430200371633585,-0.042332836931702957,0.003678979251078105
2003-08-11,0.00013823532348279796,0.0579102983185449,-0.013816797644121878,0.00012435619704264972,-0.042270715356995704,0.0036791454159199304
2003-08-12,0.00013823433057163944,0.057921931264461955,-0.013817104778660614,0.00012418652679641439,-0.04221267423074584,0.0036789614049324362
2003-08-13,0.00013822236775302358,0.057933018776178576,-0.013816805522854358,0.00012429402620472017,-0.042192064288870616,0.0036798429347462084
2003-08-14,0.00013820596420677277,0.05795109413754519,-0.013816405946085351,0.0001242327867682552,-0.042221701288994745,0.0036787752635115247
2003-08-15,0.00013820912652822857,0.05796336834238123,-0.013816198362006806,0.00012430810838928805,-0.042228736501524824,0.0036789571736580108
2003-08-18,0.00013817903802038084,0.057973182525606216,-0.013816534853908696,0.00012438504003788674,-0.042159965478272055,0.0036794930667735006
2003-08-19,0.00013824781651434358,0.057983796273710544,-0.013816905436540251,0.00012436027419040718,-0.04207502774103416,0.0036803932046398534
2003-08-20,0.0001381802795656232,0.05800002748859997,-0.013816256884506507,0.00012438856823186427,-0.04203312793126747,0.0036804369739611696
2003-08-21,0.00013817929308319106,0.058008511237155405,-0.013816252651425536,0.00012443070984487865,-0.04195487308883775,0.0036804314928137504
2003-08-22,0.00013817416551444023,0.05801852195416082,-0.013816296503804748,0.0001243948351254033,-0.04190578100646609,0.0036808029259586964
2003-08-25,0.00013814034026714928,0.05803116766709271,-0.013816270041376432,0.00012428188638456797,-0.04185469480518193,0.003680799670812383
2003-08-26,0.0001381111738827214,0.05804284978252387,-0.013816482843606284,0.00012440955644108843,-0.041845505606887747,0.0036804017694954563
2003-08-27,0.0001381177271544012,0.058054506391513244,-0.013816511372012601,0.00012444120429761017,-0.04180290156878946,0.0036805993752857817
2003-08-28,0.00013818543485729078,0.058067939248029145,-0.013816729472284569,0.00012444870667067373,-0.041772425584033566,0.003680395799051499
2003-08-29,0.0001382524501151576,0.05808348238535772,-0.013816437249200508,0.00012437266008289333,-0.04170837942539949,0.0036801870394692505
2003-09-03,0.00013830051199545295,0.058097001625619135,-0.013816622333422256,0.00012446981827703436,-0.04170512589491972,0.003680512624838298
2003-09-04,0.0001383309839050499,0.0581120780254715,-0.013816829769035126,0.00012448569346260377,-0.04167861710053272,0.0036796208495417744
2003-09-05,0.00013834301935811328,0.058126756543658335,-0.013816981479567407,0.0001244849594157943,-0.04162872500950593,0.0036795374000749568
2003-09-08,0.00013836699268225672,0.05814414962617061,-0.013817241957905207,0.00012466371989665572,-0.041603226904171946,0.0036805305998302684
2003-09-09,0.0001384058190382677,0.0581588958434788,-0.013817053676014492,0.00012467816358420882,-0.04156652299935904,0.0036803829227682397
2003-09-10,0.00013837561155689382,0.05817866268801752,-0.013817557950669704,0.00012487821622433933,-0.04153523393824871,0.003681017634868037
2003-09-11,0.0001383986163124701,0.05819314837532688,-0.013818020968337782,0.00012486956212476004,-0.04145189722645192,0.0036806098401014975
2003-09-12,0.00013838512322222142,0.05820552984904098,-0.013817793655436743,0.0001248877146890453,-0.041439288122019975,0.0036802360542165964
2003-09-15,0.00013838025919317724,0.058218087794398576,-0.013816873981355686,0.00012501061048145922,-0.04141644457713462,0.0036804449088349966
2003-09-16,0.00013840735561003676,0.058232952635456255,-0.013816908872817899,0.00012501755023579844,-0.04140233349735536,0.003681602870917095
2003-09-17,0.0001384101003216902,0.05824153445453446,-0.013817307864183068,0.00012496298974624986,-0.041344835057147256,0.0036813303660573147
2003-09-18,0.0001383846352717787,0.05825500115352122,-0.013817017964248529,0.00012491389145786048,-0.04128427066463535,0.003680704578852137
2003-09-19,0.0001384059219742458,0.058268509756926004,-0.013816847419633661,0.0001248872099909768,-0.04126736572135122,0.0036800105226279843
2003-09-22,0.00013842735048313887,0.05828025268438684,-0.013816548075021664,0.00012489105689893312,-0.04123995405105757,0.0036799930454932414
2003-09-23,0.0001384013510343973,0.058298051102350236,-0.013816147883572681,0.0001248962856498862,-0.041170837479034994,0.003679392166914419
2003-09-24,0.00013840302487186013,0.05830924719875536,-0.013815387546761993,0.00012486236947476317,-0.04113779527300284,0.0036789985531585382
2003-09-25,0.00013837827108388958,0.05832805112487552,-0.013814530501574078,0.00012494053964544474,-0.04107676377771116,0.0036776740479577625
2003-09-26,0.00013833130527620173,0.05834282808450866,-0.013814918120213814,0.00012502258523117347,-0.04106457774721221,0.0036769966376026747
2003-09-29,0.00013831113197837358,0.058363820577094244,-0.013815059273532715,0.00012500493245312395,-0.041046117229072254,0.003677570072826964
2003-09-30,0.00013838757550944285,0.0583773383530582,-0.013814573603943742,0.00012502150334627287,-0.04100827757549452,0.0036783332827716436
2003-10-01,0.0001383859081387506,0.058393781988766984,-0.013813877840425582,0.00012510502757169176,-0.04093976627557518,0.0036778708998788283
2003-10-02,0.0001383634600250598,0.05840410408905653,-0.013814089776637539,0.00012513218765328155,-0.04091840949704047,0.0036776552725514542
2003-10-03,0.00013833564512809088,0.05841661721245433,-0.013814293518991366,0.00012516274884768715,-0.040877439055894506,0.003677863255992792
2003-10-06,0.00013836357761996593,0.0584268471463469,-0.013814170952678782,0.00012517628447743462,-0.04086858739258545,0.0036779368853238504
2003-10-07,0.0001383458616564476,0.05844344032365681,-0.013814256381853754,0.00012515256386331743,-0.04082786408329556,0.003679171639108028
2003-10-08,0.00013831406811011038,0.05845483558612451,-0.013814312841451506,0.000125303614563855,-0.040771305570460985,0.0036784915926985065
2003-10-09,0.0001383540709222159,0.05846952039057058,-0.013814600825094272,0.00012537996637757755,-0.04074820810881798,0.0036771723069702984
2003-10-10,0.0001383454958040533,0.05848555736157051,-0.013814964158896173,0.00012539106923044685,-0.04071324311655824,0.0036764405467773426
2003-10-15,0.0001383312738335542,0.058498540098723364,-0.01381449341348035,0.00012537752579512863,-0.04068221623662189,0.0036763859184930567
2003-10-16,0.0001382981425022204,0.05850945640156119,-0.013814006448750011,0.00012535852807348498,-0.04068191009042405,0.003676013719964185
2003-10-17,0.00013826426317300816,0.05852056912134429,-0.01381358029827645,0.00012529504760778863,-0.04060095553711431,0.0036760912901746727
2003-10-20,0.0001382177561495462,0.05853444450130711,-0.013812914046683094,0.0001253505389389591,-0.04055313354374796,0.00367641507523848
2003-10-21,0.00013822847949198312,0.05854770401041762,-0.01381275785410478,0.00012544692661545454,-0.04050330256342317,0.003676620489554157
2003-10-22,0.00013822286989788261,0.05856321120397916,-0.013813084944184205,0.00012535410522979487,-0.04047981473371442,0.0036759484716714693
2003-10-23,0.00013824945321614965,0.05857775113305011,-0.013813460590554525,0.00012541961594238763,-0.040433766688393186,0.003675807106153124
2003-10-24,0.000138237726341516,0.05859205431347915,-0.013813024095502512,0.00012534921295415694,-0.04043196088420407,0.003675492252705282
2003-10-27,0.00013824222045113007,0.05860447391884835,-0.013813104033145812,0.00012556656180270735,-0.040360540990296734,0.0036751377580743986
2003-10-28,0.00013816673009691856,0.05861668410436022,-0.013812784405404609,0.0001256168977465548,-0.04029158106023541,0.003674957317629515
2003-10-29,0.00013814054797199049,0.05863053491498748,-0.013813073168204234,0.00012574361830518444,-0.040285381321586676,0.0036745919620994223
2003-10-30,0.0001381484832416354,0.058641114283442916,-0.013813448570900626,0.00012575289815218782,-0.040241174572490455,0.003674551236777796
2003-10-31,0.00013814998623633057,0.05865808477265925,-0.013812890236638599,0.00012571286180492876,-0.040156246931306545,0.003674085814510934
2003-11-03,0.00013813426731506208,0.05867483822265623,-0.013812639627646464,0.00012569334639524237,-0.0401447296999196,0.0036737567916439832
2003-11-04,0.00013813784711480708,0.05869180136249606,-0.013811905720245637,0.00012573858051049988,-0.04012602024507285,0.003673485353414661
2003-11-05,0.00013811199945825726,0.058708453211158786,-0.013811207697558042,0.00012564366869252875,-0.04006816393038181,0.003673609241819734
2003-11-06,0.000138134949072028,0.058727507240555234,-0.013809988346221094,0.000125733609860466,-0.04000216485744108,0.0036740853208987005
2003-11-07,0.00013815642907574508,0.058743113725708784,-0.013809891839930165,0.0001256155532552735,-0.03997206077282766,0.0036738685967598154
2003-11-10,0.00013809590724998323,0.058759658097998296,-0.013809129895702673,0.0001256513338777103,-0.03995112027615639,0.003673667950655356
2003-11-13,0.00013806775252997049,0.058770953432535016,-0.013808644084378083,0.00012557918615108187,-0.03991706919428292,0.0036743831702857914
2003-11-14,0.00013805772380112274,0.05878269928335124,-0.01380760940032344,0.0001256011582915922,-0.039883658825287854,0.0036735380628624033
2003-11-17,0.0001380279999139922,0.05879676968902644,-0.013807251778064609,0.00012546347833730686,-0.039850233443224414,0.003673011570951682
2003-11-18,0.0001380273735662222,0.05881165082026726,-0.013807131382708053,0.00012532107753665417,-0.03983603412592572,0.0036731377413989014
2003-11-19,0.00013805100117379954,0.05882911381256524,-0.013806481524391349,0.00012515028735539583,-0.03978486782266887,0.003672241014053104
2003-11-20,0.0001380709445255514,0.05884279157702721,-0.013805563895198197,0.00012501301875466705,-0.03973875273155432,0.0036721854289173154
2003-11-21,0.00013805362198632764,0.05885974628003138,-0.013805308954758809,0.000124905717045408,-0.039691019851024044,0.003671743903832572
2003-11-24,0.00013803545014685689,0.058870855826492305,-0.013804607737538957,0.0001248393409053618,-0.03969942871135143,0.003671923147291622
2003-11-25,0.00013808130413300537,0.05887898246963166,-0.013804407030864961,0.00012485818923534665,-0.03963417052225884,0.0036719316292003917
2003-11-26,0.0001380634968976416,0.058894231302617436,-0.013804737763926236,0.00012480619591248582,-0.03958829369902892,0.003671208516014682
2003-12-01,0.0001380422260046543,0.05890952611015499,-0.013804809533439917,0.0001247322918736446,-0.039526315153168325,0.003671424635361786
2003-12-02,0.0001380552773418455,0.05892614342708839,-0.013804398704302268,0.0001248206484510494,-0.03948754632230829,0.0036704628405803998
2003-12-03,0.0001380307014041637,0.05893947584356932,-0.013804368202228414,0.00012484884028561154,-0.03944715474819105,0.003670171486507837
2003-12-04,0.00013799988329127265,0.05895261129940471,-0.013804310788598326,0.00012498437301739195,-0.039407597019575046,0.0036697597139353283
2003-12-05,0.0001379225156164998,0.058968753712061686,-0.013803718193255047,0.00012492344705037736,-0.03938449915734822,0.003669288310621407
2003-12-08,0.00013794060443536046,0.05898198542395735,-0.013802807275533674,0.0001248314771997375,-0.039322572874543826,0.0036683164765144603
2003-12-09,0.00013787977160865527,0.058997535132945686,-0.013803223220207122,0.0001247872332132055,-0.03933741138775165,0.00366763240789278
2003-12-10,0.00013786239357832752,0.059013007924290956,-0.013802722990258245,0.00012492065238923553,-0.039289339071571255,0.00366627750560388
2003-12-11,0.00013787770644238995,0.05902941338691601,-0.01380281612281592,0.0001246628833955732,-0.03926821453310644,0.003665996330671971
2003-12-12,0.0001378312536179254,0.05904718389122411,-0.013802330496776167,0.0001245502373534853,-0.039238692243706824,0.003666851233725316
2003-12-15,0.00013779861784926937,0.05906546690603953,-0.013802230798000019,0.0001243396144874369,-0.039208772207638215,0.0036658631275214527
2003-12-16,0.00013782811068658966,0.05908476186758788,-0.013802686889807984,0.000124202680034277,-0.039147753278089704,0.003665179038766751
2003-12-17,0.00013784043844556923,0.059100149517841635,-0.013802642994790414,0.00012412780475923017,-0.0391167957442983,0.0036651012362316233
2003-12-18,0.00013781696255491584,0.05910991789989399,-0.013801895361575245,0.00012418533041196273,-0.0390949063502279,0.0036652781221636027
2003-12-19,0.0001378039596437269,0.0591229485416353,-0.01380172722758408,0.00012403927492944918,-0.03907670687752394,0.0036659571483663757
2003-12-22,0.0001377944903713048,0.05913661504217623,-0.01380098640110433,0.00012407920848669384,-0.039048867545281835,0.003665702512649821
2003-12-23,0.00013780824333520805,0.059151042677320964,-0.013800699507145938,0.00012399763572408683,-0.03900237612661751,0.003665696277923373
2003-12-24,0.00013780364551587224,0.059173452297859246,-0.013800298804492841,0.00012393899065381878,-0.03897729380336942,0.0036644657259935895
2003-12-29,0.00013779800704866288,0.059191478211683225,-0.013799491811794715,0.0001239048871574929,-0.03895958697741935,0.003663313714722842
2003-12-30,0.00013776018822998716,0.05920855116733016,-0.013798177494038697,0.00012392231030434813,-0.03893741268361699,0.0036624082000330273
2003-12-31,0.00013770745594075627,0.059226942077454284,-0.01379777846702107,0.00012385782765553786,-0.03889751810871342,0.003662217660584019
2004-01-05,0.00013771978930829563,0.05924207131672586,-0.013798051723551063,0.0001237540770022319,-0.03887860801710307,0.003662574995598195
2004-01-06,0.00013768216952173853,0.05925539732755053,-0.013797493569846088,0.00012376824613291818,-0.03879605069288842,0.003662007743831874
2004-01-07,0.00013769486001500604,0.05927139149683441,-0.013796712805799007,0.0001238212228032374,-0.0387683720410269,0.0036621539562329696
2004-01-08,0.00013762621523943932,0.059291720173115646,-0.013796032379473057,0.00012385250474375765,-0.03876252886122677,0.0036619755476816392
2004-01-09,0.0001376069658862008,0.05930469561265115,-0.013795564806755391,0.00012391913352890734,-0.0386636126659152,0.0036619551703371204
2004-01-12,0.00013760235300706912,0.059323776932895214,-0.013794793770484703,0.00012393702888589982,-0.03865300019796353,0.0036617959388833424
2004-01-13,0.00013759886339636577,0.05933699849431819,-0.013794810171241616,0.00012399284844803054,-0.03856782034471936,0.0036619002419943933
2004-01-14,0.00013757327866953145,0.05935203623008345,-0.013794968407157661,0.00012409612485721137,-0.03853172894899182,0.003661585603026038
2004-01-15,0.00013758101575666971,0.05936953464778015,-0.013794794903260198,0.00012406394270316596,-0.03850711245306974,0.0036622063280443585
2004-01-16,0.00013753441325973717,0.059385855300787556,-0.013794780350049803,0.00012399354987841952,-0.038460350717956074,0.0036614914509147116
2004-01-21,0.00013750269729185803,0.05940354181671843,-0.013794740173581007,0.00012405562428878956,-0.03841738783220955,0.0036609052725339324
2004-01-22,0.00013747287028554304,0.05942355631524661,-0.013794534766287416,0.0001239849064143063,-0.0384181405021694,0.0036603134401053164
2004-01-23,0.0001374054928764847,0.05943444317352178,-0.01379419011413493,0.00012392190843196069,-0.038394590612384795,0.0036595176362530435
2004-01-26,0.0001374401401459516,0.059449134636881985,-0.01379366657164681,0.00012391195434787318,-0.03833747123529605,0.0036591885430724974
2004-01-27,0.00013739889194343228,0.05946708720795091,-0.013793479013855551,0.00012374084272157718,-0.03826196871408453,0.0036594897116376045
2004-01-28,0.00013740102654011908,0.059482289951414864,-0.013793674488157465,0.000123739245419431,-0.03818837797870118,0.003658807933473897
2004-01-29,0.00013741232039804556,0.059494958434424004,-0.013792928866468282,0.0001236555876929571,-0.03814329191623253,0.0036594824263485697
2004-01-30,0.00013737163823603895,0.05951109720346044,-0.013792373665210586,0.00012381438741911302,-0.03812067243572074,0.003659219843998799
2004-02-02,0.00013734617512696628,0.05953326664108706,-0.013792114854688281,0.0001237563089620875,-0.03808122494507361,0.003659163831081805
2004-02-03,0.00013731370762055082,0.059548525268649316,-0.01379297483491491,0.00012371221562897686,-0.03805519585378464,0.0036594100741141823
2004-02-04,0.0001372892153201952,0.0595692256949986,-0.013793002149441869,0.00012387706567089623,-0.038020374620858985,0.0036592317652270603
2004-02-05,0.0001372790091362186,0.05958363024025664,-0.01379243188298718,0.00012392404314694741,-0.037953231064857165,0.0036584754300334373
2004-02-06,0.00013727748565832735,0.05959827574778263,-0.013791929645349827,0.0001237982069864791,-0.037933479440541554,0.0036582868402009108
2004-02-09,0.00013723554930544004,0.059618055773040426,-0.013791498933729728,0.0001237516109968166,-0.03792767364849969,0.0036579548063740116
2004-02-10,0.0001371888693419381,0.05962913143408859,-0.013790603405706208,0.0001236680564638305,-0.03789987694626974,0.0036580950344326972
2004-02-11,0.0001371471033535143,0.05964698865297771,-0.013790548879806703,0.0001237622224654357,-0.037865569016678105,0.0036577704663750136
2004-02-12,0.00013717080411453574,0.059659004120488156,-0.013790570502050455,0.00012372061369064622,-0.03785220197376539,0.0036571552215984276
2004-02-13,0.00013714126437710053,0.0596744908391818,-0.013790482732217887,0.00012370197820407215,-0.037801266357055364,0.003656564775808077
2004-02-18,0.00013711885510355956,0.05969198830350527,-0.013790248194373161,0.0001235954618877334,-0.03775667951149782,0.0036558559574248837
2004-02-19,0.00013709007816020157,0.059707239253641076,-0.0137898631474362,0.00012367768126242255,-0.03771186345005764,0.003655063777679978
2004-02-20,0.00013707244388973258,0.059722515592688555,-0.013790395214761064,0.00012373131549185535,-0.037660207901927444,0.0036553875043711407
2004-02-23,0.00013704909800006822,0.05973561004220371,-0.013789741294633428,0.0001236362795442961,-0.03762149868932367,0.003655209360424516
2004-02-24,0.00013703801104282028,0.0597498667527047,-0.013789269904633868,0.000123777750185933,-0.037574374537323395,0.0036549582838793565
2004-02-25,0.00013703232471990533,0.05976143000192956,-0.013788646487835916,0.00012380544068942153,-0.0374974130148127,0.0036555394285482023
2004-02-26,0.0001370637499837466,0.05977196075472285,-0.013788279851039559,0.00012380993463821945,-0.03745519121220308,0.0036559163169892577
2004-02-27,0.00013696415543590606,0.05978949450546169,-0.013787555500225158,0.00012374682752015032,-0.03746765608665562,0.0036552647319142346
2004-03-01,0.00013700706950525536,0.05980762363202867,-0.013787418142145527,0.00012381311743298704,-0.037417016855926764,0.003654457049346033
2004-03-02,0.0001370093147982833,0.05982722475272695,-0.013787263446383102,0.00012384630313317047,-0.0373858220275697,0.003654182378204358
2004-03-03,0.0001370390391739429,0.05984054627963717,-0.013787084020663856,0.00012384367931166118,-0.037338722668184894,0.0036536040057418033
2004-03-04,0.00013699746984378462,0.0598562610407223,-0.013786826635167566,0.00012397713196169417,-0.037293134627882765,0.003653574379259797
2004-03-05,0.00013700178205673435,0.059871419169494317,-0.013786121849826223,0.00012386470020096454,-0.037267854678978224,0.0036525528725026716
2004-03-08,0.00013704019982746775,0.059884358532277554,-0.013785743842188508,0.00012378149833254073,-0.037224121248324284,0.0036527734463905033
2004-03-09,0.0001370236963234309,0.05989874585051214,-0.013784981824406713,0.00012380037538319206,-0.03717681239547358,0.0036532092990801106
2004-03-10,0.0001370202620863092,0.059909733596282266,-0.013784179134655341,0.00012372627676365266,-0.03716606314117041,0.003652908306255702
2004-03-11,0.0001370083492088302,0.059926921338868705,-0.01378311812622039,0.00012377275258467106,-0.03714787427174826,0.0036535075960715518
2004-03-12,0.00013698266891628064,0.05994342322328767,-0.01378244112342715,0.00012361878645564484,-0.037106276655365436,0.003653592774932565
2004-03-15,0.00013699518694608117,0.0599604772431534,-0.01378175594398781,0.0001235748121201212,-0.03706837144947059,0.0036533155521956445
2004-03-16,0.0001369946851199143,0.0599771028750822,-0.013780552703069455,0.00012360002104640916,-0.03699986024991699,0.0036524470924264064
2004-03-17,0.00013702344573238886,0.05999595407955657,-0.0137799006244831,0.00012353600673572156,-0.036947735800674814,0.0036521660820352576
2004-03-18,0.00013697315959489348,0.06001328102245714,-0.013779686214092788,0.00012355317578465223,-0.03691896601278025,0.0036522645123653473
2004-03-19,0.0001369205330146389,0.06002796595500432,-0.013779510032818501,0.00012354537589897527,-0.036926869596021955,0.003652169360540197
2004-03-22,0.00013690743503346527,0.060047631485722855,-0.013779351703090451,0.0001235984603432817,-0.036885504958172236,0.003652061476999373
2004-03-23,0.00013688497374341255,0.06006226372398621,-0.013779661961019879,0.00012363516751594933,-0.036845380197109485,0.0036520546140770675
2004-03-24,0.00013686603518866072,0.0600749121048587,-0.013778367578433374,0.00012370420472659015,-0.036852829238703234,0.0036516266275308943
2004-03-25,0.00013684486208909256,0.06008826915694207,-0.013777565570378039,0.00012364325274003912,-0.03682068608085468,0.0036504678367932524
2004-03-26,0.0001368906132664844,0.06010791538047933,-0.013777184996675091,0.00012361802801780719,-0.03677457372201765,0.003650389169848539
2004-03-29,0.0001368677474082218,0.0601293505619541,-0.013776331256203908,0.00012363910325068213,-0.036729353514947674,0.003649187659021257
2004-03-30,0.00013686083143872585,0.06014823117228856,-0.013775945923504524,0.00012368588083899702,-0.03671943481342102,0.0036479789413056064
2004-03-31,0.0001368395301266968,0.06016699944067308,-0.013775381704082185,0.00012373028548302487,-0.03671147321812837,0.0036469003111324018
2004-04-01,0.00013684126021908818,0.06018613329948826,-0.013774558858510384,0.00012373482864210547,-0.036674043240765265,0.0036470215900079395
2004-04-02,0.00013686933499498753,0.06020250153496388,-0.013773550960115432,0.00012373767430083138,-0.03664003052046863,0.00364618197437062
2004-04-05,0.0001369001277367408,0.060218782815219675,-0.01377298987686374,0.00012373748280421508,-0.036607594428406144,0.0036463915688116173
2004-04-06,0.00013690575636149442,0.06023669889960807,-0.013772507139820322,0.00012366257770294844,-0.036555188288867224,0.0036454152524039475
2004-04-07,0.0001369088021233233,0.060249173294102454,-0.013771848016936171,0.00012367931299666122,-0.03655133639663859,0.003644923175166094
2004-04-08,0.0001369478908778332,0.06026254603396822,-0.013770737140741621,0.0001236660249115406,-0.036496292360442606,0.003643735435752348
2004-04-13,0.00013697980554613107,0.06027917180693346,-0.013769915408971187,0.00012360670770960127,-0.03644645336819005,0.00364290074155452
2004-04-14,0.0001369702744485004,0.060292059806318805,-0.01376939778051394,0.0001235421478370442,-0.036414284648121686,0.003641902055415456
2004-04-15,0.00013701524907904657,0.060308157843809156,-0.013768740167421207,0.00012367966837485594,-0.03635666115903049,0.0036412742294406105
2004-04-16,0.00013703530166365015,0.06032591731588048,-0.01376811046907502,0.00012374112058586317,-0.036315602495015954,0.0036408293066417102
2004-04-19,0.00013705622091163982,0.06034392298611,-0.013767861134421851,0.00012375833734114427,-0.0363210654467085,0.0036397291216471927
2004-04-20,0.00013704123851837288,0.060356154779664474,-0.013767409762560499,0.00012376773186650286,-0.03624872234605041,0.0036392682439437603
2004-04-21,0.0001370628360065429,0.06037116711459306,-0.013767000916857175,0.00012377147369020957,-0.03624124343809674,0.0036387325166396907
2004-04-22,0.00013708965851266477,0.0603850699084499,-0.013765744454980144,0.0001238848438929675,-0.03620532583221641,0.003638219549421186
2004-04-23,0.00013707702971900128,0.06039951235705387,-0.013764990990445036,0.00012386019898076638,-0.03613865228287895,0.003638569474482395
2004-04-26,0.00013707553764725366,0.06041255735274964,-0.013763773436379858,0.00012386259016571784,-0.03608229943080644,0.0036384380643500604
2004-04-27,0.0001370752566841329,0.06043234042150927,-0.013763054416095025,0.0001239103341342984,-0.03606719352301366,0.0036379605901266203
2004-04-28,0.00013705727567219912,0.060445764376074615,-0.01376182491248069,0.0001239567638275195,-0.036045766604714015,0.00363721942467652
2004-04-29,0.00013707234877868979,0.0604663952339472,-0.013760944352535234,0.00012397334898568184,-0.03600674219353663,0.0036366487992276443
2004-04-30,0.00013701467483751467,0.06048489516521734,-0.013759712207475445,0.00012412992334077426,-0.03596053703905666,0.003636879210755428
2004-05-03,0.00013702618888791505,0.060504678733943225,-0.013759359327774381,0.0001242725485327207,-0.03590215706738711,0.0036364759823075115
2004-05-04,0.00013704992271023524,0.06052597119371998,-0.013757823467822866,0.00012435018421518126,-0.03586544985009264,0.003636015602451103
2004-05-05,0.00013700726633582554,0.060542750331974135,-0.013756475557349511,0.00012433511876715347,-0.03581673812536679,0.0036349991399830437
2004-05-06,0.0001369561068743654,0.06056057064464441,-0.013756589651866106,0.00012422812417897333,-0.035821942326203685,0.0036343010972826406
2004-05-07,0.0001369001297553037,0.060573492563677805,-0.013756238274695775,0.0001240993627418014,-0.03578138260431761,0.0036340526397925185
2004-05-10,0.00013691020205210298,0.06058689690487347,-0.013755555497152128,0.0001242085039700127,-0.03574376383337393,0.003633426583505502
2004-05-11,0.00013688534803889927,0.06060127755247886,-0.013755272319417445,0.00012427466540802437,-0.03567654820399227,0.003632506205707957
2004-05-12,0.00013689142126044828,0.06061581947712636,-0.013754530088226156,0.0001242695112611114,-0.03564423344169633,0.003632498084089641
2004-05-13,0.00013687938050884233,0.06063228540496789,-0.013753504162625675,0.00012427706978607024,-0.03561291023163401,0.0036320303182648464
2004-05-14,0.0001368501282229072,0.06064863670223861,-0.013752897510113804,0.00012409841745768388,-0.03556216816973558,0.003632434244436878
2004-05-17,0.00013685680446225254,0.06066502788185676,-0.013752131654294916,0.0001241841455067586,-0.035506400816769076,0.0036325706799005117
2004-05-18,0.0001368489004618134,0.06067599471373738,-0.013751104541566129,0.00012414324979880085,-0.03544816851043486,0.0036322075794895676
2004-05-19,0.00013683191926532978,0.060691752853099676,-0.013749488562168429,0.00012417229329309234,-0.03536811040160763,0.0036321809181674627
2004-05-20,0.00013689383997760426,0.060711667716716024,-0.013749140629322651,0.0001241433249358835,-0.035341539147131326,0.003632355465199113
2004-05-21,0.0001368448088800418,0.060728480637849705,-0.013748714051945204,0.00012412695027592317,-0.0353177856786618,0.003632300362996986
2004-05-24,0.0001367756150231771,0.06074947471656972,-0.013747771844188381,0.00012407759985030964,-0.035251293612321925,0.0036322180333833286
2004-05-25,0.00013679108463762328,0.06076296724271944,-0.01374635828219899,0.00012404808131679447,-0.03520671581605506,0.003631917664487345
2004-05-26,0.00013679004067491246,0.06077575411577135,-0.013745156525682627,0.00012393732514722773,-0.035145946017575584,0.0036317731401006564
2004-05-27,0.00013681886377042517,0.060793620230460546,-0.013744520632207822,0.0001238127923713052,-0.035096385445416996,0.003631335309170862
2004-05-28,0.0001368042347950484,0.060812122306438385,-0.013743286228939115,0.000123658449198795,-0.03506100983889662,0.0036310041451678692
2004-06-02,0.00013680123256406017,0.06083067823720072,-0.013742093789827822,0.0001236582954689808,-0.035058471624936485,0.0036312051602633852
2004-06-03,0.00013681771539272443,0.06084353545539619,-0.013741515130955884,0.00012349429191247624,-0.035029397893847895,0.0036315439460128107
2004-06-04,0.00013674373387613867,0.060859852534505175,-0.013740331247414453,0.00012332538330823794,-0.03494173233450387,0.0036319088029335427
2004-06-07,0.00013675788694750792,0.060875722698910055,-0.013739309987666296,0.0001233344070422775,-0.03491847617889894,0.0036315764889455534
2004-06-08,0.00013678123691608562,0.060887937273726433,-0.013738503105455328,0.00012336530693290938,-0.03485100759619345,0.0036315250674303556
2004-06-09,0.00013674690669587992,0.0609019468368467,-0.013737770937087128,0.00012334583458497293,-0.03481764017183235,0.003631720352542631
2004-06-10,0.00013675181370018344,0.06091328494244478,-0.013736992632227886,0.00012320226104448268,-0.03479860789464187,0.0036309052307732913
2004-06-15,0.00013674582880012344,0.060929668429268766,-0.01373653045388416,0.00012337960738828486,-0.03477579873242785,0.0036314530240346564
2004-06-16,0.00013673527175288013,0.060945022362410506,-0.01373588841776245,0.0001234714179896563,-0.03474612547728359,0.0036309745071183164
2004-06-17,0.00013667901246053554,0.06095627185909542,-0.013734374484211997,0.00012352271415492935,-0.03468339022508193,0.0036313149340709877
2004-06-18,0.00013666055129793816,0.06096804634364192,-0.013733288321888717,0.00012355282565773944,-0.03465238577139848,0.003631326286114984
2004-06-21,0.00013661301335703347,0.06098425656085466,-0.01373265434914265,0.00012363283356174378,-0.03461032168912824,0.0036301450523044273
2004-06-22,0.00013661110393513326,0.060999528177184015,-0.013732166248997445,0.00012369354041392698,-0.03457799320754974,0.003629927408650202
2004-06-23,0.0001365706866718397,0.06101217015811602,-0.013730422725734643,0.0001238677676671363,-0.0345512314735963,0.0036290993145098992
2004-06-24,0.00013655252408843727,0.061030286775210434,-0.013728975398540044,0.00012385108619694213,-0.03451375097274173,0.003629026781047891
2004-06-25,0.0001366006173795152,0.061041900957844134,-0.01372871406574654,0.00012393718188118144,-0.034495694913559256,0.0036283229542776654
2004-06-28,0.00013659835370483943,0.06105816443460113,-0.013727505881634327,0.00012404805436739668,-0.03443620883582617,0.003628491552402812
2004-06-29,0.0001365702228521861,0.06107460348051533,-0.013726528544328731,0.00012395093868475,-0.0344331459426271,0.0036283980510901275
2004-06-30,0.00013656972337340747,0.06109422148143477,-0.013725384834279795,0.00012395961178837808,-0.03439610634102731,0.003627437184318096
2004-07-01,0.0001365021971008909,0.06110771635988509,-0.013724364795379753,0.0001239112874722061,-0.03435138875193322,0.0036274051186216977
2004-07-02,0.00013647616935139143,0.06111780233323409,-0.013722949982621125,0.00012386439621929878,-0.03431852547479402,0.0036276495563616717
2004-07-07,0.00013651801437736613,0.0611347838287497,-0.01372241486234221,0.0001237819304771703,-0.034278890404734835,0.0036278753761689727
2004-07-08,0.00013646666291016035,0.06114755631592947,-0.013721213154432749,0.00012378303830098958,-0.03428740590573726,0.0036274914605720363
2004-07-09,0.00013646601971690028,0.061162909932641486,-0.01372010442107074,0.00012388878133768236,-0.03424520646048579,0.0036277401391966837
2004-07-12,0.00013645028999905047,0.06117633669465554,-0.013718289464412435,0.00012376279810230324,-0.03422673375608563,0.0036276192973077447
2004-07-13,0.00013650597933061948,0.061186463509257834,-0.013717725086665885,0.00012384692037446516,-0.034216009361046566,0.00362724778826704
2004-07-14,0.00013651258140621095,0.06120184531921291,-0.013716962943659145,0.00012372764596377717,-0.034177537067586805,0.0036269019694923736
2004-07-15,0.0001364631228247063,0.06121749854746338,-0.01371584970008771,0.00012356537273624352,-0.03414239340264953,0.0036277481667601605
2004-07-16,0.00013644660782839664,0.06123067706746124,-0.01371493713829096,0.00012354511192467154,-0.03410481068086502,0.003627475306044928
2004-07-19,0.00013644257766035409,0.061239771604999806,-0.013714319100187554,0.00012374774724775657,-0.03406909268374404,0.0036273429095018254
2004-07-20,0.0001364625343290981,0.061252680623664506,-0.01371330227848398,0.00012371284468026713,-0.034038996878663345,0.0036278719164715423
2004-07-21,0.0001364631940617824,0.06127037912086667,-0.013712063014717779,0.00012378497599545616,-0.03400193235688548,0.003628043291261113
2004-07-22,0.00013643173736893092,0.06128005893039478,-0.013710234405782593,0.00012379386923833864,-0.0339624374808722,0.0036275144683421906
2004-07-23,0.00013637614524111027,0.06129510896690233,-0.013708912872423654,0.00012389089288372852,-0.033926801109097536,0.0036281555062333236
2004-07-26,0.0001362908862128208,0.061311418637178164,-0.013708341984643185,0.00012400987671832352,-0.03391543012385503,0.0036281450956435002
2004-07-27,0.00013630229769312282,0.06132532845199784,-0.013706666140346341,0.00012394307179376123,-0.0338564031317298,0.003627696934417447
2004-07-28,0.00013634235029609732,0.061342044097787804,-0.013705265107163236,0.0001239169541110208,-0.0338789888705621,0.003627427453898993
2004-07-29,0.00013637149980233397,0.061363031076624476,-0.013704715851785267,0.00012389483312089182,-0.03384144817412063,0.0036276327391343618
2004-07-30,0.00013633846438028624,0.06137671290837246,-0.013703614715278825,0.00012384493652603808,-0.033804722008447974,0.0036280466658742483
2004-08-02,0.00013632777649214212,0.06138556040420817,-0.013702522153071543,0.00012382360771374918,-0.03377353826893242,0.0036283406542555498
2004-08-03,0.00013628554606343233,0.0613983341127575,-0.013701512509828826,0.0001237450150659846,-0.03371226005749313,0.003628425825424152
2004-08-04,0.00013630965036155363,0.061412957229527707,-0.013700392203221149,0.000123784025792806,-0.033669341300009765,0.003628283745085346
2004-08-05,0.00013629150421074352,0.061424600089055065,-0.01369981735686073,0.00012383859385237548,-0.03364233480632725,0.003627882649650995
2004-08-06,0.00013625433608526716,0.06144375702255947,-0.013698380583060308,0.00012372788800968078,-0.0336072652196974,0.0036279605864745464
2004-08-09,0.00013625430939822057,0.06146303726262942,-0.013697391420065886,0.00012384732302559752,-0.03356415664173055,0.0036273974274148657
2004-08-10,0.00013617042884929572,0.06147785784845212,-0.013695594969970819,0.00012386107936874005,-0.033541695060291594,0.0036265213328981107
2004-08-11,0.00013611497310744465,0.061495445480118635,-0.013694110010247252,0.00012373446961276747,-0.03353530059449026,0.0036261083467801136
2004-08-12,0.0001361083256224858,0.06151225764141234,-0.013693517055628185,0.00012368903703315238,-0.03349414324739781,0.003625526797505245
2004-08-13,0.0001360802568042304,0.06152414424726512,-0.013692412455791253,0.0001236412026520439,-0.03340826844088623,0.0036255129821706152
2004-08-16,0.00013605699825866045,0.0615385832817171,-0.013691195940756767,0.0001235137226234248,-0.03338937125771306,0.003625165597667658
2004-08-17,0.00013601480703804422,0.06155134804922423,-0.013689622192674155,0.00012345060377747782,-0.0333927811597526,0.003625014179385036
2004-08-18,0.00013604872933197396,0.061562251310800786,-0.013688026661501408,0.00012354603150026722,-0.033349039734541654,0.003625371982993903
2004-08-19,0.00013603508389150746,0.06157749301672764,-0.013686020699026162,0.00012361590999252414,-0.033303966928150235,0.003625037409070984
2004-08-20,0.0001360568495343314,0.061593169215641355,-0.013685155055686009,0.00012361566465232871,-0.03325047760276847,0.00362473435100975
2004-08-23,0.00013609022534223866,0.061608484817818575,-0.013684053733295343,0.00012363826819112458,-0.03323097676757527,0.003624595593624376
2004-08-24,0.00013613697570406992,0.06162363102586258,-0.013683015878310043,0.0001237387595579902,-0.033194421003875485,0.0036248006643744843
2004-08-25,0.00013615092943288848,0.061642180629596637,-0.013682148558399299,0.00012381884621230356,-0.033143717387692125,0.003625622322117022
2004-08-26,0.00013606733482936115,0.061657625713216965,-0.013680139389574944,0.00012375075154377966,-0.03313956551168949,0.0036252581681897817
2004-08-27,0.00013606735969931138,0.06166978355256073,-0.013678587116382332,0.00012375261990127281,-0.033105206038692936,0.003625205393486088
2004-08-30,0.00013602889154107957,0.061686284908112524,-0.013676631522903744,0.00012379364559552138,-0.03305096710277617,0.003624694896992846
2004-08-31,0.00013598779620869165,0.06170453669653002,-0.013674639941428108,0.00012382217375214938,-0.03299652684290257,0.003624979145699086
2004-09-01,0.000135991062426538,0.061721789681598214,-0.013673041313601622,0.0001236832910942762,-0.03295721285902936,0.003624475223277835
2004-09-02,0.00013596195060844941,0.061738170615841775,-0.013671994988503917,0.0001236833562650179,-0.03293720518011559,0.003623895540593956
2004-09-03,0.0001359468151593806,0.061753350532001906,-0.013670510573482125,0.00012381053131400443,-0.032902719193389905,0.0036233566133431986
2004-09-08,0.00013591620384625463,0.06176583938984653,-0.013668720890702934,0.00012369569232685405,-0.03291962900330332,0.003623299374227875
2004-09-09,0.00013594889577025213,0.061777675314396166,-0.013667108055477708,0.00012358085450707415,-0.032883068187662845,0.003623550236022134
2004-09-10,0.00013590936194986995,0.0617872592303886,-0.013665714772780578,0.00012352557118242664,-0.03279468554299714,0.0036223674281046225
2004-09-13,0.0001358472485067071,0.06180055404151239,-0.013664386165572362,0.00012345182195975894,-0.03274832615667245,0.003621544125420764
2004-09-14,0.00013586867941200724,0.06181784773097551,-0.013662072904841404,0.00012352608823408697,-0.032695335904857695,0.00362169504925682
2004-09-15,0.00013591192938899313,0.06182653371780363,-0.013660629868530581,0.00012348107327526784,-0.032654826321407746,0.003621330034606942
2004-09-16,0.0001359647984991374,0.06184195154523877,-0.013658596061688196,0.0001234806021093338,-0.03262524193958065,0.00362215309685656
2004-09-17,0.00013592240286404412,0.061858248412595344,-0.013657206327413704,0.00012361803657127458,-0.03256692844526496,0.0036224434977477843
2004-09-20,0.00013590103999594193,0.061871904255863266,-0.013655748881525496,0.00012373869989460768,-0.032534758360879885,0.003621853838112479
2004-09-21,0.00013588783724632138,0.06188707519257171,-0.013654745106019378,0.00012365586033527762,-0.03250860144894577,0.0036221198900146983
2004-09-22,0.00013592257856495323,0.06190133615328833,-0.01365228717763105,0.00012373721489302532,-0.03244476955171741,0.0036217471309885826
2004-09-23,0.00013589324772758893,0.0619176866386626,-0.013650801766902658,0.00012376844992683557,-0.03239629800233968,0.0036219956808513734
2004-09-24,0.00013591369660746148,0.061935332861410675,-0.013649498286035105,0.00012385938017565824,-0.03232576701235893,0.0036208881358670455
2004-09-27,0.0001358834623008488,0.061947624126711814,-0.013648079544017424,0.00012380832315740445,-0.03227504908998988,0.003620797503805051
2004-09-28,0.0001358788357359945,0.061957809719794775,-0.013646592437249193,0.00012369160942297643,-0.03220574888628367,0.003621571236336728
2004-09-29,0.00013586284299630324,0.06197473079036563,-0.013644965413514946,0.00012380379483153386,-0.03220375392713832,0.0036214307092002906
2004-09-30,0.00013584955977514942,0.06199057010904921,-0.013643733748334027,0.00012391471114126004,-0.03218342144664931,0.0036219172394690744
2004-10-01,0.0001358488300052842,0.06200551125045298,-0.013642535364693441,0.00012390384083752886,-0.03217853358404479,0.0036221040345872577
2004-10-04,0.00013581566947073765,0.0620192906011601,-0.013640995454318856,0.00012375109987179705,-0.032203330841572717,0.003622648314735082
2004-10-05,0.0001357690340204543,0.06203660572001074,-0.01364027841711099,0.0001237675433725593,-0.03215297636028036,0.003623612428017969
2004-10-06,0.00013575477398962614,0.062056948374358656,-0.013638764782607298,0.00012388427154962214,-0.03213368505660112,0.0036234083146164837
2004-10-07,0.00013574513340776226,0.06207218908249759,-0.013636554334303577,0.00012367754706863558,-0.03207363616826274,0.0036237623488943552
2004-10-08,0.00013577084501305363,0.06208858983751259,-0.013635402943670842,0.0001236148099903025,-0.03199583191810972,0.003623811642765856
2004-10-13,0.00013576211290144673,0.06210105444833432,-0.013632960894902535,0.00012357718530707506,-0.03198113239009225,0.0036236958266148214
2004-10-14,0.00013574186494499246,0.06211779617145284,-0.013631667017061339,0.00012367947696384867,-0.03200042973944988,0.0036240134248268613
2004-10-15,0.00013569509081676125,0.06213301546724238,-0.013630654613026259,0.00012383476039701079,-0.031944341927198326,0.0036229628251318764
2004-10-18,0.00013567715617964106,0.06214243039787744,-0.013629873691855756,0.00012382819423612312,-0.031911744479384906,0.0036232452267589885
2004-10-19,0.00013573130191088154,0.06216085201569921,-0.013628280524342964,0.00012376325726813154,-0.03186897469112608,0.003623654579837613
2004-10-20,0.00013571946769797786,0.062175702020003006,-0.013626773027715165,0.00012373567018641668,-0.03185603030016822,0.003623745888448315
2004-10-21,0.00013570094063579006,0.06218836133770485,-0.013626212833893099,0.00012367207827749678,-0.03181164061175914,0.0036236408621990244
2004-10-22,0.00013569386916187595,0.06220489798134973,-0.013625228435990174,0.0001237266088463707,-0.031749483849279496,0.003625084863890191
2004-10-25,0.00013564467141783288,0.06222348643205102,-0.01362379076387411,0.00012362099847744077,-0.03173623255410854,0.003624736248511327
2004-10-26,0.00013564607141572612,0.062241173664782254,-0.013621911297395267,0.0001236216893605808,-0.03170389125463148,0.0036246086222147195
2004-10-27,0.00013564701858918854,0.06225400948773223,-0.013620741133744256,0.0001236285771836746,-0.031614569982390324,0.003624849050237069
2004-10-28,0.00013557972547740955,0.06227147571504181,-0.013619551513499317,0.0001236904858529802,-0.03158601035497228,0.003624120010239029
2004-10-29,0.00013557893981739467,0.06228479789196659,-0.013618690013308463,0.0001237113879822321,-0.031566902002264044,0.0036240375592756385
2004-11-01,0.00013555787538941532,0.06230042787797208,-0.013616203786833682,0.00012364383310631424,-0.03153331105089993,0.003624570992273698
2004-11-02,0.0001355276197893059,0.062319660598400245,-0.013615147512450201,0.00012371691178899346,-0.031498438362145664,0.0036243457815947813
2004-11-03,0.000135495137096472,0.06233432778433142,-0.013613232493791629,0.0001236161744985193,-0.03150448478012505,0.0036244263716277113
2004-11-04,0.00013547087336766907,0.06234681095780277,-0.013611434476965117,0.00012369821475031255,-0.03151192183048149,0.003624135917679766
2004-11-05,0.00013546186644908947,0.062358575476462015,-0.013610273446906792,0.0001237097089227517,-0.03150383538598959,0.003624608054623221
2004-11-08,0.00013545518064893812,0.062369244369908865,-0.013609180876295866,0.00012369255166105942,-0.03148017352342523,0.0036247422353520064
2004-11-09,0.0001354295341659157,0.06237998524246464,-0.013608388651142174,0.00012373864433789464,-0.031457408966107436,0.003625130827349211
2004-11-10,0.00013540514704272807,0.06239389372023759,-0.013606718466942638,0.00012385931226715022,-0.03142866503208862,0.0036248167706261257
2004-11-15,0.00013542378760550224,0.062407182813862636,-0.013604602385311127,0.00012393292792399336,-0.03137306336989589,0.003625369969244181
2004-11-16,0.00013538387559811112,0.06242701830100725,-0.013602962991665716,0.0001240243310576704,-0.03138213979359419,0.0036260580242923387
2004-11-17,0.00013534161761188105,0.062447776251994866,-0.0136006260608928,0.00012395437429914695,-0.031328538678435235,0.0036262344455773587
2004-11-18,0.00013533945331131776,0.062460360508837076,-0.013600060589410407,0.0001239803332441619,-0.031304869725460156,0.003626666802242478
2004-11-19,0.00013531291448519428,0.06247485183997335,-0.013598114273163835,0.00012411902006327424,-0.031255359987348456,0.003626219669129528
2004-11-22,0.00013530992010327153,0.06248808718801427,-0.013596552496192049,0.0001240871375121561,-0.031244897132067503,0.0036265770979608198
2004-11-23,0.00013525139107307987,0.0625042323264278,-0.013594765437330411,0.00012404430984978463,-0.031220812776133824,0.0036263506874273477
2004-11-24,0.00013525126898094225,0.06251353518893098,-0.013593494225578893,0.00012406521983422005,-0.031195620568635653,0.0036262009452236493
2004-11-29,0.00013518548628004869,0.06252732953192848,-0.013591793382403294,0.00012412216028842037,-0.031224879145429443,0.0036259986584461683
2004-11-30,0.00013514769401848367,0.0625417896607431,-0.01358988761899941,0.00012409728128439884,-0.03118403806775559,0.0036250844907902385
2004-12-01,0.00013508285739390259,0.06255345005894586,-0.01358829320917167,0.00012403774834020796,-0.031167844152101984,0.0036245039848312715
2004-12-02,0.0001349992401103927,0.06257219061509546,-0.013587192606726676,0.0001240292475312532,-0.031140425703483222,0.003624159992728919
2004-12-03,0.00013494997328522041,0.06258411786959879,-0.013585662424218267,0.0001239578433504396,-0.031103134653435345,0.003623945152546336
2004-12-06,0.0001349199494693956,0.0625961381212998,-0.013584655707251623,0.00012398700009070207,-0.03104609522481424,0.0036235713373907645
2004-12-07,0.00013487884074873355,0.06261162459169525,-0.013582737016810325,0.0001241060968903984,-0.031006695165878874,0.0036247431749158437
2004-12-08,0.00013483052238033932,0.06262711010799998,-0.013580701346379417,0.0001240346036012385,-0.031005420019993346,0.0036254544908726804
2004-12-09,0.00013473503169676284,0.06264361152036785,-0.01357839066936095,0.00012413949618487959,-0.030968963618017334,0.003625245683873517
2004-12-10,0.00013472136705254366,0.06265571712557723,-0.013576603335891911,0.00012407296661982436,-0.03090073424965111,0.003624531993073294
2004-12-13,0.00013469930887038956,0.06267717037471635,-0.013574712149517627,0.00012406581300394457,-0.030896057775458702,0.00362414681321068
2004-12-14,0.00013467534732838833,0.06269215890308227,-0.013573451988767754,0.00012421034861245296,-0.03086109702445628,0.0036231731634669864
2004-12-15,0.0001346467829221419,0.06270801161048394,-0.013571715957869582,0.0001241429722036134,-0.030824727991128988,0.003623372736805394
2004-12-16,0.00013461976103354463,0.06272306131807706,-0.013569697793004414,0.00012399860419814196,-0.030856347532611135,0.0036234520864143758
2004-12-17,0.00013455297046770045,0.06273857279968742,-0.013567809917566294,0.00012396645001376327,-0.030833818331072127,0.003624083383449426
2004-12-20,0.00013453999265730123,0.06275118025948771,-0.013565979349416803,0.00012392441420820628,-0.030818689010327062,0.003624021309831629
2004-12-21,0.00013450255899109974,0.06276707848809487,-0.013564102729002287,0.00012402305645303679,-0.030774184113244313,0.0036235561778917213
2004-12-22,0.00013447860309738702,0.06278057567209193,-0.013562679688646903,0.0001241206764219008,-0.03076369459018065,0.0036225435939617493
2004-12-23,0.00013445273460757778,0.06279387483047282,-0.013562168767086687,0.0001241649560286442,-0.030763184015370267,0.0036229887981903243
2004-12-28,0.00013442062068696605,0.06280752063047972,-0.013560567412952534,0.0001241765146691325,-0.030758604672384622,0.0036232598906058397
2004-12-29,0.00013433295403811514,0.06282252206780638,-0.013559462043657792,0.00012430614258042693,-0.03071713420716831,0.003622378397381572
2004-12-30,0.00013436547889012136,0.06283900259824096,-0.013557480993269859,0.0001243703699568921,-0.030698501290673245,0.0036229828480210625
2004-12-31,0.00013434012077134824,0.06285312550324063,-0.013555800486186459,0.00012436157044734417,-0.03066292968662461,0.003622824151336054
2005-01-03,0.00013429162451556104,0.06286519571674726,-0.01355392298947284,0.00012444867575613224,-0.03066003354062405,0.0036235360871132924
2005-01-04,0.00013425478853017404,0.06287831110082923,-0.013552008471170343,0.00012458392615034426,-0.03064128207474883,0.0036241080097118763
2005-01-05,0.00013423521800298154,0.06289026460892964,-0.013550148142721192,0.00012448740561693699,-0.030634444696177265,0.0036246491449402427
2005-01-06,0.00013421280591388457,0.06290620179295045,-0.013548419360578764,0.00012458874394169375,-0.030613841286559668,0.003624405210177068
2005-01-07,0.0001342064795279723,0.06291892766732314,-0.013546934115165166,0.00012452233081630896,-0.03059276008222435,0.0036237979643650962
2005-01-10,0.00013411423208212341,0.0629290040377337,-0.013546074080775673,0.00012479684401810846,-0.030535329541403422,0.0036227481792532445
2005-01-11,0.00013407955396762693,0.06294276441540517,-0.013544660524399827,0.0001247425090954545,-0.030481749780140843,0.0036225852038489375
2005-01-12,0.00013403027476833698,0.06295496160037858,-0.013542833717594323,0.00012465835409820918,-0.030385719914746666,0.0036223257319396114
2005-01-13,0.00013400901358289673,0.06297045450516076,-0.013541038775044634,0.00012476037703515604,-0.03036873409700616,0.003622158039916368
2005-01-14,0.00013402675107076494,0.06298700123910693,-0.013538519740483233,0.0001247707117725304,-0.030369854043689207,0.003622190230143745
2005-01-19,0.00013399238819807036,0.06300118998032964,-0.01353609865423983,0.00012470359221546844,-0.03031322223112487,0.003622127542815834
2005-01-20,0.00013390730599025394,0.06301875161983851,-0.013533692110242765,0.00012461347819333035,-0.030264991344162495,0.0036223277758226386
2005-01-21,0.00013391562260403917,0.0630336799622034,-0.01353181746165452,0.0001246728074474305,-0.030240023054970547,0.0036216640698903957
2005-01-24,0.00013388292786294646,0.06304754571763442,-0.013530709171311849,0.00012452497149772015,-0.030188390155101143,0.003622031326984975
2005-01-25,0.00013378452274844023,0.06305923119596907,-0.013529023760792612,0.00012459396480126133,-0.03018439072250023,0.0036232336145650846
2005-01-26,0.00013373330210567004,0.06307441494785983,-0.013527762891320573,0.0001246376650755372,-0.030132917868075385,0.0036227862477865597
2005-01-27,0.00013372644333370978,0.06308569021813326,-0.013527100338897313,0.00012477401387302975,-0.03011565045286408,0.0036233155606963737
2005-01-28,0.0001336352359582656,0.06309870939166254,-0.013525353285657824,0.0001247985659677742,-0.030073577127591573,0.0036237413812820075
2005-01-31,0.00013359201373888056,0.06311198795673775,-0.013524193922911395,0.00012486534575411587,-0.030031473572888184,0.003623910478457671
2005-02-01,0.00013353153790251777,0.0631190616479538,-0.013522685503781811,0.0001248943842494693,-0.029999727154364067,0.003623486545770549
2005-02-02,0.00013345463202055267,0.06313508564826091,-0.01352144603031779,0.00012493614749340364,-0.02999772312687682,0.0036231352453956756
2005-02-03,0.0001334499094838383,0.06314917030491524,-0.013520368844534293,0.00012496476660794133,-0.03000593989401707,0.0036230841692831096
2005-02-04,0.00013337051827542142,0.06316262654657617,-0.013519035672858778,0.00012506031268034716,-0.0299810219360849,0.0036229438942137725
2005-02-07,0.0001332978273936451,0.06317599982360683,-0.013517089294595063,0.00012510304400756685,-0.029938097457959834,0.003622402874358428
2005-02-08,0.00013331590103132676,0.06319201638503098,-0.013515119534323935,0.0001250788382133111,-0.029888472412386374,0.003622598966328124
2005-02-09,0.00013329244257174487,0.0632080035860327,-0.013513085858650915,0.00012517949887011652,-0.029804573361610236,0.003622459440546245
2005-02-10,0.00013333016942699817,0.06322403780927875,-0.013512446773085123,0.00012535557724399442,-0.029769542938065212,0.003623615340148303
2005-02-11,0.0001332967400874052,0.06324129380649368,-0.01351090841438945,0.00012546742171140973,-0.02971777244852753,0.0036234978841217583
2005-02-14,0.00013327530335216384,0.0632533272845652,-0.013509028272581674,0.00012558860658705114,-0.029649500618946896,0.003624170607098255
2005-02-15,0.00013327913726525863,0.06326653805566483,-0.013507468444161647,0.0001254913315647857,-0.029647091911842914,0.0036241282824332516
2005-02-16,0.00013328956992360286,0.06327784514068042,-0.013506463991405477,0.00012555422772735387,-0.029639789536487805,0.003624942231934638
2005-02-17,0.00013326061353663446,0.06329170513696177,-0.013505375761768135,0.00012552383056377097,-0.029605069620468313,0.0036256755430919656
2005-02-18,0.00013326519902935152,0.0633107246631696,-0.013503905658412148,0.00012558387601974843,-0.029631724509197592,0.00362559192160169
2005-02-23,0.00013322924975028627,0.06332393391448786,-0.013502260758581373,0.0001256899906545264,-0.029596802808773554,0.00362621886955516
2005-02-24,0.00013319237814843213,0.06333572638480249,-0.013500241964484249,0.00012579430345422405,-0.029554977279833618,0.0036259707855196724
2005-02-25,0.00013318118715352175,0.06334926089442693,-0.013498715802454063,0.00012573196927874014,-0.029470148037118456,0.003626244814638111
2005-02-28,0.00013315520217658367,0.06336329280871071,-0.013497731079168919,0.00012576165730699798,-0.029427783684710093,0.0036259669804595673
2005-03-01,0.0001331610861041035,0.06338016020928539,-0.01349703231783208,0.0001257564787318599,-0.02940669727565401,0.0036264902397895185
2005-03-02,0.00013311876797124058,0.06338931004379245,-0.013496300281168959,0.00012581735164128807,-0.029393021067281914,0.003627350043439427
2005-03-03,0.00013310366463637627,0.0634034256464115,-0.013495482110126212,0.00012588743063890028,-0.029348762159058628,0.0036283479968655438
2005-03-04,0.00013305011755391512,0.06341996131972039,-0.013493765227129568,0.00012575764633515255,-0.029263042144144692,0.0036285580963230243
2005-03-07,0.00013303989639940956,0.06343211365715273,-0.013492974010168735,0.00012584359042289864,-0.029224578843707674,0.0036287515638002647
2005-03-08,0.00013308455908020545,0.06344477691688977,-0.013491625601136342,0.00012596144547798705,-0.029218967950569164,0.0036287232499382337
2005-03-09,0.0001330869213624969,0.06345997309990135,-0.013490022756053807,0.0001259510998356777,-0.029218731528905306,0.0036287160333467704
2005-03-10,0.0001330103107756863,0.06347219189521612,-0.013488548172660679,0.00012603566368102993,-0.02919801447036649,0.003628994732852041
2005-03-11,0.0001329904605053771,0.06348568690004287,-0.013487814810325845,0.00012612770215420944,-0.02917848277405031,0.003629332757493638
2005-03-14,0.0001329933717071484,0.06350169396295717,-0.013486377640621623,0.00012624851488445205,-0.029154186694679465,0.003630210773118244
2005-03-15,0.00013293867934481064,0.06351439850403941,-0.0134840768695805,0.0001263645135178203,-0.029115442776308467,0.0036307777520416702
2005-03-16,0.00013291746702750353,0.06352557012427208,-0.013482140989276595,0.00012658539531544582,-0.029109146131007145,0.0036317057791895716
2005-03-17,0.0001329079353032695,0.06354293160322648,-0.013480487672423304,0.00012667446259347108,-0.029098792134484852,0.003631608252926858
2005-03-18,0.00013288569246609912,0.06356122062295691,-0.013479180228008486,0.0001268177828682317,-0.029126314184041283,0.003631627813490196
2005-03-21,0.0001328688992992086,0.06357608868096766,-0.013478072703919881,0.00012672595642589584,-0.029102852058050556,0.003631677275718348
2005-03-22,0.0001328133126670515,0.06359100311490139,-0.01347713399527138,0.00012658156982952153,-0.02905861679242599,0.003632226628445984
2005-03-23,0.00013276677263846995,0.06360656044478244,-0.013476216034459525,0.00012651892424216059,-0.029003693627111873,0.0036324189278404977
2005-03-24,0.00013277826196646123,0.06362100287300172,-0.013474224747726457,0.00012664740466273742,-0.028974974240976413,0.0036326479151632127
2005-03-29,0.0001327720248397826,0.06363642728377898,-0.013473070128575498,0.00012680648658597033,-0.02895665813491708,0.003632973604026247
2005-03-30,0.00013277371783976976,0.06365265090157833,-0.013471359468754026,0.00012681794057390833,-0.028919829644487888,0.003632556033078283
2005-03-31,0.0001327564095813859,0.06366711828121778,-0.013469640428259426,0.00012680437371880092,-0.0288772692486478,0.0036327553204234635
2005-04-01,0.00013274907901901766,0.06368746406719997,-0.013467674620503432,0.00012691008275424285,-0.028832574822473783,0.003633398350079314
2005-04-04,0.0001327554372575066,0.06370903121612663,-0.01346619706204504,0.00012703303846115698,-0.028813219530193383,0.0036332576781797823
2005-04-05,0.00013269669413973003,0.06372493966076108,-0.013463384591329834,0.00012703057011986336,-0.028793942213823802,0.0036330929029694836
2005-04-06,0.00013265402249330448,0.0637394313137414,-0.013462658114025505,0.00012698772108419776,-0.02876937194907113,0.003633052901825863
2005-04-07,0.00013260741802664685,0.06375200481779215,-0.01346127284004911,0.00012703055757207508,-0.028728232082954393,0.003632534847920108
2005-04-08,0.0001326172412998874,0.06377026660819884,-0.013460315382448525,0.00012706732319545222,-0.0287063551167887,0.003632712361180555
2005-04-11,0.0001325777965744391,0.06378061795542614,-0.013459445953725864,0.00012728133905666366,-0.028720794696450724,0.0036324020049122007
2005-04-12,0.00013255139692127353,0.06379466564296354,-0.013457984191284451,0.00012724950801818211,-0.028686860043168914,0.0036317098712543598
2005-04-13,0.00013251976435828928,0.06381465891882347,-0.013456493785457562,0.00012730707140315857,-0.028659115669277174,0.003631952919664291
2005-04-14,0.0001324733513915667,0.06383554535087423,-0.013455791194267819,0.0001273772592242619,-0.02862398323393183,0.0036314045675058344
2005-04-15,0.00013242657557250212,0.06385105986318433,-0.01345559659891312,0.000127428239926387,-0.028575848654154787,0.0036315963790099276
2005-04-18,0.00013242489615384389,0.06386693326778638,-0.01345466415161151,0.00012741263433530648,-0.0285301747490848,0.0036307448959852404
2005-04-19,0.0001324013052073899,0.06388380844793469,-0.01345303465184063,0.00012749456303664207,-0.02847294700949738,0.00363107084060107
2005-04-20,0.00013240894139645855,0.06389684488002423,-0.01345151697995705,0.00012748266799010127,-0.028425794732669388,0.0036313213706590927
2005-04-21,0.0001324076178475757,0.06391453846250916,-0.013451241944937294,0.00012754261507140355,-0.028377520589046627,0.003631646739220456
2005-04-22,0.00013240067727542728,0.06392932869183769,-0.013449529037811207,0.00012756192181797852,-0.028349416203323693,0.003632157185600786
2005-04-25,0.00013241076859048725,0.06394441075148588,-0.01344826015307661,0.00012761409942990535,-0.028316624395653987,0.0036307214331002665
2005-04-26,0.00013243702266859384,0.06396193653544552,-0.013447661876536144,0.0001277821938032144,-0.028293630203934557,0.0036310774284675114
2005-04-27,0.00013238432191651475,0.06397910755226939,-0.013446069464009685,0.00012771046786583088,-0.028294459298722395,0.0036300747606007504
2005-04-28,0.00013237194396636837,0.06399284547251366,-0.013444259113504296,0.00012780364650849941,-0.02830614575905613,0.003630533375306314
2005-04-29,0.00013236828217397223,0.06401005138288998,-0.013442569784565801,0.00012787134629216665,-0.02826580582869749,0.003630038202859831
2005-05-02,0.00013231740334465725,0.06402473252105101,-0.013441637756721286,0.00012805582864469054,-0.028264088501697482,0.003630154756319751
2005-05-03,0.00013230342680766496,0.06404329038655773,-0.013439631405139856,0.00012814711136078426,-0.028243292832965228,0.003630299673969828
2005-05-04,0.0001322708036636842,0.06406348379015431,-0.013438340461417637,0.000128138692702902,-0.028203175535319217,0.003630392021940339
2005-05-05,0.00013230568974200796,0.06408067668824666,-0.013437580460113408,0.00012826466349792772,-0.028157754215668553,0.00363011559009463
2005-05-06,0.00013227964094159183,0.06409142310419305,-0.01343660822477645,0.00012824350282264143,-0.028078275770440836,0.003629812437539906
2005-05-09,0.00013227362591517768,0.06410337763525904,-0.01343547057022671,0.00012821329793286212,-0.028040111399785163,0.0036295029884023176
2005-05-10,0.00013224356747938823,0.06412008131018684,-0.013433785106875103,0.00012830520796899096,-0.028005992700867545,0.003629445079575583
2005-05-11,0.00013224605202501728,0.06412887356194183,-0.013432552747058313,0.00012828612339109717,-0.027985160663528186,0.003629165898157936
2005-05-12,0.00013225914754745057,0.06414212818714145,-0.013432020086656532,0.00012830027885561896,-0.027958450310347653,0.003628910451101368
2005-05-13,0.00013225516453095775,0.06415769437767649,-0.013430208649788992,0.00012831017616445197,-0.027938348673501527,0.003629591615594274
2005-05-16,0.00013226217522009312,0.06417432019110626,-0.013429209151341702,0.00012836561772633175,-0.027871449167583898,0.0036297591072312653
2005-05-17,0.00013221098681668561,0.06419231332626893,-0.01342737267696996,0.00012829511287310426,-0.027855883062865384,0.0036305531241150797
2005-05-18,0.00013220617258016145,0.06420675598118894,-0.013425057357524757,0.00012823525365764446,-0.027783352662466267,0.0036308336359696398
2005-05-19,0.00013223918297251632,0.06422180642124699,-0.013423279291870122,0.00012842398222966415,-0.027751519020669004,0.0036308822395819834
2005-05-20,0.00013219475336464516,0.06424125576967785,-0.013421853661798929,0.0001283437065828666,-0.02770908076665085,0.0036308841650125245
2005-05-23,0.000132191527863868,0.06426145803602627,-0.013421039472721882,0.0001281594510213962,-0.02767104224650279,0.0036310479848347737
2005-05-24,0.00013215298560934616,0.06427953128406223,-0.013419266885892692,0.00012816787432372447,-0.02764992183684469,0.0036308289419090126
2005-05-25,0.00013218608196516047,0.0642915897888349,-0.01341692149338623,0.00012814809606582483,-0.027615169422501577,0.003630854102149637
2005-05-26,0.0001321916119827887,0.06430862359103269,-0.013415942689102713,0.00012825457245075518,-0.02761678217905794,0.0036302045926030974
2005-05-27,0.00013216286245946855,0.06432763256883141,-0.013413453475953496,0.00012844332282663896,-0.027561195463591537,0.0036294179125488796
2005-06-01,0.00013217772330836834,0.06434552652136062,-0.013411653568704142,0.0001285599682018403,-0.027541891510941385,0.003628526459993308
2005-06-02,0.00013216654872176057,0.06435972403691537,-0.013409591446750496,0.00012854655341494982,-0.02751781059860036,0.0036286216453798184
2005-06-03,0.00013217557476024282,0.06437583380616416,-0.013407578544417929,0.00012859899930649262,-0.02749201757548543,0.0036277072962078733
2005-06-06,0.00013213069491408967,0.06438904325834587,-0.013406370473359276,0.0001286842786535535,-0.027440403570054013,0.0036275171997665013
2005-06-07,0.00013216163511958664,0.06440482489723709,-0.013405475060883357,0.00012846343956281133,-0.02736630891057508,0.003627486997164735
2005-06-08,0.00013221266142364794,0.06442235273704282,-0.013404094947470012,0.00012857461096939284,-0.027327688270530837,0.003628465592332718
2005-06-09,0.0001322235241333393,0.064437344811085,-0.013402190281255985,0.00012847752242053814,-0.02726818961070482,0.0036279993634863138
2005-06-10,0.00013220013196642557,0.06445368891197746,-0.013400978390981736,0.00012867699379869572,-0.027276376925027428,0.003627404891534634
2005-06-13,0.00013220316375005758,0.06447486837959626,-0.013399378041073716,0.00012868224188608457,-0.027248068214354153,0.0036276239552961035
2005-06-14,0.00013216717626523316,0.06448572505786837,-0.013398421210362008,0.00012864571389030656,-0.02719923643749582,0.0036278900580986465
2005-06-15,0.00013217100088871599,0.0645054502651762,-0.013396951430258063,0.00012866090635479247,-0.027152517785315175,0.003628090458964739
2005-06-16,0.00013217032507415317,0.06452228364601223,-0.0133958151663788,0.00012858294937856973,-0.02710986942933969,0.0036286838458259993
2005-06-17,0.00013219809449972368,0.06454228122354136,-0.013394666073899405,0.0001287012907852002,-0.02708880403234134,0.003628697895884183
2005-06-20,0.00013216880637424618,0.06455692137071552,-0.013393624374654575,0.00012880308393959646,-0.027052879761801908,0.0036286587646978943
2005-06-21,0.00013217026160419483,0.0645720611601252,-0.013392241239142262,0.00012890425366676308,-0.027021818475797307,0.0036277932630649793
2005-06-22,0.00013216161459985874,0.0645861694333179,-0.01339129322095576,0.000128863260913793,-0.026985699255549125,0.0036280923770844464
2005-06-23,0.00013218974892524173,0.0646035289728715,-0.013390129415241033,0.00012892738806565392,-0.026920910947737943,0.003627084679631384
2005-06-24,0.00013218116332731672,0.06462116565913825,-0.01338852630386077,0.00012889688798679974,-0.026825985736606606,0.0036264264897604057
2005-06-27,0.00013216331865520417,0.0646362676232528,-0.013387653831194798,0.0001290570270126383,-0.02678481625651713,0.0036249852633292836
2005-06-28,0.00013218147741859775,0.064650314053646,-0.013385244761683221,0.0001290211441552522,-0.02674862371604199,0.0036250582184318538
2005-06-29,0.0001321809223698391,0.06466331093036247,-0.013383932729712826,0.0001289474519765575,-0.026712843940782195,0.003625001387702334
2005-06-30,0.00013220930846097296,0.06467411854725824,-0.013381985884468844,0.0001289622986423043,-0.02668861538085849,0.0036249128072819384
2005-07-01,0.0001322297280884433,0.06468653564253032,-0.013380703743080287,0.00012894462972380173,-0.026627882071511497,0.0036242751045069905
2005-07-06,0.0001322676227781293,0.06470386517381085,-0.013379393765358946,0.00012921684844160265,-0.0266131027814117,0.003625592579329954
2005-07-07,0.00013229862728676885,0.06472174185865838,-0.01337792981769672,0.00012918772979327178,-0.0265786724420845,0.003626220787899845
2005-07-08,0.0001323073259410927,0.06473816324717735,-0.013376472296626403,0.00012924472418073864,-0.02650089118256236,0.0036256058018705826
2005-07-11,0.00013233565039435607,0.06475233224072266,-0.013374944581311651,0.00012931953562208661,-0.02645965979564715,0.0036259535595494856
2005-07-12,0.00013238088657702805,0.06476531897916507,-0.013373687152511986,0.00012937903716503496,-0.026418532116211778,0.0036264128972813107
2005-07-13,0.00013233646753837796,0.06478491415488095,-0.013372338702773583,0.00012940168402508174,-0.02636037111924565,0.0036260189318882436
2005-07-14,0.00013236825207076872,0.06480140457073592,-0.013370711433177035,0.00012939194234332,-0.026288785562219467,0.003624971207539555
2005-07-15,0.00013229855273933698,0.06481482437907705,-0.013369219145949535,0.00012936906324020368,-0.026195204449675914,0.003624896458358162
2005-07-18,0.00013234807854575956,0.06483169733353165,-0.01336751054489808,0.0001294226745774131,-0.026142865008162895,0.0036237018829312685
2005-07-19,0.00013231490377496006,0.06484587541252795,-0.013366035769649688,0.00012953055826479904,-0.026124706186184225,0.003622924140592168
2005-07-20,0.0001323212187027178,0.06486372560519324,-0.013364390025119898,0.0001293873544785845,-0.026081053381516152,0.003622467552442142
2005-07-21,0.00013238052299033133,0.06488062088119542,-0.013363266008513166,0.0001292749841815233,-0.02603916368588924,0.0036227692946181073
2005-07-22,0.00013232334867826326,0.06489923851765146,-0.013361930922070667,0.00012930198328741402,-0.025966148359885435,0.0036225299330838656
2005-07-25,0.0001323463852349369,0.06491525827676183,-0.013361059536534362,0.00012940003071824511,-0.02593479446465946,0.0036221076125111337
2005-07-26,0.00013232952753659737,0.06492873477655693,-0.013359857867043006,0.00012934621870656647,-0.025875708095504046,0.0036216433291025576
2005-07-27,0.0001323138002761744,0.0649465300452583,-0.013358768961959333,0.00012934881938564958,-0.025847417815242184,0.0036215009174307674
2005-07-28,0.0001323272333180744,0.0649632542712827,-0.013357355498851992,0.0001293781495502297,-0.0258239433308564,0.0036213319963111423
2005-07-29,0.00013228705833636913,0.06497973171416087,-0.013356032517787494,0.00012936887555840398,-0.025741409178853786,0.003620331953816016
2005-08-01,0.00013231907258750008,0.06499473535080458,-0.013354742075273533,0.00012941141126686145,-0.025722253873512464,0.0036204041385006725
2005-08-02,0.00013231438728894765,0.06501438502153584,-0.013353360227926927,0.0001293292153656006,-0.025697415974468098,0.0036199330965233636
2005-08-03,0.00013235990430300368,0.06503255664315562,-0.01335175036956539,0.00012925805180920855,-0.025658478640232747,0.003618964791517887
2005-08-04,0.0001323543585221026,0.06504628339709179,-0.01335003038105836,0.00012919004482792094,-0.025608841844894148,0.0036185942171184683
2005-08-05,0.00013234431339386916,0.06505869500395431,-0.013348473733981972,0.00012903131843204318,-0.025583554722470925,0.0036180786232754177
2005-08-08,0.0001323924545905267,0.06507809749727282,-0.013347961467055303,0.00012896904899774482,-0.02554671761686366,0.0036185052972350306
2005-08-09,0.00013236560434723736,0.06509532339527944,-0.013346599157823368,0.0001288342106197252,-0.025512279002405963,0.0036174060140073162
2005-08-10,0.00013240341356499254,0.06511462696523274,-0.013345142654180017,0.0001286086030599219,-0.025475815422919552,0.0036176382683555833
2005-08-11,0.0001323919620758228,0.06513020931936213,-0.013343788056847815,0.00012854336527027858,-0.025426009059725613,0.003616801928103107
2005-08-12,0.0001323927873882863,0.0651411201750292,-0.013342553096173201,0.00012857364632997326,-0.025408569782336125,0.003616204995394329
2005-08-15,0.00013236872614704137,0.06515569979028342,-0.013340131750635507,0.0001286604721528555,-0.025364007349015005,0.003616196714822161
2005-08-16,0.00013236508778057283,0.06516892779561545,-0.013339196788066724,0.0001287197112100498,-0.025331593805512725,0.003615827141868646
2005-08-17,0.00013241615394526672,0.06518814497360828,-0.01333763896411756,0.00012885250758409427,-0.025306628681309666,0.003615179170532926
2005-08-18,0.00013242668765774953,0.06520053242940867,-0.01333608671438831,0.00012878434741832678,-0.025213868779822006,0.003615251105687254
2005-08-19,0.00013241134349232882,0.06522132243517531,-0.013334306510973313,0.00012875593091668842,-0.025155889919087522,0.003614637164574654
2005-08-22,0.00013245375813632126,0.06523788926681688,-0.01333327650277726,0.00012885149881690085,-0.02510356073312344,0.0036135923867463594
2005-08-23,0.00013248312767622666,0.06525112558326893,-0.013331516825526885,0.0001288213684209558,-0.025038807622307327,0.0036134351324571276
2005-08-24,0.00013246603989604345,0.06526340064512638,-0.013330070270016417,0.00012880459385816197,-0.024955295487823492,0.003612304332457696
2005-08-25,0.0001324528861870149,0.06528196110869196,-0.0133288703248002,0.0001289663522104632,-0.02486581864039558,0.0036114061800331023
2005-08-26,0.00013244298064195965,0.06529926698697755,-0.01332797884374561,0.00012903408901162122,-0.02482136403102489,0.0036109419630788635
2005-08-29,0.00013242976245431644,0.06531661228581645,-0.013326317345329323,0.00012922735202048258,-0.024754031664110325,0.003610764564138843
2005-08-30,0.0001324807272236671,0.06533018299857248,-0.013324297626160886,0.0001292053123507443,-0.024721664785511382,0.0036098322830675792
2005-08-31,0.0001324796121734089,0.0653431049208001,-0.013322663714503075,0.000129233547539768,-0.02463255041754786,0.0036096601793638734
2005-09-01,0.00013253224939875174,0.06536236202444748,-0.013321715115953005,0.00012923106752493453,-0.024582605414819124,0.003609174472373213
2005-09-02,0.00013251398994514342,0.06537298983968322,-0.013320095906130721,0.00012926170361243633,-0.02453757319335917,0.0036086886586937867
2005-09-07,0.0001324710874870127,0.06538655538033483,-0.013318902299303699,0.00012927846677926788,-0.024531572766436964,0.003608151836899964
2005-09-08,0.00013247071071625165,0.06539737379536975,-0.01331820114995256,0.00012925227389403064,-0.02450986376505756,0.0036074553868879183
2005-09-09,0.00013246384867456938,0.06540867554873638,-0.01331662402987963,0.0001293735266270877,-0.024462396195971618,0.00360788006762727
2005-09-12,0.0001324410246724962,0.06542026059839996,-0.01331523613210042,0.00012949986808533039,-0.02442288327021215,0.0036077370604391413
2005-09-13,0.00013238272198557745,0.06543653224520592,-0.01331399011860548,0.0001295042831446601,-0.02436499676307373,0.003606387345758727
2005-09-14,0.00013236555362100083,0.06545610415499761,-0.013312624560253204,0.00012953845426084856,-0.024338958699975585,0.0036060906982669227
2005-09-15,0.00013235994533542197,0.0654707512670592,-0.013311384320428716,0.00012940491580249936,-0.024300201932949253,0.00360646795076463
2005-09-16,0.00013234173577961845,0.06548878095075775,-0.013309800078740958,0.00012941404177957373,-0.024254855613464306,0.0036059669261069944
2005-09-19,0.0001323435863334592,0.06550437498054226,-0.01330809522370973,0.00012936804363812755,-0.024234654871247416,0.003605699901588354
2005-09-20,0.00013238347080231605,0.06551608750865243,-0.013307080287367965,0.0001295132676855562,-0.024186542075085388,0.0036047358379492876
2005-09-21,0.00013238460416608203,0.06553338309619942,-0.013305339725672393,0.00012955898089646772,-0.024130329730882236,0.0036041181345096472
2005-09-22,0.00013235643250521071,0.06554832319807652,-0.013303744276061813,0.0001295656025624499,-0.02409452488961255,0.0036040081830495453
2005-09-23,0.00013236072868909603,0.06555727578522398,-0.013302603887475919,0.00012958288048888576,-0.024014911085680754,0.003603137205265951
2005-09-26,0.0001323725480447489,0.06557387037423265,-0.013300927839210296,0.00012960287790910385,-0.023957420384519985,0.0036022159583917247
2005-09-27,0.0001323703004091586,0.06558729018678446,-0.013299173138020934,0.00012962684398339146,-0.02389463650726662,0.003601796533083724
2005-09-28,0.00013243882909653965,0.06560135298591804,-0.01329784074184037,0.00012962525213335593,-0.023820196781673325,0.0036008695466181965
2005-09-29,0.00013247019667996613,0.06561140207441771,-0.013296655999302295,0.00012973118177472037,-0.0237622130740714,0.0036002624439918744
2005-09-30,0.00013244314847999712,0.06562660317064849,-0.013294861515020106,0.00012977840555754609,-0.023681404159027017,0.003599452254016691
2005-10-03,0.00013241638878616505,0.06564074390702519,-0.013293521414694611,0.00012988375792958494,-0.02360224687285392,0.0035987640503649084
2005-10-04,0.00013246552977744241,0.06565793005054314,-0.013291637887127635,0.00013009532566282016,-0.023519002084801344,0.003598307513213281
2005-10-05,0.00013247289346766304,0.06566950446700057,-0.01329003569944688,0.00013012239661574078,-0.02345300152028852,0.003598261392185933
2005-10-06,0.00013248120686465555,0.06568734767932222,-0.013288057823814611,0.0001301402299207535,-0.0234462755144833,0.003597529007847887
2005-10-07,0.00013250393900085574,0.06570213267427268,-0.013286550215669962,0.00013026737743954703,-0.023429771496827026,0.003597900658247401
2005-10-12,0.00013248384786849048,0.06571971076393962,-0.013285332020568169,0.00013037983826483436,-0.0233816649801215,0.0035969305343492445
2005-10-13,0.00013251450975419756,0.06573391528325144,-0.013283431653148579,0.00013033983366284987,-0.023312948330195128,0.0035959931616154116
2005-10-14,0.00013253171321323247,0.06575055777507506,-0.013281878002313953,0.00013040910720567303,-0.023243576567474493,0.0035954456393316532
2005-10-17,0.0001325523714688288,0.06577107997485611,-0.013279684866274132,0.00013043214625290832,-0.02321420511787184,0.0035952791149520317
2005-10-18,0.000132536790634615,0.0657898296101716,-0.013278593191029036,0.0001303849015540975,-0.023178729294377746,0.0035950273544287465
2005-10-19,0.00013253027589074428,0.06580658256581501,-0.013276690177888184,0.00013046247018158873,-0.023144674154821868,0.0035939007020403388
2005-10-20,0.00013254186073887445,0.06581765774723013,-0.013274903623869816,0.00013049898573128416,-0.02310055442995087,0.0035927755862228865
2005-10-21,0.00013251217014164046,0.06583158451018113,-0.013273577918196923,0.00013059380967622608,-0.023033394365953565,0.0035923080188521327
2005-10-24,0.00013252600786189573,0.06584601085174306,-0.01327228240505611,0.0001306690887475702,-0.023000212124943277,0.0035915608703128684
2005-10-25,0.0001325368811137372,0.06585892768642405,-0.013271227743372778,0.00013052436891449072,-0.0229527817477373,0.003591114267940617
2005-10-26,0.0001325644500892867,0.06587689338989437,-0.01326997708942133,0.00013061698060384862,-0.022900331287217766,0.0035905187748257903
2005-10-27,0.00013256928398824565,0.06589013021568958,-0.01326808769162347,0.0001305939184053685,-0.022840283174039855,0.0035904336761533283
2005-10-28,0.00013255799811217456,0.06590274162787438,-0.013266276967753515,0.00013055383226364184,-0.022794483014150775,0.0035905293217659675
2005-10-31,0.00013255640669138685,0.06591833101695622,-0.013265008333235616,0.00013057772573191854,-0.02273258899139475,0.0035897348301918873
2005-11-01,0.00013259729287442266,0.06593469436411205,-0.013263857811550286,0.0001305359215137163,-0.022671359927102445,0.003589524504099619
2005-11-02,0.0001325943382502196,0.06594946479527304,-0.013262283021456458,0.00013054791930905874,-0.022621175246555915,0.0035885983957474436
2005-11-03,0.00013260612654408991,0.06596117810544284,-0.013260919168639869,0.00013074696502811834,-0.022549581058977385,0.0035887354397554187
2005-11-04,0.00013256667896666163,0.06597382951277878,-0.013259117187046518,0.00013085113006167296,-0.022520588886522537,0.0035878849801465476
2005-11-07,0.0001325846849907304,0.06598019724865001,-0.01325822882738068,0.00013084054205075976,-0.022465893460708992,0.003587924064094563
2005-11-08,0.00013260276947329368,0.06598578310365891,-0.013256669564429878,0.00013100715710484382,-0.022476894621203454,0.003587575753553675
2005-11-09,0.00013263714041757021,0.06599675041487242,-0.013254731517728767,0.0001311028899993665,-0.022419656287084845,0.003588035409097418
2005-11-10,0.00013264075144343564,0.06601516004815088,-0.013253381293454804,0.0001310044594958677,-0.022389480352237194,0.003588274708628057
2005-11-15,0.0001326357590867839,0.06603490609536827,-0.013251729118911742,0.00013115077236779113,-0.02233096557727063,0.003588143116277656
2005-11-16,0.0001326589144634037,0.06604969742056187,-0.013250688794230315,0.00013120075035234674,-0.022295291105298654,0.0035885922918721226
2005-11-17,0.00013270372169658478,0.06606820419466417,-0.013250173650990342,0.000131299342012767,-0.022244747393424427,0.003588549374645968
2005-11-18,0.0001326814097511647,0.06608591368191963,-0.013249113779366467,0.00013151067307630554,-0.022209163336740216,0.00358804110987747
2005-11-21,0.00013273363109894763,0.06610080740851616,-0.01324830733571245,0.00013154937762333032,-0.022151952558700533,0.0035878390065583014
2005-11-22,0.00013278976980673487,0.06611592309212895,-0.013247084626436133,0.00013162762160059862,-0.02209939845800929,0.0035874725602229518
2005-11-23,0.000132754902631505,0.06613411951972743,-0.013245278671091409,0.00013147588150613923,-0.02205081864392671,0.0035882747349289318
2005-11-28,0.00013272564563182628,0.06615475482279902,-0.01324375292220805,0.0001313317594067037,-0.021982293677026178,0.0035887943804480786
2005-11-29,0.00013278656858386654,0.0661707573370182,-0.013242270373012488,0.00013140617785784074,-0.0219540913728137,0.003587627336870231
2005-11-30,0.00013283327984578154,0.06618548199260714,-0.01324074701237467,0.00013157369261294075,-0.0218905790294976,0.0035873085224740185
2005-12-01,0.00013288226359017222,0.06620019370295281,-0.013238733060471672,0.0001314258049196006,-0.021874634697205533,0.003587915930314973
2005-12-02,0.00013285053420366698,0.066215904625474,-0.013237002005891719,0.00013156566854918562,-0.02182660630832229,0.0035874963072557112
2005-12-05,0.00013289012574149744,0.06623439039787493,-0.013234827582298563,0.00013155108394317401,-0.02177310822808992,0.0035870169015153434
2005-12-06,0.00013290979086838455,0.06624514540606329,-0.013233155714941956,0.00013156622757297477,-0.021759078476726833,0.0035856315331686266
2005-12-07,0.00013292526147444625,0.06626442526007191,-0.013231548017411957,0.000131686425519798,-0.021710280552295638,0.0035854226319522947
2005-12-08,0.00013295933437012584,0.06627556077649395,-0.01323032072229252,0.0001315810319214089,-0.021652084917007396,0.003585860026736795
2005-12-09,0.0001329669138963574,0.06629230260997516,-0.013228331897298478,0.00013158712415355548,-0.021600412236325514,0.003585410815044811
2005-12-12,0.00013298159050554415,0.06630773016935884,-0.013226476627481975,0.0001314309571379866,-0.02157979474547997,0.0035848167770028486
2005-12-13,0.00013296681738727255,0.06632876831954954,-0.01322512694113408,0.0001313724066644826,-0.02154597269254309,0.0035851533437352033
2005-12-14,0.0001329717369228227,0.06634684160118205,-0.013223090930501065,0.000131469514498559,-0.02153023505089227,0.003583833354176411
2005-12-15,0.0001329480833348371,0.06636613149614633,-0.013221584619047147,0.00013155097447355087,-0.02148632001785071,0.00358322429366923
2005-12-16,0.00013298834592490318,0.06637926783997548,-0.0132207044353553,0.00013165139073658254,-0.021442592626359044,0.003582970053198145
2005-12-19,0.00013298018768055338,0.066396696010599,-0.013219496814409136,0.0001316505616557555,-0.02143177778541923,0.003582753479036491
2005-12-20,0.00013294953086412018,0.06640708744821036,-0.013217480783448723,0.00013159126773755947,-0.021371889442484984,0.0035819743913844218
2005-12-21,0.0001329174721478149,0.06641898122445683,-0.013215645083131082,0.00013154740982834374,-0.021356456307344146,0.0035818406491805194
2005-12-22,0.00013296058747294095,0.06643255529107653,-0.013214238586817872,0.0001314662430986082,-0.02131670308060017,0.0035803430205617053
2005-12-23,0.0001329684569701407,0.06645021506412431,-0.013212649742579364,0.00013128436990913938,-0.021271354357417824,0.003580117011712616
2005-12-28,0.00013297566276989687,0.06646644898900625,-0.013211089866235686,0.00013135164111977016,-0.021229848615918534,0.0035802234751170425
2005-12-29,0.00013295558007268656,0.06648813619404811,-0.013209837267184726,0.00013132407847484608,-0.02120195131908159,0.003580194656573117
2005-12-30,0.0001329264803412061,0.0665102700954731,-0.01320852759426672,0.00013144866831614694,-0.021155366793854435,0.003578542036491731
2006-01-04,0.0001329734577072683,0.06652546988840317,-0.013206612860047574,0.00013163518343726815,-0.021130318251551594,0.0035782935483295907
2006-01-05,0.00013300569350148433,0.0665456272157076,-0.01320505319291887,0.0001316706246077002,-0.02109212245242824,0.0035778853768934156
2006-01-06,0.0001330304863928106,0.06656141926786158,-0.013203464609524405,0.0001317042436748924,-0.021031210581624535,0.003577389156735139
2006-01-09,0.00013303512585049126,0.06657668542002818,-0.01320197276487047,0.00013158402377464682,-0.020982790724616368,0.003576605227168711
2006-01-10,0.00013305113932108283,0.06659490141029178,-0.01320067506316475,0.00013137905174403954,-0.020970959555705396,0.003576636390562521
2006-01-11,0.00013302169730396035,0.06660679858804044,-0.0131996026584773,0.00013143370519033308,-0.02093047995260347,0.0035764195662854356
2006-01-12,0.00013305402017330922,0.06662095470164553,-0.013198421043276074,0.0001313977484120289,-0.020927557680027423,0.003575942774486824
2006-01-13,0.00013305144954350837,0.06663593894033863,-0.01319619578722685,0.00013127018875298336,-0.02089293127733649,0.003576003455642995
2006-01-18,0.0001330264603380992,0.06664517635402079,-0.01319412746758458,0.00013128544043460039,-0.02085974526084558,0.003575857217146654
2006-01-19,0.0001330250296904767,0.06666144099687211,-0.013192219128001588,0.0001312344653173911,-0.02082457459962135,0.003574514321767127
2006-01-20,0.0001330146350659444,0.06667762760629353,-0.013190638023738113,0.00013118350217402182,-0.020756368723336707,0.0035741308122956674
2006-01-23,0.00013305907036287396,0.06669526203395923,-0.013189673936834852,0.00013142616413078928,-0.020737607677884587,0.003573748650580888
2006-01-24,0.00013306095823181795,0.06671102709726422,-0.013188138929563723,0.00013164065046291192,-0.020686663574373668,0.0035739207913305787
2006-01-25,0.0001330670734237311,0.06672353111496997,-0.013186698036070246,0.0001316615556957086,-0.020674562870602042,0.0035737819652665466
2006-01-26,0.00013304708667168916,0.0667376618625329,-0.013184953437712843,0.00013172387690281359,-0.020611907320603806,0.0035735465337449323
2006-01-27,0.00013303781527731088,0.06675752308407756,-0.013182712710633749,0.00013183001699793064,-0.020563179188204717,0.0035729440824897605
2006-01-30,0.00013308849423855938,0.06676999909420901,-0.013181016991693648,0.00013179140221900002,-0.020552311232378856,0.003572128038725783
2006-01-31,0.00013306406428598676,0.06678129728737114,-0.013179811642357559,0.00013186742133896847,-0.02049392938110156,0.0035718183380002806
2006-02-01,0.00013305939899795494,0.06679918600366394,-0.013178297679858572,0.0001319624030562747,-0.020441197219752877,0.0035715972530445932
2006-02-02,0.00013307078808368262,0.0668148631964336,-0.013176679138679188,0.00013205540749913752,-0.02041586451019707,0.003571410561973765
2006-02-03,0.0001330349872162136,0.0668296408312942,-0.013176119104443202,0.00013204076280795053,-0.020401017445916603,0.00357126221309964
2006-02-06,0.00013311079798695888,0.06684590725341796,-0.013174126161274223,0.0001319792867600674,-0.02036906592793833,0.0035705230879905844
2006-02-07,0.00013310850016791945,0.06685900600026985,-0.01317207533271957,0.00013210372769144368,-0.02032717111086807,0.003569770617946566
2006-02-08,0.0001331212354700808,0.06687826805459474,-0.013170704974302914,0.00013218417104614153,-0.02024775876801123,0.0035705206286824847
2006-02-09,0.00013310352573686315,0.06689621776192729,-0.013168923534817651,0.00013231648015304498,-0.020189958308435355,0.0035706133298531095
2006-02-10,0.00013307820880750857,0.06691499305355249,-0.013167866635957046,0.00013235107286860596,-0.020117857394528885,0.0035693640643087287
2006-02-13,0.00013310216271758324,0.06693315499638233,-0.013167118264952558,0.00013244307839784203,-0.020087995413888476,0.0035683945052544224
2006-02-14,0.00013307118673154224,0.06695094120952313,-0.013165906717127253,0.0001324276923402752,-0.020030866130393593,0.0035681398688225344
2006-02-15,0.00013306644473016238,0.0669663558187689,-0.01316499587062928,0.00013246541027041423,-0.019998849842177993,0.003567465825202999
2006-02-16,0.00013310685464390813,0.06697838386878421,-0.013163151503316034,0.00013244318053061004,-0.019986054431637493,0.003566909896416428
2006-02-17,0.00013311403083807004,0.06699123461632861,-0.013161996510268746,0.0001323636848145073,-0.019904768999459935,0.0035661048310237737
2006-02-22,0.0001330529495353176,0.06700774617642351,-0.013160654458986561,0.0001324428405904418,-0.019851898502191392,0.0035657870147068112
2006-02-23,0.00013307088193719905,0.06702764734707752,-0.01315879786397848,0.0001325013558372868,-0.01978933737071474,0.003565147124270368
2006-02-24,0.00013308961248228922,0.06704632911047362,-0.013157228947578209,0.00013252169793137667,-0.019755944845361362,0.00356546078277632
2006-02-27,0.00013314768761002552,0.06706254527965824,-0.013156023612080521,0.000132367458526921,-0.019695697737649745,0.003565326371247772
2006-02-28,0.00013311851388894105,0.06708304372864525,-0.013154669723702214,0.00013258003899286437,-0.019639355256378527,0.003565312743478281
2006-03-01,0.00013315657810796774,0.06709813930022518,-0.013153355303441456,0.00013252565550125441,-0.01959893134024908,0.003564754798422974
2006-03-02,0.00013314380670275533,0.06711001261749228,-0.013151668332206868,0.00013253024980897982,-0.01957828634359393,0.003563800151604497
2006-03-03,0.00013316046896034628,0.06712660076691475,-0.013149912878230401,0.00013265762041149868,-0.019532091851397884,0.00356289243323212
2006-03-06,0.00013317881546709846,0.0671395241449064,-0.01314881156680914,0.00013259292458043105,-0.019431689705557684,0.0035630546825367046
2006-03-07,0.00013315457639483236,0.0671550310669464,-0.01314733973931345,0.0001325113558541762,-0.01939179714816283,0.003562191028475124
2006-03-08,0.00013315636952406103,0.06717099587077571,-0.013145627811072017,0.00013253649016201018,-0.019333246294591627,0.003561484956047802
2006-03-09,0.00013310369093734548,0.0671875037952003,-0.013144441690778504,0.0001326334280575695,-0.019306203917100195,0.003560427336666834
2006-03-10,0.00013317495574083555,0.06720577038567402,-0.013143138727471344,0.00013268693453487594,-0.01928986582519046,0.0035593876245608967
2006-03-13,0.00013317279546576314,0.06722257417933927,-0.013142572830982416,0.00013264012912072822,-0.01924166469413248,0.003559305753194032
2006-03-14,0.0001331516485477821,0.06724029687114605,-0.013140763952079882,0.00013263377015476389,-0.019127865050540385,0.0035578952052728544
2006-03-15,0.0001331008627598046,0.06726010796894054,-0.013138871780656447,0.00013271688204152503,-0.01907679834478758,0.0035565872658779307
2006-03-16,0.00013306793311035537,0.0672767526234656,-0.013137572472532494,0.00013278324557761085,-0.01901009524728546,0.0035560604786862692
2006-03-17,0.0001330216558376218,0.0672941677106841,-0.013135805417035306,0.0001327202220973871,-0.01900485134558856,0.003555844962352998
2006-03-20,0.00013302782574456238,0.06731541114011506,-0.013135224853701912,0.000132560838338766,-0.019034264689013772,0.003554487123039144
2006-03-21,0.00013305266659102499,0.06733669791071917,-0.01313305298433493,0.0001324088614312757,-0.018961009655804273,0.0035540073857314447
2006-03-22,0.0001330627925217809,0.06735101148770828,-0.013131372656916255,0.00013232933105396548,-0.018891204127582994,0.003553085128033512
2006-03-23,0.0001330341864203656,0.06736645617813622,-0.013129900420478794,0.00013231624336512495,-0.018847863191095812,0.003552651351184241
2006-03-24,0.00013307227966283193,0.06737970866940846,-0.013128866120736684,0.00013223874524638342,-0.018818423646826163,0.003551626547288187
2006-03-27,0.0001330704026896003,0.0673929782098063,-0.013127107797827397,0.0001321569493284827,-0.01876055108776023,0.003551075308105265
2006-03-28,0.00013308959939103653,0.06741425481740754,-0.01312563170638534,0.00013211280466916118,-0.01873118679739852,0.0035499049702038396
2006-03-29,0.00013310463818222722,0.06743421115004779,-0.013124494848021636,0.0001321107111245999,-0.018676968827317106,0.0035495335804159953
2006-03-30,0.0001331285573537175,0.06745528040711916,-0.013122640987954954,0.00013211733371313523,-0.01862696538158981,0.0035489313223551386
2006-03-31,0.00013312513697531192,0.06747063766223343,-0.01312092291321514,0.00013210823292959987,-0.018611690390734376,0.003548524994699001
2006-04-03,0.00013312559727632754,0.06748864104834768,-0.013119754116757204,0.00013211117908583676,-0.018586320372580165,0.0035476688853276718
2006-04-04,0.0001331510050944383,0.06750446186298724,-0.013118137544872597,0.00013199791570103655,-0.01854174076423941,0.0035466778671282492
2006-04-05,0.00013312716173296602,0.06751556794253442,-0.013117005564096066,0.00013208736755880866,-0.01849557402176133,0.003545920431788093
2006-04-06,0.00013308366400184845,0.06753228222942842,-0.013115460829555479,0.0001321003221074228,-0.018456109600470866,0.0035453625830591017
2006-04-07,0.0001331303363829261,0.06755310037282714,-0.013113466252220833,0.00013209558538069727,-0.018442614528927398,0.0035441531257558306
2006-04-10,0.00013315423838551672,0.06757523013439531,-0.013112190316738161,0.00013211969500164381,-0.018399598818234136,0.003543260927365725
2006-04-11,0.00013313292203008512,0.0675923189843324,-0.013110503215352414,0.00013220919142432718,-0.018366969921742332,0.0035429253586490394
2006-04-12,0.00013314590535743912,0.06761077566844341,-0.013108359490905453,0.00013224235396910067,-0.01830936559515224,0.0035425039947820673
2006-04-13,0.0001331827869394685,0.06762597502272462,-0.013106375293291095,0.00013230086656740585,-0.018245195545178367,0.003541628470383598
2006-04-18,0.00013314990964518594,0.06763912566165892,-0.01310491267294221,0.00013226841862864114,-0.018203710394294692,0.003540710609925255
2006-04-19,0.00013316890047098892,0.06765747077017847,-0.013103602997288752,0.0001322705987385341,-0.018120397542261343,0.003540327182305354
2006-04-20,0.00013314271983128122,0.06767396282292235,-0.013101877044868185,0.0001324073392117837,-0.018077111507389013,0.0035394313629783522
2006-04-21,0.00013318167470200521,0.06769164437336794,-0.013099613658829619,0.00013226531692191185,-0.018032384960220818,0.003538535780124483
2006-04-24,0.00013321886814485846,0.06770588109276458,-0.013097988166566103,0.00013227016639063714,-0.018002957957772042,0.0035368404124725052
2006-04-25,0.0001332240699605023,0.06771781230201286,-0.013096889794184404,0.00013236396315292095,-0.01795677260812649,0.0035364803306451114
2006-04-26,0.00013322466888563567,0.06773607803414572,-0.013095667844876131,0.00013226594374388651,-0.01791327280797432,0.0035361858366653163
2006-04-27,0.00013322375661755753,0.06775423557148597,-0.013093782185948715,0.00013234153946699905,-0.01788492828988071,0.003534762889279401
2006-04-28,0.00013324036861637692,0.06776735053538467,-0.01309209446673268,0.00013239544569156606,-0.017832278380008962,0.0035347722274530853
2006-05-01,0.00013315703827814404,0.06777993666001605,-0.01309027059430592,0.0001325926852049155,-0.017778734118970685,0.0035335591899332843
2006-05-02,0.00013310667514278862,0.06779656342643153,-0.01308848903005737,0.00013254735755989053,-0.017760151855769443,0.0035335078826625984
2006-05-03,0.00013308198686031618,0.06781267326990685,-0.013087103369564472,0.0001325618628435798,-0.017725807432668148,0.0035322748132712873
2006-05-04,0.0001330794936927198,0.0678240786593511,-0.013084871830144966,0.00013260993230055816,-0.01770559007146423,0.003531904004388242
2006-05-05,0.00013304357071357919,0.06783757419435531,-0.013083410050680824,0.0001326656530595754,-0.017683563142697034,0.003531496131832913
2006-05-08,0.00013305047179028922,0.0678520330047625,-0.013082525853125871,0.00013247045212647229,-0.017649911586413325,0.00353076670511333
2006-05-09,0.00013304460544565067,0.06786678657417436,-0.01308106282784946,0.0001325045064657217,-0.017639908095263362,0.003530042019361785
2006-05-10,0.00013303464755329105,0.06788423919430389,-0.013079399777299746,0.00013269951250747375,-0.017641739528330605,0.0035296403767313754
2006-05-11,0.00013304061803071668,0.06789941990383683,-0.013077891440364434,0.00013279889612929547,-0.017586813774257956,0.003528450891640449
2006-05-12,0.00013305437458431476,0.06791285471833708,-0.013075532618546971,0.00013286123070359201,-0.017581777622828934,0.003527831464759334
2006-05-15,0.00013303283200396962,0.06792644097465862,-0.013073870787842109,0.00013287680136903648,-0.01757898588600433,0.003528078179939105
2006-05-16,0.00013301761909529692,0.0679480249936591,-0.013072245649230877,0.0001328872646891011,-0.017545406305568195,0.0035276484550469155
2006-05-17,0.00013301092332137644,0.0679576621108246,-0.01307064733234408,0.0001330435684781974,-0.01746434129779624,0.0035266349327551976
2006-05-18,0.00013298801402046402,0.06797129570214909,-0.013068709497531148,0.0001330087756843637,-0.017466440797055588,0.003526224989658237
2006-05-19,0.00013298397796695195,0.0679907743171781,-0.013066819616815467,0.00013304870273626846,-0.017465318807812602,0.0035249440107518624
2006-05-22,0.00013294671484325943,0.06800467638177124,-0.013065649552951624,0.0001331279325564867,-0.017432674028217993,0.0035242011667713513
2006-05-23,0.00013295648352608147,0.06801832809978647,-0.013064028416171401,0.00013318188496392184,-0.017386183027058882,0.0035237542616619348
2006-05-24,0.00013295787032207226,0.06803449797136407,-0.013062493214606759,0.00013325760707991557,-0.017390174677720943,0.0035223017680996397
2006-05-25,0.00013294819759652018,0.06804757659964002,-0.013060822763944886,0.00013317117364551118,-0.017305005388323066,0.003521177469577596
2006-05-26,0.00013285974464006698,0.06806724236526687,-0.013059598779403304,0.00013320675205461398,-0.017229936985681232,0.003520252733325851
2006-05-31,0.00013288699011692486,0.06808139180016508,-0.013058301590171432,0.00013328531651233608,-0.01718624021126343,0.003519421195725157
2006-06-01,0.00013282919469378605,0.0680942675586181,-0.013056198688857906,0.00013331431372617947,-0.017157835351561845,0.0035193451254429547
2006-06-02,0.00013284215328239246,0.0681072290693214,-0.013054833458566858,0.00013330870201695198,-0.0171159209683254,0.003518633485510593
2006-06-05,0.0001328078293815092,0.0681252011517991,-0.013052994429480939,0.00013324874309137284,-0.0170638938333912,0.0035180185464066026
2006-06-06,0.00013282436134042134,0.06814050908957536,-0.013051353010974261,0.00013339911943985045,-0.01701585120329513,0.003516602894987828
2006-06-07,0.00013281189725299232,0.06815565205208858,-0.013050017182238357,0.00013340029908638672,-0.0169997061861267,0.0035156861336204854
2006-06-08,0.00013279249166797078,0.06817117849440543,-0.013048628628841041,0.00013343077403355784,-0.016959207289097195,0.003515360462834968
2006-06-09,0.00013282120266088672,0.0681874671578839,-0.01304663771319891,0.00013347551887372405,-0.01691807936393261,0.003514794686587538
2006-06-12,0.000132823690993728,0.06820081350133692,-0.013044887952674169,0.00013344757923833609,-0.01688983838822679,0.0035140879858529313
2006-06-13,0.0001328437894432807,0.06821742523531787,-0.013043522598903968,0.0001335933886147063,-0.016838398456375803,0.0035135270144242945
2006-06-14,0.00013280400768328834,0.06823563314203561,-0.013041183465439038,0.00013359928177895296,-0.016784587079311727,0.0035123313133499567
2006-06-15,0.0001327774812971537,0.06824836615957054,-0.013039453243987713,0.0001336529767317461,-0.016760297644687963,0.003511705518088033
2006-06-16,0.00013277304795712678,0.06826438106749115,-0.013038109264199701,0.00013365373898643047,-0.016749420793349595,0.003511275145673571
2006-06-19,0.00013280576154526912,0.06827737561040528,-0.013036917475202383,0.00013357784847950303,-0.01672117982453908,0.003510103771227544
2006-06-20,0.00013286739908569743,0.06829618812961603,-0.013035165196757756,0.00013350785644427219,-0.0167299697818111,0.003509826483917641
2006-06-21,0.00013286681717041959,0.06831660100686864,-0.013033584372623728,0.00013358400368892437,-0.016679912850250264,0.0035089703974281504
2006-06-22,0.00013288837816365906,0.06833757963271755,-0.013032056608931048,0.00013373569604375018,-0.016644723443017276,0.003508052887469069
2006-06-23,0.0001329013605382633,0.06835496200210796,-0.013030797147076043,0.0001337444763749421,-0.01661767653148133,0.0035079085142705525
2006-06-26,0.00013295461008369866,0.06837531813826792,-0.01302985103764135,0.000133696772513612,-0.01659269241448326,0.0035075119546912103
2006-06-27,0.00013297238442796285,0.06838704036359156,-0.013028074904781913,0.00013368248761937504,-0.016556856539264017,0.0035078351420210693
2006-06-28,0.00013299461151189198,0.06840744425564664,-0.013026850575141595,0.0001336854351606212,-0.01647734822244648,0.0035066349439160805
2006-06-29,0.00013306412635855265,0.06842589902509259,-0.01302569502722701,0.00013366888174152963,-0.01643839493628141,0.0035053528669232795
2006-06-30,0.00013305073476860946,0.06844090057413287,-0.013023579944034462,0.00013370218599554525,-0.016372077486471626,0.0035045211736606996
2006-07-03,0.00013302172524256838,0.06845717663709999,-0.01302218866519726,0.00013378462445330026,-0.01632884460272009,0.0035042860603571434
2006-07-06,0.00013298207946297206,0.06847239914600682,-0.013020865818777363,0.00013368143673771026,-0.016321300480430276,0.0035032632864420796
2006-07-07,0.00013296655506946127,0.06848737105448365,-0.013019846269266144,0.00013369818942446317,-0.01628370867902948,0.003502669946085708
2006-07-10,0.00013293826582398084,0.06850125736709074,-0.013018207504414896,0.00013376264228528507,-0.01625888240122822,0.00350196280244556
2006-07-11,0.00013292206759279394,0.06851845395291385,-0.013017138377985758,0.0001335708204878487,-0.01624228846411388,0.003500874641245539
2006-07-12,0.00013288852647790726,0.06853656009807658,-0.013015889692929643,0.000133724285612092,-0.01620045869459351,0.0035013038047815182
2006-07-13,0.00013288969670463815,0.06855604281001114,-0.013012990092973815,0.00013370687682534859,-0.016151788516555535,0.0035010788451992425
2006-07-14,0.00013290784501073985,0.06856934445691842,-0.0130110310586762,0.00013387509395224032,-0.016096175905021978,0.0034998555838647158
2006-07-17,0.000132924855386771,0.06857964590941053,-0.013009253678330841,0.00013388231628367833,-0.01604299689547864,0.0034999187157494123
2006-07-18,0.00013288125476530142,0.0685945265750373,-0.013006807381437918,0.00013396971049263817,-0.015966167738852816,0.0034994466765395655
2006-07-19,0.00013289317796011803,0.06861284582356321,-0.013004514516038382,0.00013399325084204462,-0.015960524059211875,0.003498743302844146
2006-07-20,0.00013287979263345236,0.0686304205607634,-0.013002892903449177,0.00013393854198765208,-0.0159273385384589,0.003498242985184097
2006-07-21,0.00013281976626032925,0.06865008729097728,-0.013001266101909121,0.0001339283060079971,-0.015847750006677236,0.0034980782150842637
2006-07-24,0.0001328394702250138,0.06865974940605094,-0.012999687692298964,0.00013387585896285618,-0.015825511118903124,0.003498315116785451
2006-07-25,0.0001328769645365879,0.06867751974251281,-0.012998548306237532,0.00013391228734089503,-0.01581607647162539,0.0034983418847940387
2006-07-26,0.0001329427396180833,0.06869940515919333,-0.012996221370436566,0.00013382273325320248,-0.015783640920447664,0.0034983230411131548
2006-07-27,0.00013292987889540155,0.06871549835513174,-0.012994394402138587,0.0001338140346487357,-0.015741723214832554,0.0034978569825803727
2006-07-28,0.00013295926995908925,0.06873263288839425,-0.01299279892285156,0.00013388256872583882,-0.01568736059463295,0.003497550240486479
2006-07-31,0.00013297476164477194,0.06874918734929751,-0.012990793742524686,0.0001339685335600581,-0.015614120365637182,0.0034970503925743556
2006-08-01,0.00013298577686286813,0.0687639094748451,-0.012987733714577185,0.00013384804092641815,-0.015609227122121025,0.0034965149135911078
2006-08-02,0.00013300091328961758,0.06878046068860695,-0.012986052507416428,0.0001339451087893099,-0.015525604701509182,0.0034953636410257278
2006-08-03,0.00013300085518135903,0.06879483232832335,-0.01298401333533337,0.00013392919997747422,-0.015509240767927215,0.0034942622510173087
2006-08-04,0.00013296807109490722,0.06881160440415816,-0.01298212565336069,0.00013391599628045253,-0.015469536076508944,0.0034938873212350943
2006-08-07,0.00013294544819350738,0.0688279334526389,-0.012979578285395463,0.00013382011861954172,-0.015427046930464094,0.003493174086587996
2006-08-08,0.0001329340938673933,0.068845707391441,-0.012977645961813042,0.00013386071316363692,-0.015386172334345707,0.0034926204857447687
2006-08-09,0.0001329166499476502,0.0688608200854383,-0.012976350016023182,0.0001338108885233201,-0.01534278608725305,0.0034918120506047196
2006-08-10,0.0001329201026683256,0.06887896659823714,-0.012974466526756701,0.00013376914590252528,-0.01531128637007069,0.003491242179577277
2006-08-11,0.00013288923470994903,0.06889175475737673,-0.012972730122124332,0.00013380699028928426,-0.015284042048585578,0.0034906367680620993
2006-08-14,0.00013287280253291298,0.068906768505776,-0.01297045457007461,0.00013382741389618433,-0.015222248548621892,0.003490579039846618
2006-08-15,0.00013287441942172766,0.06892503184573774,-0.012969371953238136,0.0001338031420953331,-0.015183900182013807,0.0034897182206747638
2006-08-16,0.00013286885653075275,0.06894499416889943,-0.012967373806352867,0.00013380495949816507,-0.01516543633544376,0.003489616305700432
2006-08-17,0.00013284347038838954,0.0689636370945869,-0.012964894030100184,0.0001338501222570724,-0.015151100386693553,0.00348920298835773
2006-08-18,0.00013282756168228412,0.06898086911851554,-0.012962801481619404,0.0001338315666321603,-0.015131706356654048,0.0034889989340973118
2006-08-21,0.0001328320421886582,0.06899789139108696,-0.012961197174894695,0.00013393415792947163,-0.01508464145070576,0.0034885791266924386
2006-08-22,0.0001328338754261812,0.06902276856381352,-0.01295957438464591,0.0001339038843021044,-0.0150467303122441,0.0034880209965330645
2006-08-23,0.00013278874694037517,0.06903665656681605,-0.012958375520958404,0.00013383386163331787,-0.015001394972390086,0.0034872259695046945
2006-08-24,0.00013276288745854282,0.06904954680106407,-0.01295684530160006,0.0001338545932495052,-0.01493409391676212,0.0034867945485773833
2006-08-25,0.00013278565145269123,0.06906831584400214,-0.012954758158605601,0.0001338821335353586,-0.014905569625550952,0.0034861425516196465
2006-08-28,0.00013272654806593509,0.06908694591923101,-0.01295234167684861,0.0001337525193955302,-0.014857013013523462,0.003484748818282177
2006-08-29,0.00013276360906671768,0.06909868114988163,-0.012950391364019527,0.00013376505661740813,-0.014813763769981517,0.003484476473979997
2006-08-30,0.00013270670486053318,0.06910832688351704,-0.012948805763294597,0.00013380816997555188,-0.014759820181617339,0.003483587951194871
2006-08-31,0.0001327046213219246,0.06912543837552251,-0.01294718861225805,0.00013391408978316534,-0.014717899762397388,0.0034820478916701156
2006-09-01,0.0001327003531420596,0.06914209367016216,-0.012945809986661868,0.0001339688346210466,-0.014649473927908524,0.0034819160658874243
2006-09-06,0.00013263700525386948,0.06915607162795863,-0.012944779009148638,0.00013414729114400855,-0.014648477795270468,0.0034808791928967967
2006-09-07,0.0001326127407939023,0.06917526200643735,-0.012941979137181573,0.00013420308674010634,-0.01461116671004467,0.0034803318327996493
2006-09-08,0.00013263027889087904,0.06918936850723768,-0.012940422508696344,0.00013428919943054567,-0.0145535301956361,0.003478829833669884
2006-09-11,0.00013263863603022192,0.06920821720902008,-0.012938359484197855,0.00013419278967041854,-0.014510419678799694,0.0034777441071683337
2006-09-12,0.00013262412377163546,0.06922570542393952,-0.0129369309344469,0.00013424072267577145,-0.014465989084045117,0.003476910370605964
2006-09-13,0.00013262200603907735,0.06924100332758955,-0.012935043770656464,0.0001341408774753466,-0.014414362961831295,0.0034763334994010408
2006-09-14,0.00013264156204115753,0.06926098946131382,-0.012932450214203558,0.000134141290122553,-0.014371814276010378,0.0034745628236304985
2006-09-15,0.0001326425870116968,0.06928159258278169,-0.012931048892052465,0.00013423034385093985,-0.014313119238509683,0.0034738187416503957
2006-09-18,0.00013265767960707054,0.06929940469351217,-0.012929597859575046,0.00013433212069448782,-0.014267832428114677,0.0034733490200747853
2006-09-19,0.00013265905462953378,0.06931778253687779,-0.012927562614968285,0.0001343679927448615,-0.014199644212807769,0.0034724650717332124
2006-09-20,0.00013267156462668477,0.06933297102700467,-0.012925273927651065,0.00013446756758976754,-0.014151104043423568,0.0034719910225091246
2006-09-21,0.0001326597173105452,0.06935220242772913,-0.012923406471728665,0.0001344913973079734,-0.014139706949927569,0.0034715150624329777
2006-09-22,0.0001326737329158256,0.0693720958017331,-0.012921579901266371,0.00013456919915718604,-0.014110974112132649,0.003470599129099872
2006-09-25,0.0001326984544244895,0.06939155926834382,-0.012920065030570646,0.00013460275793798933,-0.01405966411154673,0.0034692603806873125
2006-09-26,0.00013271086203599916,0.06940820106469393,-0.012917729328821764,0.0001347453499949266,-0.01398895163944125,0.003468395068383593
2006-09-27,0.00013275431943032763,0.06942428405732129,-0.012916086477901148,0.00013479441983729818,-0.013961561936483166,0.003467778602459711
2006-09-28,0.0001328071597454092,0.06944373941016319,-0.012914264094162528,0.0001349449286501944,-0.013914308813416862,0.0034674626527485177
2006-09-29,0.00013282331875030394,0.0694598374186535,-0.012912585230955499,0.00013487897464427127,-0.013877158506513512,0.0034669814549647196
2006-10-02,0.00013280964639269532,0.06947949266170357,-0.012910896039273909,0.00013499171855081073,-0.013834257655588919,0.0034660506360852856
2006-10-03,0.00013286953977929638,0.06949331934785304,-0.012909198630692374,0.0001349097262394547,-0.013815705580617094,0.0034653261390704473
2006-10-04,0.00013288203615965954,0.06950875960331489,-0.012906930582070585,0.00013498751129482537,-0.013734113211729224,0.00346473547755086
2006-10-05,0.00013290761022268795,0.06952345083272478,-0.012905543384254923,0.0001350131461025329,-0.013690315362662228,0.003464389983253322
2006-10-06,0.00013288147300250113,0.0695474772185419,-0.012903713892940259,0.00013488627862623102,-0.013630740687036458,0.0034628919563640236
2006-10-11,0.00013288452180805035,0.06956594064170085,-0.012901615016279505,0.00013497638903723185,-0.013584408520178629,0.0034630638626385276
2006-10-12,0.00013288610486621524,0.06958726501931863,-0.012899729500020102,0.0001350332568002369,-0.013528496454631458,0.0034617038075128
2006-10-13,0.00013293007358861645,0.06961214104819896,-0.012897771110120242,0.000135084843512047,-0.01352018102064663,0.0034602239945368115
2006-10-16,0.0001329492280423081,0.06962766318060153,-0.012895588302122238,0.00013499516666002427,-0.013474786068376168,0.003459718597327411
2006-10-17,0.00013301825763590376,0.0696434255444662,-0.012893380620847994,0.00013497989554305114,-0.013408729850482942,0.0034590581131175202
2006-10-18,0.00013308329819449355,0.06965672386841695,-0.012891524199309575,0.0001349721985448968,-0.01333805029652986,0.0034581085875652843
2006-10-19,0.00013309841006752307,0.06967214779290731,-0.012889941408423906,0.0001348807000416913,-0.013288037546697523,0.00345725489357049
2006-10-20,0.00013312148480537406,0.06969195880264589,-0.012888358892937634,0.00013489246609484204,-0.013222878419675274,0.0034561186444640765
2006-10-23,0.00013315827552366825,0.06971023908930148,-0.012886987731007065,0.0001350757565608681,-0.013146218614021404,0.0034555602804077854
2006-10-24,0.00013328382524409956,0.0697223988200342,-0.012884985486007007,0.00013506231791401068,-0.013141111115225132,0.00345494173451085
2006-10-25,0.00013333485651169776,0.06973719811090538,-0.012883297207333676,0.0001351317243698345,-0.013095230080367337,0.0034537294292961516
2006-10-26,0.0001333458880001208,0.06975005933781356,-0.012881136222414356,0.00013516425279633555,-0.013049778459543651,0.0034524655891808673
2006-10-27,0.00013343675331277437,0.0697657211512937,-0.012880086892804373,0.00013519316821591727,-0.013031436023746013,0.003450972670055639
2006-10-30,0.0001334468905910643,0.06978356506063922,-0.012877366291599895,0.00013530489364416362,-0.012992650441232587,0.003451074856829062
2006-10-31,0.00013341464630428973,0.06979862291241935,-0.012875072597610988,0.00013520536113831224,-0.012984471710577455,0.0034498656531670117
2006-11-01,0.00013344192014288342,0.06981389335168778,-0.012874205717355843,0.00013510952079352637,-0.012964506573380344,0.003449522511920787
2006-11-02,0.00013350182714629298,0.06983444357985143,-0.012872133800832603,0.00013504548869444047,-0.012903698206792602,0.0034486348902237132
2006-11-03,0.0001334944521874156,0.06985128199857753,-0.0128701845735919,0.00013497554701829244,-0.012838457725070543,0.0034487366506701558
2006-11-06,0.00013346491410061876,0.06987154504537255,-0.012868196270879997,0.0001349285961147987,-0.01278776292069872,0.003448368990320988
2006-11-07,0.00013343208344825444,0.0698889447432895,-0.012865270348880967,0.00013489994395520397,-0.012751730835892247,0.003447464520832876
2006-11-08,0.00013344192479467518,0.0699063527286729,-0.012862123169526705,0.00013493050552798453,-0.012691114601024095,0.00344636495943025
2006-11-09,0.00013341990043261678,0.06992305320238144,-0.012859507336703935,0.00013490229252487805,-0.012604962652928556,0.0034458461044278815
2006-11-10,0.0001334046855940743,0.06994378289844516,-0.012857109978594976,0.00013507038482512412,-0.012591025825772775,0.0034448007692650306
2006-11-13,0.00013343457323836675,0.069965034397586,-0.012854468099803947,0.00013515551772258326,-0.012545054972523895,0.003444600479067578
2006-11-14,0.00013343250423680995,0.06998375088471183,-0.012852159870992717,0.00013517391695875625,-0.012491301793252738,0.0034432992704834134
2006-11-15,0.00013350123535388388,0.07000284902427083,-0.012849368502715152,0.0001350939725964529,-0.012446326275009578,0.003441814370078345
2006-11-16,0.00013348509867865932,0.07001837345758552,-0.012846716603692483,0.00013516020565324614,-0.012379006268266532,0.0034418579246019943
2006-11-17,0.00013344354267551365,0.07003822054657557,-0.012845321206543175,0.00013521035273784195,-0.012369858958754601,0.0034408952145006375
2006-11-20,0.00013339335363067738,0.07005604744438233,-0.012843334458859037,0.000135225486415603,-0.012325577759781062,0.0034408483757578812
2006-11-21,0.0001334103553555171,0.07007786437211663,-0.01284081688913153,0.0001349813877735277,-0.012260131879157782,0.0034394631822192833
2006-11-22,0.00013339323604055983,0.07009472002629051,-0.012838104045952347,0.00013509221650330155,-0.012216193514213006,0.003438424523527179
2006-11-27,0.0001333683789330997,0.07011253186003699,-0.012835166636602991,0.00013520168217620351,-0.012213081170728113,0.0034380998141956987
2006-11-28,0.00013335644501252426,0.07013493719552183,-0.012833726753544997,0.00013515377350938323,-0.012159692710445008,0.0034366554681811694
2006-11-29,0.00013332246404906966,0.07015761164971378,-0.012832196413717363,0.0001353157304617064,-0.012136126752687243,0.00343579110800704
2006-11-30,0.0001332916568402727,0.07017958768268544,-0.01282948564783824,0.0001353040143081225,-0.012089148074888312,0.0034352622517916055
2006-12-01,0.00013323883829972026,0.07019586466647437,-0.012827131512075705,0.00013545099640890288,-0.012013653979544694,0.003433737872852371
2006-12-04,0.0001332465042157504,0.07021383795149876,-0.012823800006450621,0.00013547254116157633,-0.011999369997860623,0.003432036807943997
2006-12-05,0.00013325220489954768,0.07023274121743169,-0.012821197421448863,0.00013555064681672227,-0.011990367197595025,0.0034320558500481758
2006-12-06,0.00013327851584360375,0.07025130629166472,-0.012818413273803278,0.00013553717793799363,-0.011954016032447723,0.0034313105273839997
2006-12-07,0.00013329555465657654,0.0702700231595781,-0.012815656687357178,0.00013556179866614813,-0.011914379005650358,0.003429486329423358
2006-12-08,0.00013330043435077365,0.07028717237024208,-0.01281429277251454,0.0001354799557743364,-0.011912684866712278,0.0034289456882846793
2006-12-11,0.00013325594443724557,0.07030752350768862,-0.012811014442969428,0.00013549709705009406,-0.011892540078676836,0.0034281462349663944
2006-12-12,0.00013326489906679174,0.07032989890431723,-0.012808995356593326,0.00013555506453327693,-0.011830872986953025,0.00342812602860071
2006-12-13,0.00013320896346148404,0.07034960581171835,-0.012806974192165275,0.00013569595034853345,-0.011816758095824012,0.003426369303592227
2006-12-14,0.00013320319125407506,0.07036673852215923,-0.012803954145861076,0.00013585881860861312,-0.011792857793431186,0.0034257211268259326
2006-12-15,0.00013323899019807673,0.07038589468376975,-0.012801482756194653,0.00013580912752352226,-0.011723276674842867,0.003424402394176659
2006-12-18,0.00013319914638521265,0.07040596988811122,-0.012798673259349065,0.0001356640161772757,-0.011640682431105553,0.003424181673940236
2006-12-19,0.0001332150438619662,0.07042636886105356,-0.012795510299091716,0.00013573149545320032,-0.011618135349954886,0.003424549302374597
2006-12-20,0.00013317275958424563,0.07044411240566165,-0.012793253823659477,0.00013589202350892707,-0.011582113588865572,0.003423344292460444
2006-12-21,0.00013316011108099754,0.07046728410926419,-0.012790199474852411,0.0001361008037868626,-0.01151193475528535,0.003422703531514523
2006-12-22,0.00013318967633527275,0.07048788958278453,-0.012788281535521664,0.00013628992453774762,-0.011430044860649746,0.0034216543799475444
2006-12-27,0.00013321141141065294,0.0705092112035702,-0.01278589355600857,0.0001364090449085632,-0.011391568685980444,0.00342077617592008
2006-12-28,0.00013320054611734624,0.07052769094860478,-0.012783638787759545,0.00013639805364173394,-0.011349105633425172,0.0034200357841749364
2006-12-29,0.00013319866315782643,0.07054290657544449,-0.012780571936879325,0.00013643850214668928,-0.011315456491797993,0.003418863314471576
2007-01-04,0.0001331734461922863,0.0705679540414443,-0.012778068211187679,0.0001364387099609685,-0.011286386886866187,0.00341736201827152
2007-01-05,0.00013315905583882336,0.07058714966892374,-0.012776453546245722,0.00013632692386416132,-0.011261187449195437,0.0034166022425255495
2007-01-08,0.00013316748391599084,0.07059989221556826,-0.012774214245157949,0.00013634310193342576,-0.011230636632006463,0.003416212326949575
2007-01-09,0.0001331381177289503,0.07061442093238911,-0.012772029900666755,0.00013641857623422702,-0.011161813812703675,0.003416050219982005
2007-01-10,0.00013313028172906008,0.07063260522421386,-0.012770562513292848,0.00013648921665020648,-0.011115737404152823,0.0034157563309249826
2007-01-11,0.00013311627871391568,0.07064976673925888,-0.01276740734766452,0.00013659204899838868,-0.011052380221449942,0.0034142811364299146
2007-01-12,0.00013312689834659358,0.07067127765860842,-0.012765301873210363,0.00013665891643327823,-0.011002369023273256,0.003412588929200408
2007-01-17,0.00013313382109390244,0.07068844016230358,-0.012762865387217916,0.00013666563545743898,-0.010962218877934499,0.0034112635858912933
2007-01-18,0.00013315517285204483,0.07070797391246439,-0.012760236582474192,0.00013672219617834176,-0.010922050683950177,0.0034093753453887116
2007-01-19,0.00013318275010196212,0.07072345475315191,-0.012758287418567944,0.00013663184028559562,-0.010922286199102307,0.003408480916999167
2007-01-22,0.00013318278287248323,0.07074621038137767,-0.012756678408601677,0.00013665879431930467,-0.010887860252188283,0.0034083959969282047
2007-01-23,0.00013317692457375457,0.0707605928283763,-0.0127537322528274,0.00013680778580511918,-0.01085446185948001,0.0034068252673182756
2007-01-24,0.00013321084622661372,0.07077689920447887,-0.012750900608147294,0.0001367920391135849,-0.01081824106471349,0.003404621640796003
2007-01-25,0.0001332360673360338,0.07079717378667708,-0.012748659417139598,0.000136927176890291,-0.010740923766421773,0.0034036213798632423
2007-01-26,0.00013326419510822346,0.07081412840080314,-0.012746148066169334,0.00013689433306780745,-0.010699473006800478,0.00340219677357404
2007-01-29,0.0001332299564203241,0.07083283839456087,-0.012743384974342385,0.000136836966363097,-0.010651747985208751,0.0034008819211350846
2007-01-30,0.00013327407950854066,0.07084736606021846,-0.012741905919735204,0.0001367248901348031,-0.010600598027850183,0.0033989759277136926
2007-01-31,0.00013328422074201913,0.07086005141306963,-0.012739138080902568,0.00013675829342364826,-0.010572530081648088,0.003397643618640992
2007-02-01,0.00013329554785384103,0.07087558870898966,-0.012736571428061954,0.00013665453366515357,-0.010512977740052179,0.003396899418271782
2007-02-02,0.00013319746952080604,0.07089200435685382,-0.01273413176044811,0.00013672582691387822,-0.010459743230898447,0.0033952578024367365
2007-02-05,0.00013320738744695168,0.0709088993836228,-0.012732502608573771,0.00013676850442542596,-0.010378008301077712,0.0033946808654043746
2007-02-06,0.00013320011146473836,0.07093192175822122,-0.012729824573362776,0.00013676000548461362,-0.010290304316166371,0.003393583013185625
2007-02-07,0.00013318235673462212,0.07094654476652357,-0.012727328787891413,0.00013692532208105273,-0.01020066738154031,0.0033921804476862117
2007-02-08,0.0001332174241041145,0.07096501713763491,-0.012725104804932953,0.00013682319996906263,-0.010150394316475408,0.0033908659563552475
2007-02-09,0.0001332612072599202,0.07098811540007183,-0.012722146299036634,0.00013702420041366626,-0.010099455936669763,0.0033901265554218086
2007-02-12,0.00013324650459595037,0.0710059084996184,-0.01271911650684183,0.00013705730232588058,-0.010089500858651096,0.003389085526568634
2007-02-13,0.00013323833643196317,0.07101824235889319,-0.012716583581288077,0.0001372288554484678,-0.01004844030910712,0.0033884611589552437
2007-02-14,0.0001331851592159609,0.07103222465684797,-0.0127141196741541,0.00013721531293069117,-0.010030893371123797,0.003387755055081345
2007-02-15,0.0001332275809993057,0.07105094371750716,-0.01271118364664744,0.0001371942074815376,-0.009991004477049398,0.0033857802772545628
2007-02-16,0.00013320752244334354,0.07106833055848215,-0.012708490283250341,0.0001371363866510476,-0.009934336121301096,0.00338447789098264
2007-02-21,0.00013319524646142184,0.07108941662089531,-0.012705271487825727,0.00013716216866101465,-0.009899465642440056,0.003383283175528242
2007-02-22,0.00013318123034872386,0.07110789618034559,-0.012702266906712728,0.00013712226720680244,-0.009854266614907514,0.003381609104804795
2007-02-23,0.00013321794583893745,0.07112657188727718,-0.012699599673266214,0.00013726637099936842,-0.00979857473762255,0.0033805226602497828
2007-02-26,0.00013323060423377139,0.071144749063472,-0.012696507757885231,0.00013727673500153043,-0.00974164512680821,0.0033794877867958494
2007-02-27,0.00013321258094759668,0.07117002423644005,-0.012694481347788934,0.00013733511506978276,-0.009686072532599899,0.0033785487410871065
2007-02-28,0.00013315198627938322,0.07119208864812893,-0.012692348568068307,0.00013753128936939098,-0.009618016458375026,0.0033771673202113604
2007-03-01,0.00013312693175760343,0.071213785855955,-0.012688618816954426,0.0001374963779465304,-0.009558576699448082,0.0033757683669900992
2007-03-02,0.0001331461409375462,0.07123463131469568,-0.01268618098982958,0.0001375293048060548,-0.00947884281743952,0.0033744375350933543
2007-03-05,0.00013318023363782872,0.07125702716529744,-0.012682714327937774,0.00013765332865621317,-0.009448664725952599,0.0033732244468666637
2007-03-06,0.00013321951387859873,0.07127492853031198,-0.012679461955254476,0.00013764831595925998,-0.00941721475985946,0.003372352180299655
2007-03-07,0.00013320961343482861,0.07129411771903357,-0.012677194265318673,0.00013765127111816473,-0.009384055765226634,0.0033711629602058
2007-03-08,0.00013324329794204114,0.07131320998036535,-0.012674447895586732,0.00013756315922293128,-0.009327956242717733,0.0033695904711920598
2007-03-09,0.00013327495910293922,0.07133573756703585,-0.01267158091032231,0.00013760530113613727,-0.009309123459203608,0.003368664850582865
2007-03-12,0.00013335238799367782,0.07135525995217847,-0.012669300447258527,0.00013753018495915522,-0.009255966134168167,0.0033679648597582635
2007-03-13,0.00013333581046007063,0.07137730835127008,-0.012667018398043491,0.00013750797941098933,-0.009194380939898009,0.003365674488777549
2007-03-14,0.00013338132160395523,0.07139873797047949,-0.012665630681823343,0.00013758983058736058,-0.009119024301909737,0.003365102167912141
2007-03-15,0.00013338546475083596,0.07141514595087728,-0.012663627143144578,0.00013772074327105503,-0.009067417593204036,0.0033641556172276264
2007-03-16,0.00013339076297847223,0.07143453838000449,-0.01266127661027977,0.0001376783800986325,-0.009011938467400712,0.0033629736956650507
2007-03-19,0.0001333365134706549,0.0714572217404429,-0.012658280457227894,0.0001378400946214565,-0.008963290607976973,0.003361877497424471
2007-03-20,0.00013330715993805327,0.0714751632000585,-0.012655946527868408,0.00013788598116399947,-0.00889706069774919,0.0033604427449028173
2007-03-21,0.00013329406715175668,0.07149309744771559,-0.012653237348231261,0.00013788828537775362,-0.00884474072374078,0.0033578416288072835
2007-03-22,0.0001333213294268082,0.07151603457374048,-0.012650596022075557,0.00013792159231596098,-0.008800358290197485,0.0033563829959589505
2007-03-23,0.0001332918254876759,0.07153589476951075,-0.012648883170099951,0.00013792861066854633,-0.008813310815504113,0.0033544738088295157
2007-03-26,0.0001332458866902272,0.07155829221797622,-0.012646516494429202,0.00013793649683757338,-0.008769498179196589,0.0033527745661691283
2007-03-27,0.00013319363701730762,0.07157376326373906,-0.012644147702990409,0.0001379610112037549,-0.008739453823776805,0.003351264970388218
2007-03-28,0.000133170429445898,0.0715936944718515,-0.012641018730294776,0.000138310976411132,-0.008692188948479382,0.00335002666377432
2007-03-29,0.00013316022936789084,0.07161266403690261,-0.012638862259297508,0.00013837099982682617,-0.008648015284871247,0.0033476959374286637
2007-03-30,0.0001331440903322095,0.07163103428837758,-0.012636116288521173,0.00013828536058470146,-0.008635462236158908,0.0033465924232369305
2007-04-02,0.00013311858500150687,0.07165519253561496,-0.012633991502896838,0.00013835369513582696,-0.008633208012307936,0.0033452200984916075
2007-04-03,0.00013310633649544362,0.0716724002028994,-0.012632037174897382,0.0001384597822442762,-0.008582258395395961,0.0033437438773040624
2007-04-04,0.0001331517221381302,0.07169399864995815,-0.012629627930762702,0.00013862253640511773,-0.008525635780726348,0.0033416980533625823
2007-04-05,0.00013310403036239773,0.07171338931516925,-0.012627207154421768,0.00013886793898435157,-0.008490853115189434,0.0033393580873617565
2007-04-10,0.00013306786551073514,0.07173139399898384,-0.01262484861684979,0.00013888728532674398,-0.00846954547078875,0.00333763900171261
2007-04-11,0.00013304134433179772,0.07174787524580058,-0.012621720020852408,0.00013921143145868923,-0.008401459218788848,0.0033366941808062192
2007-04-12,0.00013301109338554066,0.07176726351038412,-0.01261890951109372,0.00013935095864243366,-0.008362521497554731,0.0033347471768440905
2007-04-13,0.0001329770129144018,0.07178404053765558,-0.012616751859334736,0.00013937500983163433,-0.008393224156733256,0.0033340074765435953
2007-04-16,0.00013287178143342685,0.07180519911142177,-0.012614487766477287,0.00013953182820610374,-0.008346753515149477,0.0033333597364096834
2007-04-17,0.0001328347063172078,0.07182449696327416,-0.01261151255681109,0.00013964366956715433,-0.008295058747546186,0.0033318296467185413
2007-04-18,0.0001328014149094401,0.07184627767377817,-0.012609472812584606,0.00013975270720726534,-0.008310193962106902,0.0033298960453134853
2007-04-19,0.0001327522279505637,0.07186807483982205,-0.012606609627793468,0.00013987206543146372,-0.008251581658083817,0.003328116633262547
2007-04-20,0.00013266973522023086,0.07188964790321627,-0.012603777279696686,0.00013994108628554035,-0.008237236862990424,0.00332664326272644
2007-04-23,0.00013261702259333136,0.0719092451382099,-0.012601278228547867,0.00014004470386855296,-0.008226817258977184,0.003325298174902363
2007-04-24,0.0001325516885996028,0.07192948670797095,-0.012598825869578742,0.00014019060504509215,-0.008204789256334222,0.0033226864903860157
2007-04-25,0.00013256173794452488,0.07194694628376358,-0.012597176323106363,0.00014033149565771758,-0.008157185718205742,0.003321114827350742
2007-04-26,0.000132487974456756,0.07196387503196579,-0.012593913030731258,0.00014058068562721327,-0.00808954337057785,0.0033200802721865203
2007-04-27,0.0001324405970477814,0.07198352845227661,-0.012591710377662546,0.0001406629719520102,-0.00801795716660908,0.003318480365725473
2007-04-30,0.0001324104400120933,0.07200277142986318,-0.012589295632708695,0.0001408707070001445,-0.007988826438325353,0.003316473716896821
2007-05-01,0.0001323655535217718,0.0720194346632508,-0.012587233363536482,0.0001409037933451364,-0.007973329500747403,0.0033142260986704685
2007-05-02,0.0001322987391229919,0.07204124234815497,-0.012583366472932194,0.00014090406177917104,-0.007967623326151252,0.0033126690856201727
2007-05-03,0.0001322722181759029,0.07206553155365332,-0.012581133976112106,0.00014090386291589955,-0.007933611388495396,0.003311308788673385
2007-05-04,0.00013223119148896874,0.07208090576714546,-0.012578552432449043,0.00014117540577296303,-0.007919752917115525,0.0033099707222573214
2007-05-07,0.00013215117906371863,0.0720994662733215,-0.01257615401326052,0.00014127273428632213,-0.007857031995421024,0.0033070877495779897
2007-05-08,0.00013207559947802405,0.07211464002889713,-0.012573726342019271,0.0001414644018864229,-0.007796714894168888,0.0033058144855164385
2007-05-09,0.00013209414845626716,0.07213308348631901,-0.01257092510428933,0.00014152242654670523,-0.00777738554762844,0.003303946087194529
2007-05-10,0.0001320929758134307,0.07215006819698061,-0.012568345289947559,0.00014153549317955116,-0.007748231214737611,0.0033024805944698696
2007-05-11,0.0001320942970713529,0.07217001117469782,-0.012566716974042519,0.00014164961027882285,-0.0077358277205722276,0.0033009111076878032
2007-05-14,0.0001320146553465798,0.07218586714515539,-0.012564255310591648,0.00014168118594515375,-0.007724099050445854,0.0032996985473749
2007-05-15,0.00013201741693955743,0.07219757269647907,-0.01256231907407014,0.0001417900152606776,-0.007687358831595964,0.0032970419225506987
2007-05-16,0.00013192321036026365,0.07221316307043169,-0.012559794981805872,0.00014190239454739753,-0.007603746851049836,0.003295923392855118
2007-05-17,0.00013193814199784483,0.07222708300650028,-0.012557234927217732,0.00014190293848340255,-0.007563629105201711,0.0032949625451485463
2007-05-18,0.00013187573036267284,0.072248587285333,-0.012554237484640678,0.00014199712868617244,-0.007524809518578604,0.0032932905372411994
2007-05-21,0.00013179651136202466,0.07226819438117373,-0.012551201395631022,0.0001421094204482114,-0.007478775166204113,0.003291615019483516
2007-05-22,0.0001317587220148856,0.07228459758959488,-0.012548796063298149,0.000142229508177083,-0.007426094180209383,0.003290346481206209
2007-05-23,0.00013172394501047237,0.07230447672321105,-0.012546633673698565,0.00014218569288386722,-0.007364216979891411,0.0032889895147122155
2007-05-24,0.0001317188422632719,0.07233049528902036,-0.012543236396115107,0.00014224506548857354,-0.007348583888845336,0.0032877039041744357
2007-05-25,0.0001316687882053544,0.07234911347644225,-0.012539523291300985,0.0001422361016203252,-0.007300194201377355,0.003286190100074261
2007-05-30,0.00013164072864216858,0.0723678862968054,-0.012537326205676427,0.00014241319977085639,-0.007282455173838076,0.003284623785344558
2007-05-31,0.00013157866090343135,0.07238948336859913,-0.012534729421255964,0.0001424661690337497,-0.0072276582974576675,0.0032831411586792475
2007-06-01,0.0001315267120010001,0.0724067087043128,-0.012532243000461345,0.00014247656107063564,-0.007198547903930638,0.003281306048766539
2007-06-04,0.0001314829721286406,0.07242258340641655,-0.01252891778833086,0.00014249409282927092,-0.00714678512582928,0.003280910441483577
2007-06-05,0.00013142453953233062,0.07244266106715656,-0.012526756521086974,0.00014258061818048752,-0.007128940314458501,0.003279586098475544
2007-06-06,0.000131381170862132,0.07246111383668637,-0.01252420661253579,0.00014272456693387387,-0.007102077466991305,0.00327818213732676
2007-06-07,0.0001313365150617154,0.07247656414562549,-0.012521083371731422,0.00014286035575738316,-0.00703520357365775,0.0032771488062138866
2007-06-08,0.00013126047441427318,0.07250039533133014,-0.012518553528674852,0.0001429878531336833,-0.007020914107415774,0.003275215366211482
2007-06-11,0.00013121882971268295,0.07252046162519285,-0.01251634576044274,0.00014309623605828905,-0.006998546792169366,0.0032739006541310746
2007-06-12,0.00013120718383601238,0.07254027409046133,-0.012514045322706462,0.0001432818525888901,-0.006941575555038312,0.0032719220489388994
2007-06-13,0.00013115057393711842,0.07255980564020839,-0.012511484753355118,0.00014326517406932244,-0.006875217102174716,0.0032698619480416207
2007-06-14,0.00013115026783320097,0.07258413917703214,-0.012509790312737518,0.00014337858064090696,-0.006831493095600438,0.0032677031505886677
2007-06-15,0.00013114351111545146,0.07259912529612902,-0.01250699390812266,0.00014334607819885097,-0.0068192722493497365,0.003266352278347159
2007-06-18,0.00013113368380073069,0.07261742060821962,-0.012504985823350898,0.00014342762041461037,-0.006763121110932607,0.0032640383295696037
2007-06-19,0.00013115600832120113,0.07263669518534781,-0.012502676347250519,0.00014340573503609982,-0.006722409140713301,0.0032627017366182957
2007-06-20,0.0001311373467472037,0.07265160957456669,-0.012500554724065709,0.00014350878532563336,-0.006658298074451646,0.0032609191499635634
2007-06-21,0.0001311335495994427,0.07267023693673111,-0.012498139530515307,0.0001436152311228392,-0.006590009903447339,0.0032597477981550172
2007-06-22,0.00013113088410859116,0.07268007964178479,-0.012495321135505407,0.00014360181689147125,-0.006559061591027926,0.003257533861390471
2007-06-25,0.00013105181375699655,0.07270221291812354,-0.012492769841911602,0.0001436913334000956,-0.006534232818699762,0.0032562437682311356
2007-06-26,0.0001310044694030216,0.07272297250155782,-0.012489902212080102,0.00014377267675680806,-0.006486554794924548,0.003254278838801939
2007-06-27,0.00013101994561464305,0.07274483327020513,-0.01248665345501205,0.0001437804608654273,-0.006470363611939589,0.0032516685270679167
2007-06-28,0.00013095023540892799,0.07277237104562571,-0.01248387485951411,0.00014383188134323862,-0.006460505110622405,0.0032494171544875878
2007-06-29,0.00013089272703791942,0.0727915533897073,-0.012480757470567547,0.0001438184849586594,-0.006408692891449422,0.003247174785963379
2007-07-02,0.0001308151695347134,0.07281572130120446,-0.012477874305395091,0.00014389149730954404,-0.006412875039642968,0.003244493497536688
2007-07-03,0.00013075687224924656,0.07283910878081623,-0.0124756543058935,0.00014386731236320257,-0.006406661101253083,0.0032421456321993364
2007-07-06,0.00013070183239667396,0.07286333528851809,-0.012473215283776009,0.00014401095261152072,-0.006372318843731892,0.00323951203373329
2007-07-09,0.00013067856642425777,0.07288283850958811,-0.012470531117339652,0.00014416303390543016,-0.006348966800698658,0.0032369605591003143
2007-07-10,0.00013064548070056638,0.07290285571338968,-0.01246753667512481,0.00014428565403265563,-0.0063013937736672715,0.0032349733902032503
2007-07-11,0.00013064204432807825,0.07292610716876596,-0.012464683358463803,0.00014439734089815104,-0.00624796898039312,0.0032325910348020084
2007-07-12,0.0001306411314247719,0.07294781519717136,-0.012461548661916576,0.00014451219471685377,-0.006210516354178533,0.003230335192936265
2007-07-13,0.00013058303834520462,0.07296615273834473,-0.012459240621156055,0.00014457980675849328,-0.006199130139923625,0.003227907143972711
2007-07-16,0.00013053437633152868,0.07298539015544467,-0.012456961123815065,0.0001448137579667982,-0.006176497058992536,0.003225925859817345
2007-07-17,0.00013050937415613422,0.07300588667936615,-0.01245416681968176,0.00014493061382757965,-0.006180761602852261,0.003223933308319175
2007-07-18,0.00013042412699497386,0.07302424613382051,-0.012451331507778968,0.00014510997242692824,-0.006167291875430997,0.003221062210362464
2007-07-19,0.0001304363345341567,0.07304667791983324,-0.012448402240641773,0.0001453032267105638,-0.006143351288916785,0.0032189068792578797
2007-07-20,0.00013041852535686599,0.07306349050939276,-0.012445455341421384,0.0001455729678977524,-0.006136589493124553,0.0032166192786114017
2007-07-23,0.00013039200673756757,0.07308345709340719,-0.012443018890025677,0.0001455991433545793,-0.006069392886580441,0.003214165194246472
2007-07-24,0.00013031239192938586,0.0731024552595096,-0.01244032038857148,0.0001459032186047113,-0.00607872309027345,0.003211866028032231
2007-07-25,0.00013023906106488325,0.07312211915158714,-0.012437719823762808,0.00014602780862803212,-0.006086993742426633,0.0032084015024051718
2007-07-26,0.0001302414758145248,0.07313996090641203,-0.012434666059545128,0.00014597260300716855,-0.006096076276388626,0.0032060681098806153
2007-07-27,0.0001301618604944255,0.07316325520449636,-0.012431924265590066,0.00014622300918360287,-0.006068146987801726,0.0032045227942218892
2007-07-30,0.0001300892214459433,0.07318059343161247,-0.012429877897393317,0.0001461478515782523,-0.006100204340626414,0.003202292180252378
2007-07-31,0.0001300266404064491,0.07320056129271231,-0.012426968411579102,0.0001462328447245785,-0.006076425680877268,0.0032000315076581697
2007-08-01,0.00012994806150858299,0.07322058768158934,-0.012424213207772797,0.00014642899167654743,-0.006060322743060273,0.003197903562604661
2007-08-02,0.00012987106687540814,0.07324191791135955,-0.012421443245495116,0.00014652359327127262,-0.0060463131565421935,0.0031949682856620134
2007-08-03,0.0001298436987661351,0.07326517334316628,-0.012418816718031354,0.00014658997851640308,-0.0060083650708673275,0.003193101530784153
2007-08-06,0.00012978138565822626,0.07328902796282395,-0.012415856678408478,0.00014663200639963674,-0.005978407181490897,0.0031914203928607
2007-08-07,0.00012972820489267145,0.0733084776488823,-0.012412675725230162,0.00014686240189367493,-0.005971383052942036,0.0031892879524498654
2007-08-08,0.0001296470618980115,0.07333280038627225,-0.01240993177059677,0.00014685434498547674,-0.005923087791276677,0.003187152810009096
2007-08-09,0.00012959831922483944,0.07335665091215733,-0.012407152890763771,0.0001469893910676141,-0.005911214277711727,0.0031842924530443443
2007-08-10,0.0001295853391650596,0.07337991058252186,-0.012404608125046887,0.00014700814907815505,-0.0058449630724354,0.0031810252356388687
2007-08-13,0.00012956205539056014,0.0733975750889438,-0.012402823629836756,0.00014715049321164473,-0.005830079981574532,0.003180194096278229
2007-08-14,0.00012953140305933363,0.07341551245563221,-0.012400280609276957,0.00014732644664354166,-0.005806516001474096,0.0031780369625594427
2007-08-15,0.0001295232841860896,0.07343435618028281,-0.012398095662924205,0.00014736495384567004,-0.005797412825968101,0.0031753588285204975
2007-08-16,0.0001295039734579036,0.07345753337986806,-0.01239611223599451,0.00014741322912777732,-0.0057653887106892815,0.003172515554761933
2007-08-17,0.00012942597818988566,0.07347577157826844,-0.012393967855448513,0.00014743216587570753,-0.005720034173455055,0.003170527396229283
2007-08-20,0.0001293938534711773,0.07349014834521908,-0.012391958371056368,0.00014745226300904674,-0.005661898587449574,0.0031678818862845744
2007-08-21,0.00012940762693124775,0.07351108702224741,-0.012389642807110376,0.0001476432526178965,-0.0056020261592129444,0.003165975043315547
2007-08-22,0.0001293605395504355,0.07353042901646027,-0.012387876607318877,0.00014767680457547502,-0.005538035095839902,0.003163929059039822
2007-08-23,0.00012936632945568702,0.07354714091824342,-0.012385693105233807,0.000147817496448538,-0.005485657359037388,0.0031621855967577488
2007-08-24,0.00012928954156694655,0.07356242667346644,-0.012383026944532189,0.00014793475839634254,-0.0054479531863503294,0.003160672498296708
2007-08-27,0.00012926741959675558,0.07357879995560591,-0.01238109227098992,0.00014804536799884854,-0.005399756971077668,0.003158417993253868
2007-08-28,0.00012915354808484136,0.07359842599179775,-0.012379126285321382,0.0001481904789195961,-0.005366101825629799,0.0031562692859441657
2007-08-29,0.00012908271807527113,0.07361602777462728,-0.012376456908845083,0.00014843937355086737,-0.005302585849000854,0.003154948865382743
2007-08-30,0.0001290063469038716,0.07363510214422399,-0.012373861857514453,0.00014856322182230618,-0.0052709834669993905,0.0031532631299879027
2007-08-31,0.00012892339861547242,0.07365843218573057,-0.0123710565975444,0.00014862765200375616,-0.005237251895592959,0.0031516108919505876
2007-09-05,0.00012892398755741608,0.073680455701981,-0.012367915258888066,0.0001487577227100466,-0.005211948906260505,0.0031487717817239554
2007-09-06,0.00012889705907375397,0.07370034028325187,-0.01236538147611338,0.00014883217828783269,-0.005198766016600007,0.0031461143250516195
2007-09-07,0.00012882383588512365,0.07371053014442547,-0.012363329205028648,0.00014903525888248478,-0.005171927491129699,0.003144506178497771
2007-09-10,0.00012879782212157922,0.07373377922610949,-0.012361402730742809,0.00014909872408865553,-0.00519123525077711,0.003142833014815615
2007-09-11,0.00012872523540939277,0.0737542673246164,-0.012359384043670015,0.00014910325948043094,-0.005171494063202928,0.003141222252660739
2007-09-12,0.00012869476387897906,0.07377137282668063,-0.012356633891683993,0.00014928052467030442,-0.005128616270588818,0.00313876318060551
2007-09-13,0.00012865012935756102,0.07378851737978859,-0.012354071244943993,0.00014944948996085635,-0.00510638190416636,0.0031366145147489768
2007-09-14,0.00012858732978650208,0.07380451400446236,-0.012351675293897864,0.0001493927686440715,-0.005092127020087378,0.003135070911038248
2007-09-17,0.00012853529364558326,0.07382525645354986,-0.012349591964296086,0.00014943643365641812,-0.005055060425426375,0.0031338687743490707
2007-09-18,0.00012850085071167833,0.07383892764928832,-0.012348060092423478,0.00014952692610114738,-0.0050328310736159065,0.0031321747976683894
2007-09-19,0.00012842432644433633,0.0738622479727822,-0.012345312556216783,0.00014972425863351405,-0.005033060889831659,0.0031298076349600265
2007-09-20,0.00012834656093643182,0.0738821455541483,-0.012342782901122718,0.0001497829185112966,-0.005028136998865035,0.003127955232743918
2007-09-21,0.0001283191252070103,0.07390054559731363,-0.012340643905294185,0.0001497878304026277,-0.005064450781924343,0.003125806648365987
2007-09-24,0.0001282438619280689,0.07391599346589194,-0.012337313509733421,0.0001499575234724977,-0.0050302878030314135,0.0031244889295797503
2007-09-25,0.0001282182922031288,0.07393503730670074,-0.012334273859145525,0.0001499390986839088,-0.005039523333902965,0.003121986528093466
2007-09-26,0.00012813720726205475,0.07395742038233348,-0.012332030858920411,0.0001499897253685468,-0.0050457740801375245,0.0031201075522039757
2007-09-27,0.00012813256687055515,0.07397693968292862,-0.012330122329469648,0.00015015984816351864,-0.005016574568299945,0.0031176774841168223
2007-09-28,0.0001280802594131965,0.07399868501476575,-0.012327547991071802,0.00015026755621151127,-0.005016697829313091,0.0031156328223208365
2007-10-01,0.000128026042418738,0.07402311929167837,-0.012325512896479542,0.00015040315195955458,-0.005063488914525072,0.003113342028813748
2007-10-02,0.0001279301642614883,0.0740375421932505,-0.012323596207797322,0.00015049168306513082,-0.005089271729281891,0.003111464034818398
2007-10-03,0.00012788767273493994,0.07405958718784161,-0.012321495332727854,0.00015073483330007388,-0.005124354060232553,0.003109246847046683
2007-10-04,0.00012777728063232945,0.0740799911064392,-0.01231974306780696,0.00015086420715411058,-0.005110301770565984,0.0031075477170370135
2007-10-05,0.0001277071252987018,0.0740972858740302,-0.012317646626985817,0.00015105080788041544,-0.005114579424354615,0.0031051100597578605
2007-10-10,0.00012761321384204276,0.07412063647643154,-0.01231545547301563,0.00015119727005371677,-0.005139040371494111,0.003102802909050846
2007-10-11,0.0001276091673875066,0.07414119994248324,-0.012313531944211878,0.0001512176566328793,-0.005165133641285388,0.003101177006578412
2007-10-12,0.00012753242314947043,0.07416468453651084,-0.01231110712113586,0.00015137526054423067,-0.0052318200127703385,0.0030983286925790592
2007-10-15,0.00012748507772847705,0.074184330143037,-0.012308711564251335,0.00015148455231498795,-0.005218603769104407,0.0030965334572874556
2007-10-16,0.0001274500366320954,0.0742012640130072,-0.012306864701146643,0.000151657692470849,-0.005233590488565726,0.003094928613171664
2007-10-17,0.00012736196940128436,0.07422363569739035,-0.012303923048187117,0.00015178709926373857,-0.005226798377680392,0.003092787666414341
2007-10-18,0.0001272978111839368,0.07424332863832034,-0.012302262306722865,0.00015199339748155663,-0.005247018105086626,0.0030908151477939284
2007-10-19,0.00012723934319358127,0.07426369882382534,-0.01229991944266124,0.00015199724502255296,-0.005287906083902644,0.0030887548468336665
2007-10-22,0.00012719415857219207,0.074282726416994,-0.01229717136476687,0.0001520914704574837,-0.0053175341800059395,0.003086418400718602
2007-10-23,0.00012713250487943596,0.07430219957742837,-0.012294964497058667,0.00015230078587326343,-0.005328161479170465,0.0030838437949400575
2007-10-24,0.00012705966185636797,0.07432074339752806,-0.01229315683610577,0.00015237381804113543,-0.005362728925484048,0.0030816070693289424
2007-10-25,0.00012700738867145738,0.07433896515839619,-0.012291388790610886,0.00015236935428887766,-0.005445220301803139,0.0030789871552879006
2007-10-26,0.00012689387065268834,0.07435651810673095,-0.01228955617478328,0.00015240738565653106,-0.0054671571866091034,0.0030775232525575473
2007-10-29,0.00012685419229696896,0.07437887365584862,-0.012287484721144175,0.00015247717921077408,-0.005501566833765403,0.003075876066346669
2007-10-30,0.00012677696046878265,0.0744046094433312,-0.012285406915436661,0.00015259169868404412,-0.0055406097435859725,0.0030737726517929666
2007-10-31,0.00012673470695192117,0.07442197855439,-0.012282339561871945,0.0001526845605605876,-0.005578624869729515,0.0030715914623844747
2007-11-01,0.00012663905824833314,0.07444395256604174,-0.012280436582286463,0.00015292077097282488,-0.0055897597348198574,0.0030696901861112635
2007-11-02,0.00012655242782754443,0.07446001273058953,-0.01227753572163921,0.00015314174694995136,-0.005624029412372791,0.00306809738714349
2007-11-05,0.00012646885120297925,0.07448121335556493,-0.012274909922375938,0.000153270922113633,-0.005624105083082254,0.0030656846333255074
2007-11-06,0.0001264335310418603,0.07450139652642408,-0.012273141958937715,0.00015332572797479188,-0.0056831109317502515,0.003063611483703756
2007-11-07,0.00012634099829019198,0.07451732733406903,-0.012271275118908008,0.00015345056409612513,-0.005707016319487168,0.0030605267996396176
2007-11-08,0.0001262850228530964,0.07453714583102741,-0.012269206346645814,0.00015342926640222137,-0.005749121448503827,0.003058246140243219
2007-11-09,0.00012617880910005658,0.07455561400257178,-0.012265997532244052,0.00015355090508968123,-0.005783891146652301,0.0030552933264379988
2007-11-14,0.00012608232518674563,0.07457709381279602,-0.012263726844676427,0.00015353471869118828,-0.005865636200713731,0.003053103635273666
2007-11-15,0.00012601762310676258,0.07459841829348435,-0.012262141954135228,0.00015364212056751214,-0.005929500080909325,0.0030513198936510818
2007-11-16,0.0001259806476743375,0.07461551291969526,-0.012260886428626971,0.00015373996340712847,-0.006029200586472702,0.003049095092411299
2007-11-19,0.00012589352848803358,0.07463704165988967,-0.012258368978504682,0.0001539056105619578,-0.006115637481418079,0.003046596618307907
2007-11-20,0.00012583036062272613,0.07465488646386095,-0.012256603490309702,0.00015400127328303023,-0.006148157038433522,0.003045059692858528
2007-11-21,0.00012570182369614854,0.07466797021365505,-0.012254858008771831,0.00015409810080665157,-0.0061959864550032995,0.003042860545819143
2007-11-26,0.00012557406691683144,0.07468466122652587,-0.012253084470339284,0.00015439413242377342,-0.006242625802853716,0.0030406371334509396
2007-11-27,0.00012543374448883984,0.07470750200952841,-0.012250489804127665,0.00015455029060227812,-0.006326528118266894,0.0030383206816843597
2007-11-28,0.00012530804439730801,0.07472574107611765,-0.012248452908628433,0.00015466852285865124,-0.006375985347362917,0.0030377763690516563
2007-11-29,0.000125221342628051,0.0747505036234445,-0.012246582888032508,0.00015473881781486484,-0.006423707897190906,0.003035523461323064
2007-11-30,0.00012513892815453278,0.07476751772397511,-0.012244788084760486,0.00015488630983760026,-0.006510268653052528,0.0030342653803977814
2007-12-03,0.00012512805527791824,0.07479759951174106,-0.012242480153910221,0.0001549581402592135,-0.006595504600084831,0.0030317722849140553
2007-12-04,0.0001250301702664618,0.07481842972272883,-0.012240930114042864,0.00015506597175754403,-0.006671415597233943,0.0030293482402565263
2007-12-05,0.00012498854915036714,0.07484127568562376,-0.012239188099237285,0.00015508759916921401,-0.006713890664383201,0.003026761024937604
2007-12-06,0.00012491173034778898,0.07486294021456497,-0.012236608841998663,0.0001550391108666503,-0.006738426048580992,0.003024300418831609
2007-12-07,0.00012481863683498043,0.07488892719199723,-0.012234538061101875,0.00015531113038481814,-0.00678076660473291,0.003021572045021709
2007-12-10,0.00012473762840548047,0.07490853701784426,-0.012232931380220172,0.0001553053390369025,-0.006829320155548629,0.003018325312607698
2007-12-11,0.00012469392657828452,0.07492974886452242,-0.012230340621984345,0.0001554886880851298,-0.006854944141641034,0.0030157003137549826
2007-12-12,0.00012463310590007498,0.07494811346466153,-0.012229250036466093,0.00015557929169741731,-0.006910536682524046,0.003013594567944675
2007-12-13,0.00012449533302343486,0.07497049301313902,-0.012226458817480319,0.00015563210828045012,-0.006939726807516519,0.003011827696291207
2007-12-14,0.00012443400688215019,0.07498955292297216,-0.01222414696566871,0.00015566068992824416,-0.006989561039670439,0.003009754413025758
2007-12-17,0.0001243630100807469,0.07500907455385292,-0.012222172252972436,0.00015574392317746353,-0.007033115102406867,0.0030077191573296587
2007-12-18,0.00012428298724131688,0.07502906391989618,-0.012219663954530575,0.0001558999817986021,-0.007036582414044326,0.0030053144317574746
2007-12-19,0.00012422128884424487,0.0750503086525425,-0.012217660725845906,0.00015617838804759637,-0.0070308151009865205,0.0030030207522038764
2007-12-20,0.00012416061111703586,0.07507005557316092,-0.012215375393730795,0.00015628077016321452,-0.007052337288541974,0.003001046627945989
2007-12-21,0.00012405494263438853,0.07508564076554841,-0.012213012183013952,0.000156368571460562,-0.007076143498683046,0.0029990921114807076
2007-12-24,0.0001240350805907244,0.07510269321629116,-0.012210969496755725,0.00015658710047002574,-0.007088434839265828,0.002996296590518822
2007-12-27,0.00012394764772643982,0.07511576300811458,-0.01220904403200322,0.00015670891925348275,-0.007087687913231236,0.002994514064420887
2007-12-28,0.00012386945690969468,0.07513346196756228,-0.012206982234571187,0.00015680512495720256,-0.007132160165117654,0.002992101774607139
2007-12-31,0.00012378178224265308,0.07515782122121613,-0.012203715228264767,0.0001571022107636707,-0.007128618724949173,0.0029898507624600973
2008-01-03,0.0001237383240099934,0.07517628153245427,-0.012202441976121251,0.000157126290846082,-0.007159650513921451,0.0029877771859385515
2008-01-04,0.00012364790203316832,0.07518741066890773,-0.012199361145709438,0.0001572632980553893,-0.007206084692937723,0.002985345280421271
2008-01-07,0.00012354789669640623,0.07520620250750559,-0.012197654083851706,0.00015738496421323624,-0.007219084629397757,0.0029837572182178315
2008-01-08,0.00012349162355592194,0.07522334864419108,-0.012194926138646858,0.00015757238659810713,-0.007262665049899739,0.002980526524716499
2008-01-09,0.0001234135951370432,0.07524362625840181,-0.01219305742047967,0.00015765164022589037,-0.007298478738141934,0.0029784895005211713
2008-01-10,0.00012339366744717846,0.07526327257271533,-0.012190371754971839,0.00015784527120812762,-0.007320468954927259,0.0029764378840695443
2008-01-11,0.00012335471697909054,0.07527939607526703,-0.012188136037260761,0.00015808389935527715,-0.007353301974635865,0.0029734091997855464
2008-01-14,0.00012334749250665424,0.07529798620095662,-0.012185561378402673,0.0001581575344802376,-0.007385812684178927,0.0029707711547003997
2008-01-15,0.00012327584033789386,0.07532270927663288,-0.012183715718091171,0.00015831477665289854,-0.007422119312074066,0.002968574571953096
2008-01-16,0.00012322720739091665,0.07534736195554508,-0.012181242495764986,0.00015848360650728396,-0.007476442951933282,0.0029662674430139284
2008-01-17,0.00012315495431344475,0.0753785029283822,-0.012178818959203058,0.00015855333467359095,-0.007550769489938547,0.002964207749151679
2008-01-18,0.00012307700599508992,0.0753952351568463,-0.012176198821506534,0.00015885752833766606,-0.00761042992982619,0.0029619067601436033
2008-01-23,0.00012303006639678647,0.07541478719222655,-0.012173825278035398,0.00015914807279722223,-0.007654882511305278,0.0029605103961726394
2008-01-24,0.00012291959174439134,0.07543845166941446,-0.012170894459494905,0.00015921651883022957,-0.007681051094445904,0.0029575633025138736
2008-01-25,0.0001228444804746067,0.07545706370289035,-0.012168536314990127,0.0001594267389562102,-0.007722180462721023,0.0029543265066036837
2008-01-28,0.0001227733037083445,0.07547702420822325,-0.012166351698389626,0.00015960554629493613,-0.00772333663864401,0.002952197363434465
2008-01-29,0.00012269302999536172,0.07550058275945196,-0.012164381285749839,0.00015966638214468155,-0.007763798206586681,0.002951356475261511
2008-01-30,0.00012267141656873275,0.07552108829089685,-0.012161723693546454,0.00015983035839848696,-0.007795001832882911,0.002949745956052631
2008-01-31,0.00012255925794695492,0.07554124114660606,-0.012159788713008955,0.00015993414715756205,-0.007797448017540426,0.002946860790994131
2008-02-01,0.00012243855505080918,0.07556232165947802,-0.012157367764954014,0.00016008963447630586,-0.007839079774313806,0.0029449047423099183
2008-02-04,0.00012237114417047512,0.07558117712479644,-0.012155149849405415,0.00016017140349460534,-0.007923342449221896,0.002942257433195406
2008-02-05,0.0001222656077814541,0.07560223664049817,-0.012153117471024395,0.00016027900940245366,-0.008000000742928642,0.0029404247997365856
2008-02-06,0.0001221532686177469,0.07561909283726173,-0.012151504312370873,0.00016032446253854183,-0.008018714955740178,0.0029386083119621164
2008-02-07,0.0001220816788591107,0.07564050434568374,-0.012149295777812682,0.00016021199858809378,-0.008065413793547194,0.00293636869784624
2008-02-08,0.0001220313034246738,0.07565754736850423,-0.012146592922273275,0.00016040278581813455,-0.008109645195229762,0.00293416389745709
2008-02-11,0.0001219875083786047,0.07568038917385199,-0.012144251268338633,0.00016050734280023153,-0.008157937612791585,0.00293207605593768
2008-02-12,0.00012191736513275889,0.07570506297591792,-0.01214177890332272,0.00016055428068438663,-0.008195821685599944,0.0029296318223898114
2008-02-13,0.00012189321897474042,0.07571904851165363,-0.012139701156429638,0.0001606597387534769,-0.0082713869439833,0.002927517335471072
2008-02-14,0.000121868749445495,0.07574096650860049,-0.012137503258918263,0.00016086906354454653,-0.00827953150166269,0.0029249022413614274
2008-02-15,0.00012179401721381213,0.07576083844005214,-0.012135146878340471,0.0001611370395380264,-0.008339906156005383,0.0029224501085781253
2008-02-20,0.00012173544289794275,0.07578431584369939,-0.012132978515314368,0.0001612482330181564,-0.00837088653246694,0.0029200683102549255
2008-02-21,0.00012167328015339202,0.07580327682918278,-0.012131197473346348,0.00016138452420522142,-0.00841743419689224,0.0029170491952762857
2008-02-22,0.0001216087945460029,0.07582428140080064,-0.012128568785385626,0.0001616097433983624,-0.0084378142674751,0.002914855675969313
2008-02-25,0.0001215430249732787,0.0758470209015028,-0.012126786027731372,0.00016183893678001888,-0.008442020458403726,0.0029125478840497593
2008-02-26,0.00012150603539495182,0.07586885514323789,-0.012125365181087998,0.00016208530222826126,-0.008475542922700391,0.0029102892839780858
2008-02-27,0.00012142531448481006,0.07588936663883822,-0.012123060232631587,0.00016220665361563088,-0.008492343763834356,0.002907745580094795
2008-02-28,0.00012131723950759059,0.07590845263228424,-0.012120628120236501,0.0001624219148143584,-0.008575715193032102,0.0029052412384021732
2008-02-29,0.00012122254124761643,0.07592923875450588,-0.012118871629218873,0.0001626512921636334,-0.008615372127557724,0.0029030235435519463
2008-03-03,0.00012115842585174548,0.07595349414842056,-0.012116459296700374,0.00016276515104528017,-0.008670480877258496,0.002901343989840876
2008-03-04,0.0001210593864610392,0.07596745871274983,-0.012114520972234425,0.0001630182439486323,-0.008762488378282599,0.0028990070027211544
2008-03-05,0.00012101036051502981,0.07599038539218317,-0.012112367650433217,0.00016314903070257454,-0.00881075300784255,0.0028968611527022997
2008-03-06,0.00012092807193688933,0.0760147152134655,-0.012110170436837684,0.00016324776261677454,-0.008844758267234992,0.002894671657699774
2008-03-07,0.0001208925129544407,0.07603572695450429,-0.012107868607030038,0.00016326131009922917,-0.008913443378545105,0.0028926119503648972
2008-03-10,0.00012085391408846645,0.0760578489778696,-0.012104846817307944,0.00016342352604406345,-0.009010850899910036,0.002890426383857919
2008-03-11,0.00012078466287168361,0.07607880372673562,-0.01210298259835373,0.00016357478203098531,-0.009079712771917298,0.0028880750764842178
2008-03-12,0.00012073966543643983,0.07609599347278882,-0.01210128761093967,0.00016371997654246202,-0.00913120712994804,0.0028859003273210434
2008-03-13,0.00012067218677894328,0.07611790645667711,-0.01209886537073032,0.00016367538657871956,-0.009217425433939164,0.002883187351402433
2008-03-14,0.00012059969333795618,0.07613928898883515,-0.012096757254912946,0.0001637707614398839,-0.00928074628931308,0.0028810667950839386
2008-03-17,0.00012049297763515939,0.07616240268681619,-0.01209420996267379,0.00016382484795366323,-0.009359820912012554,0.002878483807360276
2008-03-18,0.00012046986547422668,0.07618365072052398,-0.012092176915904375,0.00016387987337099778,-0.00937030140411925,0.002876341370743145
2008-03-19,0.00012042455606658188,0.07620057873195386,-0.012090314301138508,0.00016408289306564736,-0.009449772070818804,0.0028743848033725736
2008-03-20,0.00012032102853105317,0.07622148868953744,-0.012088369049635868,0.00016433342867431608,-0.009501938965402038,0.0028722214675334663
2008-03-25,0.00012022201227512941,0.07624443740699875,-0.012085308708711209,0.00016443378070511147,-0.009568852572184677,0.002870033167976403
2008-03-26,0.00012018354107725903,0.07626048856033407,-0.012082747136467474,0.0001646003002565107,-0.009639347826841158,0.002867968768094236
2008-03-27,0.00012009802308318035,0.07627942090850784,-0.012079813745578533,0.0001646541186850725,-0.009721729476375895,0.002865447722525679
2008-03-28,0.00011999522290555532,0.07630577677870828,-0.012077529518522005,0.00016485886270387997,-0.009764991555320957,0.002864062579597856
2008-03-31,0.00011992332038125361,0.07632733864303677,-0.012075173929359641,0.00016500030231166268,-0.009812909737260872,0.0028614531080275083
2008-04-01,0.00011985083702370156,0.07635175409238801,-0.012072734949218608,0.00016513051391879875,-0.009892326957835637,0.0028594665022484552
2008-04-02,0.00011976290242219411,0.0763681350563815,-0.012070405647774896,0.00016540567087600525,-0.00992060535004527,0.002856925548928446
2008-04-03,0.00011970727493544091,0.07638844172544026,-0.012068312246357436,0.00016555149511999684,-0.010032271499340537,0.0028542891810945698
2008-04-04,0.00011963860693838018,0.07640701298043925,-0.012065377221989634,0.0001658043039530862,-0.010092287608273576,0.0028516350322073344
2008-04-07,0.0001195696233382181,0.07642871357885038,-0.012063055067418178,0.00016593965009875148,-0.010166029792037401,0.0028488348860122295
2008-04-08,0.00011950657267710061,0.07644767647935741,-0.012060429930168672,0.00016617083253936965,-0.010263368106351797,0.0028469362084014523
2008-04-09,0.00011944678470612546,0.07646745190563135,-0.01205862196770541,0.0001663103835699833,-0.010285760603260155,0.0028452061375369908
2008-04-10,0.00011935618250317695,0.07648543778310857,-0.012056294154579284,0.00016643171318825607,-0.01036420243103428,0.0028424384384273887
2008-04-11,0.0001192771588242678,0.07650903601069761,-0.012054293183614223,0.00016654038370076752,-0.010426964299353872,0.0028400329951555853
2008-04-14,0.00011921181113419544,0.07653508271420416,-0.012051704855119206,0.00016664860503880666,-0.010488763127392081,0.0028368327311015717
2008-04-15,0.00011916281646409612,0.07655389217995029,-0.012048985340019724,0.0001667363543081351,-0.010565913835307889,0.0028338241084041914
2008-04-16,0.00011906297188518148,0.07657238366374455,-0.012046812015776004,0.0001670735111126178,-0.01059390584832258,0.002832099543101959
2008-04-17,0.00011898026618515594,0.07659674672898716,-0.01204509800045244,0.00016703711075187851,-0.010656563848227704,0.002829859758936141
2008-04-18,0.00011894085932975263,0.07661621429084034,-0.012043637881080451,0.00016718878897466663,-0.010743340878662869,0.0028276819431557864
2008-04-21,0.00011889641167251252,0.07664465769717434,-0.01204069557170732,0.00016745174263552016,-0.010854158177234077,0.0028244507922761944
2008-04-22,0.0001188398534832488,0.07666665266074438,-0.012038199154999771,0.00016755429012217736,-0.01094345748078425,0.002822694087706232
2008-04-23,0.0001187891516588437,0.0766923218558171,-0.01203608267009831,0.00016768590234953032,-0.011024777531185331,0.0028198337933033183
2008-04-24,0.00011867900084909088,0.07671562628402255,-0.012033182025041434,0.0001678495519584777,-0.011034602552683043,0.0028174739402983297
2008-04-25,0.00011860401191141106,0.07673696089788914,-0.012030622594292112,0.0001679666115424059,-0.011077255657783405,0.002814776733725663
2008-04-28,0.00011851341072381385,0.07675691990932597,-0.012028398218294883,0.00016816049364586135,-0.011126468051537705,0.0028121826102130137
2008-04-29,0.00011845109519589427,0.07677598204555446,-0.012025830467200373,0.0001683182174771257,-0.011231547578832518,0.0028095146789577107
2008-04-30,0.00011835085848377916,0.07679803738708127,-0.01202307609324356,0.0001683684303670652,-0.01128060665193531,0.002807291573274623
2008-05-01,0.0001182740797683113,0.07681542879963241,-0.012020464776235487,0.0001683378336289101,-0.011319101995580227,0.002803597068540465
2008-05-02,0.00011818460417684564,0.07683527028188247,-0.012018893215032947,0.0001685453550917506,-0.011388414681615888,0.002801496416915371
2008-05-05,0.00011810311834676985,0.07685886931953048,-0.012016389299446584,0.00016856261325652768,-0.011405536741010983,0.002799440303113434
2008-05-06,0.0001179968971468587,0.07688047538749433,-0.012013329379390664,0.0001685072345894676,-0.01148007496675403,0.0027968619408090564
2008-05-07,0.00011788353075725737,0.07690238361806213,-0.012010616979930895,0.00016853540445483978,-0.011510790875277385,0.0027944650435694903
2008-05-08,0.00011779849449881463,0.07692695673567156,-0.012007730918870852,0.0001687117194634407,-0.011560680214559874,0.002791962960017904
2008-05-09,0.00011772014595892847,0.07695562688509847,-0.01200621531921277,0.00016887721407659592,-0.011583964830331375,0.0027900698770016727
2008-05-12,0.00011761661803513078,0.07697776264305738,-0.012003194974444692,0.0001690406238427811,-0.011615027678674866,0.0027874832680841437
2008-05-13,0.00011748820114257479,0.07699581198131544,-0.012000760876339516,0.00016906614368932267,-0.011651983081127207,0.0027856442237529228
2008-05-14,0.00011738302258676281,0.07702368319214453,-0.011998452826470307,0.00016923944608585221,-0.01172107263560418,0.002782460388931182
2008-05-15,0.00011732939038777167,0.0770426152016093,-0.011996387170607633,0.00016940531066096955,-0.011830546255597887,0.00278064861929801
2008-05-16,0.00011724375252787885,0.07706923509929824,-0.01199313974939794,0.00016969882587994093,-0.011883418626550818,0.002778714504543337
2008-05-19,0.00011715390000165883,0.07708856077160922,-0.011990248973809625,0.0001697745572581904,-0.011919438267237334,0.002776201120379776
2008-05-20,0.00011710867642752089,0.07710898059643875,-0.011987687354795088,0.00016992250489738606,-0.011975951039117971,0.002773069310745499
2008-05-21,0.00011707083085468327,0.07713227325753148,-0.011985470095713465,0.00017022312792210487,-0.012053878726290546,0.00277038939776798
2008-05-22,0.00011698283890679196,0.07715678229447645,-0.011983543205519451,0.00017045430924601349,-0.012120582718004688,0.0027683700602996464
2008-05-23,0.00011688647758705895,0.07718091990971586,-0.011981391870734309,0.00017044157651275026,-0.012200532679376735,0.002766928793252931
2008-05-28,0.0001167736475902248,0.0772070086395113,-0.0119784925486194,0.0001706213028687329,-0.012254683983066977,0.002764827007895764
2008-05-29,0.0001166394392285711,0.07723209140677156,-0.01197592387283243,0.00017071979966746983,-0.012332960437897222,0.002762056917164679
2008-05-30,0.00011658053673731484,0.07724927590924716,-0.011972875117031798,0.00017077293633612682,-0.012395534287517149,0.0027590316163044032
2008-06-02,0.00011652439381521983,0.0772674248450795,-0.011970892223067079,0.0001709052932453066,-0.012479853491125889,0.0027566411289677312
2008-06-03,0.00011645466204593895,0.07729021786404873,-0.011968630498920945,0.00017108283433568775,-0.012536706471285491,0.0027540985151743133
2008-06-04,0.00011639660105905599,0.07731148234625021,-0.011965729507927687,0.0001712764982297842,-0.012563478090212396,0.002751426402537034
2008-06-05,0.00011629020563820805,0.0773335190167882,-0.01196400608093922,0.00017155544399519707,-0.012610681052128855,0.0027481897696779206
2008-06-06,0.00011623163686313573,0.0773541409768038,-0.01196141415268501,0.00017177147347822823,-0.01267625258700257,0.002746435192370401
2008-06-09,0.00011613187626248033,0.07738074005427331,-0.011958581485606627,0.00017197269470233713,-0.012711550130132962,0.002743919197469889
2008-06-10,0.00011595477533279231,0.07740695901890206,-0.011955918565722248,0.00017210481369804332,-0.012772488301943608,0.0027410670123439716
2008-06-11,0.00011588516167136142,0.07743016999342384,-0.011952852815787196,0.000172275152008153,-0.012890430012912638,0.0027379897832856357
2008-06-12,0.00011577452889775317,0.07745744006682782,-0.011950238386969363,0.00017246161780383224,-0.012923192284159321,0.0027347130803237647
2008-06-13,0.000115656972761018,0.07747869515956228,-0.011947721060132342,0.00017249591540528287,-0.012999062072918954,0.0027321274409589013
2008-06-16,0.00011558169855768162,0.07750350696459826,-0.011945211535145696,0.00017262179678869828,-0.013088201266688443,0.0027287475170936298
2008-06-17,0.00011551715050581088,0.07753437567200774,-0.011942805468704208,0.0001726773834808012,-0.013148137179616742,0.0027257652311375455
2008-06-18,0.0001154257956279941,0.0775566799814558,-0.011940885022093112,0.0001728432876783634,-0.013188893511732636,0.0027233690370489583
2008-06-19,0.00011538957617483013,0.0775807299251943,-0.0119382642924324,0.0001731316099491579,-0.013223759155519488,0.0027211961550404544
2008-06-20,0.00011529560785031515,0.07760463912571386,-0.011935472310467243,0.0001732360521702428,-0.013281124677481798,0.0027200260364638375
2008-06-23,0.00011521367997563898,0.07762441146950672,-0.01193301020147392,0.00017317315662715264,-0.013338133380474626,0.0027170529850884897
2008-06-24,0.00011513231784302979,0.07764573162515928,-0.01193002391029527,0.00017333761850040237,-0.013432680788572973,0.002714873353533257
2008-06-25,0.00011503795275334631,0.07766602908047468,-0.011926960624383143,0.00017343335797248175,-0.0135235588061835,0.0027122414790892815
2008-06-26,0.0001149665562180833,0.07769146867665924,-0.011924602214334678,0.0001736579242385212,-0.013573735039236007,0.0027101111208286074
2008-06-27,0.00011484731527658894,0.0777160485923622,-0.01192203629684672,0.0001738099699025913,-0.01364792691983141,0.0027069360261711365
2008-06-30,0.00011473711769183923,0.07774325081619872,-0.01191913608091431,0.00017394251550812066,-0.013720751463209613,0.0027040215289588212
2008-07-01,0.00011467283765443845,0.0777692514545716,-0.011915473307692777,0.00017412817500483184,-0.013804593589093916,0.0027018493572160043
2008-07-02,0.00011458718709885119,0.07780007389873238,-0.011913263923013243,0.0001742201820451247,-0.013870885904507815,0.0026987581186713088
2008-07-03,0.0001145186066399525,0.07782613821886968,-0.011910903324728701,0.0001743995827184982,-0.013935914108083591,0.0026957683222154105
2008-07-08,0.00011443364975317725,0.07785242023984719,-0.011908215939121052,0.00017470864666967883,-0.01396927029755382,0.0026924858596497365
2008-07-09,0.0001143303287946722,0.07787645491433703,-0.011904796538206293,0.00017475194789212453,-0.014015701905191913,0.0026896400121172587
2008-07-10,0.00011427639509647603,0.07790404079919128,-0.01190196806095479,0.00017483674272200571,-0.014116773787534523,0.0026867516826956065
2008-07-11,0.0001141539477016994,0.0779311262531612,-0.011898925456004777,0.00017485821758468802,-0.014190825242209784,0.0026831683084402444
2008-07-14,0.00011408363916479107,0.07796030278682847,-0.011897054631193485,0.00017501231264236748,-0.014248294117805788,0.0026804789537693456
2008-07-15,0.00011397697304246085,0.07798838510906655,-0.011895287831668648,0.00017544285517277146,-0.014299919027669111,0.0026778126411061455
2008-07-16,0.00011384797836168999,0.07801438111217901,-0.011893189850815207,0.00017563726819695488,-0.014386251069160638,0.002675432473024356
2008-07-17,0.0001138218648996207,0.07804189010382472,-0.011891338068802416,0.00017563557426135876,-0.014430410702370056,0.0026735587745906884
2008-07-18,0.0001137302933741237,0.07806477573444467,-0.011888564905882283,0.00017582055433131212,-0.01445269298670733,0.002671021340295646
2008-07-21,0.00011367170948094112,0.07809690511471194,-0.011886064499539613,0.00017601647206496213,-0.014511264120464495,0.0026682333722895272
2008-07-22,0.00011359937964579663,0.07812543143165404,-0.011883199969751934,0.00017607338177257967,-0.014564022137164317,0.0026653046571581684
2008-07-23,0.00011353314562586182,0.07815092227152354,-0.011880349460184958,0.00017623074846814666,-0.01463747964978912,0.0026627273200703133
2008-07-24,0.00011341329424050523,0.07817375972645738,-0.011877661030468046,0.00017643580941073756,-0.014682521369336093,0.002659842856876202
2008-07-25,0.00011327978996234689,0.07819456843951503,-0.011875256885104558,0.00017658949102722637,-0.014793555183502602,0.0026559617200456447
2008-07-28,0.00011326090120254138,0.07822344766134223,-0.01187213099510492,0.00017671400378982356,-0.014857707445942336,0.0026530878345624423
2008-07-29,0.00011319685458180793,0.07825287424460668,-0.011869249382780347,0.00017685693883269824,-0.01495763961606067,0.002649811177505318
2008-07-30,0.00011309157420174288,0.0782761414335428,-0.011867068435593028,0.00017690956075786725,-0.015052566903317383,0.0026480459261546676
2008-07-31,0.00011298513387085824,0.0782980396173448,-0.011864594461020448,0.00017707594352396795,-0.015085064953269861,0.0026458259213448143
2008-08-01,0.0001128593865653512,0.07832899864926798,-0.011861733158779662,0.00017707264227821278,-0.015126221663405465,0.002642800434465185
2008-08-04,0.00011271499382142325,0.07835268909874268,-0.011858338530737702,0.00017716174629047747,-0.01521627759119605,0.0026387593946765003
2008-08-05,0.00011259698446131525,0.07838366907056823,-0.011855129013747832,0.00017717038541093397,-0.015263560527052508,0.0026347733695886604
2008-08-06,0.00011244009749547822,0.07841404282735896,-0.011852470866713479,0.00017735360202945143,-0.015327199268955441,0.002631166412431392
2008-08-07,0.00011228825485270802,0.07843646670841989,-0.011849808244349625,0.00017753330706989475,-0.015391440908476967,0.002627766073645947
2008-08-08,0.00011219409017097945,0.07846009002137339,-0.011847033591847297,0.00017780762001358877,-0.015436469188518542,0.0026239233490211364
2008-08-11,0.00011213629867525346,0.0784845869159673,-0.011844937392343031,0.00017802869983676116,-0.01551566979216673,0.0026210640801315045
2008-08-12,0.00011201353288559012,0.078515758445787,-0.011841913588192012,0.00017805726222525385,-0.01553248267977568,0.0026186386064312086
2008-08-13,0.00011194625963739164,0.07854649207280213,-0.01183899457173589,0.00017817973881996402,-0.015567811881398344,0.0026164298391881807
2008-08-14,0.00011185891503712317,0.07857200633346892,-0.011837147986917105,0.0001782223960190486,-0.015605994262418987,0.002613134702128607
2008-08-15,0.0001117231019995634,0.07859989646673689,-0.011834528011797605,0.00017856810415574516,-0.01566344005384357,0.0026109494210999674
2008-08-18,0.00011168797178824561,0.07862748428964869,-0.011831668880586083,0.0001787528039966807,-0.01571437127824994,0.0026083798019860974
2008-08-19,0.00011165548176917348,0.07865710364926144,-0.011829490537283537,0.00017886416906964388,-0.015770335147272704,0.0026045793163287857
2008-08-20,0.0001115595764217901,0.07868411980719436,-0.01182662028902257,0.0001790330129649159,-0.015827942393066993,0.002602212405091439
2008-08-21,0.0001114413757308912,0.07871747711636712,-0.011823132736429202,0.00017921572937534927,-0.015857043835432322,0.002599269280048041
2008-08-22,0.00011136383823900703,0.07874917285223457,-0.011820460320574155,0.00017942375406368113,-0.015904361334585684,0.0025964690027624575
2008-08-25,0.00011125559589274074,0.07878043296633949,-0.011817777885876709,0.00017950131864221896,-0.015982402385778693,0.002593536815276026
2008-08-26,0.00011116450010776162,0.07880568358822776,-0.011815196345855214,0.0001796795782037177,-0.016044090384524076,0.002590408254974028
2008-08-27,0.0001110702546980419,0.07883259446126177,-0.011812944456427377,0.0001797235489025917,-0.01612559677810438,0.002587593894725625
2008-08-28,0.00011097985731431604,0.07885888443291442,-0.011810634587713888,0.00018003432266678623,-0.01618397681445667,0.0025848663336908526
2008-08-29,0.00011093622639546865,0.07889078605303845,-0.011807896622697175,0.00018019646522922912,-0.01624050498198748,0.0025821939438342165
2008-09-03,0.00011085046684084705,0.07891740784272677,-0.011804837923718565,0.00018032063545718224,-0.01629784832700497,0.002579172163473723
2008-09-04,0.00011072491721230576,0.07894143075221123,-0.011801751834690599,0.00018058809725949394,-0.016296950652681275,0.002576589658021412
2008-09-05,0.00011059831605189384,0.07896841428859311,-0.011799204021857612,0.0001806498458289906,-0.01634082098049236,0.002573370902560477
2008-09-08,0.00011051555415576955,0.07899298686289065,-0.011796505783414115,0.00018096435732223488,-0.016371085089449913,0.002569828324194342
2008-09-09,0.00011037991411657701,0.0790214622246954,-0.011793483304660285,0.00018107714675082541,-0.016401526301130898,0.0025660924233495428
2008-09-10,0.0001102822377133099,0.07905226854312593,-0.011790552439198096,0.00018121867449566174,-0.016434004672912284,0.0025632819825818134
2008-09-11,0.00011019953347893306,0.07908350786880276,-0.01178820956173055,0.00018123144563856345,-0.016466705596111048,0.0025601116039122513
2008-09-12,0.00011013240722016378,0.0791118749077766,-0.01178505781612091,0.0001813514879310197,-0.016528519405525702,0.0025580011230469262
2008-09-15,0.00011007331348637297,0.07913984046786482,-0.011781736974657555,0.00018152433912577699,-0.016559309378895395,0.002554882656399374
2008-09-16,0.00011001138632705479,0.07917040149516835,-0.011778571266953544,0.00018164174923571908,-0.016606443511869975,0.002551869981963305
2008-09-17,0.00010998910194085853,0.07920009299900463,-0.01177535708995106,0.00018181006705163014,-0.01663398271432144,0.002548363449327738
2008-09-18,0.00010996003771338963,0.07922697423477766,-0.011772694197325715,0.00018182305834778785,-0.01670177780680919,0.002545746725881236
2008-09-19,0.00010990732338161913,0.07925772717434479,-0.011770677586507372,0.0001820325659333491,-0.01673183407363886,0.002541867542678003
2008-09-22,0.00010984555077726592,0.07928216510309963,-0.0117678843144647,0.0001821691911963855,-0.01679737655708198,0.002538656242024175
2008-09-23,0.00010974629925557616,0.07930886553950847,-0.011764795297857313,0.00018214709905421103,-0.016864449740061252,0.0025358474934756327
2008-09-24,0.00010967492931343519,0.07933490399015852,-0.011761832579676603,0.00018225791372269377,-0.01692925913561845,0.002533529341540898
2008-09-25,0.00010962689999759195,0.07936268915131561,-0.011758293757125775,0.0001822761858484078,-0.01698437515794489,0.002530033416315995
2008-09-26,0.00010956392101662442,0.07939438617640651,-0.01175517008072549,0.0001825717736148502,-0.017028421412290787,0.0025264949354600282
2008-09-29,0.0001095161420635636,0.07942167718608874,-0.011752408445139806,0.00018260704879641932,-0.01709785037088013,0.0025225572911725352
2008-09-30,0.00010940195078047503,0.07944797414708055,-0.01175018968606516,0.00018291476581981428,-0.017139851449554072,0.0025195460380725673
2008-10-01,0.00010938564523855242,0.0794739302386081,-0.011747398858688552,0.00018317780502045104,-0.01718685584933094,0.002516371018031388
2008-10-02,0.00010931132589337533,0.0795052107014035,-0.011745740861488961,0.00018327442519862846,-0.017209933920739065,0.0025129905252201275
2008-10-03,0.00010926159254112792,0.07953385896377313,-0.01174269670459167,0.00018326712149621706,-0.017253561306336554,0.002509819644691516
2008-10-06,0.00010914809353986787,0.07956357836161446,-0.011740614513468056,0.00018338154068948316,-0.017287799524141653,0.0025069452808863316
2008-10-07,0.00010911835569180592,0.07958739169644932,-0.011738691393733455,0.00018358696460215896,-0.017302721700231533,0.002504033729144959
2008-10-08,0.00010909069146820623,0.07961659615933464,-0.011736437519258468,0.00018378022527308714,-0.017316955098149706,0.002500085315227962
2008-10-09,0.00010898501589903139,0.07964393090405723,-0.011733716824977338,0.00018386325642039483,-0.01734600360781545,0.0024973428053975044
2008-10-10,0.00010896583215477874,0.07967672150784265,-0.011730696649495958,0.0001840211308000174,-0.017329971267050506,0.0024935132419785268
2008-10-15,0.0001089023288332205,0.07970381392191567,-0.011727763471817091,0.00018405807190159247,-0.01736494879311025,0.002490208257567476
2008-10-16,0.00010886434209932168,0.07973442622528437,-0.011724922778586366,0.00018418485534748845,-0.017414162881257245,0.0024873347385652054
2008-10-17,0.00010883994656510282,0.07976233723873175,-0.0117224977870291,0.00018436756555341777,-0.017454257222192834,0.002483849601953441
2008-10-20,0.00010877079296992573,0.07979125601219807,-0.011721048008778259,0.0001844984218585864,-0.01746615879540088,0.0024809805400597975
2008-10-21,0.00010871244927422088,0.07982141879192073,-0.011718414032200789,0.00018476858969553077,-0.01743923427145813,0.002477915993694879
2008-10-22,0.00010867655533426081,0.07984698876304311,-0.011715005203991085,0.00018495135995033423,-0.017463884916363845,0.0024759092910538903
2008-10-23,0.00010858337962218647,0.07987454372398664,-0.011712575601002983,0.0001852274803272271,-0.017475308612303342,0.0024726784381572473
2008-10-24,0.00010846616659661289,0.07989981573912697,-0.011709603172407991,0.00018539858731707613,-0.01748281234037062,0.0024696902173367966
2008-10-27,0.00010838182920124661,0.07993028208679638,-0.011707466412506553,0.00018544450127097877,-0.017432622748834642,0.002466549418926895
2008-10-28,0.0001082910167121301,0.07995667942285853,-0.011704870474475142,0.0001856786371430082,-0.017406912189682267,0.002463782115126558
2008-10-29,0.00010822603351231413,0.07998711905398037,-0.011701885422552396,0.0001858220928055814,-0.01739367323106991,0.002460902054923735
2008-10-30,0.00010815551639992522,0.08001409201736769,-0.011700299746684692,0.00018594271639332363,-0.017427969397939905,0.00245718298739608
2008-10-31,0.000108076386546156,0.08004486115964429,-0.011697947947350238,0.00018611124165351256,-0.017475518315817715,0.002454419267606303
2008-11-03,0.00010799992242997555,0.08007514591140373,-0.01169537920406967,0.0001863290756425768,-0.01747317384650378,0.0024504620754843783
2008-11-04,0.0001079240619573367,0.0801082782400839,-0.011692527819882536,0.00018646483784472395,-0.01749767078857148,0.0024468930231210237
2008-11-05,0.00010790185266582153,0.08013702663825437,-0.011689368416061602,0.00018674114273283584,-0.017520021023758478,0.0024443738338055816
2008-11-06,0.00010785641540436659,0.08016476134606873,-0.011686602932787633,0.0001868927379231799,-0.01753939716757648,0.002441589342864932
2008-11-07,0.00010777045811956902,0.08019254755469893,-0.011683669218610578,0.00018702403642765523,-0.01752770934483662,0.002438899092785693
2008-11-10,0.00010771125517071066,0.08021858112664153,-0.011681208676315842,0.00018734257253769855,-0.017516232233527537,0.0024355781714969246
2008-11-13,0.00010764639017337457,0.08024475771773201,-0.011678961590976688,0.00018754691266397895,-0.017528755228587753,0.0024329484400369824
2008-11-14,0.00010755283740495845,0.08026907407414657,-0.011676251729751352,0.00018777228408026293,-0.017516876159334935,0.0024295828736438994
2008-11-17,0.00010751458728790213,0.08029676384866331,-0.011673615102090543,0.00018787534577693898,-0.01750554288675303,0.002426447001565322
2008-11-18,0.00010746736411275593,0.08032408386743345,-0.011671250225112837,0.00018805087608684293,-0.017467698663370515,0.002422864706901417
2008-11-19,0.000107374396715559,0.08035268738198516,-0.01166824036527903,0.00018829063334060712,-0.017501504990432223,0.0024201820106857603
2008-11-20,0.00010732152954535063,0.08038074386740203,-0.011665034841528102,0.0001884208508519366,-0.017517889911542114,0.0024168738277589056
2008-11-21,0.00010724111809331792,0.08041441356178813,-0.011662636678651351,0.00018851467969885528,-0.017527523974119982,0.002414187937652991
2008-11-24,0.00010712652072970475,0.08044696660711757,-0.011659776612876916,0.00018862773172398842,-0.017569691777965038,0.00241103704838445
2008-11-25,0.000107017287274503,0.08047548519340363,-0.011656972338188654,0.0001887852451745454,-0.017579232280648727,0.002408154364696912
2008-11-26,0.0001069406759377464,0.08050504050237228,-0.011654232515616567,0.00018886723681964295,-0.017579923364389946,0.0024046317027047845
2008-12-01,0.00010687251450025699,0.08053588623707192,-0.011651209013982047,0.00018905470857744243,-0.01757828870287316,0.002401958368810764
2008-12-02,0.00010678893010090783,0.08056484732412354,-0.011648907297188992,0.00018916592739675863,-0.01760099638372911,0.002398600995047238
2008-12-03,0.00010671490023743792,0.08059242178689,-0.011645792264845774,0.00018933411018214562,-0.017577141863434148,0.0023959081133953387
2008-12-04,0.00010661872930347384,0.08061846765501977,-0.011643507212883365,0.00018962502343447698,-0.017589709365896197,0.002392291121509363
2008-12-05,0.0001065082348861242,0.08064939453828525,-0.01164092685795029,0.00018993282090933841,-0.017585695878619856,0.0023891372250331305
2008-12-08,0.00010648640804658954,0.08068267434965486,-0.011638032721170113,0.00019015299989759484,-0.01759776270478386,0.0023853774059523066
2008-12-09,0.00010638849064439405,0.08071248081673818,-0.01163548329167196,0.00019030723264765463,-0.017651300857537813,0.0023825055432342397
2008-12-10,0.00010631932609099646,0.08073870950109834,-0.011632143411047322,0.00019044235627113193,-0.01766294265200459,0.0023800006527500738
2008-12-11,0.0001063016637159012,0.08076485192255926,-0.011628911417686287,0.00019057824627290266,-0.017667105012874912,0.002376681192001005
2008-12-12,0.00010622619874847221,0.08079246492415759,-0.011625866325831754,0.00019070659099180791,-0.01768416034004716,0.0023739566383585487
2008-12-15,0.00010617425285356052,0.08082011687381549,-0.011623664853242208,0.00019073144866889904,-0.017687762610992502,0.002370208794191524
2008-12-16,0.00010610426461045984,0.08085045225126378,-0.011621448046513373,0.00019089314475429755,-0.017711966818804006,0.0023672007257329506
2008-12-17,0.00010605019867016466,0.08087700671505395,-0.01161838760870846,0.00019102169115990593,-0.01770036633845666,0.002363490826131938
2008-12-18,0.00010598870084249344,0.08090616623617253,-0.011615861209549229,0.00019113607526075047,-0.017717778743835913,0.002360213069883378
2008-12-19,0.00010594793845040051,0.08093482585489119,-0.011613538328500282,0.00019134081645119273,-0.017753492003448015,0.0023565089075145208
2008-12-22,0.00010585544089707628,0.0809633356263803,-0.011610517511622828,0.00019151818223371171,-0.01779942358578225,0.002353634251614098
2008-12-23,0.0001057777962232542,0.08099488929310682,-0.011607857178032824,0.00019165360239641152,-0.017785639436163028,0.002350395927620524
2008-12-24,0.00010573504194114004,0.08102027832928954,-0.01160536690939939,0.00019186125370332472,-0.01785233011775722,0.002346105500954858
2008-12-29,0.0001056831306482281,0.0810514042646125,-0.011602521915568579,0.00019197481939275062,-0.01783662996278651,0.002343288478247446
2008-12-30,0.00010567340788952434,0.08108161053034313,-0.01159977154035747,0.00019204865370697795,-0.017836885822699225,0.0023410175229997107
2008-12-31,0.00010554115952794965,0.0811148658826692,-0.011596859915276935,0.00019229436023021398,-0.017819473362482435,0.0023381267519820555
2009-01-05,0.00010545160158342926,0.0811433747222425,-0.011594261706450872,0.00019256258587232355,-0.01779637375977451,0.002335270902865944
2009-01-06,0.00010543137925323406,0.08117657534715314,-0.011592118784305602,0.00019269660046944686,-0.017806833507779396,0.0023320676691726888
2009-01-07,0.00010535401897901136,0.08121066708177241,-0.011589322092900433,0.00019272789405619349,-0.01781141102781375,0.002328598345014145
2009-01-08,0.00010527971083711315,0.08123938173671517,-0.011587127217799538,0.00019288319821265834,-0.01783033640637835,0.0023248544448745
2009-01-09,0.0001051979436115059,0.08127152771940235,-0.011584361367141704,0.0001928867696627614,-0.017840130020235254,0.002321471372521816
2009-01-12,0.00010516092265931985,0.08129848483988936,-0.011581724688272281,0.000193106643896679,-0.017879035621977332,0.0023187736740836024
2009-01-13,0.00010505963615514164,0.0813318939313288,-0.011579166964739936,0.0001932173080124302,-0.017881377472993412,0.002315633340759638
2009-01-14,0.0001050424777083681,0.08136820633936298,-0.011576006488401982,0.00019334215285327736,-0.017890859091769046,0.0023114233351843
2009-01-15,0.00010494885759938976,0.08140147592187158,-0.01157282408358238,0.00019344759859636886,-0.017926388368097276,0.002308008953406845
2009-01-16,0.00010492988666621976,0.0814286505450623,-0.011569119025312796,0.00019363767382940815,-0.01795005277726633,0.0023047115755160815
2009-01-21,0.00010485106569781544,0.0814609167808642,-0.011566901910419335,0.00019387472271539864,-0.017975724506199844,0.002301532101467441
2009-01-22,0.00010479438481163118,0.08148976841733502,-0.01156385265684776,0.00019407760171643684,-0.017984344400568134,0.0022974965901609297
2009-01-23,0.00010472838212607666,0.08152233072369494,-0.011561480948675353,0.0001941999703410425,-0.017998213738511168,0.002293990684532707
2009-01-26,0.00010467264586525111,0.08155681220093255,-0.011558432073926029,0.00019458212983314592,-0.017986985691026927,0.002290820718646049
2009-01-27,0.0001045746088501968,0.0815863236849285,-0.0115562145137907,0.00019478754505841464,-0.018020324771809787,0.0022880894952535006
2009-01-28,0.00010444411988785148,0.08161683472502439,-0.011554226898137251,0.00019487785255067772,-0.018041808715677482,0.0022852057077709705
2009-01-29,0.00010435551260111337,0.08164401948662153,-0.011551934981397428,0.00019506347285279494,-0.018072094976234077,0.0022817349335665254
2009-01-30,0.00010421809635238523,0.08167026798247141,-0.011548883516187424,0.0001952900580315364,-0.018094257527586907,0.0022782591109059397
2009-02-02,0.0001041084479547829,0.08169762014509385,-0.011546207539325169,0.0001954020126554139,-0.018060766161741723,0.002275093997953222
2009-02-03,0.0001040518632972492,0.08172715431864966,-0.011543624116828164,0.00019552554634023978,-0.01804536765561071,0.0022719715488497675
2009-02-04,0.00010401038414412631,0.08175919720513339,-0.011541245829354809,0.00019571524832725818,-0.018055114380608223,0.0022691356416976107
2009-02-05,0.00010400373073542166,0.08179058847943763,-0.01153848044150031,0.00019593331227290078,-0.018055877745925028,0.0022661879547822986
2009-02-06,0.0001039273245502957,0.0818118406370177,-0.01153593725705685,0.00019606928783575693,-0.018075525660951816,0.002263774262518655
2009-02-09,0.00010385697873976911,0.08184582237902496,-0.01153328601906618,0.00019606864295400837,-0.01811156924396054,0.0022610213407909968
2009-02-10,0.0001038333240301713,0.08187033209689416,-0.011530773881581193,0.0001962230874935758,-0.01813752491097234,0.0022583825531170285
2009-02-11,0.00010379273426799004,0.0818985639899063,-0.011528960401197106,0.00019632692307111404,-0.0181402405340481,0.0022553760428698096
2009-02-12,0.00010369158265911092,0.08192736404047202,-0.011527127929802379,0.00019651832185871282,-0.0181881974042766,0.0022521521932180014
2009-02-13,0.00010359900673801783,0.08195378590410811,-0.011524072168746395,0.00019661189423366514,-0.018202507015558214,0.002249186499755453
2009-02-18,0.00010352980028050329,0.08198219477821339,-0.011521075811344572,0.00019686048193299214,-0.018170164675458664,0.0022459732081190585
2009-02-19,0.00010345582553888884,0.08200443194523252,-0.011518958849651924,0.00019720520221782305,-0.018184087753032083,0.002242649056773888
2009-02-20,0.00010341840014147351,0.08203907283813501,-0.011515898680272082,0.00019738665434945282,-0.01820974820903802,0.002240279190545611
2009-02-23,0.00010333674358765071,0.08207247332354632,-0.011512587615502298,0.00019731716838651,-0.018244217844535227,0.0022372903798002267
2009-02-24,0.00010331860912187795,0.08210076735702351,-0.01150927712889963,0.00019768032726043665,-0.018255756841702622,0.002234573701223381
2009-02-25,0.0001032526399224769,0.08212923778487881,-0.011507809003785875,0.00019790402851446368,-0.018248041372033577,0.0022310649913171196
2009-02-26,0.0001032052242039837,0.08216295670491072,-0.011505258449428419,0.00019791207747356777,-0.018209261719944164,0.0022283483818936714
2009-02-27,0.00010310829449762867,0.08219320778671815,-0.01150235056989578,0.0001979537482293668,-0.018260013876502723,0.002225093725186695
2009-03-02,0.00010305098654765733,0.08221858679340477,-0.011499554687921009,0.0001981407913100414,-0.018278926828065922,0.0022214740496364913
2009-03-03,0.00010298544685648343,0.0822452254148472,-0.011497877867360293,0.00019834768617946796,-0.018295702968003577,0.002218834415125434
2009-03-04,0.00010290943251477481,0.082275723576517,-0.011495795801725937,0.00019846972498615767,-0.01828645319748251,0.0022159553389191943
2009-03-05,0.00010284775366653433,0.08230477282933932,-0.011493393014028814,0.00019870415148099427,-0.018291451915380133,0.002211687701664655
2009-03-06,0.00010277450842055509,0.08233565639618945,-0.01149078949188355,0.00019874509781361757,-0.018280033655498032,0.0022085621126045384
2009-03-09,0.00010268890895967424,0.08236481179268139,-0.011488778858600238,0.00019896882325428435,-0.01833121781287815,0.0022055104799253806
2009-03-10,0.00010264028285111611,0.08239708789439654,-0.011486885054472179,0.00019922758327623223,-0.018329336581058994,0.0022021676841372565
2009-03-11,0.00010255929651249387,0.0824201109923628,-0.011484300162702214,0.00019935894965907063,-0.018378372386437886,0.0021988064462870743
2009-03-12,0.00010244747475696734,0.08244683978245586,-0.011481295676652367,0.00019947519419404952,-0.018393205079836966,0.002196138277278269
2009-03-13,0.00010231303117348164,0.08247541154190259,-0.011478952874425803,0.00019972496754388122,-0.01840093776684555,0.0021929761377934643
2009-03-16,0.00010226198979159615,0.08250266596464903,-0.011476753399227612,0.00019979791855837174,-0.018366541589074664,0.002189808698814239
2009-03-17,0.00010216813146344527,0.0825308226688915,-0.011474204399350246,0.00019992349494901864,-0.018380146877097603,0.00218622238896482
2009-03-18,0.00010211532138188239,0.08256616673094906,-0.011471864997199337,0.00020004214767243916,-0.018406241672485293,0.002183506448717841
2009-03-19,0.00010206823539975345,0.08259349674500707,-0.011469623016285273,0.00020017382898805376,-0.018446797959464092,0.002180879858371709
2009-03-20,0.00010203853599250117,0.08261940190610229,-0.011467604978531437,0.00020025628672158043,-0.018477963611960774,0.0021768534131764664
2009-03-23,0.00010197302202542712,0.08264598876677146,-0.01146432012042505,0.00020026725859080406,-0.01851005083879262,0.002174124711429376
2009-03-24,0.00010187583951877254,0.08267684841503724,-0.011461789062285415,0.0002003623914236553,-0.018498617944621445,0.0021712381947890085
2009-03-25,0.00010184407978015314,0.08270963063744118,-0.011459789011459887,0.00020029251761822782,-0.018522064421388762,0.0021684069853297166
2009-03-26,0.00010178208527158357,0.08273472300837557,-0.011457122004592498,0.0002005381888133316,-0.01856584345037411,0.002165004577159287
2009-03-27,0.0001017484807243523,0.08276356696599853,-0.011454496336834659,0.00020067603313500315,-0.018591198727760355,0.0021616337935121874
2009-03-30,0.00010168045586002513,0.08278922950924773,-0.011452309706676617,0.0002008185888664521,-0.018643434620128116,0.0021586644883567494
2009-03-31,0.00010161947955761983,0.08282399580692715,-0.011449811431504333,0.0002009187045107348,-0.01865659188679729,0.0021553732982726465
2009-04-01,0.00010150529404645609,0.08285061570945594,-0.011447627006030725,0.00020107163443747422,-0.018644854507525205,0.0021523722120570313
2009-04-02,0.00010149310107632474,0.08287887266267527,-0.011444998351252088,0.00020133954734291806,-0.018647656708612154,0.0021485794354834937
2009-04-03,0.00010139065347433358,0.08290665620172494,-0.011442464553079122,0.00020152214157305906,-0.018676703570290734,0.002145152899869061
2009-04-06,0.00010126768983412972,0.08292825700542615,-0.01144047309900923,0.00020158970872440613,-0.01870598442358605,0.0021425773870075437
2009-04-07,0.00010117552146820523,0.0829578254346355,-0.0114380871422856,0.00020178967294299445,-0.01867844912365678,0.0021387058378086704
2009-04-08,0.00010106087126977166,0.08298713167069444,-0.011435756532086151,0.00020180712734255856,-0.018704941920361887,0.0021358100358972705
2009-04-09,0.00010102581301107665,0.08301711353976973,-0.011433136735321621,0.00020192288021347193,-0.018722924652064002,0.002133053554160292
2009-04-14,0.00010095434071169087,0.0830445299536952,-0.0114307330525083,0.00020219123424686504,-0.018743253448069874,0.0021306200796245133
2009-04-15,0.000100875114006405,0.08307013272346578,-0.011428149895803721,0.00020234987494361574,-0.018788724870262813,0.002126492308832762
2009-04-16,0.00010075851887578927,0.08310132103119604,-0.011425409745228368,0.00020256935254891643,-0.018832505340217867,0.002123299966199592
2009-04-17,0.00010068837733038402,0.0831275125486346,-0.011423296224995189,0.00020294502665582566,-0.018807905377065406,0.002120896176701418
2009-04-20,0.00010061481521831075,0.08315654258643972,-0.011420361720830339,0.00020316017204107797,-0.0188133267624626,0.002118068489733852
2009-04-21,0.00010051810066220163,0.08318297092606902,-0.011417347887965225,0.0002032400729825672,-0.018840913267113152,0.0021154978709982774
2009-04-22,0.00010046139963193637,0.08320927115577414,-0.011414551147959397,0.00020346024502594596,-0.018882316084691014,0.002111834180070398
2009-04-23,0.00010038721111075531,0.08323936692798536,-0.011411799059656141,0.0002036987428587719,-0.01893465588763224,0.0021087477428047155
2009-04-24,0.00010030717985958592,0.08327190371002167,-0.011409724833649666,0.00020378297892983878,-0.018941715965071992,0.0021052259481312502
2009-04-27,0.00010028197601181729,0.08329973892391032,-0.011407359075057891,0.00020392763286546548,-0.01894766614955852,0.0021015586694385024
2009-04-28,0.0001001790169799709,0.0833349609691573,-0.011404918184537606,0.00020404057286366688,-0.018971055591799763,0.0020986732819428854
2009-04-29,0.00010015914949043698,0.08336319908481608,-0.011403231531254901,0.00020430141513442583,-0.019006584798124698,0.0020956222995325963
2009-04-30,0.0001001113909613326,0.08339245523539036,-0.011400359934739118,0.0002044548645564899,-0.019040698158787034,0.002092467315141582
2009-05-01,0.00010006794850395955,0.08341892753906717,-0.011397821662832128,0.00020480608005032466,-0.01907789515587062,0.0020893816811842405
2009-05-04,9.999755904089222e-05,0.08344579565367508,-0.011395285148229574,0.00020498411871885692,-0.019106765298268824,0.002086309206162291
2009-05-05,9.998341883208115e-05,0.08346482702418459,-0.011392785999390427,0.00020489774206856713,-0.019130364696789776,0.0020832270164482494
2009-05-06,9.996587027375923e-05,0.08348911611207124,-0.011390408055169754,0.00020503137773715177,-0.019123247366503435,0.002080330790482616
2009-05-07,9.991708118064248e-05,0.08351888672760517,-0.011388066008170258,0.00020506565025277953,-0.01916629175897372,0.002076854278328632
2009-05-08,9.98754775688671e-05,0.08354637826782774,-0.011385476445679717,0.0002051002409960698,-0.019178802899761385,0.0020732543346474192
2009-05-11,9.982400361981564e-05,0.08356771374431565,-0.011382339987205177,0.0002052964458832503,-0.019212757824605534,0.00207029596510911
2009-05-12,9.97361978817568e-05,0.08359726308333909,-0.011379433333739433,0.0002055628018650984,-0.01926468411830054,0.00206752152738211
2009-05-13,9.969846515519092e-05,0.08362554871348361,-0.011377755728025851,0.0002057391812912557,-0.019245226965544746,0.0020648555057610346
2009-05-14,9.960284636794505e-05,0.08365385020306658,-0.011376001906262328,0.00020590145739303011,-0.019251489919695997,0.0020616465103140743
2009-05-15,9.955138059078004e-05,0.08367921067270996,-0.011374112980265309,0.00020614053739503678,-0.01927722375830143,0.0020587767449493704
2009-05-18,9.950325428035484e-05,0.08370634274672666,-0.011371759784137894,0.00020642183863935396,-0.019279721428178312,0.0020551394291955676
2009-05-19,9.948936911035129e-05,0.08373582552563258,-0.011368675765458983,0.00020665461800870732,-0.019296509932727413,0.0020518843758121257
2009-05-20,9.943278921158388e-05,0.08376125649110852,-0.011365972147821181,0.00020680954049673324,-0.019289586335821146,0.002050084113936935
2009-05-21,9.936666209387934e-05,0.08379026137671464,-0.011364094017291639,0.0002069304018842756,-0.019345547597847942,0.0020470635750894322
2009-05-22,9.929205657286575e-05,0.08381904671568781,-0.01136159481776521,0.00020714495370691475,-0.01935441392948234,0.002043009982627661
2009-05-27,9.920781263133926e-05,0.08384590410177548,-0.011359207184069318,0.00020728448301953386,-0.019393861885592778,0.0020392042054226713
2009-05-28,9.910278085644961e-05,0.08387457599281868,-0.011357194653281649,0.00020743161379491434,-0.01939057066892924,0.0020354461515750028
2009-05-29,9.898969285416762e-05,0.08389928483170311,-0.011354982790551115,0.00020746166023619727,-0.019431653785652703,0.0020322031746495004
2009-06-01,9.883536235665954e-05,0.08392744229547744,-0.01135294878195716,0.0002075352983631548,-0.01944429331233316,0.0020293504939755133
2009-06-02,9.870241456093183e-05,0.0839553972527418,-0.011349888413266904,0.00020760901222649633,-0.019455742385990862,0.0020252533104692023
2009-06-03,9.865366999418602e-05,0.08398372238650936,-0.011348239862575948,0.00020777178185855675,-0.019454264216910946,0.0020213755499566125
2009-06-04,9.85407236852629e-05,0.08401214494096307,-0.011346474021715788,0.00020785837680383027,-0.019488441448762384,0.002018698909999929
2009-06-05,9.849968002275125e-05,0.08404009810867863,-0.011343833179027225,0.00020815497426838485,-0.01952488764424294,0.0020156198530226007
2009-06-08,9.843471033784365e-05,0.08407067165621128,-0.011341918286106973,0.00020828406262818458,-0.019559987677271046,0.0020126819486902354
2009-06-09,9.83763874135675e-05,0.0840973638448827,-0.011339562639000402,0.00020832814615817736,-0.01960740306943809,0.002009819371805731
2009-06-10,9.828175944298177e-05,0.08412541622507162,-0.01133709194851086,0.0002085185091145404,-0.019640267072380868,0.0020070393915995162
2009-06-11,9.81724856544512e-05,0.08415124906041002,-0.011334715219322394,0.00020880578676421674,-0.019658233849545362,0.0020038051245782743
2009-06-12,9.8085528885199e-05,0.08417968544554362,-0.011332498481510673,0.0002087138921288858,-0.019676850289005177,0.0020003364988585657
2009-06-15,9.804490582056562e-05,0.08420577804586046,-0.0113299557925433,0.0002089214023434839,-0.019725937358109916,0.0019968932533546884
2009-06-16,9.799435538247055e-05,0.0842350191537408,-0.011327378715680689,0.0002089442273060355,-0.019745562929755364,0.0019941133880878687
2009-06-17,9.79006522743055e-05,0.08426322753263003,-0.011325367048673563,0.00020935577077722844,-0.019763862567064278,0.001991055617067587
2009-06-18,9.780425930264774e-05,0.08428738933618093,-0.011323196979869986,0.000209460268582679,-0.019801252680075057,0.001988377945390794
2009-06-19,9.771048360440596e-05,0.084314591532445,-0.011320921359509347,0.00020950846497719692,-0.01977588082786373,0.001985182661748377
2009-06-22,9.772034143878017e-05,0.08434583887921349,-0.011318699714435394,0.0002094385754619108,-0.019834918455458872,0.001982657085839029
2009-06-23,9.762896835915475e-05,0.0843700757031939,-0.01131640538569258,0.00020959792562963488,-0.0198155705314374,0.0019800035238971402
2009-06-24,9.753619843398525e-05,0.08439357421735702,-0.01131428476105142,0.00020974773434622167,-0.019843574165644723,0.0019766118957796697
2009-06-25,9.751184851925335e-05,0.08442106415617841,-0.011312863776479758,0.00020968650601738283,-0.019851685423947565,0.0019735565055656146
2009-06-26,9.740704281982848e-05,0.08444885163085773,-0.011310971552251844,0.00020992527621418813,-0.019843740979951993,0.0019702414976139424
2009-06-29,9.734570912107483e-05,0.08447999327227632,-0.011308354120298526,0.0002099260267523898,-0.019845550689006106,0.0019677796770505226
2009-06-30,9.72746298827728e-05,0.08450685243120182,-0.011305923530592715,0.00020997636165088313,-0.019866398012327133,0.001964708992936906
2009-07-01,9.719386434711901e-05,0.08452968094300163,-0.011302753431531252,0.00021024210290807317,-0.019872058733044665,0.0019613755781645644
2009-07-02,9.713714246059783e-05,0.08455631428318498,-0.011300066376368037,0.00021032844169125955,-0.01989329914581224,0.0019590025545103023
2009-07-07,9.705683534950025e-05,0.08458785414626757,-0.011298046375344041,0.00021048667748371555,-0.01992842884893377,0.001956237889017536
2009-07-08,9.691131840949276e-05,0.08461346354085725,-0.011296199422762027,0.00021055001917120889,-0.01994137552063323,0.0019534300395650087
2009-07-09,9.680869001681728e-05,0.08464245369117737,-0.011294224516854258,0.00021067586948227986,-0.019955544922165197,0.0019502699151593835
2009-07-10,9.668626411312307e-05,0.08466974466268211,-0.011291774924438376,0.0002108830246525236,-0.019963300219052363,0.0019469102457476781
2009-07-13,9.655113310793233e-05,0.08469673167796898,-0.011289013758481185,0.0002109646690168183,-0.019964253703305096,0.0019443739478530622
2009-07-14,9.650511871185686e-05,0.08472191779631796,-0.01128679171075335,0.0002111306412372159,-0.01995798596118767,0.0019414376078546846
2009-07-15,9.645104197496349e-05,0.08474418069748323,-0.011284747481475938,0.00021113150492868776,-0.019971683467977897,0.0019378956962496626
2009-07-16,9.634707445240635e-05,0.08477065989491782,-0.01128344859077505,0.00021132366907219868,-0.01995015623352145,0.001935355430842238
2009-07-17,9.623436207822077e-05,0.0847933777902328,-0.011281277030120662,0.00021158560303784614,-0.01993403954093939,0.0019324726808628743
2009-07-20,9.613042254239192e-05,0.08481873157168174,-0.011278895413009509,0.0002116188312324502,-0.01993864699285665,0.0019295177639774893
2009-07-21,9.599902166135743e-05,0.0848434510662556,-0.011276373723438475,0.00021164481997766957,-0.019928769141637354,0.001926854693938956
2009-07-22,9.596790553097041e-05,0.08486224700357685,-0.011273562698277713,0.00021170948709889242,-0.019983320760884687,0.0019236174008694209
2009-07-23,9.585558513097183e-05,0.08488620634816614,-0.011271522445661524,0.00021178134693451963,-0.01998822720341939,0.0019202674325239696
2009-07-24,9.579218117669426e-05,0.08490770738709315,-0.011269398772713404,0.0002119739690669054,-0.01998824452786599,0.0019177991057159147
2009-07-27,9.570609539664098e-05,0.08493409891177103,-0.011267879176941104,0.00021207526147458313,-0.020010777766345397,0.0019144704404022467
2009-07-28,9.564089993580703e-05,0.08496026245404435,-0.01126569780258283,0.00021215654633677174,-0.02001735448148194,0.0019115630780398689
2009-07-29,9.55306903533414e-05,0.0849805819881214,-0.011263810411006702,0.0002123199197004398,-0.020030525381364545,0.001908890160945368
2009-07-30,9.543746277365467e-05,0.08501073944526395,-0.011261703630302274,0.00021254254301534355,-0.02002439018879698,0.0019063427939056215
2009-07-31,9.536299305832601e-05,0.08503594959718064,-0.011259153721191127,0.00021274515336685974,-0.019998601271487212,0.0019034984102791483
2009-08-03,9.535700607805123e-05,0.08505724394007967,-0.011256504175427999,0.00021281402835337206,-0.020029232659685037,0.001900308958748543
2009-08-04,9.521789865067653e-05,0.08507761735246554,-0.01125408747943161,0.00021302012556485302,-0.0200471961890875,0.0018979479251852545
2009-08-05,9.513167290315851e-05,0.0851046597071444,-0.011252585946836136,0.0002130865575025892,-0.020085190000970893,0.0018945612325698131
2009-08-06,9.503874901772304e-05,0.08512662243091981,-0.011251058851283146,0.0002130723689310935,-0.02006966644775897,0.001891675833991788
2009-08-07,9.496345266826383e-05,0.08514669969782826,-0.011249261899919974,0.0002132250304972871,-0.020074975893419236,0.0018878764687806715
2009-08-10,9.486506832585992e-05,0.08516745250381721,-0.011246859877140343,0.00021347667835166495,-0.02009679502369284,0.0018855127212186375
2009-08-11,9.486165083733923e-05,0.08519094414394207,-0.011245146075221578,0.00021367711164324923,-0.0201270450096417,0.0018815396343827696
2009-08-12,9.47824867872586e-05,0.08522059172993554,-0.011243471843784715,0.00021395214219070317,-0.02016734876964614,0.0018782642077406907
2009-08-13,9.468535964352996e-05,0.08524306587989877,-0.011241370720043026,0.00021410097935363953,-0.02021720148432324,0.001875350605675759
2009-08-14,9.46365517613113e-05,0.08527154968539119,-0.011239740692343589,0.0002141096347991322,-0.020215126535294156,0.0018722767311901232
2009-08-17,9.456067012606171e-05,0.08529065148173315,-0.011237715402855512,0.0002141226398937096,-0.0202434565156972,0.0018693227609870675
2009-08-18,9.445486186290797e-05,0.08531402016251755,-0.01123596394611074,0.00021428888349143843,-0.02029919548787583,0.001865831920719792
2009-08-19,9.430964277471583e-05,0.08534112311225314,-0.011233420351245447,0.00021449227224129344,-0.020320586644390834,0.001862731911812595
2009-08-20,9.419745381731708e-05,0.08536487814983058,-0.011231988552071935,0.00021471043388832743,-0.02031914194391171,0.0018605164520050128
2009-08-21,9.410749952830262e-05,0.08539403468772407,-0.011229890505019016,0.000214831841203935,-0.020309322923195164,0.0018580227251036381
2009-08-24,9.395118535350133e-05,0.0854147864616708,-0.011228218142082608,0.0002148018098269423,-0.020340107655793527,0.0018547490974400523
2009-08-25,9.388043203232256e-05,0.08543750420076113,-0.011225946818560985,0.00021493821469246234,-0.020358319904848515,0.00185153949554276
2009-08-26,9.377037341326163e-05,0.08546247689634542,-0.011223800765868593,0.00021519504391605623,-0.020385996449935162,0.0018483562997757383
2009-08-27,9.371270340122012e-05,0.08548742728729491,-0.011221496077755027,0.0002154924610950621,-0.02040371137083878,0.0018453926809701678
2009-08-28,9.36616192919992e-05,0.08550483381152213,-0.011218853127941405,0.00021564239576903575,-0.020438568046098046,0.0018426350904459723
2009-08-31,9.359805369993945e-05,0.08552796018426263,-0.01121606815775352,0.00021585578870409567,-0.020448087326744496,0.001838908831228213
2009-09-01,9.353506246395449e-05,0.08554821783465294,-0.011213500195818075,0.00021605058693424791,-0.0204075679627993,0.001836353922732182
2009-09-02,9.344066090138057e-05,0.08557219771693032,-0.011210539141685426,0.00021605939704581455,-0.020402724873639838,0.001832705579529869
2009-09-03,9.333264545960291e-05,0.08559043162919139,-0.011208880219567957,0.00021619935020978482,-0.020398967292123316,0.0018301403776553992
2009-09-04,9.327608560986398e-05,0.0856158375392876,-0.011207021195351611,0.00021626669146632415,-0.02040734602134614,0.0018283941020160973
2009-09-09,9.322396186235497e-05,0.08563987256201014,-0.011205405467246462,0.00021637340288280588,-0.020451962161548667,0.0018252801194480418
2009-09-10,9.314133346802062e-05,0.08565867394885496,-0.011202965091872174,0.00021642388869861192,-0.020476349154297885,0.0018226491937577594
2009-09-11,9.306024546327626e-05,0.0856860848125163,-0.01120063322050917,0.00021652965252792717,-0.020515521964035832,0.0018194158816207415
2009-09-14,9.299028501608322e-05,0.08571340650551144,-0.011198692856254551,0.00021661262713746612,-0.020555314070087247,0.0018165422798502421
2009-09-15,9.284782353468904e-05,0.08573686146315831,-0.011196746152714595,0.00021680279733303493,-0.02060516555293547,0.0018123712772604983
2009-09-16,9.277962394813974e-05,0.08576161533268345,-0.011195228448220951,0.00021698235817065652,-0.02062378392056549,0.0018090819851087796
2009-09-17,9.266594993706465e-05,0.08578251168348584,-0.01119291913054073,0.0002170798972284009,-0.020618001522761956,0.0018064098910715984
2009-09-18,9.260768464841465e-05,0.08581371558035852,-0.011190153534310052,0.00021722232361270054,-0.020610512396740138,0.0018024145751688284
2009-09-21,9.253047856321852e-05,0.08583740996204867,-0.011188079561727949,0.00021750683874129242,-0.02063183818413289,0.0018001282649656469
2009-09-22,9.245756794245623e-05,0.08586305770355258,-0.01118538343827195,0.0002174715443497559,-0.020654651471623736,0.0017976794210901677
2009-09-23,9.240053188654594e-05,0.08588609638650956,-0.011183281164147721,0.00021759115084475183,-0.020695221016102605,0.0017953766592532431
2009-09-24,9.228656351088165e-05,0.08590488176413205,-0.01118130405254658,0.0002176116783216875,-0.020721756018092896,0.0017924579206608261
2009-09-25,9.220697034515503e-05,0.08592835674774493,-0.011179318229045363,0.0002176363072705636,-0.020743356014298317,0.0017895837547292361
2009-09-28,9.211614805992815e-05,0.08595373150966709,-0.011177712799820445,0.0002178568242808558,-0.0207694011990487,0.001786754316813421
2009-09-29,9.207098589561886e-05,0.08597562399693556,-0.01117591051644717,0.00021795852390116564,-0.0208055637811269,0.0017840369017900221
2009-09-30,9.19865006242079e-05,0.08599997748762259,-0.011174525994575697,0.00021796934844548008,-0.02081271058639647,0.001781676064256484
2009-10-01,9.186729571682828e-05,0.08602592651375846,-0.011172533970359213,0.00021816815650448247,-0.020854362803554724,0.0017788837414279555
2009-10-02,9.176622999828702e-05,0.0860441119171371,-0.011170387066989012,0.0002183713711184075,-0.020909975736990924,0.0017767871561910225
2009-10-05,9.166404721606898e-05,0.08606877524687365,-0.011167614062942753,0.00021830084466129958,-0.02091442075344155,0.0017748548338927463
2009-10-06,9.165226698071067e-05,0.08608766139709834,-0.011166284726389093,0.0002185571889316984,-0.020914052951556975,0.0017725143231812589
2009-10-07,9.153232824496626e-05,0.08611470367286961,-0.011164220980145642,0.00021874064645156837,-0.020930705275249595,0.001769427999610246
2009-10-08,9.149172147479319e-05,0.0861378389395138,-0.011162127658225838,0.0002189725628536986,-0.020928962175878793,0.0017668351509242484
2009-10-09,9.141894042897601e-05,0.08615634118044112,-0.011160854369746925,0.0002190738882316503,-0.020960246045623188,0.0017633485227798239
2009-10-14,9.137184942126693e-05,0.08617547553711427,-0.011159124354200405,0.0002192079580842607,-0.02095267166253055,0.0017594072966709237
2009-10-15,9.126148118270088e-05,0.08620077797504118,-0.011157643333214076,0.00021927589357256176,-0.020950517786037237,0.0017562960932558087
2009-10-16,9.116997338905594e-05,0.08622091432304194,-0.01115582831094503,0.0002195692750389958,-0.020949653915414937,0.0017541437085457864
2009-10-19,9.10904361826039e-05,0.0862369809607095,-0.011154502123808167,0.00021981980095002153,-0.02097968505851333,0.0017504462269325599
2009-10-20,9.097583060681185e-05,0.08625904004464816,-0.011152376554126901,0.00021998732573710108,-0.020993178589987477,0.0017482858521065776
2009-10-21,9.091590866902413e-05,0.08627782730850753,-0.011150225258415193,0.00022015606043934556,-0.021014327420791137,0.0017461707113434447
2009-10-22,9.084251944036539e-05,0.08630007908783509,-0.011148410624647576,0.00022025560293338674,-0.02104695533539576,0.0017437260127959094
2009-10-23,9.081227694611891e-05,0.08632260638573652,-0.011146679426910758,0.0002202756164851882,-0.02108428135775528,0.0017415589810390257
2009-10-26,9.073924603490003e-05,0.0863455041605306,-0.011144920004534079,0.00022029959082781834,-0.0211083127189617,0.0017380358144615732
2009-10-27,9.063313900498914e-05,0.08637215973692383,-0.011142635919817241,0.00022052023181518387,-0.021160201238151655,0.0017352071306808185
2009-10-28,9.062342467176569e-05,0.08638679136239326,-0.011141080497652701,0.00022076282011351177,-0.021213309270544725,0.0017330011184826547
2009-10-29,9.058752248219404e-05,0.08640826132350818,-0.011139077812063374,0.00022077086498223838,-0.021235526717730338,0.0017300356770378724
2009-10-30,9.048876190977048e-05,0.0864317961164612,-0.011137846819792876,0.00022077142972412838,-0.02124658020747118,0.0017272269687616502
2009-11-02,9.039866426050001e-05,0.08644923913650504,-0.011135812616367813,0.0002208296136755891,-0.02127155951363728,0.0017246966411161514
2009-11-03,9.028536844763306e-05,0.08646872726927894,-0.01113411226738632,0.00022106934935589136,-0.021330189965788268,0.001722865141608753
2009-11-04,9.02093217189772e-05,0.08648739393001958,-0.011132839562070023,0.00022118543987476857,-0.021319906996378243,0.001719375503788703
2009-11-05,9.01374605058198e-05,0.08650856033307541,-0.011131309423152668,0.0002213277731393621,-0.02133104808417384,0.001715639170137579
2009-11-06,9.005955747391294e-05,0.08653031234477897,-0.011129537200446564,0.0002214342417668553,-0.021372900449547733,0.001713572734354222
2009-11-09,8.998342016846244e-05,0.08655098116268138,-0.01112809963611765,0.00022155425127974018,-0.0213993178206473,0.0017112257018821705
2009-11-10,8.989730128354417e-05,0.08656760883858336,-0.011126125208562208,0.00022165267987881755,-0.021411871179167014,0.0017094711017892955
2009-11-13,8.983985671974771e-05,0.08658780234561765,-0.011123910041426516,0.0002216868013240141,-0.02141565465605913,0.0017061035941239042
2009-11-16,8.978329658733861e-05,0.08660469915101648,-0.01112186351204391,0.00022176287212826636,-0.021453999138493815,0.0017034848439274426
2009-11-17,8.969776931707087e-05,0.08662283914589594,-0.011120134639396312,0.00022193316666331754,-0.02143107959194461,0.0017014711268905909
2009-11-18,8.96492849655961e-05,0.08663885893529719,-0.011118296476051028,0.00022194376035706081,-0.02146724966510931,0.0016992915421451212
2009-11-19,8.952543597874954e-05,0.08665557985109391,-0.011115896976792933,0.00022203278041982871,-0.021498852357604945,0.0016967270557818328
2009-11-20,8.940932066128481e-05,0.08667569569428196,-0.011113197544179127,0.00022213691117148402,-0.02154379515763513,0.001694312949418133
2009-11-23,8.93135063585419e-05,0.08669354154265334,-0.01111095518729423,0.00022219464185879574,-0.021611132090924655,0.0016921679809601188
2009-11-24,8.921821225926373e-05,0.08671562546079997,-0.011109427040028019,0.00022216183357183782,-0.021592631393254937,0.0016901709280515511
2009-11-25,8.911900390275639e-05,0.08673223038910896,-0.011107884343466684,0.00022228873455034152,-0.021630593100380652,0.0016878544980321265
2009-11-30,8.899040576997398e-05,0.08675244135544842,-0.01110518952240401,0.00022240845688627946,-0.02162881091912862,0.0016858889146482308
2009-12-01,8.888471985699481e-05,0.08677535326025725,-0.0111026137368405,0.0002225506502706114,-0.021647560783238484,0.0016842209753207766
2009-12-02,8.88037973231131e-05,0.08679943097597809,-0.011101204931598945,0.00022286287683517117,-0.021713711726923053,0.0016818755327951142
2009-12-03,8.86862019969315e-05,0.08681746843799232,-0.011099334634437076,0.0002229791450496406,-0.021699083512497476,0.0016799286729110537
2009-12-04,8.855420354581252e-05,0.08683326356737844,-0.011098148274699042,0.00022300990000175263,-0.0217003864052307,0.001678143924991007
2009-12-07,8.847735512828606e-05,0.08685302461140632,-0.011095333308297522,0.00022305986982109076,-0.021704895491295853,0.0016767553229029733
2009-12-08,8.841432115388055e-05,0.08687435546254975,-0.0110935116367125,0.00022318620839461843,-0.021738817207726767,0.0016738650711539934
2009-12-09,8.835945924894902e-05,0.08689365365476324,-0.011091936607868487,0.00022329878516964493,-0.021705675572414727,0.001671639384023065
2009-12-10,8.82789359899281e-05,0.08691277366407844,-0.011089968712140706,0.00022339898900392002,-0.021709009192523776,0.0016695680645456112
2009-12-11,8.823674229303306e-05,0.0869313384402543,-0.011088682429877957,0.00022347067548836782,-0.021699238543256415,0.00166724343415066
2009-12-14,8.808474835111948e-05,0.08695040959412051,-0.011087760261625827,0.00022364581594380757,-0.021702742973448416,0.0016652973325616133
2009-12-15,8.807194169740395e-05,0.08697023821747485,-0.011086507971119397,0.0002236395018447693,-0.021690795489285063,0.0016623412904676776
2009-12-16,8.806710788173017e-05,0.08699442054699472,-0.01108482038032833,0.00022388525803348762,-0.021701213157002415,0.0016596919152048763
2009-12-17,8.801006081070693e-05,0.0870133724464982,-0.011082782504932262,0.00022388009549300622,-0.0217309495140368,0.001657433631273198
2009-12-18,8.794034090456157e-05,0.08703206772992189,-0.01108049417914264,0.0002239657857860263,-0.02178111173747551,0.0016546208780978634
2009-12-21,8.783002439983174e-05,0.087051576058035,-0.011078511219660272,0.0002240165043206628,-0.02178246233012881,0.0016521118941854227
2009-12-22,8.776511361028573e-05,0.0870728779280317,-0.011076508982310064,0.00022419076807306672,-0.021811622258162952,0.0016494472744623555
2009-12-23,8.76899589065195e-05,0.08709067014931361,-0.011074275185581885,0.0002243032990811021,-0.02183803449740255,0.0016473896474612495
2009-12-24,8.75660431639096e-05,0.08710960157713861,-0.011073908060193767,0.00022444163466759642,-0.02188211269116721,0.0016447291128507794
2009-12-29,8.753468980233608e-05,0.08712822821267846,-0.01107155605726939,0.00022441103044623832,-0.0219062024661566,0.0016433841893389112
2009-12-30,8.750283803106782e-05,0.0871398776300075,-0.011069483702915961,0.00022456209189364843,-0.021925901201796064,0.001641670655474862
2009-12-31,8.742524677449623e-05,0.08715515587135425,-0.011067888257049434,0.0002246616229742286,-0.02197858858355376,0.0016390235868442996
2010-01-05,8.737499475985714e-05,0.08717473174955895,-0.011066102064549195,0.00022465708318288814,-0.022000804245371722,0.0016366939816176336
2010-01-06,8.729535985975495e-05,0.08719236390822263,-0.0110649313126709,0.00022482556229589404,-0.022017273422361643,0.0016341488628073418
2010-01-07,8.725109048908005e-05,0.08721303708599082,-0.011063079649609238,0.00022486954163522763,-0.02201322111585912,0.0016319392734738857
2010-01-08,8.713944263586943e-05,0.08722961328322275,-0.011062119770093429,0.00022511351169192444,-0.022082429304593754,0.0016292604453453782
2010-01-11,8.703690741662693e-05,0.08725182037132738,-0.011060293592400985,0.00022520937658053515,-0.022056575888652667,0.0016277779690688082
2010-01-12,8.696915806577913e-05,0.0872724809228561,-0.011058583780071535,0.00022540212845831748,-0.02207794394273168,0.0016266066330726248
2010-01-13,8.692631794946034e-05,0.0872911508538442,-0.011056899751497576,0.00022556904834503152,-0.02208109650691578,0.0016236871946062547
2010-01-14,8.687097211678418e-05,0.08731078287283398,-0.01105568773876462,0.00022570874057342255,-0.02208735208466113,0.0016217212847643254
2010-01-15,8.678608080008448e-05,0.08733029233426484,-0.011053799021490788,0.00022582759227611872,-0.02213482311811414,0.0016190845633241432
2010-01-20,8.672497565664096e-05,0.08734923745429841,-0.011053004987413314,0.00022607805972087327,-0.022116828959517255,0.0016173051914924997
2010-01-21,8.66728366311061e-05,0.08736263996182334,-0.01105210896044826,0.00022619008135118875,-0.022085706661944128,0.0016148743122045848
2010-01-22,8.662296289132386e-05,0.08738370920784705,-0.011050251744622038,0.00022652905992449966,-0.02211959826941673,0.0016128992197080058
2010-01-25,8.652031890635223e-05,0.08740613301401254,-0.011049373473732105,0.00022670142433099547,-0.022184316311368704,0.0016104519391754047
2010-01-26,8.646430544531724e-05,0.087424689967031,-0.011048221989049877,0.00022689145525632966,-0.022188821815587317,0.001607151740444413
2010-01-27,8.63885568944366e-05,0.08744366261581532,-0.011046536143028649,0.00022706006086607968,-0.022240497433320697,0.0016046459773635786
2010-01-28,8.634754336111534e-05,0.08745918853705806,-0.011045676228689157,0.00022729634434711095,-0.022273231750045176,0.001602815737502873
2010-01-29,8.630392701779243e-05,0.08748045791729775,-0.011044212186325881,0.00022751450221124335,-0.022276518561865515,0.0016001630179159694
2010-02-01,8.626906111316621e-05,0.08749336773325685,-0.01104322451421978,0.00022765761224799303,-0.02225946376540435,0.0015981448537408178
2010-02-02,8.622424105502005e-05,0.08751335965053103,-0.011041801930927488,0.00022782864883147516,-0.02226626557693582,0.00159649548512977
2010-02-03,8.611122083794406e-05,0.08753348575373282,-0.011040915187874386,0.00022796869409850783,-0.022275592963157363,0.0015944079653979013
2010-02-04,8.603384347842622e-05,0.08754606431513423,-0.011039457782633667,0.0002281053653279722,-0.022267304918362422,0.0015923619502263258
2010-02-05,8.596637474011238e-05,0.08756317191707969,-0.011037860119282438,0.00022815112496829166,-0.02229393425246206,0.0015904615783479948
2010-02-08,8.588818514533872e-05,0.08757914545906452,-0.011036741193704468,0.0002284510629554829,-0.02233362650621424,0.0015885181079856316
2010-02-09,8.583893633752772e-05,0.08759673846987538,-0.011034417094928613,0.00022861040124829248,-0.02235720999211481,0.0015865598822233855
2010-02-10,8.574662595758468e-05,0.08761234547838026,-0.011033347495167488,0.00022876091604126747,-0.022364437427748796,0.001584256892788022
2010-02-11,8.562444167924592e-05,0.08763014325631423,-0.011032536313558227,0.000228790665117532,-0.02235858670252429,0.0015819765109192597
2010-02-12,8.554998669751309e-05,0.08764211498828939,-0.011031211526610246,0.00022896104054634264,-0.022405871434340086,0.0015786986485933888
2010-02-17,8.54245628678316e-05,0.08766116358163278,-0.01102998036788221,0.00022912713180612,-0.022451452149637285,0.0015765994533470113
2010-02-18,8.53571606486544e-05,0.08768048227069025,-0.011028245586698373,0.00022930280780864273,-0.022418343269367404,0.0015745797047971948
2010-02-19,8.530095830033244e-05,0.08770374337731957,-0.011027196021920305,0.00022954337847246753,-0.02242625175027485,0.0015721032194131702
2010-02-22,8.524529392461426e-05,0.08772145979005883,-0.011025842204047545,0.00022945034398208147,-0.02247579628285354,0.0015694254881659306
2010-02-23,8.514638249616097e-05,0.08773508132548127,-0.01102432996878807,0.00022957022896075057,-0.02247991644420401,0.0015668857897194626
2010-02-24,8.510151345466467e-05,0.08775397480181851,-0.011023592616864126,0.00022957971182766717,-0.02248832135723635,0.0015641674789553229
2010-02-25,8.502979843691739e-05,0.08778076125720247,-0.011022228322077565,0.00022980274855477853,-0.022518815084447988,0.0015613714559802828
2010-02-26,8.495800638206145e-05,0.0877962802675959,-0.011020808361500095,0.00023008912024984066,-0.022553366405051074,0.0015595262443128957
2010-03-01,8.486483792532619e-05,0.08781411624439404,-0.01101934930557578,0.00023031532880375037,-0.02258001833523783,0.0015574093136275094
2010-03-02,8.474150990630606e-05,0.08783612625193847,-0.011017706207571759,0.00023043036307707988,-0.022588174574320358,0.0015549399774947605
2010-03-03,8.46515216342349e-05,0.08785252193488546,-0.011016411576339171,0.00023068848027421102,-0.022612374919063816,0.0015530627889957706
2010-03-04,8.458090332623182e-05,0.08786939877969606,-0.011015278459573537,0.00023107369104643987,-0.02257182547814046,0.0015506710777043137
2010-03-05,8.44709735409958e-05,0.08788691095515881,-0.011014314792199165,0.00023120421518965916,-0.02254964963656888,0.0015490647292331627
2010-03-08,8.444180518975875e-05,0.08790806528816943,-0.011012722438755142,0.00023144070862481797,-0.022592866826348694,0.0015458803534939823
2010-03-09,8.441329259836388e-05,0.08792530566170478,-0.01101086496126132,0.00023153475466083248,-0.022605135234884464,0.001543353140971059
2010-03-10,8.431174243452822e-05,0.08794514333834538,-0.011009249355543062,0.00023161931015600973,-0.022603725925379056,0.0015410734986195762
2010-03-11,8.423072537465806e-05,0.08796684809093402,-0.011008383376373772,0.0002317505841449148,-0.02256686341081964,0.0015390791650743097
2010-03-12,8.416997113557404e-05,0.08797909880349489,-0.011006395090753041,0.00023178613354216725,-0.02255539611261259,0.0015369455443618337
2010-03-15,8.41318808287558e-05,0.08799833460914422,-0.011004547192201305,0.00023191388367967494,-0.02259077734656427,0.0015347732289554146
2010-03-16,8.405549842104754e-05,0.08801392226541649,-0.011002780331731323,0.00023219247671922927,-0.022612784515360813,0.001532734448294225
2010-03-17,8.404261833905568e-05,0.08802995990426482,-0.011001292968751939,0.00023243068270472375,-0.02263130783986258,0.0015305351811953037
2010-03-18,8.39891532888323e-05,0.08805089406269435,-0.01100031804492719,0.00023268783829466814,-0.02266298488936804,0.0015277390907463932
2010-03-19,8.395699828995163e-05,0.08806483060313759,-0.010999094963106451,0.00023275481497205333,-0.022656700823386756,0.001525220286669738
2010-03-22,8.389873711005594e-05,0.08807737464122217,-0.010998472617342487,0.0002328757888876594,-0.022707568144972032,0.0015223502955928998
2010-03-23,8.382750918683498e-05,0.08809977447813866,-0.010996428155870343,0.00023305073076445115,-0.022724199436130944,0.001520191338991579
2010-03-24,8.377693667799856e-05,0.08812207643185743,-0.01099442512985701,0.00023321249610346165,-0.022713783023889135,0.00151672912408404
2010-03-25,8.374060839402226e-05,0.08814356633252492,-0.010993181750527376,0.0002334407804603588,-0.022756231511649135,0.001514660609684334
2010-03-26,8.367684762971501e-05,0.08816132492830198,-0.010991032959670485,0.00023363446488430806,-0.02275712229755031,0.0015121987249109906
2010-03-29,8.356663023741505e-05,0.08817787873873864,-0.010989514204106434,0.00023390072398939927,-0.02271966918787075,0.0015091966921912054
2010-03-30,8.348714903564293e-05,0.08819973633926274,-0.010988010923350288,0.0002340903205656033,-0.022752714805780123,0.0015063587458139494
2010-03-31,8.342791789550139e-05,0.08821746763441801,-0.010986248525562976,0.0002343382031879499,-0.022766940119448166,0.0015047241990135722
2010-04-01,8.334778276547409e-05,0.08823651030855478,-0.01098463722907753,0.00023446616771855214,-0.02279789219940076,0.0015031101422559937
2010-04-06,8.328868409422015e-05,0.08825322844522356,-0.010983522758375863,0.00023473806068639847,-0.02279691124632377,0.0015012073862704172
2010-04-07,8.322874316598347e-05,0.08827375810251549,-0.010982024831823365,0.00023471909414120125,-0.022843886431143018,0.0014983010333344889
2010-04-08,8.317740913893518e-05,0.088291933703617,-0.010981647367247434,0.0002348732977105076,-0.022869516512530934,0.0014963440439237736
2010-04-09,8.318396484075306e-05,0.08830966741009313,-0.01098047626820495,0.00023509075278804026,-0.02286174535125772,0.0014940605777707162
2010-04-12,8.31723425760285e-05,0.08832830012082639,-0.010979305380937497,0.00023533240450954513,-0.02284239467240707,0.0014913747840540983
2010-04-13,8.31251138582564e-05,0.08834127336697445,-0.010977450659202194,0.0002353940173262402,-0.022820908585323867,0.0014888247986124896
2010-04-14,8.308982156732047e-05,0.08835562195634386,-0.010976531387284164,0.00023549770181686863,-0.022849845648616696,0.0014866949942517692
2010-04-15,8.301551757780913e-05,0.08837721681307963,-0.010974646787279132,0.00023562407100192884,-0.02286748691435546,0.0014845262736918477
2010-04-16,8.302279454625341e-05,0.08839854709073332,-0.010973173060610472,0.00023585416534934427,-0.022873391657235856,0.0014809856592065836
2010-04-19,8.299685858505132e-05,0.0884149343563373,-0.010971605319925663,0.00023585446676570543,-0.022906468148310516,0.0014792004801040656
2010-04-20,8.296254505343846e-05,0.08843533536021389,-0.010970094943079574,0.00023606420417811904,-0.02291639716917032,0.0014767439064830318
2010-04-21,8.28975292188527e-05,0.08845429347896686,-0.010968134964026523,0.00023627941727818997,-0.02291175745160688,0.0014754001495153493
2010-04-22,8.289182529516495e-05,0.08847026914525319,-0.010965862660664445,0.00023653351891532692,-0.022928647540901348,0.001473345061398045
2010-04-23,8.283633848550153e-05,0.08848504393151983,-0.010964110678366843,0.00023670033819244498,-0.022935610050763285,0.0014706551706295708
2010-04-26,8.278755699378182e-05,0.08850728247804801,-0.010962172498373193,0.0002369947414577029,-0.02296259351420133,0.0014680611917733443
2010-04-27,8.277569115220119e-05,0.08852242853250171,-0.010960646510994316,0.00023712226340810144,-0.0229449820352473,0.001465817124435022
2010-04-28,8.271507522066265e-05,0.08854027694346632,-0.010959198245729116,0.000237393516353351,-0.022949380138270074,0.0014643970193890452
2010-04-29,8.26732077490347e-05,0.08856284098897058,-0.010957323584203671,0.0002375732677628247,-0.02300698082850388,0.001462887248693258
2010-04-30,8.262192226714843e-05,0.08857826156753261,-0.01095639149302151,0.00023782056637371027,-0.02301900718103632,0.0014610389588770429
2010-05-03,8.259528234187299e-05,0.08860201189077833,-0.01095483684481614,0.00023790436846349246,-0.02298461563428488,0.0014590525428556903
2010-05-04,8.253365388352452e-05,0.08861639897693674,-0.010954077560997916,0.00023807373009306312,-0.023016639217765728,0.0014563648567249396
2010-05-05,8.246434389698496e-05,0.0886330189078447,-0.010952029927508152,0.00023821195201455822,-0.023070493641488825,0.0014542209124902925
2010-05-06,8.248112809480088e-05,0.08864796508871949,-0.010949404334146888,0.00023837764286523404,-0.023055103883963583,0.0014529691254487305
2010-05-07,8.24404880092161e-05,0.08866196379789867,-0.010948102875666738,0.00023840366759291128,-0.023082381297005246,0.00145095525922336
2010-05-10,8.239630310366e-05,0.08867859357194757,-0.010946970973285017,0.00023846949406687302,-0.023045516996839058,0.0014495548014812761
2010-05-11,8.232001790146256e-05,0.08869517836811103,-0.010945239859832086,0.00023868095279456158,-0.02305277631915511,0.0014469204100373309
2010-05-12,8.223863430832328e-05,0.08871384606321345,-0.010944087659756005,0.00023870791518362217,-0.023048423309373012,0.001445230264410524
2010-05-13,8.222410390421763e-05,0.08872913610404401,-0.01094261984382059,0.00023885356515246598,-0.023086015380238682,0.00144360899843415
2010-05-14,8.215644052579419e-05,0.08874733180304625,-0.010942087869118754,0.00023905369594793088,-0.023084570237215024,0.0014431548520853293
2010-05-17,8.209980503429873e-05,0.08876940609055638,-0.01094107548270038,0.00023927941620924422,-0.023084550465337854,0.001440962082705681
2010-05-18,8.206993111855933e-05,0.08878022474347066,-0.010939754866984615,0.0002394843034021363,-0.023093251256185575,0.0014394870639046825
2010-05-19,8.201755968027154e-05,0.08879684515875103,-0.010937364968999781,0.0002396491813549554,-0.0230807333937681,0.0014387860847768807
2010-05-20,8.199789313629805e-05,0.08880995538351467,-0.010936692507486148,0.0002397718943514185,-0.023066511175744167,0.0014369369720266404
2010-05-21,8.19035042206219e-05,0.0888216429149247,-0.010935262583705984,0.0002397177694880656,-0.023073547581874597,0.0014343566873133242
2010-05-24,8.180939438284934e-05,0.08883693924334365,-0.010934606249957514,0.00023975409676820896,-0.023111070444581917,0.0014331421534566713
2010-05-25,8.173403989717457e-05,0.08884733918206025,-0.010933783272381366,0.0002399614538915159,-0.023082471474063462,0.0014307988590283119
2010-05-26,8.162053356994274e-05,0.08886581903544923,-0.010931821540640622,0.00024008707056322713,-0.023070148552560524,0.0014294841787235897
2010-05-27,8.15602866311373e-05,0.08887928063336462,-0.010929978520509209,0.0002403659266781377,-0.023028543427393335,0.0014279634952053025
2010-05-28,8.153981762281766e-05,0.08889199441628601,-0.010929054507779534,0.00024031800242244796,-0.023038819745035764,0.0014258508367060003
2010-06-02,8.153383583651634e-05,0.08890735258812321,-0.010928352833166816,0.00024070130786971476,-0.02303165057561931,0.0014237274963069908
2010-06-03,8.149592708201392e-05,0.08892286771846926,-0.010926755480222646,0.00024085590979474242,-0.023026719096066003,0.001422021107142956
2010-06-04,8.144190915203658e-05,0.08893875089300149,-0.01092522485073561,0.00024103348813185642,-0.02301819779085241,0.00142079285507544
2010-06-07,8.139829216687764e-05,0.08895020903158601,-0.010924137421935185,0.0002411084055292042,-0.022996693996567473,0.001419276434400628
2010-06-08,8.13091291020491e-05,0.08896505822365632,-0.010922858451358314,0.0002412274783395152,-0.0229924339814127,0.0014177123874398502
2010-06-09,8.130857741996502e-05,0.08898352627880413,-0.010921118030007525,0.00024151396467428832,-0.023007117630944506,0.0014168744315250486
2010-06-10,8.130884466886697e-05,0.08899586911792087,-0.010920407042032714,0.00024171803384222116,-0.023032195970338037,0.0014147566339563356
2010-06-11,8.120712660243246e-05,0.08900531766046069,-0.010918618475892967,0.0002417546147242204,-0.0230365043676996,0.001413607980304283
2010-06-14,8.113172958612934e-05,0.08901368573638284,-0.010917430675058716,0.00024198789463842133,-0.022999972293076897,0.0014133873523937504
2010-06-15,8.10819841022289e-05,0.08902808844892003,-0.010916378883598334,0.00024203046298189006,-0.023031704271305117,0.001412515072874378
2010-06-16,8.108715138434553e-05,0.08904616046990142,-0.010915371656738667,0.00024224454840594034,-0.022999078039250602,0.0014110746866524545
2010-06-17,8.102764808585172e-05,0.08905994362467907,-0.010913660708364008,0.00024251154422354635,-0.022986600534837656,0.001409681494712437
2010-06-18,8.098616789883099e-05,0.08907971035134718,-0.010911870190566513,0.0002426116388965008,-0.023007986889237546,0.0014086594470149355
2010-06-21,8.095156261133505e-05,0.08908961159338097,-0.01091016270596534,0.00024273968566278686,-0.022999403485225285,0.0014066928168363904
2010-06-22,8.089217436600045e-05,0.08910365838274449,-0.01090877755061583,0.00024282842325286174,-0.02300127473095357,0.0014053542108004992
2010-06-23,8.083929496551912e-05,0.08911525806731856,-0.010907411781591962,0.00024288946195005518,-0.022998024119058373,0.0014042185191494136
2010-06-24,8.080465482837227e-05,0.0891330113022111,-0.010905724595582802,0.0002430759518767645,-0.023005777299575737,0.0014025036401465443
2010-06-25,8.079728358049633e-05,0.08914239193732473,-0.01090416936837819,0.00024317421453678273,-0.02301367992292158,0.0014012287633547334
2010-06-28,8.077648738559091e-05,0.08915618825213775,-0.010902682643974858,0.0002433968378153194,-0.022979104405893083,0.001399760783623014
2010-06-29,8.076555672958647e-05,0.0891694369491917,-0.01090097280290455,0.00024354529495657713,-0.022998830959105807,0.0013973486652870226
2010-06-30,8.075810070321243e-05,0.08917446205725944,-0.010900219186546548,0.00024376753771119825,-0.023003299451087568,0.0013949477801328148
2010-07-01,8.06841480346253e-05,0.08919005245333607,-0.010899000080511687,0.00024390391926035074,-0.022972643560628885,0.0013931896611531955
2010-07-02,8.065174682769956e-05,0.08920097296757447,-0.010898447059701635,0.00024416518504635505,-0.02299127865873829,0.0013917649926284655
2010-07-07,8.058991003307675e-05,0.08921610353001468,-0.010896479628145437,0.00024426157758576845,-0.022993969662960252,0.0013902352817272154
2010-07-08,8.055061475558083e-05,0.08922768447319596,-0.010895921407076705,0.00024439806357874427,-0.02299375886113411,0.001388674713016859
2010-07-09,8.048440722983729e-05,0.08924098499159962,-0.01089465010143488,0.00024466290376002286,-0.022981497831625494,0.0013868934933790392
2010-07-12,8.045037723180417e-05,0.08925252930141374,-0.0108936354879409,0.0002447964124408445,-0.02300966076281811,0.0013866909268189552
2010-07-13,8.041571786572783e-05,0.08926770747307014,-0.010893234460101382,0.00024497498571700315,-0.02300381043083872,0.001384915317249557
2010-07-14,8.035598821667667e-05,0.08927735871644346,-0.0108921816183724,0.00024508713924288996,-0.023010955917627064,0.001383181252821706
2010-07-15,8.030358952814014e-05,0.08929383453245054,-0.010891535708172292,0.00024534082575350413,-0.023010283587714946,0.0013820724580049524
2010-07-16,8.026652230640194e-05,0.0893071548754564,-0.01089017395457115,0.00024566405830093465,-0.02303451348170922,0.0013814648112940552
2010-07-19,8.030871233381133e-05,0.08931981230160499,-0.010889237963271136,0.00024580733484255463,-0.02305286819240509,0.0013800305709177688
2010-07-20,8.025745547310059e-05,0.08932829833482937,-0.010888185995809698,0.0002459416063828225,-0.02309734790279626,0.0013797351070461575
2010-07-21,8.015878629685144e-05,0.08933910622347899,-0.010887161843610502,0.00024613298735213834,-0.0230990981201981,0.001378087345820761
2010-07-22,8.011185109060708e-05,0.08935433122849187,-0.010885824769222476,0.0002463176993692999,-0.023110356674132124,0.0013772063130167104
2010-07-23,8.006931403343873e-05,0.0893648237804606,-0.010884920903446773,0.0002465452931141444,-0.023108378375551263,0.0013756146572328452
2010-07-26,8.00028365863234e-05,0.08937806557685624,-0.010884481477203778,0.00024663947872277935,-0.023112392717983203,0.001375608128379694
2010-07-27,7.999789075223717e-05,0.08938977325640993,-0.010883214397394488,0.00024671544614978226,-0.023113038915211395,0.0013743681224364112
2010-07-28,7.995459435125e-05,0.08940062417145123,-0.010881974764533557,0.00024695359633995664,-0.023090018527559993,0.00137219621809206
2010-07-29,7.994543576183786e-05,0.08941730553041849,-0.01088142069347507,0.00024711089643657675,-0.02309313407704123,0.0013710915793085866
2010-07-30,7.990136372880664e-05,0.08942841239272872,-0.010880476490724668,0.00024717003283590945,-0.023187340691538265,0.001369364823752487
2010-08-02,7.985470288253918e-05,0.0894439011303852,-0.010879367019572763,0.00024724017918467347,-0.02315970550698989,0.0013677536939934202
2010-08-03,7.980442756657237e-05,0.0894618883462174,-0.010877912715822793,0.00024739167300818164,-0.023152215982106268,0.0013662022703286344
2010-08-04,7.974137397261391e-05,0.08947721019172628,-0.010877172415282911,0.0002474811234252699,-0.02316228465073366,0.0013646750533238
2010-08-05,7.967643969548925e-05,0.08949230205388997,-0.010875916912368076,0.0002477019077239916,-0.02323123121925382,0.0013627288065264454
2010-08-06,7.960804444993206e-05,0.08950382046289003,-0.010875378877772172,0.00024774981655039237,-0.023247340250660074,0.0013616034811172683
2010-08-09,7.950401273161633e-05,0.08951330494712345,-0.010874604135322137,0.00024800781213785806,-0.023280428930112708,0.0013606284267511678
2010-08-10,7.943081882137197e-05,0.089521871418213,-0.010872531761834475,0.0002481136732503333,-0.023303923674435283,0.001358594550616686
2010-08-11,7.932797442032237e-05,0.08953394160670361,-0.010870918021023144,0.00024830258755647883,-0.02332444555146817,0.0013574546958598464
2010-08-12,7.926629360678658e-05,0.08954336585391874,-0.010869570243860267,0.00024860442055003765,-0.02337068011174455,0.0013556211399311086
2010-08-13,7.925029562203217e-05,0.08955915879345389,-0.010868641464512057,0.000248792350832777,-0.02336902921212066,0.001354653167137474
2010-08-16,7.921603074492638e-05,0.08956959294172417,-0.010867668981247306,0.0002490301648726148,-0.023364530011926975,0.0013533651711839546
2010-08-17,7.919844723843292e-05,0.0895799444497371,-0.010866508020203084,0.00024914450454185217,-0.023412226507013204,0.0013523311445485329
2010-08-18,7.917783788130319e-05,0.08959533615034017,-0.010865792658635944,0.00024936018836686227,-0.023454699201694545,0.0013524190888099864
2010-08-19,7.91195369529088e-05,0.08961121083848665,-0.01086514553428072,0.00024944345707981444,-0.02345514448071008,0.0013520625902802338
2010-08-20,7.904543977380678e-05,0.08962305317336934,-0.010863919850682748,0.0002494978900796672,-0.02349472376522932,0.0013506084787464115
2010-08-23,7.898688773236645e-05,0.08963409823138216,-0.010862903929814028,0.0002496891503324767,-0.023503845786828757,0.0013500527469610807
2010-08-24,7.897043096019129e-05,0.08964018727495136,-0.010861873551048194,0.00024985108638746277,-0.023499270032870244,0.001349043407747739
2010-08-25,7.891732813091785e-05,0.08964614112468133,-0.010860559389333299,0.0002500841856647287,-0.023511115353621846,0.0013467834986949888
2010-08-26,7.887079418354413e-05,0.08966303159515171,-0.010859679713158979,0.0002503142684654391,-0.023524453069093995,0.0013450500956840776
2010-08-27,7.883265109703656e-05,0.08967620759322481,-0.010858357862383516,0.0002505649310641629,-0.023526469092865605,0.0013435354180142316
2010-08-30,7.878496978256408e-05,0.08969343861487514,-0.01085712996639174,0.00025069641628737617,-0.023558004748713217,0.0013416938114707486
2010-08-31,7.875990581738698e-05,0.0897053669356651,-0.010855904668706985,0.00025080368148941266,-0.02360992546623123,0.0013412689547819938
2010-09-01,7.872196172330105e-05,0.08972206231594305,-0.010854881260059564,0.000251136897525285,-0.023640753628705234,0.0013402249806177243
2010-09-02,7.863823154380158e-05,0.08973602331355902,-0.010852930945984806,0.00025119420863835675,-0.02368057324331141,0.0013398760463700196
2010-09-03,7.858324344465462e-05,0.08974672911595813,-0.010852216808142419,0.0002514394465592238,-0.02365812923419406,0.0013390471990812186
2010-09-08,7.852656027138247e-05,0.08975587086772166,-0.010851401814356131,0.00025162757661944906,-0.023675157458086196,0.0013378106911499136
2010-09-09,7.845787164085232e-05,0.08976872943371206,-0.010850184122885864,0.00025170115644715754,-0.02371934055986711,0.0013370038604030938
2010-09-10,7.840110938297175e-05,0.08977869529251027,-0.010849133424076783,0.0002519088077652766,-0.023722539581556158,0.0013360023650245212
2010-09-13,7.834162602295165e-05,0.08978865147972433,-0.010848087006443189,0.0002521878946531239,-0.023737099373083687,0.0013355316285087776
2010-09-14,7.828062975733122e-05,0.08979314394277407,-0.010846745659166329,0.00025246605322534033,-0.023773945982966997,0.0013343008472242262
2010-09-15,7.82081008215886e-05,0.08980689216312782,-0.010844768799590137,0.00025251706414293186,-0.02376497212082524,0.0013331057379292952
2010-09-16,7.815245215868208e-05,0.08982047636939852,-0.010843984198334879,0.00025255440758561066,-0.023783922153733622,0.0013314113091865303
2010-09-17,7.805328428751668e-05,0.08982969585900427,-0.010843605930955078,0.0002527123867132204,-0.0238273134507834,0.0013299538979887064
2010-09-20,7.799505329393064e-05,0.08983964425583552,-0.01084238845841368,0.0002528492781238691,-0.023822739742708647,0.0013297862020145075
2010-09-21,7.79544510169721e-05,0.08984380128542037,-0.010841761281226388,0.000253040840980559,-0.023821941554003606,0.0013279953110593213
2010-09-22,7.786386028829908e-05,0.08985234896067518,-0.010841235492064507,0.0002532873620115954,-0.023802406461885896,0.0013262704115384642
2010-09-23,7.786404131495421e-05,0.08986006633115015,-0.010840298229878998,0.000253462783628551,-0.02379853688218385,0.0013258269441448146
2010-09-24,7.774739827347823e-05,0.08987109686997619,-0.010839912310204867,0.00025348265399640745,-0.02379321777145242,0.001324454222192502
2010-09-27,7.772714602025465e-05,0.08988464603050325,-0.010838796292428619,0.000253566359278781,-0.023788686242861866,0.001323892954660222
2010-09-28,7.766194799682488e-05,0.0898941956994002,-0.010837553271223623,0.00025375599404084767,-0.023785273139653368,0.0013234696682979455
2010-09-29,7.756939226814131e-05,0.08990833601139592,-0.010836624886956277,0.00025381208385739614,-0.023829041823743236,0.0013226568406414908
2010-09-30,7.746456102197782e-05,0.08991485503178101,-0.010835728172952504,0.00025392351530992887,-0.02384477781551314,0.0013217462751461983
2010-10-01,7.740686500160929e-05,0.08992826095682101,-0.010834224583556241,0.0002540207293854411,-0.023853554713939518,0.0013202862363409416
2010-10-04,7.734743857072117e-05,0.08993829280902113,-0.010834172482310035,0.0002539831157318699,-0.02384557179671614,0.0013188021345820903
2010-10-05,7.724685397369648e-05,0.08994973411645465,-0.010832824318235335,0.0002540703256243302,-0.02384406750584936,0.001318567635694207
2010-10-06,7.7192321514394e-05,0.08995635191714638,-0.010832431773211854,0.00025434769722624677,-0.023862631990647816,0.001316851124405747
2010-10-07,7.713157157978847e-05,0.08996221500167684,-0.01083192298948134,0.0002546783760545286,-0.023864020996780637,0.0013164333277619084
2010-10-08,7.704551144093084e-05,0.08996957028180037,-0.010830986279155156,0.0002548885430295321,-0.023875424443727804,0.0013153133425874892
2010-10-13,7.700156496212875e-05,0.08997530420697275,-0.01082996720915795,0.00025508744534410917,-0.023895479280264302,0.0013145899056619483
2010-10-14,7.693699604303516e-05,0.08997798010698542,-0.010828709990222346,0.0002553482024157436,-0.023907752878948488,0.0013127635776949598
2010-10-15,7.685287846218533e-05,0.0899859760855042,-0.0108277527091261,0.0002555358262134854,-0.023924580486516404,0.001312410337038581
2010-10-18,7.680736416880304e-05,0.08999555533479199,-0.010827161919566262,0.00025582175644865235,-0.0239402066000109,0.0013122753274952654
2010-10-19,7.67521650667537e-05,0.09000576590891343,-0.010825896526075764,0.0002559631994352093,-0.023949861393130566,0.001310874035098048
2010-10-20,7.670576346411259e-05,0.09001093047388653,-0.010824993641879447,0.000256237941494219,-0.02394591303107823,0.001310211477445948
2010-10-21,7.656838452711369e-05,0.09001750900732729,-0.010823662512421414,0.00025623390411427707,-0.02397060841350205,0.0013093366401947786
2010-10-22,7.650740368930726e-05,0.09002736011865459,-0.010823086232687856,0.0002565035793607961,-0.02399705017409387,0.0013083348720113186
2010-10-25,7.642844197611559e-05,0.09003764861365948,-0.01082217589017388,0.0002566413470511858,-0.02401151246668621,0.0013075955545179927
2010-10-26,7.633835128972238e-05,0.09004872347673126,-0.010821245831455599,0.00025687333620381155,-0.024011235644760827,0.0013064133483358946
2010-10-27,7.630556507800963e-05,0.09005769506028076,-0.010820114585388499,0.00025708891897890186,-0.024048203225565244,0.0013057348202850996
2010-10-28,7.626026129863356e-05,0.09007233020967574,-0.010819305062468337,0.0002572415868056542,-0.024038987486083352,0.0013045599836408617
2010-10-29,7.618973628724622e-05,0.09008763153683685,-0.010818502595500013,0.00025750993448705653,-0.024045123373507442,0.0013039902249210662
2010-11-01,7.610311965426423e-05,0.09009410980711949,-0.010818293685760462,0.00025761477087786185,-0.024068010514834454,0.0013025544729666986
2010-11-02,7.603647840670413e-05,0.09010423967688728,-0.010816654360852454,0.0002577549081083858,-0.024100356471325454,0.001301513734763243
2010-11-03,7.592418871972774e-05,0.09011044130112532,-0.010815614340564418,0.0002579971832983061,-0.02407654858550467,0.001301072768918099
2010-11-04,7.588720410584953e-05,0.09012078942617222,-0.010814535230169484,0.00025818234411247325,-0.024054189892110327,0.0013002126762717298
2010-11-05,7.580564268581178e-05,0.09012652289362998,-0.010814351660801308,0.0002582730225621409,-0.024087234615819242,0.0012993944212072246
2010-11-08,7.574149662242894e-05,0.09013425494628478,-0.010813839308184713,0.000258455513334984,-0.024089765821822352,0.0012982084002656563
2010-11-09,7.566461461579862e-05,0.09014338139820482,-0.010812808803540897,0.0002586444495213648,-0.024142007333360298,0.0012967429662213395
2010-11-10,7.561708209344178e-05,0.09014922592733873,-0.010811810001529545,0.00025878111881488656,-0.024145960687764888,0.0012954638297368241
2010-11-15,7.557198353215688e-05,0.09015663297347187,-0.010810296942875032,0.00025898800639184987,-0.024171099707994054,0.0012949879977163408
2010-11-16,7.547940132784936e-05,0.09016125452606118,-0.010809691968120816,0.0002591400545117158,-0.024190058395073544,0.001294246389648758
2010-11-17,7.543975141850834e-05,0.09016858947805095,-0.010808927957029903,0.00025924840075721697,-0.02420256486295283,0.0012946634424759874
2010-11-18,7.540382688898438e-05,0.0901770432509747,-0.01080789451010218,0.0002595122575884757,-0.024207412877414694,0.0012931513062791097
2010-11-19,7.537237252463603e-05,0.09018276552840958,-0.010806607847913471,0.00025964275104534563,-0.02423160300045972,0.0012926314231537482
2010-11-22,7.529077479849311e-05,0.09018726770398477,-0.010805545226145298,0.0002598991747585367,-0.02424787323482397,0.0012919189813740764
2010-11-23,7.522483056214171e-05,0.09019919785326741,-0.010804514373731387,0.00026018967409807844,-0.02427925291145181,0.00129147296498981
2010-11-24,7.519750035931808e-05,0.09020822706738219,-0.010803673239479884,0.00026030602850902736,-0.024292469648802877,0.0012905210753922625
2010-11-29,7.515045958747448e-05,0.09022289997364283,-0.010802298952947336,0.00026041706925896937,-0.024281085987377514,0.0012902665750168978
2010-11-30,7.508994125085524e-05,0.09022938843946614,-0.010800699385171957,0.00026047735382505406,-0.024281550535108568,0.0012886866740453406
2010-12-01,7.499908504695633e-05,0.09023661932667834,-0.010799097609473507,0.00026070432128615746,-0.024322936704519314,0.001288469544349052
2010-12-02,7.498451851210733e-05,0.09024599456325905,-0.010798392864984897,0.00026091042841592865,-0.02432685303807299,0.0012871016385682305
2010-12-03,7.493974647685709e-05,0.09025406188744592,-0.010797317181219379,0.0002610432194653817,-0.024376089145130134,0.0012856110961295191
2010-12-06,7.489896262728927e-05,0.09026116254817433,-0.010796190684560676,0.00026120487875267784,-0.024405070045729067,0.0012848613785994567
2010-12-07,7.486214838908599e-05,0.09026385293017937,-0.010794932176400054,0.0002613711024621418,-0.024446712219776616,0.0012846808266184667
2010-12-08,7.478720109238332e-05,0.09027230442763846,-0.010794651195480322,0.0002615072335746752,-0.024490292660356683,0.0012842799838980296
2010-12-09,7.478496872692295e-05,0.09028248006559178,-0.010793944372611577,0.00026169064699060185,-0.02452556900106831,0.0012828133855871773
2010-12-10,7.467007105430188e-05,0.09029244374476243,-0.010792472115015625,0.000261887618938303,-0.02449429030996987,0.0012820384674884088
2010-12-13,7.460347991268798e-05,0.09029745227088888,-0.010791233752668689,0.0002620408445528811,-0.02451133681063976,0.001281360754850967
2010-12-14,7.455051507218518e-05,0.09030272589109956,-0.010789542627239105,0.00026222672201699324,-0.0244926987475124,0.001280426381028602
2010-12-15,7.444424416873218e-05,0.09031616972810541,-0.010788094258824741,0.0002625448381206787,-0.024499888209493177,0.0012797979464098054
2010-12-16,7.441301721248535e-05,0.09032482039902355,-0.010787071680246552,0.000262699598585899,-0.024499405716147463,0.0012787571427927647
2010-12-17,7.433718086764473e-05,0.09032996305170025,-0.010785662790957794,0.0002629842379219386,-0.024522548937590587,0.0012794900098471516
2010-12-20,7.434762673437201e-05,0.09033497494514534,-0.010784418980933155,0.0002630873099222051,-0.02450831206991612,0.001279171598019913
2010-12-21,7.429763354782975e-05,0.09034121499935921,-0.010783621519375241,0.0002632924168921463,-0.02451342854178773,0.001278716400812745
2010-12-22,7.426959369894368e-05,0.090348825205149,-0.010783025859267777,0.0002633379944125521,-0.024515233478365685,0.0012780910764444075
2010-12-23,7.424712513176503e-05,0.0903568552650221,-0.01078293515888434,0.0002636196206145828,-0.02453940859508165,0.0012769977930610233
2010-12-28,7.417934230437721e-05,0.09036406480669247,-0.010782827576378924,0.00026389021260303215,-0.024556548315302913,0.0012764433586277936
2010-12-29,7.412562143919535e-05,0.09037132422365407,-0.010781518084534005,0.0002640983165379859,-0.02456257471085351,0.001275678039324936
2010-12-30,7.400267398362305e-05,0.09037551424161464,-0.010780486205666987,0.00026424124342352533,-0.024589211840164313,0.0012754174700352447
2011-01-03,7.38735151268683e-05,0.09037985340558775,-0.010780019271002009,0.00026439906894516215,-0.024603020533934608,0.0012748217427259712
2011-01-04,7.379858049869528e-05,0.0903920823128124,-0.010779287729538924,0.0002644946524911271,-0.024625958370288553,0.0012740162040029853
2011-01-05,7.38064321009473e-05,0.09040076040196295,-0.010778925271615789,0.00026454543575923613,-0.024629912323653656,0.0012739405740233706
2011-01-06,7.373796160453194e-05,0.09041057288299904,-0.010778317992213973,0.00026463071873575523,-0.024633589794894654,0.001273327021993865
2011-01-07,7.36616604613369e-05,0.09041878123489003,-0.01077717494532508,0.0002647042085615077,-0.024663484024254716,0.0012722890817091301
2011-01-10,7.355932113994633e-05,0.09042646190976412,-0.010776352328041416,0.0002649071601073822,-0.024743176126377414,0.0012721348996496693
2011-01-11,7.35586596746007e-05,0.09043190010183008,-0.010775735862783027,0.00026514677989130845,-0.024727100375841374,0.0012717679322731088
2011-01-12,7.349133384739826e-05,0.09044108357007785,-0.010774082809134337,0.00026523771763882297,-0.024722255297454823,0.0012701157347653706
2011-01-13,7.349280330493366e-05,0.09045118057225368,-0.010773488144852041,0.0002653136044850316,-0.024701387009070604,0.001269615164100334
2011-01-14,7.347008820939831e-05,0.09045968108210906,-0.010772493210441504,0.0002655188778683073,-0.024668065467496808,0.0012699353799634776
2011-01-19,7.340059453622655e-05,0.09046486891277918,-0.01077111847186963,0.00026568098322549404,-0.024620351444860113,0.0012682066245404246
2011-01-20,7.330778337940668e-05,0.09046872618454108,-0.01077057888950743,0.0002659583494302402,-0.024652841456456756,0.0012676745372100962
2011-01-21,7.323331321549775e-05,0.09047420046128057,-0.010769409854262765,0.00026613662419185314,-0.024653881106654903,0.0012665673019096255
2011-01-24,7.316567452676898e-05,0.09048275659252593,-0.010768052502400347,0.0002662821014415411,-0.02464766241085932,0.0012661170707600534
2011-01-25,7.308008850375197e-05,0.0904878173118508,-0.010766831007303877,0.00026646397517021025,-0.02467410494698754,0.0012651959131034266
2011-01-26,7.303594871825224e-05,0.0904914046704409,-0.010765721914486773,0.00026667723159537845,-0.02466444403862332,0.001264981000530735
2011-01-27,7.292613459195131e-05,0.09049651483787896,-0.010764633166997058,0.0002669039798192836,-0.024693025859854105,0.0012644025188168037
2011-01-28,7.281330611779794e-05,0.0905052309273773,-0.010763560448196688,0.00026712413734566575,-0.02472321150471067,0.0012630864133971937
2011-01-31,7.282446868824875e-05,0.09051166818738123,-0.010761882018587327,0.0002673861125347535,-0.024760073244008786,0.0012628748973625278
2011-02-01,7.275005621484566e-05,0.09051541922669634,-0.010761663387101559,0.0002675771001856103,-0.0247672918535059,0.0012619468833695868
2011-02-02,7.272044042336907e-05,0.09052197642138857,-0.010760991221136683,0.0002677238112082903,-0.02475622993590597,0.0012618550682124536
2011-02-03,7.266674354268726e-05,0.0905303265062958,-0.010760341145163846,0.0002678263185293088,-0.02478765063187817,0.0012617882382209324
2011-02-04,7.264519861400613e-05,0.09053839296462443,-0.010758877438269508,0.0002679232116738546,-0.024814739246262284,0.0012609183567027513
2011-02-07,7.257704120333395e-05,0.09054135976971715,-0.010757465371122547,0.0002681107802250481,-0.024803792662389718,0.0012610653209639893
2011-02-08,7.246139332537911e-05,0.09054819020631026,-0.010756757570610894,0.00026828164101678424,-0.024798896298836248,0.0012605631415013641
2011-02-09,7.237807589506202e-05,0.09055396186197234,-0.010755726122441849,0.0002684205396932771,-0.024850601730542987,0.0012599063209700859
2011-02-10,7.232603862145824e-05,0.09056346878084817,-0.010754924537285977,0.0002685451772069014,-0.02490325438043639,0.001258812098150576
2011-02-11,7.226354783906458e-05,0.09057389141578459,-0.010753880180803387,0.0002686346954208174,-0.024904416880804484,0.0012582106931453589
2011-02-14,7.219836055337195e-05,0.0905829123355456,-0.010752777713993756,0.0002688531234788537,-0.0248648071513745,0.0012570381997238146
2011-02-15,7.216456314008295e-05,0.09058793839843153,-0.010751904068845845,0.0002690097081721758,-0.024856134981453733,0.0012570428746792716
2011-02-16,7.210022222569206e-05,0.09059586122773665,-0.010751435441928251,0.00026922042401832124,-0.024872338944454758,0.0012560630608823412
2011-02-17,7.203754564004728e-05,0.09060330421932228,-0.010751582185071835,0.0002693178255384779,-0.02492360538763093,0.001255239496127223
2011-02-18,7.193630070053158e-05,0.09061136504287831,-0.010751130343232327,0.00026951395654132253,-0.024930049345314315,0.0012545445556269713
2011-02-23,7.184190471206024e-05,0.09062185528269547,-0.010750664139956028,0.0002697669578887166,-0.024952728286469585,0.0012533451338076185
2011-02-24,7.175500675504019e-05,0.09063281632508553,-0.010749301542596606,0.00026998344300766783,-0.02499401114718587,0.001252129205213393
2011-02-25,7.171925725312509e-05,0.0906392943381513,-0.010748396292713515,0.0002701264503113316,-0.024980567972710192,0.001251214992639763
2011-02-28,7.162938889724607e-05,0.09064471930216536,-0.010747746691203038,0.000270263804380893,-0.024946409871877975,0.0012506424044994085
2011-03-01,7.15774671606347e-05,0.0906547103079969,-0.010746668749265269,0.0002704893623448491,-0.024953557088624338,0.0012494154713324733
2011-03-02,7.154885363713022e-05,0.09066131032725584,-0.010746633526412447,0.0002706883979225528,-0.024961982716214665,0.0012488734075108412
2011-03-03,7.142346302368655e-05,0.09066377940250571,-0.010745049468144838,0.0002707880847782191,-0.024994694489761625,0.0012479251080064714
2011-03-04,7.131270611603648e-05,0.09066651851649835,-0.010744168983782144,0.0002710315211199869,-0.024993600497232503,0.0012471896292792918
2011-03-07,7.125608889179922e-05,0.09067382080263119,-0.010743748576068633,0.00027137685641188427,-0.02499534639762155,0.001246099088869818
2011-03-08,7.118253155839985e-05,0.09067991219813508,-0.010743880864600736,0.00027156499186170845,-0.02503052162065888,0.00124497333332172
2011-03-09,7.112829534283118e-05,0.09068682178346438,-0.010742390303597728,0.00027172623320829975,-0.02500660167593647,0.001244575965942333
2011-03-10,7.106144373935454e-05,0.09069626996670041,-0.010741804831450203,0.00027194915667748875,-0.02502890037670495,0.0012441241713599858
2011-03-11,7.096283462242463e-05,0.09070446418486808,-0.010740989189129453,0.000272136508758094,-0.025058659141062443,0.0012432010774219833
2011-03-14,7.0909514854087e-05,0.09070984629009388,-0.010740651499928706,0.000272328002731701,-0.025047393948996848,0.0012422573983751689
2011-03-15,7.084689113418346e-05,0.09072169179694696,-0.010739395078399395,0.0002726154173334985,-0.025045050766029746,0.0012408209188845614
2011-03-16,7.074297468384688e-05,0.09072589053271184,-0.010738191534494916,0.0002727660798259677,-0.0250906297617031,0.001239611097975111
2011-03-17,7.06769273019449e-05,0.09073418616078635,-0.010737972079145472,0.0002729924547287972,-0.025105962596168492,0.0012397496351840573
2011-03-18,7.056855851193084e-05,0.09073967894846428,-0.010737156937887633,0.0002730567032866556,-0.02514997186572214,0.0012396702526155723
2011-03-21,7.048176952358483e-05,0.0907491002568554,-0.010736440814704314,0.00027334145888911456,-0.025222612544354046,0.0012396135334753707
2011-03-22,7.045348565334645e-05,0.09075643058553313,-0.010735818667708202,0.000273516738493836,-0.02524750830158632,0.0012400861435817878
2011-03-23,7.04004061693731e-05,0.09076750146022047,-0.010734082593542827,0.00027373814543902404,-0.025220827101254964,0.001239571134335468
2011-03-24,7.040082835393455e-05,0.09077577183521617,-0.010733487659036287,0.00027377603958512797,-0.025238426354600135,0.0012392810831338883
2011-03-25,7.03896669880188e-05,0.0907893955278965,-0.01073339556303216,0.0002739127204823475,-0.025300620817570556,0.0012391882096105438
2011-03-28,7.031947015156612e-05,0.0907991587053191,-0.010732838422412377,0.0002739487550836871,-0.025303060009235316,0.0012388907280530912
2011-03-29,7.023693961163003e-05,0.09080477810421345,-0.010732149525246116,0.0002741262393660404,-0.025344909926652066,0.001238786101288989
2011-03-30,7.014020572884339e-05,0.0908078696340616,-0.010731423139835796,0.00027431912385877494,-0.025352682368873176,0.0012387271873170933
2011-03-31,7.009194113742291e-05,0.09081142421542637,-0.010730430020772251,0.00027441603987824603,-0.02541204110729752,0.0012386630988246241
2011-04-01,7.005387012682491e-05,0.0908158839697493,-0.010729558155053498,0.00027467259076950987,-0.025438652711400653,0.0012387971141480808
2011-04-04,7.001079199109735e-05,0.09082729774498342,-0.010728525469289086,0.00027473551804743776,-0.025507100161522606,0.0012386861789720227
2011-04-05,6.996315102852756e-05,0.09083420483829233,-0.01072719293877536,0.00027480083061897964,-0.025517919482302087,0.0012392380303803373
2011-04-06,6.990203723220073e-05,0.09083995077540069,-0.010726849417769472,0.000274934306300042,-0.025539665755160854,0.0012387025434438233
2011-04-07,6.982327567372315e-05,0.09084702721980997,-0.010726981682199776,0.0002750848580486856,-0.025564267777035875,0.0012387222275046061
2011-04-08,6.9758101574462e-05,0.09085106005707184,-0.010725610785686422,0.00027540450975571977,-0.02556376289538327,0.0012382387387827151
2011-04-11,6.96473720144514e-05,0.09085285399157698,-0.010724021540113508,0.000275459576995523,-0.02555175884826271,0.0012377844878785804
2011-04-12,6.960037793922135e-05,0.09085979533404534,-0.010722410081064693,0.00027561449793206936,-0.025577427934147426,0.00123663994666044
2011-04-13,6.956206332841355e-05,0.0908724448489498,-0.010721321182359096,0.00027570771247443414,-0.025607298511792304,0.0012364187328572972
2011-04-14,6.95050550196952e-05,0.09088347479368558,-0.010720056165470733,0.0002757567186281895,-0.025633506457168505,0.0012356367173600674
2011-04-15,6.940954859827159e-05,0.09089310206486714,-0.010719008840884347,0.00027598026174979946,-0.025671148139534375,0.0012352135283831632
2011-04-18,6.932603218842568e-05,0.09089795751770656,-0.010718727155298048,0.00027614722462363254,-0.025668967853770285,0.0012352725485086998
2011-04-19,6.920092536406057e-05,0.09090816618367692,-0.010718250367324714,0.0002762750646301168,-0.025707106993061467,0.0012352517101171022
2011-04-20,6.910833352172417e-05,0.09091565382420258,-0.01071788738784908,0.00027622754434552567,-0.0257003140848737,0.0012349730547435507
2011-04-21,6.90219533411377e-05,0.09092068681577058,-0.010717765393415377,0.0002763707530066392,-0.025711130996190164,0.0012347173676583822
2011-04-26,6.898626053454916e-05,0.0909221867312839,-0.010716582176590267,0.00027642496252750317,-0.02571024815379886,0.0012343836085351866
2011-04-27,6.88952731722331e-05,0.0909255267785486,-0.010716073263526003,0.0002766755358118264,-0.02575951890267708,0.0012339908941912713
2011-04-28,6.881734386572238e-05,0.09093132592675318,-0.01071587448132422,0.0002767892400088463,-0.025783796509938763,0.0012325183246241892
2011-04-29,6.87864248296466e-05,0.09093445174118377,-0.010715565619601625,0.00027689419166904286,-0.025791810312739596,0.0012331385338131796
2011-05-02,6.873411175065195e-05,0.09093619818106836,-0.010714328521892198,0.0002770328715471392,-0.025776852887687503,0.0012338575121532182
2011-05-03,6.85911933560449e-05,0.0909401752832532,-0.01071374075190809,0.00027720384911739733,-0.0257773718240778,0.0012340262201568362
2011-05-04,6.856395283919864e-05,0.0909465878410295,-0.010712806652779329,0.0002774629842938561,-0.02577248309118444,0.0012344523695474855
2011-05-05,6.855078640345005e-05,0.09095223397736071,-0.010711879843046647,0.0002775752579506957,-0.025757040093462906,0.0012345416266628625
2011-05-06,6.850805083877547e-05,0.09096127239660201,-0.010711415699765204,0.0002777808794362242,-0.025791243562610783,0.0012345479313233033
2011-05-09,6.842309500157604e-05,0.0909663809204535,-0.01071102361369221,0.00027797316884350053,-0.025823467827858444,0.0012331038660015202
2011-05-10,6.832614876180705e-05,0.0909709922930986,-0.010711240407150921,0.0002781833026275551,-0.02580311139224893,0.0012331581587580356
2011-05-11,6.822551722123819e-05,0.090974624809669,-0.0107103650800613,0.0002783147502237888,-0.025785636741234713,0.0012332392783385904
2011-05-12,6.809876792311538e-05,0.09097854845709556,-0.010709755208411395,0.00027838606510439376,-0.025826621671120154,0.0012333760244669517
2011-05-13,6.804888992804979e-05,0.09098307703645737,-0.010708209215322331,0.00027855896566966146,-0.025851258239437243,0.0012322061745256648
2011-05-16,6.799459557165556e-05,0.09098387509253643,-0.010707762292186724,0.00027868914336151156,-0.025896153483625596,0.0012328108717951046
2011-05-17,6.785405724629643e-05,0.0909931470327644,-0.01070753508856651,0.0002786752786719777,-0.025943024766089423,0.001233155495125611
2011-05-18,6.777241296434806e-05,0.091004320945219,-0.010707255231832071,0.0002787845257406837,-0.02598406572288043,0.0012333546712505281
2011-05-19,6.771369695620941e-05,0.09100722969388914,-0.010706727017991604,0.0002788429770645972,-0.025991503072186638,0.0012329495739049066
2011-05-20,6.762737250744891e-05,0.09100800055398742,-0.010706165971458704,0.0002789191420261429,-0.025986672521864103,0.0012320568509492568
2011-05-23,6.762764310739539e-05,0.09100866824318267,-0.010705253689441847,0.0002789385999063632,-0.026008789530275064,0.0012317670010191717
2011-05-24,6.76070196761723e-05,0.09101820294843088,-0.010704953080646978,0.0002791474848818727,-0.026025717880959906,0.0012307240510516044
2011-05-25,6.748777003546252e-05,0.09102372565324916,-0.010704385601639199,0.00027937732492515496,-0.026040825401388537,0.0012309232478984623
2011-05-26,6.742061561364466e-05,0.09103203629466025,-0.010704670184292438,0.0002795402488258947,-0.02603793614759268,0.001229521097466951
2011-05-27,6.734474565486283e-05,0.09103409935970481,-0.010703463362592732,0.00027964467476084627,-0.025993119632044655,0.0012286509198088454
2011-06-01,6.730260954099964e-05,0.09103182519890532,-0.01070304889319185,0.0002798375251342636,-0.026011690556328272,0.001228961056235355
2011-06-02,6.719209257101179e-05,0.09103373447535254,-0.010701825706721223,0.0002799698408976364,-0.026061845998908727,0.0012290501500158933
2011-06-03,6.708373303255326e-05,0.09103902289221945,-0.010701161408900582,0.0002801397374209039,-0.026018747640988237,0.0012290529892107754
2011-06-06,6.696341340855618e-05,0.09104427486453613,-0.010701032663540493,0.00028020497662849524,-0.02600334615523344,0.001228491227919346
2011-06-07,6.689449567392173e-05,0.09105214316913027,-0.010700290383882156,0.00028040731267757387,-0.02596261271194119,0.0012290074120511548
2011-06-08,6.683311153696926e-05,0.0910579614882863,-0.010700212767908565,0.00028052781447697163,-0.025969601442207377,0.0012293453428762768
2011-06-09,6.674314971815599e-05,0.09105918057473544,-0.010699893464714092,0.00028077763537972915,-0.02596074810039572,0.0012295891162283606
2011-06-10,6.669506355828838e-05,0.09106005852512516,-0.010698921321731156,0.0002806761389109885,-0.025970573223104393,0.0012296154722339437
2011-06-13,6.664469621858184e-05,0.09106244011406459,-0.010697914140026948,0.00028077213499734933,-0.02596217281957945,0.001229539596951501
2011-06-14,6.65937874925855e-05,0.09107009982904643,-0.010696988212761032,0.00028100497369960224,-0.025991518618867802,0.0012301189530347205
2011-06-15,6.649555660214786e-05,0.0910747476533706,-0.010695746832383658,0.00028121318405778685,-0.026003941654912342,0.0012306435301451789
2011-06-16,6.642520783044154e-05,0.09108139733467872,-0.010695173919265773,0.0002814620831665276,-0.02602136577063826,0.001230598006224409
2011-06-17,6.638436886303195e-05,0.09108270659399356,-0.010694194480339238,0.0002816717802488374,-0.026052074283257287,0.001231455172584831
2011-06-20,6.625182257377979e-05,0.09108601234094024,-0.010692990870875411,0.0002819283066244908,-0.02604261137931637,0.0012307375800278346
2011-06-21,6.615960915777837e-05,0.09108814809965964,-0.01069317886187315,0.0002820489884284488,-0.026066241060973043,0.0012309801829040888
2011-06-22,6.606291425213139e-05,0.09109476193391426,-0.010692702255009168,0.00028221814264575056,-0.026105268683315773,0.0012307202784884932
2011-06-23,6.598560002272869e-05,0.09110038446773372,-0.010692003787344487,0.0002824096668825284,-0.02611854726907019,0.0012310518224053508
2011-06-24,6.587469686530847e-05,0.09109930569303876,-0.010691501562683909,0.0002824064460116542,-0.026123455718017656,0.00123055027091019
2011-06-27,6.579625490124282e-05,0.09110671851153146,-0.010690534333859188,0.0002825036011773474,-0.02612518516489036,0.0012302381601227374
2011-06-28,6.575912106355922e-05,0.09111018358491219,-0.010690025771272219,0.00028249590342447755,-0.02610203105048918,0.0012297000195918809
2011-06-29,6.573115466294488e-05,0.0911128360883539,-0.010690072811343383,0.00028252580727533246,-0.026124260522354746,0.0012295034374057723
2011-06-30,6.571220018328181e-05,0.09111633376233941,-0.010690079584412489,0.0002826327386239578,-0.026143850853434673,0.001230037974317379
2011-07-01,6.564962909229434e-05,0.0911152851193237,-0.010689826766315063,0.00028267711450859516,-0.02613768212019943,0.0012306120332730448
2011-07-06,6.555964611712657e-05,0.09111912902342129,-0.010689520651755297,0.00028279967366945553,-0.026139890524397545,0.001231058592581565
2011-07-07,6.550137635162584e-05,0.0911215252765297,-0.01068902694186983,0.0002829787263795944,-0.026165499525969957,0.0012304133766754533
2011-07-08,6.534900695726544e-05,0.09112763252318068,-0.010688541720770769,0.00028314784609769265,-0.026162489504133912,0.0012309436456911132
2011-07-11,6.525889008166845e-05,0.09112608571804134,-0.010688656086604704,0.0002833779676137369,-0.026181596582104026,0.0012313461597874189
2011-07-12,6.520019317950448e-05,0.09113267113737605,-0.010688860355989533,0.0002836026437523835,-0.026224655478984636,0.0012314741913913606
2011-07-13,6.513120385928992e-05,0.09113534482543584,-0.010688607232743121,0.0002837415007494249,-0.026205984925756085,0.0012325431290034607
2011-07-14,6.498950811916027e-05,0.09113551355662804,-0.010688271282593687,0.000283911181931712,-0.026206160047633563,0.0012315624233922504
2011-07-15,6.492142307255927e-05,0.09113846496486573,-0.01068767977678824,0.0002840170255102026,-0.026237848653762316,0.0012316100238681134
2011-07-18,6.491703726384047e-05,0.09114146339751966,-0.010687735888381619,0.0002839853645533811,-0.026222751267020956,0.0012311639798431619
2011-07-19,6.479816208590593e-05,0.09113899935652212,-0.010688293183727975,0.0002841746060582738,-0.026229838223292445,0.0012319958057333893
2011-07-20,6.476497979008384e-05,0.0911407591934456,-0.010688665842062838,0.0002843164136831955,-0.026208864296518447,0.001231909987428999
2011-07-21,6.462126774107126e-05,0.09113885711050596,-0.010688655616396385,0.00028443298173813007,-0.02625762716151417,0.0012316247929864755
2011-07-22,6.453425526376399e-05,0.09114263643012072,-0.010688858672868114,0.0002846840113394756,-0.026271868223826877,0.0012321668806273842
2011-07-25,6.448308639637825e-05,0.09114606792817631,-0.010689386991684174,0.00028477917509078755,-0.026313698472131532,0.001232775206411503
2011-07-26,6.443309196059936e-05,0.09115425068609659,-0.010689541915377646,0.00028493069392264783,-0.026348568628658156,0.001233584233597257
2011-07-27,6.435249723040192e-05,0.09115961857574749,-0.01068925144393083,0.00028510719725639394,-0.026363230399335122,0.0012341261451927113
2011-07-28,6.427412868639199e-05,0.09115979604581191,-0.010688817736841931,0.00028525827527843876,-0.026396864138220164,0.001235130665881878
2011-07-29,6.421828090422223e-05,0.09115872943401226,-0.010688730465925078,0.00028542328145887176,-0.026413082768340153,0.0012353994084662327
2011-08-01,6.414832608630058e-05,0.09116098280803293,-0.010688592292527261,0.000285584796131149,-0.02643247255883633,0.0012354823640155351
2011-08-02,6.411535087096547e-05,0.09116445615023479,-0.010687714135523026,0.00028567211098802405,-0.026421870918035488,0.0012353976833017046
2011-08-03,6.400484538532052e-05,0.09116461026989507,-0.010687587563050542,0.0002857781613775066,-0.02644796885346956,0.0012352074954799547
2011-08-04,6.393943705401924e-05,0.09117054065156381,-0.010687232966048501,0.00028584631925915793,-0.02643882832914743,0.001235114909215114
2011-08-05,6.386556905106823e-05,0.09117272947177177,-0.010686790925515062,0.000286047948396156,-0.026421974929897174,0.0012363095785707025
2011-08-08,6.37747787919904e-05,0.09117892115514752,-0.010686800286678783,0.000286255666326014,-0.026454941316324893,0.0012367901993866636
2011-08-09,6.369543617655232e-05,0.09117814781865176,-0.010686628763561848,0.0002864203126898715,-0.026472884141393337,0.0012367034861078625
2011-08-10,6.363422470873009e-05,0.09118291064557049,-0.010686091656239384,0.0002865848509408115,-0.02650164407220138,0.0012366672396460503
2011-08-11,6.358907841680781e-05,0.09118874802139737,-0.01068522666031507,0.0002866511892364788,-0.0265206040370412,0.0012375233745670073
2011-08-12,6.349746066500948e-05,0.09119497319496417,-0.010683935353941208,0.0002868135807514073,-0.02652778056630386,0.0012381547002859113
2011-08-15,6.342706862026328e-05,0.09119827707670822,-0.010683673322641597,0.0002869513589414153,-0.02652400447595475,0.0012378153897803761
2011-08-16,6.340532588821723e-05,0.09120223988145881,-0.010683429283522257,0.0002870671203693381,-0.026537946151573906,0.001238955515299892
2011-08-17,6.329278076891296e-05,0.09120597448563046,-0.010683300194044922,0.0002872461445970009,-0.026565585557748815,0.001239075799002599
2011-08-18,6.321696301299556e-05,0.09120495962316479,-0.010682788044065488,0.00028752648812057757,-0.02655193016305587,0.001239382950029979
2011-08-19,6.312357606780447e-05,0.09120666979960154,-0.010682884873270636,0.00028759187579065,-0.02659503035073714,0.0012396100644532632
2011-08-22,6.303750015411756e-05,0.09120801661759803,-0.010682173894038508,0.0002878290642944083,-0.02662327534724967,0.0012401027398508215
2011-08-23,6.295715288836073e-05,0.09120887339143578,-0.010681783776433548,0.00028776134259960644,-0.026652367826018895,0.0012402936078981805
2011-08-24,6.285572149650994e-05,0.0912112600785331,-0.010681227829551781,0.000287932513433074,-0.0266687591006294,0.0012406129634335969
2011-08-25,6.27366143056543e-05,0.09121203180310011,-0.010680490545460317,0.00028802583662842487,-0.026688970175420948,0.0012412475351923343
2011-08-26,6.26375200397748e-05,0.09121219173907628,-0.010680436227605906,0.0002880732188468931,-0.026701065891075813,0.001241330603730247
2011-08-29,6.257520811409116e-05,0.09121817648623078,-0.010680708104202088,0.00028829493295429485,-0.026690376258806013,0.00124140454541813
2011-08-30,6.249648877693232e-05,0.09122195539691182,-0.0106805472782207,0.00028842070200473164,-0.026741306237855283,0.001241855578662316
2011-08-31,6.241704298486332e-05,0.09122301150958412,-0.010680842431867238,0.00028840228819133836,-0.026747558566103023,0.0012420659687529196
2011-09-01,6.234136458180472e-05,0.09122855894821809,-0.010681427547966112,0.0002885188000913123,-0.02676219327578857,0.0012421483629891552
2011-09-02,6.226159024648897e-05,0.09123391393746949,-0.01068080318376128,0.00028857448809143315,-0.02678561022406071,0.001243071184465408
2011-09-07,6.219584669726945e-05,0.09123644329806069,-0.010681154865756869,0.0002887139890620678,-0.026795131324525955,0.001243993555068933
2011-09-08,6.211992146922686e-05,0.09123616079325024,-0.010681159478672288,0.0002888530450201333,-0.0267880880269925,0.0012443353994243914
2011-09-09,6.203306629932591e-05,0.0912344277135361,-0.010681626738773932,0.00028915968323945036,-0.02682549621506481,0.0012442827946398314
2011-09-12,6.197749065040241e-05,0.09123538372675777,-0.010681149222117315,0.0002892765045541479,-0.026810800805171474,0.001245114362786493
2011-09-13,6.190252823479106e-05,0.09123514778751211,-0.010680654153795406,0.00028949249991285577,-0.02681276352051363,0.0012456375790536377
2011-09-14,6.183120591159836e-05,0.0912354904144057,-0.01068110837059331,0.0002895898544453348,-0.026866065168614284,0.0012456593529545218
2011-09-15,6.174675479322147e-05,0.09123378145924105,-0.01068151986776666,0.00028969232399438756,-0.02686446439315488,0.0012467157220519122
2011-09-16,6.172214315718033e-05,0.09123676738111301,-0.010681483389501936,0.0002898886735206973,-0.02686245150233659,0.0012470608694076628
2011-09-19,6.166663100344696e-05,0.09123497541898364,-0.01068143673679274,0.00029003982007504365,-0.026900247666393443,0.0012473751067149336
2011-09-20,6.157470154908593e-05,0.09124136159957978,-0.01068079018844079,0.0002902031563546417,-0.026875472595795445,0.001247960415440361
2011-09-21,6.151453007046869e-05,0.09124032360648712,-0.010680213128950277,0.0002904269933426169,-0.02686249350041859,0.001248227327855545
2011-09-22,6.149261839066486e-05,0.0912430601081526,-0.010679924207679008,0.00029060372087321877,-0.026904975845377273,0.001247869174159174
2011-09-23,6.145817423739763e-05,0.09124511371752919,-0.010679741312857555,0.00029077852369326144,-0.026902984237093718,0.001247408343946885
2011-09-26,6.135320122706689e-05,0.09124360318755169,-0.010680025496542437,0.0002910266854284076,-0.02689970307061347,0.0012474804033637539
2011-09-27,6.127852656329184e-05,0.09124617624520244,-0.010680750581304663,0.0002910481265883595,-0.026921106570245427,0.0012484465010053711
2011-09-28,6.125559664702124e-05,0.09124143768751107,-0.010681223262777938,0.0002910974900054224,-0.026917361550729144,0.0012489817986869884
2011-09-29,6.11269105374678e-05,0.09124066269668765,-0.010681334211713392,0.0002911248118727781,-0.0269006675777883,0.0012501673536090825
2011-09-30,6.101987292811908e-05,0.09123759326221488,-0.010681992554784511,0.00029126579708916694,-0.026931595871070392,0.0012519109515520242
2011-10-03,6.092045906218813e-05,0.09123680696435293,-0.010682182023675038,0.00029144759938160177,-0.026924008487292227,0.0012529173018042713
2011-10-04,6.0879162845919425e-05,0.09123442288002968,-0.010681991177742324,0.00029163941394150385,-0.026918273331494415,0.0012540321885569847
2011-10-05,6.082880788608841e-05,0.0912311568563893,-0.010682789809066402,0.00029190510467153567,-0.02692919212894053,0.0012546295570908176
2011-10-06,6.077514944026565e-05,0.09122746620639147,-0.010682663758735573,0.0002920621803016877,-0.02695614154942519,0.00125458731649314
2011-10-07,6.0665144473928646e-05,0.09122039532910872,-0.010682794962590067,0.0002922114650437015,-0.026991346327687522,0.0012556025648383278
2011-10-12,6.0558228805343235e-05,0.09122130219611557,-0.010683212218613928,0.000292467195761246,-0.026998354130273843,0.0012552554184260874
2011-10-13,6.0463681292532223e-05,0.09121893728570689,-0.010683119048589611,0.0002927243383715867,-0.02696994729008728,0.0012568810100898173
2011-10-14,6.0380680255528395e-05,0.09121733701981308,-0.010683595548602924,0.0002929601181475622,-0.027010347118394708,0.0012573664193965505
2011-10-17,6.031282010076399e-05,0.09121231628613856,-0.010682689224724998,0.0002931270575888046,-0.027045699078530022,0.0012578355573850944
2011-10-18,6.027740158735467e-05,0.09121164932561834,-0.010682747832273722,0.0002934048286417652,-0.027027102125925143,0.001257985491883566
2011-10-19,6.024380787922105e-05,0.09120370632875582,-0.010683040891722236,0.00029379641871081437,-0.027062992187797758,0.0012587958507743091
2011-10-20,6.015548822659973e-05,0.09120621437967033,-0.010683772232178552,0.00029389501129893994,-0.02709001203949113,0.0012592916603322937
2011-10-21,6.009159966459392e-05,0.09120587085322493,-0.010683667527497609,0.00029407921087538957,-0.027119869703099292,0.0012606520864846165
2011-10-24,5.997261211163707e-05,0.09120061511888386,-0.010684026864609559,0.000294182437149389,-0.027101957380326093,0.0012621380206713777
2011-10-25,5.988051916038469e-05,0.09120128437282082,-0.01068394070936803,0.0002944085507811496,-0.02712864691883418,0.0012628427519971264
2011-10-26,5.979871336763302e-05,0.09119669359776279,-0.01068376997408364,0.0002945225380728897,-0.02711671161781342,0.0012638622284330406
2011-10-27,5.974225965332269e-05,0.09119574965391383,-0.010684613772030293,0.000294620962035538,-0.027153125120782495,0.001264623560532764
2011-10-28,5.970454444175924e-05,0.09119328727551156,-0.010685076700650591,0.0002948620060526933,-0.027176037692886533,0.0012660884365029812
2011-10-31,5.962864856069364e-05,0.09118750558469854,-0.01068599497055565,0.0002952508398703866,-0.02714134587119929,0.0012677618980712659
2011-11-01,5.951355397628727e-05,0.09118237894379112,-0.010686682752897506,0.00029551529141477165,-0.02717097634398235,0.0012693595096789257
2011-11-02,5.940748124925241e-05,0.09118205911898031,-0.010688174641471038,0.00029574074946647343,-0.027156059397180875,0.0012707892839793691
2011-11-03,5.93549437803347e-05,0.09117179099508975,-0.010688840530191502,0.00029599169536198913,-0.02717879172236424,0.0012718606946406598
2011-11-04,5.930072391395061e-05,0.09116889000622187,-0.010690012902512189,0.0002961905559383188,-0.027186397773184934,0.0012727530213037437
2011-11-07,5.927614456596686e-05,0.09116288647088472,-0.010689324510481286,0.00029628019715880957,-0.027243080841785144,0.001274833513364106
2011-11-08,5.9199521083853584e-05,0.0911490821955068,-0.010690303858266772,0.0002965835219776948,-0.027251784125398658,0.001276441199881692
2011-11-09,5.9129447358698015e-05,0.09114357493796754,-0.010690824667857292,0.00029687637704815844,-0.027274136859818734,0.0012780132397827006
2011-11-10,5.906455090079544e-05,0.09113633114670183,-0.010690922120300022,0.0002972410092230007,-0.027312276898297683,0.0012787047176456663
2011-11-15,5.896396566138461e-05,0.09112943354736978,-0.010691114166795973,0.0002973782731596699,-0.027328237109147203,0.0012808204584661522
2011-11-16,5.890688785535016e-05,0.09112064464921518,-0.010691848552419166,0.00029754865449131067,-0.027295754729388423,0.0012829650732779124
2011-11-17,5.885323671515884e-05,0.09111573823428257,-0.010692348886776854,0.00029779007835216496,-0.027331285768105028,0.0012848547961135982
2011-11-18,5.879588852925152e-05,0.0911107742130252,-0.01069278832525761,0.00029796848153196596,-0.02730556028639889,0.0012868009755471212
2011-11-21,5.8690799258753306e-05,0.09110779127657707,-0.010692685788150864,0.0002981063893234137,-0.02732089469026243,0.0012886065131215802
2011-11-22,5.862621754764022e-05,0.09109950041244341,-0.010693274479580676,0.00029839003632135277,-0.027318240513224692,0.001289401610313707
2011-11-23,5.85608269172071e-05,0.09109554235018472,-0.010694137964426531,0.00029857865791566246,-0.027347058698980554,0.001291291847778104
2011-11-28,5.8425592772691545e-05,0.0910903859816434,-0.010694742104945712,0.00029879944253294484,-0.0274065333369821,0.0012929807210453723
2011-11-29,5.837246163056019e-05,0.09108439185043733,-0.010695590443656859,0.00029895934073812403,-0.027420863975999035,0.0012942853926742083
2011-11-30,5.833499729601391e-05,0.09107782207496444,-0.010696277619325982,0.00029914512397371715,-0.027430423373372897,0.0012954491064546595
2011-12-01,5.831289951786932e-05,0.09107113507343907,-0.01069760244733282,0.0002994155546729213,-0.027448991914961543,0.001297242293831592
2011-12-02,5.82486680586547e-05,0.09106514760439435,-0.010697989026482934,0.00029958002654251913,-0.0274489136582568,0.0012988656792074136
2011-12-05,5.820631525737463e-05,0.09106400058493057,-0.010698807222885765,0.00029982184184899327,-0.027472028880633423,0.001300155279784883
2011-12-06,5.8120401024892383e-05,0.09105977436193842,-0.010699972752212468,0.00030004370015523815,-0.027511144099162832,0.0013014536587560269
2011-12-07,5.8084541575876947e-05,0.0910525134295769,-0.010700653516483126,0.0003001812502391814,-0.027524776128285536,0.001303096853750545
2011-12-08,5.805693430061565e-05,0.09104636211874587,-0.010701206309377865,0.00030033403784003756,-0.027535115156566987,0.0013041373916678717
2011-12-09,5.799000404428568e-05,0.09104147978436755,-0.010702177448065177,0.0003004596727923269,-0.027554420539272838,0.0013053028320565874
2011-12-12,5.7910431421780536e-05,0.09103639305538236,-0.010703368984922728,0.00030060516450880096,-0.027553173341054803,0.0013066457528994166
2011-12-13,5.784364425716981e-05,0.09103369769960287,-0.01070421577020785,0.00030063673589469247,-0.027549338187007097,0.0013081674490998895
2011-12-14,5.7783072146749945e-05,0.09102299773946397,-0.010705031590596596,0.00030094240723747254,-0.027579260098952382,0.0013089185901214114
2011-12-15,5.771159570979477e-05,0.09101115533782277,-0.010705632380258907,0.0003010579454772991,-0.027595316071691182,0.0013108660104984302
2011-12-16,5.76486461244303e-05,0.09100434383398354,-0.010706419383301273,0.00030123297183990946,-0.027603476960686102,0.0013124814621136654
2011-12-19,5.7581338685105646e-05,0.09099406053468924,-0.010706845710118831,0.00030143190660122357,-0.02761753839274128,0.001314511229456048
2011-12-20,5.753460860993724e-05,0.09099043775163251,-0.010707779895163087,0.00030169392900379724,-0.027600867104288024,0.001316336288578193
2011-12-21,5.741162252091388e-05,0.09098444961562999,-0.01070859766343703,0.0003019346289045827,-0.027574901769913215,0.001318501707279898
2011-12-22,5.7393112998713127e-05,0.09097607728800589,-0.010708590533827302,0.00030188097370899416,-0.027581761789591687,0.0013199099258156583
2011-12-23,5.738528076943823e-05,0.09096666584891064,-0.010709454751676898,0.0003019723995477895,-0.027576691508588866,0.0013218338116937696
2011-12-28,5.735938892620782e-05,0.09096257203980869,-0.01071103478486191,0.0003021587315297724,-0.027553761223667837,0.0013231514102525059
2011-12-29,5.730122937674216e-05,0.09095735526694199,-0.010711721116707259,0.0003022637843011558,-0.027590090501342167,0.0013242445027182247
2011-12-30,5.722897551471852e-05,0.09094950641575827,-0.010712828910481257,0.00030240791241283147,-0.02762794678828965,0.001324845877835581
2012-01-04,5.7219467407159976e-05,0.09093925169401688,-0.01071327544133729,0.00030268373696453203,-0.027613818753544787,0.0013269423980375012
2012-01-05,5.7176461605591387e-05,0.0909274954751279,-0.010713722682165321,0.0003028892736228686,-0.02760321925703116,0.001328964021657871
2012-01-06,5.71772716421768e-05,0.09091850219115372,-0.010714567978610335,0.00030304198292712965,-0.027583856481262832,0.001329787022803598
2012-01-09,5.713625339417125e-05,0.09090912222286568,-0.010715301623527497,0.0003033319078630285,-0.027587688845102036,0.0013316619388165298
2012-01-10,5.7060192670868395e-05,0.09090254424280131,-0.010715748106362204,0.0003035376229432184,-0.027630445815574264,0.0013329695458644307
2012-01-11,5.702639659831671e-05,0.09089622864006311,-0.010716372013469394,0.00030375912395407315,-0.027606943423036462,0.001335614816305712
2012-01-12,5.698395627096924e-05,0.09088930454578807,-0.010717351713241832,0.00030387101766420847,-0.02755857425464963,0.001338080371994566
2012-01-13,5.692948343205568e-05,0.09088170868618552,-0.010718126257113865,0.00030417949039595487,-0.027575959122381692,0.001339725190300604
2012-01-18,5.690574117538269e-05,0.0908747673435967,-0.010719085897289619,0.0003045567576963502,-0.027605063868799254,0.001340920198021625
2012-01-19,5.6803838488069116e-05,0.09086773725174654,-0.010720259495386089,0.00030487985583147403,-0.02762174929982237,0.0013430141189631852
2012-01-20,5.675905847494603e-05,0.09086161873500535,-0.010721797254040683,0.00030487820496239056,-0.027656826264187313,0.0013455569957716645
2012-01-23,5.67310209364825e-05,0.09085443392570927,-0.010722033820057573,0.0003052067258879686,-0.02768779636316572,0.0013474363346501728
2012-01-24,5.668696598157108e-05,0.09084833554668034,-0.01072327226868793,0.00030558603048523255,-0.027691512983160207,0.001349651152605711
2012-01-25,5.665069223438682e-05,0.0908427636263194,-0.01072441451179958,0.0003057471643611275,-0.02771543630092973,0.001350447971956467
2012-01-26,5.6618604390843165e-05,0.09083218527898322,-0.010725683083331853,0.00030570385592269117,-0.02770625041314271,0.0013519334875968147
2012-01-27,5.650662804683004e-05,0.09082661506832952,-0.010726233161742644,0.0003059209021575273,-0.027733791381493296,0.0013536481571721996
2012-01-30,5.639745193514269e-05,0.09082023691260617,-0.010726012308377525,0.0003061216061296299,-0.027772622008153114,0.001355184348755955
2012-01-31,5.6298515435259777e-05,0.09082297734715983,-0.010726675658519638,0.000306351556967041,-0.027794988561239187,0.0013564088854735637
2012-02-01,5.6246608029576994e-05,0.09081800804123404,-0.010727684019708663,0.00030655840597180626,-0.027750010491206067,0.001357146526307571
2012-02-02,5.614254720775119e-05,0.09081224537712271,-0.010729005416259492,0.0003068886336487729,-0.027744623404073063,0.001358412004171547
2012-02-03,5.605670447156496e-05,0.09080136048093791,-0.010730276595752512,0.0003070537153870476,-0.027732943694379085,0.0013605727437010114
2012-02-06,5.60189942996956e-05,0.09079531645836693,-0.010731105591745662,0.0003071280367590769,-0.02774926214838435,0.001363085433289929
2012-02-07,5.5975998412002235e-05,0.09078828600648023,-0.010732635920212967,0.000307218592688148,-0.027704584393806783,0.0013647520128984697
2012-02-08,5.5903483173285334e-05,0.090781827316525,-0.010733097446407151,0.00030747333537372586,-0.027710386974600112,0.001366111860982764
2012-02-09,5.582166795914881e-05,0.09077434678793833,-0.010734358936888325,0.0003076689379840939,-0.02771776805617271,0.0013678393722869496
2012-02-10,5.576166109584052e-05,0.09076801599396452,-0.010734951221153487,0.0003078145860067777,-0.02776807293649259,0.0013694691164904918
2012-02-13,5.57046370766735e-05,0.09075742531277604,-0.010736033315290145,0.00030806911875388575,-0.027786385878687092,0.0013706465042905612
2012-02-14,5.5692008494394175e-05,0.09074670058674597,-0.010737403029080734,0.0003081553335737545,-0.02778455848671866,0.001372165741433283
2012-02-15,5.561066533880105e-05,0.09073828613187272,-0.010738171343002841,0.0003083196029899012,-0.027788473841525017,0.0013741435193955066
2012-02-16,5.5519976497462204e-05,0.09073151562928464,-0.010739127791063311,0.0003084741048796577,-0.02777792165329951,0.0013765182241226566
2012-02-17,5.5440977272548027e-05,0.09072108191263553,-0.010739756364092433,0.00030871792575090656,-0.027778913270988075,0.001378204433832911
2012-02-22,5.542523233354142e-05,0.0907137678059327,-0.010741326302325497,0.0003087830612346358,-0.027789445964810963,0.0013796762406437446
2012-02-23,5.5389984880200006e-05,0.09070533089245893,-0.010742245725665104,0.0003090078021795983,-0.027780042039880617,0.001380070279174596
2012-02-24,5.534257867132794e-05,0.09069693490180127,-0.010743302945191423,0.00030919516771565577,-0.02782055208148894,0.0013817753613172307
2012-02-27,5.5363525046131394e-05,0.09068468754439421,-0.010744395066520897,0.00030923244444938696,-0.02780523262561247,0.0013843834268676453
2012-02-28,5.5271081161006606e-05,0.09067471805324799,-0.01074555656373614,0.0003096549478382902,-0.027823667635797293,0.001386608934357948
2012-02-29,5.522485923373419e-05,0.0906630557261399,-0.010746640014537538,0.00030982173688667446,-0.027772458713483647,0.0013885773723532925
2012-03-01,5.517539750564638e-05,0.09065716760741986,-0.01074863018073302,0.00031019323761231427,-0.027797965190455284,0.0013904605304026377
2012-03-02,5.512397705980408e-05,0.0906518805702355,-0.010749090815044847,0.0003103425773231158,-0.02778946437745921,0.0013926669055973465
2012-03-05,5.504702859555552e-05,0.09064250353054487,-0.01075065888507648,0.00031062694035792585,-0.027773364819309247,0.0013942760590373278
2012-03-06,5.4989312811861576e-05,0.09063652448989105,-0.010752309518439283,0.0003108943343828741,-0.027749890013303247,0.0013962030111857012
2012-03-07,5.492044735332889e-05,0.09062106138915385,-0.010753087116763926,0.00031117870029344217,-0.027733407508440618,0.0013982639891283633
2012-03-08,5.480812498311998e-05,0.09061054398061907,-0.010753937465964557,0.00031123708473977196,-0.02769505142220146,0.0013998527590539363
2012-03-09,5.472210617261784e-05,0.0906012348401701,-0.010754971588337743,0.00031143656938579926,-0.027713492905791427,0.0014014906737524336
2012-03-12,5.467598567007715e-05,0.09059049203408241,-0.010755875627812678,0.00031156553949458256,-0.02772251020161054,0.0014033187707059407
2012-03-13,5.463016598617457e-05,0.09057844659871972,-0.010756770206879802,0.0003117616304357249,-0.027709728050590396,0.0014050185351548287
2012-03-14,5.4583900559969366e-05,0.09056845043811043,-0.010756943429557625,0.00031197852081131365,-0.02774491929113604,0.0014057304231764912
2012-03-15,5.449067814580131e-05,0.09056046046868468,-0.010758501415227465,0.00031220614319657367,-0.027704256909300416,0.0014077247512630283
2012-03-16,5.4427051882591694e-05,0.09054920151639036,-0.010759473476754274,0.0003124934092027565,-0.027715341394335728,0.0014099316376309924
2012-03-19,5.432182066831354e-05,0.09053842995835804,-0.01076064140474482,0.00031264057100477427,-0.027722326255829086,0.0014121902060234043
2012-03-20,5.429019988608807e-05,0.09052936584410065,-0.010761930281151449,0.00031283582359802536,-0.027714023043164178,0.0014138445125582925
2012-03-21,5.416310670856347e-05,0.09052112093547438,-0.010762973570737303,0.0003130504285851393,-0.027699035101023978,0.0014152429720712106
2012-03-22,5.4084398761358554e-05,0.09050749364133191,-0.010764074685740848,0.0003131367362929679,-0.027719760905591577,0.0014177166239089409
2012-03-23,5.4008409330590516e-05,0.09049636208495604,-0.01076526568292537,0.0003134458195633784,-0.02773746748221534,0.0014198030420770561
2012-03-26,5.395552088933308e-05,0.09048479165788602,-0.010765752635945654,0.00031377481705787097,-0.02774155508433205,0.0014216299096638434
2012-03-27,5.387668978636941e-05,0.09047804774323386,-0.010766623074035137,0.0003138362513090007,-0.027778989158470012,0.0014240778706783202
2012-03-28,5.379822315715823e-05,0.09047057747454429,-0.010767282641027208,0.0003139077588717123,-0.027809469301263705,0.00142650407267617
2012-03-29,5.3773161757028936e-05,0.09046243877158136,-0.010767711542265898,0.0003141881394165528,-0.027831075483355908,0.001427791079972243
2012-03-30,5.372843875551808e-05,0.09045285929758164,-0.010769641668568147,0.00031438994681930025,-0.027825818244790988,0.001429359731856112
2012-04-02,5.362290171992327e-05,0.09044102993823325,-0.010770380989703454,0.00031466950619861493,-0.02781176138823835,0.0014316280364861725
2012-04-03,5.3548033793598036e-05,0.09043361054661328,-0.010772069988990976,0.00031483811831089684,-0.02778000354816451,0.0014332058055236373
2012-04-04,5.3536815957966535e-05,0.09042492877482572,-0.010772618040093981,0.0003148580262396137,-0.02775793984363071,0.0014342758559642839
2012-04-05,5.347758707878156e-05,0.09041835338271026,-0.010774197526129651,0.000315094281545309,-0.027766400921543706,0.0014369743851312044
2012-04-10,5.339668386384722e-05,0.09041380844250003,-0.010774092779543401,0.00031537168353106676,-0.02778112556958827,0.0014388141263173182
2012-04-11,5.3281684446288546e-05,0.0904015496552973,-0.010774998379737718,0.00031546367141085187,-0.02775722786042288,0.0014407189856740288
2012-04-12,5.323514648511633e-05,0.09038909908147502,-0.010776195278363184,0.00031570813098200773,-0.027771852712221615,0.0014432917419127775
2012-04-13,5.324992334943729e-05,0.0903809825132723,-0.010777892234001834,0.0003159971208705795,-0.027750773578471707,0.0014460561805366944
2012-04-16,5.3168776950852575e-05,0.09037782891237459,-0.010779158654037151,0.00031619307747078287,-0.027745373955027845,0.0014482562997943514
2012-04-17,5.3126083684347266e-05,0.0903662992616847,-0.010780082046750808,0.00031642939747019154,-0.027762601683023733,0.001450967637866504
2012-04-18,5.3041863553163685e-05,0.09036133185807367,-0.01078119366957116,0.00031666850174791403,-0.02778355145355623,0.001452705744341455
2012-04-19,5.294266826616481e-05,0.09035305430899582,-0.010782308796891304,0.0003168133798211943,-0.027793739466731228,0.001455696381990435
2012-04-20,5.29011149958811e-05,0.0903455125149483,-0.010783820352635634,0.0003168139548501089,-0.027803244542045538,0.0014582380920941968
2012-04-23,5.2854431824353035e-05,0.09033445133994263,-0.010785177426503156,0.000317130083958912,-0.027796774349369925,0.0014606810694491675
2012-04-24,5.28199129708632e-05,0.09032865428798578,-0.010786231827972908,0.00031734153592647926,-0.027814230002691565,0.001462526970598877
2012-04-25,5.279693706602156e-05,0.09032325352376558,-0.010787182236050429,0.0003175338211357479,-0.02782159375648143,0.0014652394937694465
2012-04-26,5.278099296524394e-05,0.0903087576741344,-0.010789278744938359,0.0003175303898079171,-0.027839217731119054,0.0014673785951182339
2012-04-27,5.275625225085418e-05,0.09030056623726633,-0.01079070916161937,0.00031778885513310484,-0.027824553890252672,0.0014698924375588806
2012-04-30,5.26836187976121e-05,0.0902841888257395,-0.010791176448381123,0.00031801642103022724,-0.02779639453231368,0.0014725643585911674
2012-05-01,5.2607735129166667e-05,0.09027555577173671,-0.01079192303273044,0.000318220045271684,-0.027776238348833276,0.0014736870167106663
2012-05-02,5.257361907041553e-05,0.09026095830879195,-0.010792964404978657,0.0003182513968209811,-0.027722073773278205,0.001475914867527617
2012-05-03,5.254817113789575e-05,0.09024839104246761,-0.010794560464710784,0.00031841788238835323,-0.02773422373881962,0.0014778951632889543
2012-05-04,5.246894328098652e-05,0.09023446771532594,-0.0107961732780299,0.0003185770000793851,-0.027712753444921655,0.0014808786489415638
2012-05-07,5.2449362328939576e-05,0.0902230384680891,-0.010797353117862798,0.00031887801048396963,-0.0277344273024858,0.0014833942820161048
2012-05-08,5.244871024683721e-05,0.09021433165970985,-0.010798902976149657,0.0003191177087599337,-0.02775210660547818,0.0014865667467670817
2012-05-09,5.2372334275978994e-05,0.09019930536906179,-0.01080014859776409,0.0003194075418520857,-0.02774317206237497,0.0014892543444382077
2012-05-10,5.235806635932303e-05,0.0901841101880626,-0.010800801836674057,0.0003196207344520681,-0.027712089321144828,0.0014931662689968476
2012-05-11,5.228772547419104e-05,0.09016999595689788,-0.010801705804524832,0.00031990157044033834,-0.02769452478754271,0.0014959480519859273
2012-05-14,5.222933289384377e-05,0.09015555091161248,-0.010803201425033417,0.00032008607896669454,-0.027678528464319993,0.001498502651996238
2012-05-15,5.215241043792267e-05,0.09014447358049738,-0.010804261692089057,0.00032031941782304646,-0.027626039934018527,0.0015019232113068384
2012-05-16,5.212470634829923e-05,0.09012909423594906,-0.010804927655779738,0.0003204313397613299,-0.02765014130664256,0.001504749191157506
2012-05-17,5.205216147296295e-05,0.09011647475990203,-0.010805736490746572,0.00032060660791050793,-0.027621606005247823,0.0015066847706371824
2012-05-18,5.204359444399776e-05,0.09011023536617353,-0.010807252535954114,0.00032081789398732323,-0.02761924607867767,0.0015089406315027644
2012-05-21,5.2036082227477046e-05,0.09009612280316033,-0.010808483203087658,0.0003209952459911862,-0.02763181665472894,0.0015115320584303989
2012-05-22,5.2000070173834954e-05,0.09008592313859869,-0.010810011685479494,0.00032122884399447447,-0.02760174492777183,0.0015138279703349488
2012-05-23,5.191945195197009e-05,0.09007685100922741,-0.010811652615581677,0.0003214164900012255,-0.027581016049156415,0.0015156722353234652
2012-05-24,5.185782440967999e-05,0.09006717704505172,-0.010812919949832186,0.00032148922133397816,-0.027545087655346696,0.0015179746611781466
2012-05-25,5.180404013559586e-05,0.09005499327604854,-0.01081445689253645,0.00032162945049297586,-0.027559375644489577,0.0015206065706265684
2012-05-30,5.171974316316371e-05,0.0900435223374626,-0.010815227388391972,0.0003217568782818926,-0.027572145355886757,0.001522895477335224
2012-05-31,5.173718492516573e-05,0.09003411435470392,-0.010816206913122245,0.0003217049424224035,-0.02757796088759204,0.0015260985603258357
2012-06-01,5.175284496501543e-05,0.09002341715179307,-0.010817782562366459,0.00032180451311377475,-0.027591162150683128,0.0015282015260124366
2012-06-04,5.173473257136192e-05,0.09000819759687378,-0.010818909363734164,0.00032185447917465324,-0.02758379394116548,0.0015310816471157907
2012-06-05,5.1746876546524135e-05,0.08999418315104217,-0.010820799318180786,0.0003220435354594558,-0.027592625272105417,0.0015336850042940767
2012-06-06,5.170474334209879e-05,0.08997782079516028,-0.010821457965702263,0.00032215797520374404,-0.027574994608906056,0.0015367663502318335
2012-06-07,5.1667666209475693e-05,0.08996748151571349,-0.01082337292184257,0.00032228584161761626,-0.02757386044771174,0.001540018395197197
2012-06-08,5.161443088763539e-05,0.08995565533553031,-0.010825314563580974,0.00032252053354780497,-0.027513378065762734,0.0015434530035745185
2012-06-11,5.160721421481234e-05,0.08994489051399635,-0.010826722221132661,0.00032253851895139475,-0.02753234945964396,0.0015459763072772736
2012-06-12,5.158160576072362e-05,0.08993515818443236,-0.010828672793033851,0.0003227069049994663,-0.027549957970025955,0.0015482398434289142
2012-06-13,5.157900796137941e-05,0.08992279938630227,-0.010829117504423601,0.0003229853134654473,-0.027529751672342548,0.0015509910765228482
2012-06-14,5.149530566397576e-05,0.08991655767232487,-0.010830852634867882,0.0003230654900767523,-0.027526875968740545,0.001552768682808077
2012-06-15,5.149111144166693e-05,0.08990295933367566,-0.010831936301773221,0.0003230443747526187,-0.027549290264992338,0.001554875308258799
2012-06-18,5.14889907813524e-05,0.08989144842872676,-0.010833657200903596,0.0003232326467789993,-0.02757161854518384,0.0015576887424966215
2012-06-19,5.145117169661871e-05,0.08988426311422204,-0.010835372572219601,0.00032340720731736987,-0.027595880383884094,0.0015601529396673279
2012-06-20,5.13760636394572e-05,0.08987209106200857,-0.010836363012778662,0.00032363233931215923,-0.027608719080263196,0.0015620944887539518
2012-06-21,5.14036639913885e-05,0.0898639003342401,-0.010837325652993748,0.00032379821718970327,-0.027583126935640488,0.0015643028377066216
2012-06-22,5.134722139456101e-05,0.08984711234965939,-0.010838612059098102,0.0003240643190344671,-0.02755542134993578,0.0015661025498607101
2012-06-25,5.128452777068199e-05,0.08983229813113389,-0.010839730150122292,0.0003242053423219663,-0.0275476767002713,0.0015689821780003757
2012-06-26,5.123877987245562e-05,0.08981680761549463,-0.010840933583120096,0.00032430520722548394,-0.027521980919774355,0.0015709022034369978
2012-06-27,5.1148716871971106e-05,0.08980271553725694,-0.010841598563173148,0.0003245620743819575,-0.027550930953189556,0.0015737785203031479
2012-06-28,5.1128336305038656e-05,0.0897952769208861,-0.010843309421423745,0.0003247768084503525,-0.027498118046413687,0.0015766728897185292
2012-06-29,5.10794374164488e-05,0.08978292629541956,-0.010844736423114133,0.0003248616049645617,-0.027461582602327145,0.0015788074959665747
2012-07-02,5.108730983824588e-05,0.089768761115919,-0.01084669150652757,0.0003250859950235935,-0.027439116285675053,0.0015817780613297749
2012-07-03,5.106132010917392e-05,0.089756942904046,-0.010848299268272578,0.00032538097164557894,-0.027440546671442974,0.0015844326597864232
2012-07-06,5.108459981716455e-05,0.08974071634109021,-0.010849600293999853,0.00032562716882829037,-0.027401911895983996,0.0015871979833967048
2012-07-09,5.1057379888333e-05,0.08973167829605905,-0.010851780862783393,0.0003257612927163631,-0.027402776416877613,0.0015899201792366254
2012-07-10,5.10132935035768e-05,0.08971758001686081,-0.010853135380685419,0.00032583143122882186,-0.027389603500227497,0.0015928608463041342
2012-07-11,5.0982228957808964e-05,0.08970385829024582,-0.010855212481008347,0.000325935842767287,-0.027386624324714948,0.001595244050193453
2012-07-12,5.093287849049905e-05,0.08969398873417343,-0.010856656998823143,0.00032621195301771235,-0.027381643703567278,0.0015986563720195059
2012-07-13,5.0896266232888066e-05,0.08968238816718739,-0.010858015549481213,0.00032645922686479374,-0.027389120018817617,0.001602210518763679
2012-07-16,5.086927703866718e-05,0.08967027740490446,-0.010861033874806922,0.0003266507171019999,-0.027343784226451992,0.001605007743495394
2012-07-17,5.085011669805015e-05,0.08965787560343014,-0.01086314336662478,0.0003268802634042714,-0.027312325009024675,0.0016080214677363465
2012-07-18,5.078815928166159e-05,0.08964579506660587,-0.010865248119351455,0.00032714635031384613,-0.02728380876801762,0.00161109905229836
2012-07-19,5.073572107235369e-05,0.08963591297848701,-0.010866574933483343,0.00032731679504781114,-0.027258227500215587,0.0016136267424422203
2012-07-20,5.069326509525622e-05,0.08961999816647478,-0.010868710027492479,0.00032744815732867357,-0.02725974087071613,0.0016165383793514297
2012-07-23,5.0696962101656336e-05,0.0896080489699662,-0.010870841171558728,0.0003275670080126,-0.02719208010960574,0.0016192895818239168
2012-07-24,5.0656202161644275e-05,0.08959068542748762,-0.01087285138883461,0.000327650870775437,-0.027168709125288196,0.001621603195266465
2012-07-25,5.0628567155540336e-05,0.08957727712272376,-0.010874737386894625,0.00032789874735827506,-0.0271901809817556,0.0016243346640831022
2012-07-26,5.061540155140698e-05,0.08956299713807139,-0.010875974752447599,0.0003279585265332802,-0.027209691052992577,0.0016275657579571813
2012-07-27,5.057038826190621e-05,0.08955066852525921,-0.010877838465112631,0.00032806978492587945,-0.02719352879685031,0.0016303761116748185
2012-07-30,5.0551683458806e-05,0.08953764102659853,-0.010879375871378114,0.00032816311284816204,-0.027237572240246394,0.0016339042639748195
2012-07-31,5.052897101348856e-05,0.08952594124816272,-0.010881315892187549,0.00032831655415581953,-0.027266209723973187,0.0016370237745714005
2012-08-01,5.053298337123686e-05,0.08951412394873644,-0.010883217947192412,0.000328346277835022,-0.027242139090621766,0.0016395522880969975
2012-08-02,5.052847897295479e-05,0.08949823434446205,-0.010884379029852278,0.0003284138635573009,-0.027242281616220214,0.0016423943942927037
2012-08-03,5.051580243385546e-05,0.08947998247460857,-0.010885832956647017,0.00032879190041292997,-0.027259470598639368,0.001645118175737001
2012-08-06,5.0493207535184126e-05,0.08946564738701608,-0.010888267868398924,0.00032907233698151563,-0.027258565285768824,0.0016484435128296816
2012-08-07,5.049095224401668e-05,0.08944601452822604,-0.01088994649982202,0.00032917249389827804,-0.02722629308161252,0.001652368086588496
2012-08-08,5.047728715733884e-05,0.08943061773974394,-0.01089194821399166,0.0003293054088579349,-0.027251560513249777,0.0016562563568617312
2012-08-09,5.0432637629588074e-05,0.08941070095381999,-0.010893811209651234,0.00032935463016760876,-0.027256659028610915,0.0016593726443850866
2012-08-10,5.0321123111180445e-05,0.08939708597434212,-0.010896248609661539,0.00032950463088465506,-0.027255361910267166,0.0016628111688743873
2012-08-13,5.032787129660852e-05,0.08937933003245856,-0.010898361411804143,0.0003295378189026179,-0.02726734969146006,0.0016657429613266
2012-08-14,5.0291691803315056e-05,0.0893646807189152,-0.010900362711906607,0.00032951068402883963,-0.027295625285870866,0.0016693300585869327
2012-08-15,5.024041632562176e-05,0.08935833244784368,-0.010902244409271714,0.00032981146828264167,-0.02728777692691297,0.0016724882941454699
2012-08-16,5.02356180817403e-05,0.08934615008440933,-0.010904409967600838,0.0003300654720596183,-0.027282744940458487,0.0016762942751670595
2012-08-17,5.014203217589124e-05,0.08933128590832469,-0.010906178128584864,0.0003303105532885566,-0.027280677699816833,0.0016798917562242193
2012-08-20,5.01513239719892e-05,0.08931336692680736,-0.01090732006273696,0.0003303600896786966,-0.027314698493899836,0.001682823121484401
2012-08-21,5.010597456311148e-05,0.08929651551306948,-0.010909273833390458,0.00033051751497925196,-0.027287193492871904,0.0016857710370272979
2012-08-22,5.0083797088830454e-05,0.08928150578528457,-0.010910966495109047,0.0003306365737275086,-0.027257667401359466,0.0016889798220136778
2012-08-23,5.003417947106306e-05,0.08926257426480694,-0.010913155855709974,0.0003307019597626486,-0.02722760751234679,0.00169177516105567
2012-08-24,4.994203325667551e-05,0.08924458186669855,-0.010914571415202003,0.0003307491384905661,-0.02719812534455237,0.0016951002161615858
2012-08-27,4.9915672379850045e-05,0.08922471923697509,-0.010916697655409712,0.0003309170857537466,-0.02720007324439102,0.001698032797497585
2012-08-28,4.985918978283812e-05,0.0892112419362204,-0.010918910339674074,0.00033104450291327625,-0.02717873892865335,0.0017015407028380604
2012-08-29,4.983284512513391e-05,0.08919394800009119,-0.010920980211816079,0.0003311010617473587,-0.027164600400104558,0.001704356750404313
2012-08-30,4.976617109320106e-05,0.08917981191215019,-0.010922633459833367,0.000331165817790409,-0.02717794981125774,0.0017071446272950244
2012-08-31,4.97288631891218e-05,0.0891662556355379,-0.010924594773878563,0.0003313892370303902,-0.02718216651378573,0.0017104677629057063
2012-09-05,4.967040042188381e-05,0.08915116973151853,-0.010925782443375444,0.00033163033977633345,-0.02717620559786961,0.0017136868502521563
2012-09-06,4.9580326591064444e-05,0.0891336031791763,-0.01092780607725233,0.00033182338918749405,-0.02719263092847629,0.0017163788836110539
2012-09-07,4.953027948799766e-05,0.08912037291214153,-0.010928946170917801,0.0003321945156950451,-0.02716560643157588,0.0017193798181766146
2012-09-10,4.9542528410595656e-05,0.08910235187781533,-0.010931225945111336,0.0003324596350402484,-0.027153951890971077,0.0017223058538054677
2012-09-11,4.951567206824378e-05,0.0890904143536234,-0.010933370928939761,0.00033263523568013596,-0.027175377686499733,0.0017253458632881104
2012-09-12,4.941794700945702e-05,0.08907658891505302,-0.01093480665007651,0.00033285588015090264,-0.02716704939695476,0.001729116100037276
2012-09-13,4.940831889806392e-05,0.0890561796723854,-0.0109364434917873,0.0003329918105207855,-0.027187649392912974,0.001731924990490671
2012-09-14,4.934933678692513e-05,0.08904636155619584,-0.010939293968769463,0.0003332171338870737,-0.027199530017374525,0.0017355095842333016
2012-09-17,4.9299082070229326e-05,0.08902870778099137,-0.010940774299099476,0.00033347627255949296,-0.027210317366399457,0.0017382947809896291
2012-09-18,4.921343284594597e-05,0.08901181491686924,-0.010942515586974516,0.00033369678325813107,-0.02722026776540639,0.0017424613846811201
2012-09-19,4.9168429391485036e-05,0.08899346502984176,-0.010944100056060843,0.0003339080205171433,-0.02720483803770936,0.001745338124707545
2012-09-20,4.910751920618454e-05,0.08897906052032012,-0.010946466157829323,0.0003340383403576359,-0.027207092131503144,0.0017481359188780147
2012-09-21,4.9028509705314474e-05,0.08896227945672602,-0.010947874271808556,0.0003342780641309276,-0.027182792294881887,0.0017511925932297233
2012-09-24,4.89264207589695e-05,0.08894597500492517,-0.010950273943163865,0.00033435765762783166,-0.027146775127016617,0.0017538112503897964
2012-09-25,4.890783712879107e-05,0.08892939108562463,-0.010951562774598491,0.00033460895002746123,-0.027139899490450307,0.0017562542450113806
2012-09-26,4.8878484340199195e-05,0.08891190750475869,-0.010953745099636454,0.0003347939614568416,-0.027126684553921622,0.001759387430770186
2012-09-27,4.878179682546943e-05,0.08889824555531392,-0.010955578827660276,0.00033498163424452434,-0.027133793765749016,0.0017631986719134098
2012-09-28,4.87417136208226e-05,0.08888064700010928,-0.010957414415208668,0.0003352144573443076,-0.027141140241372548,0.0017662975645712847
2012-10-01,4.867359815764087e-05,0.08886439594504378,-0.010960150981237544,0.00033527690478953997,-0.02712188393727035,0.001769368822620107
2012-10-02,4.861906835763834e-05,0.08884507006619864,-0.010962648114928723,0.0003355037572458791,-0.027106543954654755,0.001772567040652203
2012-10-03,4.8594830609121565e-05,0.0888271400336843,-0.010964664519486099,0.00033569229144376827,-0.027110386659928945,0.0017754679522818274
2012-10-04,4.856892337077384e-05,0.08881338655740385,-0.010966856292439039,0.00033583825006647537,-0.02711060040323339,0.0017787998997882426
2012-10-05,4.851274638385647e-05,0.0887976504546048,-0.01096981314118814,0.0003359915042741959,-0.027105265112553262,0.0017817019728616325
2012-10-10,4.845874180154877e-05,0.08877943019539601,-0.010972013902342134,0.0003361449918140025,-0.027116715893130014,0.001785439582526791
2012-10-11,4.838222010274534e-05,0.08876296679082468,-0.01097383049036809,0.00033634559323730145,-0.02711332275613062,0.0017887963240512017
2012-10-12,4.8334325876428966e-05,0.08874710426054457,-0.010975046601896046,0.00033652189121285585,-0.027117690890389082,0.0017922512470436452
2012-10-15,4.8261247332943586e-05,0.08872784328007241,-0.010976953126691015,0.0003366565414718864,-0.02712921646718522,0.0017948407589693353
2012-10-16,4.822842499124812e-05,0.08871029116470204,-0.010978943070772495,0.0003368065936894644,-0.027098841653989042,0.001797827431136309
2012-10-17,4.8197358293370795e-05,0.08868887622873761,-0.010981004763532603,0.0003371247859866533,-0.027090752501834674,0.0018007945104274294
2012-10-18,4.819385437431927e-05,0.08866935520365124,-0.010983203826977393,0.0003373073110555456,-0.027092636259756206,0.0018043935943830012
2012-10-19,4.8148372254834746e-05,0.08865077264737603,-0.01098518578642984,0.00033752771034286234,-0.027087368575552967,0.0018074896086689152
2012-10-22,4.8088830760552064e-05,0.08863502573309434,-0.010987670739601748,0.0003378495664991964,-0.02710733078394397,0.0018115007769060481
2012-10-23,4.800564357999546e-05,0.0886194282477963,-0.010989544231534311,0.00033804987129735364,-0.027101572072362343,0.001815232736403726
2012-10-24,4.798603247395031e-05,0.08860038947673247,-0.010991554165116348,0.0003382455809750335,-0.027088486964103924,0.001818187736005115
2012-10-25,4.790326037104178e-05,0.0885820220829847,-0.010993355460320871,0.00033843062116714444,-0.027108667148856805,0.0018211652661296782
2012-10-26,4.7883620013630933e-05,0.088566173512606,-0.010995283844565336,0.00033855192174486737,-0.027087474897009918,0.001824891885065228
2012-11-01,4.7834337868544736e-05,0.0885436469130519,-0.010997338437326535,0.0003385331840684528,-0.02707202053091734,0.0018277126792240368
2012-11-02,4.7806131580688906e-05,0.08852731507239606,-0.011000050591602436,0.00033883295046592196,-0.027038116484636623,0.0018310484899427086
2012-11-05,4.776073829345053e-05,0.08850707040173084,-0.011001702391409159,0.000339010394944563,-0.027044004974979954,0.0018343167052318875
2012-11-06,4.7709222155990205e-05,0.08849061665331988,-0.011003240525715604,0.00033932116607164066,-0.02702225570850212,0.001838602915680167
2012-11-07,4.76369912310373e-05,0.08847620373534504,-0.01100551094879733,0.00033950664539447544,-0.02699864124996526,0.0018421186219995235
2012-11-08,4.75670219523187e-05,0.08845966771597366,-0.011007578012639433,0.0003397042425825924,-0.027004936180424523,0.0018460835579900588
2012-11-09,4.754178531121314e-05,0.08844049483920617,-0.011009363430876596,0.0003398519773752923,-0.02700843766550407,0.0018496779871405929
2012-11-14,4.750000587177045e-05,0.08842184532260414,-0.011011722006078237,0.00034010369988463025,-0.02697906125177743,0.001853228663268063
2012-11-15,4.744462081001833e-05,0.08840303550312976,-0.011014143294146649,0.0003403415058075885,-0.02695440727046569,0.0018574342519312084
2012-11-16,4.744026241892271e-05,0.08838655386927885,-0.01101661187346786,0.00034044738872156125,-0.026923020355528668,0.001861514886147815
2012-11-19,4.741400395638319e-05,0.08837477921592907,-0.01101935912995199,0.0003406296585207441,-0.026950477954403737,0.0018654627924018902
2012-11-20,4.7377126959439724e-05,0.08835789968191916,-0.011021871182694688,0.00034075320179668316,-0.02693543478730292,0.0018686486410819441
2012-11-21,4.729162536817929e-05,0.08834673505440302,-0.011023874729941877,0.0003410283905650224,-0.02691256690173416,0.0018722487996545903
2012-11-26,4.7281406121305514e-05,0.08832879669863841,-0.011026544520858581,0.00034126072953579985,-0.026889591045616917,0.0018756839020548316
2012-11-27,4.7223570951635286e-05,0.08830646415269586,-0.011028928533611834,0.0003414470528072453,-0.02686329060316977,0.0018799734975923773
2012-11-28,4.7177231719381393e-05,0.088286536432447,-0.011031307751470841,0.0003415773017415837,-0.026817173405696774,0.0018833425868159403
2012-11-29,4.715864654398206e-05,0.08826519749158862,-0.011033967026069702,0.0003418046287144682,-0.026831683290826386,0.0018864741409487004
2012-11-30,4.713722126239007e-05,0.08824334986923377,-0.011036441880486948,0.0003421968106666186,-0.026827656411277406,0.0018903345821043081
2012-12-03,4.7122311702356906e-05,0.08823196193894589,-0.011038137374199357,0.0003423915122458616,-0.02687127806197715,0.0018947646702513437
2012-12-04,4.703347722995282e-05,0.08821255163431067,-0.011040224638873318,0.000342514094866843,-0.026854039119356174,0.0018977043223099663
2012-12-05,4.6979101335926275e-05,0.08819366259531805,-0.0110427761946563,0.00034260145651220737,-0.02684496589073921,0.0019006952017356798
2012-12-06,4.695147987278571e-05,0.08817121942423563,-0.011045169294230594,0.00034291627767766555,-0.02684692387666318,0.0019042380039605133
2012-12-07,4.69062877774733e-05,0.08815312788350907,-0.011047122788729625,0.0003431011117514503,-0.02685105219230264,0.00190846511983537
2012-12-10,4.685234834827054e-05,0.08813182994864999,-0.011049537580054931,0.00034308105441332575,-0.026867667367887753,0.00191168184714832
2012-12-11,4.6792223417056125e-05,0.08811299613779251,-0.011051687511908834,0.00034330625517150907,-0.02685876003705731,0.0019149262370188565
2012-12-12,4.682892975437374e-05,0.08809428129885821,-0.011054145080287913,0.0003433675573874534,-0.02685512582596914,0.0019184617205909244
2012-12-13,4.675796370797155e-05,0.08807377777356767,-0.01105586556744817,0.00034367330072646057,-0.026832966568448524,0.0019209883904658426
2012-12-14,4.670358955824129e-05,0.08805180949846023,-0.01105768633474524,0.00034393538332535894,-0.026810016758307215,0.001923863602771191
2012-12-17,4.662363027707389e-05,0.08803261923203423,-0.01105964197766767,0.00034409929372696766,-0.026842776957478776,0.0019275367346046827
2012-12-18,4.653602095021338e-05,0.08801322982629717,-0.011062280495025074,0.0003441766297728585,-0.02686142275684098,0.0019304650056383237
2012-12-19,4.6416732233595464e-05,0.08799102497658068,-0.011064642834530947,0.00034431390086587404,-0.02686158871025212,0.0019342392603911157
2012-12-20,4.6377024612467026e-05,0.0879754070820252,-0.011067337768351941,0.0003446590646947887,-0.02688172228444298,0.0019376482278476975
2012-12-21,4.631361826969435e-05,0.08796524480243112,-0.011069634774195097,0.00034501072481317517,-0.026905310219952377,0.0019411074505401725
2012-12-24,4.628735437457122e-05,0.08794952685106683,-0.01107247385415021,0.00034540229842282364,-0.026885497131540627,0.0019449683207438107
2012-12-27,4.620369608816566e-05,0.08793324601894684,-0.011075203426099585,0.0003458866764372667,-0.02687690585465792,0.001948422771099845
2012-12-28,4.6176645341443464e-05,0.0879176519247885,-0.011077207786169246,0.0003460343856186357,-0.02684218887659299,0.0019520934181720933
2012-12-31,4.608110403628794e-05,0.08789707953763798,-0.011079335104983523,0.00034610944411656627,-0.026828180287325094,0.001955212045755529
2013-01-03,4.601717460872385e-05,0.08787817086084512,-0.011082509124622867,0.0003463379126268769,-0.02686501905067315,0.0019590433066206717
2013-01-04,4.596145667393877e-05,0.08785752716324821,-0.011084499177153118,0.00034641034220331984,-0.026865726040898034,0.0019616680877812833
2013-01-07,4.5883475718486306e-05,0.08783506876358821,-0.011086894476822392,0.000346693085647931,-0.026839855108076682,0.0019652677600164514
2013-01-08,4.578661942950541e-05,0.08781712365195406,-0.011089518403860575,0.00034690396148846455,-0.026835130909699044,0.0019690116371161187
2013-01-09,4.57280912633476e-05,0.08780176008127177,-0.011091939403520452,0.00034720513756102166,-0.026849373199213523,0.00197167848783365
2013-01-10,4.567678075520732e-05,0.08778069535900854,-0.011094812302847225,0.0003473922557015096,-0.026855390266566033,0.0019748848038022553
2013-01-11,4.5627168808583494e-05,0.08776243942115283,-0.011098088681300905,0.00034764762405916304,-0.026869481594729808,0.001978357454131611
2013-01-14,4.554691295180523e-05,0.08774390471361233,-0.011099840316321438,0.0003478259032527485,-0.026869873814150298,0.001981553501992196
2013-01-15,4.5516825450263964e-05,0.08772568228679561,-0.011102334141074454,0.00034805909210858786,-0.026841740320419118,0.001984981594800483
2013-01-16,4.552590653313852e-05,0.08770661591852612,-0.011105786263645927,0.00034826864023884414,-0.02682860042914447,0.0019879934733613345
2013-01-17,4.5484147036191443e-05,0.08768451444916414,-0.01110831869924214,0.00034852928634264944,-0.02682899335709487,0.001991322261220883
2013-01-18,4.5426622775628514e-05,0.08766522894466569,-0.011110674394987946,0.000348684556497514,-0.026830926745634524,0.0019947082968578772
2013-01-23,4.535755800998659e-05,0.08764444883156214,-0.011113048590624187,0.00034901599732950017,-0.026874285338225036,0.0019977392059125918
2013-01-24,4.5311241011891326e-05,0.08762680567312373,-0.011114572545125117,0.0003492409633692881,-0.026906518634041345,0.0020010423228116326
2013-01-25,4.522723938073062e-05,0.08760515164152344,-0.011117612793718527,0.00034942608351250535,-0.026907961284504865,0.002004202790915524
2013-01-28,4.5128450022090175e-05,0.08759111121766801,-0.011119527110733494,0.00034974364220685976,-0.026938608124746764,0.002007796974869222
2013-01-29,4.505977904094923e-05,0.08757091528734455,-0.011121951077089378,0.0003498766359404514,-0.026960511072659253,0.0020110256336761416
2013-01-30,4.498378054288206e-05,0.08755200044635586,-0.011124974622309138,0.00035008568114259413,-0.0269860754743353,0.00201415924374184
2013-01-31,4.491586850873913e-05,0.08753260061999642,-0.011127277030409244,0.0003503953909879307,-0.026994939919682978,0.0020176263460247416
2013-02-01,4.486680413859366e-05,0.08751499025537882,-0.011129478873934177,0.0003507383280702959,-0.026965316523631495,0.0020203498600256005
2013-02-04,4.472463069745411e-05,0.08749130584295156,-0.011131340672562528,0.0003508583279936728,-0.026983516449498507,0.002024311740780845
2013-02-05,4.468854732865545e-05,0.08747693751695981,-0.011133681957250232,0.00035097165611574913,-0.02695179486708077,0.002027716088323998
2013-02-06,4.458987571155096e-05,0.08745331089020367,-0.011136535288186856,0.0003511945240174303,-0.026968274324268175,0.002031834954387782
2013-02-07,4.456134180682479e-05,0.08743762970201993,-0.011138579930428189,0.00035137391925080323,-0.02698953186915875,0.0020354218763926736
2013-02-08,4.451971448285473e-05,0.08742029197246627,-0.011140836316570703,0.0003514733187467131,-0.02700288028087182,0.002039583283081352
2013-02-11,4.444426208399126e-05,0.08740117491729947,-0.011143664935868963,0.0003516813326698038,-0.02700707122179466,0.0020422637962285474
2013-02-12,4.435907914555556e-05,0.08738514919786039,-0.011146464079691732,0.00035181043357331975,-0.02700269477584568,0.0020456237709402998
2013-02-13,4.430330940721497e-05,0.08736616037303226,-0.011149200025819468,0.0003519343138038456,-0.027031320694934025,0.002049039631057877
2013-02-14,4.424582945502218e-05,0.08734337451193525,-0.011151931320596088,0.00035214280831927984,-0.026986788498357735,0.0020520006716663944
2013-02-15,4.414980556559363e-05,0.0873196034084861,-0.011154714952885215,0.00035235798804149484,-0.02699888088319937,0.0020551947199383353
2013-02-20,4.408420015241165e-05,0.08730267610522334,-0.01115754514720507,0.00035260111478406216,-0.02698291707090643,0.002060049278434962
2013-02-21,4.40418191750096e-05,0.08728264812447027,-0.011160215128390735,0.00035286296305667836,-0.027001662023795184,0.002063954829214404
2013-02-22,4.394835259079925e-05,0.0872677526702195,-0.01116337176909972,0.0003530443894502047,-0.026975450990617038,0.0020669283796951646
2013-02-25,4.389593324357012e-05,0.08724945683512461,-0.011166616350552085,0.00035339893323494797,-0.026979794131534417,0.0020703261085074764
2013-02-26,4.382364061480388e-05,0.08723465284685182,-0.011168960859484494,0.00035346706700741784,-0.0269758806729802,0.002073177763496389
2013-02-27,4.38344415919363e-05,0.0872134784990886,-0.011171352066922177,0.00035370824731638395,-0.02696188968245687,0.002076671149136956
2013-02-28,4.3786235519825075e-05,0.08719581662599749,-0.011174004778244425,0.0003538724440354899,-0.026968750863704566,0.002079882934190928
2013-03-01,4.3765476661859755e-05,0.08717325669396438,-0.011176225360545751,0.00035412388624507675,-0.026963198337874632,0.0020822826644324288
2013-03-04,4.3760396606448605e-05,0.08715485396535752,-0.011179862956026791,0.0003543275004595862,-0.026957267796395318,0.002085040618563057
2013-03-05,4.373071554802631e-05,0.0871350670378793,-0.011182187860687316,0.00035448738789855226,-0.026964074007836757,0.0020875206498551188
2013-03-06,4.367464076671688e-05,0.0871171427267011,-0.011184893312422211,0.0003546376941722907,-0.026988706781229915,0.0020910510823739657
2013-03-07,4.365284051308653e-05,0.08709637536617858,-0.011187933053821897,0.0003549598614562472,-0.02698780350410495,0.0020943612843169913
2013-03-08,4.364096377565397e-05,0.08707781040537316,-0.011190747855651155,0.0003553042118258079,-0.02703772062176347,0.0020975044057545446
2013-03-11,4.360861141446435e-05,0.08705871417262906,-0.011193208912578006,0.0003555553717774308,-0.027036141131301435,0.002100793879991105
2013-03-12,4.349415976221786e-05,0.08703571093332885,-0.011195755093552832,0.0003557514482236611,-0.027070181111234055,0.0021039830445706976
2013-03-13,4.3420229450791505e-05,0.08702020755633652,-0.011198787336775554,0.00035592679470657616,-0.02708334475933393,0.00210795904893271
2013-03-14,4.3339158693509925e-05,0.0870004009536681,-0.011201120264261795,0.0003561888775908198,-0.02708758038341108,0.00211124890339781
2013-03-15,4.3313416302928e-05,0.0869795584939418,-0.01120336959768918,0.00035645040498312724,-0.027105838095650946,0.0021152301325410867
2013-03-18,4.322344077499085e-05,0.08695635356561839,-0.011206102932167152,0.0003566555230752363,-0.027109323947295164,0.0021192332448180043
2013-03-19,4.31929420005784e-05,0.08693853272128636,-0.011209203366634942,0.0003568262421122419,-0.02711181910881954,0.0021228175237997444
2013-03-20,4.3173014124131215e-05,0.08692099394653835,-0.011211814010861606,0.0003569102893232892,-0.027107054853939827,0.0021252451132766437
2013-03-21,4.3104088979920524e-05,0.08690073645090635,-0.011214274789916203,0.00035704030966560987,-0.02712659131712626,0.0021291329192683352
2013-03-22,4.3080134274869565e-05,0.08688414753465502,-0.011216779786690136,0.00035737442795914765,-0.027113119926732744,0.002133370239981267
2013-03-25,4.301451749484955e-05,0.0868639904626689,-0.011219839973494032,0.0003577431451651591,-0.027108365136942987,0.0021366466267185606
2013-03-26,4.296942514458016e-05,0.08684017813500577,-0.011222898194881377,0.00035801238731648184,-0.027058593461257115,0.0021400932336958787
2013-03-27,4.289964757437545e-05,0.08682426311444186,-0.011225649883704546,0.00035824344373836404,-0.0270454184612742,0.002144437766893675
2013-03-28,4.2848704645065625e-05,0.08680549479427134,-0.011228380242069163,0.0003583959225794978,-0.027060099926952588,0.002148643348185449
2013-04-02,4.282864565733653e-05,0.0867870513006303,-0.011231310219664576,0.00035851372247879844,-0.027083214208293196,0.0021526014865509645
2013-04-03,4.276103757513645e-05,0.08676996851278769,-0.011234300368430022,0.0003588109869422704,-0.027082054855292227,0.0021557903701414083
2013-04-04,4.2684881873976825e-05,0.08675734941650264,-0.01123667533152236,0.0003588965995709977,-0.027064002187944733,0.0021589159982020475
2013-04-05,4.268438963304931e-05,0.08673745572631894,-0.011239516540303777,0.0003590482221380551,-0.027079390235931033,0.0021627203641544444
2013-04-08,4.258410612227278e-05,0.08672053428387154,-0.01124207337762459,0.00035931841971036907,-0.02706626348933474,0.0021656697942700745
2013-04-09,4.254624458832868e-05,0.0867009840127332,-0.011244787533149494,0.00035955125962777083,-0.02709189151311156,0.002169078011734217
2013-04-10,4.2483963102890516e-05,0.08667830622174316,-0.011247254368725866,0.00035961698514714387,-0.02707121636165659,0.002173088053307913
2013-04-11,4.2409684953190426e-05,0.08665692023761756,-0.011249614221962837,0.0003597221323331425,-0.027101460275773807,0.00217622764135877
2013-04-12,4.2374223815181765e-05,0.08663824062952294,-0.011251800105250991,0.0003601100667583202,-0.027115153899837076,0.0021796359936804913
2013-04-15,4.233526439454642e-05,0.08661919671802751,-0.011253582032384099,0.00036036233332474,-0.027122618651625706,0.002182212133612074
2013-04-16,4.232172230469706e-05,0.08659828965335574,-0.011256911004951794,0.00036048260639733677,-0.02711735495370518,0.0021850933985959778
2013-04-17,4.2235700294630205e-05,0.08657612006659642,-0.011259859892043311,0.0003606679154407055,-0.027109328339384064,0.0021885150276317236
2013-04-18,4.2185169014903686e-05,0.08655078699703556,-0.011261927434989258,0.00036093161803312337,-0.02711381472747338,0.0021923441467870362
2013-04-19,4.212076312234339e-05,0.0865308966425809,-0.011263504994588449,0.00036099265067609187,-0.027079813018380486,0.0021969623777159247
2013-04-22,4.203883799084422e-05,0.08650950264311968,-0.011265523663447095,0.00036112373243135426,-0.027091182472909175,0.0022015817782459653
2013-04-23,4.19981491205065e-05,0.08649158506859458,-0.011268899304879473,0.0003613531579262122,-0.027052823042722385,0.0022048587075262473
2013-04-24,4.196798855027424e-05,0.08647217111887431,-0.01127140539153106,0.0003616602630405161,-0.02703938688096781,0.002209030962432488
2013-04-25,4.189900109326703e-05,0.08645059458387257,-0.011274282824458408,0.00036198383587324006,-0.027011450507689792,0.002212106343637247
2013-04-26,4.189049278247377e-05,0.08642857894189682,-0.011276975740565926,0.0003621328304810245,-0.027001853701037963,0.0022161256065623787
2013-04-29,4.1875321613162305e-05,0.08640994755868361,-0.011279731307331365,0.00036234873687698133,-0.026973296571196015,0.002220284594461866
2013-04-30,4.183241935905861e-05,0.08639695627981905,-0.011282375292627555,0.0003624866048378033,-0.026947633370222185,0.0022235580835546945
2013-05-01,4.1703617408161547e-05,0.08637587435819587,-0.011284806288659376,0.0003628304867495068,-0.02693503449862153,0.0022274314689005766
2013-05-02,4.169067272292234e-05,0.08636382174390209,-0.011287445213856663,0.0003629493551524579,-0.026945654907285455,0.002230817718682092
2013-05-03,4.162125760065116e-05,0.08634802476155629,-0.011289756075983717,0.00036309110157120876,-0.026960393139379223,0.002234146372139594
2013-05-06,4.1548326570590336e-05,0.0863263581558608,-0.011292600913951721,0.00036328451394408755,-0.027007643723949717,0.0022375323036918707
2013-05-07,4.149899633364623e-05,0.08630571956110582,-0.011295794803825894,0.00036345004244607863,-0.02699647051288883,0.0022408904883771926
2013-05-08,4.1446330825391634e-05,0.08629185661730557,-0.011298315335704683,0.0003636583661245093,-0.026991584351515212,0.0022448453053894694
2013-05-09,4.1388239506284364e-05,0.08627278239425668,-0.01130111591483466,0.00036375778200398406,-0.026979327501259823,0.0022484459244353737
2013-05-10,4.1313496730055196e-05,0.08625197939202342,-0.011303913018988455,0.0003639196432860378,-0.026987178438839535,0.002252089280224256
2013-05-13,4.1273178768001524e-05,0.08623354195528884,-0.011306714765278178,0.0003639661953218775,-0.027009048994486473,0.002256892083484894
2013-05-14,4.123566147873712e-05,0.08621097900945154,-0.01130847342926568,0.0003640647588881809,-0.027017990642354002,0.0022609248375389263
2013-05-15,4.1171068052688806e-05,0.0861896038093088,-0.011310672441643969,0.00036426664067534467,-0.02703391333724501,0.002264661008169781
2013-05-16,4.1104336106721913e-05,0.08617259062873409,-0.011313137333864666,0.000364528508535905,-0.027021096227863056,0.002268092918397897
2013-05-17,4.1037091042330786e-05,0.08614902413855643,-0.011316011802221948,0.00036470980222605334,-0.02701512291535678,0.002271654293201863
2013-05-20,4.100583048907497e-05,0.08613041787759976,-0.011319016968672243,0.00036482522820676955,-0.027026377413336633,0.0022754484689534804
2013-05-21,4.097717714265154e-05,0.08611148888151099,-0.01132174453181701,0.000365140132891199,-0.02700884533198402,0.0022789822278919667
2013-05-22,4.094768258793972e-05,0.08608985856081,-0.011324905284565924,0.00036530876154830934,-0.026960361616313912,0.002281498797140438
2013-05-23,4.086432461883929e-05,0.08607032255548322,-0.011327304768375788,0.0003654121900925197,-0.026927216923255025,0.0022853180072312405
2013-05-24,4.08499781768187e-05,0.08605493103019812,-0.01133003854541791,0.00036561747936022886,-0.026930465346758817,0.002288933138610979
2013-05-29,4.0802187922876106e-05,0.0860293697229426,-0.011332524033923484,0.0003659171626654425,-0.026923715642222734,0.0022933109746979294
2013-05-30,4.0748031279962375e-05,0.08601031900903419,-0.01133504567646192,0.0003661287610564486,-0.026930857442468877,0.002298495322015664
2013-05-31,4.073427750002697e-05,0.0859902954837087,-0.011337790851985632,0.0003662960474210753,-0.026894784395270967,0.0023027882846486016
2013-06-03,4.0664641696260435e-05,0.08597333934234853,-0.01134038872653392,0.0003663429713004614,-0.026893562625233673,0.0023070468703648853
2013-06-04,4.065062369741339e-05,0.08595021347826991,-0.011342782715010382,0.0003664999458455306,-0.026893231301638912,0.002310994797444133
2013-06-05,4.0579113702015094e-05,0.0859295483004327,-0.011345813728663438,0.00036663003498931044,-0.02691336309693871,0.0023146666736507918
2013-06-06,4.056774639464029e-05,0.08591065299680711,-0.011347809528228166,0.0003668778933613587,-0.026904574702743433,0.002318811428144968
2013-06-07,4.0534761534943275e-05,0.08589280078660294,-0.011350381931187575,0.0003670015915985665,-0.02688904524442627,0.002322247031960942
2013-06-10,4.0511048765758486e-05,0.08586783085246887,-0.011352346406427618,0.000367302727633191,-0.02686102338439851,0.0023255062956930314
2013-06-11,4.048067814205755e-05,0.08584880346853732,-0.011355145381104867,0.00036762424798818943,-0.026872840018968565,0.0023302086221600495
2013-06-12,4.039755152212505e-05,0.08582735310300114,-0.011357885759398908,0.00036772514615310585,-0.026880185278676215,0.002334300980354881
2013-06-13,4.031567658539346e-05,0.08580896569036806,-0.011360330544440047,0.00036780052230177463,-0.026900039890703054,0.0023373591070024254
2013-06-14,4.0293904951419155e-05,0.08579054409976464,-0.011363422847033441,0.00036801615497844336,-0.026880200922314655,0.0023408801176928225
2013-06-17,4.0228090437894974e-05,0.08577206683851252,-0.011365238868168637,0.0003682668263566039,-0.02685387770868801,0.0023440092899821036
2013-06-18,4.016433063559703e-05,0.08574638523490413,-0.01136774366830482,0.0003683001647887865,-0.026811246320688945,0.002347477254097672
2013-06-19,4.0085316783934066e-05,0.08572864492009272,-0.011369721749344225,0.00036863159354866965,-0.02682713169438669,0.0023509647143879473
2013-06-20,3.998801304846832e-05,0.08570839254340698,-0.01137232521630318,0.00036884736424767646,-0.026809681017678832,0.002354952856015557
2013-06-21,3.992303753686816e-05,0.0856883072071221,-0.01137493635770158,0.00036903929992757034,-0.02681048989968335,0.0023592364035871943
2013-06-24,3.98557753876729e-05,0.08566570321570716,-0.011377373959213437,0.0003693651998512501,-0.02681701881026905,0.0023636625729579076
2013-06-25,3.978497000517374e-05,0.0856487736272381,-0.011378956251793707,0.0003696661054633371,-0.02685426619276201,0.0023671835034560678
2013-06-26,3.972385603529463e-05,0.08563345442878288,-0.011381645198215754,0.00036999532585057604,-0.026835139089595478,0.0023712383717774026
2013-06-27,3.964054728603477e-05,0.08560999743828558,-0.011383571121580198,0.00037027721336451325,-0.026813092646472726,0.0023751079032420814
2013-06-28,3.956348148546003e-05,0.08559168423857824,-0.011386532907722458,0.00037055487336459537,-0.026809823229264652,0.0023786440916440965
2013-07-01,3.952464683367708e-05,0.08557060879567885,-0.011388577437073125,0.00037074983178186905,-0.026820511410617982,0.002382123918450562
2013-07-02,3.949117571435242e-05,0.08554632558925923,-0.011391043165606064,0.0003709676314978006,-0.02687071567871524,0.002385579340794871
2013-07-03,3.9448919730272884e-05,0.08552411381600135,-0.011393363173874696,0.00037119274962850316,-0.026897293213931757,0.0023891757115584115
2013-07-08,3.937937482008772e-05,0.08550883103200027,-0.011396185502678095,0.0003715236174029207,-0.02687427861230729,0.002392679212923011
2013-07-09,3.9317350491719404e-05,0.08549284094696877,-0.01139821741402058,0.000371779201538557,-0.026856879984264823,0.0023965911369874505
2013-07-10,3.9267903979286604e-05,0.08547184725990715,-0.011400449040294084,0.0003719320118901689,-0.026841656149219725,0.002400145242768928
2013-07-11,3.920006221651694e-05,0.08545176814674785,-0.011402850901315913,0.00037217434672659987,-0.02684182988377374,0.0024052388340381993
2013-07-12,3.9123676429179316e-05,0.08543090705545477,-0.011404794035811284,0.00037233101197701947,-0.026820354777579415,0.0024081461619225738
2013-07-15,3.901447535959218e-05,0.08540627372677129,-0.011408001266596995,0.00037249504600853057,-0.02682379015267483,0.002411954066010619
2013-07-16,3.9025700845933825e-05,0.08538653098964769,-0.011410055895399347,0.0003726688309278213,-0.026788271639401978,0.0024155991401643667
2013-07-17,3.898249034384842e-05,0.08536680811344229,-0.011412101257172475,0.00037290424318390223,-0.026815508383921507,0.002420702642871517
2013-07-18,3.8919788974808715e-05,0.0853434117100598,-0.011414004591976567,0.00037307360821993375,-0.02685729386151968,0.0024247556389588075
2013-07-19,3.8839737863852814e-05,0.085328704132272,-0.011416399563656218,0.00037327791166900796,-0.02686238377974324,0.002428417035953403
2013-07-22,3.87563969447559e-05,0.08530667481082427,-0.011418100380807449,0.00037357683942613573,-0.0268589642764449,0.0024312566228454832
2013-07-23,3.8659280748788194e-05,0.08528771048439049,-0.011420251493922645,0.00037386527270415063,-0.026884518454788578,0.00243548046418441
2013-07-24,3.8608777789363494e-05,0.08526274759651548,-0.011422751897632932,0.00037396002597713917,-0.02683241383681946,0.0024394096897489286
2013-07-25,3.8572520352544584e-05,0.08524038559251992,-0.011424292521824288,0.0003741478221591121,-0.0268557449626357,0.0024432838139897507
2013-07-26,3.851622337812034e-05,0.08521817990229687,-0.011426367497132946,0.00037427758023168877,-0.02687813151364849,0.002447447376320935
2013-07-29,3.8470347193240144e-05,0.08519494444384548,-0.011428829568076466,0.0003745192661636489,-0.02687154828454201,0.0024514633661774955
2013-07-30,3.8358955837889166e-05,0.08517428588782372,-0.011431147824615852,0.000374661152445683,-0.026868691914177546,0.002456302609606734
2013-07-31,3.8296838433229475e-05,0.08515565482346754,-0.011432822074226679,0.00037485987496051903,-0.02688397382600774,0.002460598519949944
2013-08-01,3.820955014701363e-05,0.0851325256673694,-0.011434881823448623,0.000374914477356051,-0.026926739609858773,0.0024642870416348057
2013-08-02,3.814338141375889e-05,0.0851146600416163,-0.011437238591916775,0.0003750821553338121,-0.026943655044651647,0.002467861559361502
2013-08-05,3.807398450908124e-05,0.0850954272565042,-0.01143925953679662,0.0003752840734712899,-0.026941418607261486,0.002471886962289168
2013-08-06,3.804454591883086e-05,0.08507228132841126,-0.01144118015602941,0.0003753854664546213,-0.026954410673881275,0.002474852498398362
2013-08-07,3.7969602348079017e-05,0.08505522596313302,-0.011443565645617866,0.0003754275590023014,-0.026986222293409953,0.00247790274523483
2013-08-08,3.791758165886845e-05,0.0850347279553033,-0.011445666175957908,0.00037566788115990415,-0.027006207006481674,0.0024816211316063593
2013-08-09,3.785397199815681e-05,0.08501658057952521,-0.01144770846145551,0.0003759305030783475,-0.027001294626331523,0.0024846984617366715
2013-08-12,3.775455417685924e-05,0.08499768584798914,-0.011450040476551815,0.00037614958944225504,-0.0270226736072633,0.002488695384671363
2013-08-13,3.7667364236969853e-05,0.08498008823859182,-0.011451945907656044,0.00037620961821531495,-0.027002358918449258,0.0024930744155564977
2013-08-14,3.7610679952098085e-05,0.08496207003091377,-0.01145460569171013,0.0003764850525034804,-0.02705135883684938,0.00249715894027455
2013-08-15,3.753747955191598e-05,0.08494294262569047,-0.011456965201290048,0.00037671498323813685,-0.027046032432686322,0.0025004791501023783
2013-08-16,3.75364518795093e-05,0.08492314250612504,-0.011458860861461199,0.00037698133258962633,-0.02702405185409555,0.002504519368496276
2013-08-19,3.743470613595181e-05,0.08490611293902817,-0.011460373354257584,0.0003769270457110456,-0.02706553320296906,0.002508548769638226
2013-08-20,3.7309473100435494e-05,0.08488602027136606,-0.011462674686110477,0.00037715579932584694,-0.027089806053583257,0.002512258254860463
2013-08-21,3.722094087396609e-05,0.08486912420393118,-0.011464520658275407,0.0003772392580926997,-0.027095273908539844,0.0025150080663386507
2013-08-22,3.7172649648655505e-05,0.08485315867726081,-0.01146696574881,0.00037746819876170897,-0.02710117489251028,0.002519019949805631
2013-08-23,3.7122923594827674e-05,0.08483230805579528,-0.011469439093703728,0.0003776978408123942,-0.027113246281847546,0.0025230278149816136
2013-08-26,3.703536222076652e-05,0.08481878474248829,-0.01147191416759848,0.00037792072378086924,-0.027088976071197576,0.002526132981581365
2013-08-27,3.705569203066655e-05,0.08479870064552214,-0.011473682266713603,0.0003781329227135372,-0.027101352830970163,0.002529585558483326
2013-08-28,3.6971757528373873e-05,0.08477773031657024,-0.01147527910142627,0.00037830522509808894,-0.027122705895173238,0.002533415393621625
2013-08-29,3.693090168222928e-05,0.0847630304506155,-0.01147709191832646,0.000378439834529816,-0.027115793933514272,0.0025373304168712506
2013-08-30,3.68707539949259e-05,0.08474306071509556,-0.011479265368628993,0.0003785669129355401,-0.027098459142067807,0.0025401779462854044
2013-09-04,3.68254748546812e-05,0.08472714582097277,-0.011480568096548432,0.0003786248527187672,-0.02709114326279223,0.0025449017394659308
2013-09-05,3.670353469055497e-05,0.08470387536540791,-0.011482539066671684,0.00037881810811297664,-0.027104896064301248,0.0025482489160011303
2013-09-06,3.667875234028522e-05,0.084682291227232,-0.011484621627972397,0.00037880082374710074,-0.02710565638057573,0.002551560372207982
2013-09-09,3.6552902140458465e-05,0.08466024488679041,-0.011487114094920977,0.0003790371690015451,-0.02710089799065725,0.0025548923747087176
2013-09-10,3.650572374037429e-05,0.08464073048904115,-0.011488368789381894,0.00037922895129506503,-0.027065967254605902,0.002559156480789723
2013-09-11,3.6447334583947704e-05,0.08462403613924704,-0.011491355553280196,0.00037939601506743346,-0.027068677836382893,0.002563543851562224
2013-09-12,3.636625126201631e-05,0.08460675252986725,-0.011493450925656491,0.00037953385407639434,-0.02708830512842849,0.0025671674944310724
2013-09-13,3.628711331964985e-05,0.08458853993361493,-0.011495364425030144,0.000379673491168424,-0.02709866890453503,0.002571501551168115
2013-09-16,3.622858536761445e-05,0.08456362758666869,-0.011496804876232235,0.000379856941139214,-0.027131515841713985,0.0025746783203832047
2013-09-17,3.614088711462044e-05,0.08454356035417124,-0.011499396087054596,0.00038007808907182744,-0.027172672244981502,0.002577743226176987
2013-09-18,3.605048287166071e-05,0.08452074393687031,-0.011500571782706453,0.0003800766138051332,-0.02718005268266508,0.0025808779314850034
2013-09-19,3.595396665055649e-05,0.08450459422645551,-0.011503073479789964,0.00038028634724758157,-0.027173630190204606,0.002584371141326803
2013-09-20,3.585977708067463e-05,0.0844875647829322,-0.011505070975603713,0.00038043117696780475,-0.02719115751014365,0.002587635638768074
2013-09-23,3.580348086022884e-05,0.08446406841337481,-0.011506722089880971,0.000380511059486468,-0.027225777270236028,0.00259247103430485
2013-09-24,3.5651014990399514e-05,0.08444374467758115,-0.011509295429056654,0.0003806534701340891,-0.02723285772123385,0.0025963227331896196
2013-09-25,3.555663759365484e-05,0.08442630613518638,-0.011511238789426958,0.0003809271922579117,-0.027248998223158717,0.002600057927966338
2013-09-26,3.547509827265492e-05,0.08440375261594753,-0.01151380834143543,0.00038102537699555224,-0.027261183902187756,0.0026036679700427974
2013-09-27,3.5359760195124316e-05,0.08438978803724093,-0.011515595355822816,0.00038123518952136996,-0.027249683206457077,0.0026071652856432524
2013-09-30,3.530780728698827e-05,0.08437326810164203,-0.011517569153470675,0.00038145333531520726,-0.027283652188389698,0.0026111483755356414
2013-10-01,3.5271979246644366e-05,0.08435603591155588,-0.011519683566141673,0.0003817352468195298,-0.02728405731104515,0.002615630336524698
2013-10-02,3.5163777361889935e-05,0.08434138209591902,-0.011522021566305682,0.0003819359833730423,-0.02730726944045061,0.002618975501760798
2013-10-03,3.5098461920186456e-05,0.08431915041216878,-0.011524587373375451,0.0003820805473342616,-0.02732548480029337,0.0026234626008763483
2013-10-04,3.498298896466754e-05,0.08429622372558039,-0.011526716103843804,0.00038224739946563467,-0.027339740305859506,0.0026268718401008372
2013-10-07,3.490227761144867e-05,0.0842716831466467,-0.01152830364220922,0.00038258072565925793,-0.027358670130444532,0.0026309001813899094
2013-10-08,3.484940867339096e-05,0.08424961823364335,-0.01152976849181801,0.00038271647420783463,-0.027396136630751557,0.0026356740051100037
2013-10-09,3.4751126306629184e-05,0.08422848859455255,-0.011533182525717594,0.00038287603514053717,-0.02741468520542717,0.00263984829039092
2013-10-10,3.4647224654126894e-05,0.08421110015990235,-0.011535065452298555,0.000383064712826917,-0.02740970178062003,0.0026436394192557266
2013-10-11,3.458069494120483e-05,0.08418797398347412,-0.011538010244837898,0.000383077783737951,-0.02741826363859947,0.0026456899905180774
2013-10-16,3.453234725648186e-05,0.08417264489532411,-0.011539909557589741,0.0003832156916479584,-0.027437341499464564,0.00264916496492427
2013-10-17,3.4348314948374133e-05,0.08415386910617147,-0.011542157071370433,0.0003834056147272285,-0.02742580129870688,0.0026530182047385205
2013-10-18,3.4294515167572136e-05,0.08413378539948421,-0.011543646618208659,0.0003835415289475398,-0.02746980099269654,0.0026559540878789275
2013-10-21,3.4156313266472356e-05,0.08411537717918624,-0.011546404873264415,0.00038361209234313506,-0.0274861951211042,0.0026606967575910786
2013-10-22,3.4030598114947616e-05,0.08409599348053541,-0.011548678321578132,0.00038367945692376716,-0.02748242321673141,0.00266437549353807
2013-10-23,3.394190144072568e-05,0.08407658877910895,-0.011550455364541393,0.0003840366925008761,-0.027493987650449095,0.0026685562362059956
2013-10-24,3.38999621288923e-05,0.08405188617470184,-0.011552018573775259,0.00038417988169440955,-0.027447931386416366,0.0026713980444618853
2013-10-25,3.380785996487942e-05,0.08403270390626422,-0.011553950575415375,0.00038447217034430633,-0.027452699833051875,0.0026748938809086453
2013-10-28,3.3682942411598636e-05,0.08401172925072967,-0.011556431936205694,0.00038457353505002575,-0.02746310349730432,0.002679391815940754
2013-10-29,3.362722633429356e-05,0.08399312827109427,-0.011558047775004977,0.0003847184080957007,-0.027451949831994234,0.002683345937406842
2013-10-30,3.352890963880668e-05,0.08396940739128646,-0.011561062974928885,0.00038482268277618666,-0.027436887958240327,0.002686236973100762
2013-10-31,3.341617920844931e-05,0.08395358763603113,-0.011562723825195933,0.0003848510071270039,-0.02745435851034833,0.0026893328803291455
2013-11-01,3.332879176612124e-05,0.08392737210891406,-0.011563970229971418,0.0003848625972375907,-0.027438265987617026,0.0026932941037574433
2013-11-04,3.328075473090008e-05,0.08390343979634478,-0.011566194323916418,0.0003850193767514367,-0.027395744169126685,0.0026976283737098388
2013-11-05,3.3193630122886756e-05,0.08388711784992595,-0.011568063640334329,0.00038524368455016206,-0.02739699789587348,0.0027014633667968623
2013-11-06,3.3148781115457826e-05,0.08386436936718174,-0.011570300381696154,0.0003854622282683244,-0.027424718443638085,0.002704951724813292
2013-11-07,3.309775940878206e-05,0.083849717985299,-0.011572281824043575,0.0003856456047480512,-0.027382558091116775,0.002708800838643167
2013-11-08,3.3064899591122135e-05,0.08382894080742008,-0.01157479466180431,0.0003857756508991154,-0.02739119435230398,0.0027128741088482382
2013-11-13,3.3019535909881254e-05,0.0838042791549508,-0.011576553921715305,0.0003858836344279341,-0.027375560559171334,0.002716688901117657
2013-11-14,3.291743893972237e-05,0.08378105513827744,-0.011578292441699466,0.0003859311142599363,-0.02737826842256423,0.002720370266545375
2013-11-15,3.282411058195201e-05,0.08375806572188621,-0.011580819861210524,0.00038610316379215405,-0.027386257369101275,0.0027238707880737
2013-11-18,3.2711125880471126e-05,0.08373825940214077,-0.011582485221751251,0.000386287933947343,-0.027408915478147722,0.0027279364658221853
2013-11-19,3.263255104883109e-05,0.08372188323047379,-0.011584572897699678,0.0003864576031749608,-0.02740873459541819,0.0027316167825047586
2013-11-20,3.2572571260622186e-05,0.08370475988315762,-0.011586367934712271,0.0003866151690892478,-0.027412857982590175,0.002735287836522636
2013-11-21,3.256715199157781e-05,0.0836809439280062,-0.011587509810654793,0.00038680727334850206,-0.027414114949986794,0.0027395639409020095
2013-11-22,3.2490051996756505e-05,0.08365702742366009,-0.011589205523178188,0.000387080064332992,-0.02748092141321591,0.002743724214909149
2013-11-25,3.2423906038283256e-05,0.0836402110641814,-0.011591341586354683,0.0003871941363834208,-0.02746896781681646,0.00274755979110228
2013-11-26,3.234763412806777e-05,0.08361597068907098,-0.011593348180821347,0.00038733165843137196,-0.02746903076513295,0.002751163432230682
2013-11-27,3.224065891552065e-05,0.08359275276581059,-0.011595276144306468,0.0003874738518103548,-0.027497734938984136,0.0027556310375737615
2013-12-02,3.216020637586415e-05,0.0835721208569729,-0.01159704251085022,0.0003874994208218181,-0.027460248913751567,0.0027596642571908764
2013-12-03,3.20678813515291e-05,0.08354925265845034,-0.01159962990250167,0.0003877414680334667,-0.027461885179537945,0.002763552827041815
2013-12-04,3.197475142394898e-05,0.08352704498777264,-0.011601790560327273,0.0003879604060661063,-0.027433931972193334,0.0027677861011408678
2013-12-05,3.193855876583575e-05,0.08350760031525334,-0.011603654870607008,0.00038811883126125613,-0.027432924089801754,0.0027720813020878283
2013-12-06,3.1855113854849166e-05,0.08348828569718988,-0.011605282816708713,0.00038825413008492605,-0.027387726870903906,0.002776761070995597
2013-12-09,3.1759495143619043e-05,0.08347222521968334,-0.011606658834064624,0.0003882363163337187,-0.027437792515456846,0.002779581659583469
2013-12-10,3.167226946283951e-05,0.08345742713945645,-0.011608449468790985,0.00038829698339408106,-0.027446380895175496,0.0027838055284376364
2013-12-11,3.159717039557402e-05,0.08343833721760013,-0.01160993149485152,0.0003885174535814969,-0.027412628963241134,0.0027878560470870686
2013-12-12,3.1513598244344804e-05,0.08341405585066164,-0.011611718944863266,0.00038882493762112637,-0.02747383574266455,0.002791303318514281
2013-12-13,3.1432699212809864e-05,0.08339002058663733,-0.01161387686975126,0.000388999487696537,-0.027474824996516073,0.0027951544792417264
2013-12-16,3.1282628583755355e-05,0.08336345883660082,-0.011616397717764683,0.0003893207709921152,-0.02747343646325935,0.002798449218586991
2013-12-17,3.1214807175398904e-05,0.08334253748804578,-0.011617723857964715,0.00038946226627568697,-0.027507891315770708,0.0028018952052647076
2013-12-18,3.117083198982425e-05,0.0833178824077636,-0.011619566757551499,0.00038970521836015034,-0.027490489613178862,0.002805327480960835
2013-12-19,3.111653970066567e-05,0.08329498997858467,-0.01162149001032747,0.0003898134412576179,-0.02751756704772644,0.0028089943691088966
2013-12-20,3.1053442156595546e-05,0.08327526018304586,-0.011622515713609156,0.00038997035413014807,-0.02751437817196678,0.0028127731880713287
2013-12-23,3.0967072561578785e-05,0.08325920118605973,-0.011624380979068774,0.0003901047722660424,-0.027518047973648437,0.0028159455564767868
2013-12-24,3.0853904766974494e-05,0.0832399516681838,-0.01162627153873314,0.00039034317777410975,-0.027520474418293146,0.002820079672470122
2013-12-27,3.0733990772968725e-05,0.08321937342015676,-0.011628160956319357,0.00039042692718836166,-0.027526455788406984,0.0028238412752758886
2013-12-30,3.0653357566554286e-05,0.08319938573684195,-0.01162895416367855,0.0003906362663740348,-0.027527544816346547,0.002826862171993263
2013-12-31,3.056142884793117e-05,0.08317776220794941,-0.011630115397124269,0.0003908192118511133,-0.027532758723668616,0.002830491918269422
2014-01-03,3.0504289408139e-05,0.08315628545039662,-0.01163199037570326,0.0003911001887104931,-0.027562172128246125,0.0028344446692664385
2014-01-06,3.0400753512415468e-05,0.08313712323980721,-0.011633966032604595,0.00039142827163885993,-0.027540577199808118,0.0028387657754203976
2014-01-07,3.035008901698016e-05,0.08311713229010607,-0.01163542756208951,0.0003915577396754127,-0.027569719120566737,0.0028427920699172693
2014-01-08,3.0219658110046713e-05,0.08309959462110446,-0.011636977659735254,0.000391704152828973,-0.027585084533253673,0.0028472677571218293
2014-01-09,3.0147116192207055e-05,0.08308054575246479,-0.01163866850378165,0.0003919060246064341,-0.02754818260778117,0.00285013589625419
2014-01-10,3.009452928788064e-05,0.08306239467873495,-0.01163980347711314,0.0003920109341669215,-0.027545555859889652,0.0028538679364638374
2014-01-13,3.0028532342122835e-05,0.08304208286772424,-0.011641770452587937,0.00039224028739638433,-0.027542402754245722,0.0028564952998199997
2014-01-14,2.9879158004660398e-05,0.08301831700248907,-0.011643483803081164,0.0003922861396884804,-0.027560513883618028,0.0028601745919272174
2014-01-15,2.9832394600604418e-05,0.08299748661424049,-0.011645010184671893,0.0003926776503232879,-0.027560368322844073,0.0028639290567186062
2014-01-16,2.9729251129818126e-05,0.0829751228242407,-0.011646261424837979,0.0003928084067930127,-0.027544645780954634,0.002867890775130895
2014-01-17,2.9661699163797746e-05,0.08295784927928414,-0.011647969308052113,0.0003930905164307643,-0.02752827543111299,0.0028707486126420554
2014-01-22,2.9557987345941552e-05,0.08293499342990318,-0.011649169761366634,0.0003932559902952332,-0.02753536240245761,0.002874233135387933
2014-01-23,2.9431766022104624e-05,0.08291068525702848,-0.01165127494674581,0.0003933728781515169,-0.02754754097526458,0.0028774674824050056
2014-01-24,2.935412713754728e-05,0.08289097997916958,-0.011652585488816241,0.00039361683416797884,-0.027559664081738357,0.00288128492320395
2014-01-27,2.9285437749120117e-05,0.08287256840617818,-0.011653968959880781,0.00039363720899395307,-0.027520086867892236,0.0028839020134406508
2014-01-28,2.9223166360230707e-05,0.08285366477995586,-0.011655144959271656,0.0003939750772336127,-0.02751456365331993,0.0028874078150201783
2014-01-29,2.910927654392524e-05,0.08283318414981518,-0.01165666552938767,0.00039426102779275944,-0.027567136212131693,0.0028895759776535386
2014-01-30,2.9027972524808106e-05,0.08281071363733727,-0.011658456777406727,0.0003944766651374736,-0.027571351479919647,0.0028932464044986402
2014-01-31,2.8972494764519867e-05,0.08279189835954501,-0.011659512033413096,0.0003946441309272918,-0.027604676195325965,0.002897020561654892
2014-02-03,2.8916536850467888e-05,0.08277573490989554,-0.01166126873069598,0.00039482451337896136,-0.027621996138536303,0.002900679873024369
2014-02-04,2.8827607735415378e-05,0.0827575410727028,-0.0116623789664763,0.00039496467650217734,-0.02762816376891642,0.00290508602843608
2014-02-05,2.8757290777266824e-05,0.08274117484982196,-0.011664459839427509,0.00039519039116585135,-0.02763696332210236,0.002908553308798798
2014-02-06,2.862877348954503e-05,0.08272553300814545,-0.011665671748560764,0.00039540872526982465,-0.027662247391791593,0.0029115840116376614
2014-02-07,2.8581152263140725e-05,0.08270761576972868,-0.011667847811670658,0.00039561911748146796,-0.0276692672798972,0.0029150124537489623
2014-02-10,2.852332763088493e-05,0.08268948550500471,-0.011669376626564422,0.00039572212030420485,-0.027681846744001766,0.0029185727585589526
2014-02-11,2.8454811517926448e-05,0.08266757388116243,-0.011671038444313333,0.0003957794409699257,-0.02767125495753582,0.0029219133296863355
2014-02-12,2.8378222970962093e-05,0.08264872816335811,-0.011671384622759195,0.00039578675473900905,-0.02763928926469452,0.002925802079414092
2014-02-13,2.8333119656718813e-05,0.08263228681890131,-0.011673013699341553,0.00039596529683642856,-0.02762620537403907,0.0029289263675035294
2014-02-14,2.8291873329717596e-05,0.08260773655552327,-0.011675085054636448,0.0003962157433556972,-0.02760019279048826,0.0029324664499899345
2014-02-19,2.8188120259499646e-05,0.0825936800214288,-0.011676463358081864,0.0003963300674108862,-0.02757650199753136,0.002935748751123751
2014-02-20,2.8138784656374754e-05,0.08257095205286197,-0.011677537610883701,0.00039652887742204533,-0.027590405421662204,0.0029397333465578635
2014-02-21,2.8050492110608927e-05,0.08254994638601026,-0.011679262192342749,0.0003966522863964809,-0.027535193301413817,0.0029422405300710292
2014-02-24,2.8021636732271334e-05,0.08253253157880197,-0.011680770474925942,0.00039682517268157353,-0.027543381489850124,0.0029466416203030262
2014-02-25,2.7910614906802765e-05,0.08251342461020253,-0.011682905164197632,0.0003970676947181926,-0.027542291645474212,0.002950652015993393
2014-02-26,2.7851382275488826e-05,0.08249356279481371,-0.011684252809003858,0.00039713818672904326,-0.027528535790812138,0.0029541256773325756
2014-02-27,2.7752243427399868e-05,0.08247984913174586,-0.011685930717890605,0.00039724812854230864,-0.02756295640247193,0.0029579894796137964
2014-02-28,2.7691706087535625e-05,0.0824602226678267,-0.01168777685991799,0.000397323659393539,-0.027591431653320717,0.0029610306916446347
2014-03-03,2.7588211157375738e-05,0.08243948074443387,-0.01168921925323321,0.00039748524887158273,-0.027549187107148418,0.002965464254158061
2014-03-04,2.7496431649784562e-05,0.08242251136032562,-0.01169105912846942,0.00039781429886225035,-0.027578234912748176,0.002968834460082291
2014-03-05,2.7432113270701898e-05,0.08240234149666009,-0.011691932059238597,0.00039801944282131277,-0.0275797875719929,0.0029726237044276427
2014-03-06,2.7341677270963787e-05,0.08238050061102524,-0.011693611903680064,0.0003982487699696874,-0.027586795363354746,0.002977113666491415
2014-03-07,2.7198737016010517e-05,0.0823596948509841,-0.011695304074039448,0.0003985230291178767,-0.02756721169645065,0.002980369753327667
2014-03-10,2.7033540350506415e-05,0.08233748374451211,-0.011697146426861305,0.0003985843824051476,-0.027587304567425995,0.0029844188819922223
2014-03-11,2.6931697404411473e-05,0.08231720257270085,-0.01169904950525177,0.00039875516466928937,-0.027594764270360873,0.002989105729620232
2014-03-12,2.6889421264971507e-05,0.08229943449453381,-0.011700363330825338,0.0003988832495434692,-0.027596493817755634,0.0029923125203004455
2014-03-13,2.677794318998032e-05,0.08228374134147563,-0.011701236632458804,0.00039914468053518743,-0.027600446917046863,0.0029965808696679488
2014-03-14,2.670047928660312e-05,0.08226344912555578,-0.011702945909071158,0.0003993892058990527,-0.027612214580771947,0.0029999007194297152
2014-03-17,2.6589556904271883e-05,0.08224129045283057,-0.011704101167784193,0.00039970415564208296,-0.027621358719670884,0.003004093288324222
2014-03-18,2.6473433441174434e-05,0.0822192435598681,-0.01170540945348712,0.0003999077363979139,-0.027622116477150453,0.003007330811118628
2014-03-19,2.6405282181431232e-05,0.08219541136773335,-0.011707632456048766,0.0004001221506010705,-0.027635033233762436,0.003011365175378888
2014-03-20,2.6318619616271297e-05,0.0821751681222707,-0.011709460395786311,0.00040027918406432045,-0.027662760912717903,0.0030156363649711717
2014-03-21,2.6217214917613325e-05,0.08215723696204331,-0.011711139410519905,0.00040045477568987286,-0.027640836743718325,0.0030198695808454565
2014-03-24,2.6119169305302808e-05,0.08213638001818302,-0.011712336966007559,0.0004006358810936154,-0.027635057820308825,0.003024277474449163
2014-03-25,2.5994230172155812e-05,0.0821137068709063,-0.011714994407122219,0.0004008053488617064,-0.027658345437312132,0.0030281534707325914
2014-03-26,2.5928975139334718e-05,0.08209757218008179,-0.011716026772431519,0.0004010078308976115,-0.027645036560219063,0.0030314278712228796
2014-03-27,2.582995402539083e-05,0.08208097030755442,-0.011717578007193117,0.00040122384685758637,-0.027641718002891696,0.0030342957915321846
2014-03-28,2.5766579696905818e-05,0.08206028272032294,-0.01172035213699637,0.00040157191992987065,-0.027646719734867792,0.003037351097281696
2014-03-31,2.574728705197649e-05,0.08204026882403634,-0.011721522422236326,0.00040173571900847316,-0.027621333918538556,0.003040637189147145
2014-04-01,2.5638899901154815e-05,0.08201784623135747,-0.011723046008909924,0.00040196895528146835,-0.02764008586796591,0.00304393694493719
2014-04-02,2.5549566810434372e-05,0.0819962984032219,-0.011724758050624413,0.0004020987355522111,-0.027654956037231213,0.003047444432740829
2014-04-03,2.5490654248081345e-05,0.08198071614363717,-0.011726759284143932,0.00040215809750238616,-0.02758952633381849,0.003050291946435111
2014-04-04,2.539984832744596e-05,0.08196221943829456,-0.01172882752988541,0.000402287004494945,-0.02763137754096673,0.0030541449553169037
2014-04-07,2.5267731283794926e-05,0.08194067912332133,-0.011729407179780722,0.00040257468612194837,-0.027635710023744556,0.0030582326279819526
2014-04-08,2.5170637459307702e-05,0.08192378450871399,-0.011731612522469015,0.00040268333084202894,-0.027650309123687426,0.0030622987913576445
2014-04-09,2.509326874679001e-05,0.08190517256627299,-0.011733488996070974,0.0004027080698532752,-0.02770281489624185,0.0030650733301333223
2014-04-10,2.5003043474502987e-05,0.08188965306141595,-0.011734978391146598,0.00040294421048286586,-0.027695814228279145,0.003070003637707578
2014-04-11,2.4895409695016097e-05,0.0818701546565867,-0.01173560361077645,0.0004031200081381088,-0.02770144489685105,0.0030740377418663044
2014-04-14,2.4759002904972417e-05,0.08185243896341789,-0.01173733239639352,0.00040343137769264647,-0.02773516396060103,0.0030769146155332303
2014-04-15,2.4639562549017737e-05,0.0818363361613819,-0.011738807482909482,0.00040353679303821205,-0.027761160719344972,0.0030802848919679526
2014-04-16,2.4549566467093744e-05,0.08182130818515085,-0.011740252722559366,0.00040378672381572215,-0.02776797657670122,0.003084537300027325
2014-04-17,2.442925886156595e-05,0.08180412147306611,-0.01174117368599285,0.0004039688670174306,-0.027750770919370372,0.0030873993016254397
2014-04-22,2.43453799367162e-05,0.08178825668322506,-0.011742943049274004,0.000404041356046735,-0.02774976359518487,0.0030909934602836543
2014-04-23,2.423460666673364e-05,0.08176913298094332,-0.01174432578144972,0.00040419641760101985,-0.027760931010327665,0.0030948754688690664
2014-04-24,2.4144598429738832e-05,0.08174727095249348,-0.011745494693649893,0.00040433279792242494,-0.027764499094063845,0.0030987048525411886
2014-04-25,2.404311660121443e-05,0.08173082125841998,-0.011746369285570197,0.0004045173588654449,-0.027768080505490844,0.0031023265151139965
2014-04-28,2.3994835203810288e-05,0.08171086436207965,-0.011748402972800281,0.00040467363275714944,-0.027740387754582402,0.0031043816120450312
2014-04-29,2.3880819275147908e-05,0.08168981141163888,-0.011749519812944736,0.00040493303549870007,-0.02775579945858648,0.003107422181220329
2014-04-30,2.378700970742862e-05,0.0816746738341691,-0.011751291574262758,0.00040512483544532987,-0.027740641166516575,0.00311117280134769
2014-05-01,2.3743077964323765e-05,0.08164987053826579,-0.01175274810147868,0.00040517439312923534,-0.0277262244987541,0.003114770169611553
2014-05-02,2.367019478910136e-05,0.08163682676270433,-0.01175441979932031,0.00040528993503363003,-0.027732932140875508,0.0031179356115786858
2014-05-05,2.361273456084335e-05,0.08161474191029883,-0.011755533311098895,0.0004055162397138753,-0.027728304608619546,0.003121443994763611
2014-05-06,2.350172778000303e-05,0.08159555407983804,-0.011757204510251891,0.000405797156320631,-0.027752000351222585,0.003125099731524687
2014-05-07,2.3370809683954854e-05,0.08156674659729972,-0.011758763970807131,0.0004060750949537222,-0.027758830171944263,0.0031280870616986877
2014-05-08,2.3208060832535853e-05,0.08155375202779899,-0.011760282882423695,0.00040612724855539496,-0.027752508777142082,0.0031310515912544635
2014-05-09,2.3108043204321193e-05,0.08153609149908181,-0.011761647746067028,0.00040654476910312825,-0.02776751163945016,0.0031337680297450097
2014-05-12,2.3031817657071584e-05,0.0815242087686818,-0.011762833682791976,0.00040678709606242725,-0.027739991055264063,0.003136271142893016
2014-05-13,2.2967833010098832e-05,0.08150517303517933,-0.011764272525523325,0.00040702902949593157,-0.027771069377705605,0.0031387577197235263
2014-05-14,2.2866664094909903e-05,0.0814869548981834,-0.01176580905672899,0.0004072631112223101,-0.027731115930688756,0.0031412647941138115
2014-05-15,2.2749818960718287e-05,0.08146698854828581,-0.011767243353059032,0.00040758832072557085,-0.027766462685181403,0.003143925867452318
2014-05-16,2.2654631297850316e-05,0.08144723181083416,-0.011768822551648923,0.00040786140457171416,-0.02782953032323833,0.0031479470319212663
2014-05-19,2.2550180427886274e-05,0.08143299663101009,-0.011769653747226534,0.00040799271756023484,-0.02783311095879295,0.003151001692161197
2014-05-20,2.2447483355017317e-05,0.08141162606515656,-0.011771178181208482,0.0004081525257729608,-0.027828415277012297,0.003153649466367696
2014-05-21,2.2354885714329607e-05,0.08139305669759259,-0.01177199353991068,0.0004083021796934518,-0.027850402981541116,0.0031569973274964335
2014-05-22,2.226535175903571e-05,0.08137141487837354,-0.011773153641856857,0.0004084099947896208,-0.02791896651785749,0.0031606203018608838
2014-05-23,2.2159438361146525e-05,0.08134995580552608,-0.011774174683185756,0.0004084761020734405,-0.027902514907273773,0.0031638659076872397
2014-05-28,2.206483966915293e-05,0.08132867837471351,-0.011775056377304277,0.0004086785835933181,-0.02792764441919149,0.003166855671572838
2014-05-29,2.1937075967722432e-05,0.08131029781677589,-0.011776344868011253,0.0004087411507447018,-0.027913709649772633,0.0031702745516674507
2014-05-30,2.1843200577863225e-05,0.08128931795848808,-0.011777832209340875,0.0004089245506813429,-0.027922796519881707,0.0031734976011065855
2014-06-02,2.1714159413223523e-05,0.0812699690843344,-0.011779484200903564,0.0004090889095173429,-0.02789750843284535,0.0031763222359815976
2014-06-03,2.164218794491146e-05,0.08125367767027047,-0.011781022658198156,0.00040910915291330393,-0.027919946754910545,0.003179354213018446
2014-06-04,2.1557775654747907e-05,0.08124112172115044,-0.011781776683869257,0.0004093023917374124,-0.027897074101601027,0.0031836148614359074
2014-06-05,2.1468123172532603e-05,0.08123038301968608,-0.011782922249797996,0.00040945206706813743,-0.027916895987326586,0.0031870961765951976
2014-06-06,2.1373699997130586e-05,0.081211976009411,-0.01178442469418587,0.00040970419087075333,-0.027903867940777385,0.0031899859834068605
2014-06-09,2.1322518589398214e-05,0.08119590842678456,-0.011786315211705261,0.0004098146809672099,-0.027927948650302188,0.0031920849178141185
2014-06-10,2.1229095135747502e-05,0.08118046686212681,-0.011787890143193567,0.00040992590206269895,-0.027939955199787564,0.0031952915193372688
2014-06-11,2.1164262518786768e-05,0.08116540873803928,-0.011789364822907631,0.0004101177068957072,-0.027941766568198002,0.0031983959983627737
2014-06-12,2.1129687756914157e-05,0.08115033680188745,-0.011789779549463244,0.0004102613612191684,-0.02795847686643277,0.0032014076691882875
2014-06-13,2.1039381779294335e-05,0.08113166043344756,-0.01179079550785691,0.0004102190299505857,-0.02796167836369695,0.003204503985937631
2014-06-16,2.0966045036818827e-05,0.08111478481292618,-0.011791830885602787,0.00041027757834907806,-0.027975397337636432,0.003206854607360609
2014-06-17,2.085882277515055e-05,0.08110012216996484,-0.011793059973554813,0.0004104689853709299,-0.027941120852077644,0.0032094441632184497
2014-06-18,2.0771708028962996e-05,0.08108302967320496,-0.011794058795119793,0.0004107099493833293,-0.027936951344096794,0.0032117892613611624
2014-06-19,2.070835855481341e-05,0.08106690173946679,-0.011795442120673369,0.00041089380327632345,-0.027944952022077717,0.0032152325639069083
2014-06-20,2.0627930622469607e-05,0.08104884403142391,-0.01179701171934443,0.0004109370537116995,-0.027977682380293627,0.003218007070857772
2014-06-23,2.0506852912665445e-05,0.08103719851836183,-0.011798777051776678,0.0004110351664470298,-0.02795632966867969,0.0032215126384688127
2014-06-24,2.0416622406485267e-05,0.0810183432469742,-0.011800206411342842,0.00041125716898349554,-0.02798050659491997,0.0032254814282618467
2014-06-25,2.032992908901681e-05,0.08100356270296591,-0.01180194323198503,0.0004112341380382016,-0.027987535077175787,0.003228542368332613
2014-06-26,2.023230130054455e-05,0.080987792399401,-0.011803359376488493,0.0004113685786054699,-0.028037303798496123,0.0032315427141859556
2014-06-27,2.0107057225556124e-05,0.08097233600894926,-0.011805019226999544,0.0004115639207353935,-0.02805070903346661,0.003234245118879211
2014-06-30,2.0020620227621e-05,0.08094995515469028,-0.011806133653404815,0.00041173604398945986,-0.028041822510479764,0.003238100743522084
2014-07-01,1.9950779558797205e-05,0.08093218770566342,-0.011807656284977085,0.0004121913609375082,-0.028066811633253773,0.003240636710472591
2014-07-02,1.9840530604995515e-05,0.08091542355549566,-0.011809381883907188,0.0004124494181761523,-0.028010993664291703,0.003243244061073387
2014-07-03,1.9739072814729258e-05,0.08089815065650338,-0.011811317130435655,0.0004126848456143349,-0.02800311444214376,0.0032473097989206916
2014-07-08,1.9593080492052883e-05,0.080872647985643,-0.011812788623550306,0.00041280439587121646,-0.028011152615717932,0.0032511905713839074
2014-07-09,1.9479755968215525e-05,0.08085826330451883,-0.011814337396860478,0.00041297614515155745,-0.028028050561466407,0.0032545558736769417
2014-07-10,1.9376674824234523e-05,0.08084613648255705,-0.01181656583043463,0.00041338962488295046,-0.02803024020588718,0.0032574450891910646
2014-07-11,1.9276271631618765e-05,0.08082904961330983,-0.011818092284098775,0.0004134133983743121,-0.02799636064569499,0.003260690301624544
2014-07-14,1.919996732230688e-05,0.0808114894113156,-0.01182004384919846,0.00041354522875913455,-0.028011611343916873,0.0032637720033327575
2014-07-15,1.9109342008785587e-05,0.0807938937268369,-0.01182089039302102,0.0004137313513087668,-0.027976063734930154,0.0032674002856320594
2014-07-16,1.902140851346876e-05,0.08077867444459987,-0.011822836474606236,0.0004138848209085104,-0.027980163276597095,0.003271176104850696
2014-07-17,1.899511627385742e-05,0.08076008139325899,-0.011824113324141378,0.0004140019677592741,-0.02797178858111494,0.003273878544833445
2014-07-18,1.8955487993812186e-05,0.08074458458521444,-0.011826170263754272,0.00041414476376053325,-0.028003545096470746,0.003277875563626905
2014-07-21,1.8863304007711866e-05,0.08072645608403058,-0.011827548656879613,0.0004142415855882082,-0.027997838888078982,0.0032810718815859665
2014-07-22,1.885707831000903e-05,0.0807142571894664,-0.011828411688600327,0.00041432496050110355,-0.028027445012420306,0.003283796618235497
2014-07-23,1.878933056090501e-05,0.08070060664908645,-0.011829493864315619,0.0004144985732751394,-0.028025937681579342,0.003287295047473296
2014-07-24,1.87010405064338e-05,0.08068169063098073,-0.011830981553779785,0.0004146053365080755,-0.027990980228378926,0.0032899493174918778
2014-07-25,1.8632777196041567e-05,0.08066667403056293,-0.011832884892950073,0.00041476000985871825,-0.02803245019312836,0.003292975148363612
2014-07-28,1.860094146738756e-05,0.08064861558430081,-0.011835459754652505,0.00041485191076178504,-0.028033832332088483,0.0032967480816858937
2014-07-29,1.8521385131328448e-05,0.08063114832504512,-0.011837080195711632,0.00041486771631947484,-0.028035607071429297,0.003299360072200763
2014-07-30,1.845456945638726e-05,0.08061473965226407,-0.011838517104412376,0.0004150019284817891,-0.028050619383230113,0.003302196649104947
2014-07-31,1.83717098798226e-05,0.08059781537866939,-0.011839116248685085,0.0004151699616459029,-0.028063103136052515,0.0033054155441539857
2014-08-01,1.8294576526028182e-05,0.08058499735907158,-0.011840413565195197,0.0004152044669201664,-0.02808995915847822,0.003308310546860287
2014-08-04,1.820169009546745e-05,0.08056629695409906,-0.011841522950912283,0.0004152604290292269,-0.028130535460713715,0.003311632263592149
2014-08-05,1.8144410300388088e-05,0.08055430603066822,-0.011842977910664096,0.0004154808864956218,-0.02814452010473053,0.0033142962615367796
2014-08-06,1.806863812332583e-05,0.08054353256365802,-0.011844519985886665,0.00041555236970506715,-0.028135332962045553,0.00331776275601866
2014-08-07,1.7989305343462598e-05,0.080524023293318,-0.011846221325878219,0.0004156559293823015,-0.028155535670383536,0.0033210466167468812
2014-08-08,1.7918383935120933e-05,0.08051002391951165,-0.011846610342239914,0.00041567625170832695,-0.028164350579851102,0.0033241816706807725
2014-08-11,1.784439250493059e-05,0.08049492268843567,-0.011847679879869814,0.0004158205020033044,-0.028170262142456055,0.0033268662901748446
2014-08-12,1.7737813991171297e-05,0.08047962696076667,-0.011849725724285023,0.0004158648393116206,-0.02817093000652251,0.0033305486559256654
2014-08-13,1.7660148023218537e-05,0.08045857459808835,-0.011851601473139694,0.0004158754980720783,-0.02820748866794074,0.003334018002915098
2014-08-14,1.756709987891718e-05,0.08044394087429495,-0.011852914169536164,0.00041600993433125576,-0.028199893321188448,0.0033372404160781615
2014-08-15,1.750062553689323e-05,0.08042951656361176,-0.01185456407165691,0.00041617062230638264,-0.02821808019988531,0.0033394504278536257
2014-08-18,1.743345841071876e-05,0.08041036248277114,-0.011855722451065514,0.0004162348646218409,-0.028187130264535017,0.0033421941606391133
2014-08-19,1.7451349040365424e-05,0.08039053474901968,-0.011858360635741054,0.0004164282639285439,-0.028175044028318427,0.0033449891502039756
2014-08-20,1.7457100586646345e-05,0.08037967981592807,-0.011859916737553888,0.0004165945290265298,-0.02818729001019398,0.0033477959997153476
2014-08-21,1.7363891402447437e-05,0.0803603467118987,-0.011861379986765631,0.00041674459109278494,-0.02819833086047862,0.0033503844477780573
2014-08-22,1.7328919821302886e-05,0.08034651515587442,-0.011862333337655236,0.00041685093254849954,-0.028213970581537046,0.003353616027621348
2014-08-25,1.7238585864243254e-05,0.08033287278608665,-0.01186326489572985,0.0004170273230355774,-0.028229285761058896,0.0033555295932919493
2014-08-26,1.7133015517184177e-05,0.08031726699244925,-0.011864216343877203,0.00041694223976561807,-0.02825089928038544,0.003358480470676862
2014-08-27,1.7072501463205164e-05,0.08030101613881355,-0.011865559117439735,0.0004170250819051655,-0.028284541131530026,0.003361479306730162
2014-08-28,1.701812782078063e-05,0.08028374762981798,-0.011867466461805472,0.0004169707954707416,-0.028255651341487893,0.0033638431901386926
2014-08-29,1.6930863020072292e-05,0.08026982817271225,-0.011868947354064489,0.00041687064241998815,-0.028233070488842743,0.003367548360536898
2014-09-03,1.6871273323683058e-05,0.08025260954488175,-0.011870606176237733,0.0004168581753032636,-0.028230198000065765,0.0033694749995176387
2014-09-04,1.6805084713035292e-05,0.08023262767573774,-0.011872235090351584,0.00041670761309265097,-0.028252021050431626,0.0033724714931254183
2014-09-05,1.6701573536403172e-05,0.08021359609236527,-0.011874414434744959,0.00041666587211641574,-0.028245550395194052,0.003374651605646266
2014-09-08,1.663702037890036e-05,0.08019755478678678,-0.011875695823273757,0.00041665503919204787,-0.028244862303210896,0.003377737399856027
2014-09-09,1.6581843483928844e-05,0.08017721332377906,-0.011876268144880483,0.00041662586070434336,-0.02820681605299035,0.003379719907120524
2014-09-10,1.6526634440811868e-05,0.08016374681294142,-0.011877215325791524,0.0004165774960650522,-0.02821230408999547,0.0033818265745804025
2014-09-11,1.6438968097901046e-05,0.0801447495106817,-0.011878951119693962,0.00041655789339664943,-0.02821124964913213,0.0033849470481847315
2014-09-12,1.6415690389345747e-05,0.08012643030625327,-0.011880414394567624,0.00041635905582468525,-0.028208577085461164,0.003388334380273543
2014-09-15,1.6404775509991782e-05,0.08010708286140028,-0.011881806953704933,0.0004163926540595357,-0.028204225316001592,0.0033917788005958594
2014-09-16,1.6332738696492083e-05,0.08009086041488195,-0.011883165102090549,0.00041621824713798054,-0.028229976791180944,0.003395223724152982
2014-09-17,1.6304639379948805e-05,0.08007729478405659,-0.01188447303322983,0.00041599424235562715,-0.02822264693803292,0.0033975678270199037
2014-09-18,1.6230579276084903e-05,0.08006157096404534,-0.011886314094784078,0.0004159887027021979,-0.02825189399351114,0.0034001110310221327
2014-09-19,1.6230040965199222e-05,0.08004748273344732,-0.011887710682492218,0.00041595512157134736,-0.028293143881236604,0.003403138215168396
2014-09-22,1.6201454524011056e-05,0.08003173879045035,-0.011888474565859418,0.00041585171425541866,-0.02830731170443731,0.0034058092870220677
2014-09-23,1.6118559742667632e-05,0.08002063306846927,-0.011889401920100028,0.0004156056294983022,-0.02833799972067142,0.003409754262053004
2014-09-24,1.6067200711022544e-05,0.08000162811005067,-0.011890747082828577,0.00041543944113520245,-0.02830401317977123,0.003412992281437906
2014-09-25,1.6080904927759607e-05,0.07998437378092084,-0.011892153355316687,0.0004153435803030696,-0.028313980663230216,0.0034163783936903467
2014-09-26,1.603853621710468e-05,0.07996819718311304,-0.011892940918110342,0.00041532607252185206,-0.028324922517090102,0.0034190330362630725
2014-09-29,1.601804791880901e-05,0.07994993667047957,-0.011894605440668565,0.00041513388964535607,-0.028347467571785946,0.003422196547545832
2014-09-30,1.5947302498672312e-05,0.07993113635479152,-0.011896769447285717,0.000415253132224012,-0.028324288113950734,0.0034248801526813467
2014-10-01,1.5925160295304937e-05,0.07991511759340725,-0.011897845327673016,0.000415145454926046,-0.028286566663405635,0.003428511807399053
2014-10-02,1.5930327249158576e-05,0.07989572400805596,-0.011899221029039085,0.00041497287704874645,-0.02831531168697348,0.0034308172833918617
2014-10-03,1.5867598161623032e-05,0.07987936190703578,-0.011900807752920078,0.00041480714996732475,-0.028315911451182237,0.003434244375226306
2014-10-06,1.5821317707184843e-05,0.07986506593090416,-0.011902726881193567,0.0004147752361634419,-0.02830220022816643,0.003437409506904776
2014-10-07,1.5736123456470104e-05,0.07985144888217988,-0.011904690665134054,0.00041455256249869167,-0.028272946965586167,0.003440171030720098
2014-10-08,1.5653141447279393e-05,0.07984016858871981,-0.01190573155823686,0.0004143996596249795,-0.028298922875096284,0.0034425130132864357
2014-10-09,1.561955188659144e-05,0.07982185043234433,-0.01190746614888349,0.0004142270776193391,-0.028251193286296376,0.0034455583133170577
2014-10-10,1.557691892221793e-05,0.07980597169210447,-0.011909266447459592,0.00041417707177710634,-0.02822694123058833,0.003448991344283866
2014-10-15,1.5579920100032766e-05,0.07978834261470936,-0.011910670065618323,0.00041410791493868193,-0.028218202463704246,0.0034523455535675823
2014-10-16,1.5544241220050796e-05,0.07977320077423695,-0.011912075028477366,0.0004140854917019063,-0.028230381232592354,0.003454888981731119
2014-10-17,1.5534575662787435e-05,0.07975794240820902,-0.011912814093812155,0.0004139668999654061,-0.028237746145351815,0.0034567320847349787
2014-10-20,1.5484936805795917e-05,0.07974142854368282,-0.011914579889751269,0.0004138147278075386,-0.02824449258118493,0.0034590263409162636
2014-10-21,1.5444706792938897e-05,0.07972748005948324,-0.011915877201488763,0.0004137376643032689,-0.028246493435285375,0.003461169405669027
2014-10-22,1.539844567329191e-05,0.07971181208983932,-0.011917560865266925,0.00041365786838513604,-0.02821135241123201,0.0034626914623517606
2014-10-23,1.5362092423880025e-05,0.07969296285286846,-0.0119184457030628,0.0004134787362250942,-0.028188376471653467,0.003464949924268569
2014-10-24,1.5349888304255503e-05,0.07967810969626077,-0.011920179713225256,0.0004133156272485629,-0.028194413163492957,0.0034671624943827307
2014-10-27,1.529185306978895e-05,0.07966444873676089,-0.011921627385690735,0.0004131193546783552,-0.028176197752743423,0.0034690085890966287
2014-10-28,1.5268065801463457e-05,0.07964836231235736,-0.011923094909717762,0.0004130813387892935,-0.028193926582102492,0.0034720504416268904
2014-10-29,1.5230331297033076e-05,0.07962541920046191,-0.011924517444001078,0.000413045882434681,-0.028216582881262678,0.003474065280571792
2014-10-30,1.5179011781603103e-05,0.07961656375177148,-0.011925760487048142,0.00041288998726552925,-0.028219417390840072,0.0034760296619363723
2014-10-31,1.511644962166898e-05,0.07960105389834389,-0.011926869714693193,0.0004127340419659636,-0.028246366060688505,0.003479063154081513
2014-11-03,1.5019224869871896e-05,0.07958884874631748,-0.011927939911709606,0.00041277394024167517,-0.028214413823580205,0.00348088874619161
2014-11-04,1.5041779434217886e-05,0.07957352399760528,-0.011929308062222928,0.00041288741424393583,-0.02823870946027239,0.0034830788469646886
2014-11-05,1.4998720862816062e-05,0.07955985007991435,-0.011930099235895799,0.0004126464834593604,-0.02818263517595404,0.0034854207441845494
2014-11-06,1.4960336043977969e-05,0.07954793900412944,-0.011931920845111818,0.0004124567523306477,-0.028237156335426068,0.0034877409604000633
2014-11-07,1.4896245106510244e-05,0.07952937799070262,-0.011932662552105363,0.0004124046281954216,-0.028213820954165303,0.003490058102838439
2014-11-10,1.4871160129353706e-05,0.07951338143438674,-0.011934028403342385,0.0004121576513703061,-0.02823529600000512,0.003492217981813827
2014-11-13,1.4875321163500114e-05,0.07949511651826813,-0.011934935381149703,0.00041193272076850743,-0.02822094024718845,0.0034944971742386617
2014-11-14,1.4847584592693808e-05,0.07948075130907369,-0.011936050182854659,0.00041183339096875706,-0.028201470168320766,0.0034969405093457032
2014-11-17,1.4893736080884865e-05,0.07946502533732996,-0.011937141444941594,0.0004115736530033241,-0.02812963763160261,0.0034990643593127138
2014-11-18,1.4845780804295335e-05,0.07945389954052533,-0.011938000290994512,0.000411378316361109,-0.028124137137275386,0.0035005303854575755
2014-11-19,1.48199823137176e-05,0.07943833487391717,-0.011939620307684784,0.0004111734406376747,-0.028161144856630946,0.003502975582866694
2014-11-20,1.4795450679589456e-05,0.07942795745791727,-0.011940538668317362,0.00041114387329953413,-0.02820082747912077,0.0035056403614800178
2014-11-21,1.4806893129001644e-05,0.07942021666844147,-0.01194229229938374,0.0004111704504364517,-0.028194072291390156,0.0035076016883808965
2014-11-24,1.4795123976975506e-05,0.07940800109906765,-0.011943398104730643,0.00041102713341677443,-0.028158569882137593,0.003510042097641882
2014-11-25,1.4775045598602971e-05,0.07939450076009034,-0.01194442743526043,0.0004109180085276811,-0.028160033588438188,0.0035122870123826195
2014-11-26,1.4719730751166195e-05,0.07938112316659315,-0.011945062738309638,0.00041085737351607846,-0.02817279584306144,0.0035140621260431686
2014-12-01,1.469079091109532e-05,0.07936466740233655,-0.011946046129273646,0.00041075908213064616,-0.028151442381708892,0.0035176590500758686
2014-12-02,1.459300664431303e-05,0.07934861868476879,-0.011947007512379223,0.0004106492631014983,-0.028187649770116938,0.003520330576832007
2014-12-03,1.4531519469315206e-05,0.07933167211190142,-0.011948175167776583,0.00041076657559172144,-0.02815208782441557,0.0035234356525295275
2014-12-04,1.4545119505791185e-05,0.07931373174599653,-0.01194925812653022,0.0004107741784320164,-0.028140270238510415,0.0035257958174097124
2014-12-05,1.4550556566216306e-05,0.07930228433638489,-0.011950568496240108,0.00041066328892400947,-0.028132929668515695,0.0035283625840746603
2014-12-08,1.4496753774747824e-05,0.07928220779913059,-0.011951522655996123,0.00041058641273019524,-0.028134297626544277,0.003530047817780723
2014-12-09,1.449754594261877e-05,0.07926556441613664,-0.011952367856205749,0.0004105712786989912,-0.028155103115497515,0.003531753497569402
2014-12-10,1.446660075523387e-05,0.07925311510407827,-0.011953097479447795,0.000410364581405844,-0.028131745725082882,0.003534912339908082
2014-12-11,1.4440403752274863e-05,0.07923672471015314,-0.011954201647412718,0.0004103198930436772,-0.02814676011313661,0.0035376713448785737
2014-12-12,1.4408237895633113e-05,0.07922308041159144,-0.011955915921789951,0.0004103413952811024,-0.028166208817944606,0.0035395394812273388
2014-12-15,1.4340091087646447e-05,0.07920935495619369,-0.011957372185423235,0.00041015408672339927,-0.028185772375217827,0.003542448514653686
2014-12-16,1.4306814068612483e-05,0.07919380096294773,-0.011958827801209089,0.00040984646686546334,-0.0282086161762767,0.0035438085063338566
2014-12-17,1.4350265292170403e-05,0.07918313309011218,-0.01196061454559463,0.00040966561355031583,-0.028259035879583685,0.0035460418942354875
2014-12-18,1.4362542837737836e-05,0.07917018416940669,-0.011960940899246672,0.00040956624907567565,-0.028242358051931378,0.003549187366651681
2014-12-19,1.432558298546418e-05,0.07916007740970846,-0.011961951834720128,0.00040940677959539406,-0.028219305572737455,0.003551293369086328
2014-12-22,1.4324107080928387e-05,0.07914609826126345,-0.011963362431197113,0.0004094105885163189,-0.028217725959179915,0.003552862102950313
2014-12-23,1.426344686702683e-05,0.07913724877054748,-0.011964041766247381,0.00040925591610926817,-0.02820758851974202,0.0035545960610078725
2014-12-24,1.4223690126080797e-05,0.07912653420734664,-0.011964862329151699,0.00040917950941367993,-0.028193188719081524,0.0035568438880675896
2014-12-29,1.4220489631338752e-05,0.07911355342088709,-0.011965742785050009,0.00040927095508121566,-0.028186123808340596,0.003558187754401573
2014-12-30,1.4177563007791575e-05,0.07909972866642094,-0.01196679477185249,0.00040915609646530594,-0.028180573006686326,0.0035596655025080083
2014-12-31,1.4168254794091808e-05,0.07908561043434686,-0.011967971831074124,0.00040906000003990465,-0.02817110983793259,0.0035616445779459186
2015-01-05,1.4123170425904766e-05,0.07907495804330186,-0.01196916565701771,0.0004089607152524394,-0.028184545930221086,0.0035644742130785077
2015-01-06,1.4026879025543656e-05,0.07906500906391514,-0.011969403442973474,0.0004088720812551005,-0.028165569028456607,0.0035655624212716664
2015-01-07,1.4016656179228611e-05,0.07905405693319889,-0.011971004902100497,0.0004090496411113733,-0.02819638575973729,0.0035679891690150135
2015-01-08,1.4004353035907728e-05,0.07903840776615272,-0.011971474837907722,0.00040887774850335693,-0.028172575184422677,0.0035700300541480073
2015-01-09,1.4019789510988313e-05,0.07902596914054817,-0.011972586733522942,0.0004088510234706731,-0.02814570922659066,0.0035720395351505783
2015-01-12,1.4002733663851275e-05,0.07901457791023589,-0.011973632311298861,0.00040874010220832795,-0.02813069557270516,0.0035733454634757546
2015-01-13,1.3960988659738273e-05,0.07900555292590468,-0.011974905002635823,0.00040859923154417386,-0.028112895003401396,0.003575260650640235
2015-01-14,1.3922106606257886e-05,0.07898813247755233,-0.011976705601756388,0.0004085050914865639,-0.028082387976244752,0.0035768680711728736
2015-01-15,1.3918924775910713e-05,0.07897842176793293,-0.011977352968069028,0.0004084928077906388,-0.028058916174479552,0.0035794436953147796
2015-01-16,1.3890506312535142e-05,0.07896576488025062,-0.011978746546665446,0.00040833107434312124,-0.028029920522202025,0.003581545537461788
2015-01-21,1.3897079188920428e-05,0.07895588081325289,-0.011980388354315023,0.0004082640009861363,-0.028054584273581866,0.003583990727498416
2015-01-22,1.3884931482325142e-05,0.07894430001964882,-0.01198152216866976,0.00040822522984605426,-0.02803267629169625,0.0035869833249666814
2015-01-23,1.3838600942160697e-05,0.0789354136682849,-0.01198266458209432,0.0004082036448638273,-0.028062270468185394,0.003588748083447186
2015-01-26,1.3809210971166402e-05,0.07892413890003004,-0.011984002177924178,0.00040799785597932605,-0.028106425652822904,0.003590475978274976
2015-01-27,1.37472994664497e-05,0.0789093499064194,-0.01198545111743718,0.00040797075507862307,-0.028084191703405197,0.0035925723064426196
2015-01-28,1.3730426229045323e-05,0.07889758634853075,-0.011986040175400742,0.00040786082395097853,-0.028112237036479824,0.003593767853628774
2015-01-29,1.374013386186006e-05,0.07888364238070075,-0.011987554113631966,0.0004078495040143734,-0.02808704109766392,0.003595405542676045
2015-01-30,1.376392621224176e-05,0.07886813641073441,-0.01198955621787134,0.0004077352400920542,-0.028061114872959397,0.0035975710842976703
2015-02-02,1.3757154537029031e-05,0.07885647493024052,-0.011990727452405665,0.0004076979591276768,-0.02806688894177889,0.003599435382195525
2015-02-03,1.3744850733439257e-05,0.07884569339782466,-0.011991483715516867,0.0004077100897208193,-0.028088948614819344,0.0036014000016122193
2015-02-04,1.3745587894452762e-05,0.07883039051216773,-0.011992849250795497,0.00040774839168692767,-0.028091874839652566,0.0036037145935921173
2015-02-05,1.3773462093817046e-05,0.07882128211650068,-0.011994082722026515,0.00040768250353342137,-0.02809147072141492,0.0036050212519807452
2015-02-06,1.3818838448693635e-05,0.07880767509096161,-0.011995716471269471,0.0004075064850231608,-0.028064429972635516,0.0036058122009670866
2015-02-09,1.3814381208465185e-05,0.07880012071182539,-0.011996724878865538,0.0004075189616403062,-0.02807541007764816,0.0036078574695149993
2015-02-10,1.383935924737706e-05,0.07878713738416437,-0.01199829150576316,0.0004075577856962861,-0.028085609489237162,0.003609766951676223
2015-02-11,1.3818599249566956e-05,0.07877057040780171,-0.011999672374421453,0.00040745281710616836,-0.028077250469718637,0.0036120973422311994
2015-02-12,1.38451421063902e-05,0.07876338125780623,-0.012000863982695181,0.00040730535817076074,-0.028065381608384357,0.0036138287040145874
2015-02-13,1.383225441328765e-05,0.07874813287446399,-0.012002919319534788,0.000407290547371812,-0.028068725852284773,0.0036155032307769977
2015-02-18,1.3802157561499317e-05,0.07873801854799047,-0.012004014726176961,0.00040738667732493364,-0.02805064045822294,0.0036171974234224134
2015-02-19,1.3787198045548909e-05,0.07872919703970944,-0.012005259039416032,0.0004074544129456918,-0.028044740678410375,0.0036200866583750877
2015-02-20,1.3770998796271071e-05,0.07871906244932053,-0.012006234243169708,0.0004073649146238246,-0.028034729797845777,0.003623065087456672
2015-02-23,1.3710057209453201e-05,0.07870317605366586,-0.012006967307538178,0.0004073827015470537,-0.02803759721800459,0.0036265983020814657
2015-02-24,1.3690928247417393e-05,0.07868963050639045,-0.012008322409044854,0.0004071447928381699,-0.028066915338605954,0.00362934035131827
2015-02-25,1.3659782072666894e-05,0.0786780430021909,-0.012009636835112022,0.0004070324411782571,-0.02805459567776894,0.0036310806377705803
2015-02-26,1.3634385115507218e-05,0.07866467413958089,-0.01201023572092617,0.00040686787841648397,-0.028049571357944614,0.003633519199044796
2015-02-27,1.3624840795571177e-05,0.07864540826260731,-0.012010770007205124,0.00040689718977427575,-0.028038874259996148,0.0036360175164138046
2015-03-02,1.363267947273576e-05,0.07862903251802783,-0.012012728536755418,0.0004068359280621655,-0.028029190468080098,0.0036385443979751646
2015-03-03,1.3626992229907634e-05,0.07861443739080361,-0.012013993949602172,0.00040682425217420753,-0.028041695339573812,0.00364071572446425
2015-03-04,1.3619072614802225e-05,0.07860199155709119,-0.012015543090991869,0.00040680242935127643,-0.028051558631057474,0.0036431269521448734
2015-03-05,1.3587102312544725e-05,0.07858771680992338,-0.012017035335830541,0.0004068403217287488,-0.02804480070784751,0.0036453425338108377
2015-03-06,1.3553464835595834e-05,0.0785748652588111,-0.012018515006902646,0.0004068938679137452,-0.028046323906903148,0.003647271549757208
2015-03-09,1.356644641401346e-05,0.07856920956492736,-0.012018666018032819,0.00040686351576365394,-0.028033227613055274,0.0036486946615893025
2015-03-10,1.3588884546098076e-05,0.0785586938393905,-0.012019495835303718,0.00040682788160133025,-0.028040116872485144,0.0036505165512120434
2015-03-11,1.36242125556559e-05,0.078543772111431,-0.01202046147424641,0.00040669109017656195,-0.028039593527600062,0.003652907327019489
2015-03-12,1.3577120287108842e-05,0.07853205453996123,-0.01202168306239207,0.0004065963261840257,-0.028046238060147402,0.003655169457483793
2015-03-13,1.3571320113897557e-05,0.07851789332345241,-0.01202272678435615,0.00040664711854775803,-0.028004654804264194,0.003657223222055824
2015-03-16,1.3574472085160015e-05,0.07850449599284186,-0.01202384184870928,0.0004066335004233306,-0.02801136967008499,0.0036591130357209404
2015-03-17,1.3599748552087397e-05,0.07848994527881999,-0.012025310092962193,0.0004064378798714007,-0.027963361725720864,0.0036606113184560803
2015-03-18,1.3606364441366359e-05,0.07847809018299218,-0.012026728794823329,0.0004064549752614285,-0.027951627158327573,0.003661549187837235
2015-03-19,1.3584535967798826e-05,0.07846124866008167,-0.012027340571409506,0.0004063406132078602,-0.027952599914860127,0.0036633652480303376
2015-03-20,1.3572748680752063e-05,0.07845032631138381,-0.012028450261292161,0.00040622181387117956,-0.027979839573476356,0.0036653440062481
2015-03-23,1.3546147653667025e-05,0.07843718935356367,-0.012029585032009895,0.000406140766062525,-0.028015768601635675,0.003667467904141202
2015-03-24,1.3566487566771054e-05,0.07842248785230883,-0.012030487701780153,0.0004060782400788589,-0.027962725720077082,0.003669876734330979
2015-03-25,1.3549584864138215e-05,0.0784128764017777,-0.012031367403670343,0.0004061309314934954,-0.027920760564099548,0.003673116873780173
2015-03-26,1.3576254773000907e-05,0.07839608550280118,-0.012032781561751076,0.00040609241059675293,-0.027916724042986715,0.003675153168579302
2015-03-27,1.357765700783416e-05,0.07837663781878729,-0.012034008351296591,0.0004061083737271308,-0.027906044808213,0.003677655803174496
2015-03-30,1.3572192140738078e-05,0.07836731329793593,-0.012034858390739873,0.00040598909880723967,-0.027891618589211666,0.003679955952350226
2015-03-31,1.3558587464555972e-05,0.07835425875744888,-0.012034972556248368,0.00040591439325595086,-0.02790799576430114,0.0036817564656047154
2015-04-01,1.3602957172539602e-05,0.07834164252898848,-0.012036273668627981,0.0004059277296582839,-0.02790603367595701,0.0036838666513522088
2015-04-02,1.3574176298219217e-05,0.07832773862813501,-0.012037674727250963,0.00040608985865588884,-0.027910069096595484,0.003685827655448487
2015-04-07,1.3526136971682415e-05,0.07831413238333106,-0.012039109659990879,0.00040619669726682246,-0.027925790421245225,0.003687471866358913
2015-04-08,1.352009545665661e-05,0.07830062064902224,-0.012039950963605129,0.0004063630368069185,-0.027897317101039883,0.0036894508650659806
2015-04-09,1.3476991289389893e-05,0.0782868738468254,-0.012041350510103778,0.0004063679187466105,-0.027859538949365666,0.0036920007284765776
2015-04-10,1.3495505029171117e-05,0.07827961770545518,-0.01204241179043099,0.00040638915516729617,-0.027870723356875585,0.0036945168293167907
2015-04-13,1.3502831043627516e-05,0.07826512664393659,-0.012043324439730227,0.00040646685257934986,-0.027910507400099212,0.0036966704232790377
2015-04-14,1.3522153445204199e-05,0.07825816863654364,-0.0120448389651003,0.0004062742405023337,-0.027911302946961293,0.003698321174234848
2015-04-15,1.3503473036916477e-05,0.07824480701109598,-0.012046506600351722,0.0004063163887888245,-0.027875030474460633,0.003700298333430535
2015-04-16,1.3485174813723783e-05,0.07822618559773567,-0.012047607652059528,0.0004063218685724458,-0.027874535226309283,0.0037024560162594645
2015-04-17,1.3503440910513946e-05,0.07821127581499875,-0.01204889329249535,0.00040615838058129965,-0.027888220177695357,0.0037048534636940572
2015-04-20,1.3459628677575921e-05,0.0781882445291677,-0.012049968956846076,0.0004062085133047373,-0.027875528816757852,0.0037066500531647796
2015-04-21,1.3496529036773815e-05,0.07817719862121841,-0.012051232296331727,0.0004061807085460351,-0.02786469799230966,0.0037095496115212324
2015-04-22,1.3526733868817582e-05,0.0781602634269178,-0.012052600267090801,0.000406237128775039,-0.027851691158134885,0.0037113480226687832
2015-04-23,1.353409796694392e-05,0.07814110428872013,-0.012054192802337877,0.00040621140014286515,-0.02783524910124472,0.0037132784486864513
2015-04-24,1.3566197461965668e-05,0.07812479296708187,-0.01205526362757866,0.0004062338927591468,-0.027828730515253537,0.003716206790194997
2015-04-27,1.3580685733521089e-05,0.07810676956728904,-0.012056133810684056,0.00040612238260713654,-0.027804105423319035,0.003718170272947628
2015-04-28,1.3561888816534073e-05,0.07809070935255205,-0.012057336453340575,0.0004060833562741286,-0.027757216467033198,0.003720251394575132
2015-04-29,1.3599925502614396e-05,0.0780716902016751,-0.012058781796810887,0.00040600260346517077,-0.02774775853555081,0.003723222242380913
2015-04-30,1.3655816955566812e-05,0.0780565912189496,-0.01206013755429571,0.00040596338771025845,-0.02774363880687237,0.0037256508954442887
2015-05-01,1.3587584281559838e-05,0.07804510639925097,-0.012061606382466786,0.00040602282324544737,-0.027743368876936444,0.003727198012150015
2015-05-04,1.3578043126824727e-05,0.07803336958970813,-0.012063113144579857,0.0004059798293585769,-0.02778130762070012,0.0037297349824966736
2015-05-05,1.3540017143460177e-05,0.07801540647163505,-0.012064150569886413,0.0004060470756226249,-0.027713312503787925,0.0037322849559937327
2015-05-06,1.3500026097726278e-05,0.07800007022143705,-0.012065220523885117,0.0004059787532233396,-0.027742196717345,0.0037350670275687605
2015-05-07,1.3538939413469613e-05,0.07799438860524827,-0.012065753392451684,0.0004057585799335981,-0.027729592411973515,0.003737735708483247
2015-05-08,1.355061775880512e-05,0.07797914526883377,-0.01206722749011626,0.0004058102668219721,-0.02771790707890416,0.0037399426609317074
2015-05-11,1.3558810172015448e-05,0.07796444952732015,-0.012069142331756096,0.000405695644819355,-0.02773232863467421,0.003741700316250326
2015-05-12,1.3609089023537807e-05,0.07795277741648998,-0.012069525651866808,0.00040562000715995897,-0.02772843654969772,0.003743497847696126
2015-05-13,1.358775926666815e-05,0.07794090270216335,-0.012070348725043208,0.00040551959112918,-0.027748161204563665,0.003745170901393579
2015-05-14,1.35581068615175e-05,0.07792889521724464,-0.012071979114217809,0.0004054360124592951,-0.027743070248634878,0.0037476027377345523
2015-05-15,1.3547687541644085e-05,0.07791213548871279,-0.012073322263970565,0.00040534257845954616,-0.027749760529137357,0.003749686380375553
2015-05-18,1.348590467298454e-05,0.07790099758899233,-0.012073774159349758,0.0004052025384744674,-0.027697769892746596,0.0037514521283008428
2015-05-19,1.34522351462785e-05,0.07788628409701831,-0.012075209326509125,0.0004051753710185871,-0.027691170367639358,0.0037542222546391767
2015-05-20,1.341798675345035e-05,0.07787823522916737,-0.012076437359098855,0.00040511097207593854,-0.02771447797984039,0.0037555943738369637
2015-05-21,1.3361722509860733e-05,0.0778692246102991,-0.012077642053601267,0.0004051582092698772,-0.027709440352381813,0.0037574025641710987
2015-05-22,1.3364648691628926e-05,0.07786108890826167,-0.012078574181619115,0.0004050161001602297,-0.02771975785043436,0.0037595501547739215
2015-05-27,1.3342874808292845e-05,0.07785072948160648,-0.01207966364047344,0.0004048173088271093,-0.02770488610249349,0.0037620071816575795
2015-05-28,1.3346950503397253e-05,0.07783774251220117,-0.012080448903094423,0.0004049003991587626,-0.027728641733576635,0.00376457151895969
2015-05-29,1.3337001419368215e-05,0.07782996782678425,-0.0120810211448683,0.0004049465939275862,-0.02769695468799696,0.0037664045316235647
2015-06-01,1.3374444504115886e-05,0.07782081425214905,-0.012082300444493372,0.000404916471331913,-0.027686746406652522,0.003769683751702624
2015-06-02,1.3410366498479211e-05,0.07780108211762131,-0.012083496797449063,0.0004047262710110242,-0.02764008669523947,0.003772904943395378
2015-06-03,1.340491019588067e-05,0.07778939014996514,-0.012084025520279465,0.00040468014878941344,-0.027655379088211772,0.0037746939956741325
2015-06-04,1.340603091217397e-05,0.0777767839463526,-0.012085738564343739,0.0004047380250612203,-0.02762891981533481,0.003776953451845453
2015-06-05,1.3447426332775081e-05,0.0777648475983781,-0.012086293430951602,0.0004047632655454355,-0.027612222198211515,0.00377845307749187
2015-06-08,1.3462610890299556e-05,0.07775208186436544,-0.012088521145311306,0.00040477935437841785,-0.02760055656895244,0.00378024943455551
2015-06-09,1.347514686111805e-05,0.07773665770132493,-0.01208983620380127,0.00040462217644766105,-0.027581656943187087,0.0037829866911866625
2015-06-10,1.3459464841569256e-05,0.07771841118920317,-0.012090722799089928,0.0004046255226257355,-0.027565855366662922,0.003784753424251189
2015-06-11,1.3507818138770955e-05,0.0777016372841174,-0.012091479078781758,0.00040446788439918533,-0.02756354028261923,0.0037871283159715873
2015-06-12,1.3438227442802211e-05,0.07768988028869271,-0.012092762745965796,0.0004044039497691478,-0.027594882766050766,0.00378928711872861
2015-06-15,1.3400169257974105e-05,0.07767609910608889,-0.012093646711876198,0.00040456354063098934,-0.02760172669767976,0.0037928667071199518
2015-06-16,1.3417841908899987e-05,0.07766091441294504,-0.012094940710492708,0.00040462154649538023,-0.02756452587415472,0.00379466013645366
2015-06-17,1.3416999888402322e-05,0.07764493375441248,-0.012095986054841617,0.000404559406965546,-0.02754888976658062,0.0037967253857685776
2015-06-18,1.3338364666720364e-05,0.07763149162689191,-0.012097443260089775,0.0004045049491131222,-0.027556031420043578,0.0037992511255856816
2015-06-19,1.3337530034065274e-05,0.07762147135717848,-0.012098558836575606,0.00040445529106247714,-0.027538172795331807,0.003802090921547564
2015-06-22,1.3325026362241964e-05,0.07760133661076529,-0.012100070275981978,0.0004044536257569682,-0.02747074259426801,0.0038036515612669347
2015-06-23,1.3317003858223224e-05,0.07758771882116669,-0.012101354920626037,0.0004044323619684817,-0.027456222012784248,0.0038064483498254247
2015-06-24,1.3272797537046391e-05,0.07756863466316068,-0.012102785184021173,0.00040439249523377304,-0.02747028787936459,0.0038083318500884023
2015-06-25,1.3233017352747156e-05,0.07755538859322643,-0.012103532293251139,0.0004042218331270409,-0.027473571328147012,0.003809999294523519
2015-06-26,1.3199529021582963e-05,0.07754057030124747,-0.01210437104309486,0.00040412712940765376,-0.02745291280310435,0.0038120269224899946
2015-06-29,1.3199083680370704e-05,0.07752312210402353,-0.012105622612280811,0.00040413508588556506,-0.027408065933277402,0.0038144296495919447
2015-06-30,1.31556731035792e-05,0.07750901467219934,-0.012107580244446421,0.0004040606010450225,-0.027395117971973172,0.003816874884541354
2015-07-01,1.3139418570657163e-05,0.07749139173256704,-0.012109088689005664,0.0004039942340770652,-0.02739439329640106,0.0038185692221881645
2015-07-02,1.3148499959649164e-05,0.0774794952616228,-0.01211014258170535,0.000403840476823773,-0.027351269016661926,0.003822071743878902
2015-07-07,1.314836751169362e-05,0.07746837727165785,-0.012111526123153341,0.00040386749062578536,-0.02730988358095409,0.003824113673378683
2015-07-08,1.3213067396490485e-05,0.07745494721296313,-0.012113046210926137,0.00040384108000645616,-0.027328742596478384,0.0038263798582120435
2015-07-09,1.326126538829899e-05,0.07744404765794179,-0.012113982223080095,0.0004038345742603752,-0.027315253507860023,0.0038283112165690266
2015-07-10,1.3292868560509696e-05,0.07742738431791654,-0.012115396731202564,0.00040389189633392264,-0.027293882935983095,0.0038309146180328774
2015-07-13,1.3301520966044311e-05,0.07741114085115833,-0.01211661757308731,0.00040392509286026084,-0.027307224448101186,0.0038323293593074343
2015-07-14,1.3309605965872523e-05,0.0774000367107871,-0.012117910219389844,0.0004039099341191902,-0.027285995863463502,0.003834369487003203
2015-07-15,1.3293006326454276e-05,0.07739077207087106,-0.012119301830908915,0.00040390053647149093,-0.027262233836469058,0.0038357764278121116
2015-07-16,1.3311268732256874e-05,0.07737311173374871,-0.012119652853989235,0.0004038546699210708,-0.02725104262329693,0.0038365495023443886
2015-07-17,1.3374035670285882e-05,0.07735732387896731,-0.012120272930894922,0.0004039616864493259,-0.027257266612186477,0.003838723412924582
2015-07-20,1.3392233193361468e-05,0.07734209474968785,-0.01212152248269944,0.0004040269291312323,-0.027207980654241563,0.003840843380386978
2015-07-21,1.34304673088034e-05,0.07732749391606267,-0.012122429437863246,0.0004040417043383789,-0.02718091668336478,0.003843117955754711
2015-07-22,1.3444942977300372e-05,0.07731325019466384,-0.012123912761323945,0.0004039786335425842,-0.027192581703321644,0.0038458188958751588
2015-07-23,1.3407647652293085e-05,0.07729798400174315,-0.012125511370046617,0.00040388500863983916,-0.027205119765879145,0.003847691449561406
2015-07-24,1.342130140689069e-05,0.0772862935464178,-0.012127038284655497,0.0004039028797984161,-0.027188513979833163,0.003849577647816965
2015-07-27,1.341867239242837e-05,0.07727070253307433,-0.012127776572772041,0.0004038862973009496,-0.027151612050471632,0.00385190909160406
2015-07-28,1.338940150343509e-05,0.07725416666557748,-0.012128370116202701,0.00040391236046197296,-0.02713186775776666,0.0038537068473512843
2015-07-29,1.3378217919655404e-05,0.07724249262104753,-0.012129656437552708,0.0004038711400889437,-0.027132423971660255,0.0038555616470980865
2015-07-30,1.3411921972755991e-05,0.07722431916678782,-0.0121304489789207,0.00040376351152208924,-0.027133283552313495,0.0038577585423999064
2015-07-31,1.3383750587277164e-05,0.07721215354469421,-0.012131393592905292,0.0004037651094420246,-0.027143387625618645,0.0038595770342050176
2015-08-03,1.3357155788009488e-05,0.07719891022443892,-0.012132931499965182,0.0004037098386401787,-0.027149679584094095,0.0038608277623369256
2015-08-04,1.3396338250792723e-05,0.07718300723664087,-0.012134218918700203,0.0004038613932356882,-0.02709587811611245,0.003862276853275411
2015-08-05,1.347963333603826e-05,0.07716857920262633,-0.012135174780070698,0.00040383284274959295,-0.02707005085918212,0.0038630735686859714
2015-08-06,1.345564476572242e-05,0.07715478644236495,-0.0121370834295352,0.0004037649596081318,-0.027075553807668525,0.0038644146150398576
2015-08-07,1.3494908869951077e-05,0.07714247324502944,-0.012138069762392215,0.0004036884195338875,-0.027106268261246416,0.0038655973504876963
2015-08-10,1.350199890080714e-05,0.07712457625800895,-0.012138842504028281,0.00040366273626639486,-0.02706288994474238,0.0038680941983052683
2015-08-11,1.3503587458770671e-05,0.07711370667031503,-0.01214015466267712,0.00040376427868197857,-0.027044033515606032,0.0038693857868632763
2015-08-12,1.3507508380179769e-05,0.0770993857789726,-0.012142521231763806,0.00040374321808973787,-0.02701092143466463,0.0038701907340980965
2015-08-13,1.350733246820293e-05,0.07708917043974428,-0.012143974168676772,0.0004037378015302059,-0.02699023454395974,0.0038715161604373307
2015-08-14,1.3500309976679188e-05,0.07707475494067263,-0.012144954901299774,0.00040376593627870707,-0.02697785455792137,0.003873231283175134
2015-08-17,1.349530087576776e-05,0.07706591378021427,-0.012145609987899104,0.0004037133964671747,-0.02698981774087169,0.0038751232108433804
2015-08-18,1.3506034295194115e-05,0.07705304712720196,-0.012147140946434737,0.0004036755866654761,-0.026973060636806448,0.0038761960184621135
2015-08-19,1.3539220328575351e-05,0.07704502808170328,-0.01214837184018054,0.0004038025034772101,-0.02694209586316889,0.0038782332586826712
2015-08-20,1.352252030458106e-05,0.07702901332664606,-0.012149112118385673,0.00040380285386845216,-0.02691354236473855,0.0038798433778626613
2015-08-21,1.3502645243185265e-05,0.07701659332076638,-0.012150836434940573,0.00040377114287542745,-0.02689003817592895,0.0038814057169398665
2015-08-24,1.3508864176977678e-05,0.07700689260272299,-0.012152329926281309,0.00040368122370827025,-0.026851557653836074,0.0038833025526028757
2015-08-25,1.3463639678860327e-05,0.07699538369879466,-0.012153141174674552,0.00040367362726435917,-0.026814336901117244,0.0038835524339037603
2015-08-26,1.3426398813652069e-05,0.07698310874305428,-0.012153778427772996,0.00040364824238806214,-0.026807894937072113,0.0038839728558155828
2015-08-27,1.3447359752125342e-05,0.0769697123696551,-0.012154259448051985,0.0004036771782599201,-0.02680873847503073,0.0038853871475585675
2015-08-28,1.343087584469588e-05,0.07695764016214221,-0.012155374041694075,0.00040362961510448793,-0.02675201835344715,0.0038868421214493655
2015-08-31,1.3446368576456322e-05,0.076948343955106,-0.012155768045977013,0.0004037279583827575,-0.02674802735439035,0.003888194617920957
2015-09-01,1.3508834867149324e-05,0.07693957377053084,-0.012156854168260043,0.00040362207633047375,-0.026753954927365327,0.0038890581755678545
2015-09-02,1.3485644474125282e-05,0.07692724094355578,-0.012158325465591509,0.0004037027997066407,-0.026727302621581316,0.003889481832180637
2015-09-03,1.3435096764844126e-05,0.07691406182421444,-0.012158911666618717,0.0004036888332715629,-0.026701432108737454,0.0038908763996063486
2015-09-04,1.3398442354609414e-05,0.07690520718333806,-0.01215975531327558,0.00040352311299363965,-0.026652923196622387,0.0038913789639288673
2015-09-09,1.3384200693408784e-05,0.07689423957665885,-0.012161127072885036,0.0004036196307499896,-0.02665928662256816,0.0038924442443649177
2015-09-10,1.3470154896452915e-05,0.07688632212661498,-0.012161765724383997,0.0004036160096732506,-0.02666242917222246,0.0038925821042671586
2015-09-11,1.3469831487540837e-05,0.07687735443688776,-0.01216295649142676,0.0004037372054579751,-0.026672448372849274,0.003893816161675862
2015-09-14,1.341600628021724e-05,0.07687469325883478,-0.01216458772653748,0.00040377551988598603,-0.026648192853738803,0.003894727981657538
2015-09-15,1.3432088805974526e-05,0.07685928654804813,-0.0121656086084574,0.00040374802956429795,-0.02665539997397373,0.003896375920563535
2015-09-16,1.3419971840237369e-05,0.07684681225639249,-0.012166543222879264,0.00040373886228647134,-0.02662920315428722,0.003897782922871292
2015-09-17,1.3411617479233039e-05,0.07683841561609402,-0.012167385350822405,0.0004036589009739771,-0.02664873261557367,0.003898617731422198
2015-09-18,1.3423051119562708e-05,0.07682721622273765,-0.012167981908397794,0.00040349480556138594,-0.026621955476087172,0.0038994439353821513
2015-09-21,1.3420219208277347e-05,0.07681418356588472,-0.012169430508800289,0.0004035684588540853,-0.026661181383206813,0.003899673203877957
2015-09-22,1.3405940385425493e-05,0.07681350882236392,-0.012170923976672009,0.0004034946996869133,-0.02664780357625071,0.003900777588957888
2015-09-23,1.3377157881759103e-05,0.07680194530637344,-0.01217238586942934,0.0004033793259210497,-0.026653007421482217,0.003902354216564462
2015-09-24,1.3367609740435018e-05,0.07679701000591618,-0.012173015028995352,0.0004033430252941624,-0.026642092150832596,0.0039034408485976585
2015-09-25,1.3384161365755237e-05,0.07678263026834643,-0.01217419041231782,0.00040338007360586354,-0.026660934125923887,0.0039045489048745996
2015-09-28,1.3413512625967501e-05,0.07677420196153023,-0.012175474192085445,0.0004033234840040274,-0.02663317795716981,0.003905788719431434
2015-09-29,1.3394425973368193e-05,0.0767604937003658,-0.01217574984596056,0.0004034275016957744,-0.02660875708324726,0.003906483325910125
2015-09-30,1.3394921022837614e-05,0.0767507622406833,-0.012177105465621094,0.00040331715765113394,-0.02658554325883862,0.003906925653118798
2015-10-01,1.342125122179557e-05,0.07674507099462122,-0.012178622497573243,0.00040331673234172445,-0.026591317022722126,0.003907449659481315
2015-10-02,1.3390345298650816e-05,0.07673982729308343,-0.012178535919821591,0.00040321170572626475,-0.02656393520423679,0.003908272187262488
2015-10-05,1.3403081279187814e-05,0.07672972453403386,-0.012179154428989657,0.00040334529093945357,-0.026531929134187553,0.003908510119899297
2015-10-06,1.3358145753329927e-05,0.07671949135794731,-0.012180285089076549,0.00040321689325501376,-0.026498444654202154,0.003908845822678227
2015-10-07,1.3320130001102237e-05,0.07671161839820645,-0.012181306959781226,0.0004032131437382806,-0.026515898090820327,0.00390954036403357
2015-10-08,1.3325886062546846e-05,0.07670430636836302,-0.012182522389849104,0.0004032364623443648,-0.02650129948434299,0.003910258528629107
2015-10-09,1.3309988518598687e-05,0.07669617191400319,-0.01218386915188414,0.00040303050986972584,-0.026511188602954712,0.003911585621504083
2015-10-14,1.327933700938705e-05,0.07668535747157064,-0.01218510957107372,0.00040310881234650696,-0.026530351999409056,0.003912554557531922
2015-10-15,1.3249151226098546e-05,0.07667355165708672,-0.012185369945908325,0.0004030708937123469,-0.026528088013151804,0.003913482634282445
2015-10-16,1.3325331998979617e-05,0.0766660845029376,-0.012185591589474569,0.00040319820580690224,-0.026530254325012374,0.003914261223559628
2015-10-19,1.3311083222230209e-05,0.07665820605258306,-0.012186420806679353,0.0004030811281032417,-0.02656253796197435,0.003914578685122884
2015-10-20,1.3267147662054263e-05,0.07664712199984217,-0.012188208482159764,0.0004030679759731209,-0.026545967315094197,0.003915507551412568
2015-10-21,1.3279684059187908e-05,0.0766433391808786,-0.012189994449439493,0.0004031028164503143,-0.026536429899056982,0.003916200452939913
2015-10-22,1.325292128863059e-05,0.07663504143519316,-0.012190896612461715,0.0004030235938462146,-0.026527681741763315,0.003916700293395011
2015-10-23,1.329050452509987e-05,0.07662884301319235,-0.012191447208320794,0.00040306788335951803,-0.026560893865340364,0.003918164499159669
2015-10-26,1.3280095081962359e-05,0.07661945615230455,-0.012192662072864619,0.00040305290948990666,-0.02656689568808108,0.003919041332855868
2015-10-27,1.3310700148775064e-05,0.07661039122666678,-0.0121932545310774,0.0004030882694918293,-0.026561272522543818,0.003920327852153989
2015-10-28,1.3295600144981495e-05,0.07660010158380884,-0.012193904252730267,0.0004030431040477966,-0.02652071679422187,0.003920290744363926
2015-10-29,1.3323072790908888e-05,0.0765935896187839,-0.012194437605337899,0.00040307526741704405,-0.026506632868066343,0.003920869202712809
2015-10-30,1.3383025680138453e-05,0.07658174117870964,-0.01219529133149143,0.0004030089283773298,-0.026504030203572275,0.003920992774586674
2015-11-02,1.3412485036679454e-05,0.07657096624605957,-0.012196008128449017,0.0004031612446617679,-0.02650631301168665,0.003921792708841049
2015-11-03,1.3370367423156003e-05,0.07656624419195973,-0.012197285735113325,0.0004030796870246465,-0.026504897184600903,0.003922411983390901
2015-11-04,1.338981801457882e-05,0.07655970777891674,-0.012197831897143333,0.0004031600643561711,-0.02650361080346758,0.003922910880843235
2015-11-05,1.3403183064007143e-05,0.07655286930966622,-0.012198964245895696,0.00040309280558875236,-0.026489562157710388,0.003923764772052323
2015-11-06,1.3408893545912667e-05,0.07654138335717164,-0.012199614309593097,0.0004029681322681574,-0.02644908348494939,0.0039247094717704155
2015-11-09,1.3433123135147212e-05,0.07652832574572134,-0.012200465836978227,0.00040285194502931616,-0.026436851618557328,0.003925652004885436
2015-11-10,1.3451602035079887e-05,0.07651742227231859,-0.012201560123439332,0.00040276103553071684,-0.02648243340790058,0.003926332394973951
2015-11-13,1.3467872541384832e-05,0.07650850617081595,-0.012201775349654071,0.0004026882358003709,-0.026492926525633682,0.003926378167362291
2015-11-16,1.3486875907593648e-05,0.07649978581073529,-0.012203411864068925,0.0004025712372701666,-0.026465992394264413,0.0039268476997034165
2015-11-17,1.3466854939092837e-05,0.07649506266410916,-0.01220426264125583,0.00040263247090570645,-0.026491141111792828,0.0039273525992451035
2015-11-18,1.3514616539967876e-05,0.07648177024460126,-0.012205328244520211,0.0004026828348293426,-0.02650300846039645,0.003927731394829617
2015-11-19,1.3532831868886172e-05,0.07647615481684673,-0.012205921956067406,0.0004027110125275257,-0.026509454565068764,0.003928787020223735
2015-11-20,1.3532618206698512e-05,0.07646716920967322,-0.012206212619261716,0.0004025999689570079,-0.026446804501213096,0.0039294930332523315
2015-11-23,1.3508859697423202e-05,0.07645558606389218,-0.01220622849851119,0.00040247984694089867,-0.02647252168212668,0.003930190052643577
2015-11-24,1.3500766176302974e-05,0.07645199794451538,-0.01220723431662713,0.00040247774177205105,-0.026431059535064277,0.003931649973005139
2015-11-25,1.3531383226971806e-05,0.07644062802749278,-0.012208579927657644,0.0004023972421707522,-0.02644826732545407,0.003931863236383511
2015-11-30,1.357141358401542e-05,0.07643215776074846,-0.012209876292861575,0.00040241936240614757,-0.026439340271092043,0.003932514187347847
2015-12-01,1.3558913455629775e-05,0.07642546586480452,-0.012210081933800458,0.00040236649497299383,-0.026421286347586635,0.0039332051090804985
2015-12-02,1.3519229472739005e-05,0.07641779435860797,-0.012210379554987065,0.0004023301109509916,-0.026389370048236452,0.003934131768243949
2015-12-03,1.3477781399787059e-05,0.07640824500982066,-0.012211086490585474,0.00040229530116984335,-0.026357973997694593,0.003935144591941001
2015-12-04,1.3499514750183546e-05,0.07640239211535567,-0.012212486978981649,0.0004024039833941238,-0.026374933587244173,0.00393554277970537
2015-12-07,1.3521391199981813e-05,0.07639320009806216,-0.012213967958807729,0.0004023176408761305,-0.02633064254515425,0.003936836600429044
2015-12-08,1.357461601224431e-05,0.07638619697245844,-0.01221525823133085,0.0004023685709238831,-0.026311723021338627,0.003937212740543369
2015-12-09,1.355324156899366e-05,0.07637764574544793,-0.01221659165172782,0.00040218170708342647,-0.026285434120828725,0.0039374016251312
2015-12-10,1.3519828878925488e-05,0.07636885761042082,-0.012217421818318804,0.00040198433735233376,-0.0262872947572566,0.003937610477380806
2015-12-11,1.356453451921007e-05,0.07635585138821398,-0.012218199922775256,0.0004020348752341769,-0.026281488916376133,0.003938535516572731
2015-12-14,1.3571307112590536e-05,0.07634516019964813,-0.0122192503456287,0.0004020009434446895,-0.02625717244999809,0.0039388537613927535
2015-12-15,1.3528347901664383e-05,0.07633695969622205,-0.012219899082896092,0.0004018366941141093,-0.026234754278106294,0.003939103502728893
2015-12-16,1.3511298432316402e-05,0.07633140538209715,-0.012220845532809143,0.00040180926429958963,-0.026237698008132658,0.0039398952147594955
2015-12-17,1.3481422812649897e-05,0.07631920675488367,-0.012222015391393682,0.0004017787968113546,-0.026263428093605296,0.003939818921264741
2015-12-18,1.3507042445791027e-05,0.07630937090530615,-0.012222790635409733,0.0004017711820606518,-0.02621693816126186,0.0039394015248859805
2015-12-21,1.3539919296577196e-05,0.07630124910278983,-0.012223665222338077,0.00040169914108568046,-0.026193695624315054,0.003940706447866338
2015-12-22,1.3526343705507962e-05,0.07629522489609965,-0.012225220834958974,0.00040183826432698376,-0.02617741001580476,0.003940692047678434
2015-12-23,1.3560878608028263e-05,0.07629274077641324,-0.01222648785630408,0.0004017213142140818,-0.026170307247348493,0.0039408342162711545
2015-12-24,1.3598398219856139e-05,0.07628825743455321,-0.012227669018467517,0.00040173104747007985,-0.026180308156050956,0.003940728164047957
2015-12-29,1.360368143152381e-05,0.0762790646855378,-0.012228589847804814,0.00040175966933545166,-0.0261535391281556,0.003941024541260927
2015-12-30,1.3666231747283948e-05,0.07627131267243555,-0.012228572710151939,0.00040170791207750213,-0.02618414079418739,0.003941303705147009
2015-12-31,1.3657669226306338e-05,0.07626812675299242,-0.012229599916899939,0.0004015563359564956,-0.02614536664775305,0.003941840224739637
2016-01-05,1.3719254836735178e-05,0.0762629260773868,-0.012230482308595591,0.00040161958063294155,-0.02614969080003629,0.003941433381600549
2016-01-06,1.3737266014068284e-05,0.07625439052414718,-0.012232401499532685,0.00040166631173499645,-0.02616239145363026,0.003942166574523242
2016-01-07,1.3752301891945687e-05,0.0762472612573437,-0.012233569538249837,0.0004016442296558447,-0.026172384710500672,0.003942081285133016
2016-01-08,1.3767444155389583e-05,0.07624275339956957,-0.012233884783234587,0.00040167862749638573,-0.02614331133916084,0.003942584908880063
2016-01-11,1.381260587466261e-05,0.07623756648790028,-0.012234870673167145,0.0004017530505364004,-0.026111261423100655,0.0039427153484132725
2016-01-12,1.37600824140739e-05,0.07623270173161217,-0.012235412081569167,0.00040166138752216485,-0.026103975349602543,0.003942994146654194
2016-01-13,1.3763131795749983e-05,0.07622329129294361,-0.012235655888590156,0.0004017761272156236,-0.026097136704688176,0.003942607173789652
2016-01-14,1.376344746955041e-05,0.07621119098130061,-0.01223686460549115,0.0004015881983996763,-0.026103690520950476,0.003942631312864505
2016-01-15,1.3793748859634061e-05,0.07620345173548676,-0.012238172878351713,0.0004014241662404156,-0.026054013099814845,0.003941977345561339
2016-01-20,1.3812661665437416e-05,0.07620760724259715,-0.012239189357821784,0.00040153848185233603,-0.02604610302258621,0.003942329386539495
2016-01-21,1.385604061758228e-05,0.07620571570882752,-0.012240365769455735,0.0004015617798873031,-0.026064646992160115,0.003942416021271962
2016-01-22,1.3818147336697417e-05,0.07619940686880834,-0.012241597145901765,0.00040151926105686615,-0.026045072026903572,0.0039417211106798035
2016-01-25,1.3829113809505581e-05,0.07619337740576043,-0.012242528749205919,0.0004014042339264388,-0.026052905592743848,0.0039417873761658714
2016-01-26,1.3761865888275299e-05,0.07618905017624722,-0.01224396495994847,0.0004014438226087639,-0.026039016582719607,0.003942678832479941
2016-01-27,1.3757861847860572e-05,0.07618331590931933,-0.012245599174256633,0.00040145435696208406,-0.02604218380004636,0.003942675055106205
2016-01-28,1.3765788177180993e-05,0.07618032584568325,-0.012246945446563821,0.00040159567503218285,-0.026025214210274393,0.003943266024127395
2016-01-29,1.377542585072809e-05,0.07617175676891513,-0.012247096315204944,0.000401483649565188,-0.02602723288184118,0.0039438501492963
2016-02-01,1.3751692356219134e-05,0.07616446688402284,-0.012247398508898251,0.00040143479556914446,-0.026031428003738033,0.0039445891229012596
2016-02-02,1.3758404408378353e-05,0.07615870371521195,-0.012248412053117552,0.0004014218504181374,-0.02601021134899882,0.00394457596648798
2016-02-03,1.3765565738938689e-05,0.07615612474055086,-0.012249363725831443,0.0004013481575761153,-0.026008903144265447,0.0039437083008815235
2016-02-04,1.3755551771530626e-05,0.07615236665561168,-0.012250677290313478,0.00040141310747036777,-0.02601204850007672,0.003944737238450997
2016-02-05,1.3725879697175668e-05,0.07614495775056318,-0.012252156464058302,0.0004012965927739389,-0.02599819735346054,0.003945263762588705
2016-02-08,1.3749131488961002e-05,0.07614521012540512,-0.012252851857147048,0.0004013016361483967,-0.02599616397333624,0.003944613498632142
2016-02-09,1.3728372804936134e-05,0.07613309569993663,-0.012254275299238846,0.0004013345496103227,-0.025964993446817713,0.003945223401448353
2016-02-10,1.3681967305511128e-05,0.07612368507346216,-0.01225520428309032,0.0004012103762539301,-0.025953161809169914,0.00394390827050439
2016-02-11,1.3642169960850246e-05,0.07612056425532866,-0.012256589896518243,0.000401098137061409,-0.02594566800027505,0.003943726221332776
2016-02-12,1.3624576931054122e-05,0.07611662528531458,-0.01225818742145691,0.00040101100373894215,-0.0259230793058082,0.00394345629312217
2016-02-17,1.3603130388895602e-05,0.07611003101425322,-0.012258663519895848,0.00040087727125910963,-0.025931967318248726,0.0039437129983762404
2016-02-18,1.361644310155626e-05,0.07610545710567233,-0.012260013286300032,0.0004008018283187634,-0.025906256586684905,0.003942799288720867
2016-02-19,1.3585711945211213e-05,0.07610597787432002,-0.012261085126161073,0.0004007048731303887,-0.025897217902673637,0.003943180514008016
2016-02-22,1.3585711257569402e-05,0.07610551983193801,-0.012261482703023505,0.0004004991099015596,-0.025923868645535877,0.003943303664710197
2016-02-23,1.3607880289971132e-05,0.07609914086759569,-0.012262556877350431,0.0004006890451865979,-0.025911060764426355,0.003943760775943171
2016-02-24,1.3617113387748438e-05,0.07609121282218184,-0.012262533555883028,0.00040047976638652024,-0.025895297913932303,0.003943006945799634
2016-02-25,1.3646929425927725e-05,0.07608535744981722,-0.012262966651605872,0.00040037865202609025,-0.025877960299525438,0.003943600214061141
2016-02-26,1.3642200306964431e-05,0.07607829335671422,-0.012263088650687823,0.00040039900060318586,-0.025879965021583753,0.003943035654924078
2016-02-29,1.3679105631851657e-05,0.0760704064806945,-0.012263903915463642,0.00040044507012503656,-0.02592994865440912,0.00394277440258594
2016-03-01,1.3676366084948945e-05,0.07606736127417059,-0.012265028974334501,0.00040037693087024837,-0.025918084838902067,0.003942546235378111
2016-03-02,1.3650545360475915e-05,0.07605949384840072,-0.012265563649962672,0.00040043977408662286,-0.025941382469840242,0.003942886950224122
2016-03-03,1.3651537708057776e-05,0.07605410855383984,-0.012266118200602662,0.0004004113614796354,-0.025981555126236608,0.003943129668577565
2016-03-04,1.3705666801808517e-05,0.07605009052215952,-0.012267058463697552,0.0004003717955678501,-0.02596037115375628,0.003943288831549434
2016-03-07,1.3739286690788282e-05,0.0760426305874326,-0.012268003131286889,0.00040032945121735053,-0.025958540057191302,0.003943703914135713
2016-03-08,1.3747130348722744e-05,0.07603416237865711,-0.012268794877382515,0.00040046120458696587,-0.02597330981880973,0.003943892463999004
2016-03-09,1.3763932958051116e-05,0.07602857984543167,-0.012269729557305742,0.00040044330808598056,-0.02598565626168326,0.00394350002571417
2016-03-10,1.3778995415917176e-05,0.07602879001868912,-0.012270536253464328,0.00040032061667537636,-0.025938608281708006,0.003942678648266966
2016-03-11,1.3770971750576855e-05,0.07602906216954335,-0.012271730965983068,0.0004002936496458359,-0.025922374092003188,0.003942412413548089
2016-03-14,1.3735986457463623e-05,0.07602284917280339,-0.012272500676088682,0.0004004345381813769,-0.025920451945876943,0.003942557067956191
2016-03-15,1.3728879620652305e-05,0.07601921010932776,-0.012273091689500705,0.0004003474265720099,-0.02589398255128842,0.003942839582635006
2016-03-16,1.3753231840203884e-05,0.0760191626084432,-0.012274014671738448,0.00040030365760235887,-0.0258899067380024,0.003942296150851527
2016-03-17,1.3730684097032445e-05,0.07601497358812659,-0.012274222488723029,0.0004003131694927364,-0.025885918082521484,0.003941693211153345
2016-03-18,1.3754285928788829e-05,0.07600940368690073,-0.012275375984203226,0.00040037163620138005,-0.025875486598971036,0.00394138196515586
2016-03-21,1.376782947585796e-05,0.07600349330028598,-0.012276110283730145,0.0004003449989664073,-0.025896501242073607,0.003942003880391506
2016-03-22,1.3795328235525171e-05,0.07600304908576079,-0.012276603414396046,0.00040026781128190667,-0.025869966576112118,0.003942127235967698
2016-03-23,1.377702239584977e-05,0.07600152153349451,-0.01227674346969785,0.0004002435901825619,-0.02592057198947098,0.0039420647566691044
2016-03-24,1.3737762851787755e-05,0.07599375859418644,-0.012277466785229828,0.0004001306496024397,-0.0259256970404974,0.003942135180411575
2016-03-29,1.3738237605312673e-05,0.0759940026540033,-0.012278617603180617,0.00040013004238598855,-0.025905936193534505,0.003941599713571159
2016-03-30,1.3721039803287117e-05,0.07598914687922391,-0.012279911279947141,0.00040020253272046973,-0.02593391989043467,0.003941931792557186
2016-03-31,1.3701901936616644e-05,0.07598405321269837,-0.012280778023297936,0.00040007377239782954,-0.02589794750875741,0.003941336533207768
2016-04-01,1.3716971343169596e-05,0.07597806344868055,-0.012281967845292821,0.0004000538667759746,-0.02592891234455274,0.003940808902827577
2016-04-04,1.3699150191626218e-05,0.07597662675853999,-0.01228276294161354,0.000399921361721366,-0.02592171881519023,0.003940501894973177
2016-04-05,1.3722468476381902e-05,0.075968928300975,-0.012284106596912816,0.000399862190871979,-0.025888703029582183,0.003940797019945086
2016-04-06,1.368894494317386e-05,0.07596489796747667,-0.012284682218820883,0.00039989629759636986,-0.025903708220781273,0.003939882425726391
2016-04-07,1.3696946510226085e-05,0.0759589039586545,-0.01228609796598271,0.00039980360066053315,-0.025904754773683106,0.003939896726128787
2016-04-08,1.3677627705747282e-05,0.07595056505186845,-0.01228635841433113,0.0003997488536486857,-0.02590941280885517,0.003939529124033387
2016-04-11,1.367461762891541e-05,0.07594701918172068,-0.012287503877086482,0.0003996371667661167,-0.025913827961796435,0.0039392813726804796
2016-04-12,1.3685280058863187e-05,0.07594190874179925,-0.01228841623835452,0.0003997123000560852,-0.025908082191390056,0.003939975286278565
2016-04-13,1.376299465792923e-05,0.07593324310783925,-0.012288608729311859,0.0003997475957124261,-0.02590312223220989,0.0039398119740887624
2016-04-14,1.3748245779226836e-05,0.07592407646420463,-0.012289437718124819,0.00039959139568241514,-0.025892302788816005,0.0039394659940649645
2016-04-15,1.3740033964066694e-05,0.07591766955784744,-0.012289940481197657,0.0003994308228695152,-0.02589828946942118,0.003939409351520777
2016-04-18,1.3744008314697044e-05,0.07591091790443069,-0.012290799590709988,0.00039924845285213274,-0.02590216747060789,0.003939042872049848
2016-04-19,1.371663550396571e-05,0.0759094666871661,-0.01229152810983218,0.0003993121949465257,-0.025900710087209067,0.003939579638498323
2016-04-20,1.3697000403182846e-05,0.0759051014778099,-0.012292287576221524,0.0003993046279241215,-0.0258711872443618,0.003940329791448405
2016-04-21,1.3740561117310196e-05,0.07590052180996068,-0.012294005593590627,0.00039919897928606947,-0.02587323431316061,0.003940126341066734
2016-04-22,1.3710261060559769e-05,0.0758960967595224,-0.012295466259807658,0.0003992362295222623,-0.025848921623353484,0.003939319974615606
2016-04-25,1.3725760883991116e-05,0.07589583067022769,-0.012295966812668344,0.00039928948220769423,-0.025842443710654743,0.003939177607237257
2016-04-26,1.3797120052185102e-05,0.07588942062863505,-0.012296520162063439,0.00039922689978436277,-0.025828178811967396,0.0039395754289501
2016-04-27,1.3803365628175675e-05,0.07588162181570894,-0.012296879441353162,0.0003992590600847552,-0.025835858773354002,0.003939533606273224
2016-04-28,1.3771140177071422e-05,0.07587629097567924,-0.01229726725931059,0.00039928075843837716,-0.0258339717162957,0.003938827763338938
2016-04-29,1.3759697751723426e-05,0.07587135856682052,-0.012297558758931171,0.0003992431471747316,-0.02581170295029883,0.0039382030143321365
2016-05-02,1.3756290691151416e-05,0.07586538025795724,-0.01229796251662772,0.00039929276319339524,-0.02580737856077045,0.003938917749307663
2016-05-03,1.3733062833455126e-05,0.07585992468116008,-0.012299213385959431,0.000399305451644513,-0.02584301321286346,0.003938236683695483
2016-05-04,1.3717150895951093e-05,0.07585060035119828,-0.012300064019483156,0.00039917669432770503,-0.025821263777136796,0.003938092583443114
2016-05-05,1.3693051001082988e-05,0.07584266669453503,-0.012300836832573546,0.00039927933535132006,-0.025829878319931457,0.003938148789628449
2016-05-06,1.3627914205153674e-05,0.0758412447933375,-0.012301663889419065,0.00039928452109880047,-0.025772394209677148,0.003938040813242125
2016-05-09,1.3604025738589984e-05,0.07583618238158903,-0.012302246763719686,0.00039924516089582054,-0.025771249781120505,0.003937830095552523
2016-05-10,1.3605431210679566e-05,0.07582906936203532,-0.012304031846557664,0.00039919498320247995,-0.025735747919162846,0.003937225320770452
2016-05-11,1.3601472153589291e-05,0.07581860309913808,-0.012305200932208807,0.00039925706246603763,-0.02575889510427267,0.003936528152553307
2016-05-12,1.3616588035976303e-05,0.07581622139057,-0.012305802960222746,0.000399296200007154,-0.02576596440713059,0.003935954675000728
2016-05-13,1.358772509645501e-05,0.0758082612065033,-0.012306298061868632,0.00039924265194505454,-0.025742304405788036,0.0039359962811854185
2016-05-16,1.3628248580155767e-05,0.07580455035999485,-0.01230788901438693,0.0003992017947987439,-0.02574700698641262,0.003936008815937559
2016-05-17,1.363046381464159e-05,0.0757976932596189,-0.01230818769997535,0.0003991673422289516,-0.025761154843854377,0.003936365833566652
2016-05-18,1.3660342388712002e-05,0.07578882260926194,-0.012308970959518441,0.0003991726246982964,-0.025748980879928107,0.003935798527202934
2016-05-19,1.3716783934693177e-05,0.07578377561380131,-0.01231012623442344,0.0003989478971726561,-0.02573210836610288,0.00393610076171198
2016-05-20,1.3708005555351357e-05,0.07577547334541654,-0.012311820900858724,0.00039875539087100113,-0.0257447436908221,0.003936887102475771
2016-05-23,1.3718890244089906e-05,0.07576932401403516,-0.0123116400829997,0.00039871061532742674,-0.025759923611017026,0.0039369753119023205
2016-05-24,1.3725915962087179e-05,0.07575933008808798,-0.012312019947479717,0.000398747648237422,-0.025806739339628487,0.003937704683582792
2016-05-25,1.3722048169893152e-05,0.07576107824953432,-0.012312326266925085,0.00039868273768825903,-0.025774758341070195,0.003938043178142756
2016-05-26,1.372747972762206e-05,0.07575349279544721,-0.012313005385955176,0.000398698713742869,-0.02572860643790291,0.0039380746508002745
2016-05-27,1.373565118494031e-05,0.07574888521016003,-0.012313889367024714,0.0003986341762390204,-0.025738416520871485,0.0039386251929957455
2016-06-01,1.3760207277030748e-05,0.0757437151266573,-0.012314690222991542,0.0003985383664605877,-0.02574952783127766,0.0039394904933796795
2016-06-02,1.3723781133527263e-05,0.07573748910152635,-0.012315411644233545,0.00039854325771605543,-0.025745099009105925,0.003939398951433923
2016-06-03,1.3745716022324654e-05,0.07573510419269656,-0.012315687513536618,0.00039846250178080775,-0.025728292157620833,0.003939432047563033
2016-06-06,1.3761473213710885e-05,0.07572854666776124,-0.012315600556276857,0.00039839679100074556,-0.025717474405096356,0.003939066210441967
2016-06-07,1.3776943408750112e-05,0.07572055608925105,-0.012316315812128152,0.00039830978675542026,-0.025694426340233632,0.00393849585680223
2016-06-08,1.3782374704055e-05,0.07571533197974398,-0.012317307366949476,0.00039820183014606077,-0.02566130664176109,0.0039380801376861785
2016-06-09,1.3820734436032349e-05,0.07570716060239398,-0.012317151748544145,0.0003982750385065685,-0.025647245688838922,0.003938317846148215
2016-06-10,1.3856375181169197e-05,0.07570028244701835,-0.012318076372928222,0.0003981214449248856,-0.025635315575663564,0.003938060825042055
2016-06-13,1.3829904639747003e-05,0.07569365556459222,-0.012319101135065649,0.0003979253993372541,-0.025630309745194507,0.003937262290581106
2016-06-14,1.3854043011997846e-05,0.07568552447442993,-0.012320127856151908,0.00039781536087795457,-0.025581636286176414,0.003936665319484257
2016-06-15,1.3874876579800211e-05,0.07568530838020703,-0.012319914432004322,0.0003978745425111247,-0.02559287730181986,0.003936444480587497
2016-06-16,1.3883039529992441e-05,0.07567743774727252,-0.012320589931304991,0.0003977946551278656,-0.025589493736116464,0.003936855287466726
2016-06-17,1.3907035957335038e-05,0.07567543669726093,-0.01232224959968089,0.0003977216544016071,-0.025575418724750082,0.003937081255895265
2016-06-20,1.384942732027672e-05,0.07566995096647494,-0.01232274128558861,0.00039783421474634604,-0.02557791189253309,0.003937907757669324
2016-06-21,1.382464707336697e-05,0.07566694282251976,-0.012324062791029801,0.00039771564237884525,-0.025574626293100998,0.003937960307881924
2016-06-22,1.3895352511396146e-05,0.07566353217744183,-0.01232524809778829,0.00039773630640649836,-0.025587049470630875,0.003937562034087296
2016-06-23,1.3859552716670816e-05,0.07565879132523523,-0.012325980907330794,0.00039764131625905384,-0.025563175109236613,0.0039374019048686775
2016-06-24,1.3888702774916034e-05,0.07565509983989618,-0.012326945999178923,0.0003975670655431946,-0.02553067691161573,0.003937246838389447
2016-06-27,1.390824492631472e-05,0.07564242684561946,-0.01232798318802958,0.00039742649274370986,-0.025551630757473097,0.003938285359917015
2016-06-28,1.3921385269449106e-05,0.07563080606336683,-0.012329165951450541,0.00039743370238605556,-0.025520002897860043,0.00393837202300607
2016-06-29,1.3946852004085994e-05,0.07562602926577353,-0.01232948605536876,0.00039734011116088804,-0.02551527971091079,0.003938913674565942
2016-06-30,1.3972879556130072e-05,0.07561581776011227,-0.012330010522733165,0.0003971339182145241,-0.025554202387196016,0.003939767867580745
2016-07-01,1.398023335940199e-05,0.07561083163819557,-0.01233132122631506,0.0003971974590803622,-0.02556414867825913,0.003940318706085166
2016-07-06,1.3991892168507537e-05,0.07560359783088297,-0.012332127138785981,0.0003971302523710829,-0.025582200830855113,0.003940489636664959
2016-07-07,1.4001744959739597e-05,0.07559045838808852,-0.012333097270340371,0.00039713096007124536,-0.02558801255899598,0.003940830842118773
2016-07-08,1.3998988047471433e-05,0.075580382568586,-0.012334008802783574,0.00039712811338168074,-0.02558104366381205,0.00394181848435665
2016-07-11,1.4001575129744709e-05,0.07557125160387128,-0.01233581901268343,0.00039731666634965144,-0.0255392012648626,0.003942589424405356
2016-07-12,1.4005956777955338e-05,0.0755609503336858,-0.012337333414643513,0.00039722843117896386,-0.025515142896263374,0.0039436329355485725
2016-07-13,1.4020285173137415e-05,0.07555289549843383,-0.012338527723765955,0.00039716425142279955,-0.02545215927986645,0.003944099723421654
2016-07-14,1.4014234707856901e-05,0.0755468317043422,-0.012340704445816432,0.0003971276042613461,-0.02544979779744893,0.003944283826554721
2016-07-15,1.4013309335115251e-05,0.07554238598186906,-0.01234198076093297,0.00039696763657682367,-0.02539060068382267,0.003945356431273125
2016-07-18,1.3966759971524033e-05,0.07552519536901475,-0.012342652809916007,0.00039709662371738015,-0.02537731460072,0.003945676410454379
2016-07-19,1.3959498462812889e-05,0.07552446485552522,-0.012343836304999604,0.00039705439035453286,-0.025398813807656406,0.003946249569923471
2016-07-20,1.396293171010997e-05,0.07551312726307999,-0.012344407435405706,0.0003971042814262392,-0.02538447337220851,0.003947109759945551
2016-07-21,1.3970631632743847e-05,0.07550787799284285,-0.01234544619642686,0.00039713128646575184,-0.025378922671036128,0.003947350734820002
2016-07-22,1.3990899192958895e-05,0.07550494686557455,-0.012346220758968756,0.0003970956182587405,-0.025380629281966632,0.003948410797233881
2016-07-25,1.3925559084012104e-05,0.07549980980927122,-0.012347231960775383,0.00039724194809946753,-0.025413357578056087,0.003948767799315699
2016-07-26,1.3981565300312285e-05,0.07549401758153076,-0.012347798574269105,0.0003973182173275528,-0.025398041979436847,0.003949796734902775
2016-07-27,1.3978425399415774e-05,0.07548641994278207,-0.012349501335387836,0.00039749322770575346,-0.025384154699702344,0.003950245199691125
2016-07-28,1.3991926165106964e-05,0.07547887727044371,-0.01235100652757762,0.00039750900428791284,-0.025434019191443155,0.003951002606820034
2016-07-29,1.396978454930096e-05,0.07547383961577488,-0.012352505703972377,0.0003975572994572653,-0.025419183859438484,0.003951615347264314
2016-08-01,1.3976591679727311e-05,0.07546508913025265,-0.01235398241822936,0.0003974387100229317,-0.025365608939272505,0.003952409578020726
2016-08-02,1.4062035232460695e-05,0.07546368625200237,-0.012355180878065945,0.00039737395483563343,-0.025366854731622056,0.003953494794629449
2016-08-03,1.4095900622787807e-05,0.07545395564226973,-0.012356610673421841,0.00039732902863429424,-0.02537690621964711,0.003953524387767005
2016-08-04,1.4121671701976791e-05,0.07545013730511921,-0.012357591399581626,0.00039738102642430343,-0.02537747340799512,0.003953960729852688
2016-08-05,1.4091937087810016e-05,0.07544808024850347,-0.012358866861118064,0.00039741495979021813,-0.025370447371636316,0.003954840083684827
2016-08-08,1.4064350586166929e-05,0.07543844197893436,-0.012359577012127247,0.0003973687326887919,-0.02540777063648255,0.003956046238238231
2016-08-09,1.4069262265241307e-05,0.0754312526632185,-0.012360834729376359,0.000397470969856207,-0.025381137626348665,0.003956706095996087
2016-08-10,1.4053697442859348e-05,0.07542427859587107,-0.012361738766009359,0.00039745450305599345,-0.025389335164475703,0.003957430570120953
2016-08-11,1.4014405450190747e-05,0.07541709097939443,-0.012362453936846186,0.0003975300061873849,-0.02535470052936347,0.00395778640526962
2016-08-12,1.404900804172824e-05,0.07540869959950547,-0.012363593221886954,0.0003974793036027846,-0.025294419623720747,0.003958818272043157
2016-08-15,1.4079233629102025e-05,0.07540433732336282,-0.012364521951327957,0.0003974841604735414,-0.02531162833218937,0.003959431036414425
2016-08-16,1.4066874732235075e-05,0.07539645805594437,-0.012365477002744159,0.0003975830807562369,-0.025296065231801036,0.003961177523737334
2016-08-17,1.4040020495261881e-05,0.07538507356829058,-0.012366768077033704,0.0003975248433669348,-0.02529842448327016,0.0039615578168616375
2016-08-18,1.4027048019529982e-05,0.07537762331469018,-0.012367981625959132,0.00039727349331015495,-0.025292556099761637,0.0039619029011809135
2016-08-19,1.4061209029704515e-05,0.07537581899940217,-0.0123692606021484,0.00039739187027918095,-0.025309855813933774,0.003962736601896954
2016-08-22,1.4029075194817547e-05,0.07536611183736143,-0.012370115015749526,0.0003974543843739385,-0.025301031931015648,0.003963393340445846
2016-08-23,1.4075227405966823e-05,0.07536314120723274,-0.012370177734116491,0.0003973795970424439,-0.025324942229963884,0.003964128594753838
2016-08-24,1.4094369006101978e-05,0.0753558198916838,-0.012372166642860128,0.000397313038553238,-0.025327783540159292,0.003964298257302924
2016-08-25,1.4102899666503291e-05,0.07535313636485023,-0.01237266656742577,0.0003974036437103339,-0.025304876635776657,0.003965704264248268
2016-08-26,1.4108911509819685e-05,0.07534444257120504,-0.012372777302969078,0.0003973505784666394,-0.025314226372987726,0.003966307672012948
2016-08-29,1.4124764105884118e-05,0.07534036510744045,-0.012374853850752732,0.0003971299216116608,-0.02533997289151664,0.003967480963497508
2016-08-30,1.4083994201768188e-05,0.0753275167267392,-0.0123763022219833,0.0003972304612492755,-0.025337281031117084,0.003967859456079768
2016-08-31,1.4112167599837102e-05,0.07531360708412968,-0.012377200452992274,0.0003972018422313824,-0.0252920982132566,0.003968647914360265
2016-09-01,1.4053986638445066e-05,0.0753113003670137,-0.012378028555491031,0.0003971109688903254,-0.025286879875381682,0.003969030913115562
2016-09-02,1.4104930431549825e-05,0.07530661493475005,-0.012379066932341164,0.00039698999586834795,-0.025290880654910412,0.003969933601910374
2016-09-07,1.4121068177477765e-05,0.07530281692699303,-0.012379981073828887,0.0003969123372734594,-0.025291546791429316,0.003970411461418586
2016-09-08,1.4165560713216808e-05,0.07529687593326172,-0.012381897243013675,0.0003968824564330489,-0.025287401121290194,0.00397110303624339
2016-09-09,1.419648476288116e-05,0.07529007670278823,-0.012383070948142446,0.0003967863841239658,-0.025281032929998476,0.003972356047154318
2016-09-12,1.4219176380368678e-05,0.07528016028189613,-0.012383905458243803,0.0003967370920927952,-0.025281194872375512,0.0039736560306131595
2016-09-13,1.4177479422701825e-05,0.0752712968770594,-0.012385088237108415,0.00039670871687763815,-0.025270115275228842,0.0039746883650756334
2016-09-14,1.4139888924444939e-05,0.07526173938337194,-0.0123862669099992,0.0003967231889808253,-0.025241175847979337,0.003975075265322102
2016-09-15,1.4130422870256595e-05,0.0752559731834348,-0.012388040219408421,0.0003965971221823238,-0.025238164890405944,0.003976043943600589
2016-09-16,1.4112608094236237e-05,0.07525153853517436,-0.01238903360367569,0.00039661195030295894,-0.02522836116282847,0.003976735670930603
2016-09-19,1.409892349729437e-05,0.07523814576166486,-0.012390284456485275,0.0003966088001383458,-0.025271712455276568,0.003977158559603788
2016-09-20,1.4119572895627847e-05,0.07522616564783216,-0.012391823944137572,0.0003965927953171813,-0.0252440838205236,0.003977935912382101
2016-09-21,1.4129767153800297e-05,0.07522207509526893,-0.012393095337054506,0.0003964742196819061,-0.025252577559526868,0.0039784100713856265
2016-09-22,1.421496666890189e-05,0.0752139292401046,-0.01239411071908808,0.0003964675713848336,-0.02525659584527707,0.003979952171582609
2016-09-23,1.4202739900996263e-05,0.07520863657046421,-0.012395462783732289,0.0003963683216115392,-0.025222529458795863,0.003980511871471506
2016-09-26,1.4209523310225827e-05,0.07519873271567687,-0.012397457811421013,0.00039635720619515444,-0.02520706938624131,0.003981049732232678
2016-09-27,1.4202763259498421e-05,0.0751909907398753,-0.012398964811645968,0.0003962160554428068,-0.025238580617807364,0.003981364890549151
2016-09-28,1.4204578061040782e-05,0.07517812523767652,-0.012399418123216531,0.00039627236381206254,-0.025262302887511065,0.003981238766174454
2016-09-29,1.4211552212373921e-05,0.07517471573072909,-0.01240051870515409,0.0003961680314575843,-0.0252302643337413,0.003981737812156575
2016-09-30,1.4227065028179318e-05,0.07516967139471167,-0.01240149095268249,0.00039633634680196085,-0.02520661626706651,0.003982019257562889
2016-10-03,1.4243044683091976e-05,0.07516566708940521,-0.012403346189059479,0.0003962284110700159,-0.025183514060523264,0.003982216107157537
2016-10-04,1.4265931018578123e-05,0.07515654374206517,-0.012403919094122345,0.0003962167264803725,-0.02518014302375144,0.003982317828387136
2016-10-05,1.4266941165142107e-05,0.07515053894032249,-0.012404272843490593,0.00039623331287254695,-0.02517660342011562,0.003982751980239542
2016-10-06,1.4319443190234806e-05,0.07513971891379499,-0.012404998616460761,0.0003963090202979729,-0.025138982753153488,0.003982739453835275
2016-10-07,1.4328384688256133e-05,0.0751328898407088,-0.012405902644212279,0.0003963398996901996,-0.02511693363543404,0.003983036591549931
2016-10-12,1.4344981123886246e-05,0.07512630421355307,-0.012407628978236902,0.0003963352585280493,-0.025129442882395728,0.003983672087592384
2016-10-13,1.440005698461383e-05,0.07512246613579386,-0.012408519425221672,0.00039634484177812135,-0.025074784482498634,0.0039839860286565625
2016-10-14,1.4427491504676086e-05,0.07511364828033565,-0.012409790490573626,0.00039640207885261516,-0.025056312296007306,0.003984966542074663
2016-10-17,1.4472023302214521e-05,0.07510488651902465,-0.0124106473357445,0.00039628851837616226,-0.025055831966176792,0.003984374561694365
2016-10-18,1.4461507613365725e-05,0.07510007757828062,-0.012411305089573714,0.00039624001827599727,-0.02501999419471402,0.00398516896371166
2016-10-19,1.4442490413511363e-05,0.07509040279755595,-0.012412587713338804,0.0003960508675215417,-0.02500378627303898,0.0039850616107295
2016-10-20,1.450302322144333e-05,0.07508542552106594,-0.012413698541415198,0.0003962287382306697,-0.024962618982254103,0.00398479435041069
2016-10-21,1.4466531146526657e-05,0.0750771698831072,-0.012414745195289097,0.0003962745520516029,-0.024929781883473806,0.00398433482415632
2016-10-24,1.4462646385486258e-05,0.07506894547227236,-0.012416241523592875,0.00039630407214859124,-0.02492249412497214,0.0039853880258734434
2016-10-25,1.4490517079483972e-05,0.07505842558240419,-0.0124173787489202,0.00039640474828004204,-0.02490881057604035,0.003985365448462409
2016-10-26,1.4514753680596601e-05,0.07504955064373188,-0.012418972270583903,0.00039640268623673596,-0.024898080772567145,0.003984901517198871
2016-10-27,1.4514771170422066e-05,0.07504628873539707,-0.012419748467806297,0.0003962628661581854,-0.024825099508854212,0.00398440943396398
2016-10-28,1.4531008641056688e-05,0.07503992362372625,-0.012420806696739506,0.00039643882616333055,-0.024800662151149115,0.003984247024949748
2016-10-31,1.4560674784880055e-05,0.07503118272431868,-0.012421339979033944,0.0003963448999938751,-0.024815934502149063,0.00398470832777899
2016-11-01,1.4596701847423028e-05,0.07502782801197169,-0.012422862872822871,0.00039637049369351034,-0.0248055858294106,0.003984471833956308
2016-11-02,1.4624757456398467e-05,0.07502232757017605,-0.01242454940207625,0.00039653818117629867,-0.02480081035197968,0.003984060884632605
2016-11-03,1.4625115941460998e-05,0.07501669005693572,-0.012425933863349448,0.0003966545809168808,-0.024731350555933666,0.003983606002263303
2016-11-04,1.4680422959559725e-05,0.0750090026322344,-0.01242726010931893,0.0003965644019961616,-0.024688312315097674,0.003983572226777289
2016-11-07,1.4710489038907175e-05,0.0750018097917667,-0.012428357997251813,0.00039656170046362116,-0.02468266368856748,0.003982736830059784
2016-11-08,1.4690683471471513e-05,0.07499521975817756,-0.012429130547802397,0.0003966052989720798,-0.02465888100364131,0.003982762048175666
2016-11-09,1.4670886503730349e-05,0.07499032172801828,-0.012430076758624497,0.00039681187347635733,-0.02463548110126819,0.003982500170962696
2016-11-10,1.465981311594046e-05,0.07498945818991494,-0.012430761419029665,0.0003967540280105517,-0.02461031017098047,0.00398139463423465
2016-11-15,1.4657723412481088e-05,0.0749843844707438,-0.012431850149384856,0.0003966630214572793,-0.02455713240339053,0.003981628662580709
2016-11-16,1.4666519513296516e-05,0.07497687984338428,-0.012433313738599835,0.00039659183818855184,-0.02455072008064381,0.003981496701369569
2016-11-17,1.4645194627736134e-05,0.07497559110209635,-0.012433899552491252,0.0003965130523751712,-0.024530716673928032,0.003982127176683285
2016-11-18,1.4637151035634617e-05,0.07496832380223284,-0.012434874524482803,0.0003965538685372393,-0.024524660036878067,0.00398224958623447
2016-11-21,1.466645332882909e-05,0.07496300139527969,-0.012435659791612255,0.00039645699114083504,-0.024544076555230804,0.0039817133160157375
2016-11-22,1.4671824679328484e-05,0.07495575929343529,-0.01243685329707438,0.000396205073152056,-0.024534554922700576,0.003981106611184533
2016-11-23,1.4713422854987509e-05,0.07495425327543825,-0.012437713989154336,0.00039628213169744003,-0.024502230772097296,0.0039806306290701005
2016-11-28,1.4726724037902788e-05,0.07494676446047005,-0.012438727854584766,0.00039637130807800025,-0.024485390608206106,0.003979429263175898
2016-11-29,1.4779602611265252e-05,0.07494098592688875,-0.012439695656465806,0.000396459945234862,-0.02449180665351696,0.003979153743055113
2016-11-30,1.4825149755499852e-05,0.074929660394187,-0.012440904560150576,0.000396457540257722,-0.024460213004349494,0.003979092035072352
2016-12-01,1.4832081227233635e-05,0.07492839115659872,-0.01244192463687186,0.00039650472514584636,-0.024442920208186267,0.003978536777506695
2016-12-02,1.4782843419083768e-05,0.07492303152722282,-0.012443215818267163,0.0003963576359740362,-0.024437582052834736,0.003977973371289014
2016-12-05,1.482802495213247e-05,0.07491492008281239,-0.012444347372437421,0.00039640999106591116,-0.02439679547522952,0.003977696822457518
2016-12-06,1.4865984841909522e-05,0.07490809582526645,-0.012445522411965945,0.00039642458333323066,-0.024379636888561595,0.0039772159931079736
2016-12-07,1.4894638695571891e-05,0.07490200191509011,-0.012446257374488871,0.0003964388682902158,-0.024362604861372296,0.003976497438994532
2016-12-08,1.4907347394608873e-05,0.07490486071309291,-0.012447118721498174,0.00039643938552967855,-0.024365321505570366,0.003976240332387718
2016-12-09,1.4869517928168557e-05,0.07489929439110499,-0.012448514725243671,0.00039630284647829416,-0.02437598967807563,0.003976178191791137
2016-12-12,1.486903660727641e-05,0.07489277261017896,-0.01244941102356663,0.0003963084369253535,-0.024345083865854177,0.003975447127294114
2016-12-13,1.4856915776312253e-05,0.07489118287716334,-0.012450355726596175,0.00039628285741725295,-0.024314550840385085,0.003974318730275429
2016-12-14,1.4845319403680788e-05,0.07488613629492429,-0.01245131737263099,0.0003962647130400915,-0.024305416182328163,0.003974250751136228
2016-12-15,1.4845503944144848e-05,0.07488513838767673,-0.012451475299664692,0.0003961898151721168,-0.0242670377881015,0.003974479398497748
2016-12-16,1.4903038297903222e-05,0.07488125557866296,-0.01245250720250463,0.000396008369136839,-0.024222227107263322,0.003973789275550522
2016-12-19,1.4992483385852784e-05,0.07487624673782502,-0.01245395271122684,0.0003960265056501889,-0.024216463880095816,0.003973358217028835
2016-12-20,1.503689887702862e-05,0.07487131957935415,-0.012453980718102609,0.00039601657347079246,-0.02416316749369094,0.0039728573174945625
2016-12-21,1.504226102210654e-05,0.07486733426628261,-0.012455065392880884,0.000396020615507187,-0.02410062291213582,0.003972602887577627
2016-12-22,1.5023387009992827e-05,0.07486240357674538,-0.012456153901844975,0.00039598843924975436,-0.024059860653687787,0.003971576264154872
2016-12-23,1.5062775531025723e-05,0.07486388901438967,-0.012456758603894844,0.00039610602374544844,-0.024030657472120846,0.003972084066737179
2016-12-28,1.5095148199970894e-05,0.07486200283280177,-0.012458184543774961,0.0003960780788737874,-0.0240049109511265,0.003971658606723205
2016-12-29,1.5143957756310472e-05,0.07485706938414917,-0.012458617540779955,0.000395925082105009,-0.024002475182913798,0.003971062857488274
2016-12-30,1.5174621112628114e-05,0.07485284248037141,-0.012458919842128867,0.0003959047617219574,-0.023975808122703862,0.003970042659844649
2017-01-04,1.521917303422061e-05,0.07484538740439993,-0.012459792531618503,0.00039588033923254867,-0.023975616275900426,0.003970530158427188
2017-01-05,1.526975194662956e-05,0.0748392046783231,-0.012461163727382913,0.0003960281373361007,-0.023925981967464795,0.00397084468342013
2017-01-06,1.5299962447623243e-05,0.07483436688105283,-0.012462225478087348,0.0003959885622235445,-0.023939529394538174,0.003970301371459697
2017-01-09,1.529486844494228e-05,0.07483234963800223,-0.012463000350727253,0.00039610868871464434,-0.02392957330944903,0.003970203567608474
2017-01-10,1.531904204057422e-05,0.07482368964503223,-0.012463037369459164,0.0003962743838077168,-0.02388848672785463,0.003970691729676839
2017-01-11,1.5383212137931e-05,0.07482354373589631,-0.012463129961296688,0.0003964033269782026,-0.023888858362782567,0.003971029389819369
2017-01-12,1.5450137129515787e-05,0.07481712753045229,-0.012464479160083152,0.0003964364735705399,-0.023868405603728583,0.0039706435112255925
2017-01-13,1.5450869310573554e-05,0.07481722661447529,-0.012464907264365445,0.0003964023557068505,-0.02384757124089259,0.003970699506419801
2017-01-18,1.5518786624704308e-05,0.07481477024843494,-0.012465314851100955,0.0003964682776506727,-0.023856384392269184,0.003970396456268334
2017-01-19,1.542948608518685e-05,0.07481312333272769,-0.012465488541256349,0.00039643855569128654,-0.02384729350792139,0.0039697669150447965
2017-01-23,1.5476320155175183e-05,0.07480894078525896,-0.012465614256659038,0.00039645445263408394,-0.023840471298287584,0.0039693427284051026
2017-01-24,1.5490583314442852e-05,0.07480534215842724,-0.012465909153880897,0.00039645113156215356,-0.023827948272278104,0.00396841429901863
2017-01-25,1.5534362437591906e-05,0.07479973306103287,-0.012466391872833755,0.0003965097309241941,-0.023814253338231568,0.003967978496339675
2017-01-26,1.556057195690624e-05,0.07479586856987375,-0.012467211550113922,0.0003965349607482744,-0.023801300189501613,0.0039679886622244875
2017-01-27,1.558029215541306e-05,0.07479112567327234,-0.012467547782134884,0.00039670985932185345,-0.0237896247987823,0.0039672349698760155
2017-01-30,1.5561844934944787e-05,0.07477990808447685,-0.012468691929584198,0.000396762040859181,-0.023779578378541867,0.003966452869633577
2017-01-31,1.5588900013450987e-05,0.07477549672729625,-0.012468703484343608,0.00039684717758757586,-0.02375290662971729,0.003966573706953426
2017-02-01,1.5640802596797893e-05,0.0747723548112833,-0.012470190970623943,0.00039687157905408097,-0.023757942677859585,0.00396596143230624
2017-02-02,1.5697071846890737e-05,0.07477006824785107,-0.012470544052764118,0.00039666328857808613,-0.02375702999937869,0.003965855725977556
2017-02-03,1.5702058746349548e-05,0.0747683546129298,-0.012471197307749782,0.0003966445590756405,-0.02370083179349592,0.003965263574969792
2017-02-06,1.5701854429706787e-05,0.07476556624210237,-0.012471669095276817,0.0003966831467006552,-0.023684530505072694,0.00396464269577339
2017-02-07,1.5764649762311372e-05,0.07476056318017896,-0.012472230974247418,0.00039670135815989807,-0.023645037707123832,0.003965029242268556
2017-02-08,1.573150972114954e-05,0.07475783971449768,-0.012473272276162737,0.0003966972858096659,-0.023641201246475264,0.003964756548386644
2017-02-09,1.5753361103543724e-05,0.07475230508465046,-0.012474064244257437,0.0003967691611049697,-0.023607658778981126,0.003964776440678554
2017-02-10,1.5778353956806733e-05,0.07474999166552188,-0.012474356870965425,0.000396925401557838,-0.023568392962559456,0.003964328097702814
2017-02-13,1.5787533462690813e-05,0.07474329905471577,-0.01247518039308472,0.00039692720385428067,-0.023538540789721264,0.003963565026686587
2017-02-14,1.575444656979747e-05,0.07473291728565454,-0.012475483700562041,0.0003968775301264986,-0.023553820635042827,0.003963503678357649
2017-02-15,1.5814056119905362e-05,0.07472421668987406,-0.012475572534835253,0.00039686766969900954,-0.023563486977148995,0.003962815406633331
2017-02-16,1.5861441391637625e-05,0.07471762428689478,-0.012475357082028462,0.00039673347585011845,-0.023528309012420576,0.003962064192215643
2017-02-17,1.58818033603898e-05,0.07471700763148562,-0.012475628325516906,0.0003967236372472477,-0.023561900025504887,0.003961562754525427
2017-02-22,1.5904693013878707e-05,0.07470864154801676,-0.01247619475349749,0.0003968101820996569,-0.023569082340053137,0.003961351298228279
2017-02-23,1.5925406194798792e-05,0.07469961761271159,-0.012476757886061451,0.0003967624480940495,-0.023562122884201536,0.0039608912679043855
2017-02-24,1.5955246765086303e-05,0.0746930053301959,-0.012476927179339008,0.00039660268944597917,-0.02355934258142501,0.003960262250833865
2017-02-27,1.5981246193899084e-05,0.07468853913096953,-0.012478240685127163,0.00039669014970296395,-0.023516796587278885,0.003959477386029437
2017-02-28,1.594331457324085e-05,0.07468157839177371,-0.01247949938803417,0.0003967071406256925,-0.0235058407651828,0.003959152896106405
2017-03-01,1.601590827257293e-05,0.07467967856327928,-0.012480209595342651,0.0003967669193332765,-0.023494008667731887,0.00395829144723994
2017-03-02,1.6054808882380516e-05,0.07467268202565652,-0.012481173356296999,0.0003967315659257611,-0.02348049365500239,0.003958519505602431
2017-03-03,1.6075760311112284e-05,0.07466886894364881,-0.01248089909861461,0.00039652820610425616,-0.023475628323818047,0.003958826390472035
2017-03-06,1.6173352758434262e-05,0.07466528503753739,-0.012481507108151718,0.0003964700270099718,-0.023452373755698447,0.003958370637191989
2017-03-07,1.6197263220677182e-05,0.07466198872733672,-0.012482012618135134,0.00039642867827319986,-0.023437351300121367,0.003958121468679095
2017-03-08,1.620059150703217e-05,0.07465760563854465,-0.012482201823698084,0.0003965059286123537,-0.02345686800559875,0.003957733201041441
2017-03-09,1.620904370583262e-05,0.07465837808205444,-0.012482253619663833,0.0003965526020139562,-0.02349658379359293,0.003957458945503594
2017-03-10,1.6225238029280478e-05,0.07465817272513672,-0.012482345550432924,0.0003965724501750386,-0.023519635535575942,0.003956385352123828
2017-03-13,1.6238572015935476e-05,0.0746539732554532,-0.012482352021007753,0.0003966196046904481,-0.023530336025791847,0.0039556383697380015
2017-03-14,1.6259693058243385e-05,0.07465039762975975,-0.012483123670188863,0.0003964485117705221,-0.023502007095658264,0.003954702278925987
2017-03-15,1.625307525531669e-05,0.07464098941398582,-0.012482839084395587,0.00039648160161838886,-0.023497738176198574,0.003954306631842667
2017-03-16,1.6257386342576912e-05,0.07463241877970347,-0.012483237833875352,0.0003964929905666464,-0.023524216407072696,0.0039537265410336375
2017-03-17,1.6277143277569937e-05,0.07462522981309755,-0.01248328290290912,0.0003964200209303981,-0.023556826171500962,0.003952752169166158
2017-03-20,1.6271434034012338e-05,0.07462308457685916,-0.012484318091906064,0.0003963739369172198,-0.02356550156683994,0.003952479631615694
2017-03-21,1.6286045544203066e-05,0.07461869574931351,-0.012485235571053976,0.00039621809252268986,-0.023551598102225804,0.003951971794403975
2017-03-22,1.6299904062085625e-05,0.07461515726292658,-0.012487136708236543,0.00039628779372561436,-0.023557122256077784,0.00395143684150413
2017-03-23,1.631904711014882e-05,0.07460638985915741,-0.012487665930595885,0.0003962255773894606,-0.023567369955422912,0.0039513687164731475
2017-03-24,1.6308736257019958e-05,0.07460366518006198,-0.012488757330490194,0.00039610784833164547,-0.023602813141061427,0.0039505634660297745
2017-03-27,1.6319955674170582e-05,0.07459675119928179,-0.012488684895838431,0.00039626324687494675,-0.023625801102600548,0.003950979518588488
2017-03-28,1.6308105475858903e-05,0.07459498179433423,-0.012488528795425127,0.00039639249812900405,-0.023620075715794678,0.0039500231372617
2017-03-29,1.6331615998690916e-05,0.07459062226128839,-0.012488884716442876,0.00039634317815621196,-0.023610848068693784,0.003948967390300957
2017-03-30,1.6386250615396927e-05,0.07458571315410259,-0.01249009574814489,0.00039613388985373303,-0.02363812937252461,0.00394847590540093
2017-03-31,1.6420663397400715e-05,0.074584812851757,-0.012489978923872222,0.0003961685515257123,-0.023608325241036773,0.0039483284863801125
2017-04-03,1.6424812723174015e-05,0.07457677204633212,-0.012490733779450916,0.00039598280030597917,-0.023624195976228245,0.003947726941734911
2017-04-04,1.642276536842272e-05,0.07457403738278029,-0.012491385610639158,0.0003960053607226982,-0.02358752765918825,0.00394751276778935
2017-04-05,1.6421917626000275e-05,0.0745717517862044,-0.012492057311399745,0.00039601309100944056,-0.023586366993548748,0.00394740013520642
2017-04-06,1.6447635107784506e-05,0.07457036752047004,-0.012492266752329336,0.00039604393018761026,-0.023599510241018265,0.003947049301986767
2017-04-07,1.647153164089034e-05,0.07456857106630121,-0.01249303381620666,0.0003961527695028223,-0.02356131775329296,0.003946364055209126
2017-04-10,1.6513859439807105e-05,0.07456484784242055,-0.012493689203063811,0.0003962055028185646,-0.023569383925759683,0.003945730379933231
2017-04-11,1.6512845385691227e-05,0.07456182324996423,-0.012493954457172768,0.0003962933620330246,-0.023576629056661212,0.003945961588797214
2017-04-12,1.6529430927104957e-05,0.07455309473822992,-0.012494843401226492,0.0003961038563429605,-0.02354187857258974,0.0039453134757774155
2017-04-13,1.6569230828318316e-05,0.07455054137210555,-0.012495563406597646,0.0003961936693726348,-0.02350656478370723,0.003945685234461517
2017-04-18,1.6600231140011763e-05,0.07454774294903738,-0.012496192714488407,0.0003962099309170377,-0.02350900401201063,0.003945351565814168
2017-04-19,1.6619035671338738e-05,0.07454734578880856,-0.012496378548856976,0.0003960334973976693,-0.023500484921725816,0.003944847700660945
2017-04-20,1.6733223281351013e-05,0.07454074718926244,-0.012497677608368417,0.00039596851001432495,-0.023519219329017044,0.003943677768774072
2017-04-21,1.6772533611480043e-05,0.07453979737342324,-0.012498347757710129,0.0003958064809261752,-0.023534663402327613,0.00394333810050075
2017-04-24,1.6822259639130965e-05,0.07453904561946925,-0.012498974662810719,0.000395820982727229,-0.023502886224785628,0.003942715186479708
2017-04-25,1.6872394464617502e-05,0.07453675951304933,-0.012499055484384075,0.0003957389878418878,-0.02349796396952447,0.003942930449180006
2017-04-26,1.6879514567355955e-05,0.07453469658867963,-0.012498896340375543,0.0003958574250572642,-0.02348857529866001,0.003943723641171234
2017-04-27,1.687913626755605e-05,0.07452782187230979,-0.012499155835911418,0.00039589755991021886,-0.02346180021063298,0.003944048530949871
2017-04-28,1.689868701977618e-05,0.07452391724781808,-0.012500296150560948,0.00039601750781419036,-0.023462944170023002,0.0039439506482244775
2017-05-01,1.6930703153480566e-05,0.07451696227877355,-0.012501279086993711,0.000396016352726243,-0.023427765146039226,0.0039438186394710655
2017-05-02,1.699039803545926e-05,0.07451593362199453,-0.01250142806550334,0.0003959562127940813,-0.023402776807173044,0.00394314170576628
2017-05-03,1.7030359026273844e-05,0.07451111070394083,-0.01250224758488015,0.00039597295161700836,-0.023387512396127158,0.0039432696815396686
2017-05-04,1.7053736952024308e-05,0.07450702955021482,-0.012503349565166067,0.0003960973474007296,-0.023428376084942554,0.003943751968476004
2017-05-05,1.7112709157873004e-05,0.074499231012687,-0.012503683087190536,0.00039620110461066507,-0.023419636107940914,0.003943984347890677
2017-05-08,1.7145235300051293e-05,0.07449558766842002,-0.012504613770262744,0.0003961372785069443,-0.023410182906017145,0.003944199260699231
2017-05-09,1.7206060539936844e-05,0.07449087002669412,-0.01250494862185065,0.00039609657824988675,-0.02341509090898631,0.003944238136984351
2017-05-10,1.7168139442689243e-05,0.07448321192341995,-0.012505147515746887,0.0003960123767737584,-0.023411673642776208,0.003943621389038338
2017-05-11,1.7225732547315205e-05,0.07448666302732894,-0.012505733984144191,0.00039604043744045534,-0.023399046441330847,0.003943149534854024
2017-05-12,1.7220780101245917e-05,0.0744806126483519,-0.012506232412527352,0.00039605266915011535,-0.023420155698880556,0.003942827527340119
2017-05-15,1.725119303020704e-05,0.07447255135299484,-0.012507665221983634,0.0003962451024324293,-0.023437114818568514,0.003943342081655329
2017-05-16,1.7269589922818426e-05,0.07447075588923104,-0.01250849411136482,0.00039631966291200145,-0.023395202366691903,0.003943886571695076
2017-05-17,1.7257932430447118e-05,0.07446999513075966,-0.01250889307369102,0.00039632194455524374,-0.02336618319374171,0.003944831649810652
2017-05-18,1.724679775303429e-05,0.0744643103385385,-0.012510007340323469,0.00039633890194769306,-0.0233778054403301,0.003944306327275579
2017-05-19,1.7195186813607878e-05,0.07445543144198424,-0.01251043021039117,0.00039632970286873837,-0.023369914444967152,0.003944529005045102
2017-05-22,1.7201014996482937e-05,0.07444931272842403,-0.012511265002332352,0.00039640301903686457,-0.023384756666318188,0.003944657387232455
2017-05-23,1.719204080549686e-05,0.07444204660932188,-0.012511460921769567,0.00039645592824170636,-0.023328517529863854,0.003944415456939625
2017-05-24,1.7164456436764903e-05,0.07443936429855913,-0.012512251502969831,0.0003965961328714815,-0.023335043779758938,0.0039442937663879485
2017-05-25,1.720342588725193e-05,0.07443448472146129,-0.012513224117716869,0.0003965583803804967,-0.02327141374323722,0.003944889093352362
2017-05-26,1.7213856525127353e-05,0.07442631686975508,-0.012512852769439297,0.0003967228557980588,-0.02325341662499239,0.003944787333633648
2017-05-31,1.719512884223396e-05,0.07442346322545952,-0.012513057288278066,0.00039683280657168207,-0.023257996662513616,0.00394466307592981
2017-06-01,1.7208078003136463e-05,0.07441996503219785,-0.01251421200721389,0.0003967239362852721,-0.023259830419821707,0.003944855522024171
2017-06-02,1.7185341962984926e-05,0.0744171691503008,-0.012515484832517998,0.00039679991143337857,-0.02325631203536125,0.0039444862473869795
2017-06-05,1.7187140340225887e-05,0.07441140388152713,-0.012516502371011692,0.00039687318027221757,-0.0232499051963923,0.003945076087769584
2017-06-06,1.7201352678917768e-05,0.07440914377578699,-0.012516678648500354,0.0003969253992467677,-0.02325296508007515,0.003945394854963467
2017-06-07,1.7175775699871616e-05,0.07440641188269609,-0.012516510413695427,0.00039704445142690404,-0.023225473884197725,0.0039455470120937025
2017-06-08,1.7165546211933338e-05,0.07439889732450539,-0.01251719517517381,0.00039703830117045273,-0.023204177060966585,0.0039454228974020265
2017-06-09,1.7175279673408412e-05,0.07439865106713736,-0.012517421018848701,0.00039698199254623354,-0.02317124198792766,0.003945293910225758
2017-06-12,1.7195074445879475e-05,0.07439232490145985,-0.012517993268697927,0.0003971206231401947,-0.023155992795645806,0.003944918268200075
2017-06-13,1.7193712633993587e-05,0.0743870691146137,-0.012518240136543839,0.0003972254649930139,-0.02316344052511242,0.003945373754288159
2017-06-14,1.7212173732694718e-05,0.07438134341154905,-0.012518201052736834,0.0003971045463231125,-0.02311128450029118,0.0039458493478752845
2017-06-15,1.722867917676083e-05,0.07437138199105298,-0.012518776540789386,0.00039701895840390643,-0.023095173092239588,0.003944587284847915
2017-06-16,1.7229015642351137e-05,0.07436522656963472,-0.012518729972068692,0.0003969315383463102,-0.02307116482518084,0.003944944012377478
2017-06-19,1.7208434482250296e-05,0.07436397611997302,-0.012518255070570401,0.0003970015913834197,-0.02305595789761153,0.003944599501789573
2017-06-20,1.721829652869282e-05,0.074357069738815,-0.01251869861765896,0.0003970274645618701,-0.02303715960884599,0.003944191649678631
2017-06-21,1.7169064691699383e-05,0.07435100224599299,-0.012518937462001388,0.00039702706588002056,-0.023023979157534284,0.00394469877969649
2017-06-22,1.7161108217867143e-05,0.07434736704540577,-0.012519583112409038,0.00039690939545252487,-0.02304322573362544,0.00394529071601332
2017-06-23,1.710164769657355e-05,0.07434662941424576,-0.012519351072090987,0.00039685140454032093,-0.023017917289746906,0.003944317441407443
2017-06-26,1.7156003487650256e-05,0.07434180703090004,-0.012520389785351079,0.0003968939980263346,-0.022976923459022615,0.003944023928829665
2017-06-27,1.720265756072587e-05,0.0743309911040486,-0.012520895150687881,0.00039696152587023704,-0.02293545864802341,0.003944590696054691
2017-06-28,1.7199425240746786e-05,0.07432656090316987,-0.012520770603343945,0.0003968892022087866,-0.022908671812237345,0.003944687355611095
2017-06-29,1.719421488525362e-05,0.07432244970774046,-0.012520945456627682,0.0003969429022961722,-0.022922466364215008,0.003944498868020197
2017-06-30,1.71868919781672e-05,0.07431448842300867,-0.012522055887880943,0.00039706948633540083,-0.02290077563343952,0.00394481386226876
2017-07-03,1.717507280586317e-05,0.07430779784177713,-0.012522634133044795,0.00039702641010223676,-0.02283418040307509,0.003944627880657261
2017-07-06,1.717862731886354e-05,0.07430683725081376,-0.012523526980502778,0.00039701090695900686,-0.022834340398324736,0.003944054701251122
2017-07-07,1.7127923371517526e-05,0.07430698237591078,-0.012524295700241246,0.00039711241286932844,-0.02284224065854342,0.003943834808289134
2017-07-10,1.7124958260642393e-05,0.07430405392699195,-0.01252528577188602,0.00039711887236172156,-0.02281558056038758,0.0039449027233505645
2017-07-11,1.7104108014835606e-05,0.07429902176236775,-0.012524926960137791,0.00039718362206218286,-0.022788518983146544,0.00394545569622873
2017-07-12,1.708208356149591e-05,0.07429682844994746,-0.012525281352640243,0.0003973136802061923,-0.02277133842307829,0.003945007986705461
2017-07-13,1.7068824508390904e-05,0.07429286508736535,-0.012526497160231223,0.0003973200976722485,-0.022765993067423405,0.003944367636643208
2017-07-14,1.707293807562582e-05,0.07428461831597073,-0.012527218434714068,0.00039724904311550804,-0.022777693574568374,0.0039435337714918105
2017-07-17,1.7122416246430515e-05,0.0742798104576472,-0.012527652588092538,0.0003973107257792709,-0.022781620771864117,0.003943112110227471
2017-07-18,1.710615512728326e-05,0.07427365566336591,-0.012528989535533715,0.00039747928694802584,-0.022745123118294297,0.003943026343402082
2017-07-19,1.7067039269747005e-05,0.07426875306968693,-0.012528712308437476,0.0003974431357571469,-0.022730552802048123,0.003942334263381986
2017-07-20,1.7090186704777304e-05,0.07425986645801179,-0.012529753672736498,0.0003975770641937791,-0.022754606237279186,0.003942265376173073
2017-07-21,1.7087826934766574e-05,0.07425396730437836,-0.012530129813084847,0.00039782243190308674,-0.022716726130668302,0.003941375516064667
2017-07-24,1.706070580829632e-05,0.07425506056632301,-0.01253010605383727,0.0003978315385926294,-0.022706022119936636,0.003940818877486129
2017-07-25,1.7030221660675876e-05,0.0742504150273199,-0.012530951112173587,0.00039789560771485,-0.022705644671178894,0.003940894846671919
2017-07-26,1.7000844831729537e-05,0.07424464293430075,-0.01253123958900742,0.00039808862244600696,-0.02273533065354568,0.003940996132429197
2017-07-27,1.7011569115228512e-05,0.07423901231081668,-0.01253181525538874,0.0003981657227166436,-0.022722325542049532,0.003940081832829624
2017-07-28,1.6973971644717174e-05,0.07423316330773694,-0.012532474791776622,0.00039828400083651786,-0.02270943558140681,0.003940518499039922
2017-07-31,1.6968617825840486e-05,0.07422874392889223,-0.012532839750699198,0.00039835047753322586,-0.022704617212992537,0.003941521019048647
2017-08-01,1.6951500846732774e-05,0.07422359481669231,-0.012533475543395258,0.0003984600630520796,-0.022697247522045563,0.0039412338648003465
2017-08-02,1.694116898801252e-05,0.07421855778462254,-0.012533823466403254,0.000398520526335322,-0.022699211112823733,0.003941101765334323
2017-08-03,1.687338334341074e-05,0.07421305369027259,-0.012534557270659203,0.0003985398307512105,-0.022685667261199256,0.003940860350624215
2017-08-04,1.685648082428558e-05,0.07420319963840799,-0.012534588556066007,0.00039867747211197013,-0.02268888927760291,0.003941265333302217
2017-08-07,1.6823284104050545e-05,0.07419789724583778,-0.012534690500665075,0.00039869242860090533,-0.022714388546762936,0.0039411854896799
2017-08-08,1.6761287844561687e-05,0.07419102988359651,-0.012534131786738508,0.0003987697318402302,-0.022707510412587693,0.003941519483551263
2017-08-09,1.673207518254979e-05,0.07419286227346944,-0.012535303043975566,0.00039896832841863005,-0.02273093025066561,0.003941634935057911
2017-08-10,1.6710214268228995e-05,0.07419449910939489,-0.012536309043206849,0.00039908223548980033,-0.022705967937090107,0.0039417189095054955
2017-08-11,1.6709853397017094e-05,0.07419201955956953,-0.012537129273619172,0.0003991359020755263,-0.022713595258808464,0.003941934804894174
2017-08-14,1.666999772688051e-05,0.07418559065655114,-0.012537726969338471,0.00039917171711048295,-0.022695043550818007,0.003941613004008397
2017-08-15,1.6620065871415e-05,0.07418271481047659,-0.012538862324849234,0.0003991607232036777,-0.02268238207002598,0.00394152993676908
2017-08-16,1.6623257004029705e-05,0.0741785146995518,-0.012539379146548846,0.0003992002675642343,-0.022698531167939795,0.003940535064025706
2017-08-17,1.659616912809097e-05,0.07417028917151851,-0.01254026936693715,0.0003993433880120286,-0.022685965639968567,0.003940641944837327
2017-08-18,1.6599669866579667e-05,0.07416983130859116,-0.012540582926115039,0.0003993131384029924,-0.022683743181027817,0.003940618992396982
2017-08-21,1.658575689458144e-05,0.07416530817506695,-0.012541221639750843,0.000399351544432899,-0.022653452978144882,0.003940631712593811
2017-08-22,1.6605680046756437e-05,0.07416106609274585,-0.012542261032732444,0.0003992898507987473,-0.02265070244172552,0.003941365214632348
2017-08-23,1.6533898542340657e-05,0.07415764833515792,-0.012542369532404974,0.0003994344109467011,-0.02263183110101947,0.003940258674824622
2017-08-24,1.650234157109301e-05,0.07415394924249907,-0.012542645832215921,0.0003995100865172882,-0.022663072331259505,0.003940100740202476
2017-08-25,1.6529235331291052e-05,0.07415127902226756,-0.012543120260028046,0.0003996178008985283,-0.022655748616511373,0.003940103355679828
2017-08-28,1.6490369906219966e-05,0.07414873377878171,-0.01254402766489668,0.0003998291561872003,-0.022612355002560217,0.003940388795479146
2017-08-29,1.642820917591716e-05,0.07414275061041223,-0.012543606159179857,0.00039982063331840716,-0.022595573511633424,0.003940481222901792
2017-08-30,1.6389997547596984e-05,0.07414151399367672,-0.012543238048560163,0.000399923410580638,-0.022572853115115865,0.0039406392904156075
2017-08-31,1.6345862097933846e-05,0.0741356475908543,-0.012543734759747046,0.0003999339074216155,-0.022602133989105766,0.003940133394285495
2017-09-01,1.636267091664916e-05,0.07413362238850758,-0.012544198669792011,0.0003999796543014951,-0.02259589297662084,0.003938978344284577
2017-09-06,1.6276778113956614e-05,0.07412360803832153,-0.012545021060272398,0.00040008940482853697,-0.02259875085434615,0.003939076978249065
2017-09-07,1.627484770957051e-05,0.07411785397644385,-0.012545406422689939,0.00040008099273972406,-0.022613786917986135,0.003939796006809812
2017-09-08,1.6279121466545993e-05,0.07411495534175065,-0.012545287275264001,0.00040023555885354263,-0.02263971141669638,0.003939659511467835
2017-09-11,1.6218879347727785e-05,0.07411515413499568,-0.012545527754089398,0.00040021070507319586,-0.02265379922215703,0.003939976536338369
2017-09-12,1.619075553069437e-05,0.07411237399577805,-0.01254628298106253,0.0004002872342526952,-0.022662783435780744,0.0039393585579692685
2017-09-13,1.6197747790500658e-05,0.07411022986011068,-0.01254616932443332,0.0004002823613575038,-0.022660516340470935,0.0039388348388277195
2017-09-14,1.615599572732638e-05,0.07410644157904901,-0.012547414789650196,0.0004004210273003631,-0.022698130076680825,0.0039386893434014796
2017-09-15,1.6129044729512636e-05,0.07410526500483981,-0.012547462232926774,0.000400403378474,-0.022737742879365877,0.003938692811166057
2017-09-18,1.6064839248363554e-05,0.07410536043579966,-0.012548181697352246,0.0004004482238065371,-0.022721942155835603,0.003937885122029096
2017-09-19,1.6017095107696667e-05,0.07410358337866707,-0.012549082092661862,0.0004005906118188452,-0.02274040566051712,0.003937256016234562
2017-09-20,1.5995602796336567e-05,0.07409628433406507,-0.012549371704675492,0.000400675971772682,-0.022778369024503108,0.003937347678131767
2017-09-21,1.5949909416487055e-05,0.07409021574915414,-0.012549596120944936,0.00040090603599943285,-0.022748909873435905,0.003936143948361379
2017-09-22,1.5860426599690483e-05,0.07408782663655333,-0.012549211306003913,0.0004009464294039134,-0.022728287851964263,0.003935575893322179
2017-09-25,1.583011976051806e-05,0.07408053603353018,-0.01255025966685357,0.0004009639853361854,-0.022731270409380562,0.003935215259295916
2017-09-26,1.5790370973982988e-05,0.07408109569643548,-0.012550520237049514,0.00040123288780954735,-0.022728969413621784,0.00393566157657949
2017-09-27,1.5772188705789165e-05,0.07407404332216011,-0.012550574211678803,0.0004012955008689804,-0.022710953506331885,0.003935209302325408
2017-09-28,1.5793310873647587e-05,0.07406879905463538,-0.01255063192224018,0.0004013195048650431,-0.022686649682237478,0.0039344797811514415
2017-09-29,1.57725810801662e-05,0.07406765664837901,-0.012550722352330282,0.00040146507839181956,-0.02263814058365217,0.003934121567737383
2017-10-02,1.5715967752109183e-05,0.07406816848750179,-0.01255092162820129,0.0004015254039248891,-0.022637863522414113,0.0039336295213588494
2017-10-03,1.565849222416436e-05,0.07406393471901664,-0.01255155036130347,0.00040164275352961947,-0.022648884259257693,0.003933574663431665
2017-10-04,1.5657502814711054e-05,0.07406271042856044,-0.012551549570184714,0.00040176167917100995,-0.022646613945509805,0.0039340497874739925
2017-10-05,1.560450057555568e-05,0.07405188170948028,-0.012551451212204183,0.0004018066141440197,-0.0226375079969741,0.003934876462859135
2017-10-06,1.5565028799569287e-05,0.07405205689034679,-0.01255172916893387,0.0004018990577297335,-0.022671536334968524,0.003935116451688041
2017-10-11,1.5488154107509073e-05,0.07404816692452955,-0.01255199571753086,0.0004020784477340529,-0.022644089430665204,0.003934535886450387
2017-10-12,1.5455409823796895e-05,0.07404799727075351,-0.012552605190299227,0.00040224083084725287,-0.0226325297894241,0.00393444780539784
2017-10-13,1.543180066778234e-05,0.07404381124741803,-0.01255354091688664,0.0004022684991544133,-0.022627937162012023,0.0039339953074011245
2017-10-16,1.5433922061471446e-05,0.07403630813618133,-0.012553709666638439,0.0004023859433281385,-0.022620484550789417,0.003935023319450952
2017-10-17,1.5427618658580894e-05,0.07402782176943776,-0.012554101830776647,0.00040268333572726167,-0.02266060721954003,0.003935146277896347
2017-10-18,1.537942491208393e-05,0.0740271962254106,-0.012554513940745969,0.0004027993705568479,-0.022635121275374218,0.003935220862063861
2017-10-19,1.537281863734227e-05,0.07402310058867793,-0.012554291935195997,0.00040274359193028225,-0.0226530730530195,0.003934882814134896
2017-10-20,1.5374452523134e-05,0.07401907637183124,-0.012554376789193548,0.0004027967531470202,-0.022607405329087435,0.003933907481359561
2017-10-23,1.5345991204027788e-05,0.07402191030576856,-0.012554050693138847,0.0004029220578778038,-0.022588881290409382,0.003933729163400649
2017-10-24,1.5288386208672268e-05,0.0740204331334826,-0.012553736129409732,0.0004031181793111196,-0.022601151369681223,0.003933536986275428
2017-10-25,1.518650821086403e-05,0.07401585158886942,-0.012554411723089541,0.0004032432747818847,-0.022590257896126828,0.003934057323513302
2017-10-26,1.5163220283223483e-05,0.07401417806051029,-0.012554882216383454,0.00040328054785989395,-0.022650651188793468,0.003933956562615559
2017-10-27,1.5181014466029397e-05,0.07400990600459889,-0.012555564200420023,0.00040345343156290717,-0.02263575753063144,0.003933823234106085
2017-10-30,1.5177348377262958e-05,0.07399951889267761,-0.012556307224488856,0.0004035295905667656,-0.022621918127015507,0.003933134268520077
2017-10-31,1.5193039082909762e-05,0.07400137340803255,-0.012558151977697564,0.0004036079740719051,-0.022620461147036947,0.003933715521901218
2017-11-01,1.519476541608631e-05,0.07399797060177644,-0.01255830058664226,0.0004036883651363134,-0.022598160889455675,0.003933701211460245
2017-11-02,1.5217113815010924e-05,0.07399717296514582,-0.012558244749737909,0.00040374639214241616,-0.02260783341803998,0.0039331223332690415
2017-11-03,1.5172795794023218e-05,0.07399271348847997,-0.012559056049106197,0.0004039609782467078,-0.02260057135760849,0.00393243353577522
2017-11-06,1.515011547764065e-05,0.07399439971192177,-0.012559598009696913,0.00040397273524702434,-0.02257977893743128,0.003931089569785091
2017-11-07,1.5131213291877285e-05,0.07399608401387542,-0.012560879993164882,0.0004039839900097605,-0.02256564981158582,0.003930818706425743
2017-11-08,1.512363441019076e-05,0.07398878524352363,-0.012561519381273383,0.00040401088266947105,-0.022552921919790914,0.003930524395584018
2017-11-09,1.5077103026627978e-05,0.07398475349669092,-0.012561681128943488,0.0004041437778994289,-0.02257299272442361,0.003930566765798015
2017-11-13,1.5033184499333593e-05,0.07398423087802775,-0.01256152355829369,0.0004041291924158776,-0.022563969895648725,0.003929863808312563
2017-11-14,1.5058529562807455e-05,0.07398074464035456,-0.012562752660412948,0.0004042072069790435,-0.022576299247694408,0.003929405751553164
2017-11-15,1.5095809318253179e-05,0.07397481741205138,-0.012563236390881824,0.0004042637887070234,-0.022571585447388,0.003930114689704672
2017-11-16,1.5129457945147796e-05,0.07396556508145069,-0.012563958896557608,0.0004044138144653897,-0.02256885061246034,0.003929341568716301
2017-11-17,1.509965427154715e-05,0.07396582844527894,-0.012564435411571286,0.00040453423529173506,-0.02256902152016623,0.003927855599407865
2017-11-20,1.5078872884398084e-05,0.07396041110480651,-0.012564676293291048,0.0004046090793227169,-0.022588953692102447,0.003927939234921275
2017-11-21,1.5091031435915701e-05,0.0739603638300103,-0.012564990181685262,0.0004048074386311816,-0.02256572876889522,0.003927849166461465
2017-11-22,1.5095502137622081e-05,0.07395911521647835,-0.01256539449987138,0.0004047385582742196,-0.022474520226785484,0.003927983355922897
2017-11-27,1.5050307659516691e-05,0.07395244566032652,-0.012566245233018185,0.0004049521784218621,-0.02243371315894494,0.003927993898470178
2017-11-28,1.4995933812820379e-05,0.07394790514516808,-0.01256546402177525,0.00040504460500717844,-0.022400318629646816,0.003926945180062948
2017-11-29,1.4990195750339702e-05,0.07395009121988619,-0.012566204529467082,0.00040509256068735583,-0.022387431424018917,0.003925827109959586
2017-11-30,1.5001939372363967e-05,0.0739520653791145,-0.012565910947005668,0.0004051892504670271,-0.022410423537264988,0.003925321527004407
2017-12-01,1.4932925206902464e-05,0.07394357573646936,-0.012566151829942477,0.000405266095840464,-0.022445836677813906,0.003924795159346286
2017-12-04,1.4874374511728548e-05,0.07393623412743248,-0.012566720629438618,0.00040543980287714585,-0.022478764611205786,0.003923617976400853
2017-12-05,1.4881567532380529e-05,0.07393329471290977,-0.012567005186230948,0.0004053651448820809,-0.02249738272752616,0.0039220665858778645
2017-12-06,1.4867053792120028e-05,0.07393358865092593,-0.012567321767916686,0.000405547343245897,-0.022474606702420172,0.003920928089781699
2017-12-07,1.4855264634424474e-05,0.07392855897870163,-0.012567149917379202,0.00040571249878310495,-0.022422120799599127,0.003920004773936443
2017-12-08,1.4834160583219587e-05,0.07392799224727091,-0.012567853178916285,0.00040577667130575594,-0.022455035459787463,0.003919198434355087
2017-12-11,1.4788874231481852e-05,0.07392061877424183,-0.012567667225384573,0.0004058093882833805,-0.02241086135817673,0.00391832406971912
2017-12-12,1.4780751357836467e-05,0.07392020320682129,-0.012567939985830189,0.000405758539533737,-0.02240088058363164,0.003917115707813715
2017-12-13,1.4768675309598489e-05,0.07391718917321141,-0.012568337432953212,0.0004057414378859632,-0.022413665969288184,0.003916817696434512
2017-12-14,1.4806768145482531e-05,0.07391672058909582,-0.01256869307992669,0.00040576360625914213,-0.022416127734514978,0.003916435373770958
2017-12-15,1.4777114014379153e-05,0.07391186389085953,-0.012569194601057253,0.000405860239687305,-0.02244711837062232,0.0039155891763872075
2017-12-18,1.4729727706189904e-05,0.07391249228131314,-0.012569762356225462,0.00040574249054703036,-0.022439483859046205,0.003915563819218904
2017-12-19,1.4725720789884558e-05,0.07391123176798836,-0.012569157936680005,0.00040582111420495886,-0.022419478325391283,0.003914730668346827
2017-12-20,1.4679216424245956e-05,0.07390340268455552,-0.012569123477890808,0.0004059021037624406,-0.022422546098060957,0.0039145057320349435
2017-12-21,1.4673631008024098e-05,0.07390337931064261,-0.012569179217878295,0.00040599254742117245,-0.022435717876354774,0.003913957165443572
2017-12-22,1.4610270321000919e-05,0.0739018013402925,-0.012569435477988024,0.00040599962004709753,-0.02246947595567579,0.003913446028010067
2017-12-27,1.4585445616461737e-05,0.07389566500011155,-0.012569262913809602,0.000406199427573738,-0.02247260123981594,0.003913812830024249
2017-12-28,1.4575844257937027e-05,0.07389763651967957,-0.012569293272655047,0.00040630199702571256,-0.022504369537870918,0.003912210849651624
2017-12-29,1.4591537204483978e-05,0.07389734745030083,-0.012570261092883717,0.00040633759039740197,-0.02247308239948382,0.003911931458242565
2018-01-03,1.460306661998913e-05,0.07389441690163362,-0.012570100931530435,0.00040627511813997414,-0.022489042126347315,0.0039110153815306165
2018-01-04,1.4538394586198787e-05,0.07389231583717731,-0.012570320652848311,0.00040638000112294296,-0.022487723798312903,0.003910016920536583
2018-01-05,1.4506585827241494e-05,0.07388627325553243,-0.012570736279258492,0.0004064398077573534,-0.022519013255096913,0.003909642699615617
2018-01-08,1.448890556636945e-05,0.07388340367639093,-0.012571328406595372,0.0004066261328744355,-0.02247468091174104,0.003909114811111416
2018-01-09,1.4471423921876854e-05,0.07388358389469817,-0.012572272292876302,0.0004067456930253134,-0.022466623175977342,0.003908830526393577
2018-01-10,1.4496260439524647e-05,0.07388282182344094,-0.012573564501461056,0.0004068553380036853,-0.02245609464302583,0.003909155121770923
2018-01-11,1.4483188743005766e-05,0.07388234555183626,-0.012574319453537899,0.0004070089289448371,-0.022459481183479325,0.003908517493493969
2018-01-12,1.445194236713764e-05,0.07387773952428749,-0.012574618808071925,0.00040695161550289557,-0.022446334379757085,0.003907449032118898
2018-01-17,1.44247347433768e-05,0.0738747014836773,-0.012575334957277348,0.0004069604500980152,-0.02246345565060613,0.003907662914383438
2018-01-18,1.441542789542694e-05,0.07387292638324588,-0.012575628154516752,0.0004070542699356215,-0.022461193785938763,0.003906511419626781
2018-01-19,1.44087363090722e-05,0.07387418312582525,-0.012575832146729471,0.000407075832316886,-0.022450547587558642,0.0039054623448555514
2018-01-22,1.4335613513296715e-05,0.07386715762853602,-0.012575623751576764,0.0004071079041664587,-0.02243770419914075,0.003905898880704661
2018-01-23,1.4261578331981647e-05,0.07386375564798657,-0.012576214270669432,0.0004070139429624936,-0.022421377382384353,0.003905004453546579
2018-01-24,1.4232395630522777e-05,0.07386349884408389,-0.012576590669673725,0.0004071436602368124,-0.022408275875080583,0.0039046509620829298
2018-01-25,1.4205728169796328e-05,0.07386527123673774,-0.012576901511468667,0.00040712361380218075,-0.022456515669266666,0.003903699749456993
2018-01-26,1.415977095763272e-05,0.0738637752013286,-0.01257716933099526,0.0004071604824571397,-0.02245733881693935,0.003902733872395688
2018-01-29,1.417629076646182e-05,0.07386436868201393,-0.012578054131164427,0.00040733641333345254,-0.022434611404982666,0.0039038695932298558
2018-01-30,1.4182821221387856e-05,0.07386003122687125,-0.012577649738561814,0.000407381083387436,-0.02241928629284936,0.0039033185817301712
2018-01-31,1.4163888070188032e-05,0.07385802599644646,-0.012577876044303259,0.00040752524324593793,-0.022422257800922184,0.0039027855302407287
2018-02-01,1.4139717282194111e-05,0.07386012127786891,-0.012577871160294966,0.00040755422237625713,-0.022397108918083254,0.003902552660214713
2018-02-02,1.4101398264875295e-05,0.07385676115494928,-0.012578403715360191,0.0004076344442008503,-0.02238507616213118,0.003902049518507227
2018-02-05,1.400004880566856e-05,0.07385068412185812,-0.012578273047243958,0.00040785975785714976,-0.022375595239765712,0.003901089190530202
2018-02-06,1.390564458313815e-05,0.07385106903576473,-0.012578299156538277,0.0004081553600642695,-0.022364658373124367,0.0039006417460536505
2018-02-07,1.3870673908392456e-05,0.07385101554375689,-0.012578345065208907,0.0004082383997152754,-0.022325897192886135,0.003899372915421512
2018-02-08,1.3872470087181873e-05,0.07384233258213117,-0.012578408993358688,0.00040824707016418624,-0.022362000246326265,0.0038988837596310773
2018-02-09,1.3825440454354057e-05,0.07384450733918115,-0.012578389815905738,0.0004083917866167559,-0.022330363704977145,0.003898346722903943
2018-02-12,1.3797078137551825e-05,0.07384096271854904,-0.01257840094459057,0.0004085328837272757,-0.022304401699359842,0.0038971647715582937
2018-02-13,1.3763494545572161e-05,0.07384104783786664,-0.012578844999191907,0.00040857037186066956,-0.022293737679974363,0.0038968407511519106
2018-02-14,1.375812451113766e-05,0.07383571031411522,-0.012579833498913236,0.00040861632499156035,-0.022319621427334138,0.003896721781632885
2018-02-15,1.3765396810957371e-05,0.07383109015806291,-0.012579418438011488,0.0004087407248806065,-0.02232423007325645,0.00389643977658845
2018-02-16,1.372859665724774e-05,0.07382318492094354,-0.012580022398825897,0.0004088939543371464,-0.02234809787277551,0.003896437508028669
2018-02-21,1.3721871490814274e-05,0.07381910400703708,-0.012579890307718194,0.00040903795829225323,-0.022338716525707535,0.0038964378551180926
2018-02-22,1.371529554874013e-05,0.07381596896356603,-0.012580505787812874,0.00040905786768074865,-0.022338313033756198,0.003896930036768192
2018-02-23,1.3698592911651176e-05,0.07381307097352029,-0.012580327479300013,0.00040928155885163776,-0.02234738359002006,0.0038964290213286306
2018-02-26,1.3671127177619359e-05,0.07381074107647993,-0.01258067397972959,0.00040931692788616147,-0.022356217496565113,0.0038960733155118544
2018-02-27,1.3657894274084968e-05,0.07381093470294334,-0.012580639136568594,0.0004095912361719991,-0.02239981751282568,0.0038960302642830702
2018-02-28,1.3660233355879014e-05,0.07380799956349667,-0.012580610820137691,0.0004097178830635305,-0.02237561104309673,0.003895615189419237
2018-03-01,1.3602330831416118e-05,0.07380499086063114,-0.01258150330128026,0.0004097381706904207,-0.02234070346439223,0.0038954739966242857
2018-03-02,1.359162707968306e-05,0.07379732104037039,-0.012581683254984322,0.00041006818066753777,-0.02232838991561399,0.003895288122944136
2018-03-05,1.3536687500139623e-05,0.07379179330502657,-0.012583136159851868,0.000410186328983725,-0.02232111834332938,0.003895901520424965
2018-03-06,1.3517774455789835e-05,0.07378895973127196,-0.012584139024191407,0.000410431538781528,-0.022338992496791964,0.00389566798172475
2018-03-07,1.3506519337037868e-05,0.07378728601377144,-0.012584609905172857,0.00041064803227726333,-0.022308868096684933,0.003895402850094606
2018-03-08,1.3422268015675972e-05,0.07378061316684886,-0.012584456862904422,0.0004107078813963367,-0.022289241741093112,0.0038960464185209143
2018-03-09,1.3449182964686261e-05,0.07377148302974604,-0.012585116391582057,0.0004107448135552357,-0.022315384360041324,0.003895752934370501
2018-03-12,1.3417919649220435e-05,0.07377156766937976,-0.012586714485172186,0.0004108152638496332,-0.022312801066059144,0.0038953235734342584
2018-03-13,1.3402098045194228e-05,0.07377016136521618,-0.012587063569531102,0.00041100898640661056,-0.022296142417067802,0.0038946113269694915
2018-03-14,1.3325445972193242e-05,0.07376034190169689,-0.012587725338769675,0.000411121150556394,-0.022273748513842888,0.0038938674010908147
2018-03-15,1.3277141914221722e-05,0.0737588405564917,-0.012588264455235632,0.0004113304885894265,-0.022268932375388982,0.0038943440783485534
2018-03-16,1.318376943008414e-05,0.07374876411543392,-0.012588753742113818,0.00041151898913994756,-0.022282149590809347,0.0038948560314023056
2018-03-19,1.3180912509234101e-05,0.07374667510181224,-0.012589387105644828,0.00041184880926397986,-0.02226826928558573,0.0038948314181870758
2018-03-20,1.3178006024889153e-05,0.07373968897417951,-0.012589502148270308,0.00041193627092884713,-0.02228388464774564,0.0038945433811660964
2018-03-21,1.313941195079113e-05,0.0737351844882728,-0.01258937638708874,0.00041207690402580944,-0.022270152298271575,0.003894645747836742
2018-03-22,1.3119664867680314e-05,0.07373787499966274,-0.012589818796498791,0.0004121827975222504,-0.022255347147164074,0.00389524770808329
2018-03-23,1.310648198001538e-05,0.07373646715960659,-0.012589914645180385,0.0004122355282572074,-0.022260400665548068,0.0038943838212413037
2018-03-26,1.3075858431313845e-05,0.07373862764530163,-0.012590503945876384,0.00041217089019238916,-0.022271058980875336,0.0038931926609515957
2018-03-27,1.3049064456509076e-05,0.07373519006499894,-0.012590748149331085,0.00041232671161744864,-0.02230112455594431,0.0038926971653076743
2018-03-28,1.2984133505676982e-05,0.0737321799422361,-0.012590900967174792,0.0004123947384592205,-0.022304049809603994,0.003892854842554986
2018-03-29,1.2903266293392212e-05,0.07372620336006101,-0.01259127419450441,0.0004124767565535341,-0.022297839527166276,0.0038927069980179848
2018-04-03,1.29087103635143e-05,0.07372445501976096,-0.012591751280747873,0.0004126717176958825,-0.022274676398300927,0.003892200372537893
2018-04-04,1.286421565229587e-05,0.07371869194995434,-0.01259166456128559,0.0004127981393735196,-0.02226307473151317,0.003892621468932974
2018-04-05,1.2820340146728711e-05,0.07371994538485489,-0.012592034744861232,0.00041293693833130006,-0.022295165221863804,0.0038924909886296757
2018-04-06,1.2763718997843969e-05,0.07371632686968696,-0.012592964811464599,0.00041309779842265174,-0.022307461042014136,0.003891308005050854
2018-04-09,1.2690739759865224e-05,0.07371396087683874,-0.012592849387949722,0.0004132065548546857,-0.022328932071588432,0.0038912641330299063
2018-04-10,1.267199089470784e-05,0.07370738391942909,-0.012593742762134413,0.00041336198887676574,-0.022343127935545812,0.003890314928317156
2018-04-11,1.2601087704079144e-05,0.07370280438017324,-0.01259417663892552,0.00041350455985898944,-0.02230691219505844,0.0038899621190110452
2018-04-12,1.2541766840304446e-05,0.0736986305961889,-0.012594428790621332,0.0004135664613106125,-0.02229500521991317,0.003890228717897278
2018-04-13,1.2499180138319209e-05,0.0736932017643024,-0.012594537447545198,0.0004137184447837521,-0.02230736542731685,0.0038902142904728362
2018-04-16,1.2426711691646431e-05,0.07369775503125556,-0.01259464494848925,0.00041377171455796554,-0.022296139060371166,0.0038893937173884903
2018-04-17,1.234142368156666e-05,0.07369619059983629,-0.012594930290057576,0.0004138951809672032,-0.022290832140103786,0.0038888921099265554
2018-04-18,1.2333430888754424e-05,0.07369943881810961,-0.012594897852758597,0.00041404966247064935,-0.022255281089165753,0.003889312079866263
2018-04-19,1.2317054922710664e-05,0.07369997194889813,-0.012594740764057618,0.00041406394158637717,-0.022254104438397836,0.0038879258456931774
2018-04-20,1.228267488054411e-05,0.07369629949731535,-0.012594459746955283,0.0004141399014479705,-0.02223902134149372,0.003887450322314074
2018-04-23,1.228052907337857e-05,0.07369411068676698,-0.012594620180359829,0.00041419479375071885,-0.02223234233259931,0.003886944207882162
2018-04-24,1.2224991805651628e-05,0.07369083414534204,-0.012595040336898781,0.00041418875027357836,-0.022213585160022156,0.0038867413112001117
2018-04-25,1.2201229890339418e-05,0.07368889212988056,-0.012595964675023563,0.0004142887789742785,-0.0222323597804729,0.0038854174551222736
2018-04-26,1.2161993017231792e-05,0.07369091919135362,-0.01259697778954283,0.00041444617892557104,-0.02226147945175594,0.0038850360343175264
2018-04-27,1.211725029315318e-05,0.07369007310622422,-0.01259686181092578,0.00041450523147264586,-0.02224731987191944,0.0038841125894508053
2018-04-30,1.2095797136280363e-05,0.07368793176139805,-0.012597060546708292,0.00041453126136487646,-0.02221716561582647,0.0038822884528009567
2018-05-01,1.2039591742856929e-05,0.07368261855311677,-0.012597124352140334,0.00041459989661387985,-0.02221224465857724,0.003882258296414903
2018-05-02,1.2025253907869604e-05,0.0736764879892765,-0.012596804409991502,0.0004145829103403514,-0.02220191524615163,0.0038819468860022887
2018-05-03,1.1933556314473311e-05,0.07367599490650785,-0.012597221848684526,0.0004145063461492745,-0.022218396323987165,0.0038811738506651034
2018-05-04,1.186453089852464e-05,0.07367523789819624,-0.012596746558809883,0.00041453064141376366,-0.02222916909972701,0.0038811848323469372
2018-05-07,1.1841191608377328e-05,0.07366991844658263,-0.012597082829810185,0.00041464492524606014,-0.022201196585573388,0.0038806883636046314
2018-05-08,1.1806544375018833e-05,0.07367093777439898,-0.012597550491460281,0.00041462635922956187,-0.02219988703969071,0.0038806680408743225
2018-05-09,1.182966723036056e-05,0.07366695093136547,-0.012597581422539455,0.0004147015785009256,-0.022182807223944945,0.003880750637945395
2018-05-10,1.1830158269881562e-05,0.07366416221396539,-0.012598823637766028,0.00041483140920868376,-0.022160477703908728,0.0038791137692764208
2018-05-11,1.1781534983393782e-05,0.07366218418920199,-0.012599269971148653,0.0004149590650324936,-0.02216271816659069,0.0038785532953896865
2018-05-14,1.1754817311098733e-05,0.07366147949205883,-0.012599791507540538,0.00041487353937359555,-0.022178971422353547,0.003877850636998144
2018-05-15,1.172962124681027e-05,0.07365878560804687,-0.012599635080942612,0.00041492934833691755,-0.022155395653340702,0.003877908720421968
2018-05-16,1.1674158212354063e-05,0.07365275136888307,-0.012599315918882463,0.0004151211790778399,-0.022151554647067764,0.0038779797097380853
2018-05-17,1.1653275016123771e-05,0.07365509065933726,-0.012599484475531034,0.00041512758560619293,-0.022178646481127794,0.0038777142498221664
2018-05-18,1.1646723575317613e-05,0.0736555196186975,-0.01260059757395092,0.0004151420595199355,-0.02216925602553893,0.0038772422136863147
2018-05-21,1.162293136320244e-05,0.07364546423460297,-0.012600699274859784,0.0004152040648350909,-0.022146770316299504,0.0038776411236939225
2018-05-22,1.1646567475453757e-05,0.07364228952974446,-0.012600483579511945,0.0004151574469845491,-0.022117159373945032,0.003877527958081601
2018-05-23,1.1692194824654072e-05,0.0736407282410349,-0.012599841724776429,0.0004152795281570791,-0.0221234749941783,0.0038770063251283883
2018-05-24,1.1659253388991706e-05,0.07363790549467357,-0.012599499659750508,0.0004152998024806857,-0.02209179595422902,0.0038759645998690997
2018-05-25,1.1642163379884892e-05,0.07363867709299537,-0.012600272490396627,0.0004153237046416256,-0.022068594344046184,0.0038757351520126923
2018-05-30,1.1613510553393344e-05,0.0736367153204431,-0.012600536116684838,0.00041541057039235575,-0.022046463329864888,0.003875972380917245
2018-05-31,1.1566740176939709e-05,0.07363329557685518,-0.012601063124944774,0.00041558160380243865,-0.022016032133968487,0.003875543076614687
2018-06-01,1.1501936702609721e-05,0.07363258601618013,-0.01260154093939319,0.00041564668746957404,-0.022019520903968755,0.00387518305519612
2018-06-04,1.1453068274022463e-05,0.07362754440231678,-0.012602473276824276,0.0004158004114950883,-0.022026291263196225,0.0038743511822207687
2018-06-05,1.1434653824291731e-05,0.07362599752681871,-0.012602721999556749,0.00041573148227869985,-0.022031781651373844,0.0038735567769943016
2018-06-06,1.1398086884296458e-05,0.07362117776152567,-0.012603000455721138,0.00041588762182929626,-0.02202612964880766,0.0038728774873295984
2018-06-07,1.1351112546085861e-05,0.07361838204043344,-0.012602867370741403,0.00041590725304980873,-0.022022392262554084,0.0038727384635944273
2018-06-08,1.133105323017201e-05,0.07360865997240769,-0.012603134118391755,0.00041589387519844705,-0.02201058243519334,0.0038722323438433633
2018-06-11,1.1318017713328853e-05,0.07360806201435863,-0.01260304898216587,0.0004158765064656047,-0.021978482776746674,0.003872562671148961
2018-06-12,1.1293658678215434e-05,0.07360435219094578,-0.012603452705225499,0.0004159246870208864,-0.02195441900421278,0.003872854781914152
2018-06-13,1.1262871769967305e-05,0.07360053989300218,-0.012603612615385746,0.000416066092955803,-0.021960932326685403,0.0038727262057451205
2018-06-14,1.1266793407547354e-05,0.07359175772839083,-0.012604167952742117,0.0004161730524607267,-0.02195555659801119,0.003872724414562992
2018-06-15,1.1258295921145206e-05,0.07358920151878122,-0.012604740191454362,0.00041643219086895573,-0.021979914198221276,0.00387136219280622
2018-06-18,1.1238042031228016e-05,0.07358752944000362,-0.012605065584860785,0.000416496275402035,-0.021965517588486846,0.003871225988747465
2018-06-19,1.1255141309547153e-05,0.07358733928453176,-0.012605175318514805,0.00041658998774206303,-0.021965298358375115,0.003870855590080797
2018-06-20,1.1205954651272488e-05,0.07358410659182218,-0.012605969085115562,0.00041661093497474225,-0.021944802700280694,0.0038693873960861007
2018-06-21,1.1196631593340391e-05,0.07358192435778474,-0.012606902346125276,0.00041667221700973265,-0.021935417291342595,0.0038701621319157096
2018-06-22,1.1129423075036994e-05,0.07357710621413167,-0.012606660504656681,0.0004167223978095423,-0.021905713518546636,0.003869894672941323
2018-06-25,1.1130929082089729e-05,0.073574321064779,-0.012606883638304374,0.000416733486935672,-0.021938392743999238,0.0038700534364437657
2018-06-26,1.1085743584235059e-05,0.0735697875860359,-0.012606634909503561,0.0004168674854853812,-0.021932701150523745,0.0038698378296604737
2018-06-27,1.1052171322304124e-05,0.07356712018493324,-0.012607137425157709,0.0004169243196922578,-0.021917853485718876,0.0038694447928945062
2018-06-28,1.1047145888869742e-05,0.0735626775822536,-0.012607865312784804,0.0004170158848851754,-0.021877026723598723,0.003868505573827799
2018-06-29,1.1043634656801568e-05,0.0735583925453107,-0.012608447325902482,0.00041696740225956395,-0.021848379345763377,0.0038688102955743648
2018-07-02,1.1055707443094348e-05,0.07355628281934973,-0.012609460789556248,0.0004170886799203953,-0.021839910454781647,0.0038679123391474964
2018-07-03,1.1018847497797156e-05,0.07355674531547522,-0.012610160908350983,0.00041717851956748326,-0.02183318696613549,0.0038667260232258666
2018-07-06,1.1002134545271043e-05,0.0735508767977888,-0.012610158618823456,0.00041714070517089854,-0.02180296539338096,0.0038658985434618974
2018-07-09,1.0966451486228723e-05,0.07354166948755579,-0.012610764182354297,0.00041708979536839814,-0.02182942464470153,0.003864873895467134
2018-07-10,1.0911531743503915e-05,0.07354467823926095,-0.012611619593497301,0.00041702845399909966,-0.021851026374702112,0.0038639819415887816
2018-07-11,1.090360162938268e-05,0.0735433681902472,-0.012612250405137472,0.00041707792589336135,-0.021817168923888512,0.003863587717505102
2018-07-12,1.0869999814074665e-05,0.07354219913089699,-0.01261254652011292,0.00041716303661354294,-0.021815119158124507,0.00386323242567903
2018-07-13,1.0850333384312133e-05,0.07353530883880144,-0.0126125090216518,0.00041730384083178,-0.021832572325246484,0.0038626825506586056
2018-07-16,1.080053850990021e-05,0.07352888512424528,-0.012612452728204639,0.0004174528541620859,-0.02182632964403062,0.003862311308188275
2018-07-17,1.0767495946049487e-05,0.07352562396144981,-0.012612261468123524,0.00041763422449888536,-0.0217818310899658,0.003861758329446983
2018-07-18,1.073521880233279e-05,0.0735229507237755,-0.012613077950299405,0.0004177400685512993,-0.021782226926724477,0.0038613125777381776
2018-07-19,1.0719424465439038e-05,0.07351884201875056,-0.012613393289250216,0.0004177791154118479,-0.021793747259471384,0.003861633399302889
2018-07-20,1.0765076247023516e-05,0.0735167388984313,-0.012613878236541011,0.00041780198712658857,-0.021775650706689686,0.0038613960544777778
2018-07-23,1.0753725154699563e-05,0.07351361562298052,-0.012614539333660788,0.00041787157177532543,-0.02178316912685606,0.0038606919116186645
2018-07-24,1.074293131008878e-05,0.07351135558501154,-0.012614978197845914,0.0004179695104730438,-0.021742051800261813,0.003860412352513309
2018-07-25,1.0664370770135709e-05,0.07351160298292858,-0.012615099820070233,0.0004179419526050297,-0.021746446641346423,0.0038593132947794683
2018-07-26,1.0669651965861576e-05,0.0735043388982598,-0.012615371993637815,0.0004181229913744932,-0.02173042851387865,0.003857858564499529
2018-07-27,1.0691585381187408e-05,0.07350021558281405,-0.012615765522177478,0.0004182099297876219,-0.02174114293169936,0.0038569805857032024
2018-07-30,1.0705100517458926e-05,0.07349969745976906,-0.012616698273805115,0.000418309555905813,-0.02171646856850603,0.0038568083884167317
2018-07-31,1.0721257466875383e-05,0.07349764447733816,-0.01261687381402565,0.00041837875884135104,-0.021714456834156445,0.0038565640255790023
2018-08-01,1.0727662339733306e-05,0.07349817552568694,-0.012617401882760509,0.00041848060535636653,-0.02167258687827693,0.003856650346013573
2018-08-02,1.0737059447997932e-05,0.07350105221068687,-0.012617780117504791,0.00041851823877370675,-0.02161975352989602,0.003856237555573949
2018-08-03,1.078924875366458e-05,0.07349972882323388,-0.012618434634968426,0.0004183499444682597,-0.02161202885101496,0.003855895621291216
2018-08-06,1.0756067689375335e-05,0.07350090948888172,-0.012619258278926173,0.0004183775747229219,-0.021605753358239645,0.0038551378719374387
2018-08-07,1.0772649486086411e-05,0.07349863264099465,-0.012620182873035917,0.00041845556288671167,-0.021639865403358417,0.0038543653862246636
2018-08-08,1.0737081581250059e-05,0.07349738271331255,-0.012620887635039317,0.0004185159542902689,-0.021626267138209435,0.0038538364334623912
2018-08-09,1.0728092071672304e-05,0.07349189676495849,-0.012621050739934673,0.00041853547971330314,-0.021626742252649205,0.0038524185143568737
2018-08-10,1.07202260409281e-05,0.07348671141963849,-0.012621541853171572,0.000418634527316883,-0.02162810526059608,0.003852461589310896
2018-08-13,1.0711261201135617e-05,0.07348417467290969,-0.012621737191941098,0.0004186318693488102,-0.021615530987384245,0.003851982016876649
2018-08-14,1.0714734817249657e-05,0.07348146878725477,-0.012622732087425172,0.000418452212301503,-0.021560329314127387,0.003851168312353637
2018-08-15,1.0744138402519213e-05,0.0734790927395099,-0.012623321258325734,0.0004184087134310846,-0.021531555926833174,0.0038512422998568953
2018-08-16,1.079570041013154e-05,0.07347169583538857,-0.012623605134628398,0.00041841433806467227,-0.021518230622126086,0.0038512007639433018
2018-08-17,1.0842326586554433e-05,0.07346714591239806,-0.012624493250301596,0.00041844717130997566,-0.02153502162034643,0.0038511241505343754
2018-08-20,1.0820687181428414e-05,0.07346383889036917,-0.012625365589453052,0.00041839598706284737,-0.021542590453775934,0.003850975533444387
2018-08-21,1.0827806791810114e-05,0.07346031570489878,-0.012625816030523592,0.000418338715632753,-0.0215342151261719,0.0038499380738098088
2018-08-22,1.0811907438577177e-05,0.07345780410524894,-0.012625461555181993,0.0004183098136952436,-0.02150200951997741,0.003849940937371008
2018-08-23,1.082059082136432e-05,0.07345662695473866,-0.012625944450815394,0.0004182979496765932,-0.02147036474445703,0.003849176968946657
2018-08-24,1.0826500087532861e-05,0.07345342326059166,-0.01262577165234915,0.0004183438655249667,-0.021450531264415346,0.003848295786510362
2018-08-27,1.081480614791445e-05,0.0734476455531038,-0.012626226364125,0.0004183439883071578,-0.021427876129315654,0.003848211655445434
2018-08-28,1.0749042464990917e-05,0.07344022688401125,-0.012626704680305398,0.0004185017868882302,-0.021425620883275376,0.003847697154864364
2018-08-29,1.073064383927752e-05,0.07343929027966355,-0.012627542538197692,0.0004186256728886102,-0.021405250073138288,0.003847967281088078
2018-08-30,1.0721589310943829e-05,0.0734340749418282,-0.01262810195917367,0.0004187417432290544,-0.021380884852137003,0.003847420102032862
2018-08-31,1.071041375691531e-05,0.07343448172596159,-0.012628987012446576,0.00041874262211603257,-0.021345019153679895,0.0038475002246106337
2018-09-05,1.0651982208049164e-05,0.07342764894192925,-0.012629871191028244,0.0004188152692786764,-0.021338023832356404,0.003847165043533921
2018-09-06,1.0639773396115668e-05,0.07342290916291914,-0.01263041895001426,0.00041883841844986183,-0.02134330209051233,0.003847107327165958
2018-09-07,1.064171560404871e-05,0.07342339582021783,-0.012631140358331471,0.00041896487736490476,-0.021361466782934435,0.0038470078569592297
2018-09-10,1.0620254668188383e-05,0.07341742573355155,-0.0126322809952623,0.00041908617070199816,-0.0213369129110451,0.003847269705228493
2018-09-11,1.0583382676568998e-05,0.07341951513060496,-0.012632484465652348,0.0004190486815972687,-0.021339296363238433,0.0038479865957821904
2018-09-12,1.0632531958125244e-05,0.07340714489693423,-0.012633795352337494,0.00041908145962467184,-0.02134441776455616,0.0038466863864680782
2018-09-13,1.0585497189587631e-05,0.0734064048806712,-0.012634546466752578,0.00041911584953392255,-0.0213572151112245,0.0038453177786214395
2018-09-14,1.0556163754817945e-05,0.07340270540536414,-0.01263551043245826,0.00041906079606566203,-0.021369771369571203,0.003845523657677428
2018-09-17,1.0492120980311117e-05,0.07339939690428834,-0.012636262099389069,0.000419001533391375,-0.021379423328611202,0.003844665548943092
2018-09-18,1.045090996020629e-05,0.07339481110122187,-0.012636769509686174,0.0004191998252730414,-0.021363682792679584,0.003844247635986825
2018-09-19,1.0441871711524569e-05,0.07339172151981138,-0.012637790286962526,0.0004194142472371211,-0.02136530093280052,0.0038441684570103044
2018-09-20,1.0439602858032686e-05,0.07339222863037995,-0.012638159000634025,0.00041944922201707255,-0.021374720020813115,0.0038446611529880485
2018-09-21,1.0426072651309405e-05,0.07338573857931456,-0.012638666906230387,0.0004195032826479355,-0.021346210712995847,0.0038444670616430395
2018-09-24,1.0388257163086327e-05,0.07337807379313144,-0.012639014543459968,0.0004196396219202266,-0.021325406071417627,0.003844659262236072
2018-09-25,1.0326290279606974e-05,0.07337273410383229,-0.012639499230031694,0.00041969716568794434,-0.02135552779351929,0.003844828747088767
2018-09-26,1.0263090474389692e-05,0.07336519891092762,-0.01263963993031066,0.00041981492229143237,-0.021294997074359806,0.0038454647917876414
2018-09-27,1.031012905970925e-05,0.07336299807484561,-0.012640436599603785,0.00041989321829006437,-0.021276871618761406,0.0038452724012730142
2018-09-28,1.0308105705130884e-05,0.0733626209895567,-0.012640941888498018,0.0004199574951247755,-0.021259096055625024,0.0038450568840229043
2018-10-01,1.0276302813875897e-05,0.07335668763473639,-0.012641302356897076,0.00042006036215251933,-0.021262807372022907,0.00384483785182761
2018-10-02,1.0226966965440031e-05,0.07335745252970008,-0.012642021612586927,0.0004201360725091029,-0.021222324194779527,0.003843811353846861
2018-10-03,1.018055404800428e-05,0.073353677118897,-0.012642560851129902,0.0004200775506764476,-0.02120269701315078,0.0038433827983773376
2018-10-04,1.0165022029951887e-05,0.07335131638315978,-0.01264349528589604,0.00042015890053697107,-0.021185266431837366,0.003842797668468969
2018-10-05,1.018529870511213e-05,0.07334656164115387,-0.012644118736695199,0.00042035138778292547,-0.021191266297226813,0.003842178775864293
2018-10-10,1.0185073581783324e-05,0.07334628199943695,-0.012644824599668756,0.000420481594984497,-0.021187927152866534,0.0038412149312089727
2018-10-11,1.0190804841141889e-05,0.07334429862469476,-0.012644865737871235,0.00042043690793962826,-0.02114030583404336,0.0038407918148416677
2018-10-12,1.0163726234403158e-05,0.07334104586182612,-0.012645499475672135,0.00042052016545300185,-0.021120835706782318,0.003840046885072537
2018-10-15,1.0151490659824123e-05,0.07334653035484051,-0.012646210166398773,0.0004207539143114609,-0.02108970174706229,0.0038388899554029155
2018-10-16,1.0148296800627002e-05,0.0733461570737029,-0.012646250857240684,0.00042082746071795795,-0.021046415231233948,0.003838728058296126
2018-10-17,1.0122873800651297e-05,0.0733440035534118,-0.012646639459132152,0.00042078705127861834,-0.02101724077463564,0.003837984436343529
2018-10-18,1.007415987187599e-05,0.07334300674284869,-0.012647648121577312,0.00042068239718384237,-0.021052691341046162,0.0038364114580726394
2018-10-19,1.0056286486141667e-05,0.0733384684733212,-0.012648181753130386,0.0004206542532324128,-0.02102453317756127,0.0038350646375636946
2018-10-22,9.991836696116301e-06,0.07333938159561972,-0.01264879482254767,0.0004206385405722392,-0.02105398696810097,0.003834109556677801
2018-10-23,9.972007494737976e-06,0.07334015559309436,-0.01264929737040692,0.00042087719168984797,-0.021004112028343944,0.0038324692650320144
2018-10-24,9.942690145895287e-06,0.07334081875388523,-0.012650022945253069,0.0004207915758106936,-0.020971997229646974,0.00383159742743482
2018-10-25,9.917546058237263e-06,0.07334007949847524,-0.012650284411739645,0.0004209175159057109,-0.020934928722819032,0.003829669563671079
2018-10-26,9.867823439064241e-06,0.07333406565988924,-0.012650022812080546,0.0004208949700599758,-0.020913840867793243,0.003830478174763885
2018-10-29,9.843087648156901e-06,0.07332841582432723,-0.012650807279435218,0.0004209785450194955,-0.020913642923895248,0.003830087883397614
2018-10-30,9.874043816502598e-06,0.07332877416621857,-0.012650393219454612,0.0004209264398221331,-0.020921793811651587,0.0038300773985786994
2018-10-31,9.895164717636692e-06,0.07332545379973254,-0.012652006371839017,0.000420952576989766,-0.02086038518753741,0.0038290361855192407
2018-11-01,9.909755724947983e-06,0.07332769340870299,-0.012652301929587441,0.0004209913629028804,-0.020874643774786428,0.003828451225914115
2018-11-02,9.907641786281886e-06,0.07332448004605294,-0.012652979994413118,0.00042095355958439527,-0.020843456392061338,0.0038280082719269375
2018-11-05,9.90136314314366e-06,0.07331933812702546,-0.012653593703151365,0.000421044432306256,-0.020832169073604745,0.003827532713090642
2018-11-06,9.924351065102195e-06,0.07331416652487745,-0.012654205981841261,0.0004211245631602382,-0.020807145489600887,0.003827321242764887
2018-11-07,9.87663506420165e-06,0.07331499535765629,-0.012654959795617027,0.00042119583698604836,-0.02078998158220513,0.00382722524997062
2018-11-08,9.837582626782371e-06,0.07331448136362198,-0.012655828287186269,0.00042134884368942506,-0.02075619642050383,0.0038263931830549887
2018-11-09,9.809392135356928e-06,0.07331057884562873,-0.0126570918121104,0.00042127684615554987,-0.020747491186292003,0.0038268488545658078
2018-11-14,9.821135693725475e-06,0.07330671979337577,-0.012657338752984209,0.000421300314148638,-0.020723993344595903,0.0038264205358913245
2018-11-15,9.878347316807207e-06,0.07330326891982576,-0.012657816379099844,0.000421210933508096,-0.020720679545113252,0.003826026252059831
2018-11-16,9.914286996936646e-06,0.07329821600193606,-0.01265794997493126,0.0004210748595871843,-0.02068968918385436,0.0038252871216530164
2018-11-19,9.882298324397383e-06,0.07329702892941634,-0.01265848878362361,0.0004211091484119017,-0.02069063721998532,0.00382507973406237
2018-11-20,9.873226405205055e-06,0.07329665893187348,-0.012659182909365201,0.00042111528930683945,-0.02067030844912872,0.0038246271767994927
2018-11-21,9.853298780362324e-06,0.07329563561174673,-0.012659841795629399,0.00042114957236358025,-0.02064628651606723,0.003824677305648591
2018-11-26,9.876197727291176e-06,0.07329228692278889,-0.012660294494966398,0.00042117234058585383,-0.02065945659076597,0.0038242441284023878
2018-11-27,9.846749621693604e-06,0.07328576152742793,-0.012660467087029736,0.00042125234743350926,-0.020636887741812007,0.0038232686454119165
2018-11-28,9.856231432466746e-06,0.07328638940551538,-0.01266179547081428,0.00042129150431093716,-0.020650260506019036,0.0038225552471125713
2018-11-29,9.871695404107454e-06,0.07328679633313936,-0.01266316163732767,0.0004211089021262421,-0.02067315634656823,0.003821847140904762
2018-11-30,9.77860599339415e-06,0.07328511673181382,-0.012663614508837236,0.0004209973343565301,-0.020668559631158337,0.0038220546938496423
2018-12-03,9.770670460940492e-06,0.07328114064388536,-0.012664290747383912,0.00042078331561382857,-0.020710956681152748,0.0038213789583295436
2018-12-04,9.780317918857125e-06,0.07327554204057939,-0.012665075698100457,0.0004208501234409178,-0.020675238567093523,0.0038205059110983895
2018-12-07,9.786608005463946e-06,0.0732713460225795,-0.012665146448650829,0.00042094329322532684,-0.020667133920201697,0.00382041208821704
2018-12-10,9.731511648645156e-06,0.07327025354595094,-0.012665244033433665,0.00042094326710777905,-0.02069850237783455,0.0038196138279507534
2018-12-11,9.690907790979225e-06,0.07326324379682154,-0.012665573942570852,0.0004209031205444203,-0.02072689698802066,0.003819419063509852
2018-12-12,9.69631173032986e-06,0.07326375470462629,-0.012665913141221157,0.0004209633556639484,-0.020699733144026636,0.0038195106100284894
2018-12-13,9.695531056001916e-06,0.07325966933414431,-0.012667053451913216,0.0004208874648294257,-0.020732275052173177,0.0038196053731246486
2018-12-14,9.695864867842552e-06,0.07325294270915432,-0.012668050367328385,0.0004210058058972229,-0.020707205735529963,0.0038191961365772395
2018-12-17,9.659637477024683e-06,0.07325177517446174,-0.012669139632734222,0.0004211762937604125,-0.020674455897002175,0.003819911161584466
2018-12-18,9.670768226067945e-06,0.07325217828647272,-0.012669389475997954,0.0004212113131570118,-0.02066740776453732,0.003819673167072952
2018-12-19,9.727048771276633e-06,0.07324918481365324,-0.01267020402107143,0.00042128742006265817,-0.020669321338509933,0.003819236950648764
2018-12-20,9.693873121658568e-06,0.0732453563842342,-0.012671799150246528,0.00042122116717811244,-0.020707219424963605,0.003819479026426647
2018-12-21,9.687728393340195e-06,0.07324332143991076,-0.012672197468694593,0.0004214002088854318,-0.02073413562324132,0.0038198118135924
2018-12-27,9.725409970683194e-06,0.07324592981305154,-0.012673523336521228,0.0004215370257475195,-0.020700247467375962,0.003819827425040235
2018-12-28,9.74491443023308e-06,0.07324343650401884,-0.012674956747658075,0.00042148929448517815,-0.020683698501320014,0.003820047956807594
2018-12-31,9.764487299600624e-06,0.07324498791612785,-0.012675575904266703,0.0004214893633778769,-0.02067542551447918,0.0038197566417461507
2019-01-03,9.729112561212156e-06,0.0732440627114499,-0.012675881171184605,0.0004215126106648467,-0.0206889183269163,0.00381957581150041
2019-01-04,9.676760130184349e-06,0.07324373897819125,-0.012676579319121495,0.0004215977633617599,-0.020682660833350255,0.003818530295127987
2019-01-07,9.667701308196141e-06,0.07324341110575137,-0.0126774400195402,0.00042161145712018633,-0.020679853078682975,0.0038182291165449493
2019-01-08,9.626255845596938e-06,0.07324433706371272,-0.012678631732856853,0.00042176646939079,-0.020681335674232207,0.0038181105485150385
2019-01-09,9.623162623303332e-06,0.07324063140390963,-0.012679683279172243,0.00042177814999958224,-0.020708390537538562,0.0038170592677391688
2019-01-10,9.581697459945133e-06,0.07323806673089013,-0.012679504089054232,0.0004218199209580633,-0.020721310349494107,0.0038160437057139424
2019-01-11,9.575791253191388e-06,0.07323974607397717,-0.012680897914420444,0.0004219332103633846,-0.020705417659208886,0.003816389103137233
2019-01-15,9.547577087427021e-06,0.07323906595685131,-0.012680391176777344,0.00042205609517524645,-0.020722850728165612,0.0038157860365043584
2019-01-16,9.500039418399155e-06,0.07323672630412674,-0.012680340385877252,0.0004221333240079678,-0.020718190931638222,0.003815654596250699
2019-01-17,9.453498528473229e-06,0.07323771565441145,-0.01268052415016459,0.00042233939422337355,-0.020712531477928342,0.0038157352005296426
2019-01-18,9.464455645469776e-06,0.07324328917654518,-0.012680835310823086,0.000422380394402129,-0.02071337793233205,0.003815045386298212
2019-01-23,9.530987130309431e-06,0.07324381109008278,-0.012680786601896726,0.0004224547174619018,-0.020690673980461968,0.0038141154264106575
2019-01-24,9.513262580009374e-06,0.07324304015083571,-0.012680908337092707,0.00042250482348936717,-0.020696987628484043,0.0038135652684223808
2019-01-25,9.470950817803332e-06,0.07324426385567448,-0.012681006201075287,0.0004227272440590579,-0.020702366243936815,0.003814032801788932
2019-01-28,9.43640052320291e-06,0.07324200988145714,-0.012681509444622588,0.00042282240349710736,-0.020713827411834695,0.0038140221377874596
2019-01-29,9.409744490170742e-06,0.07323891586774227,-0.012681389154229276,0.00042297603507962555,-0.020743659218583663,0.0038138349620637363
2019-01-30,9.3727166534586e-06,0.07324064770174103,-0.012682147609191435,0.00042295250693512375,-0.020812303846340682,0.0038136901363775982
2019-01-31,9.35114701355759e-06,0.07323897232721834,-0.012682969027155211,0.00042299299522695604,-0.02084390940662749,0.00381311419897555
2019-02-01,9.342687411201942e-06,0.0732388774084466,-0.012683796157890365,0.00042302095989727264,-0.02082895404392908,0.0038114480074207414
2019-02-04,9.32978218972501e-06,0.07323987776715046,-0.012684242776583532,0.00042317962667839286,-0.02081744151132138,0.0038103230665696066
2019-02-05,9.314445287359529e-06,0.07324071715789397,-0.012684754023307954,0.0004233974812875913,-0.020832325626863546,0.0038096652957278006
2019-02-06,9.305206417553548e-06,0.07323969041419595,-0.012685570465694304,0.0004234489270874206,-0.02087093748252987,0.0038087428754298787
2019-02-07,9.319434797004183e-06,0.07324054735667294,-0.012685639574473103,0.0004236667541843743,-0.020845235367897202,0.0038071574581156173
2019-02-08,9.336499183138733e-06,0.07323974768324405,-0.01268621713815684,0.0004236973456898679,-0.020833176938960682,0.0038057691598585228
2019-02-11,9.274623747406759e-06,0.0732399848729743,-0.012687325651173571,0.00042393062264471735,-0.020813210543458263,0.003804197226009484
2019-02-12,9.267801965414098e-06,0.07323566653073633,-0.01268698409198385,0.0004239178579328088,-0.02076788630031251,0.0038040992909720286
2019-02-13,9.273739552061007e-06,0.07323597753963086,-0.012687459508819695,0.0004240647491694211,-0.020741429173102288,0.003803976747857405
2019-02-14,9.326640570034596e-06,0.07322917293510804,-0.01268777786569932,0.0004240612308028894,-0.020711596323908496,0.0038039118200387436
2019-02-15,9.276833798857118e-06,0.07323382645987746,-0.01268851123607366,0.0004239967191614531,-0.02071045201235662,0.0038033053668342738
2019-02-21,9.288557075476348e-06,0.07323300824429155,-0.012689228769736714,0.00042392827375449136,-0.02068954379349039,0.0038028298905860214
2019-02-22,9.36448012868834e-06,0.0732349512423863,-0.012690050913334312,0.00042385396493335096,-0.020694177099314842,0.0038023059978684543
2019-02-25,9.356688777269483e-06,0.07323568757771945,-0.0126905094516271,0.0004240742258484367,-0.020667635802018497,0.0038013981556814956
2019-02-26,9.366460623331813e-06,0.07324105025298384,-0.012690653948538591,0.0004241558279317974,-0.02063954297633923,0.003801899892860138
2019-02-27,9.366821446423284e-06,0.07324214315246379,-0.012691435880404956,0.0004242369428360251,-0.020627441581566097,0.0038009858998972667
2019-02-28,9.351826644293774e-06,0.07323898036565273,-0.012691677987656608,0.00042446053619143607,-0.02063958980701676,0.0038005955316765838
2019-03-01,9.374769225575403e-06,0.07323701168903167,-0.012693040975315878,0.00042463256878123574,-0.020637370641581,0.003799598795366196
2019-03-04,9.369418753875486e-06,0.07323560842451532,-0.012694472240414185,0.00042455815907731015,-0.020643836400331392,0.0037992711203077827
2019-03-05,9.32191385053458e-06,0.07323035345054815,-0.012694987309051805,0.0004247103981934989,-0.020609596763978083,0.003799484322104094
2019-03-06,9.297053228339206e-06,0.07323157583686021,-0.012695842722352458,0.0004246286062663371,-0.020576423382265938,0.0037991777888515196
2019-03-07,9.278444417986083e-06,0.07323486070609915,-0.01269697547046197,0.0004248867623688939,-0.020536593024855013,0.003799232836547253
2019-03-08,9.301806668610813e-06,0.07324195614893025,-0.012697898916929502,0.0004249794913607218,-0.020515448162873054,0.0037988934144342606
2019-03-11,9.2830806161587e-06,0.07324353643949053,-0.01269861395521036,0.00042493683159520654,-0.020513182259953508,0.0037976120812367375
2019-03-12,9.345819421867097e-06,0.07324262817091581,-0.012699486067162072,0.0004249511297422826,-0.020564011498074977,0.0037970702717641898
2019-03-13,9.319167014014404e-06,0.07324182046289439,-0.012701061295463525,0.0004249581962006715,-0.020544003377341663,0.0037968257452561075
2019-03-14,9.355618854702517e-06,0.07323823401719626,-0.01270098073999446,0.0004250415750205414,-0.02053157803857872,0.0037961572618542714
2019-03-15,9.389952917397457e-06,0.07323631977339448,-0.012702013302119498,0.0004250791175245454,-0.02052716607062352,0.0037971075461589844
2019-03-18,9.45071503813459e-06,0.07323678727954044,-0.012702297406084207,0.0004250926790664816,-0.020506178095864427,0.003796916743723198
2019-03-19,9.413424431590608e-06,0.0732355782364442,-0.012702792463201289,0.00042507123192379816,-0.02049813356264052,0.0037960458399852286
2019-03-20,9.35877768989752e-06,0.07323131902847241,-0.012702940831484816,0.0004251114190950801,-0.02046319713813252,0.003795958789849974
2019-03-21,9.327163067334877e-06,0.07323205767838845,-0.012702910765815456,0.00042521448999904116,-0.020487684179887625,0.003795519213432535
2019-03-22,9.293565907533488e-06,0.07322590651764245,-0.012703623163789762,0.00042523733206136166,-0.020486610453607876,0.0037949932957868932
2019-03-25,9.315331675503632e-06,0.07322638748868601,-0.012704877287111112,0.00042516986900658195,-0.02047742176126567,0.0037959197745407024
2019-03-26,9.351098451233168e-06,0.07322136431679463,-0.012705235543260524,0.0004253018660770641,-0.02047254911108573,0.0037963705401066793
2019-03-27,9.368404307136973e-06,0.07321931970086315,-0.012706213139106713,0.0004254160188344305,-0.02046536296777761,0.003795896371382028
2019-03-28,9.368965625224958e-06,0.07321964611041759,-0.012707367756176974,0.00042551167662022507,-0.02042589714532403,0.003796613800176707
2019-03-29,9.390438527515763e-06,0.07321459165554886,-0.012708655646705348,0.00042541642212645995,-0.020408860880123753,0.0037961540416860716
2019-04-01,9.378813889698791e-06,0.07321402210023717,-0.012709389211026514,0.0004255760755177957,-0.020427446249420694,0.00379637265508225
2019-04-02,9.356314917025857e-06,0.07321119787896056,-0.012710867583593048,0.0004255961917508578,-0.020413634950742693,0.003796805847521318
2019-04-03,9.348962228882042e-06,0.07321227742487998,-0.012711268328144568,0.00042567297479447624,-0.020409893797918077,0.003797385860120693
2019-04-04,9.374337408989822e-06,0.07321051447877913,-0.012712129084917242,0.00042562784677392836,-0.02040931634788931,0.003797719124819094
2019-04-05,9.378447209215017e-06,0.07320752720923857,-0.012713128696206433,0.0004253386111205447,-0.020432010879438828,0.003797452927228355
2019-04-08,9.366599205418266e-06,0.07320533123664032,-0.012714636745262827,0.00042541595632962655,-0.020401422747048772,0.0037975922834488198
2019-04-09,9.350075269019204e-06,0.07320566917948641,-0.012714743395211487,0.00042519552184028145,-0.020385593423525875,0.003796651606782759
2019-04-10,9.345364100753602e-06,0.07320400460505355,-0.012715860965012383,0.0004252652812191161,-0.020374353188252384,0.0037963381011765617
2019-04-11,9.367110583233184e-06,0.0732000748987989,-0.012717045827948926,0.00042544299731752083,-0.020358796293532697,0.0037967552630384423
2019-04-12,9.39123893913705e-06,0.07319719221773491,-0.012718393036544127,0.000425426164040418,-0.020378229632414632,0.0037968348851417574
2019-04-15,9.360661277441014e-06,0.07319814292182214,-0.012718790458611108,0.0004255113537190132,-0.02038418999948162,0.0037963211941033806
2019-04-16,9.39013826764106e-06,0.07319195530962519,-0.012720054077114486,0.0004255908213374709,-0.020390528301405017,0.0037967206717966114
2019-04-17,9.392645239046649e-06,0.0731855684212651,-0.012721254287253049,0.0004257130315244832,-0.020369901232194107,0.003796909359491869
2019-04-18,9.351645578957208e-06,0.07318996643485641,-0.012722215283647621,0.0004257993566665829,-0.02042165168848413,0.00379731645736421
2019-04-23,9.349188665122433e-06,0.07318589547040005,-0.012723259652596564,0.00042575906024663033,-0.020476984146614266,0.0037971099225670314
2019-04-24,9.309899992338713e-06,0.07318171967207387,-0.012724042043561309,0.00042566922311890437,-0.020461049180146698,0.0037964330771563864
2019-04-25,9.328756268078519e-06,0.07318080067041532,-0.012725227660833682,0.0004255815178604874,-0.020451926607908996,0.003796735288831356
2019-04-26,9.33109930060418e-06,0.07317897909792852,-0.012725649327247577,0.0004255002988385017,-0.020411672514806023,0.0037963472489701603
2019-04-29,9.310064158387008e-06,0.07317520238668378,-0.01272611077040791,0.00042547658105019693,-0.020387069429432747,0.003796186055278396
2019-04-30,9.296714710397636e-06,0.07317591023626337,-0.012727733186595107,0.0004254703839707746,-0.020348334069659246,0.0037965513239203623
2019-05-01,9.31518581697387e-06,0.07317045665121455,-0.01272907288639595,0.00042549742743425915,-0.02034582382628443,0.0037962702814134807
2019-05-02,9.348889343451089e-06,0.07316260630272581,-0.012730140389320207,0.00042542060524098334,-0.02031568526951963,0.0037965288282562105
2019-05-03,9.352194995453393e-06,0.07315979996589653,-0.012730065068842451,0.0004254155661971473,-0.020312058338558592,0.0037972714679165515
2019-05-06,9.323214623412852e-06,0.07315217957213785,-0.012731859484994513,0.0004253292643558742,-0.02031935816293319,0.0037971785333274903
2019-05-07,9.32301451107762e-06,0.07314844014843358,-0.012732815132023904,0.0004253678809856402,-0.020318115418562155,0.0037966379145305557
2019-05-08,9.34675113243784e-06,0.07314761082487112,-0.012733309990157772,0.0004254363442539444,-0.020282078304788995,0.0037963340809808728
2019-05-09,9.302641324614101e-06,0.07314178770886132,-0.01273475464476462,0.00042531105079725133,-0.02029205678695846,0.003796353546358851
2019-05-10,9.310888635727954e-06,0.0731398510583823,-0.012736136963684745,0.0004253090218490481,-0.02030997045955034,0.0037955385797893387
2019-05-13,9.353187025169443e-06,0.07313568980375383,-0.012738250667793773,0.0004252702646647062,-0.02033028335606611,0.0037957119307811403
2019-05-14,9.414997799771737e-06,0.07313534772703467,-0.012739280307046791,0.00042527927399288836,-0.020369869888798978,0.003795364488414774
2019-05-15,9.451881318913791e-06,0.07313285333759031,-0.012740189943710532,0.00042541003461821106,-0.02035567898204045,0.0037952658898236322
2019-05-16,9.455108503552589e-06,0.07313208819225624,-0.012741453728048673,0.0004254958765526546,-0.02036271200292382,0.0037944144193627636
2019-05-17,9.45898796069145e-06,0.07313147365400897,-0.012742382441914652,0.00042549804631419137,-0.020366485958822345,0.0037937142275020117
2019-05-20,9.409061778380782e-06,0.07313523279022982,-0.012742951835146003,0.0004253961237882228,-0.02036601712018779,0.003794252438986845
2019-05-21,9.445072890409774e-06,0.0731313786836444,-0.012743159496480288,0.00042541477232181006,-0.020352415744319285,0.003794374889547968
2019-05-22,9.474906558578313e-06,0.0731311486727314,-0.012744423461395451,0.00042533023175659517,-0.020335947717732644,0.0037942539287078806
2019-05-23,9.535051002086637e-06,0.07312381555674322,-0.01274557944735701,0.00042522158220897617,-0.02031262119341884,0.0037936899098463726
2019-05-24,9.51096323065669e-06,0.07312124432309339,-0.012746585416799343,0.0004251517113566637,-0.020304256177818558,0.003792842342277068
2019-05-29,9.516776913657765e-06,0.07311678295752289,-0.012747281487290638,0.0004251042345723745,-0.020245974621338814,0.003792129158524897
2019-05-30,9.474590319622568e-06,0.07311440425876829,-0.012747520978170503,0.00042500422370638456,-0.020213572558093473,0.003791984890770411
2019-05-31,9.54237115377179e-06,0.07311294249556614,-0.012748278029748756,0.0004250565225875371,-0.02022628551520332,0.0037917698718469475
2019-06-03,9.537021147943206e-06,0.07310915653881317,-0.012748675663190132,0.00042516311068721644,-0.02021307771411343,0.003791656743369576
2019-06-04,9.549965494599119e-06,0.07310825645691094,-0.012749699342245926,0.00042523632998047714,-0.02019990730798113,0.0037919156651566536
2019-06-05,9.509563092737551e-06,0.07310591716046082,-0.012750748003820703,0.00042503852659983023,-0.02021259010291901,0.0037921257668612537
2019-06-06,9.448780476899928e-06,0.0730994973256439,-0.01275119831555212,0.00042519266484085415,-0.02022258365004964,0.0037916343989549766
2019-06-07,9.458325423366981e-06,0.07309232183065499,-0.012751489601096419,0.00042534230107103333,-0.02022986495845258,0.003790914369896344
2019-06-10,9.472185136358142e-06,0.07308740378319033,-0.012752088049513258,0.0004254495902436034,-0.02019292600575759,0.0037913602815868525
2019-06-11,9.470728580227483e-06,0.07308087786692136,-0.012752219491540553,0.00042545413500386174,-0.020200017519858046,0.003791002219341715
2019-06-12,9.443859504299206e-06,0.07307635324471205,-0.012753817435688368,0.0004255429339552635,-0.020217718934789172,0.0037912595189291045
2019-06-13,9.443638499965774e-06,0.07306929504466957,-0.012754354392972279,0.0004255277906209336,-0.02019071684709786,0.0037913313722720667
2019-06-14,9.489904946059538e-06,0.07306749459927885,-0.012755122032183167,0.00042532328354234934,-0.020177767225963636,0.003791395815363463
2019-06-17,9.479985134116327e-06,0.07305945625412724,-0.012755178760470727,0.00042525216092298564,-0.020162849324254578,0.0037916366804416684
2019-06-18,9.445159728045476e-06,0.0730585218538447,-0.012756052404277917,0.00042518881927070646,-0.020122144209809983,0.0037909706489599937
2019-06-19,9.426244184814825e-06,0.07305955637659214,-0.012756896988319241,0.00042520799665500314,-0.02009286988157423,0.003790842212742491
2019-06-20,9.38886500680956e-06,0.07305142019857856,-0.01275789075819429,0.0004250775020493547,-0.020058440689949372,0.0037908865180286046
2019-06-21,9.375223471746314e-06,0.07304853891440914,-0.01275773989551497,0.00042508797078963205,-0.020047291733113037,0.003791090928890569
2019-06-24,9.333209912353545e-06,0.07304234165914639,-0.012758535178234283,0.00042514622991750815,-0.0200611899625152,0.0037917075919381513
2019-06-25,9.325547525741918e-06,0.07303716176953001,-0.012759403786750485,0.0004252418676355921,-0.020052095732208466,0.003791324253240981
2019-06-26,9.3254606368234e-06,0.07303091611118771,-0.01275969396753699,0.0004252747973013284,-0.020047618053362276,0.0037910715702552953
2019-06-27,9.345686103484816e-06,0.07302864130794734,-0.012760709560289643,0.0004253614779903441,-0.020034976952924957,0.0037899486396812355
2019-06-28,9.381293418156373e-06,0.07301980595109768,-0.012761970939265338,0.00042550297107394903,-0.020047394769524482,0.003789399514438463
2019-07-01,9.370515410979494e-06,0.07301875086838569,-0.012762919621831298,0.0004255086146419374,-0.0200366160540372,0.003789750697508201
2019-07-02,9.3685151699482e-06,0.07301747402707612,-0.012763820663127333,0.00042551602847191777,-0.020060895504228196,0.003789609899615654
2019-07-03,9.369869437752653e-06,0.07301870359615713,-0.01276439731621526,0.00042553396502238,-0.020020098906721573,0.003789470303369377
2019-07-08,9.337921489836851e-06,0.0730116725224526,-0.012764840943362336,0.00042549420333427726,-0.02001663203143167,0.003789664117948722
2019-07-09,9.318724694491423e-06,0.07301138146383147,-0.01276658435075609,0.0004254957316235019,-0.02004741922228008,0.0037892818956316073
2019-07-10,9.36529096904476e-06,0.07300395867077421,-0.012767148508165875,0.0004254824265232526,-0.020052668995588593,0.003789153257363375
2019-07-11,9.388688286523735e-06,0.07300415741489005,-0.012768130920610384,0.00042561539750873444,-0.020053528921347957,0.0037895901833045354
2019-07-12,9.35284376479874e-06,0.07299632190053684,-0.012768549762000467,0.00042564560668078774,-0.02004789754738484,0.0037899486781092385
2019-07-15,9.374426005283277e-06,0.07299395179912435,-0.012769401780287851,0.0004256581494396477,-0.020017661903913644,0.0037894979866938986
2019-07-16,9.353114763299778e-06,0.07299133015840564,-0.012769436894393473,0.00042579714341961386,-0.020003361456872384,0.003789731572267643
2019-07-17,9.34005919663421e-06,0.07299037214202868,-0.012770771997640575,0.0004258380406877085,-0.01998868128471651,0.0037895096856230227
2019-07-18,9.301129550631098e-06,0.07298803592974192,-0.012771386173515233,0.00042596654363479306,-0.01995982668551162,0.003789122144578977
2019-07-19,9.354906111704893e-06,0.07298293773633976,-0.012772943691627243,0.0004257130371759908,-0.019945640477532722,0.003788450764767487
2019-07-22,9.367585898569915e-06,0.07297865819852366,-0.012773432988517793,0.00042578003722982703,-0.01990571782716305,0.00378789060151222
2019-07-23,9.386019626583204e-06,0.07297707120608186,-0.012774229377073119,0.0004257944801169803,-0.019942727711341035,0.003787661651414288
2019-07-24,9.44013176747992e-06,0.0729731966403435,-0.012775171499631808,0.0004258153999138983,-0.01994363877628126,0.0037869104716089213
2019-07-25,9.481076050707235e-06,0.07297157072797583,-0.012776174801049702,0.00042574511671976607,-0.01994717189871989,0.003787712917237598
2019-07-26,9.489375640090665e-06,0.07297204847990045,-0.012776695269432885,0.00042574671260249867,-0.019974582948570463,0.003788237739793657
2019-07-29,9.550572166651205e-06,0.07296953531058939,-0.012777323630035014,0.00042582076061243115,-0.019950155371421682,0.0037887889192176325
2019-07-30,9.506466173365969e-06,0.07296946972660882,-0.01277870380035354,0.0004258950088188334,-0.019914475125162548,0.003788595949491079
2019-07-31,9.569036300614955e-06,0.07296882234714536,-0.01277929664894432,0.0004258214029069652,-0.01990444608595629,0.0037875172328882757
2019-08-01,9.532170568183333e-06,0.07296803359542274,-0.012780783340930857,0.00042564776327090766,-0.019881640222500524,0.003786611153686165
2019-08-02,9.512711894226064e-06,0.07296325980808174,-0.012781873191568384,0.00042563466778704206,-0.01981205442232742,0.003787164721270036
2019-08-05,9.499721938672904e-06,0.07296012464689168,-0.012782739545352877,0.00042554045120752053,-0.019821414253650235,0.00378657257276824
2019-08-06,9.47660682850768e-06,0.07296541506108725,-0.012783916327689902,0.0004255020249363448,-0.01980732473716118,0.00378472051383192
2019-08-07,9.45066977916407e-06,0.07295986313057681,-0.01278433102177676,0.00042564752770185587,-0.019801008441282464,0.00378400219764782
2019-08-08,9.454483837247293e-06,0.07296137080942248,-0.012785147527941984,0.000425576332103516,-0.0198185521097147,0.0037831120017668253
2019-08-09,9.470901439233699e-06,0.07296039335361068,-0.012786126916641598,0.0004254370396976969,-0.019809624896968497,0.003782517512132461
2019-08-12,9.484342452111501e-06,0.07295818384926549,-0.012786841827474289,0.00042541839843321264,-0.01981285952773218,0.0037812170646335723
2019-08-13,9.518310221178877e-06,0.07295903761076884,-0.012787936794811812,0.00042539808119396855,-0.019774875243782575,0.0037796481332567503
2019-08-14,9.537578009223248e-06,0.07295214308430517,-0.012788151636517767,0.0004254785073686863,-0.019705481092609403,0.003778316942323599
2019-08-15,9.511077986023656e-06,0.07295432462225412,-0.01278879488741223,0.00042536840855937315,-0.019732095142185463,0.003778359184243945
2019-08-16,9.591738692240877e-06,0.0729550654333789,-0.012789806245350708,0.00042524401974345304,-0.019720559433896112,0.003777617289532436
2019-08-19,9.665787726738693e-06,0.07295557557114159,-0.01279125866388936,0.0004252180438246752,-0.019702623151519827,0.003776701361049634
2019-08-20,9.697161011693018e-06,0.07295446787837838,-0.01279204789762289,0.0004252005382998432,-0.019716993074720565,0.003775890004255725
2019-08-21,9.691544535602155e-06,0.07295668870715404,-0.012792045431068185,0.00042522176150052826,-0.01974968456716092,0.003774640253595943
2019-08-22,9.680101436286158e-06,0.07295472248261821,-0.012793371209633794,0.00042516972089298103,-0.01972769999146537,0.003774138332718528
2019-08-23,9.769608290944546e-06,0.07295869133078799,-0.012795201154844952,0.0004250057209413546,-0.019733450863996027,0.003773520835364852
2019-08-26,9.771477625821176e-06,0.07296814692338847,-0.012795395255548101,0.00042501832044370086,-0.019715684214756793,0.003772573987388791
2019-08-27,9.838678880152136e-06,0.072970914009795,-0.012796028024464175,0.0004250941417280309,-0.019693273873472597,0.0037718858977215195
2019-08-28,9.85849441840723e-06,0.07296909350585772,-0.012797100408913506,0.0004251155032044321,-0.0197101728425874,0.0037703118812954664
2019-08-29,9.890683477940045e-06,0.0729713975771224,-0.012798743855616676,0.0004250459627494676,-0.019710498900462572,0.003768727506260891
2019-08-30,9.892409979630424e-06,0.0729730932111457,-0.012798979040181083,0.00042514910449373766,-0.019670798022212152,0.0037673659908288425
2019-09-04,9.956852650086018e-06,0.07297029869868088,-0.012799910696807734,0.00042512883357806864,-0.01965622585220049,0.0037661683321982666
2019-09-05,9.984401754995392e-06,0.07297252244975445,-0.012801247570844864,0.0004248184011750938,-0.01966927146316351,0.0037656297176043444
2019-09-06,1.0030517050407003e-05,0.07297386934970725,-0.012802006162837326,0.00042467621891470735,-0.019669443066014883,0.003764323848004955
2019-09-09,1.008901655510999e-05,0.07297875377418551,-0.012803350160075179,0.00042468680508833895,-0.019634051992392196,0.0037635444769364415
2019-09-10,1.0137750299497162e-05,0.07298000567487951,-0.012804107488800698,0.0004245840810188996,-0.019599730465522977,0.0037634047852034107
2019-09-11,1.0141176780507249e-05,0.07297582300875313,-0.0128051006719287,0.00042455010672139875,-0.019619271694675963,0.003762556106451197
2019-09-12,1.0137394071379628e-05,0.07297559252171645,-0.012806777967824215,0.0004243276813902956,-0.019579102980638696,0.0037611850977627695
2019-09-13,1.0188301116583699e-05,0.07297241952295247,-0.012807525226910811,0.00042417970587050745,-0.019542123918978055,0.0037596604066362964
2019-09-16,1.0240499348307709e-05,0.07297647503274521,-0.012808239819620898,0.00042432126808284246,-0.019540415320158877,0.003758717928358154
2019-09-17,1.026764513022893e-05,0.07297483916332255,-0.012809108326950086,0.00042426419738881226,-0.019541721337760443,0.0037589967952665576
2019-09-18,1.0300466355918353e-05,0.07297953483132803,-0.012810493604617019,0.0004243213678558973,-0.019524023465831708,0.003758025722457311
2019-09-19,1.0308971518959312e-05,0.07298246472718686,-0.012811526220416078,0.00042452851730945967,-0.019514072806616337,0.0037570768650485786
2019-09-20,1.0326968045453513e-05,0.07298642782345986,-0.012813382654725992,0.0004246030420975527,-0.01951636608976917,0.003756281496946522
2019-09-23,1.0402460139513799e-05,0.07298439537273374,-0.01281431332310495,0.0004245751436283221,-0.019538965640833073,0.003755020492258964
2019-09-24,1.0427872021932704e-05,0.07298456825283134,-0.012815021120912923,0.0004244822358424353,-0.01951092858144253,0.0037539848495961167
2019-09-25,1.0463134492216068e-05,0.07298000832198136,-0.012815859801417286,0.00042430357807621635,-0.01950354449803754,0.0037527377179657094
2019-09-26,1.0513921023951576e-05,0.07297474380026311,-0.012816120073998188,0.0004242215522359353,-0.01946445690858971,0.003751730684587253
2019-09-27,1.0547144673149633e-05,0.07297771937376404,-0.012817939794549933,0.000424227687999784,-0.019465106967708173,0.0037514171946590675
2019-09-30,1.0584227622258179e-05,0.07298461175445313,-0.01281895300913091,0.00042425877131974316,-0.019447305205657142,0.0037502195809941074
2019-10-01,1.0652649168647893e-05,0.07298449471922006,-0.01281985672731159,0.00042416865588472885,-0.019471664489914303,0.0037491963502220126
2019-10-02,1.0672070598246239e-05,0.07298443679938346,-0.012820660727213974,0.0004242168680493412,-0.019501588859313856,0.0037486450739000407
2019-10-03,1.0688022866869385e-05,0.07299016315251407,-0.012821459244263072,0.00042413188110241055,-0.019482932855654042,0.003747727646682147
2019-10-04,1.0760303219457381e-05,0.07298946856705497,-0.012823134565362089,0.0004239726028112809,-0.019464932415592662,0.0037469335737994863
2019-10-07,1.0736307362168554e-05,0.07298717743460945,-0.012823720116613148,0.00042412148602183743,-0.01947562403726505,0.0037457910919528317
2019-10-08,1.0805466876822077e-05,0.07299133461939637,-0.012824182587037766,0.00042418340750254014,-0.019510898466655505,0.0037442514404552475
2019-10-09,1.0814463848830909e-05,0.072993681644204,-0.012824962598185248,0.00042406247946585277,-0.01949561648538821,0.003743481644980824
2019-10-10,1.0838566770048232e-05,0.07299927929846858,-0.012825834878518431,0.0004240674102742127,-0.019492888823174404,0.003742128757368321
2019-10-11,1.0893777301152879e-05,0.07299552661086799,-0.01282794246108533,0.00042389905187003554,-0.019507101537669755,0.0037415505680785457
2019-10-16,1.0865798773927493e-05,0.07300112278282825,-0.01283002092232517,0.0004238043074354592,-0.019515123601142423,0.0037404293485458606
2019-10-17,1.0907794789029928e-05,0.07299934536836875,-0.012831651286646597,0.00042386555682129225,-0.01950445853907161,0.0037398554878379777
2019-10-18,1.09562554434856e-05,0.0730018429272063,-0.012831998367263226,0.0004237217037600566,-0.019523695301941618,0.0037392574874125844
2019-10-21,1.0985058636932906e-05,0.07299872649790773,-0.012833264960574586,0.00042382185937806546,-0.01951361335438548,0.0037384202976896907
2019-10-22,1.1003411594818317e-05,0.07300078313489851,-0.012834403334077317,0.00042377435189270283,-0.019513395747422155,0.0037384398631426776
2019-10-23,1.10137490853335e-05,0.07299543980332646,-0.012836341729376406,0.00042377735316203083,-0.01947110659880877,0.0037378597500893817
2019-10-24,1.106762702988977e-05,0.07299710087052551,-0.012837213470232893,0.00042370574108327333,-0.019454217036957183,0.003736473995149428
2019-10-25,1.106314952889175e-05,0.07299676517922872,-0.012838343718237435,0.0004236718490765105,-0.019455982504307953,0.0037359351072229936
2019-10-28,1.1077745934851894e-05,0.07299357676147905,-0.012839727011156783,0.0004237132530600866,-0.01943953398791816,0.0037350355881769167
2019-10-29,1.1114723504518966e-05,0.07299381864403068,-0.012840535766815674,0.0004235793116826865,-0.01942064096822166,0.0037350990822318233
2019-10-30,1.1129747082493208e-05,0.07299342228667752,-0.012841885329362276,0.00042373567413396724,-0.019411966137152778,0.0037332333276578504
2019-10-31,1.1063909942934016e-05,0.07299696611816096,-0.012842822366595997,0.0004237855875739733,-0.019390126894755624,0.003732650702419059
2019-11-01,1.1098767989514534e-05,0.07299771843276534,-0.012844170366912974,0.0004237479533348419,-0.019374611593758126,0.0037314034053320356
2019-11-04,1.112325091825401e-05,0.07300159311322714,-0.012845141279989142,0.0004235568765631818,-0.01938811047888804,0.0037303337833626024
2019-11-05,1.113181882574046e-05,0.07301007644278434,-0.012846487687566407,0.00042348506181659354,-0.019371873956368732,0.003729351609985567
2019-11-06,1.106539659912083e-05,0.07301091480246648,-0.01284814120919479,0.00042344484259477155,-0.019379980159754187,0.0037294913657768243
2019-11-07,1.108667720543414e-05,0.07300762860190738,-0.012849425517807822,0.0004234215889410089,-0.019383855588061757,0.0037287943546508717
2019-11-08,1.1087947237688932e-05,0.0730112009225659,-0.012850267832978548,0.00042349800691986335,-0.01941231916000627,0.003728474408726595
2019-11-13,1.1134520365811508e-05,0.07301123063804937,-0.012850370352305428,0.0004235280059907532,-0.01941583896641394,0.0037282737931289335
2019-11-14,1.1171394962205308e-05,0.07301404383911236,-0.01285099131310357,0.0004234472064792549,-0.01943543776011626,0.0037278772724527163
2019-11-15,1.1174448365445329e-05,0.07301536370229676,-0.012852325511485817,0.0004234321831417166,-0.019461172608691527,0.0037272697361793615
2019-11-18,1.1207009042622678e-05,0.07301224161039443,-0.012852932800065432,0.0004232452575975474,-0.019444151314737798,0.003726967012282659
2019-11-19,1.1221425792449455e-05,0.07300737429156424,-0.012854730493519878,0.00042318231027414603,-0.019443000703334795,0.003726609453540714
2019-11-20,1.1261954405104521e-05,0.07300631114205723,-0.012855673670408534,0.0004231261927072329,-0.019439522747601926,0.0037251538178550876
2019-11-21,1.1267559513620167e-05,0.0730102332009648,-0.012856565508957453,0.00042320920256011985,-0.019436890911791543,0.0037247510700266183
2019-11-22,1.1270651613972895e-05,0.0730102868395978,-0.01285798699458216,0.0004231349365762338,-0.019426761570073392,0.003723818450875107
2019-11-25,1.1274295283715367e-05,0.07300903219788141,-0.012859183910368695,0.0004231893719675293,-0.01940103555898444,0.0037231757602963836
2019-11-26,1.1290134714986557e-05,0.07300987354206236,-0.01286033395830615,0.0004231583248997799,-0.0193591161116487,0.0037218623647956826
2019-11-27,1.1281771689670894e-05,0.07300987136343393,-0.012861545081202101,0.00042313051834259874,-0.01934849230770548,0.00372118102385098
2019-12-02,1.128855902549471e-05,0.07301362508015613,-0.012862318182595684,0.00042309816521498927,-0.019330534598955756,0.0037204653142634816
2019-12-03,1.1287924811052827e-05,0.07301027362286712,-0.012863651153984258,0.00042309246811114904,-0.01931541331913235,0.003719323526785604
2019-12-04,1.1314788894256121e-05,0.07300983541068537,-0.012864257275965239,0.00042318646929390136,-0.019287766436857257,0.0037184821266066327
2019-12-05,1.1337920358495826e-05,0.07300922778803871,-0.012866003523803519,0.0004230924702042741,-0.019279354410391455,0.003717807278908941
2019-12-06,1.1354522451608045e-05,0.07300977168810989,-0.012867399883079061,0.0004230050109769448,-0.019265031680157807,0.0037160747528311644
2019-12-09,1.1409812170482897e-05,0.07301141435134835,-0.012868792415203612,0.00042287256202855653,-0.019254604305005404,0.003715460174459127
2019-12-10,1.1435410754466086e-05,0.07301553688602402,-0.012869801794477675,0.00042281499995959905,-0.019204350544662324,0.0037142654212336196
2019-12-11,1.1460141630023995e-05,0.07301324003972268,-0.012870940011530649,0.0004228275413202784,-0.019201059689096855,0.003712780929624948
2019-12-12,1.1524401510874251e-05,0.0730152872178808,-0.012871829780752152,0.00042274522632467057,-0.019191983257169837,0.0037108620706369838
2019-12-13,1.1543782776694017e-05,0.07301856984524033,-0.012873529139844079,0.00042288228027413763,-0.019179051121388055,0.003709780784516656
2019-12-16,1.1511335947230367e-05,0.07301929018279778,-0.012875414779847981,0.0004229804520409922,-0.0191588318682758,0.0037079815937027375
2019-12-17,1.1559518116838904e-05,0.07301715760080013,-0.012877090668562853,0.00042297960702442983,-0.01914941054865131,0.0037069236867056025
2019-12-18,1.1546127931587525e-05,0.0730216424756858,-0.012878003421307705,0.0004229233645462894,-0.019154827833419777,0.003706747135854153
2019-12-19,1.152057702102067e-05,0.07302204610547768,-0.012879530181468778,0.00042293276211930234,-0.019147770945997955,0.003706324258280438
2019-12-20,1.1501894975546849e-05,0.07302416054771996,-0.012880757679005263,0.00042274475956916306,-0.01915018978362354,0.0037057957648409332
2019-12-23,1.152252199129447e-05,0.07302185755338629,-0.012881155276743292,0.0004226106318280632,-0.01909051489356886,0.0037045271720171488
2019-12-24,1.1530048548311143e-05,0.07301914821228868,-0.01288232194707051,0.0004226956955472362,-0.01908668133751064,0.00370433999117254
2019-12-27,1.1563730301266493e-05,0.0730164443070202,-0.012883204090364645,0.00042278098299150654,-0.019104669703224816,0.003702926067687082
2019-12-30,1.153794489977032e-05,0.07301653285585306,-0.012884687934476958,0.0004227549437196904,-0.019110618981230024,0.003701707856388937
2019-12-31,1.154520621782809e-05,0.0730140129486865,-0.012886242236796146,0.00042272071640218976,-0.01911900225357288,0.0037002115536114545
2020-01-03,1.1538997149911141e-05,0.07301623409723497,-0.012887696288425505,0.00042278222616323334,-0.019070913587055385,0.0036994156019753573
2020-01-06,1.1518163138407223e-05,0.07302231518683935,-0.012889409157219152,0.0004227796050753213,-0.019037373469241253,0.0036984346357014208
2020-01-07,1.152506885424641e-05,0.07301666205018682,-0.0128910415412288,0.000423001451791247,-0.019022305111001114,0.0036972421143710603
2020-01-08,1.152069992253124e-05,0.0730178940914655,-0.012892536045735205,0.0004230092730540528,-0.019049471884754657,0.0036955988495947596
2020-01-09,1.1536328845811265e-05,0.07301710911364012,-0.012894387902508058,0.00042312966491824943,-0.019036555071665018,0.003694662526399499
2020-01-10,1.1556124692509298e-05,0.07301636843020301,-0.012896004127039281,0.0004230740517930454,-0.019023426285810455,0.003694126169283841
2020-01-13,1.1550556591174093e-05,0.07301604779376236,-0.012897849023420756,0.00042299461354260105,-0.019004368248261863,0.0036925861830113815
2020-01-14,1.1564154494896937e-05,0.07301673411621068,-0.012898842650721193,0.0004231340365944517,-0.018988174952388692,0.0036908784298890413
2020-01-15,1.156509534298717e-05,0.07301812950690179,-0.012899636858762675,0.0004231924834571326,-0.018982999933709457,0.003689130888372208
2020-01-16,1.1543037105274509e-05,0.07301912645514241,-0.012899819308847097,0.000423257025676393,-0.018985651436023737,0.0036879620377166765
2020-01-17,1.1611805636360474e-05,0.07302122382488449,-0.012901147356567309,0.00042308161168563027,-0.019026639075914453,0.003686504346005581
2020-01-22,1.165791183094937e-05,0.07301906125381183,-0.012902405711087498,0.00042305634420367045,-0.01906070685749861,0.0036867281409313727
2020-01-23,1.1654822074508666e-05,0.07302049743653319,-0.012903506742174923,0.00042311919499759783,-0.01905189435704098,0.0036867580671939007
2020-01-24,1.1640693438395359e-05,0.07302304387656999,-0.012904744322413137,0.00042315383602169524,-0.019055751954475675,0.00368571690572233
2020-01-27,1.1662102771181117e-05,0.07302616010170757,-0.01290605743598379,0.0004231477072229769,-0.019044285950888584,0.003684947711679159
2020-01-28,1.164497681312763e-05,0.07303254961812834,-0.012907622033318349,0.00042312810919117167,-0.019016206757808504,0.0036832993222667455
2020-01-29,1.1740662001167974e-05,0.0730320134943225,-0.012908721413094616,0.0004232239755735332,-0.018964294057389947,0.00368165194403818
2020-01-30,1.1753394179564377e-05,0.0730335408416907,-0.012909564188944615,0.00042332888916855025,-0.018962329169741124,0.003680560762962049
2020-01-31,1.1758804775163033e-05,0.07303381929193666,-0.01291044239874107,0.0004233101241401698,-0.018942454295412955,0.0036789356492958223
2020-02-03,1.1735781129715823e-05,0.07303928040130092,-0.012910915888665341,0.0004233065151652101,-0.01892986625208884,0.00367783695890062
2020-02-04,1.1743693698218645e-05,0.07304259213067171,-0.012911937787404928,0.0004233818067396699,-0.018893735922194413,0.003676818952934508
2020-02-05,1.1762949556399453e-05,0.07304801071071665,-0.012912648340035327,0.00042336156279132193,-0.018872437837576653,0.003675596519767801
2020-02-06,1.1779134421933542e-05,0.07304915702366281,-0.012913429610446234,0.0004232683429319508,-0.01886781113092638,0.0036745472294639377
2020-02-07,1.1850943594189794e-05,0.0730486410167857,-0.012914285228010377,0.0004232318818803073,-0.018879881186007128,0.003672772960539249
2020-02-10,1.1836582549199106e-05,0.07305250121091039,-0.012915293170229382,0.00042310739406556017,-0.018858798761384632,0.0036700667815993786
2020-02-11,1.1851951358882764e-05,0.07305445946178758,-0.012916353024277993,0.0004231179927665764,-0.018860886104238667,0.0036686262968657
2020-02-12,1.1838907133158186e-05,0.07305992731826995,-0.012917456288989635,0.000423288563569829,-0.01886399425133685,0.0036658887058572814
2020-02-13,1.1852899469459914e-05,0.07306264361651583,-0.012918805868711294,0.0004232209603437641,-0.01885302213367933,0.003664106069004581
2020-02-14,1.1847476825554149e-05,0.0730647432556982,-0.012919680377125346,0.0004229913378380743,-0.01889498845535649,0.0036630232722760126
2020-02-19,1.181818475505323e-05,0.07307062075026599,-0.012920056712687016,0.0004230451615034363,-0.018865654800730214,0.003661863179658166
2020-02-20,1.1857322420894039e-05,0.07307246403428563,-0.012921755797560767,0.0004231475556927938,-0.018821766849488067,0.0036604828002864283
2020-02-21,1.1874030938824177e-05,0.0730766263130952,-0.012922471883361415,0.0004231305593277916,-0.018826144546007437,0.0036587001322530765
2020-02-24,1.1890616150850647e-05,0.0730825715840674,-0.012923577229579227,0.0004230007974765496,-0.01878289755628143,0.003656397334556524
2020-02-25,1.1908168654798388e-05,0.07308471777344883,-0.01292425771626238,0.000422882133908662,-0.01878999022366512,0.0036551695978555027
2020-02-26,1.1941915124856847e-05,0.07308624743148379,-0.012925225832710677,0.0004228087641503941,-0.01881531981489215,0.0036536675503673543
2020-02-27,1.1950955258562524e-05,0.07308800978649072,-0.012926363088142679,0.0004228343675060143,-0.018828333563393654,0.0036516224143633563
2020-02-28,1.1947535665933281e-05,0.07309199111790937,-0.012926992033255228,0.0004228285292689545,-0.018774999949652496,0.0036500262446119026
2020-03-02,1.19372508708823e-05,0.0730953542034356,-0.012928022704400797,0.0004227810889481118,-0.018749735884399557,0.0036478738164608805
2020-03-03,1.1947578644879665e-05,0.0730937505657892,-0.012929038997337047,0.0004227827156489249,-0.018747491162986407,0.003646016267933221
2020-03-04,1.1950001015474318e-05,0.07309633599326504,-0.012929850110833897,0.00042283904853621275,-0.018735277863214023,0.003644027444891747
2020-03-05,1.1983590129373248e-05,0.07310648612875836,-0.012930894435801428,0.00042300564886249906,-0.018761235203766713,0.0036420844785965438
2020-03-06,1.1997439105360065e-05,0.07311479499949905,-0.01293202120935424,0.000422908862322197,-0.01874894286789175,0.0036397963130474203
2020-03-09,1.1970397323583521e-05,0.07311703848196474,-0.012933033825378814,0.00042300208271223746,-0.01875988760048529,0.0036382299617651577
2020-03-10,1.1957981055850931e-05,0.07312583294414148,-0.01293345427084759,0.0004230119241492987,-0.018802230923007507,0.0036364042252367878
2020-03-11,1.1966116318136032e-05,0.0731308399585379,-0.012934296832905654,0.0004229004498291602,-0.018764913662802918,0.0036344939665081287
2020-03-12,1.1951754087128876e-05,0.07313373833275041,-0.01293498293442055,0.00042289314219929653,-0.018763043013012196,0.0036319934562043937
2020-03-13,1.198976385062801e-05,0.07313751222393562,-0.012935620012806568,0.00042282699480317295,-0.018769468201075334,0.0036299392509007494
2020-03-16,1.2013469478782966e-05,0.07314631510419783,-0.012936387243415264,0.0004229171017962586,-0.018721527116740647,0.0036279690003558386
2020-03-17,1.1986069941554288e-05,0.07316302252799835,-0.012937160688807387,0.00042283558240809873,-0.01871428984401398,0.0036249841902420378
2020-03-18,1.201462315665781e-05,0.0731709422814067,-0.012937893038633862,0.0004228043778668907,-0.01869279346694279,0.0036218620792995556
2020-03-19,1.1980825685202045e-05,0.0731854132394782,-0.012937211879193394,0.00042277561947057273,-0.018653019537456864,0.0036193566930306695
2020-03-20,1.1995683961132044e-05,0.07319255934785307,-0.012938024003227848,0.000422806169606653,-0.018633709992250475,0.0036168309244302014
2020-03-23,1.1991248791667322e-05,0.07320878572757193,-0.012937973958313835,0.0004228256198984965,-0.018597381983321767,0.003613783667513328
2020-03-24,1.2007231573002834e-05,0.07322353840776001,-0.012937644036107233,0.00042277365524775903,-0.018596416004407312,0.003611274274469713
2020-03-25,1.2052239768748298e-05,0.07323826167976448,-0.012936833932189236,0.00042290034096725956,-0.018599117778086427,0.0036087005976502195
2020-03-26,1.2031684200874363e-05,0.07324848756419883,-0.01293685451326331,0.0004227714729723907,-0.018574314943029246,0.003606187401731616
2020-03-27,1.2080159619659537e-05,0.07326281224003553,-0.012937039012437658,0.00042277642418695393,-0.018565125482205097,0.003603393779640603
2020-03-30,1.2077013914758478e-05,0.07327566308527922,-0.012937704022125433,0.0004229030262771394,-0.018567995089583136,0.003600792976424255
2020-03-31,1.2047560476426502e-05,0.07328290962398637,-0.012937926969842185,0.00042291334366125475,-0.018588366403573475,0.0035986495565918353
2020-05-01,1.2057339566526803e-05,0.07329113394725106,-0.012938015141703696,0.00042298295587200766,-0.018557211596606393,0.0035957603538371097
2020-05-04,1.2097318603656549e-05,0.07330208671089038,-0.012937535105235546,0.00042306499807341516,-0.018582537984148592,0.0035922805392437
2020-05-05,1.213171223635252e-05,0.07331643498313078,-0.012937912381219262,0.0004230156532724396,-0.018602281688490832,0.0035886491753357895
2020-05-06,1.2125671105148663e-05,0.07333024537360534,-0.012938044225026174,0.00042290420643523326,-0.01861305274255884,0.0035865575097609372
2020-05-07,1.2099527270837744e-05,0.07333882230943724,-0.012938020861973083,0.0004229104969227487,-0.018627806114017195,0.003583406005613795
2020-05-08,1.2125195666589088e-05,0.07335308862999425,-0.012937665717167474,0.0004228805075659317,-0.01867207000064855,0.003581054676320793
2020-05-11,1.2120355348344472e-05,0.07336139667422864,-0.01293749054318044,0.00042279411563823975,-0.01872675122775483,0.003578630423809545
2020-05-12,1.2084683563697414e-05,0.07337642712183474,-0.012937651000986301,0.0004227972157269936,-0.018741396781037367,0.003576137698414245
2020-05-13,1.2090690547987188e-05,0.07339255262577714,-0.012937577499003218,0.0004226564467992867,-0.01874828866806358,0.0035736944684559725
2020-05-14,1.2151891705625801e-05,0.07341225610100995,-0.012937313926197474,0.0004225061468967428,-0.018706874442740717,0.0035708828565087125
2020-05-15,1.2192969236764627e-05,0.07342631723804635,-0.012937493965902248,0.00042262857147122373,-0.018741176800767367,0.003568341718396214
2020-05-18,1.2187373780770018e-05,0.07343426085577025,-0.012938043107213278,0.0004227268796713425,-0.01874417843006576,0.0035649698821096617
2020-05-19,1.220980485959792e-05,0.07345055787608303,-0.012937633338462783,0.0004226154158446612,-0.01871342938101031,0.0035623441400323397
2020-05-20,1.2299936302387116e-05,0.07346022202193311,-0.01293810586345677,0.0004226021531789911,-0.018721735572469644,0.0035595998408930437
2020-05-21,1.232422984648802e-05,0.07347450543234842,-0.012937437065783045,0.00042256265966461083,-0.018731875615123378,0.003556643207548231
2020-05-22,1.2381522169193642e-05,0.07348875455923921,-0.01293781982007771,0.00042263196376188434,-0.01873675922070249,0.0035542535663035096
2020-05-27,1.2387431937566201e-05,0.07350339472143755,-0.012937578101108764,0.0004227261397644743,-0.01872934415617218,0.0035515881133841034
2020-05-28,1.2407264280467524e-05,0.07352032402533977,-0.012938101024324293,0.00042285578741253695,-0.018702197284725497,0.003549740388048699
2020-05-29,1.2385400560182717e-05,0.07353013662912186,-0.012938902939589186,0.00042297660576908424,-0.018678184029918846,0.0035462813760722004
2020-06-01,1.2376546929381495e-05,0.07354956280534543,-0.012939590673325854,0.0004230870749933539,-0.01866296754059639,0.003543066034069973
2020-06-02,1.2363800903018171e-05,0.07356074873214506,-0.012940203440222134,0.0004231856344882833,-0.01866178405503617,0.00354055159582135
2020-06-03,1.2376010321928647e-05,0.0735717625414938,-0.012939652365213074,0.00042329956027825914,-0.018643959829127713,0.0035378779027501533
2020-06-04,1.2313607283994199e-05,0.07358099889612771,-0.012940012137781724,0.0004234086549577083,-0.0186376176246192,0.003535320553897405
2020-06-05,1.2252158266668628e-05,0.07359121817230035,-0.01294127951773013,0.00042344654644235,-0.018663609470370032,0.0035318596630026892
2020-06-08,1.2276368397837073e-05,0.07361050500342309,-0.012942231627629532,0.00042349128065312586,-0.018657413083371224,0.003529119019552912
2020-06-09,1.2256468359158205e-05,0.07362385508910368,-0.012942769815582933,0.0004233841839034136,-0.01867591741503856,0.0035264151626467786
2020-06-10,1.2259677629163467e-05,0.07363832677182568,-0.01294317151481556,0.0004233603640508498,-0.01867321742389534,0.0035242827643758422
2020-06-11,1.2216413581479617e-05,0.07365018799386537,-0.012943340234349827,0.00042344464488476216,-0.018683046077182935,0.003521619081106065
2020-06-12,1.2275123437581635e-05,0.07366818910898232,-0.01294453677656568,0.0004233399015948861,-0.018653106966601538,0.0035188957510287914
2020-06-15,1.2247386065074921e-05,0.07367993191197189,-0.012943908173103796,0.0004232511986904441,-0.018656519358864004,0.0035147796519655727
2020-06-16,1.2233231515426543e-05,0.07369359164781729,-0.012944200458008103,0.00042328636074205996,-0.018673509999824298,0.0035112528499229006
2020-06-17,1.2259183693370037e-05,0.07370882703680816,-0.012944366909935718,0.000423243778915698,-0.018652284447708972,0.003507415940171978
2020-06-18,1.2265776115702798e-05,0.07371825465450878,-0.012944128427927816,0.00042341396312909393,-0.018644596423457824,0.0035037464969301943
2020-06-19,1.2268413131073173e-05,0.07373182256339808,-0.012943959460633023,0.00042324910433756246,-0.018650786924313517,0.003499865294872371
2020-06-22,1.2308761184818211e-05,0.07374737960104347,-0.012943870835660152,0.0004231486433739347,-0.018634429705562422,0.003496975807126253
2020-06-23,1.2291063233129963e-05,0.07375977311589439,-0.012943611725014808,0.0004230811040701099,-0.018624912859172907,0.003494213320871095
2020-06-24,1.2312806837418383e-05,0.07377176450544715,-0.012943245152887752,0.0004231017070005403,-0.01861246572766133,0.003491401725736528
2020-06-25,1.2352784903455144e-05,0.07378498456855595,-0.012944018026431813,0.0004230179182569319,-0.018621707781774036,0.0034886016801026886
2020-06-26,1.2348158352158085e-05,0.0737961182608169,-0.01294410342016547,0.0004231172986439352,-0.01859803548127642,0.0034856637404878286
2020-06-29,1.2320467764621664e-05,0.07380870914078068,-0.01294376039653359,0.0004230214896796502,-0.018627362189561916,0.003482544451873103
2020-06-30,1.2378481260728828e-05,0.0738188959365849,-0.012943720326242147,0.0004229687725519738,-0.018622439411922417,0.0034786442720043695
2020-07-01,1.2361950526615723e-05,0.07383034875170802,-0.012944520514305129,0.0004228302252812403,-0.018603612669763347,0.0034756801146961437
2020-07-02,1.2389656223447658e-05,0.07384119768985448,-0.01294471621762686,0.0004229721105851415,-0.018599934445149263,0.003473589198121851
2020-07-07,1.2360151450908425e-05,0.0738588193160698,-0.012944974615584496,0.00042294592445701884,-0.018586449484199505,0.0034701845850849023
2020-07-08,1.2366676102687206e-05,0.07386875543696561,-0.012944622029922822,0.0004228784617616038,-0.018556645277155226,0.003467596279313868
2020-07-09,1.2374737692074243e-05,0.07388721584727428,-0.012944236541879327,0.000422963654665815,-0.01854947151888961,0.0034647497672904825
2020-07-10,1.234380812735819e-05,0.07390236907585815,-0.012944023299154717,0.0004228862670748011,-0.01857188511525422,0.003461756983846536
2020-07-13,1.2342196242388833e-05,0.07391747288618593,-0.012944909337776415,0.0004229895467616384,-0.01858578423758389,0.003458536574250044
2020-07-14,1.241639863409417e-05,0.07393551847733035,-0.012944887906196965,0.0004230898957961011,-0.018563543496998097,0.003455430088057835
2020-07-15,1.2434705626272253e-05,0.07394689396347634,-0.012945894438667477,0.0004230915072923714,-0.01850483477256662,0.003453116724578954
2020-07-16,1.2501603722234336e-05,0.07396230113906876,-0.012946662476134916,0.000423105041652018,-0.0184890247252677,0.0034486800705507935
2020-07-17,1.2472642914471252e-05,0.07397553415756379,-0.012946890728280125,0.0004231573436563427,-0.018501084107784657,0.003446217817097561
2020-07-20,1.2453491194889407e-05,0.07399084468881469,-0.01294747387325817,0.00042314401113246287,-0.018479227012142094,0.0034427799752069855
2020-07-21,1.2490320026950928e-05,0.07400401532375152,-0.012947766526590347,0.00042306409832032564,-0.01844692935279582,0.00343900333365318
2020-07-22,1.2534760211063058e-05,0.07401552476748946,-0.012947443552602063,0.00042311841639625244,-0.018425749592942728,0.003436265894802814
2020-07-23,1.2559726355061845e-05,0.0740369525833642,-0.012948653031238542,0.00042327590480531073,-0.018404035135218363,0.003433774837680017
2020-07-24,1.2580607762792206e-05,0.07405043376596468,-0.012948827473276399,0.0004233910486671625,-0.018384403313940853,0.0034308922508623336
2020-07-27,1.2520707615030965e-05,0.07406375764071049,-0.012948510687817591,0.0004234309739049203,-0.01833442848647368,0.0034272422015214636
2020-07-28,1.2546927230327429e-05,0.07408071686346616,-0.01294922575473861,0.00042357489508802824,-0.018280533321625686,0.0034247938054515993
2020-07-29,1.2512570988199462e-05,0.07408869033058837,-0.01294911076786722,0.0004235606426032403,-0.018282814130607103,0.003423501504848864
2020-07-30,1.2476513907125277e-05,0.07410099293266716,-0.012949422152482373,0.0004236347282945707,-0.01829650174715386,0.003421399934572159
2020-07-31,1.249448507698698e-05,0.07411543326009987,-0.012950003704157302,0.00042364129101489663,-0.018308925161947126,0.003417544767072609
2020-08-03,1.2498175762154113e-05,0.0741317528113699,-0.012949641670299786,0.0004237695726081154,-0.01830295178033789,0.003415050789456359
2020-08-04,1.2485749208518521e-05,0.07413935547478545,-0.012949528439490708,0.000423797008816741,-0.018322883751860586,0.0034125266045309643
2020-08-05,1.2506572402966028e-05,0.07415413177302964,-0.012949716895305627,0.00042383941226085617,-0.01833620748593745,0.0034097992687738905
2020-08-06,1.2504592758977903e-05,0.07416264147860264,-0.012950985926439496,0.0004238433731498314,-0.018290404579725222,0.0034073786145156
2020-08-07,1.2520214909329247e-05,0.07417251736672942,-0.012950893195552388,0.00042401964193937815,-0.018314420471162746,0.00340342734797298
2020-08-10,1.2492461019649839e-05,0.07418651488563327,-0.012951128302490693,0.000423924353342204,-0.01828872514234542,0.0033999919614171228
2020-08-11,1.2472971126366279e-05,0.07419830715359645,-0.012951624072683934,0.00042389439538863445,-0.018299211423924877,0.003396928234192788
2020-08-12,1.2558902075017058e-05,0.07421559255111584,-0.012952000719171165,0.00042389558639149925,-0.0183038299776071,0.0033930944882190634
2020-08-13,1.2508269302085876e-05,0.07423742697554664,-0.012952622084446126,0.0004238471022230356,-0.018279586671080372,0.003390412853973078
2020-08-14,1.2499213276553431e-05,0.07424897699617365,-0.012953459060361135,0.0004240141759875954,-0.018313494105373446,0.003387334909378786
2020-08-17,1.2443117987229568e-05,0.07426013753928332,-0.012953760594577174,0.0004242672216276654,-0.01833933389575368,0.00338479054510804
2020-08-18,1.2377886601141645e-05,0.07426895124798796,-0.012954191688404407,0.0004244444846786278,-0.01831163096000364,0.0033823476789878
2020-08-19,1.2388417820431848e-05,0.07428454007501122,-0.0129540155691944,0.0004245833563236509,-0.018244666527805903,0.003379233047233747
2020-08-20,1.2382786695622102e-05,0.07429294813318507,-0.01295422924634928,0.0004245286567427796,-0.01823533330087382,0.003375543625984267
2020-08-21,1.240655407151339e-05,0.07430901224348767,-0.012954236134465742,0.0004248102370757068,-0.018222482434709503,0.003372520547047876
2020-08-24,1.2313538167600438e-05,0.07432238496260156,-0.012954453027644912,0.00042474671122556264,-0.01822311309181332,0.003368880532031285
2020-08-25,1.2334748170200348e-05,0.07433444441562848,-0.012954080593221387,0.0004248066258337881,-0.01822260614307286,0.0033656726481999
2020-08-26,1.2311966106435816e-05,0.074344948000858,-0.012954832292233851,0.000424953335852014,-0.01822574690949849,0.003362984896685443
2020-08-27,1.2303350359507662e-05,0.07435801411217524,-0.012955380176778764,0.0004252806185663905,-0.018263717856939102,0.0033601181759468444
2020-08-28,1.2267771508935293e-05,0.07437441857988118,-0.012955254389383301,0.00042526213216583365,-0.018242288308791543,0.0033573061092025316
2020-08-31,1.2275514966776172e-05,0.07438498441743181,-0.012954933977225379,0.00042524823042575273,-0.018222624677556476,0.0033540045985425097
2020-09-01,1.2226338224972445e-05,0.07440207919926824,-0.012955500601142783,0.00042529555993253395,-0.018206674098658185,0.0033506854212610702
2020-09-02,1.2211219830888853e-05,0.07441441601643559,-0.012956295013392051,0.00042534883454022304,-0.01821182085995783,0.00334844027430727
2020-09-03,1.2204841554789661e-05,0.07442466602271292,-0.01295630423411017,0.0004253653775022205,-0.018205570500007817,0.0033456696137604235
2020-09-04,1.2196093031860227e-05,0.07443876882930862,-0.012956727684025974,0.00042546931670634316,-0.018165527234674392,0.0033425727955538028
2020-09-09,1.2220209367600271e-05,0.07445731459100702,-0.012957200981845132,0.00042554019093067087,-0.018158043014204803,0.0033386748630448906
2020-09-10,1.2225211616493628e-05,0.07446863585229722,-0.012957631710224453,0.0004255925909223459,-0.018154392915738227,0.0033360542642619073
2020-09-11,1.2166899308983041e-05,0.07448490885745844,-0.012957961599684799,0.00042566301343929336,-0.0181534736841769,0.003333578350864907
2020-09-14,1.2164430555696023e-05,0.07450100505910505,-0.012957342597198928,0.00042593878640683044,-0.018184872138908653,0.0033313207178721914
2020-09-15,1.216501707513829e-05,0.07451509023034553,-0.012957732092822385,0.00042604481663612037,-0.018204938106858498,0.0033284543969713436
2020-09-16,1.2119718881034423e-05,0.07452998215314316,-0.012958317398447565,0.0004261433870077538,-0.01817232679523241,0.0033253063784863474
2020-09-17,1.210876086302093e-05,0.07454976913274948,-0.012958561611031835,0.0004262237387282304,-0.018230680531389,0.0033223544675452217
2020-09-18,1.2086341854820336e-05,0.07456635654268574,-0.012958771986953735,0.0004262425416813153,-0.01822385465826483,0.0033195070616435438
2020-09-21,1.2044129872874426e-05,0.07458399640940191,-0.01295947680207951,0.00042629072419314877,-0.018225893084643258,0.0033162834550868135
2020-09-22,1.2032266939871489e-05,0.07459935791997158,-0.012961075171783867,0.00042632877909472516,-0.018243589793688647,0.0033136055457312187
2020-09-23,1.1985323878176084e-05,0.07460785146864392,-0.012961468234254042,0.00042646216484834793,-0.01821237479312046,0.003309773068922907
2020-09-24,1.192671143341677e-05,0.07462019904211513,-0.012962297446384777,0.0004264788987621748,-0.01820131062548723,0.0033058456397601875
2020-09-25,1.1913974183521482e-05,0.07463939357838005,-0.012962848888451579,0.00042659152734618206,-0.018198937618679523,0.0033030376129272
2020-09-28,1.1857164107884446e-05,0.07465713571468562,-0.012963142776306528,0.0004266292779063699,-0.018190144593830074,0.0032998185964589477
2020-09-29,1.1858555598624678e-05,0.0746659141068743,-0.012962862775523738,0.0004267162762632994,-0.018154189513324676,0.0032962328724213457
2020-09-30,1.1830638261332201e-05,0.07468279463039074,-0.012963645213105664,0.000426647946763469,-0.01815133554141718,0.003292792093925541
2020-10-01,1.1795943228849347e-05,0.07470215516707691,-0.012963944422343712,0.0004267165990754243,-0.018135193212764078,0.003289247130932819
2020-10-02,1.174080291497983e-05,0.07471640728046015,-0.012964952369990583,0.00042680546100199953,-0.01811314109023801,0.0032866079187562343
2020-10-05,1.1716633953822849e-05,0.07473170006622445,-0.01296537571652725,0.00042684260509207505,-0.018118566008275105,0.0032830748596072755
2020-10-06,1.1696662722288049e-05,0.07474582387103129,-0.01296622855260826,0.00042706256821400793,-0.018099581433002915,0.0032789035903699713
2020-10-07,1.1701914442809793e-05,0.07476167834948023,-0.01296687417224112,0.000427240574544376,-0.0180888397253139,0.0032762063706406937
2020-10-08,1.1663076706714412e-05,0.07477734789562446,-0.012967410235591652,0.0004272558825652484,-0.0180911868999052,0.003273218056724151
2020-10-09,1.16494355646205e-05,0.0747915896155246,-0.012967358161818711,0.00042743989521669965,-0.018057341392764242,0.0032701400571263648
2020-10-14,1.1600202386887723e-05,0.07480647511843627,-0.012967558496837298,0.00042751539882491575,-0.01803979989416131,0.003267260486049992
2020-10-15,1.1565302444798767e-05,0.07481919725396961,-0.012967921704299478,0.0004277274943501841,-0.01804895572922012,0.0032646245663626727
2020-10-16,1.1615795940760068e-05,0.07483667570227176,-0.012968192270825536,0.0004276334927745491,-0.01804557644452251,0.0032618158135712247
2020-10-19,1.1553251913205278e-05,0.07485185373829806,-0.012969220300373981,0.0004278217263200488,-0.018040623249925086,0.003259557579290401
2020-10-20,1.1524338467731971e-05,0.07486324054860945,-0.01296920822898849,0.00042783042758428116,-0.018033279238429206,0.003257025293123559
2020-10-21,1.14879967075494e-05,0.07487542411223626,-0.012969760227378918,0.0004279440508728772,-0.01804110284701016,0.0032534593599297026
2020-10-22,1.1530374306311796e-05,0.07489245606877871,-0.012969993310163465,0.00042814888478549156,-0.0180359921408281,0.003250955253445097
2020-10-23,1.1496339132324572e-05,0.07490963239342643,-0.012969981131657503,0.0004281122221391747,-0.018004702823508953,0.0032474854359110833
2020-10-26,1.1410323233935509e-05,0.0749250937056166,-0.012970155907029764,0.00042829802327815146,-0.018023261063537827,0.0032444220737287213
2020-10-27,1.1393715152332553e-05,0.07493959379601443,-0.012971467791084773,0.00042833612738247856,-0.01804784142808144,0.003241958663098364
2020-10-28,1.1383117199487009e-05,0.0749514700438144,-0.012972203730081852,0.000428405306018863,-0.018037225676758917,0.003238921949654559
2020-10-29,1.1346266094039973e-05,0.07495960553928763,-0.012973082353075024,0.0004286583267829804,-0.01807323490824178,0.0032356237793465616
2020-10-30,1.1293234458798434e-05,0.07497071336645893,-0.012973879501287405,0.00042875156251290843,-0.018070042345627244,0.003232252624083015
2020-11-02,1.129456051782835e-05,0.07498631780812355,-0.012973762029175202,0.00042881620179527303,-0.018058143475708277,0.0032294566887197266
2020-11-03,1.1239378151604179e-05,0.07499923531085882,-0.012974735987485211,0.0004289318819778961,-0.018018932927410775,0.00322637052744438
2020-11-04,1.1212446522723758e-05,0.07500918577668962,-0.012975654212141403,0.00042909489375481883,-0.018040529724515697,0.0032243191890630033
2020-11-05,1.1205368546471592e-05,0.07502311046606355,-0.012976237785542832,0.00042910138334495787,-0.01804890704360808,0.003221863105718205
2020-11-06,1.1176438283930988e-05,0.07503521747897443,-0.012976632030904411,0.0004292075927556884,-0.018049832409258323,0.003219341656019884
2020-11-09,1.1137742957419258e-05,0.07504928541118414,-0.012977626019017344,0.0004292693067825488,-0.018053654659585514,0.003215789789448927
2020-11-10,1.1072716250461656e-05,0.0750589409210969,-0.012978232373393772,0.00042927962918684257,-0.018072394959682686,0.0032129378588387717
2020-11-13,1.1018350162475806e-05,0.07506542705952819,-0.012978192581385536,0.0004292491515670365,-0.018072884567621614,0.003210565621073939
2020-11-16,1.0983671329809058e-05,0.0750743586278744,-0.012978343140830675,0.00042918864178160914,-0.018060411870040247,0.0032071809471794143
2020-11-17,1.0981858336956031e-05,0.07508404017553244,-0.012978728905566065,0.0004293747692478572,-0.01807768211156452,0.003204067932890317
2020-11-18,1.0943040843345897e-05,0.07510063891193054,-0.012979234760763535,0.0004294179221522923,-0.01809939286064191,0.003200789802216
2020-11-19,1.0909876830136412e-05,0.07511674858677814,-0.012979723871488583,0.00042946371276187344,-0.01808800121065729,0.0031971384766678853
2020-11-20,1.0951495696835017e-05,0.07513052829906784,-0.012980067522425313,0.00042971250915965666,-0.018091325492807578,0.0031938987980441244
2020-11-23,1.0940633608574638e-05,0.07514056574623729,-0.012980887599281307,0.00042982462106596416,-0.018063569621114314,0.0031913806942891866
2020-11-24,1.0920508944323287e-05,0.07515308498268548,-0.012982286966010666,0.00042984060511574995,-0.01805968786557524,0.0031885862659305777
2020-11-25,1.0849387975494902e-05,0.07516617780054222,-0.012982657710995611,0.00042999999872261787,-0.018051744630114427,0.0031867416254366073
2020-11-30,1.0798542603019645e-05,0.07517956995592397,-0.012983054008039377,0.0004299164197236206,-0.018067875110480663,0.0031841481967412964
2020-12-01,1.0740891034681188e-05,0.07518940118741281,-0.012983773145407575,0.00042993193190525526,-0.018069611382417777,0.0031810342989099603
2020-12-02,1.0668640076433926e-05,0.07520331939765203,-0.012984189016993337,0.0004299511614511357,-0.01804031910433776,0.0031779541032389627
2020-12-03,1.0642126588227216e-05,0.07521905916797667,-0.012985249266631292,0.0004299775251514732,-0.01802512126270857,0.0031751939687232923
2020-12-04,1.0551658609413996e-05,0.07522713316991021,-0.012985404370201025,0.00043005105019315105,-0.018015306769392794,0.0031722741634988435
2020-12-07,1.0586452927613312e-05,0.0752408621376857,-0.01298578208701462,0.0004301783107047729,-0.018043313738866834,0.003169832099167007
2020-12-08,1.0512634876205871e-05,0.07525958380148913,-0.012985136725262126,0.0004303886410466271,-0.01803038582630817,0.0031668394882500856
2020-12-09,1.0470063838406336e-05,0.07526993843321575,-0.0129861554491804,0.00043063928291653744,-0.018040511468506507,0.003164515530325245
2020-12-10,1.045834475736369e-05,0.07527934858191997,-0.012986423041103829,0.0004307402524096834,-0.018048320971276108,0.0031622955630390783
2020-12-11,1.0375588757965376e-05,0.07529435793820569,-0.012987035641680396,0.0004308492237299515,-0.018057154138323817,0.003160067839650095
2020-12-14,1.0306265844387647e-05,0.07530310810919792,-0.012987718902717108,0.00043086436455129745,-0.018087676521681417,0.00315709636606642
2020-12-15,1.0258291025996022e-05,0.07531381256667555,-0.01298767747163799,0.0004310480191888526,-0.01806830579765001,0.003154481050532454
2020-12-16,1.021405128591213e-05,0.07532914639049976,-0.012988095460665818,0.0004309940272720571,-0.018080810076743947,0.0031518318572251553
2020-12-17,1.0164882325995028e-05,0.07534412570430618,-0.012989067181926772,0.0004313008739319352,-0.01803915138749522,0.0031491761605271563
2020-12-18,1.0135367054118108e-05,0.07535951920050456,-0.012989565172169653,0.0004311967654132828,-0.018059406350285148,0.003147076241195086
2020-12-21,1.0142852552768588e-05,0.07537568359639688,-0.01298950649828667,0.0004313215567722853,-0.018051840594122764,0.0031442768060336666
2020-12-22,1.0129308581339921e-05,0.07538658463564436,-0.012990765999339682,0.0004314926665321682,-0.018069753626719004,0.0031416084850696916
2020-12-23,1.0092718480765237e-05,0.07540001599169946,-0.01299170223778125,0.00043151295947982794,-0.01806682395119652,0.0031387256508432137
2020-12-29,1.0032990012741195e-05,0.0754107360155769,-0.012991718159040854,0.00043185726417204287,-0.018067357307000223,0.003137073785053887
2020-12-30,9.964280666774884e-06,0.07542238484959157,-0.012992096931457494,0.0004317868713947158,-0.018047586725111225,0.0031342247342706396
2020-12-31,9.861851579387159e-06,0.07543538887853686,-0.012992600098819952,0.00043191613109481357,-0.018067237833022776,0.003131428933640459
2021-01-05,9.824812133571675e-06,0.07544644490563245,-0.012992830577783915,0.00043201383995808776,-0.018098698494479565,0.003129245087439436
2021-01-06,9.808989231958526e-06,0.07545731566417448,-0.012993973586694449,0.0004322507722079623,-0.018095835062607563,0.003126571650866188
2021-01-07,9.728900556647699e-06,0.07547145390645797,-0.012993903360270129,0.0004324147755123631,-0.01810705051103169,0.0031239488650542553
2021-01-08,9.696023831652414e-06,0.07548628870146182,-0.01299466326444749,0.0004326436920036494,-0.018108068216274573,0.0031208183251844844
2021-01-11,9.60167007706292e-06,0.07549804198657059,-0.012994278418669436,0.0004327404245210991,-0.01811600765857703,0.0031183358391961152
2021-01-12,9.557800575835717e-06,0.07550977899463597,-0.012995085097736957,0.0004328891437160436,-0.018090953996120263,0.0031157840091118375
2021-01-13,9.522224506959228e-06,0.07552669001129951,-0.012995303279612068,0.00043291687414566285,-0.018066619998787573,0.0031124898973768685
2021-01-14,9.424437822890596e-06,0.07553812446775528,-0.012995565164993709,0.00043307759240756,-0.018063227339055396,0.0031099648985834453
2021-01-15,9.329122636116938e-06,0.07554904959615451,-0.012996068413658541,0.00043320973500268376,-0.018037900375585322,0.00310802913951914
2021-01-21,9.222716624169796e-06,0.0755587239058067,-0.012996907313218887,0.0004333169784164183,-0.018048859816009608,0.00310652917420238
2021-01-22,9.18898637188652e-06,0.07556966939015897,-0.012997039079906552,0.0004334500139976037,-0.018054583305618682,0.003103560236785409
2021-01-25,9.152005348675085e-06,0.07558508929274266,-0.012997309695987402,0.00043365275353380434,-0.01805666304795156,0.003100955591301445
2021-01-26,9.14393858019374e-06,0.07560353566211228,-0.012998292834805128,0.0004337344320714759,-0.01805349504589082,0.003099206585002611
2021-01-27,9.071775582964017e-06,0.075620326105478,-0.012998432264629083,0.00043384888831438854,-0.018046566115652904,0.0030969472590554256
2021-01-28,9.005232723494067e-06,0.07563219811629704,-0.012998576788327816,0.00043407072409391,-0.01800690987775018,0.0030947095794022
2021-01-29,8.986012279342567e-06,0.07563652200759328,-0.012999634148000122,0.0004341722010165322,-0.018042162877449502,0.0030929096416432355
2021-02-01,8.980094139639957e-06,0.07564900593124724,-0.012999804242028961,0.00043428599724586734,-0.018048014967955855,0.0030907821279892887
2021-02-02,8.982435491653457e-06,0.07566029642158947,-0.013000815438818343,0.00043423982788139007,-0.018012816960248812,0.0030888781014598754
2021-02-03,8.957972782405141e-06,0.07567214499149766,-0.013001843739258704,0.00043425944593242086,-0.01803200012831868,0.003086705856128098
2021-02-04,8.835370804896776e-06,0.07568381874570132,-0.013002664124147013,0.0004343495856581718,-0.018011667016654714,0.003083947317740856
2021-02-05,8.773138845204518e-06,0.07569725062440583,-0.013002921901930883,0.000434482612778047,-0.017989134472832485,0.0030808808979591877
2021-02-08,8.761150718181025e-06,0.07571352563758668,-0.01300356872403932,0.0004345204527614251,-0.01795381796649842,0.003079662053549946
2021-02-09,8.762583398818033e-06,0.07572902097527888,-0.013003504354211933,0.00043464584214995513,-0.017957502677152584,0.003077894977054335
2021-02-10,8.706727739651643e-06,0.07574603888906323,-0.013004302153687012,0.0004348287633306301,-0.01793021112008858,0.0030754374838662347
2021-02-11,8.680820143189573e-06,0.07576271313701957,-0.01300427416766206,0.0004349337138438227,-0.01792242042464176,0.0030729745747557773
2021-02-12,8.623737845632197e-06,0.07577797048918074,-0.013005073414698387,0.0004352053263026824,-0.01794523000387445,0.003071490970911352
2021-02-17,8.576596757637264e-06,0.07579130467734836,-0.013006017779890624,0.00043514864972684557,-0.017895096470529656,0.003069257104791217
2021-02-18,8.506102863473452e-06,0.07580597576336985,-0.013006538881431728,0.00043530092231639796,-0.017915641608943225,0.0030668253690288626
2021-02-19,8.48117572572789e-06,0.07581505137475794,-0.013006736932332086,0.00043525430757455474,-0.017910203424124027,0.0030648662378434514
2021-02-22,8.477077429489219e-06,0.07583035685536747,-0.013007672288150949,0.0004354382312059035,-0.017927237703604035,0.0030623660331329395
2021-02-23,8.417490777511022e-06,0.07584475988188041,-0.01300893691477969,0.0004355418688745527,-0.017931821769940667,0.003059729791526251
2021-02-24,8.353414708032772e-06,0.07585819134228083,-0.013008766331125491,0.00043546108038778253,-0.017896108138761704,0.0030576989835359
2021-02-25,8.23094615965233e-06,0.07587238587758839,-0.013009236625429084,0.00043560579782207245,-0.01787274604061853,0.0030553652143302866
2021-02-26,8.201110473214342e-06,0.07588041919408973,-0.013010905503542614,0.0004357244790303275,-0.017873365731143218,0.0030523611307412876
2021-03-01,8.158382937063283e-06,0.07589517626084546,-0.013011704766307924,0.00043576674725286416,-0.017871764269558874,0.0030486966326537523
2021-03-02,8.15530990690906e-06,0.07591046265901086,-0.013012801589601048,0.000435752987593998,-0.017891379571091576,0.0030460135675322263
2021-03-03,8.11485505167547e-06,0.07592620085125604,-0.013013643562265824,0.0004358852623117731,-0.017872197814905316,0.0030440812494286085
2021-03-04,8.114912533053946e-06,0.07593451042493131,-0.013014418925210384,0.00043593726579623155,-0.01786466283759998,0.0030422444985606567
2021-03-05,8.075870680134239e-06,0.07594622275153241,-0.013015740668805155,0.0004360040777851851,-0.01788277318379579,0.0030385948716470817
2021-03-08,8.029183317922339e-06,0.07596847084982504,-0.01301743265189947,0.00043596077541652287,-0.017899445251430973,0.0030353446182311704
2021-03-09,7.976374287883787e-06,0.0759833025326241,-0.013017997830253958,0.00043602138162343617,-0.01787253198963669,0.0030315934809488614
2021-03-10,7.919953530155797e-06,0.07599625818816282,-0.013018672108775078,0.00043598968801356844,-0.017857755755009405,0.003028411958622691
2021-03-11,7.898124376230789e-06,0.07600965614699094,-0.013019395371631522,0.00043619433184819323,-0.01791723989519925,0.003025442271604691
2021-03-12,7.828095519529739e-06,0.07602236714560878,-0.013019830142339013,0.00043613240690741335,-0.017953245199289092,0.003021814057629567
2021-03-15,7.786465607113082e-06,0.07603977186077139,-0.013020512092526713,0.0004361769472618995,-0.017993753495918155,0.0030191057494704247
2021-03-16,7.783182743664998e-06,0.07605019706504015,-0.013021234641297471,0.0004362694583242979,-0.01801878318512616,0.003015989241050238
2021-03-17,7.736170939945909e-06,0.07606754454734505,-0.01302205788850936,0.000436381439672267,-0.01793913221121987,0.003012843960820838
2021-03-18,7.678161079132376e-06,0.07608492893001279,-0.013023350145773088,0.00043646372503839445,-0.017922748167182298,0.003009422258309782
2021-03-19,7.683887223691935e-06,0.07609971592335966,-0.013024478002437783,0.0004365397655060611,-0.017904959670163395,0.0030055662411546625
2021-03-22,7.68753766164529e-06,0.07611939339909307,-0.013025875477443603,0.00043671803050621745,-0.017906612481778647,0.003002419813060181
2021-03-23,7.684623967461063e-06,0.07612989548844745,-0.01302661376712877,0.0004366880069389266,-0.01791360656525018,0.0029997385262982316
2021-03-24,7.694565985862057e-06,0.07614436658218025,-0.013027577284887053,0.0004367674666129909,-0.017874486818803118,0.002996670358545973
2021-03-25,7.665443145214075e-06,0.0761583430336512,-0.013027169901646362,0.0004368880642476794,-0.01787441645555772,0.0029932221640525942
2021-03-26,7.643212609399766e-06,0.07616955999182312,-0.01302823594125568,0.00043707551128636447,-0.01788450459305234,0.002989871347784667
2021-03-29,7.622762872472539e-06,0.07618172546220653,-0.013029910849060088,0.00043700885480498213,-0.01790009700940204,0.002987060865423707
2021-03-30,7.594575830701151e-06,0.07619354421257177,-0.013031163080721775,0.0004370164832292108,-0.017922218473202065,0.00298348994675689
2021-03-31,7.542169011932477e-06,0.07620950082091481,-0.013032206076053819,0.0004370443613098886,-0.017945490576919493,0.002979825425010364
2021-04-01,7.486136124591677e-06,0.07622926015505473,-0.013033722216698351,0.0004372643880626519,-0.017938402605791312,0.002976511046930125
2021-04-06,7.45514392458784e-06,0.0762442918457187,-0.013034721392307373,0.00043719670799605766,-0.017951901946807264,0.0029731517011355184
2021-04-07,7.461498223585735e-06,0.07625849771208137,-0.013036174537074181,0.00043718479983202187,-0.017955953129438026,0.002968865743443749
2021-04-08,7.4611912130673815e-06,0.07627566141341223,-0.013036698877328683,0.0004372431937046295,-0.01791528876101116,0.002966120585499985
2021-04-09,7.454633907422959e-06,0.0762849354701987,-0.013037877283397498,0.00043736935038617424,-0.017864199443340667,0.0029629077177780127
2021-04-12,7.427023995925088e-06,0.0762948205510498,-0.013038292388595519,0.00043739604826054633,-0.017870212694757262,0.002958996016774684
2021-04-13,7.369808954479985e-06,0.07630567839648009,-0.013038758177615736,0.00043757383799212536,-0.017885564334661527,0.0029562822007476873
2021-04-14,7.408932831995277e-06,0.07631960711178686,-0.013040601831947853,0.00043758850243936164,-0.017879070689527016,0.002953381357969396
2021-04-15,7.3475641360157295e-06,0.07633001408323219,-0.01304192561950119,0.0004376550829502683,-0.017867831066773893,0.0029497747838637058
2021-04-16,7.33902811687331e-06,0.07634125261855865,-0.013042518075515966,0.0004376697135823114,-0.017879751909537625,0.002946819027509205
2021-04-19,7.342167137029516e-06,0.07635384246369514,-0.013043418298262987,0.00043773475497905123,-0.017866400067088478,0.002943922452955942
2021-04-20,7.304699046283082e-06,0.07636640739848527,-0.013043863618295199,0.00043775557633039623,-0.017838275834761802,0.0029396064628867697
2021-04-21,7.241444210280803e-06,0.07638037334710708,-0.013044923585253559,0.00043779667881495873,-0.017826040892076206,0.002936252370288177
2021-04-22,7.2086780860925956e-06,0.07639423429748038,-0.013046751491056613,0.0004379275684613758,-0.017832450464982802,0.002932493764133426
2021-04-23,7.1827636306987815e-06,0.07640831032523557,-0.013047617854871938,0.0004380158128640943,-0.017834688125961243,0.002929020697168364
2021-04-26,7.153616603660469e-06,0.07642716982635082,-0.013048526031793043,0.0004382386856702854,-0.017809880071729636,0.0029261627741950912
2021-04-27,7.0978309285339226e-06,0.07644275955579531,-0.013049747955166217,0.00043826685970145324,-0.017808586881541286,0.0029222789235211284
2021-04-28,7.0322885481202625e-06,0.07645333088749595,-0.01305083849104034,0.0004384202598257061,-0.017835320134110433,0.0029187290488742234
2021-04-29,6.966067162449973e-06,0.07647036175751332,-0.013051564525906707,0.00043858189151498104,-0.017836881373249222,0.0029153694239026987
2021-04-30,6.9315141481133446e-06,0.07648125939139164,-0.013052137015180659,0.00043890196634079927,-0.01779750617870965,0.0029118254514530137
2021-05-03,6.844316681909419e-06,0.07649226771963036,-0.013052750554551875,0.00043901073356019944,-0.017814034658545544,0.002909176534385295
2021-05-04,6.8029123622259506e-06,0.07650483156879463,-0.013053632906125623,0.0004393460138326208,-0.01778690191506585,0.0029063887633810183
2021-05-05,6.765917173499807e-06,0.07652138973827338,-0.013054902468716297,0.0004395271408503883,-0.01778513049816119,0.0029032904719876627
2021-05-06,6.732396820616679e-06,0.0765364739547782,-0.013055698201270362,0.00043956545553061784,-0.017745973729110437,0.0028989841166344073
2021-05-07,6.640959829854612e-06,0.07655062317339027,-0.013056630368823369,0.00043968157571128966,-0.017734051549715746,0.0028953254158507157
2021-05-10,6.584260865163621e-06,0.07656242389459893,-0.013058118659630963,0.00043983593390644227,-0.01773294243921618,0.0028923319662735505
2021-05-11,6.569291611919993e-06,0.07657700412296112,-0.013058888858375452,0.0004399278865117372,-0.017765010878942653,0.0028898246976269606
2021-05-12,6.498199008161354e-06,0.07659109182957612,-0.013060149587924825,0.0004401886812082991,-0.01774526683690486,0.0028869236879322017
2021-05-13,6.437655260683474e-06,0.0766009781203279,-0.013062028987639102,0.00044052698326985725,-0.01772248154781003,0.0028835547609492025
2021-05-14,6.343675427804388e-06,0.07661390305418055,-0.013062970984802783,0.0004406687784631906,-0.017712389021124375,0.002880750321050938
2021-05-17,6.2980544397340924e-06,0.07662463795237659,-0.013063272228312259,0.00044076773424470714,-0.01771543384901425,0.0028768989915157884
2021-05-18,6.276600582755585e-06,0.07663533563489937,-0.013063675029996176,0.00044105081078407325,-0.01768773890811967,0.0028745743069065
2021-05-19,6.200018221738234e-06,0.07665001637510793,-0.013064840210261323,0.00044113010916409635,-0.017690315078182167,0.002871956595389207
2021-05-20,6.116762537699617e-06,0.07666167055988564,-0.01306590077183618,0.0004411164903989286,-0.017680199210638792,0.002869663976217516
2021-05-21,6.050810453547207e-06,0.0766733359118537,-0.013066988127293738,0.0004413259304025534,-0.017692365613550767,0.0028673047908163423
2021-05-24,5.974763679963553e-06,0.07668296551218914,-0.01306796200490921,0.0004415113854813286,-0.017672308651807522,0.0028645985791074177
2021-05-25,5.904232364809499e-06,0.07669182315577458,-0.013069180700417606,0.00044167345828280836,-0.017650451344665405,0.0028617218559379987
2021-05-26,5.835199589938761e-06,0.07670510477729568,-0.013070737257343517,0.0004419090068271428,-0.01763338082858265,0.0028596857487528326
2021-05-27,5.831223591411708e-06,0.07671739129363075,-0.013072606713847265,0.0004420507664939518,-0.01766667593260722,0.0028565996409352463
2021-05-28,5.739168395922837e-06,0.07673448514100038,-0.013073497278200516,0.00044227536391208255,-0.01768111201291432,0.002853031270728562
2021-06-02,5.725417492166276e-06,0.076745323135327,-0.013074791582195395,0.0004425009896314309,-0.017685311994689784,0.002850038344087636
2021-06-03,5.668372112212531e-06,0.07676037843234124,-0.01307552004557486,0.00044272456877256423,-0.017674007990078622,0.0028469746362958788
2021-06-04,5.582100741064093e-06,0.07677129769460066,-0.013076093199691644,0.000442799723055806,-0.017698359599879795,0.0028438761678135525
2021-06-07,5.552865668310083e-06,0.07678306580005778,-0.013076462459763991,0.00044285858016987066,-0.017695252753601204,0.0028406548817594053
2021-06-08,5.45734029220354e-06,0.07679540822736171,-0.013076335669004418,0.00044284803293575484,-0.017733077836054323,0.0028375382284986967
2021-06-09,5.347591616850658e-06,0.07680495200549674,-0.013077377979209243,0.0004428048867488721,-0.017747092954705945,0.0028352764692305184
2021-06-10,5.268452632350943e-06,0.07682033105387627,-0.01307895581772024,0.00044303536013246523,-0.017700013194141884,0.0028332999174066485
2021-06-11,5.236358613556604e-06,0.07683753494602305,-0.01307961522413052,0.00044316794836136313,-0.017685989572051197,0.002830763053019448
2021-06-14,5.198685490450332e-06,0.07685038444100817,-0.01308079602714554,0.00044342212886157024,-0.017682435689567247,0.0028271587105728863
2021-06-15,5.120283898786592e-06,0.07686411862223118,-0.013082008524759452,0.00044364094966856907,-0.017678908159754078,0.0028245673264422856
2021-06-16,5.115857821573304e-06,0.07686922411127321,-0.013082965803000293,0.00044382259127225346,-0.017721693421746842,0.0028216884399578724
2021-06-17,5.082041859499919e-06,0.07687913788992068,-0.013083913748811408,0.00044378316480524953,-0.01770907836395061,0.0028190657884303045
2021-06-18,5.082565240341217e-06,0.0768921267895238,-0.01308541733022501,0.0004439274877479361,-0.017729077237311874,0.002816581004742745
2021-06-21,5.064600198137695e-06,0.07690807003296478,-0.013086680226025842,0.0004440757641117598,-0.017738877718062818,0.0028135926038176276
2021-06-22,5.0834209209458495e-06,0.07691968562337631,-0.013088128403279158,0.000444289242574122,-0.017730118413702048,0.0028109533400476343
2021-06-23,5.0837563573230375e-06,0.07693070593107249,-0.013089322788048098,0.00044437551526336117,-0.017725401070854074,0.002808179755718723
2021-06-24,5.076893359321283e-06,0.0769426200295428,-0.013090822921159234,0.00044450519936432137,-0.01773699997517217,0.002806009941248604
2021-06-25,4.998107631682479e-06,0.07695688003901179,-0.013091690817899522,0.00044449790033936965,-0.01774248752088571,0.002803916822015154
2021-06-28,4.945358592679721e-06,0.07696859422593326,-0.013093430559668108,0.0004446114342394117,-0.017679029502761706,0.0028023872557583376
2021-06-29,4.946723104456443e-06,0.07698112443067257,-0.013094718478381144,0.0004446146327348532,-0.01767607908667866,0.0027998752090920053
2021-06-30,4.912902563805347e-06,0.07699550702238722,-0.013095769132879185,0.00044469935680423655,-0.01768647673394791,0.0027974299483331626
2021-07-01,4.900783902202005e-06,0.07700336438189363,-0.013096709469321245,0.0004448741098989202,-0.01771154568636367,0.00279448603559117
2021-07-02,4.903782897162874e-06,0.0770187169040991,-0.013097824705036343,0.00044481426863583794,-0.01774247021301746,0.0027924863314356323
2021-07-07,4.8730554372031736e-06,0.07703133935164738,-0.013098757079909778,0.0004450187798078657,-0.017745997901177396,0.002790426279947917
2021-07-08,4.831214504229979e-06,0.07704094736458922,-0.013100016785626771,0.00044519222360463575,-0.017756821408660986,0.0027884087985882836
2021-07-09,4.8428428459143915e-06,0.0770500297595132,-0.01310088076251233,0.0004451957203676527,-0.01778130194675298,0.0027862375173784166
2021-07-12,4.798445102248845e-06,0.0770610612228059,-0.013101579354783595,0.0004454174161163581,-0.017800549424752385,0.0027832311461985122
2021-07-13,4.7474973142438905e-06,0.07707368127965072,-0.013102746746878141,0.0004456423026689846,-0.01780336196862238,0.002780277904233382
2021-07-14,4.725790484144755e-06,0.07708704853694127,-0.013103887281217556,0.0004456876031188624,-0.017804377182880013,0.0027777926289055377
2021-07-15,4.6918529917129885e-06,0.07710776740070713,-0.013105197501433775,0.00044584722285941395,-0.017799232607722676,0.0027753426285496052
2021-07-16,4.653985672688568e-06,0.07711963306209182,-0.013106564122697431,0.0004460640059003705,-0.017791977486970006,0.0027728680731426915
2021-07-19,4.648252656308161e-06,0.0771341294996361,-0.013108015800871934,0.0004461042876266124,-0.017772533927038578,0.002770527274825566
2021-07-20,4.6023680199685656e-06,0.07714816371150787,-0.013109750569625248,0.000446327966397637,-0.017739405242462217,0.0027685864118907645
2021-07-21,4.561772753183138e-06,0.07715926859831898,-0.013111325839556948,0.0004462813550003715,-0.0177392249123592,0.0027661109858308176
2021-07-22,4.548917806967455e-06,0.07717101244742032,-0.013111890117087377,0.0004461998790201917,-0.017699284442474858,0.002763029775652125
2021-07-23,4.5098748007189995e-06,0.07718181290728082,-0.013112851132840934,0.0004462803605775967,-0.017712585328785765,0.00275993212109601
2021-07-26,4.471133299122952e-06,0.07719555450622549,-0.01311429339473849,0.0004462685772906286,-0.017703323284941966,0.0027578747620007125
2021-07-27,4.466747379144528e-06,0.0772043156691512,-0.013116298772322897,0.00044638644352806725,-0.01769086327736559,0.002755391149369876
2021-07-28,4.473894750099271e-06,0.07721779432464489,-0.01311735372904677,0.0004464746392987061,-0.017716981544122393,0.0027530154798243935
2021-07-29,4.4352855144036174e-06,0.07722620435150056,-0.013118707531880373,0.00044669793238908307,-0.01775387332392718,0.00275106244746999
2021-07-30,4.373973938091627e-06,0.07724126232652424,-0.013120507398127422,0.0004469118374644536,-0.017744850679814045,0.00274883824909721
2021-08-02,4.3768227198530055e-06,0.07725070760217405,-0.01312153329579504,0.0004470425146328377,-0.017780239827865446,0.0027468549961901434
2021-08-03,4.3469967347375136e-06,0.07725818412856467,-0.013123209565498726,0.0004472380881086204,-0.01774607389198271,0.002744914848144985
2021-08-04,4.349727651777708e-06,0.07727116549255328,-0.01312333149155383,0.00044743995769251416,-0.01777158110986099,0.002743318852790112
2021-08-05,4.335611913474242e-06,0.0772841132478021,-0.013124049111325451,0.0004475591396604881,-0.01780624243138973,0.0027398851427379795
2021-08-06,4.314258311902372e-06,0.07729372805983056,-0.013124076911907331,0.0004476940821754587,-0.0177934753124791,0.0027371583310961544
2021-08-09,4.247783921786888e-06,0.07730969554970354,-0.013125344828347376,0.00044778267356297414,-0.01779615304895392,0.0027347718507003283
2021-08-10,4.256088447093082e-06,0.07731842398515143,-0.013126396779552343,0.00044781829535276243,-0.017812511767726483,0.0027313982188495564
2021-08-11,4.226666338653291e-06,0.07733037448913083,-0.013127780615451022,0.00044788312589112234,-0.01779360052064259,0.002728777560144047
2021-08-12,4.190886900298183e-06,0.07734871981084135,-0.013128349762419127,0.00044816786381297587,-0.017751555912244227,0.0027253943511771073
2021-08-13,4.168928474803258e-06,0.0773639661917698,-0.013129537487353644,0.0004483303429068165,-0.01771813919338136,0.00272255803214316
2021-08-16,4.1055352312726755e-06,0.07737771916802028,-0.013130984834752888,0.00044850523706923087,-0.017733323677387974,0.002719953295013715
2021-08-17,4.026756709694273e-06,0.07738728335055974,-0.01313165238881995,0.0004487121007567325,-0.01774658090963191,0.0027168438237751245
2021-08-18,4.016197160521386e-06,0.07739860497348933,-0.013133650447660497,0.00044874879226718004,-0.017748792934482144,0.002714418255439736
2021-08-19,3.953724630310367e-06,0.07741290195215395,-0.013134922242616713,0.00044890424281023944,-0.017761622864777143,0.0027119496234525465
2021-08-20,3.963159592279146e-06,0.0774191894993552,-0.013135747678635724,0.0004487684481785429,-0.017777768631444202,0.002709447158571975
2021-08-23,4.006295108301892e-06,0.07742932275222666,-0.013136549733815835,0.00044872002093858225,-0.01777115566877975,0.002706390422876228
2021-08-24,3.9497998377680785e-06,0.07744174086890608,-0.013138039744461715,0.00044871171529681686,-0.01776610765463127,0.0027038062674155554
2021-08-25,3.932663224395314e-06,0.0774529301688323,-0.013139468120723058,0.00044876765619574193,-0.017757810383236344,0.002701061175770842
2021-08-26,3.917289473659544e-06,0.0774648457471262,-0.013140618831108933,0.0004489543246915833,-0.017757101293637598,0.0026992376996321315
2021-08-27,3.884938153756685e-06,0.07747858388847353,-0.013141658711586283,0.00044899407396581685,-0.017743346379821598,0.002697015556922726
2021-08-30,3.896412762420548e-06,0.07748396379782463,-0.013143262369501592,0.00044903615874357264,-0.01774554493071151,0.002695389963163993
2021-08-31,3.871672178404304e-06,0.07749084150031299,-0.013144815467502033,0.0004491682576402349,-0.01774169064726082,0.002693388200936201
2021-09-01,3.881362385691793e-06,0.07749873432966979,-0.013146095303139264,0.00044910883139966855,-0.017752827657097153,0.0026918276952872713
2021-09-02,3.824919332909911e-06,0.07750927920318908,-0.013147206533979057,0.00044923450263434784,-0.017766912877569666,0.0026896423347621073
2021-09-03,3.8132100474644602e-06,0.07752386669946287,-0.01314865156231224,0.00044939281303461344,-0.017779403635022464,0.002687511822062383
2021-09-08,3.7780668589254904e-06,0.07753343163622102,-0.013149754384571378,0.0004494876673787466,-0.017762341155190278,0.002686130532162406
2021-09-09,3.7274207346059412e-06,0.07754027407274788,-0.013151434080118795,0.0004496909455713315,-0.01774797855815266,0.0026848406215723773
2021-09-10,3.698958526927404e-06,0.07755209516607134,-0.013152492298835358,0.00044981546807489644,-0.01775740506660929,0.0026829171905731228
2021-09-13,3.6733216958996317e-06,0.07756592709103204,-0.013153786418256591,0.0004498674030594395,-0.017750762148483076,0.0026817574832217923
2021-09-14,3.6637187650363084e-06,0.07757702537280123,-0.0131553244948387,0.0004499995501460961,-0.01772892535223547,0.002680028521851643
2021-09-15,3.603276775106617e-06,0.07758759206684358,-0.013156125420582521,0.0004500582269895899,-0.017715291423293297,0.002678543984436406
2021-09-16,3.5522734926814463e-06,0.0776016901035934,-0.013157416282220755,0.00045021045296825995,-0.01775524798369439,0.002676265912956786
2021-09-17,3.5121663778488383e-06,0.0776104883062293,-0.013158293870700317,0.0004503047078087606,-0.017744089442936734,0.0026744969664149374
2021-09-20,3.5185937750682603e-06,0.07761969481846061,-0.013159424190086023,0.0004504197793483871,-0.017739317080754116,0.002671715539806204
2021-09-21,3.490887135363104e-06,0.0776300457900024,-0.013160694444671875,0.0004506288707066562,-0.017780504056338936,0.0026705774455226153
2021-09-22,3.4559231038252852e-06,0.07763890965989566,-0.013161998032754346,0.00045081999737340455,-0.017797780403020477,0.0026677631466131683
2021-09-23,3.4124842335798294e-06,0.0776506821906316,-0.01316293318375706,0.0004509779595531471,-0.017828351454936164,0.0026666392622502746
2021-09-24,3.3437655849485437e-06,0.07766095624776263,-0.013164252102066272,0.00045101184549872645,-0.017819546450492246,0.0026645231740634974
2021-09-27,3.2522174521312954e-06,0.07766898784213015,-0.013165979469763002,0.00045100587991212557,-0.01779878322005507,0.0026629200396105584
2021-09-28,3.2172383869378683e-06,0.07767962298001911,-0.01316607120009788,0.0004509403559887808,-0.017764313448858052,0.0026611909580096767
2021-09-29,3.1588158484685753e-06,0.0776875471610167,-0.013167632038724522,0.0004510421703354735,-0.017790391088774407,0.002659236295409784
2021-09-30,3.1384928134609475e-06,0.07769909530761551,-0.013169470824097505,0.0004510441304396341,-0.017780109683521853,0.002657952293918134
2021-10-01,3.1481336514216807e-06,0.07771355705293563,-0.013170443131448089,0.0004510471808409968,-0.01777639144678983,0.002655575916090554
2021-10-04,3.1318630257593037e-06,0.07772399708432723,-0.0131710375334276,0.00045108328664237175,-0.017771125612902658,0.002653645886513213
2021-10-05,3.110266778820703e-06,0.0777383054614685,-0.01317217056257077,0.00045114900077103143,-0.017772202491653746,0.0026515800533400973
2021-10-06,3.09545281491196e-06,0.07774523458153441,-0.013173460579493325,0.0004512569064234308,-0.017791290728385104,0.002649425438742777
2021-10-07,3.0344779115510978e-06,0.07775658791135845,-0.013174712044926451,0.00045132284622401587,-0.017783983197589392,0.00264650545673496
2021-10-08,3.0423967457608806e-06,0.07776854013739146,-0.013175920860681041,0.00045151756290879273,-0.017795602703247496,0.002644547333009566
2021-10-13,3.0650974980269167e-06,0.0777812783420517,-0.013176956368427778,0.00045138210865511654,-0.017808157878053205,0.002642421242802143
2021-10-14,3.041455772640332e-06,0.07779453439184064,-0.01317805406988024,0.0004514418311265322,-0.01782195325701247,0.002639469251815879
2021-10-15,3.0400454016194195e-06,0.07780248816110576,-0.01317967301233475,0.0004514099923457433,-0.01782861444411689,0.0026368670237952056
2021-10-18,2.9883988171974666e-06,0.07781271243493265,-0.013180885419238522,0.00045146229462294715,-0.017835876496134925,0.0026342961960787023
2021-10-19,3.0135768705007426e-06,0.07782823014417223,-0.013182681063399362,0.0004515853442286073,-0.01782670325589543,0.0026314121387965893
2021-10-20,2.9718415548972296e-06,0.07783849161846582,-0.013184433278182722,0.000451592530301965,-0.017824787912392157,0.0026293562683820603
2021-10-21,2.928672485221775e-06,0.0778525960584941,-0.01318556857535159,0.0004517229843805364,-0.01781892107307806,0.002628372156810965
2021-10-22,2.9017942456284316e-06,0.07786056695062671,-0.013186205805865985,0.00045182306953127284,-0.017794007964506087,0.0026261730323323723
2021-10-25,2.8692123887975917e-06,0.07786694969573586,-0.013187357773782656,0.0004521345837476923,-0.01779243492054161,0.0026239232384036447
2021-10-26,2.8394285748488862e-06,0.0778782574394751,-0.013189002637908807,0.00045232407761125167,-0.01776970402279965,0.0026210604610977
2021-10-27,2.805243928050418e-06,0.07789063237255994,-0.01319025874993925,0.0004524946648091784,-0.017777391566502862,0.0026193179029761924
2021-10-28,2.7771871892829313e-06,0.07790118339610096,-0.013191863537398651,0.00045272617401160404,-0.01777804859303732,0.002616642246275357
2021-10-29,2.7505707090205007e-06,0.07791377078302773,-0.013192967920353692,0.000452865843316865,-0.017769337279302952,0.002613924384803267
2021-11-01,2.7083044050581147e-06,0.07792333553158913,-0.013193805167958188,0.0004529226451009242,-0.01772694119273259,0.002611948118269926
2021-11-02,2.684938808348298e-06,0.07793526916089204,-0.013195451837813146,0.0004529971754026333,-0.0176952947519622,0.002610446395395316
2021-11-03,2.6771335488309176e-06,0.07794000413421974,-0.013196535125435881,0.00045295662524978805,-0.017728215562697686,0.002607651036635645
2021-11-04,2.591379245402446e-06,0.07795330024681235,-0.013196964672801494,0.00045304251499459825,-0.01769939901110533,0.002604950417025699
2021-11-05,2.5541699606489783e-06,0.07796474103243413,-0.01319821578400618,0.00045301766848373105,-0.017705216656861325,0.002602013314714228
2021-11-08,2.4776143778795816e-06,0.07797871993420204,-0.013200100505166696,0.00045295831422625466,-0.017719023988606072,0.0025992439020932068
2021-11-09,2.4250332037699656e-06,0.07798810402480205,-0.01320069189061016,0.00045301562944795293,-0.01770827895841652,0.0025985860097086705
2021-11-10,2.418224676908442e-06,0.07800130826609947,-0.013202943324243235,0.0004531125291223969,-0.01769526037457067,0.0025973626710086993
2021-11-15,2.4232599885672964e-06,0.0780111006057825,-0.013204780751164073,0.0004532429190770965,-0.017666994978087228,0.002596014149855398
2021-11-16,2.3984079335125037e-06,0.07802205234736166,-0.013205602680570012,0.00045329928505208144,-0.0176611108103,0.0025934570825942435
2021-11-17,2.3841144351846046e-06,0.07803688216020066,-0.013207373173222691,0.0004534867503803901,-0.017710197534759956,0.0025904162269049765
2021-11-18,2.344828459088322e-06,0.07804603436974591,-0.01320907620104565,0.00045373105953540587,-0.0177048234593907,0.0025875838927555132
2021-11-19,2.333153776258999e-06,0.07805573482775989,-0.013209559175697926,0.0004537202311927914,-0.017700697806663862,0.0025857193977593413
2021-11-22,2.3208303763460036e-06,0.07806679757399845,-0.013210336094845392,0.00045383144706607884,-0.017730298507897493,0.0025833939086233144
2021-11-23,2.3320624773312824e-06,0.07807290464464861,-0.013212404321812267,0.0004539402489443748,-0.017743417592266733,0.002581455075646135
2021-11-24,2.3390845100808647e-06,0.07808210883153,-0.013212854670425008,0.00045392884130283776,-0.01772436309804737,0.002579184114265274
2021-11-29,2.3223506161991557e-06,0.07808948343848239,-0.013213810552065813,0.0004537775525990603,-0.01775483151694912,0.0025770841429212845
2021-11-30,2.3583592276299763e-06,0.0780984747288322,-0.013215261804944643,0.00045384694213135887,-0.017725110803507207,0.002575312241665295
2021-12-01,2.4227945527567846e-06,0.07811131651722308,-0.01321627640486244,0.0004539196612069659,-0.017724034669070826,0.0025741232682501922
2021-12-02,2.423859631051767e-06,0.07811760830971799,-0.013217511330384386,0.00045403432510738987,-0.017694573281450285,0.0025715318539972216
2021-12-03,2.3962975194712674e-06,0.0781307478474508,-0.013219226119910664,0.00045401224246558326,-0.017693543227786324,0.0025687305540365774
2021-12-06,2.510606927924288e-06,0.0781460307883513,-0.013220195943248686,0.0004541183774888326,-0.01772138979135497,0.002566721095601331
2021-12-07,2.4975531975344523e-06,0.07815854066622784,-0.013221624154674823,0.0004540829665948551,-0.01770069194244872,0.0025644896708028617
2021-12-08,2.5020909768612144e-06,0.07816845887766831,-0.013222207351403052,0.0004539315090460118,-0.01771417426284483,0.002561658375089536
2021-12-09,2.5335559375109357e-06,0.07817671897314635,-0.013222865171649223,0.00045375324839093335,-0.01774452030185507,0.0025595029355766474
2021-12-10,2.5994122841747566e-06,0.07818991486114607,-0.013224061295457393,0.00045380598690638837,-0.017739217474191354,0.0025572183824893024
2021-12-13,2.614983946036721e-06,0.07820619375635039,-0.01322570482856244,0.00045387242222389053,-0.01774880781544022,0.002554246138217809
2021-12-14,2.5785744273427026e-06,0.07821387769920667,-0.01322669285451223,0.00045392496097131606,-0.01773839864001174,0.0025524157538819306
2021-12-15,2.5326589705840956e-06,0.078224720209049,-0.01322811923015246,0.00045394196958461076,-0.017680145541762296,0.002549367815602467
2021-12-16,2.5466523708519588e-06,0.07823905578940178,-0.013229623281655192,0.00045377561365985667,-0.017682143146836873,0.002546883173053698
2021-12-17,2.5573843090531234e-06,0.07825016873097139,-0.013231004227041713,0.00045376263810613664,-0.017664481764026393,0.0025445672351525543
2021-12-20,2.5076207759318472e-06,0.07826397429893049,-0.013232980203724836,0.0004537721265622716,-0.017642573810968273,0.002542115527944275
2021-12-21,2.503691574376636e-06,0.07827648043824445,-0.013233931507911243,0.00045378893021925546,-0.017645718805005484,0.002540918536193466
2021-12-22,2.544569889544038e-06,0.07828196468579296,-0.013235409655293056,0.00045372308638808316,-0.017670808519412204,0.00253857389495835
2021-12-23,2.4969978581208102e-06,0.07829254419587568,-0.013236983545432056,0.0004536259537696013,-0.01762699745267969,0.0025358465720673115
2021-12-28,2.51176284387584e-06,0.07830136329114976,-0.013239182222560672,0.0004537238648549695,-0.017635109474312724,0.002533799457741729
2021-12-29,2.529782543398261e-06,0.07831208736029968,-0.013240664944549004,0.00045374756015819577,-0.017626324437104532,0.0025319505633997026
2021-12-30,2.533462084415854e-06,0.07832498056073807,-0.01324169343473651,0.0004537443257130291,-0.017605693154803426,0.00252968461862306
2022-01-03,2.5765845686404932e-06,0.0783356067994876,-0.013242636906623566,0.00045382581017918604,-0.017585293410386477,0.0025280813547882354
2022-01-04,2.6339880286709093e-06,0.07835023431524285,-0.013243964479689336,0.00045375271602741973,-0.017573222849916997,0.002525801354017228
2022-01-05,2.619967763967118e-06,0.07836132560260824,-0.013245017895267004,0.0004537177019580662,-0.01753398245535434,0.0025236763056242207
2022-01-06,2.616921668598121e-06,0.07837284557364267,-0.013246494932592515,0.0004538511505611946,-0.017517906023603744,0.0025212223172661596
2022-01-07,2.6428883332255484e-06,0.07838494193405997,-0.013247612153365965,0.0004539680164532552,-0.01751653965377231,0.00251914949794032
2022-01-10,2.604256857917928e-06,0.07839808825566141,-0.013248985847905468,0.00045399070480154713,-0.017507796076817392,0.0025176078257600322
2022-01-11,2.595406537643906e-06,0.0784068616684181,-0.013250895517648369,0.000454060637013649,-0.017502720055907625,0.0025153989137390756
2022-01-12,2.6468820855466557e-06,0.07842031252938515,-0.013251709304064949,0.0004541691931211211,-0.01742239253930465,0.0025135323834256677
2022-01-13,2.645189091591058e-06,0.07843030018112274,-0.013252343765291129,0.00045409959036550075,-0.017424122004212644,0.002510854411437892
2022-01-14,2.669610975296815e-06,0.07844326060271228,-0.013254354426655582,0.0004541172178283161,-0.017433987039532445,0.0025090062356870435
2022-01-19,2.6200267299984623e-06,0.07845722644161969,-0.013256320748858165,0.0004541449375504372,-0.01743999209741419,0.002506607485617371
2022-01-20,2.577179220680247e-06,0.07846744855357025,-0.01325719290141043,0.00045429335380641476,-0.017438674188980263,0.002504306668813441
2022-01-21,2.5850101542457607e-06,0.07847464979448297,-0.013258559103461916,0.0004544600520509826,-0.017454701178725607,0.0025015305410228577
2022-01-24,2.5272617215300392e-06,0.07848732825752623,-0.013260025623688127,0.0004545516740089373,-0.017437399880383092,0.002499390506839752
2022-01-25,2.4802416288228563e-06,0.07849976785627312,-0.01326176462935093,0.0004548200841109157,-0.017420287054912303,0.0024974406518748545
2022-01-26,2.4881644726293167e-06,0.07851331010309476,-0.013262874783269834,0.0004548623751070186,-0.017407892684872486,0.0024950621686111348
2022-01-27,2.443335226110993e-06,0.07853280396072083,-0.013264610909633243,0.00045513652316306265,-0.017390418663370502,0.0024932202649543185
2022-01-28,2.4474060399163288e-06,0.0785378948106027,-0.013266503949050788,0.00045517918503512123,-0.017393124960442846,0.002489758688644768
2022-01-31,2.460846318041933e-06,0.07855221427870035,-0.01326697221423093,0.0004552666235295076,-0.017421457024099904,0.0024871257507889976
2022-02-01,2.433360649041984e-06,0.07856395897296628,-0.013267315197627604,0.0004553745163074362,-0.017431757800101838,0.002485005420834946
2022-02-02,2.451103295162145e-06,0.0785831179713005,-0.013269586062164872,0.00045546179706496654,-0.01741473059832606,0.0024823095886795194
2022-02-03,2.440155050907291e-06,0.07859779342175786,-0.013270731752453484,0.0004555020562141849,-0.017398162558488778,0.00247940803791449
2022-02-04,2.4377746125187175e-06,0.07861188050382943,-0.013273218955427334,0.00045543335127447586,-0.017382690545053786,0.002477387547225828
2022-02-07,2.4381424545250025e-06,0.07862495203705108,-0.01327480312890532,0.00045558617552136536,-0.01738136962912476,0.0024750331796010126
2022-02-08,2.4375646419569737e-06,0.07864192564683876,-0.013276121041862016,0.00045569261413381796,-0.01738076689396459,0.0024726795353429585
2022-02-09,2.43615069723811e-06,0.07865311542218738,-0.013277382553451372,0.00045564228230874455,-0.017383005700599002,0.0024697859665406474
2022-02-10,2.4269631447738086e-06,0.07866578149178202,-0.013278997508283869,0.00045566591325701554,-0.017393128370548946,0.0024670293664579676
2022-02-11,2.439932768467427e-06,0.07867613606434692,-0.013280146493072964,0.0004557625927299635,-0.017365432760769142,0.002464069971709864
2022-02-14,2.4670919172747104e-06,0.07868661112768878,-0.013281592753142907,0.0004557814590201352,-0.01737107104606604,0.0024617526701343753
2022-02-15,2.4443597578100145e-06,0.0787039175379921,-0.013282420636290317,0.0004558558695211489,-0.017362280901779645,0.002458501258288446
2022-02-16,2.446258667376428e-06,0.07871673550773997,-0.013283798725704942,0.0004557881102924844,-0.017340060075070343,0.0024556122259287174
2022-02-17,2.3850224727447192e-06,0.07873020030001233,-0.013285348232949442,0.0004559832802517894,-0.017328663263565358,0.002453364113718203
2022-02-18,2.3690121130876365e-06,0.07874287579330776,-0.013286810007578479,0.0004560677289782948,-0.01730886548781478,0.0024511446609314495
2022-02-23,2.3494341502887047e-06,0.07875486054315303,-0.013287509050287622,0.0004561724479096961,-0.017373555733852075,0.0024486605715723633
2022-02-24,2.3314202210703857e-06,0.07876578173730248,-0.013288533244260246,0.0004561886823693195,-0.017347431725665954,0.0024458190441827596
2022-02-25,2.33675571739811e-06,0.07878162910497485,-0.013290597085364947,0.0004563315635188717,-0.017359944766880853,0.0024434911466298887
2022-02-28,2.324558142760051e-06,0.07880273711724273,-0.013292547206548112,0.0004563802256096546,-0.0173314663702923,0.00244098891037817
2022-03-01,2.297147992010243e-06,0.07881797911599663,-0.013294882387170779,0.0004563229169221312,-0.017318794004479568,0.00243888993840409
2022-03-02,2.2659740418863524e-06,0.07883265453684915,-0.01329618098545832,0.0004562451109669564,-0.017324506978206047,0.0024363693875953866
2022-03-03,2.237174374627421e-06,0.07884550951701641,-0.013298447086893633,0.0004561514881964017,-0.01733936839125913,0.0024337520267415235
2022-03-04,2.2842180926309575e-06,0.07885633251167905,-0.01330085993450432,0.0004562444750905103,-0.0173784568310682,0.002431834001373203
2022-03-07,2.3529060352425393e-06,0.07886854997100153,-0.013302824657339467,0.00045629359718833587,-0.01736630333623597,0.0024293147062207695
2022-03-08,2.3692564580946463e-06,0.07888126123422684,-0.01330460520711909,0.0004562905599122388,-0.017348257485830673,0.002427656620052395
2022-03-09,2.3754487715337317e-06,0.07889148400288172,-0.01330665641068054,0.0004563907390393708,-0.017362695750746227,0.002425754389750407
2022-03-10,2.363930282865001e-06,0.07890141896466701,-0.013308062109181933,0.00045661675301711586,-0.01733639463566812,0.0024230219230692972
2022-03-11,2.327167409011248e-06,0.07891442889347272,-0.013310774178943992,0.00045662449793595504,-0.01734102199216249,0.002420342140006502
2022-03-14,2.3083508779453974e-06,0.07892290933995934,-0.013312684822967338,0.00045661015870147707,-0.017317875360390797,0.002418249375496201
2022-03-15,2.2983908127625745e-06,0.07892894241431184,-0.013313919835899543,0.0004566494470952245,-0.017329970826371333,0.002416866853607727
2022-03-16,2.2834011367664275e-06,0.07893779209540962,-0.013316017223147528,0.00045690410555298915,-0.017326484520760813,0.002414962236280006
2022-03-17,2.3149051526659734e-06,0.07894300502122874,-0.013317745753338115,0.0004570013756069308,-0.01729388867879507,0.002413236769364507
2022-03-18,2.2940649678798464e-06,0.07895486209496082,-0.013319747376818456,0.00045718311499734065,-0.01726607224671807,0.002410811206999582
2022-03-21,2.258134138632281e-06,0.07897136758648973,-0.01332147951650623,0.0004573083214434153,-0.017238929591933252,0.0024082552558907897
2022-03-22,2.213125306062456e-06,0.07897512675634245,-0.013323347708045417,0.00045725780083095166,-0.01723665520397906,0.0024063909261398454
2022-03-23,2.198876269056429e-06,0.07898739616253321,-0.01332493055639893,0.0004573742057467047,-0.017216887872045297,0.0024048732421524744
2022-03-24,2.1553729162764675e-06,0.07899717638039362,-0.013326066456811628,0.00045749517434818935,-0.01722385637381331,0.0024025683108784635
2022-03-25,2.1726509662024703e-06,0.07900492028934945,-0.013327675365791106,0.0004575702940376945,-0.01721808990625917,0.002400621010698571
2022-03-28,2.1625061120309033e-06,0.0790127492520176,-0.013328953598124228,0.00045753756926879133,-0.01724085188547954,0.0023982033077741827
2022-03-29,2.177470844333943e-06,0.07902248913588229,-0.013330530508886412,0.00045748414803701545,-0.017295966411042904,0.002395379733161116
2022-03-30,2.0980917171074256e-06,0.07902784450479333,-0.013332787102439096,0.00045748495484327343,-0.017263032457089475,0.002393124338949498
2022-03-31,2.070056896223693e-06,0.07904168385807836,-0.013334660300085493,0.00045760714058870285,-0.017252304784451,0.0023913056898248425
2022-04-01,2.0639302153198353e-06,0.07905017359238942,-0.013336246255771568,0.00045775045806573523,-0.0172353611392453,0.0023890836414552454
2022-04-04,2.040229497561445e-06,0.07906011336176792,-0.01333825212054315,0.00045771699123247505,-0.017264703262034456,0.0023864574941333543
2022-04-05,2.034738600437892e-06,0.07907485402293042,-0.013340125453138467,0.0004578529074161275,-0.017295055356333702,0.0023837470514228892
2022-04-06,2.0389124429051776e-06,0.07908757886089862,-0.013341662535846989,0.00045798919475211104,-0.0172820778666323,0.0023817721033630784
2022-04-07,2.047744403403789e-06,0.07909676567484568,-0.013343718876064418,0.0004581843057201309,-0.017255875137829196,0.0023789760859098483
2022-04-08,2.010561019275716e-06,0.07910550784151865,-0.01334614146289662,0.00045811327128542816,-0.017213295931104933,0.002377561873517727
2022-04-11,2.0041124394895528e-06,0.07911393357771392,-0.01334753819563227,0.0004581149371298839,-0.017167567367064374,0.0023752812832086565
2022-04-12,1.9943527658605444e-06,0.0791270125127674,-0.013349715409336577,0.0004580627966602362,-0.017130238620236937,0.0023733001098102087
2022-04-13,1.9357636694490625e-06,0.07913952313141205,-0.013351079216168791,0.0004581509187648004,-0.017122969008389027,0.002370913615486098
2022-04-14,1.940523058177932e-06,0.07915129723266606,-0.013353227673522634,0.0004582736639175797,-0.01711954305845835,0.002369739020841403
2022-04-19,1.9272408776146316e-06,0.07916458087160641,-0.01335426508775864,0.0004583919318905354,-0.01712254017132389,0.002367470288676698
2022-04-20,1.9886185366269554e-06,0.07917236839162178,-0.013356335667343903,0.000458330854070574,-0.017146116173754375,0.002365186890592458
2022-04-21,1.9624327411900692e-06,0.07918137862108704,-0.013358495913446948,0.00045842302088437215,-0.01713767496038246,0.0023626123907018177
2022-04-22,1.940984547730735e-06,0.07919265026144223,-0.013360394653492737,0.0004584988087494474,-0.017153883684785765,0.002360954406540934
2022-04-25,1.9345107350814638e-06,0.07920103782144773,-0.013362439065111701,0.0004585169588754061,-0.01715403914347699,0.0023581662242616367
2022-04-26,1.91860718215917e-06,0.07921813238296094,-0.013364001408636889,0.0004587211149386166,-0.017151833889794854,0.0023546646491690634
2022-04-27,1.8796547395678604e-06,0.07922759377307026,-0.01336563839888582,0.0004588138107126979,-0.017159342446421103,0.0023525677539470223
2022-04-28,1.9089994327084096e-06,0.07924007147126194,-0.013367659408214081,0.0004589130137927581,-0.017178489624621485,0.0023511971448232174
2022-04-29,1.9248942773867657e-06,0.07925806408082443,-0.013369414910359445,0.00045900800200923003,-0.017209130693396094,0.002349562733658973
2022-05-02,1.9577069548614947e-06,0.07926675541481971,-0.013371508882740754,0.0004591804390467807,-0.017209434660095363,0.00234766112976982
2022-05-03,1.9295152322832987e-06,0.07927074164877496,-0.013373270865312488,0.00045938076311252533,-0.017205238803700562,0.002345135104431141
2022-05-04,1.9445311708585255e-06,0.07927963055928787,-0.013375114791944321,0.00045936709024706126,-0.01720230414026297,0.002342717590735732
2022-05-05,1.9141444015118616e-06,0.07928973861120799,-0.013377212500599159,0.00045934862113942054,-0.017179370535337746,0.002341061691611364
2022-05-06,1.8589934452118312e-06,0.07930041101526589,-0.013378328017174418,0.0004593329319534024,-0.01716384171407266,0.0023385602794088398
2022-05-09,1.9164798593245035e-06,0.07930479144446442,-0.013380586533368044,0.00045955095829179073,-0.01719512922014979,0.0023364970189941117
2022-05-10,1.8696184589296768e-06,0.07931660867764448,-0.013382123573349681,0.0004596092592309409,-0.017166294701884757,0.002334169408765079
2022-05-11,1.8568467485948555e-06,0.07933275491228564,-0.013384788436807923,0.0004595813224625837,-0.017136547551113476,0.0023324208685749264
2022-05-12,1.9054593302034601e-06,0.0793435718726595,-0.013386331780914671,0.0004597316807967921,-0.0171101696519613,0.0023300386513445993
2022-05-13,1.9667098190682432e-06,0.07935504358964031,-0.013388012901519593,0.00045970270620385926,-0.017077450583989004,0.002328322417827708
2022-05-16,1.9363625590322245e-06,0.07936523285984372,-0.013390006079806248,0.0004597093859561187,-0.017099279282781044,0.0023261702848665525
2022-05-17,1.963379384755729e-06,0.07938199443610112,-0.013392043739200273,0.00045961616923149073,-0.017088059623417792,0.002324484844692804
2022-05-18,1.9585007020130513e-06,0.07939316053666008,-0.013394709891147851,0.0004596143135937959,-0.01706357945186633,0.0023225788965119923
2022-05-19,2.0149372021446106e-06,0.07940779147865501,-0.013396214950608058,0.0004594123496561923,-0.01707524029781604,0.0023201181982999866
2022-05-20,2.0041155620950527e-06,0.07941333923783367,-0.01339862380808035,0.00045943572655367487,-0.01712796390660888,0.00231833803359783
2022-05-23,1.973809511595604e-06,0.07942591950826118,-0.013399928183927705,0.0004593992079822012,-0.01706294655576486,0.0023156806565783807
2022-05-24,1.98118399774199e-06,0.07943756292650676,-0.013401706164343956,0.00045940768215274824,-0.017058083359824755,0.002312724172381464
2022-05-25,1.971419398453546e-06,0.07945176949672815,-0.013403206008490516,0.0004593125695578859,-0.017042852194008362,0.0023111544281380317
2022-05-26,1.944818421973374e-06,0.07946202701498069,-0.013405549761855253,0.0004592612716377147,-0.017060985077130914,0.0023101270377472245
2022-05-27,1.9622472921799577e-06,0.07947734565325566,-0.01340668421126481,0.00045935698722075616,-0.01705088221699208,0.0023081272886047183
2022-06-01,1.9516011885386576e-06,0.07949222883969796,-0.013408359674510976,0.00045936093663001803,-0.017047255063322886,0.002305761104759297
2022-06-02,1.9789101730835083e-06,0.07950203488628138,-0.013410217297685618,0.0004593928653967462,-0.01704456408916344,0.0023028592362432077
2022-06-03,1.9918683675902385e-06,0.0795098571088612,-0.013411360869656679,0.0004595491352293626,-0.017008298129179103,0.0023003660192249713
2022-06-06,1.9703636351752445e-06,0.07951942560770997,-0.013412973968772626,0.00045950906537097077,-0.01698993269749867,0.0022985937207715803
2022-06-07,1.968755046809464e-06,0.0795291256499741,-0.013414998816511465,0.0004595042630685664,-0.01696539517935544,0.002296483514076837
2022-06-08,1.959518986949105e-06,0.0795398904518869,-0.013416696490279531,0.00045966680312056524,-0.01693201355829005,0.002293899965377793
2022-06-09,1.9653721983708505e-06,0.07954780226742075,-0.013418202319447946,0.000459547170976143,-0.016924654327358124,0.002291538484722098
2022-06-10,1.9049392606806806e-06,0.07955738566518178,-0.013420356175853536,0.0004594943663748612,-0.01693286118482877,0.0022894318632156467
2022-06-13,1.8492561263784227e-06,0.07956413146871608,-0.013422744203257505,0.0004594542953430997,-0.016917403674998957,0.002287248585155604
2022-06-14,1.864926099623171e-06,0.07956921533446006,-0.013425094750646634,0.0004593668035760114,-0.01691844680731841,0.0022854152993388678
2022-06-15,1.8536499875917962e-06,0.07958386975092,-0.013426662872572742,0.00045940006843724415,-0.01690741003387304,0.002283641783164364
2022-06-16,1.878811866326633e-06,0.07959536035926848,-0.01342864393757636,0.0004594508327103238,-0.01687217153393311,0.0022821991789077453
2022-06-17,1.9115650522905098e-06,0.07960818976951571,-0.013431012898305256,0.0004595988232695909,-0.016880756929001595,0.0022809980878706654
2022-06-22,1.9409868959747707e-06,0.07961767617424391,-0.01343258927608115,0.0004596906426547057,-0.01691401691195936,0.002279382952319192
2022-06-23,1.9326323060665904e-06,0.07962521436767205,-0.01343414180903685,0.0004597261799989005,-0.016898788022801148,0.0022777150148330498
2022-06-24,1.9396980307918963e-06,0.07963664040447946,-0.01343688983964747,0.00045983187484536483,-0.01691939105241208,0.002275814709049884
2022-06-27,1.939217777372832e-06,0.07965099679871522,-0.013439222085589415,0.00045989434790167565,-0.016890104085558244,0.0022741018482150582
2022-06-28,1.9014797596451997e-06,0.07966524729492781,-0.013441069429514736,0.000460118568091141,-0.016863519094666504,0.002272010577760762
2022-06-29,1.9144496155264326e-06,0.07967329764383647,-0.013442482690244215,0.0004600374923898284,-0.016869579281912295,0.002269817479364216
2022-06-30,1.9497514976220026e-06,0.07967828143309916,-0.013444590386994925,0.00046022150049485164,-0.01686988234896329,0.00226764408714659
2022-07-01,1.960265557291897e-06,0.07969193022485009,-0.0134472988230822,0.0004603574475894491,-0.016840146938993106,0.0022651087117450766
2022-07-06,1.958566360400646e-06,0.07970121918377705,-0.01344886397773547,0.00046037274112142813,-0.016819837647028907,0.0022636441528175793
2022-07-07,1.878049164218674e-06,0.07971453464272538,-0.013450471937356327,0.00046048254573713963,-0.01680037469934681,0.0022617322088983286
2022-07-08,1.873009334615438e-06,0.07972994713797218,-0.013453143111045202,0.00046056686361345845,-0.016786747449681352,0.002259065355693717
2022-07-11,1.9134200692328638e-06,0.07973995441864037,-0.013454684774089449,0.0004604839975384602,-0.0167807520109695,0.0022573555495745113
2022-07-12,1.889956235340715e-06,0.07975060888276374,-0.013456084016276104,0.00046047948532312486,-0.016781637993366294,0.0022559475415035485
2022-07-13,1.9514276987290217e-06,0.0797657135227127,-0.013458197531202783,0.00046064452527232473,-0.016756064414993777,0.002253628161262934
2022-07-14,1.9482129194217066e-06,0.07978055300142677,-0.013460735574893858,0.0004606558284701045,-0.016728052556382614,0.0022514326493000697
2022-07-15,2.008066445058438e-06,0.07978895167344158,-0.013462707514404176,0.00046082298024825654,-0.01669250602038827,0.002249388539234502
2022-07-18,2.0419216951242787e-06,0.07979509966691982,-0.013464279722450248,0.00046097566653271473,-0.016670089816566327,0.0022471212005337063
2022-07-19,2.071345222780634e-06,0.07980786314107555,-0.013466624135689864,0.00046119504969379776,-0.01663742769825638,0.0022445759319573693
2022-07-20,2.0736048898593033e-06,0.07981504877462736,-0.01346868814610009,0.0004610721461307092,-0.01659014265857274,0.0022426888576909092
2022-07-21,2.0843325293547622e-06,0.07982112174720157,-0.013470422329321304,0.0004611877591933341,-0.016528064210754978,0.0022410291622987997
2022-07-22,2.0380501851512378e-06,0.07983148127084631,-0.013473225230123788,0.0004611870712056983,-0.01652018377930052,0.0022402258271233917
2022-07-25,2.097682863345856e-06,0.0798423966733035,-0.01347521507949084,0.0004612658181743271,-0.016493851662856204,0.002237899626872084
2022-07-26,2.0464416888390006e-06,0.07984190672100704,-0.013477753222700714,0.000461392665832015,-0.016448350163338316,0.00223587002852175
2022-07-27,2.1118154067823044e-06,0.07985134241093873,-0.013480345305248257,0.00046144037617507885,-0.016460274947333958,0.0022336862031613076
2022-07-28,2.1394418870764644e-06,0.07986436087056188,-0.013482160320565878,0.0004616164592115749,-0.016462003982162507,0.0022314973039450313
2022-07-29,2.171349662572324e-06,0.07987411978824122,-0.013484350139075844,0.00046166129263781387,-0.016440594544755785,0.0022295859871571226
2022-08-01,2.163913412855158e-06,0.07987932381293063,-0.013486470433465039,0.0004617291076737352,-0.016419193015648897,0.0022269554036281323
2022-08-02,2.211665366494902e-06,0.07988552316304508,-0.013488479535974027,0.0004617835052055596,-0.016394558442570956,0.002223570710676105
2022-08-03,2.206799473295656e-06,0.07989052139877612,-0.013490920664919059,0.00046177932414577516,-0.01635690923470784,0.00222187131535273
2022-08-04,2.2284482604292025e-06,0.07989644050601735,-0.013492777125743144,0.00046187699080446414,-0.016348823978549476,0.0022200775445725377
2022-08-05,2.2215250070939423e-06,0.07990631356104679,-0.01349519148458926,0.0004619099444431455,-0.01633560919863919,0.0022184674911868434
2022-08-08,2.2292633694969826e-06,0.07991608310822843,-0.013497913490279699,0.00046204562599826084,-0.016309725288232338,0.002215636126716526
2022-08-09,2.1802026418047673e-06,0.07992711132612938,-0.013500131153486968,0.0004621229656011905,-0.016287058626265644,0.0022139653568309754
2022-08-10,2.1200614588642565e-06,0.07994180983874433,-0.013501678177169005,0.00046226903738697076,-0.01628705640825366,0.0022108858303660694
2022-08-11,2.125772397851947e-06,0.07995463259338526,-0.013504025184296347,0.00046237168359859423,-0.016259105042736324,0.0022083271605687436
2022-08-12,2.1213427748485736e-06,0.07996316535632828,-0.013505312564784398,0.00046253509291936386,-0.01629597201990464,0.0022060014498580284
2022-08-15,2.1043018369966594e-06,0.07997303439865543,-0.013507509555202087,0.00046268641536970285,-0.016308403407807606,0.0022033983731099952
2022-08-16,2.1293023422669106e-06,0.07998548419835874,-0.013510278232032578,0.0004628991442030096,-0.016286572152960713,0.0022012064625456275
2022-08-17,2.122280553157262e-06,0.07999967335355125,-0.013512396321680045,0.0004630718186511691,-0.01623745061598586,0.002199789771052268
2022-08-18,2.1525216084135958e-06,0.08000297841651133,-0.013513513085397515,0.00046291927323767565,-0.016227193036679716,0.0021977544650147013
2022-08-19,2.152538227355062e-06,0.0800131117402735,-0.013515855965559362,0.00046299018830733656,-0.016231950723778032,0.0021952963263026097
2022-08-22,2.17194278944809e-06,0.0800186599377754,-0.013518088299244627,0.0004632377431069406,-0.01622942555764194,0.0021942689780349843
2022-08-23,2.201115833627969e-06,0.08002632479130072,-0.01351927728223525,0.00046343080891136695,-0.01621978962818474,0.002192491970264844
2022-08-24,2.1848986050349375e-06,0.08003290381334392,-0.013521232016910165,0.000463441000714305,-0.01623812657287972,0.002191497582148306
2022-08-25,2.2016003419108964e-06,0.08004105025578095,-0.013523978073796732,0.00046351416597853305,-0.016226746200789413,0.0021900685072809064
2022-08-26,2.1999953739856517e-06,0.0800531743060539,-0.013525847259843569,0.00046355007458850244,-0.01621112328495644,0.00218831267111621
2022-08-29,2.219804851063577e-06,0.08006245079839885,-0.013527653920213538,0.00046367106493832547,-0.016197218562849572,0.0021859367854022566
2022-08-30,2.2835710304019643e-06,0.08007842768435024,-0.013530344889616191,0.00046353502697745667,-0.01622256298151291,0.002183472786177727
2022-08-31,2.33780281192115e-06,0.08009117226992143,-0.013531871119935448,0.00046363886942710057,-0.016210679562358707,0.0021807131267194313
2022-09-01,2.3696613966801307e-06,0.0800995251863653,-0.013534128983124023,0.0004639200190491128,-0.016201879999354657,0.0021795598440999763
2022-09-02,2.401943966225139e-06,0.08011149421315622,-0.013536641867270232,0.0004640912650766574,-0.016193057659709145,0.002177171161168114
2022-09-07,2.4249662489096897e-06,0.08012650295572261,-0.013538844552983587,0.00046438201088489113,-0.016208195465175074,0.0021754005989416338
2022-09-08,2.4655308867891035e-06,0.08014039866177652,-0.01354127198409298,0.0004643626061773702,-0.01618137892645427,0.0021730391604993272
2022-09-09,2.463753555392395e-06,0.0801519379176012,-0.013542797028377794,0.00046440051764830824,-0.01621507727527828,0.00217125780867041
2022-09-12,2.4702382804504466e-06,0.08016623449013792,-0.013544725835139373,0.00046450585380661367,-0.01620068252345651,0.002169015244819905
2022-09-13,2.4697658104218376e-06,0.0801751583383723,-0.013546440113005716,0.000464682052361254,-0.01617566832187209,0.002165816142723714
2022-09-14,2.455701829469096e-06,0.0801839989661913,-0.013548644118456288,0.00046483608278173475,-0.01613762348533472,0.0021643109798658478
2022-09-15,2.4527600123679094e-06,0.08019385976330809,-0.013550378363104952,0.000464835101730775,-0.016135548484724427,0.002161730592318837
2022-09-16,2.469294808217951e-06,0.08020371398839982,-0.01355164364873914,0.0004648978156824669,-0.016144042996067906,0.0021600773491514537
2022-09-19,2.459545680840884e-06,0.08020652143724737,-0.013553416433420663,0.0004649517422535345,-0.016120927815925556,0.0021578910706537414
2022-09-20,2.476501755002125e-06,0.08021505638389462,-0.013555892260486228,0.0004651210377997479,-0.016099879770023806,0.0021565945425334114
2022-09-21,2.4779805928645815e-06,0.08022272963649445,-0.013557636561021939,0.0004653142457829892,-0.016067604873466035,0.0021542766748318424
2022-09-22,2.476368767621577e-06,0.08022867549307294,-0.013559767530629863,0.00046525260841578193,-0.016040569487604697,0.0021527859253820548
2022-09-23,2.5218104500747656e-06,0.08024331797587365,-0.013561107082420028,0.00046540678169353555,-0.016017017483541007,0.002151157363703121
2022-09-26,2.5453876991244153e-06,0.0802558294547655,-0.013563845016599923,0.0004654923699028646,-0.016019544486508122,0.0021483541377413677
2022-09-27,2.541594043100858e-06,0.08027023527742615,-0.013565882104805626,0.0004655656867815298,-0.01601003329785569,0.002146704594856661
2022-09-28,2.552136486247216e-06,0.080283209591297,-0.01356782629972438,0.00046555237194809834,-0.01598261728902954,0.0021450142764098726
2022-09-29,2.5755099521314746e-06,0.08028196674637272,-0.013569208126402364,0.0004656584078192448,-0.01593141267037032,0.0021432993920772587
2022-09-30,2.6034027291384513e-06,0.08029347589643003,-0.01357084199496019,0.00046569151143871956,-0.01594174791824536,0.0021410667382491294
2022-10-03,2.5973426494555916e-06,0.0802989841467406,-0.013572297264224816,0.00046582185796286443,-0.015939265474106845,0.0021395302355179365
2022-10-04,2.6300074565608207e-06,0.08030782220074917,-0.013574143606794787,0.00046598196325566433,-0.01589171050196886,0.002138020914930832
2022-10-05,2.6991045277942934e-06,0.08031543659164533,-0.013576105456685727,0.00046595022794873294,-0.015861230774189064,0.002135686998874252
2022-10-06,2.737680544979309e-06,0.08032025625164059,-0.013577346687867604,0.0004658528487028401,-0.015877340790103597,0.0021333430471804802
2022-10-07,2.769858982677075e-06,0.08032778672340098,-0.01357887674066057,0.00046586383611079004,-0.01586995680836828,0.002132232102849661
2022-10-12,2.74854384653559e-06,0.08033790625789206,-0.013580563691183645,0.00046594228647935077,-0.015872078884941382,0.0021302778962886803
2022-10-13,2.745284215161214e-06,0.08034013554738123,-0.013582551143356486,0.0004660530961368456,-0.015856898032543337,0.0021284926249401336
2022-10-14,2.732118655800585e-06,0.08034891694247082,-0.013584015407995309,0.000466031576797488,-0.015848246765727797,0.002127152681019378
2022-10-17,2.7541993930834053e-06,0.0803525172403192,-0.01358623275927361,0.0004659557228665561,-0.015790465577324678,0.0021252117994824296
2022-10-18,2.8012906808840015e-06,0.08035789878921226,-0.013588341286156746,0.0004659967150831627,-0.0157863203795226,0.0021241444856628863
2022-10-19,2.80148057114225e-06,0.08036092999775238,-0.013589434220780319,0.0004661868005476471,-0.015791144948462302,0.00212221279436462
2022-10-20,2.852443448414632e-06,0.08036507636962864,-0.013590674548342278,0.000466207563395715,-0.015755155130314266,0.002119627091737952
2022-10-21,2.8436933638205413e-06,0.0803771674427711,-0.013592873231461862,0.00046620478237827416,-0.01573306197445716,0.00211810244181103
2022-10-24,2.857598883823748e-06,0.08038000196129394,-0.013594152245573527,0.00046629098166105893,-0.015699708883099253,0.0021161136371052507
2022-10-25,2.8236367242542507e-06,0.08038531730194165,-0.013595924985499766,0.0004663394637114967,-0.01571578132294882,0.0021137788559809556
2022-10-26,2.8989860409953805e-06,0.08039080136396401,-0.013597755338977242,0.0004661895189950905,-0.015694391259742577,0.0021116528986213656
2022-10-27,2.9388575939614804e-06,0.08039703150362773,-0.013599896893277253,0.0004662100606551158,-0.01571085030232186,0.0021097045205828876
2022-10-28,2.9271466629648344e-06,0.08040165100555044,-0.013601614663685339,0.00046619083051504064,-0.015715706534806806,0.0021079650790393058
2022-10-31,2.926447377789212e-06,0.0804065362808829,-0.013603357395923815,0.00046614166840392747,-0.01568052395137383,0.002106674724047675
2022-11-01,2.967645863517413e-06,0.08041277024715254,-0.013605052681856206,0.0004661769576572148,-0.015663895251454563,0.0021037402899689974
2022-11-02,2.923105925101168e-06,0.08042185122065246,-0.013606063826650179,0.0004662117881282273,-0.01566674434030768,0.002102340084416844
2022-11-03,2.9780075801392184e-06,0.08043128084209149,-0.013607406206901781,0.00046629440038865216,-0.01567889199116268,0.002100047313306481
2022-11-04,2.9820453568950582e-06,0.08043441152591584,-0.013609553909770212,0.00046646087880912435,-0.015677269501041063,0.002098524392365338
2022-11-07,3.0144722585098813e-06,0.08044227377001757,-0.01361029590368088,0.00046665557940874024,-0.015682006303546228,0.0020980163213618324
2022-11-08,3.0474420218432134e-06,0.08044947735872526,-0.01361208835901376,0.00046678184883191284,-0.0156675714635941,0.002096177251763458
2022-11-09,3.0526449439241776e-06,0.08045468580935121,-0.013613508303343872,0.0004669136113911672,-0.015653274406033924,0.0020949169602516534
2022-11-10,3.098641610126292e-06,0.08046247761990198,-0.013615483458182387,0.0004668419298429139,-0.015682140697076297,0.0020935789606091057
2022-11-15,3.0853598341956857e-06,0.08046429254593483,-0.013616913189665113,0.00046686367008461614,-0.01567053851650739,0.0020929922557862426
2022-11-16,3.0800093974450525e-06,0.08046867538856024,-0.01361867855123709,0.0004668268456668516,-0.01565755683088517,0.002091480651434032
2022-11-17,3.077552105031138e-06,0.08047878625951478,-0.013620417062055048,0.00046679997173900735,-0.01567406414233595,0.0020897724285940584
2022-11-18,3.142140024979843e-06,0.08048576712559728,-0.013621473325242748,0.0004668368140226406,-0.015697112089992457,0.0020878951101355615
2022-11-21,3.193840848325546e-06,0.08049318198318713,-0.013622839206758495,0.00046689115691727766,-0.01567403734055782,0.0020860270845461937
2022-11-22,3.2131060870213134e-06,0.08049611791863287,-0.013624474520951443,0.000466949346291354,-0.015647863098231032,0.0020836590828350234
2022-11-23,3.164603732044608e-06,0.0805010052311879,-0.013625909666900885,0.0004669854839428485,-0.015640505215024053,0.002081748938768677
2022-11-28,3.1837444504253094e-06,0.08050595372230761,-0.013627945550782394,0.00046702705942765546,-0.015599406485451467,0.0020803685820383984
2022-11-29,3.1384086389795026e-06,0.08051070606468282,-0.013629191475360918,0.0004672355857470423,-0.015620171259074125,0.0020787031884725105
2022-11-30,3.219075846873213e-06,0.08051791831850248,-0.013631791621748435,0.00046742367751383086,-0.015585493683395915,0.002078157620338989
2022-12-01,3.25136881201443e-06,0.08052813549793737,-0.013633668675404768,0.0004674481941200643,-0.015530889585867708,0.002075816400370606
2022-12-02,3.2318488419089364e-06,0.08052726999862016,-0.013635081363913231,0.0004674918916393418,-0.015474890906228764,0.00207413760008425
2022-12-05,3.258560256895471e-06,0.08053015695830594,-0.013636214010022393,0.000467468524199311,-0.015505673777574697,0.002072404905816784
2022-12-06,3.2603882847906515e-06,0.08053886168959243,-0.013638102683407637,0.0004676040949555126,-0.015446197480192922,0.002070105026822481
2022-12-07,3.231143933493525e-06,0.08053987094765638,-0.013639015504113203,0.00046774181703887854,-0.015479621500734925,0.002068017483318851
2022-12-08,3.2758000709930704e-06,0.0805455650857488,-0.013640318025362396,0.0004677502047491283,-0.01544587239234338,0.0020656203877500267
2022-12-09,3.251514666998445e-06,0.08054805559241422,-0.013641498677186687,0.0004677465693762253,-0.015473539398136102,0.0020640075466574234
2022-12-12,3.2452295930053744e-06,0.08055214648605166,-0.013642958196613956,0.0004677345692962404,-0.015422008259815101,0.002061939111615666
2022-12-13,3.2554103926957874e-06,0.08055684721028736,-0.013643132457442373,0.00046794610652537295,-0.015382950174082546,0.002061112688430363
2022-12-14,3.2439452211866496e-06,0.08056417209951082,-0.01364416313366531,0.00046788369799475064,-0.015378738309932347,0.0020594367695605455
2022-12-15,3.258938692603697e-06,0.08057096676370144,-0.013645516575661511,0.0004679374397832031,-0.015369721678700932,0.002057628212799065
2022-12-16,3.252069671783793e-06,0.08058252538406974,-0.01364687878768042,0.0004680015718509377,-0.015381997686043675,0.002055792120488394
2022-12-19,3.266769589281549e-06,0.08058706366622034,-0.013647603389066445,0.00046813049563974645,-0.015395998777114117,0.0020539653848972417
2022-12-20,3.2891230604552605e-06,0.0805938844589302,-0.013648781130102521,0.0004679661415507533,-0.015357644817156277,0.002052605502555047
2022-12-21,3.280642545824635e-06,0.08060190888494854,-0.013649692874590487,0.0004679399216888098,-0.015326750672088219,0.002051318427569389
2022-12-22,3.2794095509078563e-06,0.08061346278320039,-0.01365110485707918,0.0004679661702460683,-0.015290619388055343,0.002050003227669722
2022-12-23,3.311879250710389e-06,0.08062363249674302,-0.013653532567384719,0.0004678457565931814,-0.015263047995115964,0.002048913552843417
2022-12-28,3.2990084858739197e-06,0.08062778416157973,-0.013655052381369914,0.00046788570362899635,-0.015267236670248527,0.002046929535291666
2022-12-29,3.285699426472326e-06,0.08063254884917495,-0.013656752367050202,0.0004677767059365164,-0.01526515792013143,0.0020446129904538373
2022-12-30,3.2910184627775506e-06,0.08063318018944518,-0.013658611771953945,0.00046772080053780025,-0.0152220181464848,0.0020422893831606097
2023-01-04,3.2738874927021387e-06,0.08064060604792987,-0.01365983102446575,0.00046770105793967243,-0.015157185536988874,0.002040655316286097
2023-01-05,3.286718495279503e-06,0.08064083486455813,-0.013660960468218618,0.00046770411136124335,-0.015137856067299837,0.002038791040603803
2023-01-06,3.2750397618252868e-06,0.0806429272885858,-0.013662958279327418,0.00046763186407398287,-0.015124820217850873,0.0020375546996708625
2023-01-09,3.225031337948211e-06,0.08064810373877737,-0.013664004424005583,0.0004675672242524133,-0.015138182529663341,0.0020357817071412544
2023-01-10,3.213908843809074e-06,0.08065093942002519,-0.013664996833385226,0.00046749704912166267,-0.015128227463833369,0.002034582967676512
2023-01-11,3.209509836559312e-06,0.08065636690248648,-0.013665377557375244,0.00046753299002230155,-0.01514198950051067,0.0020339121556280063
2023-01-12,3.2086866716281418e-06,0.08066297943347278,-0.013666174534178527,0.00046767827659900554,-0.015117537920997015,0.002032967176602854
2023-01-13,3.2354877460513437e-06,0.08067130402152889,-0.01366758365480115,0.00046775644587090405,-0.015109777897887477,0.0020322830798699737
2023-01-18,3.2201631074302176e-06,0.0806755581021157,-0.013668389969035766,0.00046763974229540185,-0.015097657432418601,0.002031021904142897
2023-01-19,3.1856977452216444e-06,0.0806832745798953,-0.013670318200169266,0.000467623202601032,-0.015105823912380106,0.0020292174513750548
2023-01-20,3.160362149743113e-06,0.08068786904740997,-0.013671266469015477,0.0004676007009839187,-0.015087587366777788,0.0020266562082632148
2023-01-23,3.140616158009692e-06,0.08068829463936902,-0.01367257323115933,0.0004676393871830103,-0.015019940735632065,0.0020246472969263915
2023-01-24,3.1418036844853384e-06,0.08068660455179597,-0.013673899308848898,0.00046755009312757906,-0.015000895320754007,0.00202366713741619
2023-01-25,3.142609987360947e-06,0.08069135371803271,-0.013676126085607278,0.0004674657885967929,-0.014942606438485842,0.002022545014106573
2023-01-26,3.1687982471257286e-06,0.08069372053247903,-0.013677169257215627,0.00046736328417408665,-0.01492171196328014,0.0020205448196097438
2023-01-27,3.147628426560859e-06,0.0806966853114463,-0.013677817907220363,0.00046741610371765427,-0.014891124031836622,0.0020189322489663993
2023-01-30,3.143351174268491e-06,0.08070348909076938,-0.013679249146676694,0.0004674185900330394,-0.014852185948761976,0.0020176740009275307
2023-01-31,3.102132752183241e-06,0.08071107156257981,-0.01368051352191724,0.00046739501917491654,-0.014871403452080337,0.0020158832554266672
2023-02-01,3.0670065191058555e-06,0.08071283464007689,-0.013681864576623022,0.0004673055759828644,-0.014839087256158304,0.0020141930089026044
2023-02-02,3.026515888356998e-06,0.08072127991638581,-0.0136828797748896,0.00046723292767398043,-0.014837663983080479,0.002012931745391239
2023-02-03,3.0042802095308447e-06,0.08072409704175304,-0.013684576237591978,0.000467279856946799,-0.014893794938726473,0.0020125470245910106
2023-02-06,3.0066107397807613e-06,0.08072399244705943,-0.013685091144482273,0.00046718570458424333,-0.014902898205692475,0.0020109086692118687
2023-02-07,3.043138576180239e-06,0.08073108063000389,-0.01368566428028429,0.0004671608204756261,-0.014905483070186618,0.0020095218860114983
2023-02-08,3.0564221486027965e-06,0.08073428019366109,-0.013685798470169949,0.0004671434806183234,-0.014881106534286467,0.002008844165019761
2023-02-09,3.0543774565098294e-06,0.08074181273386309,-0.013686601914792854,0.00046728175045258034,-0.014915233419363377,0.0020077848017611795
2023-02-10,3.0525329232841534e-06,0.08074680179013988,-0.01368781329000206,0.00046731511853653394,-0.014894465343193372,0.002007114701395546
2023-02-13,3.065871118829996e-06,0.08075110270739833,-0.013688844603248386,0.00046731347487077347,-0.014872621376881057,0.0020056985517668924
2023-02-14,3.0289829233451593e-06,0.08075710209983611,-0.01369035030419782,0.0004672596547960812,-0.014878638914459133,0.002003212335979242
2023-02-15,3.024701873940278e-06,0.0807647153921017,-0.013691380289693949,0.0004673161171098874,-0.014884640848509573,0.002001404461813942
2023-02-16,3.028639694274167e-06,0.08077238343311546,-0.013692353044709789,0.00046729519318286245,-0.014892580559552643,0.0020003507452663557
2023-02-17,3.0625092632154794e-06,0.0807720495246408,-0.013693319819504902,0.0004673151936263688,-0.014874280929973241,0.0019983584021999114
2023-02-22,3.07176584128607e-06,0.08078049111164401,-0.013695207905890357,0.00046728328118796276,-0.01483474746488618,0.001996489976920512
2023-02-23,3.0892592866934584e-06,0.08078385560585898,-0.013696296366473418,0.0004672438411068579,-0.014838943122663512,0.001994657142458388
2023-02-24,3.081832954831797e-06,0.08078928177359741,-0.013697670234218529,0.0004673631743239917,-0.014861701028532945,0.001993263537033415
2023-02-27,3.0536305583557733e-06,0.08079802115881797,-0.013698469604031597,0.0004674777535603261,-0.014870990867546216,0.0019910178969887427
2023-02-28,3.0641477582315363e-06,0.08080632882550644,-0.01369957710350677,0.0004675149522783837,-0.014835948408583405,0.001988948030355093
2023-03-01,3.0535436457825656e-06,0.08080997640113485,-0.013701452771724233,0.00046763955149134613,-0.014784219464727869,0.001987819317937807
2023-03-02,3.0901247186217683e-06,0.08081728794444587,-0.013702682286229156,0.00046774441292997805,-0.014804665239317949,0.001985958236479138
2023-03-03,3.0744506278406435e-06,0.08082439971960513,-0.01370420839463895,0.000467780842324167,-0.014752363966178322,0.0019848776112349406
2023-03-06,3.1194908197051323e-06,0.08082886988552057,-0.013705655686221736,0.00046779496163714307,-0.014761758014831261,0.0019831437739509746
2023-03-07,3.1510904666236646e-06,0.08083334687732867,-0.013706389445134925,0.00046773099278896526,-0.014749890987695718,0.0019818059903667674
2023-03-08,3.162014497182854e-06,0.08083441180367226,-0.01370798909611403,0.00046781770953496153,-0.014730913735756121,0.0019793500607337487
2023-03-09,3.1301624140097234e-06,0.08083859196901069,-0.013708766088730735,0.0004679542017803687,-0.014713860328274889,0.001977699877632007
2023-03-10,3.127338987708779e-06,0.08084343618316109,-0.01370991720662913,0.00046797160823999436,-0.014703784833838857,0.001975240627347451
2023-03-13,3.168181593017852e-06,0.0808530686098405,-0.013710987832948109,0.0004679485185013311,-0.014693701671505036,0.001973508325122503
2023-03-14,3.124641247003013e-06,0.08085976377178432,-0.013711685130301906,0.0004680122669068153,-0.014693594270360266,0.0019722895869957267
2023-03-15,3.131010568077603e-06,0.08085606829556842,-0.013712729196691637,0.0004680806667170306,-0.014694659495147588,0.0019714387806295175
2023-03-16,3.130978006433616e-06,0.08086142421736095,-0.013713600769713792,0.0004680111855804212,-0.014697846985000443,0.0019699360924789384
2023-03-17,3.17285905782641e-06,0.08086565922176532,-0.013714224512507327,0.0004681361803646625,-0.014665391989054297,0.0019694444853148477
2023-03-20,3.1886252571525285e-06,0.08087421385409971,-0.01371407319652577,0.0004681344489048914,-0.01462605003807202,0.0019677769384990468
2023-03-21,3.201850356980603e-06,0.08088242859848936,-0.013715461012955066,0.0004681582623122008,-0.014610675952867164,0.001965869366204836
2023-03-22,3.253657165286304e-06,0.08088680960372906,-0.013716555483176735,0.0004681665434794738,-0.01464387264978341,0.0019644315901361144
2023-03-23,3.266145205270502e-06,0.08089487609242618,-0.013717474874084189,0.0004680909205167994,-0.014643589728291356,0.0019629010492508447
2023-03-24,3.2408355832858206e-06,0.08089771220000688,-0.01371819219602986,0.0004682039090336639,-0.014714349925014567,0.0019618652207241175
2023-03-27,3.2640719297422066e-06,0.08090043449340374,-0.013719873252526769,0.0004681784553025462,-0.014701406284138116,0.0019601099867559996
2023-03-28,3.256679103504087e-06,0.08090620826143792,-0.01372079279541595,0.00046821371130304813,-0.01470457667222995,0.0019590369856923
2023-03-29,3.201622819966755e-06,0.08091196716423785,-0.013721962895960192,0.0004681392298947439,-0.014729269215363452,0.00195823194529666
2023-03-30,3.220405459331284e-06,0.08091673784227109,-0.013722964039331905,0.00046807571170857053,-0.01471174781285206,0.001957082645150849
2023-03-31,3.2489254713986333e-06,0.08092388295063696,-0.013724812629100205,0.00046803929527302755,-0.014686131191175678,0.0019560735936818103
2023-04-03,3.1950562562175924e-06,0.08092685674906361,-0.013725717530720391,0.0004678887063529713,-0.01462649789609781,0.001954441879915302
2023-04-04,3.1760868265888855e-06,0.08093443972954457,-0.01372665516354465,0.0004679864564381299,-0.014621877120665316,0.001952813529109541
2023-04-05,3.2108176538754384e-06,0.08093827704319655,-0.01372814367321786,0.00046803687209731213,-0.014636058829450085,0.0019510678489804939
2023-04-06,3.230692376826277e-06,0.08094127508587148,-0.01372939577511283,0.00046804918049655325,-0.01465665667339236,0.0019495529566031853
2023-04-11,3.2579641871194543e-06,0.08094890079827743,-0.01373015567439295,0.00046809374733626583,-0.014668720899096085,0.0019476980432169154
2023-04-12,3.2102366050817098e-06,0.08095467891446016,-0.013731015471090164,0.00046805700194627,-0.01464918233797878,0.0019456789044445815
2023-04-13,3.227091286939706e-06,0.08095488871361205,-0.013732458003662927,0.0004680382281784803,-0.014637421608137038,0.0019444637546819697
2023-04-14,3.211455676665597e-06,0.08096124126376725,-0.01373333888855243,0.000467957866149884,-0.014590768267759346,0.001943001425187799
2023-04-17,3.197318083679896e-06,0.08096019963854409,-0.013734656933384073,0.00046785886389689156,-0.014586232715921174,0.0019407514693566275
2023-04-18,3.096992397972378e-06,0.08096203853416029,-0.013736257588818182,0.00046776385393009097,-0.014527033529052422,0.0019390528859270077
2023-04-19,3.0758088034096837e-06,0.08096749888524918,-0.013737249606546246,0.00046779997874680525,-0.014550924502233761,0.0019380076932444426
2023-04-20,3.0830519982407394e-06,0.08096945546800854,-0.013737573236397564,0.000467979409290466,-0.0145640246702375,0.0019362671981104783
2023-04-21,3.101486725372974e-06,0.08097544211119309,-0.013739097738550197,0.00046783649423408043,-0.01457612329591279,0.0019351740534108738
2023-04-24,3.0477693387933686e-06,0.08098246631056147,-0.013739558546815604,0.0004679844290891063,-0.014566891178772662,0.0019341174396367347
2023-04-25,3.023668663256778e-06,0.08098428619079727,-0.01374124912987166,0.00046796159079525075,-0.014593910429529164,0.0019327786924916485
2023-04-26,3.0376061139231897e-06,0.0809903003490616,-0.0137425770810591,0.0004679145166989748,-0.014528438610742697,0.0019314765036261249
2023-04-27,2.9556408895787265e-06,0.08099783647582164,-0.013743804639000998,0.0004680052878818736,-0.014538522063540962,0.0019294227549488095
2023-04-28,2.941774005564229e-06,0.08099657925198701,-0.013745225201720581,0.0004680752752296881,-0.014514690525538124,0.0019278220955348398
2023-05-01,2.9332883497626942e-06,0.08100376243968238,-0.013746442213463455,0.0004680248957854242,-0.014484522131140723,0.0019258866920864792
2023-05-02,2.894463483651174e-06,0.08100546460877009,-0.01374790161625443,0.0004679381842600262,-0.014461724962669786,0.001923714354068864
2023-05-03,2.902865235662584e-06,0.08101342778593057,-0.013748207616344934,0.0004678240049802439,-0.014499499526608894,0.0019224433915389456
2023-05-04,2.8659251232933543e-06,0.08101814471563043,-0.013749280289336715,0.00046783019925734025,-0.014489043264879917,0.0019206678482840641
2023-05-05,2.8774474263230622e-06,0.08102213409608035,-0.013750042566676718,0.00046785160021281665,-0.014484506149830545,0.0019207446884464837
2023-05-08,2.87005525541288e-06,0.08102806257691482,-0.013751499973018697,0.00046778916675049517,-0.014495612475377992,0.0019201357800690884
2023-05-09,2.847808825906067e-06,0.08103129022201871,-0.013752604121670594,0.00046766663715419913,-0.014491679578100533,0.001918870624009222
2023-05-10,2.824744964000114e-06,0.08103756476284447,-0.013754011086363547,0.0004677380053473805,-0.014484210703057943,0.0019177323688184553
2023-05-11,2.8243943110192325e-06,0.08103947208616619,-0.01375485907260637,0.00046785006794631894,-0.014467219809924617,0.0019158195138972182
2023-05-12,2.8098273545261503e-06,0.0810473310652766,-0.013755562582478304,0.0004678396834690683,-0.014489057453802398,0.001914680247755983
2023-05-15,2.819223799823415e-06,0.0810528165911224,-0.01375678953758364,0.00046779301305754624,-0.014478202767896839,0.0019135637325964957
2023-05-16,2.8046114163667366e-06,0.08105677861543134,-0.01375762606527399,0.00046781040558728894,-0.014460571721275725,0.0019112540958868608
2023-05-17,2.8072638667813864e-06,0.08106340573060367,-0.013758554461139093,0.00046793351681029976,-0.014450975549746906,0.0019101290347720238
2023-05-18,2.8023988514849524e-06,0.08106588388043078,-0.013759558950208459,0.00046807134807493023,-0.014480973604966849,0.0019088496386974914
2023-05-19,2.800454516288078e-06,0.08107087588902596,-0.01376118199784005,0.0004679156111439454,-0.014478794597639219,0.0019079304010114412
2023-05-22,2.8347873756002194e-06,0.0810745975125457,-0.01376188225125439,0.00046796073429014357,-0.014486625786494359,0.001906640798091243
2023-05-23,2.791276870936816e-06,0.08108015912639975,-0.013762872157467103,0.00046777746120142325,-0.014452406499893794,0.0019048871481330476
2023-05-24,2.763984768664184e-06,0.08107923486769256,-0.013763927476835204,0.00046770109612144116,-0.014437984957318156,0.001902722153397004
2023-05-25,2.799101560204743e-06,0.08108324896890158,-0.013765025452034776,0.00046765278747917544,-0.014428574795095309,0.0019007282057539356
2023-05-26,2.8273216820185794e-06,0.08108405084613271,-0.013766155011703012,0.00046766358220130073,-0.014445527947988146,0.0018999284234004065
2023-05-31,2.8372371565930427e-06,0.0810888019798632,-0.013767301465634735,0.00046768157774776484,-0.014444866044968335,0.0018991283595119549
2023-06-01,2.833558351716348e-06,0.08108578921158113,-0.013768916540447356,0.00046776096789046266,-0.014436888020078448,0.0018978404913433079
2023-06-02,2.8405048643977447e-06,0.0810849738776297,-0.013769753046485598,0.00046773638121077145,-0.014432412132604946,0.0018971218220066276
2023-06-05,2.8762367765708207e-06,0.08108963394774181,-0.013771364298324356,0.00046757901757110297,-0.014459052821210724,0.0018956334772465791
2023-06-06,2.846417658538796e-06,0.08109896172937758,-0.013773239265072712,0.00046752714212925544,-0.014403537893535365,0.001894757406136986
2023-06-07,2.823719080997163e-06,0.0811038772355695,-0.013774495081252145,0.00046755906328203466,-0.014396981247292454,0.0018927763210050028
2023-06-08,2.8262546580265215e-06,0.08110438576167554,-0.01377608803714896,0.0004674860759888704,-0.01438073121087291,0.0018915797336499958
2023-06-09,2.791452010093872e-06,0.08110785445953671,-0.013777116514729853,0.00046739923695362,-0.014373871635321459,0.00188984260411172
2023-06-12,2.7854722742499076e-06,0.08111374207673012,-0.013777836840190384,0.0004674699710201243,-0.014342815022213767,0.0018881399291813406
2023-06-13,2.78498513225193e-06,0.08112229414536451,-0.013778638507841777,0.00046736725221495953,-0.014333227023045902,0.0018870213014619323
2023-06-14,2.7335894129848796e-06,0.08112702924584667,-0.013780151007306255,0.00046741693004017943,-0.014298612144751241,0.00188518482499455
2023-06-15,2.7414086269600884e-06,0.08113035318694567,-0.013781117579578651,0.0004673844150943437,-0.014291014900831428,0.001883689387825922
2023-06-16,2.7528711565738973e-06,0.08113106282884817,-0.013782526806584578,0.00046718950133280157,-0.01425689736385656,0.0018835662940904548
2023-06-21,2.7148971304014356e-06,0.08113207700383532,-0.013783599985923913,0.00046719552462279876,-0.014267046036203448,0.0018823360477009234
2023-06-22,2.7348679777508084e-06,0.08113617082770215,-0.013785045268031908,0.0004671811939690139,-0.01426322260618143,0.0018815437493015959
2023-06-23,2.697014644465387e-06,0.08114089134622705,-0.013786362044885161,0.0004673121890204552,-0.014291110285712921,0.001880624043262362
2023-06-26,2.6886723905215014e-06,0.08114193791656261,-0.013787067245281455,0.00046742146743904676,-0.01428468515665629,0.0018799793173563876
2023-06-27,2.6659918871630914e-06,0.0811454546652604,-0.013787600177412705,0.0004674365052648844,-0.014295329995586026,0.0018783029096984165
2023-06-28,2.664965130448e-06,0.08114565641946483,-0.01378969483350343,0.00046750288442547975,-0.014260705124052392,0.0018769432151103816
2023-06-29,2.6664442286668635e-06,0.08114742921476985,-0.013790525939644884,0.0004675536077761417,-0.014215181359994403,0.0018762289094312358
2023-06-30,2.634352466662399e-06,0.081157044971802,-0.01379174659789432,0.0004675173195730658,-0.014220719330188633,0.0018754276525160419
2023-07-03,2.647909410748194e-06,0.08116068387493709,-0.013792365564459523,0.0004675538401656184,-0.01420510268958207,0.0018747227281794845
2023-07-06,2.6337418138608267e-06,0.0811636509674428,-0.013793877323569662,0.0004675539804928681,-0.014235271939471661,0.001873170670890663
2023-07-07,2.616674726230037e-06,0.08116421120184837,-0.013794660357587326,0.0004675202809620736,-0.014236567081091,0.0018718992897290912
2023-07-10,2.681716157475062e-06,0.08116616101832336,-0.013796121257566078,0.0004675055134919236,-0.014243904413527742,0.0018707729047852631
2023-07-11,2.6709574601031176e-06,0.08117106973047909,-0.013797236259608867,0.00046750202911990013,-0.014280822389349176,0.0018696971058208072
2023-07-12,2.639511581702903e-06,0.08117588832280158,-0.013799196853198402,0.0004674744658650093,-0.014265664703516145,0.0018694478573708891
2023-07-13,2.65501289901723e-06,0.08117763932896063,-0.013798905355051556,0.00046740259290544046,-0.014276204893149055,0.001868278241071509
2023-07-14,2.630653672268759e-06,0.08118388670876144,-0.013800092099990273,0.00046741243804105444,-0.014256277122242991,0.0018667954118764363
2023-07-17,2.6258986006248686e-06,0.08119094668875992,-0.013800324389160727,0.00046725847304337977,-0.014257225839493043,0.001865781671381253
2023-07-18,2.5573125318574996e-06,0.08119015870203994,-0.013802028066090778,0.00046725076328526084,-0.014265724161269644,0.0018653037321682215
2023-07-19,2.564208762265949e-06,0.08118915419132101,-0.013803298118004282,0.00046722719980819643,-0.01426917019109454,0.0018653694302952677
2023-07-20,2.544570420265311e-06,0.08119315619470711,-0.013804297726508357,0.0004673012378978651,-0.014288670458865615,0.0018646322172397338
2023-07-21,2.5828814265306234e-06,0.08119501706015043,-0.013804768514290279,0.00046741418089644873,-0.014335225936890794,0.001863921058735926
2023-07-24,2.585813205867042e-06,0.0811934083319135,-0.013805283029475686,0.0004674907208693246,-0.014378378822146473,0.0018634826766921956
2023-07-25,2.551631909364729e-06,0.08119626983164342,-0.01380628186506504,0.0004674879165565871,-0.014347583134522404,0.0018621794737471906
2023-07-26,2.541268635160342e-06,0.08119556116813006,-0.013807048493823597,0.0004673699208701035,-0.01433638516981059,0.0018614814417458928
2023-07-27,2.5442796887588826e-06,0.08120086048070395,-0.013807384237808008,0.00046749900308522795,-0.014336524805782208,0.0018606533361651117
2023-07-28,2.481906089200515e-06,0.08121225346478467,-0.013808540275075977,0.00046774916473570603,-0.01435592145011469,0.0018597684143055499
2023-07-31,2.4755425341937645e-06,0.08121329020070216,-0.013809680824160188,0.00046786101409481524,-0.01436181057075231,0.001859441259057767
2023-08-01,2.516862498646655e-06,0.08121575026187748,-0.013810062140686566,0.00046788760857303816,-0.014367699196216291,0.0018582927431713054
2023-08-02,2.5205355364655115e-06,0.08121681857520952,-0.013811162722180729,0.0004679498173469917,-0.014348704566103182,0.0018576082785122328
2023-08-03,2.488595893970812e-06,0.081219777936541,-0.013812144062635102,0.00046782018326491895,-0.01435489850909484,0.0018564523607992672
2023-08-04,2.463762478559857e-06,0.08122083371694087,-0.013812969482754662,0.0004678743469419906,-0.014370904944615487,0.0018559624296999267
2023-08-07,2.397794490657329e-06,0.08121734206424404,-0.01381360918309205,0.00046784895558476256,-0.014333738608468316,0.0018549290823239141
2023-08-08,2.4050727786119417e-06,0.08121434323838753,-0.013816098730726015,0.00046793006230834726,-0.01434330094450037,0.001853421707308833
2023-08-09,2.380561588773722e-06,0.08121701252885484,-0.013817292174153202,0.0004679008860613409,-0.0143348639902115,0.0018531477330529008
2023-08-10,2.4127072597291793e-06,0.08122289320601492,-0.01381733852588195,0.0004678109123515124,-0.014330877719956323,0.0018520073452250293
2023-08-11,2.48354728799442e-06,0.08122484623736724,-0.013818257985014293,0.0004679929251925326,-0.014299877472401468,0.0018510186583187553
2023-08-14,2.4302407855804277e-06,0.0812348057003568,-0.013818570026822753,0.0004679700665901331,-0.014266306917257082,0.0018503850304055552
2023-08-15,2.4511469462373445e-06,0.0812314850118186,-0.01381977249719676,0.00046797598958348246,-0.014269836620772858,0.0018499795296008153
2023-08-16,2.37136301019552e-06,0.08123255502261771,-0.013820371125513722,0.00046786151456735506,-0.014252517670401033,0.001850056078402963
2023-08-17,2.4052154559519635e-06,0.08123810829313452,-0.01382120499293095,0.00046782325866565565,-0.014232624364101706,0.0018493083956531485
2023-08-18,2.370863949527566e-06,0.0812467465873501,-0.013822367834007511,0.0004679276651209845,-0.014280305931256718,0.0018483058463503303
2023-08-21,2.405375855243672e-06,0.08124947497421903,-0.013823355660855342,0.00046792993797004144,-0.014281292076724836,0.0018477423645793373
2023-08-22,2.4182492050115964e-06,0.08125537425257309,-0.013823952730787134,0.000467946148689373,-0.014303929658818854,0.0018462911876699316
2023-08-23,2.4054231431342484e-06,0.08125617087130586,-0.013824734066996152,0.0004680076508388458,-0.014309543054596321,0.0018459072408493788
2023-08-24,2.365261613874683e-06,0.08126735216021358,-0.013825377540047494,0.0004679656501304782,-0.014298850904279459,0.0018451543471501883
2023-08-25,2.3631816300536665e-06,0.08126817770335434,-0.01382638854989105,0.00046799639054976043,-0.014304567976263338,0.0018446991660143201
2023-08-28,2.394749325234597e-06,0.08127264802123403,-0.013827916053414692,0.00046799296047704184,-0.014289020664834715,0.0018439499032370365
2023-08-29,2.365017730175694e-06,0.08127265935251211,-0.013829303440768468,0.00046815796096297366,-0.014269676756646879,0.0018427718832163438
2023-08-30,2.4010945769300748e-06,0.08127237076529628,-0.013829024236013352,0.00046819508277620237,-0.014268359437206043,0.0018419753121881963
2023-08-31,2.460429913177134e-06,0.08127353417537826,-0.013830460606625896,0.00046821240305203724,-0.014266068145946678,0.0018402083817209039
2023-09-01,2.5267119127927643e-06,0.08127707776490473,-0.013830594903160204,0.0004682848163092598,-0.01424063372894245,0.0018400820631628773
2023-09-06,2.450233485501121e-06,0.08127968880670289,-0.013831658446139573,0.0004683374728905946,-0.01427115091479006,0.0018390618004479856
2023-09-07,2.5135965285930366e-06,0.0812845726762857,-0.013832063622367398,0.00046837429490605023,-0.014296965572072079,0.0018385352063056393
2023-09-08,2.448968115870823e-06,0.08129092726503286,-0.013832622359805445,0.0004684120497575582,-0.014301352134605927,0.0018375116192098548
2023-09-11,2.415519189957895e-06,0.08129050241719873,-0.0138335681940744,0.0004683803746977226,-0.014306397994983566,0.0018369618537041387
2023-09-12,2.415758525019105e-06,0.08129583739935242,-0.013834777380127427,0.00046832219173692025,-0.014296370938969433,0.0018367051282294927
2023-09-13,2.349992788515623e-06,0.0812952157920662,-0.01383531653116924,0.00046823563162927005,-0.01429891613101164,0.0018359296381749385
2023-09-14,2.375666991626593e-06,0.08130506758367527,-0.013835070983654071,0.0004682557925401558,-0.014330915686363965,0.0018353643325511992
2023-09-15,2.382883303445773e-06,0.08130243651289462,-0.013835874238627519,0.0004682969268529349,-0.014361012912644008,0.0018339506149595316
2023-09-18,2.336397468069348e-06,0.08130773291704828,-0.013836998602053658,0.0004682374537893243,-0.014358720951905393,0.0018329103501499597
2023-09-19,2.3159160958069545e-06,0.08130906746618857,-0.013837809030367939,0.00046820919091352406,-0.014341204157830773,0.001833106904882581
2023-09-20,2.263501246338383e-06,0.08130927611686031,-0.01383834774966454,0.00046822887167500367,-0.014315675816520837,0.001831926374163646
2023-09-21,2.276279904956475e-06,0.08131142864759516,-0.013838667959204567,0.0004682108282948955,-0.014314850838189855,0.001829977673661925
2023-09-22,2.2549889214434687e-06,0.08131113542270316,-0.013838272616535906,0.00046824122735914745,-0.01427992114705355,0.0018294807182958964
2023-09-25,2.2450994473994964e-06,0.08131672834428583,-0.01383875648786512,0.00046821627758024387,-0.014245207283383604,0.001828385946110473
2023-09-26,2.2666714769293384e-06,0.08131814438845529,-0.013838825456675564,0.0004683131180900003,-0.014247113375205955,0.001827207238677114
2023-09-27,2.314859150874879e-06,0.08131882324857277,-0.013839387790109221,0.0004683477388903698,-0.0142042557536457,0.0018264171296642243
2023-09-28,2.348138135264998e-06,0.08131785097376512,-0.013840768027322698,0.00046812991190066475,-0.014186365934771947,0.001825094824401012
2023-09-29,2.309454165257005e-06,0.08132185518576916,-0.013841580252074201,0.00046823059888945564,-0.014177286420570492,0.001824898456003149
2023-10-02,2.3337174449193437e-06,0.08132215728323446,-0.013842812582103778,0.00046820531307573956,-0.01413219819297118,0.001823495356611981
2023-10-03,2.340472212487667e-06,0.0813272969560457,-0.013843648068060247,0.0004682381565131574,-0.014139329367316697,0.0018217839594002548
2023-10-04,2.391478045056866e-06,0.08133310113706148,-0.013844540501982446,0.00046817200237598037,-0.014093268675149734,0.0018207342830126316
2023-10-05,2.391268425449021e-06,0.08133719736035754,-0.013845181500810867,0.0004680881139383471,-0.014084891386227774,0.0018191249846802112
2023-10-06,2.4308699766748627e-06,0.08133904835095626,-0.013845834432448488,0.0004680911195472895,-0.014067104733993238,0.0018180188681305323
2023-10-11,2.4171016781561705e-06,0.08134300623169063,-0.013846514646261429,0.00046809028164105195,-0.014036031101645849,0.0018174741436696121
2023-10-12,2.442230667570495e-06,0.08134809241231428,-0.013847050132829138,0.0004681555384323159,-0.014007921113359106,0.001816495365175742
2023-10-13,2.45323578686521e-06,0.08134751164410325,-0.013847429314567578,0.00046817678311847214,-0.013983461357259808,0.0018158994634812097
2023-10-16,2.5020692782802805e-06,0.0813490914298402,-0.01384752683314413,0.00046811946527468,-0.01399479864586356,0.0018144097906238818
2023-10-17,2.4647142299339395e-06,0.0813512376613893,-0.013848604417152076,0.0004680342767294732,-0.013999776092327845,0.0018142276662978258
2023-10-18,2.4667191282120703e-06,0.08135680691939487,-0.013849506588250455,0.00046809499743019406,-0.013984591838747132,0.0018135108782228596
2023-10-19,2.426673880866033e-06,0.08136206687901353,-0.01384939481459202,0.000468027876753262,-0.013978316712036504,0.0018130522403881871
2023-10-20,2.389523853005103e-06,0.08136027080491652,-0.013850524424699421,0.00046789467001162317,-0.013932975378782797,0.0018115970813090355
2023-10-23,2.374853303966875e-06,0.08136284203390864,-0.013850865809582865,0.00046768627354495853,-0.013900560859487487,0.0018109956981188398
2023-10-24,2.3525399456558477e-06,0.08137054505998675,-0.013851460985245893,0.0004676369936022824,-0.01392296481493921,0.0018099126333458123
2023-10-25,2.3244810547556004e-06,0.08137325715884991,-0.013852171583544895,0.00046754192122369545,-0.0139280435716789,0.0018093052290932346
2023-10-26,2.283386357134997e-06,0.08138088870847048,-0.013853094365204368,0.0004677469377942949,-0.013925065214929339,0.0018082672717355426
2023-10-27,2.3263848972304523e-06,0.08137986792552677,-0.01385386760822349,0.00046757714338426046,-0.013911336268569052,0.0018066871204634512
2023-10-30,2.2839877940582107e-06,0.08138255430717707,-0.013854050182333945,0.0004674815431634305,-0.01391473268262422,0.0018060730591724808
2023-10-31,2.3026454939793322e-06,0.081378764076814,-0.013854685042650026,0.00046740843301290916,-0.013911066418924242,0.0018053459352905523
2023-11-01,2.3432327599200495e-06,0.08138488471747207,-0.013855220755713734,0.0004674089174592928,-0.013918112370026298,0.001805015890648784
2023-11-02,2.3723373592778664e-06,0.08138839575543502,-0.01385541520449735,0.00046745352623329365,-0.01396312403742768,0.001803811930451359
2023-11-03,2.3804708555923913e-06,0.08139164389513223,-0.013855778691627216,0.000467482020732387,-0.01395053261955738,0.0018029243095034325
2023-11-06,2.3580518951752977e-06,0.08139083426396061,-0.013856078420068684,0.00046745532992284943,-0.013958466439451006,0.0018017529578903586
2023-11-07,2.3628681768018137e-06,0.08139547526998614,-0.013857175172149008,0.0004674527680770357,-0.013955268017548886,0.001802303142482041
2023-11-08,2.37739943077831e-06,0.0813944608452788,-0.013857468132245272,0.00046737013477818074,-0.01394083307213037,0.0018005051757098876
2023-11-09,2.3942775689369557e-06,0.08139581087283314,-0.013858037843787094,0.0004674080371101423,-0.01391946305738355,0.0017987000072160208
2023-11-13,2.3819761918706956e-06,0.08139341519434645,-0.013858772908139748,0.0004672895178990371,-0.013927108363479962,0.00179731729159464
2023-11-14,2.393476548279708e-06,0.08139681602210662,-0.013859173652684366,0.0004673210196212583,-0.013944718949002052,0.0017961181963367866
2023-11-15,2.3778357250169756e-06,0.08139800728311426,-0.013859812614712003,0.0004672559556290484,-0.013939779344825182,0.0017960564562812024
2023-11-16,2.3901100955495483e-06,0.0814039174829613,-0.013860859173917888,0.0004673018531167365,-0.013904466599362147,0.0017952288874493348
2023-11-17,2.2804605343305586e-06,0.08140676421510679,-0.013860858359156037,0.00046732201652622076,-0.013945959346241502,0.0017943472728417014
2023-11-20,2.237588623206965e-06,0.08140959531514994,-0.013861272750843683,0.0004672210060611446,-0.013914725945934667,0.0017944506005959215
2023-11-21,2.252909077715901e-06,0.08141351671006272,-0.013861627107275325,0.00046733433273984427,-0.013899169086428381,0.0017943898091802367
2023-11-22,2.249536781551945e-06,0.08141678437683957,-0.013863095256965559,0.00046741539704858715,-0.013924010100708803,0.0017938925330678148
2023-11-27,2.1911579755321307e-06,0.08141680025949476,-0.01386333195416519,0.0004673302417720894,-0.013913205911099263,0.0017931389398739548
2023-11-28,2.177058859384329e-06,0.08141515401230502,-0.013863577389805742,0.00046740236104283713,-0.013912750779229072,0.0017916831423209554
2023-11-29,2.133250814040003e-06,0.08142426841922001,-0.013864201424572108,0.0004675032828438196,-0.013897591687729166,0.0017907610169733922
2023-11-30,2.120041193338332e-06,0.08142535929719522,-0.013865224201841135,0.00046744220071316537,-0.013934102389127748,0.0017906666581887604
2023-12-01,2.0415274967104316e-06,0.08142892310938811,-0.013865398315484964,0.0004674799900620658,-0.013924157220846375,0.0017908979330301484
2023-12-04,2.0126758028780482e-06,0.08142870370957592,-0.013866170076343585,0.0004675656549988651,-0.013923410197531516,0.0017899781623046478
2023-12-05,2.0094619931731696e-06,0.0814301037909497,-0.01386634311359243,0.0004676078650123326,-0.013918006074330913,0.0017893979735014796
2023-12-06,1.9940682690396133e-06,0.08142977727842404,-0.013866447178720542,0.0004676610707386172,-0.013938964039077073,0.0017879989136328441
2023-12-07,2.042600635901386e-06,0.08142853719208526,-0.013867685881051214,0.0004674811666714483,-0.01397965797202086,0.0017871082900893607
2023-12-08,2.027658625703251e-06,0.08142668375388203,-0.013868008681522246,0.00046766675641360996,-0.013994463240254718,0.001786080335634904
2023-12-11,1.9961401182406856e-06,0.08142907319127801,-0.013868824985788456,0.0004676892247894918,-0.013993315695986677,0.0017854218680615234
2023-12-12,1.977826330501405e-06,0.081432263874227,-0.013869148828025925,0.0004676333787481619,-0.013997538554511524,0.0017844436860916379
2023-12-13,1.9805359406405994e-06,0.0814345735992867,-0.013870319078942948,0.00046752888865483953,-0.014007584384693142,0.0017849315759867145
2023-12-14,1.9942989283355708e-06,0.0814404077207911,-0.013870299654043334,0.00046744452972200966,-0.013993583418366262,0.0017843711522538557
2023-12-15,2.030152551756132e-06,0.08144214990256207,-0.013870580110946235,0.0004673991183108115,-0.013988704215064277,0.00178381413708057
2023-12-18,2.031904540277432e-06,0.08144395037090772,-0.013871429009851492,0.0004675849890826717,-0.014007387590371928,0.0017830870880592435
2023-12-19,2.052413732397151e-06,0.0814431072485893,-0.013871231474770852,0.00046764319828121557,-0.013991211707924611,0.0017826637408634325
2023-12-20,2.0039426541333953e-06,0.08144291560948083,-0.013872076456750489,0.00046765024774290606,-0.013961315478016115,0.0017819590766854727
2023-12-21,1.9450090381310927e-06,0.08144107167364684,-0.013872515620520783,0.0004677192485606793,-0.014005175055115615,0.0017812638870108592
2023-12-22,1.9013177054765315e-06,0.08144708854936963,-0.0138728263629381,0.00046782878717593847,-0.0140262978555451,0.0017795062933292148
2023-12-27,1.9051523251395111e-06,0.08144437722420782,-0.013874032144314027,0.0004678904984072601,-0.014043962348746483,0.0017777618827060893
2023-12-28,1.899203141814056e-06,0.08143897490020113,-0.013874925307161987,0.00046785273606797756,-0.014037269752534165,0.0017756565417642123
2023-12-29,1.8856512643117935e-06,0.08143801151809388,-0.013874435952181054,0.0004678805780945893,-0.014030763191157133,0.0017747173397715506
2024-01-03,1.8368625320108219e-06,0.08143853044108317,-0.01387432151545571,0.00046795125082715677,-0.014013831918767247,0.001774304160151496
2024-01-04,1.8550615616462447e-06,0.08143482458700865,-0.013874904663874395,0.0004679618227914924,-0.014040607695251534,0.0017733217581441712
2024-01-05,1.8398611664820853e-06,0.08143670962742279,-0.013875624282537313,0.0004679516649606202,-0.01401391011357897,0.0017730080317614001
2024-01-08,1.8111684730875315e-06,0.08143194095099655,-0.013876514299955133,0.00046794161297350576,-0.014068958853142854,0.001772349057375138
2024-01-09,1.783083291689348e-06,0.0814324718539673,-0.01387714862227428,0.0004680192202485522,-0.014073114320555913,0.0017716825117733467
2024-01-10,1.8186729193260304e-06,0.08142892419096841,-0.013876754497621394,0.0004680107693886542,-0.014059320017814403,0.0017709278115696256
2024-01-11,1.7643753591165836e-06,0.08142484770160847,-0.013878162533782146,0.0004680213157669895,-0.014004725692608314,0.0017703437426504222
2024-01-12,1.7504656257847707e-06,0.08142599139277636,-0.013878360900440126,0.000467956319883615,-0.013985295607632342,0.0017686438550344017
2024-01-17,1.7349805232818249e-06,0.08142862128297829,-0.01387895492760812,0.00046802845799142115,-0.013961285230002216,0.0017679939298299108
2024-01-18,1.7888208734570212e-06,0.08142854327849908,-0.01387937918115733,0.0004678891209734517,-0.013986882539866727,0.0017668562288858055
2024-01-19,1.7390255935103346e-06,0.08143014075867194,-0.013879787162032028,0.0004677331979694295,-0.01399258401914591,0.0017665709983064333
2024-01-22,1.7365314312947611e-06,0.08143170649477167,-0.013879936883064246,0.00046785390539144016,-0.014025207094005954,0.0017652183296019816
2024-01-23,1.733714805037716e-06,0.08143391801556371,-0.013880979469248652,0.00046785496464910525,-0.014013148854539262,0.0017646347831786328
2024-01-24,1.7078178533284932e-06,0.0814357007649058,-0.013880884216440521,0.0004678806694689146,-0.014029360995474457,0.001763443429258455
2024-01-25,1.7318815858794666e-06,0.08143074131239789,-0.013880701262823359,0.0004679401546568763,-0.014014297689226268,0.0017625887157000876
2024-01-26,1.7387247490514385e-06,0.0814364751120012,-0.013881028795372057,0.00046791609212696293,-0.014017023058817163,0.001761598814585539
2024-01-29,1.6790388561808685e-06,0.08143466539021056,-0.013880792633718485,0.00046795238429905763,-0.014019023710282796,0.0017616222800333802
2024-01-30,1.6721997768889677e-06,0.08143724168039433,-0.013881428935372492,0.0004679391823496935,-0.014020955871012236,0.0017608747161588728
2024-01-31,1.6693579672684173e-06,0.08143094002680684,-0.01388137768213846,0.0004678677512788476,-0.014040774587843627,0.0017599292443268375
2024-02-01,1.6671204189961275e-06,0.08143566104958809,-0.013882370654053209,0.00046779729369998875,-0.01403689432689964,0.0017583229824182196
2024-02-02,1.7027145327087087e-06,0.08143634891827872,-0.01388234037921044,0.0004678231011242598,-0.014071041430451584,0.001758498102575966
2024-02-05,1.6781173676958503e-06,0.08144165042586346,-0.013881584107334404,0.00046785788547618957,-0.014056499256657057,0.0017582026034603905
2024-02-06,1.7035811961688086e-06,0.0814405455512414,-0.013882152205924649,0.0004677463219271656,-0.014054990868139716,0.0017575322611712144
2024-02-07,1.7253174569108035e-06,0.08143968226363847,-0.013882593325687437,0.00046773289467716764,-0.01406851674686739,0.001756520753889366
2024-02-08,1.7228576193131258e-06,0.08143757176769534,-0.013883474844663011,0.0004676789006657342,-0.014056745245896701,0.0017548664539418315
2024-02-09,1.7101177202375113e-06,0.08143589523653977,-0.013883801089368424,0.0004676435291020054,-0.014069897535122167,0.0017544841230595926
2024-02-12,1.7053494156498545e-06,0.08143507003319918,-0.013883819329635942,0.0004676649272110134,-0.01402458827504928,0.001753856822065064
2024-02-13,1.689700969618305e-06,0.0814359270634922,-0.013884412028686486,0.0004677168087940537,-0.013987372515811641,0.0017528920621688844
2024-02-14,1.6969587219542746e-06,0.0814309969021971,-0.013885442379435781,0.0004677230024653135,-0.014013973837352478,0.0017522573559320116
2024-02-15,1.6899334109440542e-06,0.08142673669570555,-0.013886082312491388,0.00046785635829402097,-0.013991209005006847,0.001751165255413158
2024-02-16,1.6951741150611987e-06,0.081423400114466,-0.013886947458022502,0.0004678549692483569,-0.013967631154968602,0.001751007239483961
2024-02-21,1.7333175124729434e-06,0.08142042590891142,-0.013887906562892901,0.00046799352089259034,-0.013960776857524435,0.0017502443739103373
2024-02-22,1.7574037611985105e-06,0.08142238073842897,-0.013887880893526572,0.0004678010489967572,-0.013971684421568056,0.0017493070349833561
2024-02-23,1.7920963202264792e-06,0.08142724774166607,-0.013888652382122441,0.0004677069206518122,-0.01395939233545794,0.001748465113739029
2024-02-26,1.8038251117842861e-06,0.08142486671002447,-0.013888358258810126,0.0004677130320749248,-0.013921629603196747,0.0017474662652520693
2024-02-27,1.7779089548205568e-06,0.08142521628840638,-0.013888368569309178,0.00046770083111526215,-0.013914258265736931,0.0017468358947126323
2024-02-28,1.8274674071986605e-06,0.08142823382815213,-0.013888422299111495,0.0004677271291146447,-0.013912751160902626,0.001746576248837535
2024-02-29,1.7809261053674017e-06,0.08142850873064866,-0.013889086827041859,0.000467697259032476,-0.013917414633393507,0.001746886534029094
2024-03-01,1.7661854296717358e-06,0.08143233967570905,-0.013890507404341286,0.00046767398875587594,-0.01392007458697539,0.0017466794837506564
2024-03-04,1.7547178766768153e-06,0.0814328632600537,-0.013891717114488297,0.00046757404749068283,-0.013866638447560684,0.0017463366526603058
2024-03-05,1.7250764905050526e-06,0.08143276248444274,-0.013892409191930995,0.00046760584794115583,-0.01386718670577669,0.0017461415802328731
2024-03-06,1.7210941825215019e-06,0.08143065041963915,-0.013892950205033562,0.0004675919008097595,-0.013866866258116464,0.0017456147297744945
2024-03-07,1.7311739853370704e-06,0.0814368274109222,-0.013893053013160765,0.0004675548048000539,-0.013864478745344772,0.0017445514339679844
2024-03-08,1.7338521114076169e-06,0.08143752325677422,-0.013893074125019209,0.0004676351058932511,-0.013852872884109538,0.0017442481313906654
2024-03-11,1.735689230264654e-06,0.08143664835203313,-0.013893245082475743,0.00046751949211736347,-0.013836394049523387,0.001743096169306538
2024-03-12,1.7549769539378297e-06,0.08143751134764833,-0.013893770687804188,0.0004676468996560227,-0.013851938776904993,0.001742133262199142
2024-03-13,1.7497281267278293e-06,0.08143877507703473,-0.013894241143430065,0.00046763257030152405,-0.013876660974186494,0.0017411191779737576
2024-03-14,1.727348366072838e-06,0.08144202574940249,-0.013894999946635879,0.00046778617825377175,-0.013892446756799987,0.0017400883206158536
2024-03-15,1.7093507552029926e-06,0.08144297782610295,-0.013895242133450083,0.00046775791475848994,-0.01393989699730297,0.001739568109609899
2024-03-18,1.693282879361034e-06,0.08144140974345948,-0.013895985395942874,0.00046785286093436627,-0.013914665276626687,0.0017394315988342583
2024-03-19,1.7007340824009594e-06,0.08144628447591362,-0.01389640384197056,0.00046789562542605433,-0.01384943936393597,0.0017385184427290553
2024-03-20,1.6931038720474097e-06,0.08144872883591917,-0.01389612813286893,0.00046785513927282904,-0.01389950125759623,0.0017367841178264013
2024-03-21,1.6477501372482903e-06,0.08145409054373146,-0.013895983150143613,0.0004679124564307308,-0.013922109994049192,0.0017360676927171783
2024-03-22,1.5969763958794753e-06,0.08145749354180296,-0.013896559168632744,0.00046799080804259144,-0.013907515193693348,0.001735028676565917
2024-03-25,1.5959716311836873e-06,0.08145707670890374,-0.013897263062663904,0.0004679423555660888,-0.013872038583946977,0.0017336306886296493
2024-03-26,1.6153004408990242e-06,0.0814638320139487,-0.013897069034632852,0.00046788434705789437,-0.013867640363546804,0.0017337019244938632
2024-03-27,1.6485313463243293e-06,0.08147180136113091,-0.013897718632635093,0.0004678440926930181,-0.013853043958485939,0.0017321144733737368
2024-03-28,1.6216447496845808e-06,0.08147496410654803,-0.013898976486143556,0.0004676955484226305,-0.01384116114124391,0.0017309048370160304
2024-04-02,1.580597999039347e-06,0.08147841714790671,-0.013898572436228173,0.00046774188306165866,-0.013892119753859997,0.0017301596476844206
2024-04-03,1.530115895626423e-06,0.08148132962188029,-0.013899032301013518,0.00046755894883875103,-0.01386165676336501,0.0017295426950292019
2024-04-04,1.5286426439079946e-06,0.08148488573690922,-0.01389974597344366,0.0004676483168391314,-0.013842486711857019,0.0017290953267563081
2024-04-05,1.573234707344563e-06,0.08148663072347292,-0.013899969209839892,0.0004677741481029736,-0.013878302151883265,0.0017285684581567658
2024-04-08,1.5322314566161598e-06,0.08148952676074377,-0.013900434892850437,0.00046765292474604855,-0.013857409869436524,0.0017273870489807777
2024-04-09,1.508675589806388e-06,0.08148485006438294,-0.013900514476981382,0.0004675855379095785,-0.013850430873301872,0.0017268630122469894
2024-04-10,1.5060616600568843e-06,0.08148510506654884,-0.013901659431540443,0.00046753023255802315,-0.013838013278438588,0.0017268868063055613
2024-04-11,1.47635149451646e-06,0.0814866321306862,-0.0139014134705574,0.00046759762578651466,-0.01380910299350474,0.0017249060079550494
2024-04-12,1.5032471693215114e-06,0.08148709710606104,-0.013901856454744944,0.0004676620093511575,-0.013826782739607552,0.0017239545784666392
2024-04-15,1.514014389740294e-06,0.0814874129357901,-0.01390244529457592,0.0004676414250746003,-0.013813389594181325,0.001723964826856704
2024-04-16,1.5092191997340089e-06,0.08148409674688505,-0.013902820244518697,0.000467689275119431,-0.013832250564374676,0.0017237879653055426
2024-04-17,1.488194199839122e-06,0.08149164663461017,-0.013903136514216576,0.00046768066062564647,-0.013816495396093836,0.0017228215054161389
2024-04-18,1.5594109686594971e-06,0.08149319589803229,-0.013903279726970927,0.0004675858991701107,-0.013822171764849775,0.0017216174532875394
2024-04-19,1.6032499207253414e-06,0.08149193427162624,-0.013903524007762786,0.0004676257739440863,-0.013792119277385106,0.001721534349466028
2024-04-22,1.561919229622346e-06,0.0814908708901525,-0.01390402402156343,0.0004674818529695927,-0.01382447204159408,0.0017199737860895553
2024-04-23,1.5939761886284772e-06,0.08149323671981334,-0.013904428548999074,0.00046740396008418286,-0.013811554835911274,0.0017191872873599848
2024-04-24,1.5892733780447851e-06,0.08149011694382222,-0.013905372959122244,0.00046734380341144593,-0.01380901844920289,0.001718772755193632
2024-04-25,1.6174435835624275e-06,0.0814920531381811,-0.013905777888095628,0.0004673816853092254,-0.013828026839821761,0.0017187989499589862
2024-04-26,1.5707254053751591e-06,0.08149200306026039,-0.013906508653815628,0.0004675312553563955,-0.013827156522466674,0.0017188870876641146
2024-04-29,1.558189080954142e-06,0.08148964192970505,-0.013906997909268472,0.0004675543804708316,-0.01384171870607244,0.0017191107258918473
2024-04-30,1.5201997991393362e-06,0.08149551491676947,-0.01390751251293016,0.00046744365417469,-0.01381458872553279,0.001717522070477709
2024-05-01,1.5128768421417366e-06,0.08149424957403906,-0.013908468233095855,0.00046746506980446995,-0.013857011114768392,0.0017172419303175467
2024-05-02,1.5083372141929839e-06,0.08149757402946213,-0.013908736025385096,0.0004675143676723223,-0.013846713535869165,0.001717033435371647
2024-05-03,1.5440848359108631e-06,0.0814971347950397,-0.01390892937425055,0.0004674516651870256,-0.013865672158929573,0.0017164006766620158
2024-05-06,1.5139027464901073e-06,0.08149548653558156,-0.013909297751604197,0.0004675396910823321,-0.013863937112177066,0.0017161138839489635
2024-05-07,1.5353892943883698e-06,0.08149594835622831,-0.013910052122241065,0.0004676188442289793,-0.013865572645052324,0.0017148282501160828
2024-05-08,1.517324330448558e-06,0.08149349643614007,-0.013910367146587305,0.00046745912283498506,-0.013834415882354859,0.0017137759118663934
2024-05-09,1.4975633632516002e-06,0.08149194046199727,-0.01391106438326726,0.00046753828822328734,-0.013817536234677727,0.0017129965429112408
2024-05-10,1.5272713118562558e-06,0.08149031737364232,-0.013911241610549064,0.0004676826741035475,-0.013849980951570542,0.001712494746022082
2024-05-13,1.486968885326792e-06,0.08149499654027192,-0.013911916950463673,0.00046763945181280294,-0.013852608292507729,0.001712043954349594
2024-05-14,1.4844562880146026e-06,0.08149709543382085,-0.013912367437337442,0.00046772288148588565,-0.013834244374190369,0.0017121823338258541
2024-05-15,1.404457106703863e-06,0.08149765887385066,-0.01391188358229122,0.00046764409242801936,-0.013832629595141116,0.0017121063963875657
2024-05-16,1.3415819721605664e-06,0.08149943850930692,-0.013912168147668075,0.00046757256502957833,-0.013810535862516918,0.0017116809874825477
2024-05-17,1.3339143772315466e-06,0.08149820390737826,-0.013912407597604067,0.000467608256065677,-0.01377621547062069,0.0017117154363689869
2024-05-20,1.3056849502018512e-06,0.0815028240986571,-0.013913101876504068,0.0004675365488775095,-0.013765935758932438,0.0017108012575138471
2024-05-21,1.3322261685504882e-06,0.0815040263749397,-0.013912517976994972,0.00046755635984459005,-0.013762289955724136,0.001711365882347937
2024-05-22,1.3347682469176718e-06,0.08150564874986634,-0.013912170384967107,0.0004676812359215201,-0.013734272469071482,0.0017110608273383917
2024-05-23,1.3553703352334434e-06,0.08150671931319854,-0.013912140705822511,0.0004677915497401839,-0.013762026319574655,0.0017100095570155365
2024-05-24,1.381336485575425e-06,0.08150282188854291,-0.01391224638926386,0.0004676863505732827,-0.013771011933269586,0.0017091324509088443
2024-05-29,1.374282056171419e-06,0.08150412193801908,-0.013912238727705351,0.00046765939814966866,-0.013774837444207141,0.001708550743627886
2024-05-30,1.393555624757485e-06,0.08150542524137006,-0.013912334990649745,0.0004677379279685867,-0.013747743486810945,0.0017083910259811964
2024-05-31,1.3578987441257597e-06,0.08150979069143313,-0.013913420581820612,0.0004678229476545692,-0.013733427522513442,0.00170800246628717
2024-06-03,1.3527584072623892e-06,0.08151061990624354,-0.013912663616881855,0.0004676984496649768,-0.01376514537237182,0.0017074955487109177
2024-06-04,1.3139662692110941e-06,0.08150807696447852,-0.013911876125529389,0.00046764873491781137,-0.01374720782894566,0.0017074599200323538
2024-06-05,1.307245992641397e-06,0.08150882921996142,-0.013911581511528286,0.00046776768661020024,-0.013761145216459283,0.0017075938137690407
2024-06-06,1.2425817009398981e-06,0.08150751929081355,-0.01391214913269467,0.00046765562424176254,-0.013745343039887004,0.001707675997985731
2024-06-07,1.2067459103309668e-06,0.08151316098286936,-0.013911407738622667,0.0004675633073457996,-0.013749110712998502,0.0017076204577705797
2024-06-10,1.216695184126258e-06,0.08151628485144488,-0.013911248699550217,0.00046752245874330924,-0.013752151394083686,0.0017075729162814323
2024-06-11,1.2463100556514903e-06,0.0815194192530797,-0.013910886851093578,0.0004677303390162659,-0.013769739029400402,0.0017082704245657008
2024-06-12,1.2089875975762886e-06,0.0815224575596164,-0.013911352593694658,0.00046764419672524246,-0.013785565073230685,0.0017078846308924622
2024-06-13,1.1666042926111985e-06,0.08151648882478799,-0.013911077206742103,0.00046767361435138275,-0.013775267856173709,0.0017078155310822434
2024-06-14,1.1042488521182146e-06,0.08151547070712105,-0.013910444769557625,0.0004676495164919744,-0.013778308849058132,0.0017084869369194571
2024-06-17,1.1367057739079822e-06,0.08151774992135308,-0.013910232947735798,0.00046756844641242376,-0.013798568321240018,0.0017082871990834443
2024-06-18,1.1359627300176495e-06,0.08151734147426905,-0.01391081499601011,0.00046756001046936073,-0.013770318116291577,0.0017079788269455031
2024-06-21,1.1374288585401374e-06,0.08151946822805041,-0.013911017658302384,0.0004677279279460023,-0.013716201052467902,0.0017070316480604696
2024-06-24,1.1467302567627396e-06,0.08151182704300795,-0.01391073795677179,0.0004676832051429511,-0.01373047518874046,0.0017070678452727112
2024-06-25,1.1775291855619535e-06,0.08150715982112709,-0.013909601041741045,0.0004678079046600925,-0.013728474945898933,0.0017082476807100482
2024-06-26,1.125125805941538e-06,0.08150955937272297,-0.013909567747028714,0.0004677282168465617,-0.013775278018696158,0.00170830605323271
2024-06-27,1.154837866735407e-06,0.08150538590857613,-0.013909686337973095,0.00046772748969882785,-0.013779601338612682,0.0017076696696559722
2024-06-28,1.2467237318199381e-06,0.08150907498813754,-0.013909524205079758,0.0004676218411812313,-0.013773760281526756,0.0017075205415550193
