date,const,SP500,UST10Y,fxvol,TED,VIX
2000-02-15,0.00018293140476315325,0.08465976925690269,-0.0080621372430059,0.00017056268672247118,-0.21476121948651247,0.0004823548269142502
2000-02-16,0.00018307643894293564,0.08460781083198321,-0.008064185095238057,0.0001703691516804473,-0.21473309174061536,0.0004871188689848996
2000-02-17,0.00018312013366434968,0.0845615607221153,-0.008067062926112246,0.00017026517325643585,-0.21471828004473964,0.000492335396835469
2000-02-18,0.0001831908730746533,0.08451418923214214,-0.00806926140174812,0.00017019981422307763,-0.214690116753847,0.0004981846262055334
2000-02-23,0.00018326229242642155,0.08446252302797619,-0.008071786573619132,0.00017019370229440984,-0.2147268329612261,0.0005042629957091543
2000-02-24,0.00018326741628216527,0.08441558162621818,-0.008073733638035395,0.0001700768075256266,-0.21472295185272736,0.000510549668694709
2000-02-25,0.00018335696372627649,0.08436410752665863,-0.008076543128568106,0.00016991408545918133,-0.21469334106571755,0.0005160196199151612
2000-02-28,0.00018342240256777646,0.0843239092219412,-0.008078748373425364,0.0001698804625981826,-0.21466291580996516,0.0005225941613703338
2000-02-29,0.00018351887208596808,0.08427956763081551,-0.008081081092212311,0.00016985186875546478,-0.21460642680926437,0.0005280885586271847
2000-03-01,0.00018355608409089554,0.08422396283463196,-0.008083331176972255,0.00016979405580816025,-0.2145961874321294,0.0005333534812778554
2000-03-02,0.000183700557588558,0.08417438296502015,-0.00808525770413152,0.00016969912526680693,-0.2145668985531116,0.0005383416496940528
2000-03-03,0.00018373478644641674,0.08412714944398475,-0.008087692728716836,0.00016953793242509692,-0.21449812285868325,0.0005434536461365923
2000-03-06,0.00018380595313449501,0.08408831778934465,-0.008089425241099138,0.0001695868670088661,-0.21444610216060037,0.0005485810248487589
2000-03-07,0.0001838822786162935,0.08403652413267766,-0.008091149890956183,0.00016944547262726773,-0.214411030275417,0.0005536696264795576
2000-03-08,0.00018394389450572375,0.08398990029085691,-0.008092925088175721,0.00016939490583164741,-0.214358623186999,0.0005587432292481214
2000-03-09,0.00018405567460879943,0.08394199287006475,-0.008094493316744805,0.00016924558897902554,-0.21427564206622507,0.000564860034388446
2000-03-10,0.00018406099905504786,0.0838936799240077,-0.008096558581029988,0.00016917639569416314,-0.21419332899605006,0.0005717510390780647
2000-03-13,0.00018411154272745522,0.0838519156236777,-0.008098057424465725,0.00016911323699817448,-0.21412582895521612,0.000577817630185213
2000-03-14,0.0001841728720504614,0.08380655583690545,-0.008099597901690028,0.0001687825799144829,-0.21403953101936404,0.0005835395417861012
2000-03-15,0.0001842256039924999,0.08376009496228803,-0.008102558478524572,0.00016856220956322927,-0.2139620406323359,0.0005881592619667547
2000-03-16,0.00018429160129129172,0.08371314741746652,-0.008105045862437855,0.00016858201531525156,-0.21391170630524017,0.0005947503269019145
2000-03-17,0.0001843766259010806,0.08366805424093117,-0.008107124078640034,0.00016846735386794872,-0.21386842195634423,0.0005998082008050176
2000-03-20,0.0001844409316212152,0.08362531398490777,-0.0081089332525128,0.0001684796731188738,-0.21382791825952766,0.0006059195369554156
2000-03-21,0.0001845370991572865,0.08357846818960984,-0.008110488482696326,0.00016842868979577593,-0.21375219812316779,0.0006120508113952167
2000-03-22,0.00018464994424717568,0.08353172522163371,-0.008112535957997803,0.00016849983542880652,-0.21369829901630644,0.000617422621166893
2000-03-23,0.00018476469498705843,0.08348561977418227,-0.008114753644936171,0.00016846164830832842,-0.2136572169092237,0.00062279875986118
2000-03-24,0.00018478712183369662,0.0834339094206116,-0.008116598596035385,0.000168370279681098,-0.21365070040338138,0.000628284583577688
2000-03-27,0.0001849491298400817,0.08338830849357817,-0.008118227366646137,0.00016840807697948276,-0.21362291090979826,0.000633734389850416
2000-03-28,0.000185008932865409,0.08334117759560702,-0.008119243170089635,0.00016827038538249972,-0.21362947212287772,0.0006401262913420267
2000-03-29,0.00018510854158076845,0.0832964210961844,-0.008121324349867991,0.00016816441203191797,-0.21357510187352383,0.0006461298414485077
2000-03-30,0.00018521348003576915,0.08325214399788024,-0.008123336976048725,0.00016826189606353534,-0.21350457878007736,0.0006511008590339615
2000-03-31,0.00018530854235453042,0.08320992495640762,-0.008124478143426329,0.00016811554156260256,-0.21346921149160522,0.0006563816886908588
2000-04-03,0.00018539771178549623,0.08315803985476818,-0.00812576729498829,0.00016814977996477533,-0.21346122717525579,0.0006620462816519187
2000-04-04,0.00018552678583501036,0.08311253126226546,-0.008128001753032672,0.00016814873112599765,-0.21340900069982482,0.0006676865113727883
2000-04-05,0.00018561649875971736,0.08307046650218917,-0.008130016106516874,0.00016792583454444408,-0.21334038870335278,0.0006715408415707005
2000-04-06,0.00018566588849920726,0.08301940037919146,-0.008132262994886848,0.00016782053463302904,-0.2133178975024182,0.0006775167835977638
2000-04-07,0.0001857262312239244,0.08297528852120054,-0.008134889872592595,0.00016770193257782527,-0.21330240296843386,0.0006821201586316591
2000-04-10,0.00018578142025599644,0.08292650334841743,-0.008136264293919103,0.00016761168607563266,-0.21328016079660522,0.0006878463800547228
2000-04-11,0.0001858495698280038,0.08288155608032818,-0.00813845042766067,0.00016752539050064025,-0.2132826058524551,0.0006937963595109563
2000-04-12,0.00018601048807449119,0.0828380334306649,-0.008140759389977928,0.00016743059032777886,-0.21324397664574665,0.0006989988387933728
2000-04-13,0.00018609565638719576,0.0827975990481631,-0.0081433586807709,0.00016735263862668117,-0.21318329542763123,0.0007034797418151645
2000-04-14,0.00018617379891347938,0.08275279318035995,-0.008145292662139043,0.00016730472791169453,-0.21317409256508052,0.0007092074322801252
2000-04-17,0.0001862298790250066,0.08271169106353654,-0.008147380684512772,0.00016726585856785805,-0.2131536229264314,0.0007148103590213613
2000-04-18,0.00018630128779601317,0.08266560234586247,-0.008149742068595507,0.00016726383387021446,-0.2130922375791346,0.0007202400367516336
2000-04-19,0.0001864022184860508,0.08262006633178809,-0.008151507272190623,0.00016701204279705612,-0.21303777550170136,0.0007243171319893159
2000-04-20,0.00018648013767920462,0.0825736158976841,-0.00815336041337881,0.00016684434364745503,-0.21295679855757574,0.0007296181943545137
2000-04-25,0.00018660933103243507,0.08252800316136497,-0.008154828812979315,0.00016661532892594345,-0.2129596930655156,0.0007348586439211936
2000-04-26,0.0001866503017230356,0.08248624461035449,-0.008156507067616845,0.0001664305404291317,-0.2128767715778415,0.0007390745225240771
2000-04-27,0.00018670985637262995,0.08243408479004875,-0.008158273448408419,0.0001664325562424741,-0.21281835513359662,0.000744367021310771
2000-04-28,0.00018682430605094312,0.08238925952004604,-0.008160040417114513,0.00016620303033402896,-0.21279117193062957,0.0007493360371529682
2000-05-01,0.00018688456455147884,0.08235041938472433,-0.008161994454714178,0.00016607256491442542,-0.21274620034570807,0.0007535897060913927
2000-05-02,0.00018694972644910275,0.08230554603913252,-0.00816293322765208,0.0001660251151873196,-0.21269083919482965,0.0007583544501239391
2000-05-03,0.0001870672275415746,0.08226036743456222,-0.008165336454685505,0.00016591768781490444,-0.21266020705672015,0.0007624503375431827
2000-05-04,0.0001871553752634908,0.08221287448536578,-0.008167410419056881,0.00016570536509451862,-0.2126741318476626,0.0007672544203921499
2000-05-05,0.00018725891300917942,0.08217223168933173,-0.00816937383429556,0.00016564877506616705,-0.21267649417381362,0.0007720340404336818
2000-05-08,0.0001873681587728929,0.08213272019189195,-0.008171197778457099,0.00016574153768685032,-0.21264229038123306,0.0007773584197009234
2000-05-09,0.00018747352803917875,0.08209646085617137,-0.008173650116578732,0.0001654820682190721,-0.21254905876088293,0.0007828333172919227
2000-05-10,0.00018754315234848973,0.08206092734978501,-0.008175524161506556,0.00016534765371140165,-0.21247548956803597,0.0007874805466965486
2000-05-11,0.00018762231834228073,0.08201767649706579,-0.008178535760250091,0.00016538120924162184,-0.21239853264965539,0.0007919974914440801
2000-05-12,0.00018767453349843107,0.08197425540660216,-0.008180589024746786,0.0001652343654237333,-0.21239147903623248,0.0007968330149162419
2000-05-15,0.00018776673076660775,0.08192951980787751,-0.008183355060810832,0.00016515030873434733,-0.21235626033399915,0.0008014965497483287
2000-05-16,0.00018786769249977468,0.08188778999664507,-0.00818628777027253,0.0001648997227785494,-0.21230033629796563,0.0008071898400742157
2000-05-17,0.00018796997535880703,0.08184716261707678,-0.008189552453327972,0.00016492627768185535,-0.2122550912460891,0.0008119635220286562
2000-05-18,0.00018806725202390122,0.08180861141138329,-0.008191753530391067,0.00016493276869048001,-0.2122010528686563,0.0008172028930224582
2000-05-19,0.00018808830416296117,0.08176547879506123,-0.008194571099671432,0.00016489025194134902,-0.21216134540077597,0.0008220521983108909
2000-05-22,0.0001882134462531021,0.08172329051517212,-0.008196305594653218,0.00016492847484280473,-0.2120838955894181,0.0008265562317556005
2000-05-23,0.0001882832587962921,0.0816842540884378,-0.008198544061010785,0.0001648769644870434,-0.21205253517758743,0.0008312217909552555
2000-05-24,0.00018845108875109942,0.08164212757736464,-0.008200053230045891,0.00016476571334860318,-0.21191766596217745,0.0008342236916140677
2000-05-25,0.00018861916017787227,0.0816014698189836,-0.008201992733149381,0.00016458194755457486,-0.21186986458242832,0.0008391322862155222
2000-05-26,0.00018867189768874773,0.08155536062431529,-0.008204082668618912,0.00016450973445000967,-0.2117909668760711,0.0008440789618212837
2000-05-31,0.00018887664440572297,0.08150726833995176,-0.008206040691577689,0.00016445481085387097,-0.21175558841197195,0.0008485706188452388
2000-06-01,0.0001889810223087577,0.08146066592421017,-0.008207326031120758,0.00016443588893265412,-0.2116825358711977,0.0008526266866032215
2000-06-02,0.00018912929937145095,0.08142214887852252,-0.008209252290423288,0.0001645311561129358,-0.2115797904216252,0.0008583799689818383
2000-06-05,0.00018923529462809015,0.08138467246202555,-0.008210687934680647,0.00016436574444305744,-0.21152641559753357,0.0008637441228482359
2000-06-06,0.00018934728490817518,0.08133611663346244,-0.008212235854426528,0.00016436451391517416,-0.21154100243272544,0.0008680948423141325
2000-06-07,0.00018945751868874018,0.08129409352296121,-0.00821327211528815,0.00016428076052495475,-0.21148391088896623,0.0008723288349671741
2000-06-08,0.00018955207952719554,0.08125177646326642,-0.008215095931740279,0.00016432757516362848,-0.211428820777837,0.0008776378299032196
2000-06-09,0.00018964439229497316,0.08121147908347735,-0.008216656022203022,0.0001642489413685951,-0.21132986991163058,0.0008826796901968673
2000-06-12,0.00018975379339818943,0.08117378503523949,-0.00821866048106766,0.00016413490523028352,-0.21126531029022738,0.0008870975089442738
2000-06-13,0.0001897978687991133,0.08112355388263442,-0.008221019319722522,0.000164030459374531,-0.2111626152844455,0.0008914194227643453
2000-06-14,0.00018986872266710838,0.08108410514548917,-0.008222829444055049,0.00016374328434500126,-0.21109725542026492,0.0008956033332109494
2000-06-15,0.00018996792921235531,0.08104621079489763,-0.008224562125989496,0.00016391109949681073,-0.21101626791677217,0.000900341625268995
2000-06-16,0.00018999427348373937,0.08100242198082812,-0.008227032999086356,0.00016367450917368191,-0.21097774736665015,0.0009046321933687526
2000-06-19,0.00019005042222132475,0.0809571668832248,-0.008228257653073492,0.00016380968184217902,-0.21088817947095018,0.0009085656823837854
2000-06-20,0.00019012537280813218,0.08091470791485328,-0.008229500868849148,0.00016363939912224676,-0.2108042392170599,0.0009137660135170305
2000-06-21,0.00019021141690130628,0.08087436950872469,-0.008231543168794984,0.00016362843468921488,-0.21075183855136723,0.0009191178883535233
2000-06-22,0.0001903222717220805,0.08083391168683918,-0.008234502890836203,0.00016346122058115726,-0.21075626029964467,0.0009239287551138396
2000-06-23,0.00019036375575317443,0.0807877355198838,-0.008236413551152701,0.00016329068635053675,-0.21070536023257863,0.000928213429898268
2000-06-26,0.0001904380720274429,0.0807480551561273,-0.008237914993224432,0.0001634245663640946,-0.21064584336602962,0.0009326575726864406
2000-06-27,0.00019054030433095155,0.08070797609159812,-0.008239453098302402,0.00016341509598556217,-0.21058713653750158,0.0009372520339497384
2000-06-28,0.00019066909092221206,0.08066659851834326,-0.008241084348305512,0.00016343235699890941,-0.2105557561946536,0.0009419692081971719
2000-06-29,0.00019083491114740435,0.08061948774381822,-0.008243005887230906,0.00016332956465146928,-0.21051110441168594,0.0009457091377597737
2000-06-30,0.00019092581994507502,0.08057970016384099,-0.00824502896339023,0.0001631306651083583,-0.21043589848828512,0.0009502252667915255
2000-07-03,0.00019099837373837565,0.08054158008255102,-0.008246649430712167,0.00016296821871724602,-0.21037392861671017,0.0009544858646667153
2000-07-06,0.00019107784400423835,0.08049886866643191,-0.008248242217990741,0.00016286863730432974,-0.21033160227887832,0.0009598090637920025
2000-07-07,0.00019114482238410848,0.08045485728385257,-0.008250408987893133,0.0001626737816046018,-0.21029982503975353,0.0009640418767579308
2000-07-10,0.00019123799793555483,0.08041152954992377,-0.008252005066625807,0.0001626028999412328,-0.21029582109744932,0.0009676810522350622
2000-07-11,0.00019131803668977985,0.08036945911354423,-0.008254137863602328,0.0001623273032106506,-0.2101960805243194,0.0009734453582679124
2000-07-12,0.00019132826463650308,0.08032601541520072,-0.008254965185491946,0.00016223225780091606,-0.2101757175412577,0.0009789124542315788
2000-07-13,0.00019137585018384466,0.08028607326759994,-0.008257187514157896,0.00016214690730499977,-0.21013467805454233,0.0009839729542230672
2000-07-14,0.0001914827276486189,0.08024849916635804,-0.00825998587010481,0.00016212251673025296,-0.21009064213138626,0.0009878565601235368
2000-07-17,0.00019152371518966173,0.0802147326381159,-0.008261566454795425,0.0001620516697494675,-0.21002581076798735,0.0009918309651132827
2000-07-18,0.00019162791243733043,0.080174477407129,-0.008263903010740245,0.00016210192887266184,-0.20998249463859645,0.0009965739365842374
2000-07-19,0.0001917101948381587,0.08013296041035937,-0.008265608796283524,0.00016193252437189635,-0.20993190720170835,0.0010006281090728431
2000-07-20,0.00019184091067016502,0.08009175918853695,-0.008266768716993899,0.00016184270850835448,-0.20986711199217023,0.001005695008154726
2000-07-21,0.0001919349059008288,0.0800480426192703,-0.008268818834937094,0.00016172919091726545,-0.20979668410323052,0.0010097441630101897
2000-07-24,0.00019206935554047397,0.0800073484163053,-0.008270808602822442,0.00016173648561957398,-0.20969572079801563,0.0010136124044249322
2000-07-25,0.00019218583502233076,0.07996628310299989,-0.008272424664094629,0.00016172174267122666,-0.20965855722495927,0.001019183226159987
2000-07-26,0.0001922634674718857,0.07992660992532985,-0.00827490912489382,0.00016162743404506965,-0.2096026089493755,0.001024492732142938
2000-07-27,0.00019232053520779757,0.07988783879817916,-0.008277230168431043,0.00016165809185500092,-0.20955345906909767,0.0010292241379283621
2000-07-28,0.0001923461538483951,0.07984372892922183,-0.008278438132706872,0.00016150719644330362,-0.20947397405863327,0.0010334741391372412
2000-07-31,0.00019253156365611526,0.07980258000012708,-0.00827983791662883,0.0001614960145278414,-0.209410408775458,0.0010390456064590088
2000-08-01,0.00019254089527098332,0.07976227345914932,-0.008281528751276837,0.00016134468781100304,-0.2093226299273845,0.001042701088364516
2000-08-02,0.00019263350278598724,0.07972159761299578,-0.008283763522839311,0.00016134303634653919,-0.20926496606622022,0.0010468058317754212
2000-08-03,0.00019270450062281626,0.07968364976358136,-0.008287192289064368,0.00016133009856474645,-0.20919812019315545,0.0010509281667898005
2000-08-04,0.00019276278265443935,0.07964992337967317,-0.008288934195106838,0.00016131873049493034,-0.2091751964524675,0.0010555672123713717
2000-08-07,0.00019283852552793074,0.07960201772327827,-0.008289979959494171,0.00016124210986263507,-0.20911124157971914,0.0010597744337445928
2000-08-08,0.00019291406974374347,0.07956345745086396,-0.008291666980323194,0.0001612460202901955,-0.20902987157773595,0.0010651491161429343
2000-08-09,0.00019296308104460857,0.079526495398064,-0.008294414331937857,0.00016114434405818166,-0.20900789032463457,0.0010698626419740926
2000-08-10,0.00019312076988133354,0.07948624922631578,-0.008296523856715502,0.0001610512603182563,-0.20896938197876833,0.0010736354822717417
2000-08-11,0.00019316264063281376,0.07944136389825861,-0.00829757110224496,0.00016095519969661353,-0.20890428205505523,0.0010780819022724248
2000-08-14,0.00019322383023212688,0.07939317602543791,-0.008298765399996287,0.0001609535133329729,-0.20886195701227697,0.0010831819034747227
2000-08-15,0.00019335879953342005,0.07935083534752208,-0.00830160786777715,0.00016088065715721503,-0.20884276253428172,0.00108806609439332
2000-08-16,0.00019342593773099564,0.07931118336297847,-0.008302743982991918,0.00016087737775900834,-0.20881735638025972,0.001092562468102452
2000-08-17,0.00019350761719187206,0.07927251422338234,-0.008304044256476602,0.00016075284841518127,-0.20877527162943593,0.0010976674191959701
2000-08-18,0.00019359483878151894,0.0792314142446704,-0.008305676381446123,0.00016055221394257498,-0.20872074341410185,0.0011023172505588484
2000-08-21,0.0001937129064309653,0.0791912915170486,-0.008307347591197528,0.00016051016954785475,-0.20868074295430433,0.0011078510825116002
2000-08-22,0.0001938589394491725,0.07914790656005867,-0.008308480438290446,0.00016039468088580738,-0.20862045372010338,0.0011119686223532426
2000-08-23,0.0001939523939721234,0.07910444446218085,-0.008310325774628136,0.00016041938370317836,-0.20854396122126861,0.0011171631247103482
2000-08-24,0.00019409684256984283,0.07906403809657304,-0.008312043342338291,0.00016038159023489695,-0.20847230240431583,0.0011219364476539985
2000-08-25,0.00019422061313511076,0.07901747303033381,-0.00831436615314122,0.00016021062209253416,-0.20839143405357047,0.001127220879994922
2000-08-28,0.0001942555264768664,0.0789731592339663,-0.008315883837289612,0.00016023204108787405,-0.2083058020890193,0.0011329813697383575
2000-08-29,0.00019439230105746516,0.0789281128475762,-0.008318289233568825,0.00016021458901041078,-0.20827337289532585,0.0011382021204244682
2000-08-30,0.0001945074569651128,0.07888873166965969,-0.008320738688336741,0.00016020310026228178,-0.2082156230640326,0.0011437039494595499
2000-08-31,0.00019463020748259726,0.07884663978877988,-0.008322106710488561,0.00016007887064966832,-0.2081869177735575,0.0011492323995136347
2000-09-01,0.00019473738514003646,0.078808405425838,-0.008323688099580893,0.00015999533156034885,-0.20812263570578007,0.0011537441181788122
2000-09-06,0.00019483809855065016,0.07876472831726787,-0.008325379121809902,0.00015992833726177785,-0.20803492717211494,0.001158249344299306
2000-09-07,0.00019491431946178864,0.07872646021339272,-0.008327508948516854,0.0001598648983010438,-0.20802497631452577,0.001162121849357578
2000-09-08,0.00019499712136017511,0.07868233600466885,-0.008330155157913629,0.00015992215363436042,-0.20799061011506173,0.0011676695019270753
2000-09-11,0.00019506340869527092,0.07864232389178744,-0.008331160188416377,0.0001599114327330877,-0.20791801567903728,0.001172660044026374
2000-09-12,0.00019516737576654133,0.07860380925908078,-0.008332972771097447,0.0001600935929418131,-0.20788223697203773,0.0011773968685464006
2000-09-13,0.0001952819465836012,0.07856442153202867,-0.008334464988331484,0.00015992247019139545,-0.20778925277342458,0.001181053638324854
2000-09-14,0.00019542291558662458,0.07852430510905688,-0.008336236314526612,0.00016008047069934083,-0.20774841693267787,0.0011852247216008335
2000-09-15,0.00019555618484720153,0.07848286576479253,-0.008338593870878168,0.00016000539360749657,-0.2077134822713376,0.001190035049186547
2000-09-18,0.00019564790001411572,0.07844273640726113,-0.008340255088912845,0.00015980807285268225,-0.20762318590186793,0.001195041471558183
2000-09-19,0.000195810913928577,0.07839984952750788,-0.008342647201180501,0.0001598621199957147,-0.20757307255867613,0.001199854351801786
2000-09-20,0.00019587774938118374,0.07835580681223324,-0.008344045598990242,0.0001597496922498595,-0.20747022352896177,0.0012034835089243716
2000-09-21,0.00019601536559580085,0.0783166044124173,-0.00834593358087112,0.00015968102415312124,-0.2073869018616583,0.001209271321591119
2000-09-22,0.0001962270117614693,0.07827360435504173,-0.008347326048041675,0.0001596839578837841,-0.2073043405048142,0.0012127536364628455
2000-09-25,0.0001963691858760336,0.07822399902425224,-0.008349089816092215,0.00015961671223944918,-0.2072403844707418,0.0012160956459825996
2000-09-26,0.00019646653480866677,0.078186011110919,-0.008351699845447919,0.00015967138640299284,-0.20714840411140498,0.0012206497334727416
2000-09-27,0.00019654888565496815,0.07814679435596131,-0.008352936756270333,0.00015955991754216376,-0.2070674859625719,0.0012258571313374773
2000-09-28,0.00019663572083334746,0.07810038186555276,-0.008354486050595002,0.00015963409248588264,-0.20703086366874401,0.0012298500029920155
2000-09-29,0.0001967035471459984,0.07805906203517543,-0.0083561716458071,0.0001595256865353659,-0.20696355866026722,0.0012352874083588553
2000-10-02,0.00019680628291006985,0.07801444422686289,-0.008358423495669917,0.00015952780208341574,-0.2068935560566663,0.0012398068370616877
2000-10-03,0.0001969620702481451,0.07796984505245508,-0.008359425725050886,0.00015952170192640218,-0.20681050712845325,0.0012442545136488255
2000-10-04,0.00019709877706298534,0.07792186739452864,-0.008361284273995958,0.00015949420919211376,-0.2067826630149475,0.001248680340064525
2000-10-05,0.00019721573538321435,0.07787822925778234,-0.008362090680656983,0.00015944764178757215,-0.2067275858077325,0.0012532376789543686
2000-10-06,0.00019721947298077946,0.07783892861650037,-0.008364868446807252,0.00015939622362478315,-0.2066410908326871,0.0012572520814869155
2000-10-11,0.00019728513444461525,0.07780077971190115,-0.00836631108761188,0.00015927174338365555,-0.20652525121260254,0.0012621682436151072
2000-10-12,0.00019736957199306267,0.07775830120888572,-0.008368589878929546,0.0001591562001523472,-0.2064765972695887,0.0012667211280722452
2000-10-13,0.0001975263111764654,0.07771191609861847,-0.008370218589718413,0.0001591195254815916,-0.20638971600943204,0.0012705035813160238
2000-10-16,0.00019764387815427852,0.07767171244570767,-0.00837144875877611,0.00015904996159582565,-0.20634165895308743,0.0012748975106940319
2000-10-17,0.00019774351205302672,0.07763160021095349,-0.008372569293517276,0.00015874368463681697,-0.20628850143310884,0.0012787539681006644
2000-10-18,0.0001978400239672514,0.07758399974465026,-0.00837463237465156,0.0001588068081569634,-0.20620764287136967,0.001282557741519811
2000-10-19,0.00019797789522103538,0.0775428740711668,-0.008375756913611445,0.0001588156304114696,-0.2061544771826112,0.0012867912575693543
2000-10-20,0.000198029728058867,0.07749942121674105,-0.00837816622546449,0.00015895201668359875,-0.20608816472065433,0.001291508768373587
2000-10-23,0.000198086758792941,0.07745714102341783,-0.008380601886381334,0.00015891649976461478,-0.20603789844050752,0.0012967477694696592
2000-10-24,0.0001981858456664705,0.07741634480004034,-0.00838132980519694,0.00015883337743475211,-0.2059379043491315,0.0012991499962132858
2000-10-25,0.00019828287627929363,0.07737109787471472,-0.008383158360599425,0.00015883873096093844,-0.2059227832074187,0.0013034722829707412
2000-10-26,0.00019839103967195782,0.07733208706395452,-0.008383951339411442,0.00015876575916625176,-0.20588460770999348,0.0013072936658156651
2000-10-27,0.00019857825229981947,0.07729369149732333,-0.008385321612195741,0.0001586914963771249,-0.20582443816890922,0.0013115597998122914
2000-10-30,0.00019866865595174636,0.07725005808885187,-0.008387600380098854,0.0001585620164826037,-0.20578305281479112,0.0013161848373651327
2000-10-31,0.00019873829476219984,0.07720517054211361,-0.008389606922803584,0.00015846640138334896,-0.20576062901908,0.0013210274630816273
2000-11-01,0.00019880870008769227,0.07716697437606285,-0.008391606383943498,0.00015823755851236226,-0.2057438417327353,0.0013255723026123231
2000-11-02,0.00019886506806365462,0.07712974667163308,-0.008393259339698702,0.00015827660723679625,-0.2057081716244659,0.0013295439874310574
2000-11-03,0.00019899726135841318,0.07708798638945635,-0.008395564544887933,0.00015821520741440034,-0.2056169889760378,0.001333601427492197
2000-11-06,0.00019908834038889506,0.07704205918214202,-0.008397049933773817,0.00015825344154569366,-0.20550605767292646,0.0013377844741530077
2000-11-07,0.00019921045152250896,0.07700156592586181,-0.008399114625669403,0.0001581442743611926,-0.20545905798952327,0.0013414796796612923
2000-11-08,0.00019932147924681766,0.07695921059017645,-0.008400364790446499,0.0001582409238428066,-0.20541185601825276,0.0013463764273770095
2000-11-09,0.00019945717119179977,0.07691605445907984,-0.00840334298403782,0.0001582277644721244,-0.205327994553935,0.001349804895043328
2000-11-10,0.00019956759411843858,0.0768744913442649,-0.008404014234483385,0.00015814348095968603,-0.20529538003708372,0.0013536983625281969
2000-11-13,0.0001996871906512196,0.07683020960337618,-0.008405727940942418,0.00015797134492226154,-0.20524102458224835,0.001358178877000886
2000-11-14,0.00019980997661802932,0.07679151829305624,-0.008407155378557242,0.00015786218946989324,-0.20521954681055418,0.0013631319368030124
2000-11-15,0.00019989790663290394,0.07675161435436184,-0.008408913553668351,0.00015779029309470572,-0.20515118620575692,0.001367694837843739
2000-11-16,0.00020003872409052158,0.07671580287397511,-0.008410559828150116,0.00015769224360089284,-0.20507505721587238,0.001371671783422443
2000-11-17,0.0002001674443420994,0.07667951052339661,-0.008411656529908326,0.00015771455711663946,-0.20504268926739805,0.0013761022934634958
2000-11-20,0.00020032421743028028,0.07663819253525576,-0.00841334922898285,0.00015769199739312285,-0.20494926663374818,0.0013793803806440358
2000-11-21,0.00020042618072815723,0.07660245632274933,-0.008414990905702769,0.00015760365122634003,-0.2049158280607185,0.0013831809838728223
2000-11-22,0.0002005402440087322,0.07656062348183496,-0.008416541747041971,0.00015772987058616724,-0.2048207295528836,0.0013880447940844889
2000-11-27,0.0002006801249849479,0.07652851652491896,-0.008417907587492912,0.00015769618979743913,-0.2047596266020532,0.0013921811511760863
2000-11-28,0.00020076806612968518,0.07648542335969487,-0.008419753283728376,0.00015759336540861968,-0.20470437487506649,0.0013958776421905841
2000-11-29,0.00020087124200444614,0.07644714298677957,-0.008421885879178245,0.00015744898094930762,-0.20461064176843888,0.0014006927418358348
2000-11-30,0.00020098549951946866,0.07640339524443573,-0.008423304611278246,0.00015725126937944794,-0.20456665603530036,0.001405070466802857
2000-12-01,0.00020102760322190455,0.07636122446800861,-0.00842651526255668,0.00015718034455820397,-0.20448773673551995,0.0014098909121416847
2000-12-04,0.0002011052888702653,0.07631994649590879,-0.008427690427402143,0.00015687702345846614,-0.20444483190102147,0.001414919705213223
2000-12-05,0.00020121768541882045,0.07627689204053993,-0.008429785920440865,0.00015683368860048704,-0.20439633283624326,0.0014197480182060475
2000-12-06,0.0002013159728458308,0.07623525459525726,-0.00843059743216435,0.0001567170758469004,-0.20431249012407435,0.0014238113567496215
2000-12-07,0.00020138286185888046,0.07619098339617827,-0.008432790140306241,0.00015664913950244282,-0.20428003537440634,0.0014286361567937907
2000-12-08,0.00020149755019677394,0.07614923348058926,-0.008434368181815213,0.00015654170871987535,-0.20420090945012687,0.0014319130865885008
2000-12-11,0.00020168267392604137,0.07611220762394601,-0.00843655605863144,0.00015654776174954294,-0.2041406357092165,0.0014362009621798075
2000-12-12,0.00020168917419109488,0.07607509966068181,-0.00843791611824298,0.00015636958873177265,-0.20407175162370814,0.0014405955067178621
2000-12-13,0.00020178313097928013,0.07603999472716659,-0.008439173308268029,0.00015636515796050194,-0.20399087070940497,0.001444230488896457
2000-12-14,0.00020188227386028383,0.07600049084758284,-0.008441428151964907,0.0001561919130145368,-0.20391716559636877,0.00145023168964424
2000-12-15,0.0002019768327546839,0.07595532765039471,-0.008442556135662405,0.0001562143757962197,-0.20392352182284312,0.00145542891138459
2000-12-18,0.00020210377072734978,0.07591846878453491,-0.0084447211065656,0.00015619211399014475,-0.20387041340558312,0.00145975971198249
2000-12-19,0.0002021870311592989,0.07588121157327812,-0.008447953945332966,0.00015609663046432066,-0.20377940539891884,0.0014637538416334723
2000-12-20,0.00020229234464338563,0.07584580398313771,-0.008449700888296977,0.00015593562933735085,-0.20375016558885684,0.0014672891105191415
2000-12-21,0.00020239076245458375,0.0758124052762068,-0.00845147011178757,0.00015592664039324776,-0.20370506134442348,0.001470815254203617
2000-12-22,0.00020246995189636966,0.07577556051534438,-0.008452885026067107,0.00015578436951153615,-0.20364432557506457,0.0014748622678006917
2000-12-27,0.00020254972508365024,0.07574250887588097,-0.008454638793827587,0.00015586881056809258,-0.20358974017119433,0.0014794974196878125
2000-12-28,0.00020267550311722492,0.07570396691132636,-0.008455760184942892,0.00015577385307183653,-0.20351991084598509,0.0014839530219018788
2000-12-29,0.00020275219443385728,0.07566423362327149,-0.008457652012169272,0.000155719458443148,-0.2034539321899094,0.001487195613982919
2001-01-03,0.0002028594646873156,0.07562388642998387,-0.008459599338870003,0.00015561444648414283,-0.20342676598025292,0.0014911001128428895
2001-01-04,0.0002030365905175169,0.07558121034021346,-0.008461587996098424,0.00015547289606317822,-0.20340056953280528,0.0014953854609754667
2001-01-05,0.00020316090579234952,0.07554687928606683,-0.008463442637659548,0.00015548019189900103,-0.20337274010127132,0.0014980140605273817
2001-01-08,0.00020319104825491563,0.075508741918003,-0.008465524393305227,0.00015542777639545517,-0.20332224859422535,0.0015014540502318765
2001-01-09,0.00020331076962324917,0.07546982781592247,-0.008467059452106263,0.00015534489573249772,-0.203224014752955,0.0015057316273539038
2001-01-10,0.0002033692700983541,0.07543425499143801,-0.008470126072547898,0.00015540531700060841,-0.20315372180785626,0.0015117820877562943
2001-01-11,0.00020348807808602524,0.0753958422537521,-0.008471928726579269,0.00015523888962897512,-0.2031272795967918,0.001515464918058017
2001-01-12,0.00020355209064902997,0.0753568673451915,-0.00847437419089844,0.00015510759245072097,-0.20304811643387646,0.0015204665892980557
2001-01-17,0.00020358802533090124,0.07531309285135676,-0.008476287236969979,0.0001548540077557126,-0.20298221206847278,0.001524068454037191
2001-01-18,0.0002036441610524646,0.0752716679692176,-0.008479072253980527,0.00015462133218293456,-0.20289614604418335,0.0015280438417218656
2001-01-19,0.0002037324914801932,0.07523175381090354,-0.008480790516946588,0.00015449864170831472,-0.20287914563662438,0.0015328276568103928
2001-01-22,0.00020384581860512788,0.07518971915131109,-0.008482277874631131,0.0001542624170934529,-0.20285387419543208,0.0015370206827699376
2001-01-23,0.00020390779837762153,0.07514666407334382,-0.00848513003492312,0.00015442124309946484,-0.2028132439554321,0.0015412870377807038
2001-01-24,0.000203969196715471,0.07510590115136716,-0.00848749840216566,0.00015435385149063205,-0.20275600534698807,0.0015467868540383373
2001-01-25,0.00020410768966640816,0.0750721576799473,-0.008489542382316967,0.00015431633339523117,-0.20268795900277428,0.001551285080545194
2001-01-26,0.00020422306318146265,0.07503655155954173,-0.008491454659505812,0.00015432975439399257,-0.20261149732272082,0.001555070702162897
2001-01-29,0.0002043486116672542,0.07500170962747645,-0.008493502289457527,0.0001543380592400867,-0.20254319590144207,0.0015606154251275193
2001-01-30,0.0002044108581230439,0.07496263546130404,-0.00849475779527042,0.00015437460822640328,-0.20253649741131843,0.0015650917309215776
2001-01-31,0.00020447878616533727,0.07492617615642266,-0.008496344908455179,0.00015444005239277636,-0.20248797311135067,0.0015695922759912033
2001-02-01,0.00020453645625005034,0.0748896431092768,-0.008497586073581488,0.00015425037165188714,-0.202436974036064,0.0015748424122193456
2001-02-02,0.00020467073899183165,0.07485061988315934,-0.00849851939092915,0.00015430668109906042,-0.20239147613842629,0.0015793382853870827
2001-02-05,0.00020476931511877874,0.07480692546993635,-0.008500258177625036,0.00015425975384472621,-0.2023120706741498,0.0015849782606715268
2001-02-06,0.00020489911554893387,0.07476589407535797,-0.008501341503413954,0.00015435825650291022,-0.20226287337258425,0.0015894634098994173
2001-02-07,0.0002050150365716514,0.07472634550529812,-0.008502924930768381,0.0001541949073696175,-0.20222474727294268,0.0015936211801463726
2001-02-08,0.00020509852055251312,0.07468531092039701,-0.008504529814630096,0.00015409618331508351,-0.20220565730755596,0.0015977120613463586
2001-02-09,0.00020524095827864703,0.07464355206606278,-0.00850538015327875,0.00015399721152981304,-0.20212311574160213,0.0016017147632024185
2001-02-12,0.00020534804465460437,0.07460706016731923,-0.008507204323999134,0.00015384959650937533,-0.20209178113296233,0.0016053948642822968
2001-02-13,0.00020552110185080124,0.07456635960087885,-0.00850892590160409,0.0001536411396345393,-0.2020355399508407,0.0016096526241760293
2001-02-14,0.0002056265443026033,0.07453346795189643,-0.008511039009723947,0.00015344601972972703,-0.20195855626026576,0.0016127818100911142
2001-02-15,0.00020574614331668657,0.07449073479201065,-0.008513116387478965,0.00015345496830931286,-0.201892985530985,0.0016166948523224684
2001-02-16,0.00020592067590651997,0.07445401960453703,-0.008513827213746602,0.00015343939836862572,-0.20183669577020374,0.0016208546141006262
2001-02-21,0.00020595974639572376,0.07442407049023238,-0.008515865731473593,0.00015327031767976013,-0.2017875166279703,0.0016246031983808472
2001-02-22,0.00020605071088817487,0.07437929177526507,-0.008517124645200052,0.00015329289789380442,-0.20172552347751363,0.0016274555554082414
2001-02-23,0.00020611921831184573,0.07434087020671797,-0.008518455537253089,0.00015321960965140335,-0.20166946674660444,0.0016315356671672073
2001-02-26,0.00020623882236948655,0.07430343076295731,-0.008519467137656249,0.00015307902945674225,-0.20157667919954908,0.0016351830077426944
2001-02-27,0.00020634858400991207,0.07425952162681403,-0.008521263929907754,0.0001530975434328689,-0.20149928853518814,0.0016393924017159714
2001-02-28,0.0002064607127157644,0.07422036157084425,-0.008522844270480456,0.00015282666230135187,-0.20143377765514076,0.0016439092927813758
2001-03-01,0.00020657759161663608,0.0741837460439081,-0.008524624585508978,0.0001526985237418228,-0.20138536987779304,0.0016485162604801193
2001-03-02,0.00020671152342876433,0.07414460681733578,-0.00852664752716624,0.00015259610028324507,-0.20136931796241606,0.0016526246660381499
2001-03-05,0.00020687023868719919,0.07411214017752647,-0.008528943532320853,0.00015247586092953473,-0.20130464598184714,0.001656944045377616
2001-03-06,0.00020696162179464445,0.07407558354112863,-0.008530966223338297,0.0001525507575131752,-0.2012664758721376,0.001661853778165401
2001-03-07,0.00020700238697930818,0.07403516946393852,-0.008532968887413958,0.0001524862067683016,-0.20123912709821443,0.0016664206774287304
2001-03-08,0.00020704947176613812,0.07399723472419316,-0.008534459807047166,0.00015242300237742253,-0.20118929925060552,0.001671386221963154
2001-03-09,0.000207105120156968,0.07395616253204697,-0.008535220813387496,0.00015228564621082993,-0.20112670887239487,0.0016756038535109105
2001-03-12,0.0002071970826347357,0.07392593349161353,-0.008536636212398035,0.00015219525905177316,-0.2010914790506732,0.0016785202615573985
2001-03-13,0.00020727276144228373,0.07388409159959546,-0.008537161568109644,0.0001521443902657954,-0.20103290782632402,0.0016835918795625536
2001-03-14,0.00020733614915276145,0.07384392950866366,-0.008539563720782014,0.00015212316820048462,-0.2009167974388578,0.0016875429443089915
2001-03-15,0.00020743672554384172,0.07380459686923578,-0.008541470207935501,0.0001519956482287666,-0.2008595652781208,0.0016911039261722604
2001-03-16,0.0002075452973047549,0.07376495429711936,-0.008542531852277423,0.0001520231119288924,-0.20088691182526597,0.001695012834059648
2001-03-19,0.0002076755664375748,0.07372467139629935,-0.008544245617368666,0.00015209691728598963,-0.2008331011818585,0.0016991652487937134
2001-03-20,0.0002077542186803068,0.07368501544857006,-0.008545776479208223,0.00015202570491068686,-0.2007583079132583,0.0017031391840551385
2001-03-21,0.00020780457123797746,0.07364785307051418,-0.008547470791175047,0.00015197349842219535,-0.20072315295811533,0.001707083594654832
2001-03-22,0.00020798544632970382,0.07361082922259676,-0.008549294466553805,0.00015199482039613245,-0.20067980352833226,0.001710623551032039
2001-03-23,0.00020807565983603694,0.07357841740754811,-0.0085502894698484,0.0001520459312121018,-0.2005785943920729,0.001714642737857068
2001-03-26,0.00020815877427799657,0.07354179715558663,-0.008552135581357439,0.00015191111254427795,-0.20048342374170722,0.0017191210933054804
2001-03-27,0.00020822339170939284,0.0735089765872615,-0.0085531108167313,0.00015173266731643759,-0.20041134049149786,0.00172355357231311
2001-03-28,0.0002083535555409559,0.07347045200611527,-0.008554776667692806,0.00015171228573514637,-0.20034763676177347,0.001727606204510621
2001-03-29,0.00020847991204894732,0.07343874523671162,-0.0085560071923987,0.00015160736886239682,-0.20029371010187005,0.0017314987093333086
2001-03-30,0.00020852315441394797,0.07339279996153551,-0.00855657096459673,0.0001516075470583381,-0.2002452547004346,0.0017347510354072467
2001-04-02,0.00020861744215163784,0.07335767971686659,-0.00855808437035208,0.00015151947980271543,-0.20015050688831212,0.001738540798775028
2001-04-03,0.00020868741685104694,0.07331907128506579,-0.008560020313638674,0.00015150618223920589,-0.20009337016697157,0.0017419793416375074
2001-04-04,0.00020884752242063002,0.07328632872831814,-0.008561708423539496,0.00015137123604581646,-0.19997095379300403,0.0017452652049846165
2001-04-05,0.00020897633981622877,0.07324918130354537,-0.008563310121170245,0.00015134873375848855,-0.19992569709553018,0.001749221032026727
2001-04-06,0.00020902967333403903,0.07321404365703735,-0.008565374980543498,0.0001513390079991251,-0.19990812096941016,0.0017533507927714632
2001-04-09,0.0002090900174635495,0.07317665689736072,-0.008567369313378816,0.00015135253893497518,-0.1998536920222402,0.001757175506832064
2001-04-10,0.00020914680968889154,0.07314200380294297,-0.00856931184589175,0.00015129706524916027,-0.19980262907479251,0.001760932630756464
2001-04-11,0.0002093423646102078,0.07311081686948884,-0.008571595210000064,0.00015130493925205493,-0.19972723455309266,0.0017643942810138522
2001-04-12,0.00020946704295092566,0.07308235301195115,-0.008573205335508736,0.00015125547591976393,-0.19964784803338487,0.0017680140390063256
2001-04-17,0.00020949505849987988,0.0730470628633089,-0.008573964760593026,0.0001512004443741082,-0.19957141272316056,0.0017719115468422095
2001-04-18,0.00020958629330930517,0.07300954159183488,-0.008575010321620015,0.00015114146741457195,-0.1995320213511301,0.0017759752427153536
2001-04-19,0.00020963390935193515,0.07297553519740141,-0.008576625490140894,0.000151133810866864,-0.19949688412268748,0.0017795969810243922
2001-04-20,0.00020973347285580568,0.07293972651488553,-0.008578475820239007,0.0001510435821334355,-0.19941565328048594,0.0017838217782241896
2001-04-23,0.00020979019393813504,0.07290160032134689,-0.008579914065291242,0.00015118263823445056,-0.1993194154395619,0.001786564893584358
2001-04-24,0.0002098976717087114,0.07286246317486221,-0.008581702483124098,0.00015108120870932943,-0.19924984586016506,0.001789751480366543
2001-04-25,0.00021002785625592548,0.07282482990469856,-0.008583754139302442,0.00015097883660232265,-0.19921719532679139,0.0017944352244641274
2001-04-26,0.00021019165191175473,0.07278920686008747,-0.008585038284757719,0.00015086223844089125,-0.19915377306065052,0.0017975365712799775
2001-04-27,0.0002102933375848126,0.07275472028185205,-0.008587302325223931,0.00015089303182375235,-0.19911270471826445,0.0018017621673917233
2001-04-30,0.00021036455964655704,0.07272017505967968,-0.008589558452377742,0.00015076713244297366,-0.19903964904826216,0.0018053812891473673
2001-05-01,0.00021047077300264506,0.072683906821428,-0.008591087956955464,0.000150663132821031,-0.19900961311996113,0.0018085436606017
2001-05-02,0.0002105604807848537,0.0726479966260797,-0.008592752568146655,0.0001505466620541088,-0.1989372980806329,0.0018120698617258226
2001-05-03,0.00021059796017421523,0.07261225706607484,-0.00859490996407875,0.00015061657959022562,-0.19887778662946093,0.001816390513868256
2001-05-04,0.00021072336695985482,0.07257751312871055,-0.00859612791433844,0.00015055112017781878,-0.19886632575888274,0.0018194964006029047
2001-05-07,0.00021083625709889434,0.07254508636516692,-0.008598024257184601,0.00015046546184269388,-0.19882559616053438,0.001823764401276514
2001-05-08,0.00021085989208732082,0.07250769672120004,-0.008599615925519628,0.00015039963201872946,-0.19875393396658528,0.0018260798405969638
2001-05-09,0.00021102316701616865,0.07247320840286525,-0.008601331597994618,0.0001502512559344321,-0.19866149959313673,0.0018304683437517892
2001-05-10,0.00021109021879627947,0.07243549265778189,-0.008602640081402697,0.0001500868690498509,-0.19859976289624315,0.0018336249277166765
2001-05-11,0.0002112597545065609,0.0724038326937504,-0.008604826587362223,0.00015005593044656933,-0.1985476908618978,0.0018378276084842064
2001-05-14,0.00021126418503823578,0.07237217833529964,-0.008606111392410272,0.00015002803986101403,-0.19846140894681114,0.0018418735176358098
2001-05-15,0.00021139025071229985,0.0723343702013004,-0.008607607747747667,0.00015002138002986009,-0.19839503985616086,0.0018459099728994862
2001-05-16,0.00021146562085885896,0.07229805523833054,-0.008609540082094904,0.00014987863712401413,-0.19835141295164163,0.0018496398960036204
2001-05-17,0.00021158281671235961,0.07225702079212468,-0.008610682556471946,0.00014976818161727178,-0.19829277173396234,0.0018543344734036824
2001-05-18,0.00021160057587957143,0.07222265985836347,-0.008612608823235841,0.00014985108198027017,-0.1982350316193066,0.0018585445815062465
2001-05-21,0.0002116598139323208,0.07218743911852482,-0.008614172417743735,0.0001499050936651574,-0.19817574351771597,0.001863291722896273
2001-05-22,0.00021174676691554264,0.07215855349229201,-0.00861588356409204,0.00014987289819220315,-0.19815785382863388,0.0018678891956054216
2001-05-23,0.00021191216734300615,0.07212897975969881,-0.008617425868305316,0.00014987016465205894,-0.1980705289588304,0.0018709253658755064
2001-05-24,0.00021200633619441965,0.07209190589845028,-0.008619077956485062,0.00014983478937631185,-0.19802801743354506,0.0018749296247806237
2001-05-25,0.00021212947794093314,0.07206060009398382,-0.00862158690421962,0.00014968874962460556,-0.19798839589025474,0.0018783585520298662
2001-05-30,0.00021217348739819647,0.07202281870366192,-0.008622138838371604,0.00014967773364527723,-0.19792384265722748,0.0018825402045560336
2001-05-31,0.00021224280941666362,0.07198974181199708,-0.008623166923551324,0.0001496779016850194,-0.1978929382157602,0.0018862305611218476
2001-06-01,0.0002123593504933869,0.07195441336343224,-0.00862528486023557,0.0001495890448526664,-0.19787096093682702,0.001889730638233882
2001-06-04,0.0002123980945011625,0.07191669143834634,-0.008626653482069046,0.00014944125528705793,-0.19773644896384573,0.001894336461450604
2001-06-05,0.00021254340921660894,0.07187897245165224,-0.008628792094497375,0.0001494614782127605,-0.19761962046707965,0.0018983593583420113
2001-06-06,0.00021263357371110607,0.07185135967214148,-0.008630193376391888,0.00014934645045454646,-0.19762027524349754,0.0019011513140509122
2001-06-07,0.00021269001013533143,0.0718149127278497,-0.00863147130814978,0.00014941572951594062,-0.19753123575340895,0.0019044443413475686
2001-06-08,0.00021278013686334594,0.07177996601762576,-0.008632275745992611,0.00014952642452504614,-0.1974921759477435,0.0019073953868887531
2001-06-11,0.00021286087997856546,0.07174360214164932,-0.008633347812989455,0.00014948539573992836,-0.19741111475079592,0.0019114052815669387
2001-06-12,0.0002130162191236019,0.07171005802559949,-0.00863499270935783,0.0001495244061609019,-0.19736866792519597,0.0019152049297592193
2001-06-13,0.00021311839497426774,0.07167584799513983,-0.008636238899097846,0.000149403511561119,-0.1973504993930363,0.0019186470038416914
2001-06-14,0.00021320313750946307,0.07163694683636367,-0.008637896994000263,0.00014918775632901136,-0.1972558557242517,0.0019218899741699396
2001-06-15,0.00021329592448539756,0.07159850164263153,-0.008640042989493644,0.00014919973700228812,-0.19720599636158284,0.0019255250671551078
2001-06-18,0.00021343724306742266,0.07156251371686895,-0.008641654776833008,0.00014902093894322347,-0.19712241633193295,0.0019282688391383351
2001-06-19,0.0002135779005197134,0.07152856451320071,-0.008643237761445625,0.000148990448023939,-0.19705393632177964,0.0019317138966456367
2001-06-20,0.00021366120566702635,0.07149515139165577,-0.008645294135897295,0.00014891393958768164,-0.19703012874760878,0.0019350550170677667
2001-06-21,0.0002137857076555433,0.07146311994177718,-0.008647574843224131,0.00014883663262929274,-0.19694777094723928,0.0019389169205236802
2001-06-22,0.00021397460490597074,0.07142737698970664,-0.008649754321471186,0.0001489097619470278,-0.1969018328053672,0.0019428899831197015
2001-06-25,0.00021405133200747884,0.07138897512063407,-0.008651260335278467,0.00014879487396011115,-0.19688741384277705,0.0019469762986677156
2001-06-26,0.0002141922061991768,0.07135558066711853,-0.008652975504668077,0.00014861477239535743,-0.19682111442475012,0.0019506178954951149
2001-06-27,0.00021431721963100192,0.0713166875169008,-0.008654758638872941,0.00014860086399554946,-0.19676618700941267,0.0019538222620610643
2001-06-28,0.0002143819729186232,0.07128700352825464,-0.008655609294394715,0.00014866163250383687,-0.1967314921380546,0.001957731530062819
2001-06-29,0.000214475772159218,0.0712523085383121,-0.008658114488815507,0.00014865488694502748,-0.19667561955721796,0.0019616952947857642
2001-07-02,0.00021455666934984914,0.07122332023706869,-0.008659296819941882,0.0001485967373100188,-0.1966481844654325,0.0019642262247763953
2001-07-03,0.00021465366821057377,0.07118836733377731,-0.0086614779664989,0.0001486873888056216,-0.19664230456799514,0.0019675131283855805
2001-07-06,0.00021476188297035395,0.07115996908459919,-0.008662627641031574,0.00014870277216793678,-0.1965776354204096,0.001970574161864912
2001-07-09,0.00021485273231556536,0.07112497525767182,-0.00866437995105277,0.00014870447400107848,-0.19655649842368592,0.0019742512798811463
2001-07-10,0.0002149832219657327,0.07109353815012644,-0.008665974633595041,0.00014868944171066002,-0.19644859406998313,0.001977851582867459
2001-07-11,0.000215110210112673,0.07106234573430668,-0.008668346631096177,0.00014863197547057943,-0.1963529630599835,0.0019826520413132216
2001-07-12,0.00021525923906806285,0.07103142247116921,-0.008670996440367647,0.00014861482066685455,-0.19629815287006022,0.0019872987594923568
2001-07-13,0.00021531376414921172,0.07099875475924215,-0.00867331037210483,0.00014852930928421814,-0.19624671057225185,0.0019908549187619964
2001-07-16,0.0002153861591285106,0.07096480094938319,-0.00867521026573719,0.00014842542357819185,-0.1961879948869338,0.0019948329793823523
2001-07-17,0.00021546864109967545,0.07093083967529172,-0.008676664809229084,0.00014832267346363246,-0.19614107139040143,0.0019986752528323697
2001-07-18,0.00021559646667752727,0.07089276072301808,-0.008678674515951291,0.00014830844819920772,-0.1960387551361652,0.00200319584987883
2001-07-19,0.0002157142264150714,0.07085944807896767,-0.008679661057772643,0.00014827451615627806,-0.1959928625918848,0.002006081301006073
2001-07-20,0.00021583322610618018,0.07083024511671293,-0.008680792485444566,0.0001481868444146122,-0.19595201615807736,0.0020104280302717633
2001-07-23,0.00021592629505244,0.07079542084038198,-0.008682894780136834,0.00014819567108243973,-0.19588076205137836,0.0020146645134859423
2001-07-24,0.00021600026105933414,0.07075869111264262,-0.008684588849843126,0.00014824523670326485,-0.19583521935433013,0.002018038128470493
2001-07-25,0.00021611892502761,0.0707293857135291,-0.008686010516190557,0.000148147988364844,-0.1957797104564699,0.002021153669878829
2001-07-26,0.00021621193174577326,0.07069548003936085,-0.008687375905154952,0.00014812821657588491,-0.19571260446673766,0.0020249204302293295
2001-07-27,0.00021625297074217648,0.07066664566530219,-0.008688724421557681,0.00014825658914056726,-0.19564993224086213,0.002029157732758657
2001-07-30,0.00021632647997932118,0.07063261258350192,-0.008690235786900088,0.00014828656505642534,-0.19555990469230172,0.002032741855055071
2001-07-31,0.00021638402056015391,0.07060032149977348,-0.008692458405605001,0.00014808569595780904,-0.1954741462495811,0.0020353574579188537
2001-08-01,0.00021654132567250434,0.07056512698671871,-0.008694111877412068,0.0001480792365326176,-0.19541175156037444,0.00203895896424202
2001-08-02,0.00021668948674929807,0.07053190255747713,-0.00869531888002151,0.0001480560948902762,-0.19530990580093896,0.0020421585365716227
2001-08-03,0.00021675851703604205,0.07049538722919901,-0.00869690050713664,0.00014809482716749792,-0.19525269987264823,0.0020453192725692977
2001-08-06,0.000216834463169553,0.07046269230807685,-0.008698522644700935,0.00014816958828671486,-0.19518039050937958,0.00204860339778256
2001-08-07,0.00021690410357732241,0.0704372978138833,-0.008699577045460297,0.00014804651231950798,-0.19508241793722542,0.0020527392817501467
2001-08-08,0.00021701067288072072,0.07040286890865928,-0.00869960924422082,0.00014794991836260214,-0.19500644277418713,0.0020575627252408103
2001-08-09,0.00021712411912738777,0.07037166740192635,-0.008701175082618388,0.00014799989478509598,-0.1949080319755498,0.002061323330981601
2001-08-10,0.00021719814998349182,0.07033860581831657,-0.008702881906663792,0.00014803019119102314,-0.194838686424322,0.0020647386190966012
2001-08-13,0.0002172470002893555,0.07030687334840029,-0.008704393449573978,0.00014805810670913403,-0.1947408463390705,0.0020682124241756536
2001-08-14,0.000217327503431706,0.07027321561083551,-0.00870560909349174,0.0001478742464852484,-0.19464906888635555,0.0020714901051137376
2001-08-15,0.0002173649348818544,0.07023737018194762,-0.008708119659195572,0.00014789281894201945,-0.19460288304116008,0.002076746180116637
2001-08-16,0.00021746020416580283,0.07019900075150823,-0.008709465909097412,0.00014808977657159095,-0.19450549498122496,0.0020809401195291725
2001-08-17,0.00021749107218940693,0.07016098057903451,-0.008711607703739676,0.00014791148219860006,-0.1944680297593732,0.0020851311298922055
2001-08-20,0.00021754243409591214,0.07012649337392109,-0.008713212904210853,0.00014776275180370193,-0.1943739716283883,0.002088702578742769
2001-08-21,0.0002176167379109684,0.07009578555673235,-0.008715060873233373,0.0001476738001750321,-0.19432173731954216,0.0020936840775992215
2001-08-22,0.00021767148633939216,0.0700608267732189,-0.008716604146712596,0.00014776414941286046,-0.19426113073871684,0.0020966799815624404
2001-08-23,0.0002177985330407108,0.0700323429916047,-0.008718394567596656,0.00014768922510427526,-0.1942416986345856,0.002099928626540708
2001-08-24,0.00021791840009898148,0.07000249572242428,-0.008720169638865464,0.0001477093105431095,-0.19421514272412932,0.00210279183652644
2001-08-27,0.00021801558842543978,0.06997062541373118,-0.00872184048603706,0.00014751442551773914,-0.1941578382766881,0.002106302964725094
2001-08-28,0.0002180745947528917,0.06994040936851557,-0.008723564661766265,0.00014749867715023625,-0.19409693332488667,0.0021096609634734956
2001-08-29,0.00021819270927241475,0.06990969638821373,-0.008725162852845997,0.00014740737246645862,-0.19406326795610196,0.0021126933551159502
2001-08-30,0.00021828430725990416,0.06987466375680995,-0.008727052995872675,0.00014719180074237686,-0.1940088240332472,0.0021165424302856542
2001-08-31,0.00021837607486742058,0.06984794322921317,-0.008728268173515344,0.00014717829535368295,-0.19395486965767372,0.002120535437810266
2001-09-05,0.0002184928586891663,0.0698206819978428,-0.008730155592287117,0.00014704216892457366,-0.19391087117954836,0.002124794470182698
2001-09-06,0.0002185810053929013,0.06979033576993615,-0.008732230288107993,0.0001470200603124266,-0.19389063326818404,0.0021282576688262406
2001-09-07,0.0002186649397023282,0.06975735463507061,-0.008734546052468251,0.0001468287994524761,-0.1938376503389695,0.002131815918956284
2001-09-10,0.0002187722670040887,0.0697310850106553,-0.008735975663648785,0.0001466876018522496,-0.19375252784224717,0.002135188440905735
2001-09-18,0.0002188775627604763,0.06969978433315363,-0.008737613772548369,0.0001466083150929937,-0.19367307322241126,0.002137922399211938
2001-09-19,0.00021899786504923728,0.06967194337130453,-0.008739302391234154,0.00014645988069570163,-0.19361243022772576,0.0021418089058056564
2001-09-20,0.00021908530398341732,0.06964976951121586,-0.008741167371280441,0.00014635966852680207,-0.19356158819021313,0.0021452525594336286
2001-09-21,0.0002191286506113046,0.06961878756034964,-0.008742888347250356,0.00014627767219341906,-0.1934765737799706,0.002149226132653828
2001-09-24,0.00021922471001511114,0.06958799598832119,-0.008745138537640805,0.00014632731308500814,-0.1934250698492526,0.0021528113396934428
2001-09-25,0.000219368744812099,0.06955426210223582,-0.008746828206957265,0.00014630775443901908,-0.19337453928540338,0.0021574193048471894
2001-09-26,0.00021937183812445325,0.0695187162369135,-0.008748528550019117,0.00014612812362766364,-0.19331431379372488,0.002161760621895178
2001-09-27,0.0002194857482837423,0.06949000150545656,-0.00874995151194822,0.00014601307365597855,-0.19319818599514202,0.002165322046064914
2001-09-28,0.00021956094286204413,0.06945572109457879,-0.008752512602532538,0.00014590147517867715,-0.1931246062879001,0.002168920859229257
2001-10-01,0.00021961444049954832,0.06942658004954488,-0.008753839319159663,0.00014575707881420068,-0.19305810985250574,0.0021726526522599593
2001-10-02,0.00021968883928594267,0.06939752838781806,-0.00875555316147373,0.00014582750457435242,-0.19299501553626053,0.002175319887589308
2001-10-03,0.0002197984218135999,0.06936502168948001,-0.008757762012438825,0.00014573933375654585,-0.19293737480845685,0.0021775249560464175
2001-10-04,0.00021984728018675665,0.06933793585804655,-0.008759273685188166,0.00014564731249813872,-0.19286741824869508,0.002179275381313952
2001-10-05,0.00021996602500927727,0.0693029308178926,-0.008761197670098867,0.00014563847289458419,-0.19278599187833492,0.0021828270679858735
2001-10-10,0.0002200285187910267,0.06927136114287989,-0.008762496220144748,0.00014558777802022312,-0.1927373658856565,0.0021868828559346637
2001-10-11,0.0002200993139412808,0.06924763838448939,-0.008763965733272691,0.0001453479803010208,-0.19264451194484267,0.0021908998558940367
2001-10-12,0.0002201762509627382,0.0692185302328548,-0.008765386267228685,0.00014521017658227465,-0.19260938316317913,0.00219362913091312
2001-10-15,0.0002202489653614978,0.06918934938308972,-0.008767416103602052,0.00014500133720475548,-0.1925735218842172,0.0021970667460569876
2001-10-16,0.0002203567903684661,0.06916049855845605,-0.008768732849753675,0.00014502884517940097,-0.19253460860240854,0.0022004641845823417
2001-10-17,0.0002204720376126211,0.06912693211779107,-0.008770708341925908,0.00014493678245066982,-0.1924710327996487,0.0022029768325512646
2001-10-18,0.00022058681798064046,0.06909516812512885,-0.008771532836215613,0.00014488872092675487,-0.19241972749164385,0.002206304795852312
2001-10-19,0.00022074404681654975,0.06906473175459163,-0.008773003393509117,0.00014478638572947407,-0.19236036509610469,0.0022101011981349034
2001-10-22,0.00022087049344509424,0.06903882164163774,-0.008774765933060523,0.00014452052661572808,-0.19232462611963352,0.0022132599824462268
2001-10-23,0.00022100580785157657,0.06900537476781853,-0.008777059504048982,0.0001443102312292761,-0.19226201787080482,0.002216713191870277
2001-10-24,0.00022117383120916152,0.06897550516333556,-0.008778713408432162,0.00014433888632948703,-0.19214835339675057,0.00221931044156681
2001-10-25,0.00022128234822925863,0.06894918703318373,-0.008780666191577167,0.0001442618859365205,-0.19209148850388294,0.0022226247705836046
2001-10-26,0.00022135967329179736,0.06891650026006031,-0.00878163309896434,0.0001441108915744204,-0.19205035657606734,0.002225801683894785
2001-10-29,0.0002214802315130475,0.06888038041232586,-0.008783108296357242,0.00014401371013827042,-0.19200153375932458,0.0022290525125582762
2001-10-30,0.00022151103896359993,0.06884604813767817,-0.008785420344108548,0.00014398856285757005,-0.19195883359291158,0.002232275908658695
2001-10-31,0.0002215882583509871,0.06881215552230548,-0.00878643204945546,0.0001435741628379915,-0.19195676856995858,0.002234651640891419
2001-11-01,0.00022164064594165395,0.06878118282155876,-0.008787978064005351,0.00014358031965531896,-0.1919122607296957,0.002238542592874629
2001-11-02,0.00022174806487232267,0.06875395316634875,-0.008789273683978142,0.00014358705627732783,-0.19184426095132273,0.0022415616165220647
2001-11-05,0.00022183217808110586,0.06872360421438489,-0.008790835660718196,0.00014359360745970517,-0.19180445302307586,0.002244556908367794
2001-11-06,0.00022195895820470706,0.06869558087551805,-0.008792485772277609,0.0001436680831493422,-0.19177532976477807,0.0022473818851752527
2001-11-07,0.00022200885461929535,0.06866629485284843,-0.008793714728977022,0.00014354959913971275,-0.19169672670002524,0.002251188621804154
2001-11-08,0.0002220880461838106,0.06863912977101319,-0.008795869819624078,0.0001433516356737445,-0.19165898882311785,0.002255255161460481
2001-11-09,0.00022218929873062866,0.06861137226039997,-0.008797275270324298,0.0001434408725625534,-0.19162618900996484,0.002257153134440232
2001-11-14,0.00022232587770652437,0.06858265476160756,-0.008798474128340755,0.0001432611145145773,-0.19156477755330123,0.0022598315585984526
2001-11-15,0.00022240206248961167,0.06855917260486424,-0.008799482914562878,0.0001432235159237257,-0.19152412739495625,0.0022624084559250595
2001-11-16,0.0002224736926317414,0.06852728466908177,-0.00880068690682415,0.00014335709144743322,-0.191457895223057,0.002265154536507426
2001-11-19,0.00022261886593378312,0.06850123253648502,-0.008802150798014653,0.0001432453105639007,-0.19141966457454485,0.0022679693530118336
2001-11-20,0.00022269146184337551,0.06846679983900349,-0.008803073912406456,0.0001432018177260221,-0.1913692418408342,0.0022706315181588335
2001-11-21,0.0002227754151634171,0.0684402181516174,-0.008804377673761557,0.00014302760916841474,-0.1913314856480102,0.002273251380192794
2001-11-26,0.00022292973554019558,0.06841383331802003,-0.008805347294400367,0.0001429395016731951,-0.19124176830385356,0.002276769088943679
2001-11-27,0.00022303142893239177,0.06838638563909112,-0.008807019668674535,0.00014289981885437072,-0.19117806273905716,0.002280278984686054
2001-11-28,0.00022307800948234008,0.06835404624246967,-0.008807567495308904,0.00014269980597872496,-0.19111475112073464,0.002283552087927857
2001-11-29,0.0002231876259632024,0.06832530024836397,-0.008808685595628762,0.00014266608549249482,-0.19101625531705013,0.002286671266033864
2001-11-30,0.00022322730670163376,0.06829317305851514,-0.008810059546109809,0.0001426607039345113,-0.19096071238407808,0.0022898849024176092
2001-12-03,0.00022326590254984522,0.06826782374572157,-0.008811659395872763,0.0001427979233492327,-0.19084871469678238,0.0022931620027131167
2001-12-04,0.00022333889656085578,0.0682386301265047,-0.008813470883397812,0.00014274368788735222,-0.1907965363545504,0.0022963079156118117
2001-12-05,0.00022346700441401018,0.06821383274508988,-0.008815518624670959,0.00014274080472848223,-0.19073554501468312,0.0022989829287419264
2001-12-06,0.00022352608279836968,0.06818171344506427,-0.008817028504921755,0.000142725471842772,-0.19064710673375046,0.0023021513147106995
2001-12-07,0.0002236337841338233,0.06815538979678722,-0.008818298320334721,0.00014267084670800502,-0.19059503859929014,0.0023053995765178344
2001-12-10,0.00022371931375406685,0.06812796265881331,-0.008820808303015628,0.00014258014099271214,-0.19056278252021475,0.002309189739911755
2001-12-11,0.00022377538712634837,0.06810596774539618,-0.0088230136666873,0.00014236264987463353,-0.19053531545463379,0.0023117969089734734
2001-12-12,0.000223861536953579,0.06808100816382597,-0.008824986430149725,0.00014231182113163087,-0.1904528043661206,0.002315167637960326
2001-12-13,0.00022394459542923818,0.0680589100890239,-0.008826781665741268,0.00014226431700025067,-0.19039899378442862,0.002318483519713687
2001-12-14,0.00022398807595024392,0.06803938659031336,-0.008828299665225326,0.00014223652753977186,-0.1903761067809039,0.002321109087865217
2001-12-17,0.0002240516118025338,0.0680158777418142,-0.008830398738689694,0.0001420661282750722,-0.1903413662478514,0.0023236743081810314
2001-12-18,0.00022408834522587404,0.06799032314500035,-0.008831646692516787,0.00014199288280016266,-0.1903119431742138,0.002326705339620679
2001-12-19,0.00022412281475065726,0.067963019720161,-0.00883372997134506,0.00014191343992256224,-0.19028302283224574,0.0023310019880519632
2001-12-20,0.00022424077021151285,0.06793610899178672,-0.008834719269806534,0.0001417567224075074,-0.19022762758242603,0.002333148497688564
2001-12-21,0.00022426025153684346,0.06790855528823708,-0.008836612167891444,0.0001416810359866113,-0.19014872576975173,0.0023359670631680016
2001-12-24,0.00022432204678637555,0.06788262601207715,-0.008838259308215291,0.0001417563319835026,-0.19004070381527324,0.002338951241987573
2001-12-27,0.00022440763608112322,0.06785476151315688,-0.008839724673702698,0.0001416253315911652,-0.18995136229681753,0.002342592298045143
2001-12-28,0.00022448368881221087,0.06782648891009568,-0.00884155330620826,0.00014155783069388865,-0.1899029683255541,0.0023444711876740736
2001-12-31,0.00022451509325436834,0.0677962896566378,-0.008842635591321457,0.0001415871860532244,-0.18986123947025718,0.0023481199419619877
2002-01-03,0.00022457095945774172,0.06777796718248284,-0.00884548837210923,0.0001416114986180639,-0.18983169229929453,0.0023504604213324975
2002-01-04,0.00022466644554790165,0.06775219886988103,-0.008847032848347681,0.00014156058587336907,-0.1897835962831718,0.002353289039271756
2002-01-07,0.0002247595821428978,0.06772448715959387,-0.008848277192459305,0.00014155773333138073,-0.1897398002012262,0.0023564523368804174
2002-01-08,0.00022490912480923011,0.06769867668912466,-0.008849319361199372,0.00014144068402519995,-0.1896726286401439,0.00235955685575939
2002-01-09,0.00022500796266763403,0.06768193973608379,-0.008851798888317037,0.00014145767298762344,-0.1896074242670911,0.0023616021683375656
2002-01-10,0.00022504305351479857,0.06766179197115199,-0.008854143981831776,0.00014146676492020883,-0.18959203174879033,0.0023641661152905345
2002-01-11,0.00022514815604351924,0.06763734049353128,-0.008856535215728614,0.00014142242691943377,-0.18956087554225953,0.0023665777841621453
2002-01-14,0.00022529021939548654,0.0676105448340492,-0.008857619768725648,0.00014133146721426214,-0.1894972641648055,0.002370356803347495
2002-01-15,0.0002253743270841171,0.06758804269482145,-0.008859571990878303,0.00014114599206063074,-0.18947886649349058,0.002372598629323576
2002-01-16,0.00022549913719582717,0.06756325621923837,-0.008860728673224467,0.00014110119598937363,-0.18938628956742531,0.0023749292537971816
2002-01-17,0.00022555126500598568,0.06753264554183966,-0.008861519626837516,0.0001411032727402209,-0.18930520840067983,0.0023771255100774728
2002-01-18,0.0002256626370547759,0.0675122264386912,-0.00886356580243106,0.00014103381140738932,-0.18925820462702694,0.0023799263332415256
2002-01-23,0.00022575799619506385,0.06748150203456355,-0.00886525256930856,0.00014101981113934418,-0.18916556055104355,0.0023818480393021147
2002-01-24,0.00022586034218065722,0.06745185757482479,-0.008867247785559843,0.000140973283073688,-0.1891084997343381,0.002384139962343262
2002-01-25,0.0002259414308585014,0.06742811987820874,-0.008867687777020343,0.00014098105774402065,-0.1890862908153147,0.002386373575553912
2002-01-28,0.0002260657490851963,0.06740400547694778,-0.008868968533925554,0.0001410270419939893,-0.18907253010823022,0.002388141766837431
2002-01-29,0.00022616733397035397,0.06737689683412855,-0.008870254265069058,0.00014104042955408045,-0.18905337488985882,0.002390395951450181
2002-01-30,0.00022628003389760004,0.06734584785728345,-0.00887148268449755,0.0001408856300740136,-0.18894896704683356,0.002393161525390122
2002-01-31,0.00022641082386027213,0.06732585714675769,-0.008873504141552656,0.0001408023383201853,-0.1888852791809374,0.002395566578090459
2002-02-01,0.00022644029987302553,0.06730087770262863,-0.008876373775772762,0.00014073500250495684,-0.18883052107994322,0.002397245756365496
2002-02-04,0.000226557354934603,0.0672771520758698,-0.008877921771637678,0.00014066658401901087,-0.18880776365021015,0.0023989936566463886
2002-02-05,0.00022662214476328258,0.06725357216503773,-0.008879793581578681,0.000140590748262248,-0.1887841601816838,0.0024007567386844907
2002-02-06,0.00022671878117213337,0.0672359494982406,-0.008881799780822165,0.0001405590067297925,-0.18873280165015588,0.002402542727230191
2002-02-07,0.00022684344892861093,0.06720540473887662,-0.008882146152821938,0.00014038779073191016,-0.18869281071906888,0.0024059631795235203
2002-02-08,0.00022688312671763748,0.06718304292948306,-0.008883148561105846,0.0001402696475432192,-0.18863517689060597,0.00240834685340452
2002-02-11,0.0002270151575733811,0.06716121028141166,-0.008884510913667099,0.0001402884000921228,-0.18861472332028464,0.0024110918798387034
2002-02-12,0.0002271213955337095,0.06713877816751002,-0.00888465951867266,0.0001402631406877764,-0.1885636080466134,0.0024130516892880566
2002-02-13,0.0002271891497617056,0.06711284636359827,-0.008886092817715368,0.00014009880813664467,-0.18850751158792506,0.002414378904451373
2002-02-14,0.00022726845664280886,0.06708733488099258,-0.008888084190876151,0.00014015955513269822,-0.18843511499188786,0.002416499231714067
2002-02-15,0.00022726548986200622,0.06706392337381761,-0.008889712838927262,0.0001401905868670478,-0.18840397507819773,0.0024184799898747467
2002-02-20,0.00022732612742759227,0.06703902759020966,-0.00889135442346459,0.00014014407558425273,-0.1883616777587651,0.0024219110489801087
2002-02-21,0.0002274274276459912,0.06701609608362549,-0.008892843056029704,0.00013997591666833323,-0.18826287549297313,0.0024238096332052754
2002-02-22,0.0002274899780248775,0.06699237807741082,-0.008895401854813972,0.000139813616704093,-0.1882212220671013,0.002425777233533468
2002-02-25,0.00022760969376760124,0.06696572796710816,-0.008897706928057813,0.00013960561827724844,-0.18824123771017487,0.0024284394349591335
2002-02-26,0.00022770036178516515,0.06694652062193397,-0.0088987045737509,0.00013959170817599265,-0.18816017169600838,0.0024313923872893387
2002-02-27,0.0002278987364551518,0.06692501617307428,-0.00889960251134458,0.00013945557256638352,-0.18806430387278367,0.002435029219901429
2002-02-28,0.00022807049128707152,0.06689841220423803,-0.008901029693069438,0.0001393311928721733,-0.18800158092025943,0.0024378795347404975
2002-03-01,0.00022813844245126732,0.06686907362590465,-0.008902257463132763,0.0001392791709059909,-0.18797193757267672,0.0024397296346736702
2002-03-04,0.00022822831804394434,0.06684381211960012,-0.008904107129153275,0.00013923416258453903,-0.18792668737569415,0.0024417757062272414
2002-03-05,0.00022836675492229796,0.0668234801615073,-0.008905363231734914,0.00013931976078584778,-0.18788500746011602,0.002443617156854361
2002-03-06,0.00022844340412616753,0.06679993081606295,-0.008907558543093854,0.00013920814761418497,-0.18777981139961997,0.002446600222106242
2002-03-07,0.0002285166451750972,0.0667720104083645,-0.008908943104742502,0.0001391535717794348,-0.18770915536702343,0.0024483345176731135
2002-03-08,0.00022860619641093432,0.06674349882027482,-0.008910917185164478,0.00013903680148397515,-0.18762305438792212,0.0024519287134517577
2002-03-11,0.000228679316394965,0.06671630160613433,-0.00891250162139526,0.00013892756542025086,-0.1875919032904304,0.0024550728433757737
2002-03-12,0.00022880057243838188,0.06668961241300396,-0.008914490579368222,0.0001389086514686998,-0.18759048718776267,0.00245676706076659
2002-03-13,0.00022891779578707155,0.06666768555474621,-0.008916896848231985,0.00013872843908370176,-0.18753300151158972,0.0024595818969316194
2002-03-14,0.00022907784788335982,0.06664105765883382,-0.008919394193453913,0.00013861372735056364,-0.18745933684197338,0.0024626231358944703
2002-03-15,0.00022918972246612764,0.06662010965208955,-0.00892139913663308,0.00013865960230207477,-0.18741387644028262,0.0024650573749553793
2002-03-18,0.0002293128986414284,0.06659329204986679,-0.008923753011031344,0.00013878467153138102,-0.18728667044288871,0.0024666144228563296
2002-03-19,0.0002293825660411737,0.0665706405146799,-0.008924686984344718,0.00013875602306125502,-0.18726500258614406,0.0024695213562087996
2002-03-20,0.00022947740617484578,0.06654340529165552,-0.008926384001597114,0.00013873347513898972,-0.18718717282901257,0.002471611262764247
2002-03-21,0.00022955256477539236,0.0665170811476842,-0.008928048883475533,0.00013872449343734682,-0.18714405101479722,0.002474245872290043
2002-03-22,0.00022969032845293784,0.06649500654080215,-0.008930413561886463,0.000138689783957128,-0.18708897889039416,0.0024767536587688385
2002-03-25,0.00022972166850450767,0.06646692633472072,-0.008932291189058812,0.0001384986677781491,-0.18704324518178955,0.002478813033038894
2002-03-26,0.00022974516712514305,0.06644299585151985,-0.008934239857734875,0.00013837588652510868,-0.1869853932482543,0.002481715724973186
2002-03-27,0.0002298414523509668,0.06642058910548844,-0.008936160518777258,0.00013837725769051565,-0.18691988714273108,0.002483927055994305
2002-03-28,0.0002299110874728726,0.06639754110941071,-0.008937432435356451,0.0001381867304158511,-0.18688291939695953,0.00248705307882426
2002-04-02,0.00023001855348296055,0.06637656661594236,-0.008939500982286476,0.00013802271656270892,-0.1868410944638332,0.002490013541160914
2002-04-03,0.00023011189807570047,0.06635346292212227,-0.008942317416276086,0.00013787366657821775,-0.1867868845380027,0.0024925754037156116
2002-04-04,0.00023020232562109144,0.06632658044558712,-0.00894424909774309,0.00013766873252578083,-0.18674309530962288,0.002495074525660438
2002-04-05,0.00023029074029466966,0.06630570751417932,-0.008946161615528362,0.00013742325700755463,-0.18668927557239134,0.0024977796657642617
2002-04-08,0.000230382899059501,0.06628221473788973,-0.008948085821779497,0.0001373867658522876,-0.18663525013200027,0.002499052459877427
2002-04-09,0.00023054516975025026,0.06625237286633294,-0.008950698234260103,0.00013729582571263613,-0.18656749241893406,0.002500425756704343
2002-04-10,0.00023068027346303282,0.06622282375245657,-0.008952003815702601,0.00013733670639517177,-0.18652026541463312,0.00250322144151578
2002-04-11,0.0002307295624481365,0.06619856762379972,-0.008953752226655717,0.00013723911029708274,-0.18649610061772903,0.002506749437515709
2002-04-12,0.00023085070778662228,0.0661756097032409,-0.008955566566987944,0.00013727577674043626,-0.18643094701983146,0.0025103349642195006
2002-04-15,0.00023096134950054928,0.06615192804906285,-0.008957243545905193,0.00013726730034326225,-0.18635423574835733,0.0025134525143816065
2002-04-16,0.00023104031546529905,0.06612814051246739,-0.008958522999430727,0.00013714724908274754,-0.18627897302372062,0.002516038196922442
2002-04-17,0.00023114183845301172,0.06610432232694315,-0.008959931797813025,0.0001369939965900327,-0.18628988279673914,0.002518886964803948
2002-04-18,0.00023129767249647725,0.0660771032349732,-0.008961093448660883,0.00013685209610545337,-0.1862313596051411,0.002520438924452867
2002-04-19,0.000231419497101606,0.06605142345891366,-0.008963727980596163,0.00013680237971937473,-0.1861624877266262,0.0025245788543811743
2002-04-22,0.0002315305975105198,0.06602654277690351,-0.008965639244309187,0.00013672165466910405,-0.18614884195998416,0.002527062373010932
2002-04-23,0.0002316073368688834,0.06600688990720349,-0.008967350372440194,0.00013669054729568183,-0.18613508253294314,0.0025294024632635933
2002-04-24,0.00023172141995925357,0.0659834691488434,-0.008969754125105155,0.00013662581598369722,-0.1860733535109547,0.002531888227224069
2002-04-25,0.0002318344040235679,0.06595715784874652,-0.008971590610126626,0.00013655930703883822,-0.1860067321825211,0.002534682293286129
2002-04-26,0.00023189548224176453,0.06593763018129911,-0.008973950097953735,0.00013640570079378951,-0.18591991545947795,0.0025361427833015962
2002-04-29,0.00023203693288530435,0.06590557494048568,-0.008976346625081478,0.00013644282617044512,-0.18584187482487832,0.002537907441300256
2002-04-30,0.00023214432668160719,0.06588136657630421,-0.008978758749969904,0.0001362214074212144,-0.18579679263407278,0.002540222793243224
2002-05-01,0.00023224041222259128,0.06586327665025313,-0.008981147787448735,0.0001360821682111857,-0.1857834525700168,0.002542312499308188
2002-05-02,0.00023234832003988482,0.06584000179688848,-0.008983244016492595,0.00013597656353839813,-0.18573917654985492,0.00254501445926982
2002-05-03,0.00023244126667003618,0.06581227855499627,-0.008985050413145025,0.00013598716404343214,-0.185718326082904,0.0025467478399692363
2002-05-06,0.00023258449309982219,0.06579289151772812,-0.008986982196469996,0.0001359967188224068,-0.18569864082940904,0.0025494990949073517
2002-05-07,0.00023276369144231498,0.06576544091901523,-0.00898744615599977,0.00013607303528969828,-0.18564444030353158,0.0025522073371575366
2002-05-08,0.00023283124397736543,0.0657428902854674,-0.008989649607017333,0.00013598917702115033,-0.1856572739014311,0.0025550539694605863
2002-05-09,0.0002329011157007889,0.0657282509276598,-0.008992244659506618,0.00013589806479999053,-0.1856301587879106,0.0025563931350081203
2002-05-10,0.0002329130731448629,0.06571049223547178,-0.008994009588839145,0.0001358617594430578,-0.18557782198974332,0.002558896110603555
2002-05-13,0.00023299299512157174,0.06568875335445808,-0.008996395103766415,0.0001360539677014644,-0.18551672563345237,0.0025603012090106665
2002-05-14,0.00023307676696517732,0.06567051030763008,-0.008998083425463092,0.00013591623175664508,-0.18547666100484575,0.002563281943977853
2002-05-15,0.0002332174436563543,0.06565634668540654,-0.008999403937007487,0.000135884668412264,-0.1854449284282937,0.002564657913550768
2002-05-16,0.00023325088808984356,0.06564239206947486,-0.009001796149615634,0.00013599353949549474,-0.1853992375493205,0.002566041495838112
2002-05-17,0.00023332447344255765,0.065632093220264,-0.009003967856774948,0.000135905921521598,-0.18531318533992272,0.0025684315548537063
2002-05-20,0.0002334313742973897,0.06561395742752958,-0.009005748916075454,0.00013599654559219882,-0.1852392358925437,0.002569789162793239
2002-05-21,0.0002334855488255235,0.0655950479010515,-0.009007436027159239,0.00013590580556376697,-0.18522095249879542,0.002572617633422955
2002-05-22,0.00023356234774653045,0.06557740724524995,-0.009009478193209092,0.00013593743392036547,-0.1851988091348488,0.0025744771951798184
2002-05-23,0.00023362330853857492,0.06556274815456017,-0.009010752438882885,0.00013573472776260586,-0.18514671343359684,0.0025759715811581956
2002-05-24,0.0002337451756712728,0.06554773797753767,-0.00901220893560719,0.0001356984011090157,-0.18505379056444027,0.0025782277257076695
2002-05-29,0.00023387456898184346,0.06553002630140761,-0.009013747267093537,0.00013575611804440238,-0.1849775342011821,0.00258049160477379
2002-05-30,0.0002338874376206744,0.06550807173677274,-0.00901604182663802,0.0001355075580375889,-0.1849475918334612,0.0025821269816834304
2002-05-31,0.00023397260822058267,0.06549742145734609,-0.009017988756846083,0.0001353756172413866,-0.18485192385827995,0.0025834658314829104
2002-06-03,0.00023399577361224132,0.06548361450385606,-0.009018500476518738,0.0001353952496939442,-0.1848194404103899,0.00258479080839607
2002-06-04,0.00023404475011993162,0.0654723423344348,-0.009020429383004562,0.00013538038405455551,-0.18476628075823487,0.002586104298013157
2002-06-05,0.00023411480423153722,0.06545890273733494,-0.009021960643558332,0.0001353485611925166,-0.18471156670422345,0.002587458475611075
2002-06-06,0.00023420776292691614,0.06544355325395054,-0.00902417638450274,0.00013537541302940205,-0.18469714722423905,0.002589349986763127
2002-06-07,0.0002342732278165761,0.06543095453421824,-0.009026300613971474,0.00013520724521082637,-0.18460763297690524,0.002590569174398621
2002-06-10,0.0002343621080932663,0.06541173594288181,-0.009027177137859867,0.00013511115969750748,-0.184578486195793,0.0025923878129877984
2002-06-11,0.00023441773531331816,0.06539840832300066,-0.009028783141386795,0.00013515851882480565,-0.18452829498870305,0.0025941243999561764
2002-06-12,0.00023449531276633343,0.06538135083985014,-0.009030083282615137,0.000135010322288046,-0.18447769749821025,0.0025953994602465717
2002-06-13,0.00023456047326616452,0.06537185663938624,-0.009031182770969235,0.00013512756067792582,-0.18447694934396444,0.0025979640251466416
2002-06-14,0.0002346075662641957,0.06535999757954047,-0.009031953386007848,0.0001350121592426719,-0.18443116786073732,0.0025989427828142396
2002-06-17,0.00023474768906646138,0.06534307305722323,-0.009032737535812458,0.00013501549044134356,-0.18437079806662254,0.002600117618530506
2002-06-18,0.00023486265276419425,0.06533237693142066,-0.00903423166687804,0.00013487397713026234,-0.18432818412041993,0.002601449426740568
2002-06-19,0.00023487937778312082,0.0653118387455057,-0.009035019018795547,0.0001347468728110163,-0.18426939525286176,0.002604386934941992
2002-06-20,0.0002349428383966801,0.06529716558287071,-0.009037060840104028,0.00013461860191716393,-0.18421276744878962,0.002606018512726407
2002-06-21,0.00023495151631905897,0.06528487933865246,-0.00903916792640355,0.00013470492047250264,-0.18412859846450544,0.0026081337231170752
2002-06-24,0.00023496947117713726,0.06526901895771661,-0.009039910272069622,0.00013477698716888383,-0.1841006172723325,0.0026095593736595772
2002-06-25,0.00023501693632838175,0.0652540573013678,-0.009041702560414965,0.00013472232831733422,-0.18398532383989805,0.0026117560532837995
2002-06-26,0.00023500850079484723,0.06524695585534188,-0.009043206211417076,0.00013483195787623284,-0.18398693016678236,0.002612908756428283
2002-06-27,0.00023505878729882776,0.06522904462796926,-0.009044832029945864,0.00013465428804143324,-0.18389118726993528,0.002614182798069454
2002-06-28,0.00023517923881471238,0.06521628917838937,-0.009046276864157536,0.000134757888738421,-0.18384977697610178,0.0026156575469323787
2002-07-01,0.00023528987062977714,0.06519925198494395,-0.009047089699708938,0.0001347896627791453,-0.18382165711478138,0.002616732070327437
2002-07-02,0.00023531913745960221,0.06518302633621569,-0.009049345615971222,0.00013473953078585931,-0.18377471191356862,0.0026179321427070583
2002-07-03,0.0002353337239596982,0.06516572615450174,-0.009050469361527178,0.00013472574737896282,-0.18373120353803962,0.0026204204049037273
2002-07-08,0.0002354002163439267,0.06515131684229775,-0.009051771784539017,0.00013471229283214297,-0.18363902365446677,0.0026226436274515213
2002-07-09,0.0002354617236961767,0.06513544283953054,-0.009053708867736262,0.00013460016689232198,-0.18360266371087017,0.002624595736019582
2002-07-10,0.00023549822696605083,0.0651188210535276,-0.009055757627859328,0.00013465421896258377,-0.18355218270894572,0.002626726694561023
2002-07-11,0.00023547038523719942,0.06510679431736946,-0.009056886780928149,0.00013478938313298182,-0.18347791569711352,0.002628244739074313
2002-07-12,0.00023553566269587502,0.06509697321582257,-0.009058135151436924,0.00013490106131716574,-0.18347333351067757,0.002630058062955518
2002-07-15,0.00023566928404146047,0.06507977501265981,-0.009059174245426498,0.0001348885485811819,-0.18337951890718415,0.002631801824106717
2002-07-16,0.00023568365243333778,0.06506686348050454,-0.009060629549234107,0.000134981448137255,-0.18336049588212225,0.002633302304109031
2002-07-17,0.0002357709499108635,0.06505305372819466,-0.009062755617291715,0.00013496693768901805,-0.18329168545969987,0.0026351330822212042
2002-07-18,0.00023585091017879663,0.06504181941788983,-0.009063734885541574,0.00013493746323978219,-0.1832720252945395,0.002637367778890467
2002-07-19,0.00023590530542359387,0.06503232939165193,-0.009065941574680193,0.0001350397710915107,-0.18324810617058512,0.002638485469708966
2002-07-22,0.00023594152536472187,0.06502476483633185,-0.009066901114114278,0.00013507137493888447,-0.18320811586630795,0.0026409322470408083
2002-07-23,0.00023593579031195864,0.06501737108919556,-0.009067694631389551,0.00013487958644476799,-0.18315471317890628,0.002642746915320932
2002-07-24,0.00023592685282714475,0.06500455714309299,-0.009069621290273904,0.00013491014674650107,-0.18308448528524202,0.002644707437167093
2002-07-25,0.00023597962028045958,0.06499324996334928,-0.009071276782906621,0.0001349260512702617,-0.18304692608241768,0.0026462873897452593
2002-07-26,0.000236005573028488,0.06497982885993928,-0.00907323635979494,0.0001348842778359744,-0.1830074736063862,0.0026471884098793115
2002-07-29,0.00023604465473249945,0.0649667835259998,-0.009074252193906543,0.0001348836260785319,-0.1829541834037502,0.0026496766030710602
2002-07-30,0.00023607722762414686,0.06495441162547833,-0.009075723163968628,0.0001348457050991671,-0.1829023713787266,0.0026517635581949626
2002-07-31,0.00023607473806893162,0.06493463415616256,-0.00907648123462605,0.00013471364420309076,-0.1828205106660008,0.0026532368798976246
2002-08-01,0.0002360233355916865,0.06492372289640874,-0.009078351204839564,0.0001347035058448988,-0.1827617326661094,0.002655172745658154
2002-08-02,0.00023603431568402364,0.06491247869185844,-0.009080100153741288,0.00013472934758222035,-0.18272840087277342,0.002656774613962019
2002-08-05,0.00023610289427328858,0.06489814333603043,-0.009080925517681205,0.00013458498951939322,-0.18268259395132053,0.002660641308122951
2002-08-06,0.00023612865266743727,0.06488238697215894,-0.009082038588477576,0.00013454854086778905,-0.18264090562652574,0.002661430013504562
2002-08-07,0.00023617430053840617,0.06487365874831175,-0.009082879976436977,0.0001342869032225366,-0.18261049722298514,0.002663258906701373
2002-08-08,0.00023623100060216366,0.06486526342598387,-0.009084024343768229,0.00013419779267156677,-0.18253053409467543,0.002664510720576013
2002-08-09,0.0002362476266870648,0.0648614972991894,-0.009085195771094151,0.0001341128190249643,-0.18247984736165646,0.002666373538488083
2002-08-12,0.00023629972182618846,0.06485511100760274,-0.009086654867523435,0.00013423210408555758,-0.18237920941471356,0.0026668163332238446
2002-08-13,0.00023633093960024002,0.06484796014906799,-0.009087911140950374,0.00013425242778005654,-0.18231618666699492,0.002668476675436941
2002-08-14,0.000236370570634106,0.06483444185736363,-0.00908956418865794,0.00013417206359399186,-0.18224054520595226,0.002670891176027727
2002-08-15,0.000236424692864188,0.06482071014541077,-0.009090409134239308,0.00013419001430381992,-0.18221570333601939,0.002671965271371075
2002-08-16,0.0002364756466063995,0.06481268431441428,-0.009092284161871468,0.0001342618222668533,-0.18215473933302326,0.0026729528007972377
2002-08-19,0.00023651511603371085,0.06480506395061991,-0.009094121395629049,0.00013425594318447899,-0.18215551488798226,0.0026729733163552336
2002-08-20,0.00023653689702889005,0.06479557789490503,-0.009095312764418648,0.0001343511366178816,-0.18211455244396882,0.00267406047045098
2002-08-21,0.00023659675463774416,0.06478553710962309,-0.009096887930047993,0.00013436967708960662,-0.18208207960114325,0.002675171458664876
2002-08-22,0.00023663296546277935,0.06477100591502298,-0.00909842524081181,0.00013437237244775217,-0.18207456091229407,0.0026767175841353455
2002-08-23,0.00023670549850000005,0.06476061615206426,-0.0091002810667863,0.00013425951526867058,-0.18206563648457402,0.0026780788421738146
2002-08-26,0.00023675781544206184,0.0647498664431191,-0.009101780851666729,0.00013426553989759964,-0.18203728761462487,0.002680254777946265
2002-08-27,0.00023677834018374677,0.06474347154628796,-0.00910244334014134,0.0001343002622898256,-0.18202123407048557,0.002680484810580248
2002-08-28,0.00023681739567462577,0.06474065685882559,-0.009103361250861962,0.0001343256621888556,-0.18197586822443984,0.002682766824718188
2002-08-29,0.0002368935344221985,0.06472852446175964,-0.009104432599112044,0.00013427842074719933,-0.18191371705201637,0.0026827805291717473
2002-08-30,0.00023690418290403038,0.06471493726731442,-0.009104781935145247,0.00013425301890368808,-0.18185321660133474,0.0026835408142387163
2002-09-04,0.00023696741379325008,0.06470955809209285,-0.009106260922141875,0.000134049661378078,-0.1818149833847038,0.0026837690600574164
2002-09-05,0.00023703650275398296,0.06470217575313583,-0.009107842974555733,0.0001339611918934269,-0.18174349929101952,0.0026852588789137368
2002-09-06,0.00023706606624919216,0.06469261046584204,-0.009108712767144828,0.00013401238446186236,-0.1817406258667595,0.002686042598364807
2002-09-09,0.0002371131841615125,0.06468359305162517,-0.009109874317851475,0.00013401750472753047,-0.1817226391416075,0.002686847465724465
2002-09-10,0.00023712870983457295,0.06467732753915337,-0.009111732911611787,0.0001339973389458443,-0.1816703284428659,0.002687453434861043
2002-09-11,0.0002372010293129683,0.06467625066020298,-0.009111910634397645,0.00013393572804146743,-0.1816372816702734,0.0026888637479227347
2002-09-12,0.00023724847677460012,0.06466945062715274,-0.00911316268403953,0.0001338437946017964,-0.18158159819324066,0.0026897804297265635
2002-09-13,0.00023732823746755395,0.06466080947967612,-0.009113347162930805,0.00013390150057440443,-0.18155271248795296,0.0026913709693818667
2002-09-16,0.00023739254637303862,0.06465726477718345,-0.009114568097675853,0.00013374857219863114,-0.18149479140122488,0.0026920363010106124
2002-09-17,0.00023743039715309335,0.06464511438039182,-0.009116061136353541,0.00013370359526436503,-0.18141442439675173,0.0026925526760164524
2002-09-18,0.00023757083110200787,0.06463771715458583,-0.009117251397293594,0.00013363899011793615,-0.18134184822718233,0.0026943662314143817
2002-09-19,0.00023760971857522152,0.06462885220981755,-0.00911845545174353,0.00013351258778305518,-0.18131255845445501,0.0026946180505447084
2002-09-20,0.00023766684982714142,0.0646187339679269,-0.009119760656570981,0.00013334640175150653,-0.18124962842030665,0.0026961067524404318
2002-09-23,0.0002377570635053255,0.0646118064177346,-0.00912071572958696,0.00013333895613864595,-0.18120425532863899,0.002696934696804346
2002-09-24,0.0002377944912811903,0.06460226070760786,-0.009121652839245402,0.0001333486415157189,-0.18117367131348783,0.002697662331606619
2002-09-25,0.00023784628253136392,0.06459891946498696,-0.009122560619296841,0.00013336901727622295,-0.181100146504554,0.0026978814501255536
2002-09-26,0.00023788097510357722,0.0645927621846725,-0.009123937934804155,0.0001333376951929782,-0.18105716909037448,0.002697967380585419
2002-09-27,0.00023794303365719404,0.06458183517203867,-0.009125117901048566,0.00013324426370592583,-0.1810529781910501,0.002698300114762677
2002-09-30,0.0002380040654288963,0.06457732727787718,-0.009125761610843218,0.00013318176657289905,-0.18098423641981085,0.002698249121724405
2002-10-01,0.00023807597550540527,0.06456706601226281,-0.00912710661797076,0.00013298785351158432,-0.18095373596325284,0.002698869876553297
2002-10-02,0.00023821762815674004,0.06456197608653558,-0.009127618518701834,0.00013317746889758935,-0.18090891446916676,0.0026998680732711377
2002-10-03,0.00023823845040432502,0.064549407757514,-0.00912891149263495,0.00013315505538343556,-0.18089556750135888,0.0027007898054376457
2002-10-04,0.0002382463563720932,0.06453961029255656,-0.00912998330317058,0.0001331721128550945,-0.18085393810166114,0.002701158062144336
2002-10-07,0.0002382916768884772,0.06453057937121329,-0.009131450617451336,0.0001331217770933464,-0.18079225972390106,0.0027019860623795763
2002-10-08,0.00023829200474515016,0.06452312767145818,-0.009131898333625647,0.00013315950281669317,-0.18075562626782588,0.0027032923574539115
2002-10-09,0.00023841767845304628,0.06451839712856572,-0.009132380864184842,0.00013313120857461245,-0.18074394097540697,0.002705374806792363
2002-10-10,0.00023850572605787202,0.0645120595450504,-0.009132503751490417,0.00013300253146972932,-0.1806755418622771,0.0027062709873071746
2002-10-11,0.00023858067357622988,0.06450204217466753,-0.009132709092184327,0.00013308499505437728,-0.18058795286161283,0.0027079067877094037
2002-10-16,0.00023858043164178369,0.06450364834422721,-0.009133426883111284,0.00013299383581852456,-0.18056551393820663,0.002709080656490608
2002-10-17,0.00023859864415249295,0.06449384946632297,-0.009134628704422507,0.00013285756310352906,-0.180573589630112,0.002708737936577128
2002-10-18,0.0002385917611738839,0.06448949722794016,-0.009135881316312483,0.0001327500360685782,-0.18053739011158185,0.0027097331167408043
2002-10-21,0.00023862556903788318,0.06448690121652556,-0.009136618982779456,0.0001328124316100614,-0.18050194609793138,0.0027098683301545975
2002-10-22,0.00023866419769271978,0.06448059659041887,-0.009137298337253835,0.00013271178822340135,-0.18048909164941745,0.002711144401371952
2002-10-23,0.0002386906397657114,0.06447669567022216,-0.009138326292331982,0.00013268800446278645,-0.18048833088955812,0.002711956700039182
2002-10-24,0.00023874233083825174,0.06446872154053811,-0.009138860041084095,0.00013260527389761083,-0.18045261920008235,0.0027125107795966915
2002-10-25,0.00023871105516940408,0.06446379362639963,-0.00913997127915127,0.00013278278237761,-0.18040464601079037,0.002712777590422918
2002-10-28,0.0002388433356060339,0.0644568734826064,-0.009141429021745485,0.0001327612339281109,-0.18031351353186018,0.002712857346420444
2002-10-29,0.00023895008298733614,0.06445285400573489,-0.009141628940347167,0.00013277289429342482,-0.18022954790302786,0.002713793195760603
2002-10-30,0.0002390236747057355,0.06444991116759305,-0.009142442071841422,0.0001328812218559355,-0.180176820223754,0.002714837308936582
2002-10-31,0.000239097539734377,0.06444051432072935,-0.009142501853027738,0.00013281075099230117,-0.18013911310081995,0.0027155927877814665
2002-11-01,0.00023915101398963882,0.06443016639807668,-0.009142581983739038,0.0001328046283224731,-0.1800975871396074,0.0027165912920258887
2002-11-04,0.00023926418570831384,0.0644311919006157,-0.009142685651279143,0.0001327232181947026,-0.18004454926794644,0.0027182178485435993
2002-11-05,0.00023937827811509497,0.06442774837012609,-0.009143384225121079,0.00013261016483727652,-0.17999247608545424,0.0027191268282405045
2002-11-06,0.00023944555480139116,0.06442634540339016,-0.009144592646146501,0.00013268060942253878,-0.17989937302592593,0.002719550170349997
2002-11-07,0.00023954198951876978,0.06441664167415966,-0.009145207596064742,0.000132760650235205,-0.17979540715044606,0.002719924895800504
2002-11-08,0.0002395805911498447,0.06441462119658654,-0.0091460422616135,0.00013265322597548053,-0.17974943810028224,0.0027198654636005114
2002-11-13,0.00023960464725202433,0.06441592344675895,-0.009146284581403378,0.0001325170992332884,-0.1796889413204178,0.002721141995992525
2002-11-14,0.00023961338435790419,0.06441251674005014,-0.009146408260667756,0.00013251940583500592,-0.17962664380571297,0.0027211446565167945
2002-11-15,0.00023967394360840678,0.06441871951518935,-0.009147346401087388,0.00013233057806933784,-0.17962295883680587,0.0027218979829768905
2002-11-18,0.00023972292265554994,0.06441775680100852,-0.009147732724234282,0.000132229798554706,-0.1795567142924921,0.0027231235505440483
2002-11-19,0.0002398558825805608,0.06441507876430803,-0.009148829791307236,0.00013223596536415352,-0.17954863376977917,0.0027248048611033344
2002-11-20,0.00023991263005933143,0.06440966283988483,-0.009149022008473727,0.00013216377717536286,-0.17950309141230747,0.002725122335690803
2002-11-21,0.0002399732757874247,0.06441097639839752,-0.009149215458304414,0.00013213071289922468,-0.17942183562787653,0.0027261107072032646
2002-11-22,0.0002400281612886577,0.06440649769675236,-0.009148939772440358,0.00013224248718779176,-0.17936273685766685,0.0027262337373439166
2002-11-25,0.00024005561357863024,0.0644014105339501,-0.00914925188297853,0.00013216177349665895,-0.17928238918630807,0.0027265107131254998
2002-11-26,0.0002400740580861809,0.0644020172637923,-0.009150252656205646,0.00013208813686751226,-0.1792359616045428,0.00272769540292783
2002-11-27,0.00024013916942441682,0.06441021295549554,-0.00915046780137775,0.00013219213444406734,-0.17919161024902214,0.0027285426163016382
2002-12-02,0.0002402751644016411,0.06440891176403019,-0.009150991213097374,0.00013216808760667555,-0.17918889090615328,0.0027292228113878062
2002-12-03,0.0002403908450760747,0.06440241189897149,-0.009151239387604745,0.0001321789999284791,-0.1791513117056337,0.00272985370543891
2002-12-04,0.00024049967278675434,0.06440078462024844,-0.009151965239653203,0.00013211345862835217,-0.17912971809426656,0.0027303886681187307
2002-12-05,0.0002406159791106274,0.06440072048806332,-0.009152452907034871,0.00013197651296912682,-0.17912470598886973,0.002731185766495282
2002-12-06,0.00024069013507456896,0.06440298377967699,-0.009153116509451328,0.00013190310145152852,-0.17908912939465796,0.0027306587935462955
2002-12-09,0.0002407537650743207,0.06440362672679928,-0.009153659530109921,0.0001320345706184421,-0.17905261879747186,0.002730597288080382
2002-12-10,0.00024083953402913853,0.06440376605048048,-0.009154283969893259,0.00013193020220038729,-0.17898885906428305,0.0027320128580919367
2002-12-11,0.00024087210861030472,0.06440490851265893,-0.009154972411184865,0.0001319135752614982,-0.178886396763176,0.0027326909740151054
2002-12-12,0.000240972002745386,0.0644010025372556,-0.00915593462726386,0.00013192061313053443,-0.17885213893054058,0.002734405173453168
2002-12-13,0.00024106203821683524,0.06439755144851197,-0.009156984606762335,0.00013180448927464924,-0.17882848616461394,0.0027366602640534012
2002-12-16,0.0002411230502939658,0.06439882830425275,-0.00915780469195914,0.00013167232873294218,-0.17874595580134203,0.0027375499998665907
2002-12-17,0.00024117270235899274,0.06440405479173372,-0.009158405422334369,0.0001315928681244905,-0.17868836740973348,0.0027369656995555455
2002-12-18,0.00024122890205395471,0.06440628182110433,-0.009158627461196297,0.00013155290546321924,-0.1786546781172573,0.0027380184795403775
2002-12-19,0.0002412144246758507,0.06440503109619203,-0.00915956514201682,0.00013162251129936599,-0.1786191120040932,0.0027381530961262416
2002-12-20,0.00024126896836309421,0.06439848070181482,-0.009159894976773211,0.00013164237416856837,-0.1786174986802254,0.0027378619997718667
2002-12-23,0.00024130362060103156,0.06439380831448006,-0.009160483993432859,0.00013170274586509102,-0.1785778603156912,0.0027376370733072815
2002-12-24,0.00024135297725573523,0.06439366312656558,-0.009161124251807895,0.0001316643230070824,-0.17851148936269473,0.0027380590224831206
2002-12-27,0.00024141725838242216,0.06439514359057173,-0.009162358439952624,0.00013161603276397278,-0.17847823095220292,0.002739363351233642
2002-12-30,0.0002414590995649553,0.06440165090745666,-0.009162983049830972,0.0001315488732843756,-0.1784508034079032,0.002739408912844112
2002-12-31,0.00024149791498924027,0.06440175819250422,-0.009163309481544377,0.00013150005330211202,-0.17841639888113311,0.002739429014787148
2003-01-03,0.0002415622668960387,0.0643990249994114,-0.00916359502254601,0.00013131632268496314,-0.1783547421763978,0.0027408027689429407
2003-01-06,0.00024159729830577887,0.06440192519083773,-0.009164271044511021,0.00013117308672818724,-0.17830471893651478,0.00274167079860335
2003-01-07,0.00024160029475314866,0.06440317348329964,-0.009164501041490426,0.00013120478259670315,-0.17829646637950805,0.0027423817192627447
2003-01-08,0.00024162579471630346,0.0644052673659855,-0.009165040304098331,0.0001311308892366095,-0.178282145922067,0.0027430068057939143
2003-01-09,0.00024164091213923195,0.06440858214265507,-0.00916614561084697,0.00013110785910168754,-0.17823372576354496,0.002744255428955655
2003-01-10,0.00024166548350738616,0.06441026774841138,-0.009166815150059298,0.0001310209453604606,-0.17816534530979,0.002744713951155157
2003-01-13,0.00024168760502187337,0.0644079809104498,-0.00916769807412919,0.00013079015961309443,-0.17807785506052062,0.002746330839218304
2003-01-14,0.00024171493364636874,0.06440890502118547,-0.0091682785391154,0.00013060042737453336,-0.1780940078859436,0.0027471380604348326
2003-01-15,0.00024172486148081222,0.06441014849679047,-0.009168557421826467,0.00013056685595470697,-0.17802152226037676,0.002747100104918814
2003-01-16,0.00024181117859230583,0.06440900850250388,-0.0091695031976516,0.00013047187646242543,-0.17798513042198305,0.0027468934467920507
2003-01-17,0.0002419168858901741,0.06441515336291756,-0.009170247914612899,0.00013041467260643745,-0.17792402591881215,0.002747189729141697
2003-01-22,0.00024197721114741817,0.06441364228368988,-0.0091696467003102,0.00013042308741936624,-0.17789026635080457,0.0027475430123050167
2003-01-23,0.00024202356485417863,0.06440988008593025,-0.009169428331544363,0.00013059003848750624,-0.17785999228727956,0.0027479663372142514
2003-01-24,0.00024208591916996582,0.0644095762308971,-0.009170294730502565,0.0001305420667082486,-0.177836414442391,0.0027489917261904516
2003-01-27,0.00024213769723124034,0.06440937256155091,-0.00917009831489043,0.00013047191297301124,-0.17779488079367328,0.0027509687700750123
2003-01-28,0.00024213626370084027,0.06440828940710142,-0.009169819112636004,0.00013053242466667947,-0.1777544733950325,0.0027504330667093768
2003-01-29,0.00024218382566015001,0.06441245727626624,-0.009171077535997468,0.00013059124561638197,-0.17777213461792535,0.002750729316621785
2003-01-30,0.0002421966889262238,0.06441614376966204,-0.009171028798761943,0.00013060723781919446,-0.17771364822226515,0.0027513140839041435
2003-01-31,0.00024223352428288263,0.06442058743690207,-0.009172090053587684,0.00013047499871434592,-0.17768096930245192,0.0027528301778057466
2003-02-03,0.00024232069488965962,0.06441832716821878,-0.009172286951725868,0.0001302077292348927,-0.17762308710435437,0.0027545353660928685
2003-02-04,0.00024229852702637496,0.06442119486388377,-0.009172816710664795,0.0001301474443602372,-0.17760648459167752,0.002754887161500741
2003-02-05,0.00024229971637477782,0.06442596816579205,-0.009172892738104154,0.00013006559481470298,-0.17753772613236685,0.0027553671207637643
2003-02-06,0.0002422745784736617,0.06442436897721142,-0.009173222341341257,0.00013016180224800143,-0.1774939341599827,0.002756638925096139
2003-02-07,0.00024232812209210594,0.06442630665716094,-0.00917455372776477,0.00013010988366380253,-0.17741683054535268,0.0027566407696315433
2003-02-10,0.00024232335355906486,0.064428807954505,-0.009174479446553134,0.00013000251470660096,-0.17737617255621696,0.002757912197186737
2003-02-11,0.00024231361276495547,0.06443535165333186,-0.009174405384599555,0.0001297683486663617,-0.17729012459643406,0.0027584998830108
2003-02-12,0.00024234395633319707,0.06444174812635937,-0.009174778358547415,0.00012978939205671923,-0.17724371877522035,0.0027590487563557797
2003-02-13,0.00024232646625574908,0.06444708424199742,-0.009175310814314814,0.00012984511498025547,-0.17716511440515814,0.002759970516584034
2003-02-14,0.00024231867439562508,0.06444233290350522,-0.009176018802477854,0.00012975716252689592,-0.17713489663897256,0.0027603170088945383
2003-02-19,0.00024233996901199103,0.06444720203863212,-0.00917700111246521,0.00012977169748981576,-0.1770719717795337,0.0027613039201157263
2003-02-20,0.00024230314124642694,0.06445409346432424,-0.009176723043570808,0.00012985719972940157,-0.17702612313666216,0.0027617497990730876
2003-02-21,0.00024235346737481013,0.0644591026628446,-0.009177118196618662,0.00012972798871181283,-0.17698848187918786,0.00276275876559266
2003-02-24,0.00024238712833283486,0.06446549753086504,-0.0091772328742614,0.00012967414262672356,-0.17692866268107688,0.002762799639618642
2003-02-25,0.0002424489054127782,0.06447509824813914,-0.009178351091330063,0.00012968049821065098,-0.17691942403653801,0.002763386444399794
2003-02-26,0.00024247702663291013,0.0644816509320307,-0.009179155071533805,0.00012951062490916513,-0.17687141328759282,0.00276429231049775
2003-02-27,0.0002424667452848597,0.06448279036363257,-0.009179965405063027,0.00012933089085312769,-0.17685189394823078,0.0027661676183372372
2003-02-28,0.0002424661723697912,0.06448640040992146,-0.009180226181278664,0.00012926767286418326,-0.1768000453166177,0.0027666183342962736
2003-03-03,0.0002424945114886211,0.06448905350430739,-0.009180878800366115,0.00012931451425719862,-0.17677616901812665,0.0027659507657238494
2003-03-04,0.00024246273729688187,0.06449393572085355,-0.009181442343585196,0.0001296173314346781,-0.17674405940704183,0.002766334468745811
2003-03-05,0.00024253336784593556,0.06449599570255785,-0.009181140518387157,0.00012979470857074632,-0.17668232628359037,0.002766946433472075
2003-03-06,0.00024257041190708882,0.06449813861138552,-0.009181463828450835,0.00012972536498000165,-0.17664558670422417,0.00276666326218471
2003-03-07,0.0002426355549865881,0.06450163653607822,-0.009182172821668085,0.00012967756717936413,-0.17662641960778896,0.002767921103477803
2003-03-10,0.0002426370839354777,0.0645084539622842,-0.009181859232125233,0.00012953128214081798,-0.17657647293639223,0.0027686274134189537
2003-03-11,0.0002426237684526157,0.06451096559941406,-0.009182446085524062,0.00012949584717689502,-0.1765552868524604,0.0027685240659999872
2003-03-12,0.00024270991453015784,0.06451318633121465,-0.009182922119831682,0.00012942511299596294,-0.17653064627050646,0.002767800371637432
2003-03-13,0.00024272611256456105,0.06451603622906174,-0.009183525015356022,0.0001293075557932838,-0.17649861904171427,0.002769052073415082
2003-03-14,0.00024279374256313014,0.06451464568512588,-0.00918319574215291,0.0001291206270057099,-0.17649648717961247,0.002770394463008068
2003-03-17,0.00024283690627205953,0.06451603413350931,-0.009183409141003688,0.00012907644949560756,-0.176497810338345,0.0027713011159982725
2003-03-18,0.00024279817689304038,0.06452303667204737,-0.009183036305466349,0.00012904084078699693,-0.17641348837457632,0.0027716344610372113
2003-03-19,0.00024283542214083835,0.06452925985476915,-0.009183602592198761,0.00012905850305759025,-0.17638128310713247,0.0027716992797806577
2003-03-20,0.0002428809073820941,0.06453135805702191,-0.009184001384215414,0.00012896093902188988,-0.17636402384565436,0.002772608581420075
2003-03-21,0.00024290084703736017,0.06453762824080839,-0.009184632893070175,0.00012894183307840182,-0.17625676649946867,0.002773402296073405
2003-03-24,0.00024298895041486646,0.06454760062170686,-0.00918457696505961,0.00012902014931159172,-0.17618587718639472,0.0027743264350070735
2003-03-25,0.00024304277598596554,0.06455762389041549,-0.009184919357636129,0.00012917198984993748,-0.17617764691447965,0.002774112695447509
2003-03-26,0.00024312039099563877,0.06457246017482214,-0.009185601443573584,0.0001291109623607578,-0.1761691696191028,0.0027752106314204382
2003-03-27,0.00024316158660552515,0.06458322756437311,-0.009186216178154356,0.00012918894752219116,-0.1761304933940365,0.0027762398547089865
2003-03-28,0.00024319003264992335,0.0645936573958249,-0.009186814391795375,0.00012920917615164937,-0.1760935344486932,0.002776155057719184
2003-03-31,0.0002432297231614192,0.06459783174375311,-0.00918800991916959,0.00012918884967516028,-0.17604022724752055,0.0027776196898289924
2003-04-01,0.00024326703622564797,0.06460445470027823,-0.009188941363545184,0.0001291355665477259,-0.1760396445276317,0.0027776277685557424
2003-04-02,0.000243352414445188,0.06460892093682188,-0.009188851844074676,0.00012922481527404784,-0.17601198833838771,0.002778281372971431
2003-04-03,0.00024341898335185716,0.06461699749654913,-0.009189042631538975,0.0001293786234799745,-0.17600102265688727,0.002777966373208619
2003-04-04,0.00024350206858330612,0.06462423509873391,-0.009189803603207033,0.00012936676862705632,-0.17596841320479015,0.002777971798252463
2003-04-07,0.00024355604761270287,0.06462990325877127,-0.009190728116379764,0.0001294416625244033,-0.17595731786273933,0.0027779307942387564
2003-04-08,0.00024363388835788507,0.06463833408462288,-0.009190159598708737,0.00012939994511505963,-0.17593103367870197,0.0027782476231560096
2003-04-09,0.00024374147267348595,0.06464973774727562,-0.009190388048998348,0.0001294089055280497,-0.17590550381133685,0.0027790047564982506
2003-04-10,0.00024383132486979281,0.06465659168604755,-0.009190634488651548,0.0001296387226427917,-0.17586170023943853,0.0027792773691501455
2003-04-11,0.00024385907545975696,0.06466622189692589,-0.009189897281813842,0.00012972760426765208,-0.17580340544324802,0.002780111382197241
2003-04-14,0.00024397049833138124,0.06467939098749001,-0.009190142307374659,0.0001297115577222679,-0.17576250995585524,0.0027805944879058923
2003-04-15,0.0002439811000456432,0.06468857612148834,-0.009190368000394824,0.00012966045530913276,-0.17571266150148368,0.002780233323694678
2003-04-16,0.00024404317758137703,0.06469802644117592,-0.009190665232467334,0.00012968561076057646,-0.17566755078324067,0.0027806254231184926
2003-04-17,0.00024409079007183074,0.06470999164641358,-0.009191683099983305,0.00012983998174674984,-0.17560599536773258,0.0027815838577555565
2003-04-22,0.0002441036759869175,0.06471611783413203,-0.009191626620249452,0.00012975822116795293,-0.17551632608742734,0.0027812323710642455
2003-04-23,0.00024412136114609632,0.06471814360566093,-0.009192020580131553,0.00012981414468352307,-0.17553373928729946,0.00278122688516881
2003-04-24,0.00024410758283433713,0.06472795829760875,-0.009191061632639717,0.00012978095499149172,-0.17549618261774444,0.0027811187850767874
2003-04-25,0.00024413728350578526,0.0647381241316029,-0.009190713415779362,0.00012966613720931402,-0.17545563243023954,0.002781431833563317
2003-04-28,0.00024410114516334878,0.06474509821582936,-0.009190234294734579,0.0001296544326948094,-0.17540012443123848,0.0027827344287099038
2003-04-29,0.00024410183319927437,0.06474989750782305,-0.009189430881222541,0.00012944139545707702,-0.1753234696025778,0.002783202602295616
2003-04-30,0.0002441168171011288,0.06476195302792889,-0.009189610290248776,0.00012944191718191274,-0.17529946837585464,0.0027839172911157213
2003-05-01,0.0002441747342018793,0.06476991360625461,-0.009189281375001338,0.0001294726192062633,-0.17525806127589966,0.002784219371612714
2003-05-02,0.00024422357690722415,0.06477769686754284,-0.009188723713691697,0.00012943116862189452,-0.1751795348318223,0.0027852738287702256
2003-05-05,0.00024423952143578267,0.06478798829030916,-0.009188581769029515,0.0001294181916017987,-0.17511400541810407,0.0027863787804619034
2003-05-06,0.0002442635285109479,0.06479304882811257,-0.009189224789432383,0.00012927247172175052,-0.17510668176510033,0.0027876555549429683
2003-05-07,0.00024432481262049024,0.06480141856937864,-0.00918896324715613,0.00012907109482200433,-0.1750523714457316,0.0027875101145065635
2003-05-08,0.00024437595228231167,0.06480620731306944,-0.009188382457700853,0.00012903688250991943,-0.1750071479193549,0.0027883843554081596
2003-05-09,0.0002444297326231843,0.06481631068508609,-0.00918959328625411,0.00012899337982505367,-0.17500510274725126,0.002789426430243768
2003-05-12,0.0002445047270082636,0.06481864795641902,-0.009189505218292439,0.0001288826057590679,-0.17496103542294933,0.0027899620427167208
2003-05-13,0.00024456740646325856,0.0648248880747614,-0.009190120296487813,0.00012866051582016694,-0.17490972924177858,0.002791689082263209
2003-05-14,0.00024455912210361155,0.06483886227398589,-0.009190116200556821,0.00012867256940102641,-0.1748754961871948,0.002791570746921717
2003-05-15,0.00024461103953025835,0.06485384397967014,-0.0091888340767247,0.00012866509510883937,-0.1748368331483826,0.0027918188192775396
2003-05-16,0.0002446522278951845,0.06486865864419089,-0.00918749268903372,0.00012871361113373934,-0.17478337513657036,0.00279226482741067
2003-05-19,0.00024473201998813864,0.06487204835693752,-0.009187328917190606,0.00012860824237100093,-0.17474339447814533,0.0027930496962192165
2003-05-20,0.0002448079154323583,0.06487552013186912,-0.009187725356156045,0.00012860496572877277,-0.1746637902859039,0.002794720700872569
2003-05-21,0.00024487782880176556,0.06488285378810932,-0.009188517637505444,0.0001286160098571489,-0.17464058702601165,0.0027954055032319864
2003-05-22,0.00024489008298143395,0.06489318966515482,-0.00918848513089611,0.0001286826585369825,-0.17458045257036045,0.002795789120927941
2003-05-23,0.0002449223497009432,0.06490041576710705,-0.009187930261173892,0.0001285094204045456,-0.17457601557407235,0.0027955840224424366
2003-05-28,0.00024491018236604337,0.06491003534189682,-0.009188430208538118,0.000128507378354194,-0.17455774342233318,0.0027965044477736693
2003-05-29,0.00024492968168323434,0.06491528434168806,-0.009189051217616998,0.00012844327599264142,-0.17451897807725772,0.002797122261573518
2003-05-30,0.00024494322763545396,0.06492297323100125,-0.009189599775599211,0.00012826142036019808,-0.17449254830991162,0.0027981071130692464
2003-06-02,0.00024500168306213854,0.06492693472148894,-0.009189544106363324,0.0001281192710904158,-0.1744923521563648,0.002798802792599504
2003-06-03,0.00024503497197555406,0.06494036221490875,-0.009188765773189696,0.00012812575469439176,-0.17445735583757033,0.002798618859045929
2003-06-04,0.00024511553365864924,0.06494903119590104,-0.009188014972612006,0.00012811035124595272,-0.1744276695686573,0.002798930671797252
2003-06-05,0.0002451956956127541,0.06495512462372463,-0.009188338128468178,0.0001280276656434393,-0.1743869528100095,0.0027986843409643016
2003-06-06,0.0002452068405744916,0.06496776012754904,-0.009188609520955703,0.00012797548523494858,-0.1743485167399173,0.002799428980860573
2003-06-09,0.0002452369762043415,0.0649699776465551,-0.009188875555320847,0.00012796477240163454,-0.1743284018373064,0.0027991247036477348
2003-06-10,0.00024524114581664353,0.0649796569802224,-0.009188416644618936,0.00012787863995934943,-0.17430092098653882,0.002799803899099005
2003-06-11,0.000245272847442456,0.06498158805489432,-0.009189230709234239,0.0001278977659573107,-0.17431232330811156,0.002800114099285031
2003-06-12,0.00024524651838814384,0.06499324994069615,-0.009190209680094256,0.0001278615010210459,-0.1742944501123001,0.0028007729768134075
2003-06-13,0.00024524740092808303,0.06499666742586062,-0.009189829735761428,0.00012775240430171946,-0.17424935183025478,0.002801434736943453
2003-06-16,0.0002452323688102901,0.06500378975564815,-0.009189220447646472,0.00012763237422320502,-0.17424216607016935,0.002802611071576887
2003-06-17,0.00024526494545930696,0.06501180122389608,-0.009189264883922863,0.00012743076111337663,-0.17417182962523226,0.0028026334062887493
2003-06-18,0.0002452619916802614,0.06501733742210261,-0.00918861093758318,0.00012738112806033055,-0.17408389050190573,0.0028028890935190977
2003-06-19,0.0002453229735554192,0.06502240183697425,-0.009188565482965993,0.0001273967552603404,-0.1740740460775873,0.002803597229220085
2003-06-20,0.00024534653042950264,0.06502937989201427,-0.0091880817340095,0.00012723200493677624,-0.17403706042297407,0.002804665266480109
2003-06-23,0.0002453434332818647,0.0650373379686199,-0.009188411030764164,0.00012708386718186427,-0.17403171789316943,0.002804762162807141
2003-06-24,0.0002453022016606412,0.06504020602595255,-0.00918843802900285,0.0001269910057935288,-0.17398040774679624,0.0028054286483856104
2003-06-25,0.00024529682636801725,0.06504042770952516,-0.009189222465085153,0.0001269401433509572,-0.17401313218017025,0.0028055460137493436
2003-06-26,0.00024531756635718294,0.06505146774329354,-0.009189727625630114,0.00012695603520989157,-0.1740154145258586,0.0028063093069646784
2003-06-27,0.00024533494105206586,0.06506764213399428,-0.009189697930018762,0.00012706252542021363,-0.17400414001094885,0.0028069858216262806
2003-06-30,0.0002453925785288544,0.06507482700626364,-0.009190097524411201,0.00012701216140813094,-0.174001128945559,0.0028078825081011257
2003-07-01,0.0002453723440469463,0.06508196957735733,-0.009190115504589348,0.0001271147637268158,-0.17395840101370896,0.0028078800168994675
2003-07-02,0.0002453624557145174,0.06509050214238637,-0.009189717975881369,0.00012728228900233166,-0.17389694709697595,0.0028085748951753105
2003-07-03,0.00024538031942518467,0.06509707102633616,-0.009190439128673308,0.00012714498444421778,-0.17389714305978493,0.0028087380607982426
2003-07-08,0.0002453800702654012,0.06510374979529872,-0.00919049528643596,0.0001270408172713199,-0.17386245736941686,0.0028093495330144685
2003-07-09,0.00024538897335299643,0.06510374213178922,-0.009189830143798757,0.00012700865938085072,-0.1738374045420427,0.0028085743890960075
2003-07-10,0.0002454098581351351,0.06510797260324502,-0.009190222164937532,0.00012701311175031385,-0.17376125683115135,0.0028078607248545394
2003-07-11,0.000245434729247399,0.06511930593758661,-0.009191429812983829,0.00012689675485013453,-0.17370031524104526,0.002807313720399121
2003-07-14,0.0002454946879735392,0.06513104680264267,-0.009191375793084875,0.00012676633493927862,-0.17362436477257176,0.002807866157524018
2003-07-15,0.00024556852511744767,0.0651444340477555,-0.009191663857252027,0.00012674921170859838,-0.17358919503870052,0.002807691976189476
2003-07-16,0.00024555679816983336,0.06514980998903969,-0.009191629060536072,0.0001266333713792092,-0.1735523598446278,0.0028086726954604235
2003-07-17,0.00024558666612568066,0.06515613379384613,-0.009191603689102538,0.00012647322037382847,-0.17357129901733773,0.0028087609434586554
2003-07-18,0.0002456078724871823,0.06516541936263688,-0.00919165966360469,0.00012645329677074318,-0.17354423059948357,0.002808615032388183
2003-07-21,0.0002456441089069974,0.06517501655052634,-0.009191637080870436,0.00012636175004682908,-0.17353003362720099,0.0028098809159630635
2003-07-22,0.00024567057278562576,0.06518893621981423,-0.009192379086042023,0.00012650509936555084,-0.17351330040537272,0.002810575810344082
2003-07-23,0.000245707116212114,0.06519948594998798,-0.009191598065005122,0.00012646936934988646,-0.1734712914305728,0.002810732026557849
2003-07-24,0.0002456853505745617,0.06520069798695252,-0.009190744752473506,0.00012649235822687882,-0.17348567434400974,0.0028113389612814893
2003-07-25,0.0002457579122664848,0.06520822378600089,-0.009191365479849148,0.0001264530387669077,-0.17339267503401581,0.0028113164610552815
2003-07-28,0.00024575938959667975,0.0652102749222394,-0.009191462361395978,0.0001263434971477951,-0.17335863908623628,0.002812601615016516
2003-07-29,0.0002457063341958797,0.06522312396021476,-0.009192092625646674,0.00012625950900056347,-0.17326014773895987,0.002812680995516094
2003-07-30,0.00024572370675014863,0.06523017941753065,-0.009192514242823219,0.00012613260564612038,-0.17323683031832238,0.0028125982286974077
2003-07-31,0.00024577610492878583,0.06524409200734231,-0.009191677004856909,0.00012596563941471396,-0.17319582187439697,0.0028128449713992836
2003-08-01,0.0002457887673538103,0.06525269687022744,-0.009192874913838505,0.0001259565145202384,-0.1731425438718988,0.002814257235446172
2003-08-04,0.00024583700476847576,0.06526366966604542,-0.009193674037262338,0.00012586897681291886,-0.173062833304224,0.002814736736906414
2003-08-05,0.0002459142075282463,0.06527243078186018,-0.00919302516572592,0.00012585536885283312,-0.1730170784279392,0.002814610835617869
2003-08-06,0.0002460018064246014,0.06527548334147662,-0.009193390849421333,0.00012565305199340279,-0.17297709079759999,0.002815241567336205
2003-08-07,0.00024606307916356826,0.06528228601965515,-0.009192368711422726,0.00012558471971237234,-0.17295478667440856,0.002815911149065877
2003-08-08,0.00024615817084266565,0.06529419045222982,-0.009191574144930943,0.0001254392579968851,-0.1729377554018865,0.002817204120067369
2003-08-11,0.00024621533944724715,0.06530460160464782,-0.00919050841824447,0.00012539418237296092,-0.1729531385449509,0.0028180744333233705
2003-08-12,0.0002462663580898401,0.06531122330833933,-0.009190825027285306,0.00012557327009989593,-0.17291324801738073,0.002818557193250218
2003-08-13,0.00024630639106696425,0.06531439183371254,-0.00919087744646785,0.00012552121888217242,-0.1728543680908542,0.0028185411553300647
2003-08-14,0.000246314174585235,0.06532315758832669,-0.009191110969745996,0.00012545097164145047,-0.17282259050021015,0.00281896845712004
2003-08-15,0.00024635009753155043,0.06533112959449736,-0.009191578749875652,0.00012528402555040075,-0.1727817176226431,0.0028207979339568033
2003-08-18,0.0002464291855263232,0.06534029654143347,-0.009191153297954197,0.00012526306101101695,-0.1727476162699373,0.00282061503271762
2003-08-19,0.0002464587136745294,0.0653445146741046,-0.00919182133339655,0.0001252400752205919,-0.17270809161113293,0.0028204496282668505
2003-08-20,0.0002464803941277772,0.06535021471928912,-0.009192426947176171,0.00012527290752671727,-0.17266206803436196,0.002820259802723474
2003-08-21,0.00024649993515472147,0.0653570081838791,-0.009193178929883257,0.00012536504232748904,-0.17266199609515592,0.002821547435723778
2003-08-22,0.0002465486035201451,0.06536364428739207,-0.009193215383661767,0.00012527159456303657,-0.17262160963053508,0.0028220931622986983
2003-08-25,0.00024661772829651606,0.06536876025712005,-0.009193997029275966,0.00012518044961458218,-0.17259568162080158,0.002822008328387937
2003-08-26,0.0002466920074926511,0.0653802770378871,-0.009194981015920447,0.00012525699992966632,-0.17258897152354552,0.002822794403810171
2003-08-27,0.00024674700030563026,0.06539112432581015,-0.009195423853347165,0.0001251676648403341,-0.1725434044706648,0.0028232578137236206
2003-08-28,0.00024677553915171516,0.06539556141776033,-0.009194900287616147,0.00012505257404529628,-0.17249190398894657,0.002822323657731906
2003-08-29,0.00024682446986972373,0.06540197538822803,-0.009195438792634568,0.00012494597757661558,-0.17243438986349974,0.0028233837525581135
2003-09-03,0.0002468840172520242,0.06540735766569099,-0.00919549976693954,0.00012486425763353194,-0.17235690341250476,0.0028236199818707044
2003-09-04,0.0002469479508719068,0.06541034810553539,-0.009196321953567978,0.00012474760049410776,-0.17228172529080527,0.002824212911479427
2003-09-05,0.00024699500711428254,0.06541813153693066,-0.009195934781766588,0.00012467998302508632,-0.17223403337730153,0.0028240888885416333
2003-09-08,0.0002470418701028323,0.06542384855764398,-0.00919659160540908,0.0001248413353135324,-0.17215602442748743,0.0028246895480233515
2003-09-09,0.0002470962857497162,0.06543363516091157,-0.009196165426333348,0.00012472083995824698,-0.17212532954956722,0.0028249890535939153
2003-09-10,0.0002471862151842743,0.06544166402988538,-0.009196052045386727,0.00012468036915193055,-0.17208270694164754,0.0028250046887924136
2003-09-11,0.0002472417700986327,0.06545117835194805,-0.009196184032909345,0.00012463969466810284,-0.1720691183495093,0.002825165046579919
2003-09-12,0.0002472811294896314,0.06545288606005639,-0.009196680168122976,0.00012475257561446205,-0.17199311757089997,0.0028265281009392292
2003-09-15,0.0002472545672185879,0.06546051957337734,-0.009197623980720455,0.00012488471524786454,-0.1719604130673833,0.002828367343524556
2003-09-16,0.00024733823939205733,0.06546899137684091,-0.00919813443032265,0.0001247915368383341,-0.17190142852322235,0.002828389727928067
2003-09-17,0.00024733268243927524,0.06547712099064291,-0.009198320796716071,0.0001246330357128466,-0.1718625464936256,0.0028280230387198037
2003-09-18,0.0002473147051926806,0.06548495778748305,-0.009198548632028758,0.0001246382491340896,-0.17185266758922405,0.0028277705527952448
2003-09-19,0.000247320435662661,0.06549384449124118,-0.009198321140344056,0.0001247861008403273,-0.17184915644060814,0.002828818011314403
2003-09-22,0.000247305518719833,0.06550124620759953,-0.009198063289322444,0.0001246414313446997,-0.17183789914654457,0.00282801508879485
2003-09-23,0.0002473524699482094,0.0655060990796944,-0.009198036860540713,0.00012445386550079504,-0.1717724674300375,0.00282818698895067
2003-09-24,0.00024740613674425615,0.06551781845856261,-0.009197534188614735,0.00012450348626511157,-0.1717514927085062,0.002829097326947489
2003-09-25,0.00024741920465007913,0.06552736670500112,-0.009197245890936765,0.00012441519549048362,-0.1716891523633653,0.0028297937473366333
2003-09-26,0.00024745917034974137,0.06553831531530062,-0.009197283209640549,0.0001243951568563897,-0.17164182318866622,0.002829864258780662
2003-09-29,0.00024751399012145047,0.06554341805877464,-0.009197715129782416,0.00012445233089489966,-0.1715800497606778,0.0028295248050852896
2003-09-30,0.00024751673974344806,0.06554390596685951,-0.009198066622182621,0.00012436145111604583,-0.17156785010019238,0.00282947146678642
2003-10-01,0.0002475170456728237,0.06554929017372414,-0.00919899675852509,0.00012444924687294556,-0.171554779793041,0.002830431205483032
2003-10-02,0.00024755010874270877,0.06555091735228327,-0.00919918170806093,0.00012447505100277126,-0.17147235479710243,0.0028307942170778576
2003-10-03,0.0002476196081935333,0.06555597953614732,-0.009199596135777833,0.0001243279095102026,-0.17140104513913812,0.0028311590110722787
2003-10-06,0.00024764225458991036,0.06557000236971752,-0.009199136407410225,0.00012415512862409025,-0.17133620625262236,0.00283007254422774
2003-10-07,0.0002477347193517495,0.0655772122006297,-0.009198378062578085,0.00012407553479755712,-0.17127677594302823,0.0028297642548287005
2003-10-08,0.0002477242028342681,0.0655858811251178,-0.00919874873963541,0.00012404214791775464,-0.1712572057609689,0.0028298997492820725
2003-10-09,0.0002477163943472262,0.06560168628237295,-0.009197883155356464,0.00012413355592601262,-0.17121697996236063,0.0028301462424920984
2003-10-10,0.00024782129529974967,0.06560606492016756,-0.009198043171802766,0.0001241033243976559,-0.17119074819209296,0.0028312611528030687
2003-10-15,0.00024780210315169935,0.06561408759530553,-0.009198218773023905,0.00012409180910079044,-0.17116639331602962,0.0028306215342647056
2003-10-16,0.0002478635950366881,0.06562494700372941,-0.009197725403813042,0.0001243302385663386,-0.1711114384429511,0.002830633334142631
2003-10-17,0.0002478678016807515,0.0656363549440764,-0.009197894930599597,0.0001243545613320854,-0.17109455544840557,0.0028312943619820453
2003-10-20,0.000247972774432226,0.06565263972533435,-0.009198449890172539,0.0001242311752633066,-0.17105280967141173,0.002831986717313748
2003-10-21,0.0002479975150302787,0.06566317493899541,-0.009198830314363594,0.00012420768550985503,-0.17100739328712855,0.0028310848033398124
2003-10-22,0.000247960606699379,0.06567376688243241,-0.009198076355967017,0.0001242270910757005,-0.17094733331557604,0.002831039330720908
2003-10-23,0.0002479675231655359,0.06568538607455468,-0.009197581749159422,0.00012420373494755323,-0.17088623739915285,0.0028318550640375525
2003-10-24,0.00024796737798361823,0.06569640381221305,-0.009197697502150127,0.00012409794625572768,-0.17081846682882357,0.0028313838675478294
2003-10-27,0.00024796684462575136,0.06570404217732799,-0.009197767119070072,0.0001240869341300516,-0.17075888070948878,0.0028310863117683455
2003-10-28,0.00024796617185164497,0.06571149273197116,-0.009196797634269897,0.00012399193098529878,-0.17078153760919257,0.0028312911952752496
2003-10-29,0.00024794921845872623,0.06571961187809203,-0.009197318405172792,0.00012397875523953412,-0.1707884400330208,0.0028309355080607004
2003-10-30,0.0002479625451359241,0.06572529595744558,-0.00919789235213026,0.000123812291071664,-0.17074477491306234,0.0028307989056326095
2003-10-31,0.00024792448778469714,0.0657344763842734,-0.009198390443174675,0.0001238243562282624,-0.17078184010600433,0.002831217581207034
2003-11-03,0.0002479428334284043,0.06574548416929327,-0.009198749992150292,0.00012368823997052977,-0.1707785092009617,0.002830935396157065
2003-11-04,0.00024784677103803916,0.06574755742865179,-0.009198369636130868,0.00012370754272252992,-0.17077634556129997,0.0028311426982046846
2003-11-05,0.00024783215170546755,0.06575805183154917,-0.009198184664117873,0.00012377010280349438,-0.1707167543996736,0.0028317130335736296
2003-11-06,0.0002478098716945608,0.06577271753927233,-0.009198667218052185,0.00012381507215135037,-0.17069472418938572,0.0028324319916411033
2003-11-07,0.0002478237329822902,0.06578224466884856,-0.009199632978757005,0.00012369896368377356,-0.1706714459199717,0.0028330141458961715
2003-11-10,0.0002478118007238618,0.06579123275147808,-0.009199775406696495,0.00012353436241548745,-0.17057970810741258,0.0028328705964279547
2003-11-13,0.0002477633029058607,0.06580022887131175,-0.009199425273353885,0.00012347929560586497,-0.17053130857424376,0.0028332839488755942
2003-11-14,0.00024781614858056104,0.06580917574391185,-0.009198905530722355,0.0001233462599949699,-0.17048964998525443,0.00283254555722144
2003-11-17,0.0002478979393437524,0.0658231361176535,-0.00919882310558541,0.00012347751223866867,-0.17044475214753968,0.0028325376413342283
2003-11-18,0.0002478992836120889,0.06583593028155793,-0.009198500976495641,0.00012331469401263647,-0.17041840618400297,0.002832423000547114
2003-11-19,0.00024784779894804817,0.06585003279876468,-0.009198495665577563,0.0001231707121159614,-0.17039479917433875,0.0028328001039408463
2003-11-20,0.00024782820288524974,0.06585943001000916,-0.009199807137225319,0.00012301134785620087,-0.1703713892220319,0.0028322662090071453
2003-11-21,0.00024781533763330735,0.0658681271942368,-0.00919927102770623,0.00012295740079213034,-0.17039586878041377,0.0028331852024035247
2003-11-24,0.0002477366390104694,0.06587566528975143,-0.009199306343503686,0.00012292384803822806,-0.1703130962816037,0.0028334689720756878
2003-11-25,0.0002478082637286328,0.06588217144728283,-0.009198794174319251,0.0001227329284173596,-0.17027675908364268,0.0028326487706829893
2003-11-26,0.0002478386883762073,0.06589152251012526,-0.009198580758382011,0.00012265891059661237,-0.17022982008190182,0.002833485078425429
2003-12-01,0.0002478906309889233,0.06590147029551865,-0.009198572931860587,0.00012256609433741028,-0.17022526521927536,0.002833947730699695
2003-12-02,0.00024783585103353565,0.06591342646486253,-0.009198119301193443,0.00012250094048336563,-0.17016986419492575,0.0028344161672792505
2003-12-03,0.0002478452238169205,0.06592684419917424,-0.009198593273693122,0.00012253678477433094,-0.17011153089251357,0.0028347666394035248
2003-12-04,0.00024790351372431016,0.06593764609907231,-0.009198425239640819,0.00012255727640533807,-0.17010391871947683,0.002836906424045482
2003-12-05,0.0002479654598542138,0.06595047416128422,-0.00919853290769476,0.0001225814819649025,-0.17009937702861985,0.0028373823555795964
2003-12-08,0.0002479574433849888,0.06596604949730107,-0.009198840734532063,0.00012270253973148846,-0.1700849936255906,0.0028372834945031692
2003-12-09,0.0002480584249097283,0.06597869399438863,-0.009197442665802663,0.00012268650161889884,-0.17008682046983398,0.0028374166577794526
2003-12-10,0.0002480903848246295,0.06599109820449561,-0.009198524629982491,0.00012263880236198653,-0.17005790434144843,0.002836759729819015
2003-12-11,0.0002482005218558303,0.0660091519098448,-0.00919959176423861,0.00012262463571414593,-0.16998969585890908,0.0028366356911953172
2003-12-12,0.0002481924718351322,0.06601866341874119,-0.009198485535793693,0.00012238367217114212,-0.17001000519774778,0.0028371223424684083
2003-12-15,0.0002481702838923295,0.06603235670357373,-0.00919820871679867,0.00012224855603263306,-0.1699354093890495,0.0028377765081307313
2003-12-16,0.0002481729161282813,0.06604219313409265,-0.009197981649247792,0.00012233522703975963,-0.1698935734579259,0.002837555985617597
2003-12-17,0.0002481715138165936,0.06605325189270209,-0.009198164675128451,0.00012216632469991043,-0.16988686165309874,0.0028379283539504067
2003-12-18,0.00024819200669096175,0.06606114043561152,-0.009197346253890131,0.00012207680313364725,-0.16983790107745694,0.0028372817542398317
2003-12-19,0.0002481876500436535,0.06607288284728809,-0.009196524446951555,0.0001221969863554294,-0.16979837938751097,0.0028375163511395675
2003-12-22,0.00024817251078765356,0.06608167636665721,-0.009196872015782823,0.0001222920031883609,-0.1697816736096163,0.0028366341864259413
2003-12-23,0.0002481874245924064,0.06609163129482597,-0.009197071650878715,0.00012224249927329488,-0.16973899669119766,0.0028354662316271693
2003-12-24,0.0002481832794251937,0.06610481941800114,-0.009197810556242483,0.00012226871720168796,-0.16971262258839334,0.002835010130924596
2003-12-29,0.0002481749164831844,0.06611190887706817,-0.0091975165190399,0.0001221931416828289,-0.16962953430993993,0.002834540076851117
2003-12-30,0.0002482000386918817,0.06612273309095826,-0.009196583506693005,0.00012206250857088401,-0.16960628186992574,0.002834434034680373
2003-12-31,0.0002482130713293807,0.06613648472630877,-0.00919647739874423,0.00012192021564115242,-0.1695955665119758,0.002834536186396422
2004-01-05,0.0002482548769451249,0.06614480816902644,-0.009196294347445575,0.00012184211849155998,-0.16952663334744442,0.0028347064879939996
2004-01-06,0.0002482399683738732,0.06615731372776969,-0.00919581696880208,0.00012179355786033256,-0.16950515720241688,0.00283559040183418
2004-01-07,0.00024821735025286676,0.06617373191382592,-0.009195376697458239,0.00012170013100285608,-0.16945630102895975,0.0028358001311575396
2004-01-08,0.0002482409538628496,0.06618728191869622,-0.009195296303819229,0.00012159515221517279,-0.16945004671269398,0.0028358159601530415
2004-01-09,0.0002482328024274729,0.06619665099357375,-0.009195818602354393,0.00012145136335780602,-0.16939228851191573,0.0028353288390253442
2004-01-12,0.0002481982514172067,0.06620290425542193,-0.009194929523072458,0.00012134279339116644,-0.1694037127646172,0.0028350916404071384
2004-01-13,0.0002481581104488384,0.06621437483574018,-0.00919580061375291,0.00012117197764561123,-0.16933991358812622,0.0028343410829993025
2004-01-14,0.0002481255176147066,0.06622387190958895,-0.009196019644368322,0.00012092294833021239,-0.16932463981712778,0.0028333231807899676
2004-01-15,0.00024815947725719695,0.06624101537991302,-0.009195756068059188,0.0001209228776832805,-0.1693074359919045,0.00283334979132094
2004-01-16,0.00024818934974451645,0.0662531185517669,-0.009195573274210193,0.00012091612148878341,-0.16922658008688307,0.0028333321827774182
2004-01-21,0.00024826470092558016,0.06626197096660869,-0.00919542384282737,0.0001210219249338279,-0.1691842402866926,0.0028324808594787764
2004-01-22,0.00024825166939394214,0.06626569174503232,-0.009195500791543154,0.00012101922202556777,-0.16914613522763577,0.0028322115002126502
2004-01-23,0.0002482599131968959,0.06627277991860596,-0.009194435700234635,0.00012095654464869871,-0.16913504799522075,0.0028327772444392734
2004-01-26,0.0002482695194388907,0.06627930808096498,-0.009194387037414042,0.00012101106239803559,-0.16913288385140463,0.002832760113280159
2004-01-27,0.0002483234823870398,0.06629415510487334,-0.009193756237983037,0.00012097660427243899,-0.16911138473379894,0.0028340681624457282
2004-01-28,0.0002483575860860487,0.06630704287576014,-0.00919296565758671,0.00012080478502920702,-0.16907198631427617,0.002834041460459581
2004-01-29,0.000248343588102067,0.06632162478395032,-0.00919349603200075,0.00012082429403694362,-0.16908118941257974,0.002833699526952435
2004-01-30,0.0002484064433847977,0.06633362011950915,-0.009193156065835288,0.0001207469569241697,-0.1690542139798097,0.002832888318617457
2004-02-02,0.00024840054142670216,0.06634815950798997,-0.009192959769322261,0.00012073885636695175,-0.1690050598179785,0.0028319835840739933
2004-02-03,0.00024842605877784484,0.06636175452427893,-0.009192318872641698,0.00012041262928998466,-0.16900769493929396,0.002832665307214191
2004-02-04,0.000248407365230059,0.06637006180528385,-0.009192295983543862,0.00012048216860054443,-0.16900588659600113,0.002831796624819363
2004-02-05,0.00024841469759276916,0.066379386393597,-0.009190713424448261,0.00012035399296610217,-0.16893146357964925,0.002832565783418445
2004-02-06,0.0002483646999121635,0.066390248315076,-0.009190766588205378,0.0001203328593883433,-0.1689045370706907,0.0028320902399966855
2004-02-09,0.00024842645266640186,0.0663968361490287,-0.009190758972062861,0.0001202592582877819,-0.16885829616145115,0.002832018315547561
2004-02-10,0.00024839302840813475,0.0664060190285061,-0.009190825487145098,0.00012011954266571878,-0.16882252465174424,0.0028324086949420807
2004-02-11,0.0002484316088179685,0.0664155867236905,-0.00918966125842066,0.00012001970836535332,-0.16880077289213855,0.002832533960026208
2004-02-12,0.0002484707041203892,0.06643228107657159,-0.009189334261992557,0.0001200063929303032,-0.1687867231398581,0.00283278338723487
2004-02-13,0.0002484681483194497,0.06644702904463412,-0.00918910856296292,0.00012000869037353241,-0.1687869072013526,0.0028337888779252185
2004-02-18,0.00024846095939331825,0.06645662792879306,-0.009188734499883354,0.0001200046073875789,-0.16876834886375844,0.0028342589770175316
2004-02-19,0.00024841384847919707,0.06646905944257063,-0.009187978031279529,0.00011992575354974409,-0.16873736955712698,0.0028332806019771193
2004-02-20,0.00024843338448791633,0.0664767058614587,-0.009187769010225149,0.00011983124322013624,-0.1687017549626107,0.0028336088393096977
2004-02-23,0.00024845782802084313,0.06648280599061393,-0.009187208836663427,0.00011970409724728854,-0.16869137970948955,0.0028329681914471914
2004-02-24,0.00024844114905520927,0.06648731211496478,-0.009187134618641415,0.00011967630226455563,-0.1686796689157061,0.0028328438006217558
2004-02-25,0.00024847500811531935,0.06649774145490746,-0.009187427283151863,0.00011974275038451657,-0.16864041496584675,0.002832569855198339
2004-02-26,0.00024849696569822924,0.06650816710767515,-0.00918755335324801,0.00011966029477552965,-0.1686443878198322,0.0028331541418470853
2004-02-27,0.0002485125718153814,0.06651956701287408,-0.009187295739294388,0.00011947946354130899,-0.16862094442651104,0.002833474256268527
2004-03-01,0.00024856095541590415,0.0665327578534573,-0.009186168156965942,0.00011956064793476578,-0.16860137521238433,0.002833571175375094
2004-03-02,0.0002485172800687647,0.0665422327396294,-0.00918581173664262,0.00011964998247994331,-0.16859200221369425,0.002833712510242023
2004-03-03,0.00024852568523054514,0.06655510038375624,-0.009185257135603253,0.00011968857346919285,-0.16850892389849192,0.0028342032183599963
2004-03-04,0.00024853204140555925,0.06656560336181908,-0.009185057029748981,0.00011949519318967791,-0.16849967767428958,0.002833796357320697
2004-03-05,0.000248520842329221,0.06657712124356964,-0.009183879305509679,0.0001192065135534819,-0.16847382271164008,0.0028338276755037082
2004-03-08,0.00024855003165314045,0.06658750490131302,-0.009182865259865168,0.0001189778138170434,-0.1684045611906303,0.002834002583661054
2004-03-09,0.0002485234916314679,0.06659398768762599,-0.009182260827114841,0.00011881700218180095,-0.16840684856945534,0.002835111228815395
2004-03-10,0.0002485438510892946,0.06661143096283259,-0.009182170928230397,0.00011870753449599724,-0.1683889431697401,0.0028354027229643367
2004-03-11,0.0002485315641018726,0.06661882108154897,-0.009181156359653065,0.00011858254170674814,-0.16839399034521918,0.0028361487592220313
2004-03-12,0.00024851703811180686,0.06663080032290952,-0.009181099590218168,0.00011859844392322201,-0.16839036597050008,0.0028356293105825446
2004-03-15,0.0002485314010338915,0.06664076285337943,-0.009179605117321275,0.00011824793673057814,-0.16836941868715233,0.002836267787630113
2004-03-16,0.00024857016259303717,0.0666497857942693,-0.00917931896097517,0.00011826897846943293,-0.16833943448531058,0.002835702904013896
2004-03-17,0.0002485191459801714,0.06666364211985161,-0.00917884602501399,0.00011815269257290253,-0.16830556388635232,0.0028362733614812003
2004-03-18,0.0002485370225760584,0.06667456533320602,-0.00917862493942252,0.00011828379240768323,-0.1682872616589352,0.0028370795067538877
2004-03-19,0.0002485609063776768,0.06668348306722857,-0.009177949986103946,0.00011821070175728831,-0.16823122195274468,0.0028368266086684665
2004-03-22,0.00024857983597244434,0.06669648836676753,-0.00917806048688738,0.00011812273955588966,-0.16821607734863242,0.002837505050732653
2004-03-23,0.00024857151382854146,0.06670969212288938,-0.009177175734229433,0.00011802634971798994,-0.16820129244218843,0.002838028156149389
2004-03-24,0.0002484814286551209,0.06672290124869651,-0.009176191317368375,0.00011811817788318847,-0.16817023191834382,0.0028384942644526677
2004-03-25,0.0002484690750076086,0.06673765219952117,-0.009176163317401776,0.00011807281640557882,-0.16815135626532302,0.0028375455128815635
2004-03-26,0.0002484670640285427,0.0667486287536684,-0.009174754421484558,0.00011817514443080454,-0.1681292650402511,0.002837110397722632
2004-03-29,0.0002484733524670989,0.06676337872814643,-0.009173391768406267,0.00011818754118167822,-0.16807957433002502,0.0028361502957245615
2004-03-30,0.0002484349150877649,0.06676931649791674,-0.009173366420122805,0.00011817527738837888,-0.16807668958638292,0.002835335439988076
2004-03-31,0.00024843247989625737,0.06678117636592187,-0.009173103224397527,0.00011805178375542731,-0.16804585949686968,0.002835943867170881
2004-04-01,0.00024841690608766416,0.06679298464369432,-0.009172101381301529,0.00011802311322733515,-0.16799948140645396,0.0028348588407356963
2004-04-02,0.0002484385789316342,0.06680365259300476,-0.009171269871629058,0.00011783112515111808,-0.16794854181269148,0.002834617667198121
2004-04-05,0.00024839475371664984,0.06681399836428195,-0.009169844261219383,0.00011764224214043185,-0.16787228929050196,0.002834054779077578
2004-04-06,0.000248453693964651,0.06682236465494781,-0.009168413238352928,0.00011756689519574177,-0.16784231007613837,0.0028333608343641286
2004-04-07,0.0002484978778546927,0.06683283113452805,-0.00916809656989711,0.00011740735575466619,-0.16786338766871273,0.002833450920867708
2004-04-08,0.00024844089127808595,0.06684510908723473,-0.009168214744132687,0.00011713052246134369,-0.16787831155395666,0.0028327558334493657
2004-04-13,0.0002484327033100265,0.0668590505971741,-0.00916672350342625,0.00011700723204955972,-0.1678616150620608,0.002832724742800624
2004-04-14,0.0002484538542232176,0.06686859101715104,-0.00916595487289423,0.00011704794357011121,-0.16781745904372813,0.002832672891357776
2004-04-15,0.0002484793601227588,0.06687842042454846,-0.009165159707109884,0.00011695215631490411,-0.16776079406328143,0.002833174130972362
2004-04-16,0.0002484797080965791,0.06688894508965643,-0.009164247301198894,0.00011687276659859988,-0.16771150707424726,0.0028329607146739284
2004-04-19,0.0002484574407484395,0.06689420972679876,-0.009163772450655945,0.00011679510704037553,-0.16773556895356773,0.0028319904460881295
2004-04-20,0.0002484347184784211,0.06690560897916711,-0.009163844305721012,0.00011685314703070784,-0.16768189499100333,0.002831733777132827
2004-04-21,0.00024837295603619613,0.06690944133590332,-0.009162480840468001,0.00011664720937299816,-0.16762429866523793,0.002832135617698712
2004-04-22,0.0002484213414283008,0.06692323998745685,-0.009161472950309578,0.00011650811977769495,-0.16760110419177676,0.002832821480775737
2004-04-23,0.0002484900661032822,0.06694048638276345,-0.00916086110003088,0.00011636921871287699,-0.16758934792463737,0.0028334919914211566
2004-04-26,0.0002484821949284504,0.06695331288345455,-0.009160354948042779,0.00011637249163197333,-0.16755606590098052,0.002833245886637787
2004-04-27,0.0002484054885649851,0.06696831827585191,-0.009159990902926234,0.00011637732276679907,-0.16755450183564827,0.0028322939221029227
2004-04-28,0.00024842466741276944,0.06697691652741294,-0.009159774739219279,0.00011632594459818744,-0.16755939887502946,0.002832023774945979
2004-04-29,0.000248444325833258,0.06698995236138511,-0.009158966083299126,0.00011642490153219587,-0.16752060898020366,0.002831823715332285
2004-04-30,0.00024836637389845086,0.06700243743477274,-0.009158229735269566,0.00011628876826686498,-0.16750557427452256,0.0028316185553583792
2004-05-03,0.0002483341663492584,0.0670170790188562,-0.009158002356751661,0.00011606997064458229,-0.1674457206303708,0.0028309339059884907
2004-05-04,0.0002483310098743278,0.06702511675432113,-0.009157403452695289,0.00011588961128925,-0.16738438328242963,0.0028309762902652804
2004-05-05,0.00024836761485239463,0.0670376041834398,-0.009156922026268737,0.00011574137573067901,-0.16733307936619718,0.002830619026373239
2004-05-06,0.0002483909822999655,0.0670464187911398,-0.009155695622351172,0.00011568929331179092,-0.16728814445929377,0.002831053069955632
2004-05-07,0.00024834364661301166,0.06705745042472765,-0.009154789221495655,0.00011572378792384835,-0.16721364312787546,0.002829933067551442
2004-05-10,0.0002483586762593858,0.06706977858835583,-0.009154865354516916,0.00011568326065403356,-0.1671574727541594,0.0028290847692922084
2004-05-11,0.0002483720860612186,0.06708640349845846,-0.00915426439672627,0.00011567901066424262,-0.1671029719767696,0.0028284237088000174
2004-05-12,0.0002483499847291419,0.06709903385415124,-0.009153467878936675,0.00011569715467935434,-0.16708868844070557,0.0028287093387270217
2004-05-13,0.00024831849124679647,0.06710835985641259,-0.009153569089755793,0.00011558870949715544,-0.16709589676317668,0.0028285962598243145
2004-05-14,0.00024831679097838115,0.06711878250804826,-0.009153685396065273,0.00011559075251401545,-0.16704419363122391,0.0028295653406791594
2004-05-17,0.0002482488487237696,0.06713094449144907,-0.00915279423419623,0.00011543486174476789,-0.1669872726145181,0.002829931840585694
2004-05-18,0.0002482414563980863,0.06714230476144624,-0.009151583794428854,0.00011543709572863915,-0.16700850643964554,0.002829889961936624
2004-05-19,0.00024821061721037657,0.06715361747422437,-0.009150550041835097,0.00011547946920063956,-0.16699062662465444,0.0028296052298192194
2004-05-20,0.0002481915350814444,0.06716939284862976,-0.009150038658338425,0.00011533478075079085,-0.16702958074442795,0.0028285676122545267
2004-05-21,0.0002482465440680929,0.06717697547956486,-0.009148979019302513,0.00011539250879358605,-0.1669617783365249,0.002829040965214643
2004-05-24,0.0002482889199588246,0.0671904914982838,-0.009148211197972824,0.00011537779745640164,-0.16695443054654113,0.0028278826416910327
2004-05-25,0.0002482761816794597,0.06720042247683283,-0.009147773772561906,0.0001154723232131835,-0.16694536820958616,0.00282707682213982
2004-05-26,0.00024819739616966795,0.06720512654606373,-0.009146817293397278,0.00011551698336432004,-0.16696081478139715,0.002826915962674796
2004-05-27,0.00024821786260816297,0.06722402787465585,-0.009146233912362493,0.00011559391344949805,-0.16695062212045236,0.002827306721562945
2004-05-28,0.00024819054055427714,0.06723628954054806,-0.009145028731537452,0.00011541791743623588,-0.16687933203158611,0.0028277981673767633
2004-06-02,0.0002482154699754723,0.06724866336422027,-0.009144034441202672,0.00011549417735594212,-0.16685340026181447,0.002827848556800809
2004-06-03,0.0002481787511609774,0.0672653536309164,-0.009144506481176057,0.00011536293590500447,-0.16682443020191973,0.002827674791918791
2004-06-04,0.00024815010728504325,0.06726828831086311,-0.009144388866187262,0.00011511263223524071,-0.16683886394128639,0.002828664572652227
2004-06-07,0.0002481630854013081,0.06727910483874203,-0.009142985726650222,0.00011495769806005032,-0.16681971793801867,0.0028282827017172977
2004-06-08,0.0002481955771529708,0.06729198669891251,-0.009142398952834453,0.00011503985231523093,-0.16676543442653866,0.002828872036169982
2004-06-09,0.0002481433996472882,0.06729709971928932,-0.009140980628753325,0.00011487214255081788,-0.16676033624891567,0.0028278475678597394
2004-06-10,0.00024813767547770616,0.06730746329136589,-0.00914033568117358,0.00011482554714869472,-0.16669436640740115,0.002827574235737843
2004-06-15,0.0002481790608606655,0.06731784807746087,-0.009140367733625795,0.0001147480614555718,-0.16670872735969752,0.002827970398745137
2004-06-16,0.0002481358583915548,0.06732954790998898,-0.009138529538406019,0.00011469321467292952,-0.16668289386213406,0.0028281599239288946
2004-06-17,0.00024817238252424157,0.0673384141993979,-0.009138306694053565,0.00011471916630871007,-0.16665995502250386,0.002827750120997803
2004-06-18,0.00024815714147105166,0.06734672748921001,-0.009137823814480934,0.00011468149931388472,-0.16667738528539888,0.002828164696839143
2004-06-21,0.0002481496588221697,0.0673557268577133,-0.009137253767408517,0.00011466146998674675,-0.16661403292844823,0.0028283067803223784
2004-06-22,0.00024808960216385903,0.06736972714941719,-0.00913605220709931,0.0001146162995096527,-0.16659883674161827,0.0028292491250390735
2004-06-23,0.00024804598354826016,0.06737669372942492,-0.009135607661051762,0.00011468506243560405,-0.16654198998525604,0.002827902394764251
2004-06-24,0.00024802416076851727,0.06739067434904528,-0.009134880062570846,0.00011467087788090012,-0.16652703474607589,0.0028283195676060964
2004-06-25,0.0002480313038901455,0.06740224603862452,-0.00913382504630633,0.00011455877801216097,-0.16650823067828205,0.002828667828570285
2004-06-28,0.00024802677194633486,0.06741237561691041,-0.009133372013476946,0.00011432259105010619,-0.1664566769326066,0.002828809633315171
2004-06-29,0.00024795149051897857,0.06742306326710913,-0.009133775764215047,0.00011412466784830545,-0.16643373432967667,0.002829494908580185
2004-06-30,0.00024797460339059984,0.06743545316490202,-0.009132574327309424,0.00011405654571905195,-0.16639880565400716,0.002829899420200318
2004-07-01,0.00024797810260679214,0.06744919540807601,-0.009131433050106557,0.00011416331103877817,-0.16629986312687967,0.0028299045160326127
2004-07-02,0.0002479774594548006,0.0674608498105393,-0.009130576345222487,0.00011401870999187679,-0.1662723927679752,0.002828944645904351
2004-07-07,0.0002479507876026524,0.06746923108545276,-0.009129788311155683,0.0001139850502143613,-0.16627056975548044,0.0028293524499163184
2004-07-08,0.0002479732801823739,0.06748125816867455,-0.009128444266625521,0.00011383072686554674,-0.16624414250248976,0.0028293672476889862
2004-07-09,0.00024796292970670085,0.0674893564817714,-0.00912778613750309,0.00011356120363958074,-0.1662159829769868,0.002829655900969555
2004-07-12,0.0002479596293654763,0.06749663761873054,-0.009127844923440891,0.00011350100532527227,-0.16617216806084215,0.002830008991807767
2004-07-13,0.0002479617300836297,0.06749871325123147,-0.009127161964814322,0.0001133460020453725,-0.16613986512529327,0.0028287051158626115
2004-07-14,0.00024796615845350034,0.06750714984675467,-0.009126592573207722,0.00011321726635439279,-0.16612825624060867,0.0028282891071582583
2004-07-15,0.00024796582646575613,0.06752145445029184,-0.009125998438290386,0.00011320015527011462,-0.16603207516207408,0.002828590574454919
2004-07-16,0.00024800295524287855,0.06753423103409709,-0.009125177231483874,0.00011323923038631336,-0.16599090424208265,0.002828764437263712
2004-07-19,0.0002480324966504766,0.06753711597568314,-0.009123627503598223,0.00011304791644710599,-0.16593390773494748,0.0028287727589153284
2004-07-20,0.0002479701414607652,0.06754582948138749,-0.009121914405906853,0.00011289288501177894,-0.16593185808277178,0.0028288923305412124
2004-07-21,0.0002479574810686948,0.06755622773935485,-0.009121134900103871,0.00011279623608058689,-0.16590674033686673,0.0028304171204745266
2004-07-22,0.0002479554935927364,0.06756749925008776,-0.009119429702062367,0.00011278350163460885,-0.16586021250502886,0.00282963183717014
2004-07-23,0.0002479627113831399,0.06757266438401716,-0.009118564857468774,0.00011267739823473217,-0.16587875293421683,0.002829966416402495
2004-07-26,0.0002478695947665585,0.06758366714954156,-0.009117133266953464,0.00011253044642344471,-0.16582735262977105,0.0028300420347694435
2004-07-27,0.0002477520997886212,0.06759674475849652,-0.009116670607833052,0.00011233111409554274,-0.1658105833594389,0.002829730670936115
2004-07-28,0.0002478025380590531,0.0676098122567596,-0.009115054859554474,0.0001122054530143631,-0.16581585784891406,0.0028296410922067656
2004-07-29,0.00024779887000854137,0.0676180682555907,-0.009113759941881868,0.00011199669886502033,-0.16577145223271633,0.0028298641399343177
2004-07-30,0.0002477362070796594,0.06763112546679427,-0.00911237324309921,0.0001118983561786766,-0.1657073163707592,0.0028295375614529996
2004-08-02,0.0002477224721516746,0.06764268218607908,-0.00911190720036729,0.00011183571746542319,-0.16566193835726087,0.0028283434257973727
2004-08-03,0.00024773535337753645,0.06765320682734763,-0.009110968651596765,0.00011169124290572597,-0.16557705573777945,0.002828990706412442
2004-08-04,0.00024769242644794275,0.06766912432871532,-0.009110027937178248,0.00011169608729485062,-0.16560532096452987,0.0028289524638906087
2004-08-05,0.00024770180557280884,0.06767417036748768,-0.009109642224818058,0.00011153656005590527,-0.1655627398991245,0.0028284397653631204
2004-08-06,0.0002476491488542629,0.06768673927782626,-0.009108899018012753,0.0001114167026553033,-0.16553247625337494,0.0028290573632291038
2004-08-09,0.0002476226853529715,0.06769944642544892,-0.009108105154170938,0.00011134586673275107,-0.16548883489737806,0.002828881436024434
2004-08-10,0.00024762579553840925,0.06771077838220033,-0.009107103974714289,0.00011128072306206131,-0.1654724509577016,0.002829147568395141
2004-08-11,0.0002476592858236179,0.06771995579073868,-0.009105590870176674,0.00011113819368474865,-0.1654457503702189,0.0028295471509005026
2004-08-12,0.0002476438156199049,0.06773414610865199,-0.00910436124049542,0.00011140665582267909,-0.16543215782218057,0.002829114441259167
2004-08-13,0.00024766999452386935,0.06774484183354657,-0.00910334539218151,0.00011150821178109927,-0.16541254168466873,0.0028298233103541807
2004-08-16,0.00024771032316685444,0.06775722396053059,-0.009102410484349762,0.00011129824719806283,-0.16536174875511533,0.0028294592447558656
2004-08-17,0.00024770473503814207,0.06776937676329683,-0.009102219394154763,0.0001111613235522945,-0.16531988798806496,0.002830136403386941
2004-08-18,0.000247728022334698,0.06778103189684384,-0.009100480538586034,0.00011118524368371798,-0.1653017586040649,0.002830173414192235
2004-08-19,0.0002477494101039726,0.06779132194437262,-0.009099139502781657,0.00011123606059293935,-0.1652432316850218,0.002830561520498725
2004-08-20,0.0002477146212686457,0.06780580797203302,-0.009097923688447347,0.00011121467088344774,-0.16518063887219983,0.0028309969185295837
2004-08-23,0.0002477231695719749,0.06780970944090692,-0.00909701790799667,0.00011115158112475112,-0.1651238885645578,0.002831025063186377
2004-08-24,0.00024772473421726197,0.06782817457042198,-0.009096447320910145,0.00011097062739000803,-0.16511251080528197,0.0028313622507374968
2004-08-25,0.00024773113761582645,0.06784448481045306,-0.009094728245980127,0.00011099275562779837,-0.1650845410085821,0.0028312110358503554
2004-08-26,0.0002477499213645846,0.06785313772837231,-0.009093960201659385,0.00011091196541701317,-0.16506743893769565,0.0028309843603610907
2004-08-27,0.00024776869334845633,0.06785981317310935,-0.009092310930634376,0.00011090107567390413,-0.16504342708965092,0.0028314125735832284
2004-08-30,0.0002477872802795918,0.06787317793469151,-0.009091533578734276,0.00011074046182203382,-0.1650246995557917,0.002830919425681109
2004-08-31,0.00024782573444304785,0.06788027253941195,-0.00909014329430503,0.00011072553772992181,-0.16500153316820887,0.002831090798181706
2004-09-01,0.00024785006296111325,0.06789202140682238,-0.009087767932020943,0.00011069002984032475,-0.16499334372661617,0.0028310761691423287
2004-09-02,0.000247900296216049,0.06790514420854724,-0.009086598527147011,0.00011057841915550047,-0.1650113557998175,0.0028320914308730145
2004-09-03,0.00024791384598258314,0.0679153301458491,-0.009085498720772318,0.00011049095639909681,-0.16499671271455352,0.0028329655965056524
2004-09-08,0.0002479599001360261,0.06792678000670947,-0.009084730695173382,0.00011023527055213922,-0.1649636730220747,0.0028327155916460715
2004-09-09,0.000247955604570748,0.06793682749745254,-0.009083229729671426,0.00011006301308006895,-0.16488084159349145,0.0028331942763770426
2004-09-10,0.00024804239170846956,0.06794269570507999,-0.009081333942560499,0.00010994215706294967,-0.16484776333685172,0.0028335491593046097
2004-09-13,0.00024808304552691797,0.06795375733621194,-0.009078926782255269,0.00011001397089860143,-0.1647553337367167,0.002832957322124478
2004-09-14,0.00024818357341848204,0.06796869844248488,-0.009077874527533319,0.0001099540207709387,-0.16471502663724494,0.0028343624137290267
2004-09-15,0.0002481781056425131,0.06798281651891726,-0.009076586258832243,0.00010984092797924234,-0.16468172766845454,0.002833766346523058
2004-09-16,0.00024820268236272735,0.06799052960306165,-0.00907533132870496,0.00010982274588579769,-0.16462689099381567,0.0028334439215772387
2004-09-17,0.0002482070858533091,0.0680067416678752,-0.009073987493783695,0.00010969784534008038,-0.16459924373657503,0.002834417803012679
2004-09-20,0.0002481706040550145,0.06801634184576352,-0.009072603876381875,0.00010960895830983932,-0.16457308982800034,0.0028347296050789247
2004-09-21,0.00024819932634426026,0.06803536585942015,-0.009071165240124957,0.0001096367889541891,-0.16453601477134694,0.002835204224742765
2004-09-22,0.00024822017587558,0.06804455912822154,-0.0090696170146493,0.00010952058664587373,-0.16453075787432653,0.002834846467070854
2004-09-23,0.00024816913354727,0.06805349169406236,-0.009068137269218693,0.00010941926944241261,-0.16451847302684974,0.0028347194187058884
2004-09-24,0.0002481423175645337,0.06806599210572697,-0.009066524412443938,0.00010928818331063165,-0.16449630685639455,0.002835538868357494
2004-09-27,0.0002481404864846154,0.06807031448805012,-0.00906488565870947,0.00010908438344969882,-0.16443586474881897,0.0028364868257034293
2004-09-28,0.0002482023567019014,0.06807610477409097,-0.009062057614951389,0.00010901459923552704,-0.16443656059290596,0.0028356460076620228
2004-09-29,0.0002482229825133194,0.06808854783596945,-0.009060474468524576,0.00010898112607259909,-0.1644288497214547,0.002836240820196131
2004-09-30,0.0002481998303066938,0.06810486791180632,-0.00905948808648508,0.0001088729682510883,-0.1644442744511954,0.002837102849926595
2004-10-01,0.0002481489247283598,0.06811687791837527,-0.009057926818273353,0.00010872793129822847,-0.16443067091403984,0.0028382963655336616
2004-10-04,0.00024819297715707113,0.0681301571032595,-0.009056193579649548,0.00010868492778651883,-0.16437503009637427,0.0028385165572539918
2004-10-05,0.00024813089769118755,0.0681335189042748,-0.009054602015842166,0.00010868783532186232,-0.16432192217929975,0.0028387808158088904
2004-10-06,0.0002481377243619686,0.068141327845989,-0.009052767179387048,0.00010865449264914474,-0.1642870800513947,0.002839755258437714
2004-10-07,0.00024817028376304987,0.06815624312520702,-0.009050194569302027,0.00010873616676213046,-0.16422011632059896,0.0028396654433272155
2004-10-08,0.0002482040947537069,0.06817822215743305,-0.00904906751109908,0.00010869806913017922,-0.16420620535527516,0.0028393884522127577
2004-10-13,0.0002482356959199456,0.0681896815105109,-0.009046931615373583,0.0001085760334423737,-0.16414595664254755,0.0028387799259232127
2004-10-14,0.00024826315496347416,0.06819744999664137,-0.009045110729815934,0.00010856787390464096,-0.16410749152142717,0.002839143729388977
2004-10-15,0.00024824154293309384,0.06821008204794218,-0.009043343700010077,0.00010847235591452913,-0.1640360119518669,0.0028401471681084854
2004-10-18,0.00024820398779981526,0.0682167600839011,-0.009042108311753935,0.00010860913678639362,-0.16400859227679682,0.002841648730439193
2004-10-19,0.00024815072966201726,0.06823367326360036,-0.00904068525934391,0.00010840852076822447,-0.16395463202758637,0.002841437109382695
2004-10-20,0.00024819620088675206,0.0682478432042401,-0.009039151154872551,0.00010832489995837437,-0.1639031793667219,0.0028411360085349707
2004-10-21,0.0002481749867887065,0.06826369204833058,-0.009037799239553316,0.00010797252165809842,-0.16389824564528152,0.0028407170501236717
2004-10-22,0.00024817469207976555,0.06827551429658782,-0.009035411046723053,0.0001078944177251067,-0.16389120160433543,0.0028401482825671097
2004-10-25,0.0002482312475729807,0.0682897022526326,-0.009033430762727694,0.00010788431143581705,-0.16383171209295644,0.0028412102672507344
2004-10-26,0.00024819072598413643,0.0683010493782718,-0.009032316077137335,0.00010794023394793325,-0.16380313985770648,0.0028409770514806545
2004-10-27,0.0002481752519033455,0.06830602504142022,-0.009029907127729643,0.00010778577799647143,-0.16375403058943988,0.002841031539710161
2004-10-28,0.0002481949576907434,0.06832275305311025,-0.009029214408077928,0.00010771726354589152,-0.1636875947529865,0.0028403776276873997
2004-10-29,0.00024815812454192186,0.06833040721512709,-0.009027478083161546,0.00010776864389956208,-0.16361734619549498,0.002840201900612902
2004-11-01,0.0002481339846453287,0.06834079757243222,-0.00902528592398573,0.00010760412495387472,-0.16356799231341224,0.0028404049291964498
2004-11-02,0.00024810708282250294,0.06835282645968817,-0.009023902078324826,0.00010749621451491602,-0.1635498815678806,0.0028405797120523925
2004-11-03,0.0002480673242193118,0.06836318529700308,-0.009022531387444683,0.00010765832407021597,-0.16348145376560674,0.0028399910139796664
2004-11-04,0.0002481008425309149,0.06837496873306276,-0.009020219191317916,0.00010749465719022017,-0.16347569075101503,0.0028392337956786367
2004-11-05,0.00024805619936045753,0.06838082896631657,-0.009018672434660167,0.00010730330613437505,-0.16344127867436958,0.0028383848030804635
2004-11-08,0.0002480226681841234,0.06839659800709848,-0.009016276225144594,0.00010720765703419426,-0.16340962836429007,0.0028384277541509888
2004-11-09,0.00024800873622763113,0.06840387055745062,-0.009014045264640539,0.00010692164253843251,-0.16334155178485124,0.002838774126612459
2004-11-10,0.00024789915813525055,0.06841096273476432,-0.009012756047372436,0.00010681927286757158,-0.16329361631681089,0.0028391620449915423
2004-11-15,0.00024788605501319935,0.06842437502059279,-0.009010626994668815,0.00010678273393157308,-0.16323712049656983,0.002839321765007514
2004-11-16,0.00024786433168292915,0.06843777134964822,-0.009009075660248158,0.00010672703151153028,-0.1631670198216592,0.0028388544779344355
2004-11-17,0.0002478655224048579,0.06845047981555351,-0.00900700866355448,0.00010681078832149049,-0.16315456553425509,0.0028390369058766776
2004-11-18,0.0002478504746095316,0.06846395318396285,-0.009004793393136805,0.00010663386888011501,-0.1631284830636251,0.0028392439214533333
2004-11-19,0.00024787669488680344,0.06847248185067029,-0.009002407618453775,0.00010667738512340629,-0.1631169042741845,0.002839615706170962
2004-11-22,0.00024788682721174697,0.06848275778068237,-0.009000213338778125,0.00010656520500955845,-0.16311434328178037,0.0028382920868885468
2004-11-23,0.0002478720495242201,0.06849987022625027,-0.008998943226842741,0.00010653060188184387,-0.16309844720861622,0.0028375394357703595
2004-11-24,0.000247897817812168,0.06850706312922952,-0.008998228386152942,0.00010646736346200165,-0.16309106952158145,0.002838045508544213
2004-11-29,0.0002478576545760343,0.0685156012589839,-0.00899655547005057,0.0001064113760739365,-0.16311892484665097,0.002838320816203049
2004-11-30,0.0002479056802953535,0.06852755075140424,-0.008994912362555648,0.00010626740875933029,-0.16307836669656134,0.002838380970711257
2004-12-01,0.00024791499712446715,0.06853363201065532,-0.008992766013819252,0.00010612233571594422,-0.16303481738262626,0.0028384114328678933
2004-12-02,0.00024786692790925596,0.06854504236927719,-0.008991262117371295,0.00010615741425447397,-0.16299080895880524,0.002837449179248921
2004-12-03,0.00024790814544777673,0.06855391973725641,-0.008989289180127417,0.00010612574609502055,-0.16296543865810456,0.0028363559022833145
2004-12-06,0.00024787456474122127,0.06857096480261142,-0.008987429828680648,0.00010600293896891317,-0.1629547282646423,0.0028359408272549884
2004-12-07,0.00024782222716004915,0.06857781576143213,-0.008986074817162137,0.00010591762075518816,-0.16291376899624654,0.002835786501266684
2004-12-08,0.0002477559640466954,0.06858710658169109,-0.008983380621137514,0.00010580039490804077,-0.16289170434757674,0.0028345438900841493
2004-12-09,0.00024773425269567384,0.06860061301120324,-0.008982221014401867,0.00010580941586001327,-0.16285514159720385,0.0028343200035034063
2004-12-10,0.0002477228152074454,0.06861603059660834,-0.008981166091441726,0.00010579370175278641,-0.16280203941804408,0.0028344563453160145
2004-12-13,0.0002476558060593571,0.06862720526196266,-0.008979571889491337,0.00010569040158135358,-0.16278680070615312,0.0028347314630980088
2004-12-14,0.0002477016883147968,0.06863789291337706,-0.00897813039010888,0.00010574522138141099,-0.1627777660568309,0.002835062727354938
2004-12-15,0.00024763701676352014,0.06865504088413306,-0.008975862932394238,0.00010569217823194009,-0.16278949097065398,0.0028350952806141094
2004-12-16,0.0002476622179581906,0.0686651046546422,-0.008974027133717165,0.00010560107141311116,-0.16277629072477465,0.0028342425917524906
2004-12-17,0.00024762654866415434,0.06867248573980228,-0.008972901665460548,0.00010550457404567948,-0.1627280940720439,0.0028345135863154683
2004-12-20,0.00024760421199252196,0.06868151708384404,-0.008970528086257108,0.00010543411880774147,-0.1627200043202087,0.0028342924582572425
2004-12-21,0.0002476236712327715,0.06869279333158848,-0.008968743868784292,0.00010549428825187199,-0.16269152805857623,0.002834347627548102
2004-12-22,0.000247598652595552,0.06870699664797861,-0.008968240806644101,0.00010553602752277991,-0.16269213980381056,0.002834440839802161
2004-12-23,0.00024756537327669454,0.06871618083853256,-0.008966858388554473,0.00010553031379102363,-0.1627007033443771,0.0028343033390371584
2004-12-28,0.0002475981714025217,0.06872739430029218,-0.008965705588198324,0.00010543227190257747,-0.16259935547007137,0.0028346623190119583
2004-12-29,0.0002476446542323004,0.06873751906061033,-0.008963944416121764,0.00010551415266240508,-0.1625729834794083,0.0028342546303435777
2004-12-30,0.0002475508564815526,0.06875188650129974,-0.008962360742388938,0.00010545223960489144,-0.16253362955124231,0.0028343086282258895
2004-12-31,0.00024750350794513316,0.06876373131434468,-0.008961353486617482,0.0001052010361307969,-0.16250077354412182,0.0028343058572347334
2005-01-03,0.0002474925589925739,0.06877632729454373,-0.008959707946301089,0.00010513472074014947,-0.16250862553358428,0.0028338897108064038
2005-01-04,0.00024743983170785267,0.0687875789269794,-0.008956997881829933,0.00010510811385625667,-0.1624986165132316,0.0028325866198147453
2005-01-05,0.0002473978072268019,0.06879936378145021,-0.008955616349772254,0.00010530981120647048,-0.16243559398664079,0.0028329880779686665
2005-01-06,0.00024731385717595704,0.06880977122801298,-0.008953707334507666,0.00010520100944208779,-0.16239809478178344,0.002832666670982777
2005-01-07,0.0002472751171747654,0.06882449213067304,-0.008952523981457529,0.00010511259024183866,-0.16240120948745626,0.0028331336422521437
2005-01-10,0.0002472511864016603,0.06883765703463399,-0.008951111172599191,0.00010517466591717975,-0.16233816600931494,0.002833759750698159
2005-01-11,0.00024726007515268184,0.06885312913042639,-0.00894905280209312,0.00010496611659330326,-0.16233765650920956,0.002834464501206002
2005-01-12,0.00024717513169310117,0.06886221097379856,-0.008948601770869185,0.00010499173546675969,-0.16230215747682925,0.0028344064628409017
2005-01-13,0.0002471956924534128,0.06887593504963767,-0.008946816475880179,0.00010499404209063351,-0.16228427651896343,0.002834379359501152
2005-01-14,0.00024716740715916756,0.06888716899986341,-0.008945463867045342,0.0001048610639820954,-0.1622357018410454,0.0028335271501869733
2005-01-19,0.00024714390643191874,0.06889974160006386,-0.008944258560014795,0.00010481725681051362,-0.16217847531326374,0.0028329644940320075
2005-01-20,0.00024721356317301314,0.06891355233337176,-0.008942149707507292,0.00010472472927154262,-0.16213865314189263,0.0028330975633107853
2005-01-21,0.0002472118753057412,0.0689268027627752,-0.008939806310935322,0.00010469064312673273,-0.1620743673722307,0.0028329134552970655
2005-01-24,0.0002472577738872079,0.06894231572243377,-0.008938113529883208,0.00010462900389277357,-0.16209143998246367,0.0028329831792495127
2005-01-25,0.000247221898718261,0.06894860333469757,-0.00893606872289877,0.00010472902985968639,-0.16204726790436436,0.0028333406689970146
2005-01-26,0.0002472286983184034,0.06896526997955527,-0.008934590898556574,0.00010451640475427053,-0.16199888554096,0.0028328142510615517
2005-01-27,0.000247234454583563,0.06897558280359756,-0.008932753458325483,0.00010452420061860855,-0.16197943191401315,0.0028322477899837893
2005-01-28,0.0002472556517500011,0.0689893430827499,-0.00893135241255721,0.00010442349768656301,-0.16194641235400287,0.0028328092916103114
2005-01-31,0.00024719838818699255,0.06900217462670143,-0.0089297567260281,0.0001043313245099317,-0.16188987372296232,0.002833212393660445
2005-02-01,0.0002472451967964921,0.06900921697222534,-0.008927863378614436,0.00010414833829418788,-0.16187936758124033,0.002833168919468034
2005-02-02,0.00024724768706219373,0.06902707817414044,-0.008925951593722647,0.00010404734331676743,-0.16188695508954237,0.0028332300198146386
2005-02-03,0.0002472150608100518,0.06903988866563147,-0.008923933907949341,0.00010397925550586079,-0.16189735397460783,0.002833083251802143
2005-02-04,0.0002471667297189172,0.06904840920963749,-0.008922279768013845,0.00010394600194063419,-0.16186649580228757,0.0028333239889412267
2005-02-07,0.00024721478782942024,0.06906060009725035,-0.008920266194590756,0.00010399750106761152,-0.1618284932582284,0.0028336873238123555
2005-02-08,0.00024722383187028005,0.06907098063188157,-0.008919031444013842,0.00010385244007253204,-0.16179419379317037,0.002834771374951349
2005-02-09,0.0002472646966732467,0.06908557206254527,-0.008916539582506995,0.00010365997192823163,-0.16175045536410193,0.00283458528089101
2005-02-10,0.0002473109948753482,0.06909476185962746,-0.008915210009362413,0.00010359735794114534,-0.16172277693994808,0.0028349547528684466
2005-02-11,0.0002473063022321671,0.06911497650144809,-0.008913411852497229,0.00010363661641965566,-0.16168586966382478,0.0028348791954856045
2005-02-14,0.0002472980031701509,0.06912731557030767,-0.00891157836918181,0.000103552315861514,-0.16164423343469148,0.0028348624627969796
2005-02-15,0.0002472315578272213,0.06914408864548875,-0.00891013066174923,0.0001035676182529538,-0.16160367174746984,0.0028343512059534133
2005-02-16,0.0002472682806578644,0.0691569160175556,-0.008908604826606083,0.00010339179191335534,-0.16158012011223954,0.002834672000318572
2005-02-17,0.0002472613150247062,0.06917378390271603,-0.008906659348390347,0.00010334687390639623,-0.1615168260983348,0.0028347369985835947
2005-02-18,0.0002472628075212105,0.06918683022416039,-0.008905352598330439,0.00010340452654893297,-0.16151220513985914,0.002834648292475015
2005-02-23,0.00024724194598392096,0.06919722425638103,-0.008904205262424945,0.0001032358796719617,-0.1614687055043253,0.0028335457905602998
2005-02-24,0.00024722332932700835,0.06921319741066846,-0.008902707182417993,0.0001031520222362572,-0.16143236433850336,0.0028340744362456783
2005-02-25,0.0002472114844737613,0.06922940558922144,-0.008900720346956766,0.00010314638219566594,-0.16141500288326438,0.0028333914503754914
2005-02-28,0.0002471496228005611,0.06923907338093879,-0.008899615372772705,0.00010314475221658388,-0.16140979990035365,0.0028327691276708654
2005-03-01,0.0002471514908374407,0.06925294509210968,-0.00889789347565689,0.00010312583152721415,-0.16140003531325647,0.002832276679327291
2005-03-02,0.0002471765099011976,0.06926543895873136,-0.008895041972733088,0.00010298089573055442,-0.16139398952374961,0.002832178316264446
2005-03-03,0.00024718820634416427,0.06928009711866998,-0.008893583001577398,0.00010281379798977594,-0.16139362432347454,0.0028321700799446817
2005-03-04,0.0002471660260844642,0.06929116428751397,-0.008891370057369946,0.00010272437031261856,-0.16134956146989873,0.0028322611088496042
2005-03-07,0.0002471199476522099,0.06930351080820177,-0.00888987141510773,0.00010280300965223055,-0.1613078113883723,0.002833263941976798
2005-03-08,0.00024704799751920403,0.06931995529129656,-0.00888760625866874,0.00010265800340113692,-0.1612768976219237,0.0028328684120155407
2005-03-09,0.0002469541766540105,0.06932765220905074,-0.008886300722040304,0.0001025851136702885,-0.1612712267730434,0.0028325536012880426
2005-03-10,0.00024699374653585867,0.06934232649923909,-0.008884922572997929,0.00010276216875942332,-0.16120162872668675,0.0028341071091121097
2005-03-11,0.00024700287062852215,0.06935606282334798,-0.00888290038254826,0.00010260811569168273,-0.16120072102550265,0.0028336049356765427
2005-03-14,0.0002470026464178764,0.06937125011278487,-0.008880390184373844,0.00010248224090576428,-0.16119702356048674,0.002833173722580226
2005-03-15,0.00024701589830045773,0.06938576282944299,-0.008879607306013672,0.00010242968284454716,-0.16116359949729003,0.002832978808785799
2005-03-16,0.0002470736546801636,0.06939695802565522,-0.00887848416731753,0.00010242752157338828,-0.16115082000153577,0.0028334332061158225
2005-03-17,0.00024702646827638687,0.06941114705388789,-0.00887713271963159,0.00010225383606581859,-0.16113843685424736,0.0028324434601229996
2005-03-18,0.00024706286323741123,0.0694219572150376,-0.008876172423386546,0.00010212075383231786,-0.16113735285156006,0.0028321771261244654
2005-03-21,0.0002469941048427011,0.0694397579208538,-0.008874068526725818,0.00010190493070196358,-0.16111848250785055,0.002832031624597659
2005-03-22,0.0002470182558683906,0.06944752069879404,-0.00887290813061354,0.00010188552251389235,-0.16107954181012676,0.002831890591550421
2005-03-23,0.0002469568407066865,0.06946148071124751,-0.008870062841456751,0.0001018643327169413,-0.1609999734226018,0.002831020413169792
2005-03-24,0.00024690619683232894,0.06946829846692837,-0.00886897772112061,0.00010180724279399085,-0.16094620225605785,0.0028308224946006935
2005-03-29,0.00024683271084159435,0.06948337357725115,-0.00886724386723688,0.00010185758907846019,-0.16092351671477348,0.0028302824959972215
2005-03-30,0.0002468298658801906,0.06949967409747031,-0.008865799462454403,0.0001016146870713149,-0.1609284889150717,0.0028299465810645383
2005-03-31,0.0002468791686382598,0.06950958910567233,-0.008864500346222094,0.0001016914030801189,-0.1609138790289641,0.0028299443528248887
2005-04-01,0.00024681162571191657,0.06952547775778767,-0.008863734445913022,0.00010159838549388466,-0.16089493146638228,0.0028301663934675136
2005-04-04,0.0002467363848903854,0.06954468201922533,-0.008861251257682206,0.00010143778597414453,-0.16087753212722883,0.0028306890733304922
2005-04-05,0.000246714142345902,0.06955634041903408,-0.008859742587919208,0.00010158700811750947,-0.16078971506063172,0.0028298622173714458
2005-04-06,0.0002466795589198627,0.06957261731864785,-0.008858932644288412,0.00010132221810756779,-0.16078124145752723,0.002829012707675859
2005-04-07,0.00024669574626740986,0.06958271720138237,-0.008857849313703882,0.00010133778681573822,-0.16071400488729415,0.0028290183846083295
2005-04-08,0.00024669888335144137,0.0695941631666915,-0.008856403971024532,0.00010117142478849549,-0.16067693263294763,0.0028283930436959585
2005-04-11,0.0002467136967075817,0.06960277719711044,-0.008854821321430242,0.0001011252704212788,-0.16065746413624193,0.002828013187446184
2005-04-12,0.000246756212849474,0.06961556829740731,-0.008852892689412093,0.00010122631288382465,-0.16067185798487885,0.0028278353683379204
2005-04-13,0.0002467915706207088,0.06963042596925612,-0.008851277032230442,0.00010122714527851049,-0.1606671928865267,0.0028287430087000982
2005-04-14,0.00024677774481619087,0.06964147653598286,-0.008849805413358168,0.00010124670475718268,-0.16066014852515867,0.0028282578931021853
2005-04-15,0.0002467839354256985,0.0696545125996874,-0.008847865315579826,0.0001011217648747674,-0.16061312453696175,0.0028272348649572136
2005-04-18,0.00024677257358790474,0.06967291174151177,-0.008845175239426947,0.00010110695665699917,-0.16057811343456352,0.002826561804243832
2005-04-19,0.00024673703078610426,0.06968463808926706,-0.008842280789465093,0.00010098266119913554,-0.16056977074033252,0.0028265380217205077
2005-04-20,0.00024676132430043077,0.06970025771045497,-0.008840072358949107,0.00010090950754132146,-0.1605408494752205,0.002826907150405733
2005-04-21,0.0002467659428517374,0.0697124487144515,-0.00883834099353057,0.00010072289626363284,-0.16050842510528135,0.0028266892424084473
2005-04-22,0.00024673549283204903,0.06971860578465255,-0.008836610897287597,0.00010060869256803838,-0.16044878325475517,0.0028273867802484946
2005-04-25,0.0002467100675719286,0.06973554952902375,-0.008835098063749219,0.00010050301802638034,-0.16040813196147263,0.0028258769098480165
2005-04-26,0.0002466621356926589,0.06974309901504817,-0.008832791159066431,0.00010047508953614495,-0.16039663713836028,0.002825870712807938
2005-04-27,0.00024665536047694655,0.06975618466170604,-0.0088309490796884,0.0001004743236012712,-0.16038397422983275,0.002824738597631056
2005-04-28,0.00024659961368671593,0.0697636719772161,-0.008828661373030965,0.00010053760724203357,-0.16036913338404588,0.0028249125254856382
2005-04-29,0.00024650633214996255,0.06977813104023048,-0.00882760169917022,0.00010048049871620401,-0.16035208891224356,0.0028249652118199735
2005-05-02,0.00024650385387181095,0.06979948921353472,-0.008826390620094486,0.0001005151733659642,-0.16032213549400512,0.002825094169151233
2005-05-03,0.00024645524805221307,0.06981542924617233,-0.008824695399922188,0.00010048041099359841,-0.16028989963598705,0.0028230554533478606
2005-05-04,0.0002464289564638949,0.06982876977829457,-0.008823212394434125,0.00010036271067707069,-0.1602484192207663,0.0028222837495553346
2005-05-05,0.0002464344628585149,0.0698408375589553,-0.008822433655346663,0.00010033379165054816,-0.16016600198596453,0.0028227071513145865
2005-05-06,0.00024638286243063316,0.0698510969018298,-0.008820108914195752,0.00010026262903074451,-0.16011936843006974,0.002822398142528052
2005-05-09,0.00024637365904166893,0.06987121422266401,-0.008817904051940153,0.0001004508444527733,-0.1600735203814334,0.0028220676263966656
2005-05-10,0.00024640709361853065,0.06987872936499673,-0.008816278010375966,0.00010041963208918111,-0.1600580893520859,0.002822873003847624
2005-05-11,0.0002464389875577616,0.06988755621172112,-0.008813984257636106,0.00010031660044541529,-0.16006071504293753,0.0028219338143304906
2005-05-12,0.00024644603575020644,0.06990469575610356,-0.00881159502992144,0.00010029324184048397,-0.16000837170923882,0.0028222696919086156
2005-05-13,0.00024642725289593105,0.06991359919693736,-0.008809784921132787,0.00010048939569569634,-0.15996002243025592,0.002823205487614434
2005-05-16,0.0002463994476659944,0.06992700831066093,-0.008808607984966757,0.00010051513977073453,-0.15996049955589037,0.0028221089314061
2005-05-17,0.00024638829440655865,0.069941880531304,-0.00880649282194331,0.00010047950443763646,-0.15993742349590323,0.002821548756038595
2005-05-18,0.00024638838391776634,0.06995722526553273,-0.00880497025791767,0.00010034487141939088,-0.15988376387399347,0.0028224878587805565
2005-05-19,0.00024631880006647665,0.0699685765373639,-0.008803195698119073,0.00010032955662387937,-0.15985426666339633,0.002821359095950527
2005-05-20,0.00024628748158921917,0.06998093220246447,-0.008800739534920237,0.0001003535396531979,-0.1598193779689029,0.0028209615377538357
2005-05-23,0.00024628683125866414,0.06999005023821804,-0.008798557495659968,0.00010025475407001038,-0.15979501892903325,0.002820727446778295
2005-05-24,0.0002462531928460259,0.0700094012120248,-0.008795681829440467,0.00010036799444458475,-0.15974619765866505,0.002818965244000874
2005-05-25,0.00024623322790089206,0.07001926412686711,-0.008794849973639227,0.00010042560985107241,-0.15971500554111767,0.002819274937463692
2005-05-26,0.00024626305795982307,0.07003424474045307,-0.008793225398357776,0.00010050551480670904,-0.15967382487482107,0.0028180714611430223
2005-05-27,0.00024627696460431463,0.07004850644447855,-0.008791085355532,0.00010056123137033037,-0.1595980683285258,0.002817746927745436
2005-06-01,0.00024629279325758945,0.07006484793517335,-0.00878866750752439,0.00010047610453411165,-0.15953356019191617,0.002817500449995507
2005-06-02,0.0002463153869080791,0.0700793048099894,-0.008787389266715932,0.00010037087096375595,-0.1594598816216029,0.0028175587800479906
2005-06-03,0.00024637418763892295,0.07009329521113272,-0.008785410301152024,0.00010023820394795082,-0.15945361588808654,0.0028182605398595377
2005-06-06,0.0002463468962967518,0.07010120043872593,-0.008783708255676283,0.0001001387136812925,-0.15940611913252906,0.0028176756609247125
2005-06-07,0.00024635045047459735,0.07010661526635845,-0.008782994186610042,0.0001001336472324832,-0.15936027704071115,0.0028176036633972114
2005-06-08,0.00024636723805516406,0.07012474935567442,-0.008780655504791759,0.00010023202765495622,-0.1593128446697405,0.002817234186109873
2005-06-09,0.0002464716459212533,0.07013670698589157,-0.008778995698717674,0.00010016553717119385,-0.15927623760050585,0.002817303328665339
2005-06-10,0.00024642838334064734,0.07015206662637566,-0.00877764299803774,0.00010023624908430271,-0.15923596531466225,0.0028179894277945722
2005-06-13,0.00024645967614688775,0.07016862637820195,-0.008776063533500428,0.00010025350344750516,-0.15917701817444158,0.0028181119513300606
2005-06-14,0.00024645320738233764,0.07018571954595038,-0.008773752168135059,0.00010016938249905719,-0.15911220623548197,0.0028173757138790795
2005-06-15,0.0002464148175596412,0.07019948270247896,-0.00877142304337192,0.000100160241081474,-0.15906218620759746,0.002817466905200675
2005-06-16,0.0002464008606651105,0.0702163641122534,-0.008769205315437179,0.00010012199906918262,-0.1589979471868472,0.0028165515338056776
2005-06-17,0.00024644377767176536,0.0702276748767814,-0.00876665247835179,0.00010018009703488438,-0.15895246895471477,0.0028165963274912804
2005-06-20,0.00024645976428457354,0.07024586151471503,-0.008764451266835912,0.00010012242050545194,-0.15892699171006902,0.002817612292974162
2005-06-21,0.00024650780791595265,0.07026284663091255,-0.008762666708149342,0.00010002495283856792,-0.15886982799231025,0.0028171477463100423
2005-06-22,0.0002465085158783549,0.07027909730354763,-0.008760618221701223,9.99502226292931e-05,-0.15882203209645707,0.0028163163065402863
2005-06-23,0.00024645718274750376,0.07029053655128786,-0.008758311648578578,9.981035807776485e-05,-0.15878470160408564,0.002815203883729868
2005-06-24,0.0002464890054231059,0.07030593976940744,-0.008756181056073323,9.964074209089061e-05,-0.15872334060254134,0.0028146341278319337
2005-06-27,0.00024645962576845087,0.07032085109804116,-0.008754388068284203,9.952536126124838e-05,-0.1586864428065139,0.0028140481015505167
2005-06-28,0.0002464274906493737,0.07033339846942183,-0.008754081361271083,9.944064857786208e-05,-0.15866686849879644,0.002813304324519484
2005-06-29,0.0002464730043588334,0.07035008823926955,-0.008752945005265982,9.939372036778646e-05,-0.1586408298354725,0.0028129162645714172
2005-06-30,0.00024647142123597596,0.07036369802754179,-0.008750512050455645,9.936628159147362e-05,-0.15866068692794993,0.002813069673385643
2005-07-01,0.0002464344942062628,0.07037477846821756,-0.008749150111213709,9.945746287409027e-05,-0.15862091831912006,0.0028134505450278366
2005-07-06,0.000246466343857076,0.07038784316528204,-0.008746901698472476,9.933863332292845e-05,-0.15859328448500487,0.002814025843452767
2005-07-07,0.00024649899300006076,0.07039827086149282,-0.008744811521171115,9.93562311698924e-05,-0.15851239544475598,0.0028123528151132384
2005-07-08,0.00024651834294472577,0.07041130079224389,-0.008741893551808688,9.929962862452894e-05,-0.15844212450051637,0.00281214836333594
2005-07-11,0.0002465621077708145,0.07042516063724916,-0.008740126466314366,9.942731415680091e-05,-0.15837179421061184,0.0028115176792054774
2005-07-12,0.00024655377575861484,0.0704376216908495,-0.008737960758093442,9.946875763115549e-05,-0.15833680550941548,0.0028105947431607717
2005-07-13,0.00024660663907502485,0.07044875400100814,-0.008736500223782577,9.9414545187827e-05,-0.1583188940483863,0.002810209144527821
2005-07-14,0.0002465993890988494,0.07046395172588168,-0.008734623053148333,9.911314329657252e-05,-0.15830262324344568,0.0028096589944376737
2005-07-15,0.0002466543572686011,0.07047973791248768,-0.008733385879838993,9.879157106931138e-05,-0.15825893340899766,0.002808837343415863
2005-07-18,0.000246633429182397,0.07049465934801866,-0.008731589402302137,9.871308423586648e-05,-0.15816877588899875,0.0028092366792300803
2005-07-19,0.0002466823435891734,0.0705092277295596,-0.00873018877362446,9.878937471358783e-05,-0.15813661406665855,0.002808479321109968
2005-07-20,0.0002466718953976167,0.07052142600389599,-0.008728545107920167,9.866626374386276e-05,-0.1580749198451796,0.002808293639725734
2005-07-21,0.0002466766948399398,0.07053448361936235,-0.008727317171261418,9.85978542696759e-05,-0.15800346633600315,0.0028067760047276857
2005-07-22,0.0002466332944278157,0.0705450476067873,-0.008725450754283782,9.866185966477808e-05,-0.15792345562151594,0.002807730069704567
2005-07-25,0.000246690720633943,0.07056080790760344,-0.008723313394968986,9.867883171854642e-05,-0.1578919330221206,0.0028073393657555897
2005-07-26,0.0002467142858571878,0.07057679033594709,-0.008721944572919324,9.861800571793906e-05,-0.1578816625957744,0.002807479666916171
2005-07-27,0.00024673079224357583,0.07059285877740405,-0.00872026668250449,9.855217341247369e-05,-0.15786842838712456,0.0028059467390671162
2005-07-28,0.00024672559529437135,0.07060833554625219,-0.008718134420695188,9.842858845068625e-05,-0.15779638338913782,0.002805344544683191
2005-07-29,0.0002467420708306216,0.07061809170605793,-0.00871595419492021,9.828062706462923e-05,-0.15776237510649757,0.0028040220584572566
2005-08-01,0.0002467381392910234,0.07063463017470806,-0.008714494664134893,9.833002161875067e-05,-0.15773303814162185,0.002802765549367038
2005-08-02,0.00024680320798700476,0.07064855012249821,-0.008712923704211875,9.825758997663787e-05,-0.15766298200762513,0.002803184479769243
2005-08-03,0.0002468626858161821,0.07066357621962116,-0.008710736825029255,9.847624698406972e-05,-0.15760760444873192,0.0028018119936643734
2005-08-04,0.0002468899204061978,0.07067445925648351,-0.008708742654852098,9.824994498448605e-05,-0.15753095909719106,0.002802354578491612
2005-08-05,0.0002469400338474838,0.07069312809602621,-0.008706896954934049,9.815133617175603e-05,-0.15749215597552488,0.0028016180904262365
2005-08-08,0.00024700191626676396,0.07071294842805569,-0.008704789669159404,9.809555863489336e-05,-0.15743169182479927,0.002801400367376134
2005-08-09,0.0002469882879100921,0.07073072281653181,-0.008703433056485134,9.80879450457319e-05,-0.15739013552787345,0.0028014398499937375
2005-08-10,0.0002469761778371186,0.07074767209838621,-0.008701051209220255,9.814670682906798e-05,-0.15733848261783034,0.0028007427045912392
2005-08-11,0.00024700173976493535,0.07075966598195438,-0.008699104042050683,9.835487137533604e-05,-0.15726492617414778,0.0027995870798467907
2005-08-12,0.00024699275976366314,0.07077321694772161,-0.00869790304707978,9.810627038076583e-05,-0.15723846796936466,0.002799093015104497
2005-08-15,0.0002469614944626408,0.07078847572399492,-0.00869610044085312,9.809370320135764e-05,-0.15720975630655878,0.002800050326387664
2005-08-16,0.00024699013482047867,0.07080187222129247,-0.008694792130228045,9.79210831290886e-05,-0.1571674861615044,0.0027982599342920057
2005-08-17,0.0002470241909922333,0.07082148063327351,-0.008692522377741384,9.783306533889075e-05,-0.1570855444669257,0.0027971729082026243
2005-08-18,0.0002469791328490627,0.07083190841255156,-0.008691291629608919,9.771003950635645e-05,-0.15701558562910514,0.002796170783153752
2005-08-19,0.00024702182952260674,0.07085054881647695,-0.008689497822838876,9.766985167357563e-05,-0.15697734673054659,0.00279459223850977
2005-08-22,0.00024705586874247866,0.07087030059286706,-0.00868755358380219,9.76156503436673e-05,-0.15690513068680736,0.0027934004823970066
2005-08-23,0.00024707330188792514,0.07089232666419486,-0.008685429545303868,9.758332360407063e-05,-0.15685279365385893,0.002791956023409188
2005-08-24,0.00024703353115605405,0.07090793811947434,-0.008684091726980698,9.758286796303277e-05,-0.15681066833333243,0.0027914569847541037
2005-08-25,0.0002470353381702504,0.07092073756084986,-0.008683561378241791,9.751955367460126e-05,-0.15673242253493547,0.002791224204344075
2005-08-26,0.0002471155382994769,0.07093657232741349,-0.008681846395318176,9.76088216900083e-05,-0.15669486354829779,0.0027896615925094652
2005-08-29,0.0002471237106372843,0.07095222948210145,-0.008680945508949814,9.764933358301862e-05,-0.15663917802198773,0.0027886851160732183
2005-08-30,0.0002471514813752868,0.07096359350388909,-0.008678920594721674,9.764706941226727e-05,-0.15658559694936985,0.002787338209952702
2005-08-31,0.0002471458834740507,0.07097209897698671,-0.008677280813125828,9.770812332694195e-05,-0.15653860024025734,0.0027866725369099796
2005-09-01,0.0002471326605787313,0.07098429910983085,-0.008675225094664597,9.775912865705864e-05,-0.15654065895677444,0.002786538652875594
2005-09-02,0.000247196247979689,0.07099808073100333,-0.008673391472406682,9.760733416517311e-05,-0.1565291689442847,0.002785138316372506
2005-09-07,0.0002471972223634218,0.07101168805550852,-0.008671034507400806,9.76526852382513e-05,-0.1565193449914412,0.0027852964951244103
2005-09-08,0.0002472504250815,0.07102486042221631,-0.008670004192091567,9.765007498110196e-05,-0.1565313436135848,0.00278543017372489
2005-09-09,0.0002473053857695844,0.07103286449647293,-0.008667985550797749,9.754344676445425e-05,-0.15649626348353624,0.0027839878696858463
2005-09-12,0.0002473056476317704,0.07104859974785997,-0.008666790597886,9.764845629815541e-05,-0.15647471821921602,0.0027831019008423747
2005-09-13,0.0002473195302181923,0.07106343918272305,-0.008665522734077398,9.761025450638712e-05,-0.15642542579887542,0.0027827420835031163
2005-09-14,0.0002473001851932959,0.0710715755123752,-0.00866318676924937,9.766873972049483e-05,-0.15637351428153312,0.0027820403880238222
2005-09-15,0.00024729939575826305,0.07108105461897306,-0.008661103046470494,9.750668038167739e-05,-0.1563495194104379,0.002781638467346837
2005-09-16,0.00024731633232414534,0.07109411881985353,-0.00865833666819504,9.747411603282526e-05,-0.15626872396450886,0.002780748298982468
2005-09-19,0.00024729759298069216,0.07110986972851245,-0.008657045159162574,9.741661995207523e-05,-0.15620104936090412,0.00277994561947924
2005-09-20,0.00024738125223411095,0.0711246826008645,-0.008656094528187155,9.734520362571576e-05,-0.15615930676261583,0.0027794240843758327
2005-09-21,0.0002474021925944933,0.07113658135848255,-0.008654023158122116,9.737038469910849e-05,-0.15609573120377357,0.002778295445527819
2005-09-22,0.000247444635847502,0.0711525709716475,-0.008651975527992635,9.738042578289456e-05,-0.15601914952927326,0.002777212730696003
2005-09-23,0.00024742624612101357,0.07117380551304103,-0.008649203753067453,9.746184191875462e-05,-0.1559891672552554,0.0027768147478480984
2005-09-26,0.0002473403612185304,0.07118954435744926,-0.008647794797427562,9.734607610245034e-05,-0.15596095975612215,0.0027768450635093853
2005-09-27,0.0002473900304837092,0.07120615482548577,-0.00864515380264268,9.727732416769401e-05,-0.1558940746972645,0.002776006880513954
2005-09-28,0.0002473652299447136,0.07121886140627215,-0.008643388075382195,9.722179836967196e-05,-0.15582779982849268,0.002776275207639747
2005-09-29,0.00024737633094370766,0.07123161275626907,-0.008641492478452978,9.706620043737569e-05,-0.15577134906438078,0.0027753112304102607
2005-09-30,0.00024738245022645734,0.07125092854008627,-0.008639847484952088,9.705688680493763e-05,-0.1556562381906371,0.0027737500301681416
2005-10-03,0.00024744674181187404,0.07126942789670979,-0.00863767992412208,9.699320356584357e-05,-0.15559271569223498,0.002773118345430981
2005-10-04,0.0002474953458777282,0.07128281970821948,-0.008635706137865237,9.6810745829475e-05,-0.1555770905951991,0.0027724243427927923
2005-10-05,0.00024749202852896964,0.07129759075225439,-0.00863340192413707,9.691791813859237e-05,-0.1554805318143174,0.002772025720745216
2005-10-06,0.00024758824605797437,0.07130521856824254,-0.008631043233146547,9.691754089297344e-05,-0.15542581892585344,0.002771583623002713
2005-10-07,0.0002476054801268348,0.07131733198498322,-0.008628209415207045,9.681769108567536e-05,-0.1554000325233313,0.0027704746613787254
2005-10-12,0.000247597344512107,0.07133189542716128,-0.008625948100619167,9.683519939199463e-05,-0.15534920733642077,0.002769807523668314
2005-10-13,0.0002475692741254418,0.07133779621646068,-0.008624448762833093,9.675289621787611e-05,-0.15524788193119024,0.0027691117939928544
2005-10-14,0.00024756093129885793,0.07135727521064154,-0.008622050483821291,9.679947602726046e-05,-0.15522484343458062,0.00276768731350981
2005-10-17,0.00024763098668425626,0.07137277456417597,-0.008619480405266064,9.662372582051276e-05,-0.15525539394913043,0.0027658954982454414
2005-10-18,0.0002476380238572337,0.07139037271572686,-0.008616917408334174,9.649568645953348e-05,-0.15521441843923328,0.002766264136740624
2005-10-19,0.0002476302211764566,0.07140492081209242,-0.008614504926894154,9.646597440069298e-05,-0.15518113944683024,0.0027657480460029694
2005-10-20,0.0002477106257574028,0.07141722840597488,-0.00861257091615353,9.65615988876542e-05,-0.15509438741002074,0.00276451923689838
2005-10-21,0.00024775964710323955,0.07142857373667637,-0.008610813678733578,9.632745614804809e-05,-0.15499232508944868,0.002763624623257524
2005-10-24,0.00024773850619291344,0.07143825831386923,-0.008608855309660475,9.624184021865533e-05,-0.15493305435863258,0.0027624127103937426
2005-10-25,0.000247726201624588,0.07145752438282867,-0.008607821629578277,9.628417682413658e-05,-0.15489528807539343,0.0027618018536948825
2005-10-26,0.00024769300582398073,0.07147110942365141,-0.008606112441090724,9.630830322951157e-05,-0.15486836155760306,0.0027600256236584957
2005-10-27,0.00024768096481041116,0.07148647444682711,-0.00860507664515755,9.625615883008361e-05,-0.154767180931977,0.00275927508977212
2005-10-28,0.00024775838112416125,0.07150276887879502,-0.008603095305753134,9.609269325573232e-05,-0.15474252317309659,0.0027590745465455755
2005-10-31,0.0002477844787433724,0.07151684926994756,-0.00860145980711127,9.60802469938965e-05,-0.15468526253765552,0.0027585718883876478
2005-11-01,0.00024778787894165266,0.07152873726370382,-0.008598458520300846,9.624169704198552e-05,-0.15462356244611658,0.0027583968072112755
2005-11-02,0.00024781260952797896,0.07154011000011552,-0.008596106488902295,9.627833155614993e-05,-0.1545560442347308,0.002756859708618779
2005-11-03,0.0002478354266926394,0.07155782011373422,-0.008595593801309007,9.631532277932988e-05,-0.154519364152114,0.002756224169035022
2005-11-04,0.0002478985382817506,0.07157282418773549,-0.008593640332482033,9.621059286563126e-05,-0.15447593496309048,0.002755613606999719
2005-11-07,0.00024792774197161295,0.07158586350560842,-0.008591511834346631,9.612325758926841e-05,-0.15443197430502495,0.002754124905510714
2005-11-08,0.00024800491892934843,0.0716000756730494,-0.00858945532885906,9.609809366689595e-05,-0.15442127762362728,0.0027528944485820067
2005-11-09,0.0002479958251367068,0.07161079605242374,-0.00858800446013041,9.621052760862179e-05,-0.15435517764615475,0.0027523708357552277
2005-11-10,0.00024798902446481857,0.07162108563118108,-0.008585747235894219,9.612474690459533e-05,-0.15431057494147316,0.0027516791480493917
2005-11-15,0.0002480066777787498,0.07163764592838921,-0.008583323419757151,9.602243105536687e-05,-0.15425113252283798,0.0027501573006571394
2005-11-16,0.00024803022802747667,0.07165112449213792,-0.008581443528720891,9.593673711458896e-05,-0.154211912604629,0.002749596686470615
2005-11-17,0.00024802710986231895,0.07166914764774944,-0.008578922723572462,9.57637245175099e-05,-0.1541515017355333,0.002750201906495915
2005-11-18,0.00024803911686934767,0.07168605115301671,-0.00857751975237188,9.56542311313589e-05,-0.1540894718500101,0.0027488837701723527
2005-11-21,0.0002480317278010472,0.0716997138591462,-0.008575569025601283,9.54271775339396e-05,-0.1540829504260604,0.002747390877470088
2005-11-22,0.0002480559747912109,0.0717147480070653,-0.008573170747636855,9.55396293661705e-05,-0.1540130661326519,0.0027462733613477165
2005-11-23,0.000248033372862421,0.0717302470074596,-0.008571374145427984,9.539225339290308e-05,-0.15398991206600046,0.0027459568589311943
2005-11-28,0.0002480685048139155,0.07174590739664098,-0.00856932488015082,9.532004463087357e-05,-0.1539897752137231,0.0027451257873423525
2005-11-29,0.00024809186760736153,0.07175661493983797,-0.008568167526918732,9.532853428165396e-05,-0.15393806295968743,0.002744210716217667
2005-11-30,0.0002481437345031032,0.07177937762833596,-0.008566604218372926,9.541632502454228e-05,-0.15391318479838348,0.002743940315581082
2005-12-01,0.000248185900905195,0.07179504212086892,-0.008565113904875455,9.522597561659364e-05,-0.15385829440270654,0.0027430759268396716
2005-12-02,0.00024823364336733737,0.07180374583709626,-0.008563324051297201,9.535412540026746e-05,-0.15385080474746787,0.0027430417403829783
2005-12-05,0.0002482419953217616,0.0718159586803927,-0.008561092545574793,9.522500367382524e-05,-0.15382670640899465,0.0027421892400697934
2005-12-06,0.0002482402365806029,0.071826594393252,-0.00855862183128506,9.512504844105827e-05,-0.15378069930465893,0.0027412310909734586
2005-12-07,0.00024835494111211207,0.07184516498094859,-0.008556978380582624,9.517307466961219e-05,-0.15376735624068177,0.00274078656345361
2005-12-08,0.0002483878649473278,0.07186227246848689,-0.008555114986387379,9.512059434039887e-05,-0.15375825068591645,0.0027402677334526088
2005-12-09,0.0002484297785213945,0.07187437776153459,-0.00855430467031202,9.507986108614308e-05,-0.1537271293332828,0.0027386195988064626
2005-12-12,0.0002484081380502973,0.0718890738451686,-0.008552963917859436,9.498349322363623e-05,-0.15368855107841806,0.002738667644861664
2005-12-13,0.00024839239017903546,0.07190518383177488,-0.008551086342831339,9.487074011582876e-05,-0.15364650905295255,0.002737803105177215
2005-12-14,0.00024845395288411177,0.07191423771163205,-0.008549559881583813,9.484087413696146e-05,-0.1536088557400713,0.002737785526371203
2005-12-15,0.0002483982833895766,0.07192610696705447,-0.008548263587347834,9.475163757331397e-05,-0.15358948408045542,0.002737008615613307
2005-12-16,0.0002484216671959002,0.07193911088880002,-0.008546106980968348,9.460766306904433e-05,-0.15355014223539964,0.0027341981485554845
2005-12-19,0.0002483969232306939,0.07195500908426901,-0.008544306177650795,9.45943220285589e-05,-0.1534928370873706,0.002733517005130908
2005-12-20,0.0002484323855089605,0.07197092413611993,-0.008542646562287719,9.445110677896396e-05,-0.15345356406616412,0.002731365222910841
2005-12-21,0.0002484969514754824,0.07198414428549203,-0.008540802357297435,9.440207309160496e-05,-0.15341311712127997,0.0027307123188991165
2005-12-22,0.00024847165394848716,0.07199845297188048,-0.008539149730370942,9.434053969635563e-05,-0.1533823225061234,0.002730167896037044
2005-12-23,0.00024848136014966405,0.0720140752306887,-0.008536905419774685,9.432489737290029e-05,-0.15335032950003027,0.0027298746652778248
2005-12-28,0.00024848496731935454,0.072026386132971,-0.008534257977961283,9.429278260257272e-05,-0.15330569226967014,0.0027298308659832508
2005-12-29,0.0002484717045402305,0.07203833199641903,-0.008532639131041011,9.41772559146462e-05,-0.15326004255630105,0.0027284262801943794
2005-12-30,0.0002485929076698719,0.07206028544909833,-0.008531995254527197,9.403005425447985e-05,-0.1532286627592184,0.0027268833296445237
2006-01-04,0.0002486145295913801,0.0720736261440231,-0.008529446033314517,9.399580039808895e-05,-0.153207612586778,0.00272528356990671
2006-01-05,0.0002486870496427546,0.07208980148671432,-0.008526843194518817,9.399028238598657e-05,-0.15316406014054673,0.002722562273884562
2006-01-06,0.00024865531887902304,0.07210369240832372,-0.00852464511720122,9.383936182419754e-05,-0.1531276934282027,0.0027209942414963355
2006-01-09,0.0002486772611816123,0.07211514475604607,-0.008522746937375935,9.366221088082113e-05,-0.15310283098936373,0.002720038619507338
2006-01-10,0.0002487482127101603,0.07213224068399411,-0.008520591133633654,9.368812183681397e-05,-0.1530498961332637,0.002718974489620413
2006-01-11,0.0002487703847331171,0.07214758465829073,-0.00851849090419316,9.360295748452174e-05,-0.1529652178548791,0.0027188762756824828
2006-01-12,0.000248718310429639,0.07216032342123192,-0.008517065592471295,9.354486527054172e-05,-0.15290979247791944,0.002718105640416301
2006-01-13,0.0002486768353519048,0.07217217204233818,-0.008515576683059217,9.352705755493314e-05,-0.15288423674334195,0.002717486443088337
2006-01-18,0.00024873825373906305,0.07218926091326429,-0.008514781133105031,9.34410285573574e-05,-0.15281843188242827,0.002717020999787752
2006-01-19,0.00024875916038763046,0.07220935105443321,-0.008512235704143454,9.326278309921337e-05,-0.1528326884870353,0.0027156436497872225
2006-01-20,0.00024877571192400723,0.07222776623604057,-0.0085111925415357,9.33402896170303e-05,-0.1528006800654971,0.0027155846010136334
2006-01-23,0.00024876259518124904,0.07224252133643144,-0.008508517127423811,9.326491444197908e-05,-0.15274862216932342,0.002713676052688224
2006-01-24,0.0002487828546450569,0.07225884434731678,-0.0085062832308406,9.318525087809565e-05,-0.15272208000041462,0.0027133874591332894
2006-01-25,0.00024881870563029263,0.07227281297854811,-0.008504842871306265,9.309313623777513e-05,-0.1526625591515698,0.002712223423194011
2006-01-26,0.0002488153737480456,0.07228651611845664,-0.008503750466195885,9.302457864828832e-05,-0.15267332541935308,0.0027111400207669827
2006-01-27,0.00024885623065144363,0.07230335069437649,-0.008501528416231379,9.301233680437697e-05,-0.1526261325854677,0.0027095626372831924
2006-01-30,0.00024884026639737124,0.07231891559096686,-0.008498972955432385,9.293119458880001e-05,-0.1525988686529946,0.002708618284226986
2006-01-31,0.0002488599834096286,0.0723329481358775,-0.008497168016963687,9.285404947405119e-05,-0.15258834826448547,0.002707851830298702
2006-02-01,0.00024892589520004836,0.07234677113076904,-0.008495442753228392,9.28255128964425e-05,-0.1525187409783368,0.0027066108717805695
2006-02-02,0.00024897126968363215,0.07236622656846839,-0.008492808140696322,9.28834052191945e-05,-0.15245897864972224,0.0027058517050215646
2006-02-03,0.00024895887859213445,0.07238849641788005,-0.00849122392594613,9.259495665125104e-05,-0.15235481590047228,0.0027052866252686315
2006-02-06,0.0002489695374463925,0.07240898336095442,-0.008489518228571245,9.255091683034973e-05,-0.1522961313384643,0.0027036280102831645
2006-02-07,0.0002489808349050151,0.07242797208271923,-0.008488427513007104,9.264614111697571e-05,-0.15222450077892236,0.002702628194204851
2006-02-08,0.0002490109592036352,0.07245049723718765,-0.008486280189159347,9.259230418736893e-05,-0.15221637996538606,0.002702522993632241
2006-02-09,0.00024903906899427383,0.0724682971254744,-0.008484164419580751,9.240672178834465e-05,-0.15216773303607567,0.002702242943579929
2006-02-10,0.00024902076938013086,0.07249095965184205,-0.008482629958350623,9.235606054668932e-05,-0.15210089396534407,0.002701000877608416
2006-02-13,0.00024908160738939535,0.07250835099287724,-0.008480802268495184,9.23491728716666e-05,-0.1520985100003928,0.002699329016708809
2006-02-14,0.0002491069204436991,0.07252953967927034,-0.008478847176382058,9.216324760233113e-05,-0.15201413526819602,0.0026984405482009728
2006-02-15,0.00024912194763112287,0.07254362504719337,-0.008476383473613387,9.217400243602884e-05,-0.15199764316976408,0.002697113145966873
2006-02-16,0.0002491697401542456,0.07255896821135013,-0.00847452100630612,9.198413641515968e-05,-0.15197849369229452,0.002696817524716821
2006-02-17,0.00024921884092027064,0.07257545193199383,-0.00847223341653299,9.205927519296071e-05,-0.1519343470392041,0.002695591717223552
2006-02-22,0.0002492581837171517,0.07258939340897934,-0.008470201772540051,9.199189186077545e-05,-0.15184998853851284,0.0026952303341067074
2006-02-23,0.00024930204846451286,0.07260216770265951,-0.00846780912758563,9.199498298928219e-05,-0.15176970577455715,0.0026945456095028345
2006-02-24,0.00024932144129346005,0.072618617149276,-0.008465657840457224,9.191133796928458e-05,-0.1517178817174824,0.0026934790770551218
2006-02-27,0.0002493644796927496,0.07263442771923323,-0.008463200051738904,9.188667856505543e-05,-0.15162887083461174,0.002690771564151147
2006-02-28,0.0002494071557637001,0.07264762636381639,-0.00846192863900828,9.187857273123741e-05,-0.15159179168015186,0.002689598302215423
2006-03-01,0.0002494235819993438,0.07266362310292417,-0.008459779922426625,9.183327750056386e-05,-0.1516067861319142,0.002688373006644319
2006-03-02,0.00024948306113546154,0.07268040157708149,-0.008458176931769895,9.179514964336001e-05,-0.15152191417657454,0.0026870869479335893
2006-03-03,0.00024955884281240297,0.07270642572800151,-0.00845643858787745,9.182165151660706e-05,-0.15150678408092727,0.002685373558649163
2006-03-06,0.00024962205412132766,0.07271854564882149,-0.008453614029192981,9.170061805098345e-05,-0.15145883698493146,0.002684455107329508
2006-03-07,0.0002496146825845386,0.07273366455310566,-0.008450693671330205,9.175439632576447e-05,-0.15138493422244476,0.0026817681887188675
2006-03-08,0.00024962653823412667,0.07275023351464087,-0.008448997984398693,9.165790241336951e-05,-0.15131515469521717,0.0026800262863013644
2006-03-09,0.0002495765854390124,0.07276952379353718,-0.00844717393068692,9.171370870630009e-05,-0.15127095311059058,0.002679023073347984
2006-03-10,0.0002495855816791569,0.07278002395830765,-0.008445293623781686,9.164822300539598e-05,-0.15121352979391622,0.002677382183011633
2006-03-13,0.00024964294628521946,0.07279650430071649,-0.008442565043501197,9.154666877407282e-05,-0.1511891472311076,0.0026768623630667216
2006-03-14,0.0002496603142246544,0.07281890653420955,-0.008441120775664635,9.14272349570822e-05,-0.15114127736521857,0.0026755295236141645
2006-03-15,0.00024968191287749405,0.07284095886128147,-0.00843897657435327,9.125173775881985e-05,-0.151103491553101,0.00267454808967652
2006-03-16,0.0002497495693727315,0.07285607051921683,-0.008437250465550605,9.120961458722516e-05,-0.15112046467447798,0.0026739818856731084
2006-03-17,0.00024979761181485015,0.07287240346777571,-0.00843525284332425,9.136782976598869e-05,-0.1510507176599948,0.0026731262298733505
2006-03-20,0.0002498196903413575,0.07288827271431995,-0.00843388727900916,9.133362063678728e-05,-0.15099270787389313,0.002671423340043001
2006-03-21,0.00024981139183931816,0.07290674436347676,-0.008432008730194871,9.128151899655367e-05,-0.1509425560518118,0.0026692309811299515
2006-03-22,0.00024986344588921765,0.07292392314187074,-0.008429945866592941,9.126910269131376e-05,-0.1508610679755772,0.0026681038007394073
2006-03-23,0.00024980499193260334,0.07294270263507129,-0.008428236748018108,9.135564287996256e-05,-0.15083286160620452,0.002667762008534303
2006-03-24,0.00024985483480551994,0.07296287371215018,-0.008426886287967115,9.127492774638115e-05,-0.1508085215351855,0.0026664054551328417
2006-03-27,0.0002498564668634344,0.07297611300021517,-0.008425925665877054,9.114185563864818e-05,-0.15074280979770865,0.0026659708257170595
2006-03-28,0.0002499166357824668,0.07299383115342511,-0.008423071572073351,9.11912280322676e-05,-0.15066723289280967,0.002665243029363243
2006-03-29,0.00024989004935011883,0.07301301610290144,-0.008421449325785294,9.105824753583472e-05,-0.15065084469433465,0.00266502945186173
2006-03-30,0.0002499254780413759,0.0730210194743937,-0.008419203398206532,9.099029147794968e-05,-0.15056108116561903,0.002663460811320236
2006-03-31,0.0002499686022301097,0.07303273964317038,-0.0084169501974165,9.103259003310585e-05,-0.15051845980822076,0.002662599538589214
2006-04-03,0.0002500334076160601,0.07304173754115609,-0.008415024371673505,9.106745745040827e-05,-0.15049714527607447,0.0026614987902946518
2006-04-04,0.00025007167942586565,0.07305445169895154,-0.00841354617765672,9.097971481145101e-05,-0.1504613190666652,0.002659349508663142
2006-04-05,0.00025006156373834056,0.07307196087404588,-0.0084115921463069,9.113348811919332e-05,-0.15038622770855664,0.0026580941518955727
2006-04-06,0.00025009002503356795,0.07308108006077496,-0.008409515405202147,9.109090796238465e-05,-0.15033261683667015,0.0026566302324465807
2006-04-07,0.0002501904595583945,0.07310156372808607,-0.008407367773172608,9.101506464219617e-05,-0.15024642079250056,0.002654981591684998
2006-04-10,0.00025021007360619824,0.07312740182588542,-0.00840534341877306,9.102230702684252e-05,-0.1501977505085278,0.0026536884711715063
2006-04-11,0.0002502132336271024,0.07314907065222054,-0.00840334095936865,9.0918589657936e-05,-0.15017447296212472,0.002652270314575686
2006-04-12,0.0002502649517576578,0.07316701668313799,-0.008401113966624768,9.080664422163965e-05,-0.15012736294171752,0.0026509649752011182
2006-04-13,0.00025026267428157373,0.07318200438021961,-0.008399336668010786,9.082611552976227e-05,-0.1500439853702161,0.0026495014673165317
2006-04-18,0.00025028000078825707,0.07319920102304438,-0.00839783826832078,9.064156922386415e-05,-0.1499614209911321,0.0026475858755925356
2006-04-19,0.00025020457800311127,0.07321372261081505,-0.008396194549531201,9.052763613906282e-05,-0.149893426835764,0.002646441632818815
2006-04-20,0.00025022699929276576,0.07322481456021467,-0.008395314543581094,9.050367930156321e-05,-0.14980601873922397,0.0026450149876408318
2006-04-21,0.00025024299151589713,0.07323184648552118,-0.008392788911214026,9.040984544996052e-05,-0.14974688562101243,0.0026439102446233157
2006-04-24,0.00025026824409549745,0.07324440795736592,-0.00839083367546712,9.032983351187636e-05,-0.1497212510823221,0.00264299384632017
2006-04-25,0.00025028274190233313,0.07325688771514341,-0.008388820722639934,9.023008443957853e-05,-0.1496859262104384,0.002640823738494844
2006-04-26,0.00025032543124513696,0.07328039711079859,-0.008386501315423513,9.011662848662472e-05,-0.1496417141280525,0.00263908663083113
2006-04-27,0.0002503436155155282,0.07329736654017975,-0.008384494408148483,9.001782900324099e-05,-0.14958184678207953,0.0026383165681227523
2006-04-28,0.00025035717003911076,0.07331286971976428,-0.008382797876513335,9.007764968560147e-05,-0.14957461302420247,0.002636962490901243
2006-05-01,0.0002503761566123124,0.07333111977239065,-0.008380742031733994,9.013470736525678e-05,-0.14957053494514588,0.002635548829276074
2006-05-02,0.00025039516889962767,0.07335033092374685,-0.008378372875838931,8.998601577898516e-05,-0.1494788720723678,0.002634499872359744
2006-05-03,0.00025042362528617353,0.07336896626377262,-0.008376670165216135,9.009563530807124e-05,-0.14938315618044845,0.0026321243860069096
2006-05-04,0.0002504239623671951,0.0733860408917162,-0.008375384340751458,8.990848912615219e-05,-0.14937799066806046,0.002630799871412342
2006-05-05,0.00025038476453110675,0.07340143090598418,-0.008372612231122813,8.989862739472379e-05,-0.14926911168465323,0.0026288664372191143
2006-05-08,0.00025042436148768875,0.07341890234810014,-0.008371042897144309,8.980219251936681e-05,-0.14926301696848776,0.0026271029450751064
2006-05-09,0.0002503619012502378,0.07343246419432052,-0.0083698045521188,8.97466471794604e-05,-0.14923607581925924,0.0026267256057125243
2006-05-10,0.00025026798628816977,0.07344740284346521,-0.008367910260153724,8.96944168128342e-05,-0.1492144501847802,0.0026253546538456264
2006-05-11,0.00025032463798336504,0.07346712379007397,-0.008365700030378245,8.95902215141969e-05,-0.14915760079633755,0.0026239257452997603
2006-05-12,0.00025032116389188267,0.07348629453047707,-0.008363959875976745,8.94961673088563e-05,-0.14909145669113896,0.002622640407817112
2006-05-15,0.00025030625644678747,0.07350449960726266,-0.008362372506774778,8.940684607782135e-05,-0.14907541219259915,0.002620605613883197
2006-05-16,0.0002502939007859297,0.07352366882063995,-0.008361112270565945,8.936941887837608e-05,-0.14906863320293523,0.0026196444792138006
2006-05-17,0.00025028132188137055,0.07354517603831683,-0.008357844477654822,8.936946383129872e-05,-0.14904706945528995,0.002617983596390037
2006-05-18,0.00025027510670900936,0.07355983077840303,-0.00835507470099307,8.939414304305934e-05,-0.14903405843672424,0.0026168159606682474
2006-05-19,0.0002502241946017524,0.07357140352402824,-0.008351906488141679,8.933813818490092e-05,-0.14902654803107246,0.0026147790141085856
2006-05-22,0.00025026965622160214,0.0735832274200733,-0.008349988982290484,8.93856553614283e-05,-0.1489606498206777,0.0026138364951702694
2006-05-23,0.00025034166680417596,0.07359934292834973,-0.008348303679934473,8.917687097789952e-05,-0.1489585076708338,0.0026127147576856667
2006-05-24,0.0002503205968244425,0.07361196979468741,-0.008346087131070299,8.907171443109394e-05,-0.14893994781245198,0.002612450063511699
2006-05-25,0.0002503378143244186,0.07363068090628559,-0.008344354622089104,8.909289372289603e-05,-0.14895233907352567,0.0026108880359154013
2006-05-26,0.00025031998506758126,0.07365019741289158,-0.008342623648761701,8.893563386891125e-05,-0.14890713649144266,0.0026097086422972415
2006-05-31,0.0002503331221875416,0.07367139773309676,-0.008341490340266093,8.888552006091759e-05,-0.14885972887615057,0.0026077857394926664
2006-06-01,0.0002503270001465455,0.07369324769660539,-0.008339577908585647,8.881728347433545e-05,-0.14886138307601576,0.00260635203571772
2006-06-02,0.00025033200731917676,0.0737117934019704,-0.008337384675969962,8.877744937260133e-05,-0.14875281021807224,0.0026048663138955176
2006-06-05,0.00025034525043056655,0.07372918657116322,-0.008335438725848597,8.870804921801247e-05,-0.14866240392950525,0.002604079419386669
2006-06-06,0.0002503834821454038,0.07375112104939699,-0.008333882192281162,8.876734728655589e-05,-0.1486141276275919,0.002603248275490144
2006-06-07,0.00025040021170398747,0.07376842961995775,-0.008331360604541451,8.876144588954345e-05,-0.14856660127752838,0.0026029625831991443
2006-06-08,0.0002504611424315646,0.07378060031995867,-0.00832900389697802,8.873102359016095e-05,-0.14851183809909346,0.002601518013680341
2006-06-09,0.00025046105382651795,0.07380102758920823,-0.00832768834095544,8.88718685010722e-05,-0.14844310189983762,0.0026002893297744916
2006-06-12,0.0002504821098720098,0.0738131864121766,-0.008325062734681676,8.88121378723645e-05,-0.1484222965729926,0.002599180023518291
2006-06-13,0.00025046875936909137,0.07383138292542618,-0.008322859656782464,8.87658038654735e-05,-0.14831823828425972,0.0025977035622841826
2006-06-14,0.0002505856873356556,0.07385416806733403,-0.008321083036692824,8.864720918764676e-05,-0.14827260278028942,0.002595122845457211
2006-06-15,0.0002505939366509065,0.07387202380168383,-0.008318791404002424,8.866630360478016e-05,-0.1482436529150451,0.002594456213189537
2006-06-16,0.00025055530129237166,0.07388752283733947,-0.00831773164871033,8.86680575452846e-05,-0.14826997044685702,0.0025924431821845637
2006-06-19,0.00025051021354294544,0.07390248618684116,-0.008316537112212741,8.8416754729406e-05,-0.1482615685591426,0.002592172641511616
2006-06-20,0.00025048804018158104,0.07392216731002337,-0.00831505774867296,8.854679800787163e-05,-0.148202919023981,0.0025904049423272116
2006-06-21,0.0002505523870361131,0.07394020108793864,-0.00831353500040932,8.85985860153228e-05,-0.1481725029479319,0.0025891218317739694
2006-06-22,0.0002506023019569924,0.07395486342160008,-0.008311212879961885,8.851697865770894e-05,-0.14812062989472433,0.002588869533238331
2006-06-23,0.0002506344376903151,0.07397437369299922,-0.008309426249962492,8.83921640852898e-05,-0.14812077264062462,0.0025865907180881082
2006-06-26,0.00025062170674363527,0.0739930117244121,-0.008307293620837512,8.840864809254766e-05,-0.14804466855195872,0.0025847180175246967
2006-06-27,0.0002506199568006755,0.07401643084061962,-0.00830608545944372,8.822869686299131e-05,-0.14796667851002374,0.002582762901657548
2006-06-28,0.00025070280580952165,0.07403075139556403,-0.008304646204881144,8.810790444445613e-05,-0.1479607895173413,0.0025818841087378542
2006-06-29,0.0002507428275556306,0.07405132289153626,-0.008302601469155473,8.805665014934477e-05,-0.14793724954509568,0.002580474333470971
2006-06-30,0.00025075451861178823,0.07406369844537992,-0.00830098004707146,8.810971533422052e-05,-0.14790254698475272,0.00257972530689133
2006-07-03,0.00025075078909716543,0.07408738735228372,-0.008299278642213895,8.81782165615594e-05,-0.14786328780899238,0.002577716085316572
2006-07-06,0.00025074495606587416,0.0741008496418653,-0.008297963028718403,8.817656500882025e-05,-0.147862333584703,0.002576450074499348
2006-07-07,0.00025075815276354456,0.07411752643422956,-0.008296068522765394,8.810184150214249e-05,-0.14786854064201493,0.0025744303968378147
2006-07-10,0.0002508011397056897,0.07413918419420698,-0.008293885648036455,8.809392691765212e-05,-0.14783219189289973,0.0025740053916063327
2006-07-11,0.00025077401620835047,0.0741600016966605,-0.008291861670155677,8.805639350079525e-05,-0.14781548170355255,0.0025728173715209466
2006-07-12,0.0002506751099871684,0.0741783958231446,-0.008289617630770383,8.807393503090479e-05,-0.1477789979494643,0.0025710279651805818
2006-07-13,0.00025067635349317654,0.07420011865153726,-0.008287569920524077,8.817968242718885e-05,-0.14774875640343565,0.002569857227767321
2006-07-14,0.0002506320604610912,0.07421651154136007,-0.008285897551234489,8.819063145764441e-05,-0.14766661897128402,0.0025690338253769145
2006-07-17,0.000250725346456371,0.07422561524566805,-0.008283402734353513,8.819506949137464e-05,-0.14764094690177437,0.0025676702373859297
2006-07-18,0.0002507042146556444,0.07424523057981591,-0.008280830142818597,8.821092734019348e-05,-0.14753939119777043,0.0025665989056153408
2006-07-19,0.0002507844026054005,0.07426211795568162,-0.008279014769133744,8.837101008085348e-05,-0.14746112761452063,0.0025650595881905936
2006-07-20,0.00025081680192452825,0.07428025236679081,-0.008277015878350898,8.822157816998348e-05,-0.14742820754770464,0.0025628327572870596
2006-07-21,0.000250737208541443,0.07429948955540475,-0.008275013633804293,8.806500310929114e-05,-0.14742025108946852,0.0025624935877491956
2006-07-24,0.0002507252901928136,0.07431871695553656,-0.008272379232556956,8.803056430986164e-05,-0.14733121589520115,0.002561574524621375
2006-07-25,0.0002507321007343652,0.07432848872343145,-0.00827040675119148,8.787729434586968e-05,-0.147276207066723,0.0025599438727292602
2006-07-26,0.000250795532392906,0.07434636347239118,-0.008267727599570377,8.800204019971328e-05,-0.14722083551804452,0.002558136996670104
2006-07-27,0.0002507988887014404,0.07436575663468051,-0.00826547752079101,8.787403786472544e-05,-0.14717913482370887,0.0025564140976742727
2006-07-28,0.00025081065844046146,0.07437933473902815,-0.008263443285963021,8.778964122988033e-05,-0.14714170463944537,0.0025553358657833952
2006-07-31,0.00025078451987246104,0.07440019525144673,-0.008261928725684197,8.777411647799994e-05,-0.1471036226407147,0.002554710783450707
2006-08-01,0.0002508385955215192,0.07441785457637717,-0.008259801154375928,8.769179492050519e-05,-0.14703872201135998,0.0025518722557213622
2006-08-02,0.0002508012119526679,0.07443479476573264,-0.008257811732344968,8.735941436039902e-05,-0.14699013564909902,0.0025501175705269514
2006-08-03,0.0002507932806917071,0.07445741117288018,-0.008255285911829804,8.726559652902384e-05,-0.14698444472418432,0.002548732206563491
2006-08-04,0.00025082553641458374,0.07448172743481478,-0.008253330680425925,8.716352395287548e-05,-0.14692885473392336,0.002546183820491173
2006-08-07,0.0002508548453229865,0.07450171113058614,-0.008250506171556964,8.69872015394976e-05,-0.14686691882825076,0.0025444252438531836
2006-08-08,0.0002508433027880532,0.07452377154068775,-0.008248134660228761,8.690927222304752e-05,-0.14685143568453274,0.002542279282495313
2006-08-09,0.0002508486204672446,0.07454540364011475,-0.008245920511334047,8.678712608458392e-05,-0.14686566091122966,0.0025400339297294095
2006-08-10,0.0002508088623708481,0.07456837399904555,-0.008243368867344862,8.670349242241139e-05,-0.14680092303779285,0.0025389999645129705
2006-08-11,0.0002508138158399324,0.07458630870111693,-0.008240573462521135,8.667991576566493e-05,-0.14681138375309488,0.002537586321059181
2006-08-14,0.00025075249335242513,0.07460290959989682,-0.008237548012743465,8.661205888032789e-05,-0.14681240053587497,0.0025357781537807544
2006-08-15,0.0002507757691743922,0.0746223541513982,-0.008234973199533025,8.638444103673765e-05,-0.14676042704455128,0.002533590925722066
2006-08-16,0.0002507282766445143,0.07464144264064726,-0.008234068230213129,8.640315938755473e-05,-0.1467484687794235,0.00253154548599663
2006-08-17,0.000250668215172612,0.07465822640986605,-0.008232385230339093,8.651714506050836e-05,-0.14671208658415485,0.002529197674455762
2006-08-18,0.0002506961535420784,0.07467611823403149,-0.008229513651565051,8.64849220684428e-05,-0.14668247636402798,0.002527446663862678
2006-08-21,0.0002507040812532701,0.07469223049253702,-0.00822695750115317,8.64199561079299e-05,-0.1466650694231949,0.002526353073422713
2006-08-22,0.00025069224830699324,0.07471641038558144,-0.008224602706165804,8.62136320310035e-05,-0.1466597294272518,0.002524592344672503
2006-08-23,0.00025073191135084355,0.07473717852240218,-0.008221817214349376,8.61366615785808e-05,-0.14660348823021147,0.0025235665098173
2006-08-24,0.0002507311743980389,0.07476016175369801,-0.008221257755552502,8.605449252453013e-05,-0.14661221337992456,0.0025215459563113266
2006-08-25,0.00025070911226434734,0.0747795998794308,-0.00821902065129527,8.601572114285803e-05,-0.14653324122167322,0.0025196226400765
2006-08-28,0.0002507232701489205,0.07479658115844126,-0.008216778823208825,8.595001275552659e-05,-0.1465080308207457,0.002518017513252571
2006-08-29,0.00025071652134412423,0.074817143996608,-0.008214655102713641,8.580028869396618e-05,-0.14647468953379006,0.0025163428540932176
2006-08-30,0.00025075740179265096,0.07483215778991094,-0.008212788143578714,8.578390713042602e-05,-0.14640844938064018,0.0025131773654633797
2006-08-31,0.00025075833673204504,0.0748480124087949,-0.008210843970477425,8.577181900256785e-05,-0.14637161154485448,0.002511269241401728
2006-09-01,0.0002507835054102131,0.07487056499457975,-0.008208585343163802,8.561442496102953e-05,-0.14631566184636136,0.0025102272798711482
2006-09-06,0.0002508393472538669,0.07489225254745138,-0.008207129557653466,8.552837434139581e-05,-0.1462256214012373,0.002509076990086992
2006-09-07,0.0002508300466123256,0.07491049076608142,-0.008204831362898141,8.533095894450235e-05,-0.14617042145621312,0.002506776451547211
2006-09-08,0.00025080852012734326,0.07492665878765953,-0.008203654793531181,8.533083017952485e-05,-0.14610157392231748,0.0025035213830112623
2006-09-11,0.0002508636727684417,0.07494487071387283,-0.008201495878885273,8.51205850452641e-05,-0.1460444083455804,0.0025009985122086157
2006-09-12,0.0002508469358408497,0.07496451586257759,-0.008199207613461554,8.501537564273439e-05,-0.14602199423189732,0.002498342867383341
2006-09-13,0.00025089134723788124,0.0749766285607966,-0.008196556511099285,8.485041685103617e-05,-0.1460063344688762,0.002496909264807449
2006-09-14,0.00025089265078869074,0.07499963464928777,-0.008194491487547797,8.488717692013231e-05,-0.14596144594546534,0.002494060050170081
2006-09-15,0.00025081416097689433,0.07501611644562851,-0.008191764922227078,8.475422839554017e-05,-0.1459319125466208,0.0024915937821156095
2006-09-18,0.00025081165528407335,0.07504050540938176,-0.008190835982259356,8.470932640362188e-05,-0.1458755814753435,0.0024900752589627293
2006-09-19,0.0002508335597434972,0.07505461734545633,-0.008188802927056989,8.464838811026395e-05,-0.14586515511205322,0.002489508051086728
2006-09-20,0.00025086044226408743,0.07506815214255369,-0.008187062029853734,8.476085847226297e-05,-0.1457881265556114,0.0024883537454821734
2006-09-21,0.0002508534008551761,0.07509419471934206,-0.008185155884975238,8.473604296542825e-05,-0.14573005195465685,0.0024869217837556034
2006-09-22,0.0002508439838173366,0.07511591209973534,-0.008183302272503846,8.462607462973524e-05,-0.1457077742234139,0.002485805728584321
2006-09-25,0.00025081537598952623,0.07513013280092103,-0.00818082617552396,8.455316268097381e-05,-0.14573244387609097,0.0024844294164251767
2006-09-26,0.00025081438917015544,0.07514337238690573,-0.008177504458407633,8.455487845860218e-05,-0.1456680803342339,0.002483206543031129
2006-09-27,0.00025080349638773795,0.07515733817422997,-0.008174908440454556,8.445792273556189e-05,-0.1456043718202673,0.0024827460449302597
2006-09-28,0.0002508694586124696,0.07517836633745421,-0.008173075509917381,8.430449147068664e-05,-0.14553365172849791,0.0024811060294307693
2006-09-29,0.00025086910677698,0.07519403533139694,-0.008170465086022247,8.430345289038982e-05,-0.14548450340236158,0.002479215204972052
2006-10-02,0.00025087946832813606,0.07520751569960964,-0.00816820965297678,8.417672384387637e-05,-0.1454142832366725,0.0024775158823039643
2006-10-03,0.00025090204162516035,0.07522392938313938,-0.008166158223023303,8.395386955483661e-05,-0.1453510835000727,0.002474914443948926
2006-10-04,0.0002509772760948319,0.07524578768888018,-0.008163660045792616,8.398995899649539e-05,-0.14531577437012977,0.002473258171048888
2006-10-05,0.0002509636656839323,0.07526787992536575,-0.008161680315937137,8.3829563626964e-05,-0.1452518196262489,0.0024705463877186537
2006-10-06,0.0002509168338849801,0.07528614983865377,-0.008159320156071442,8.387113147437087e-05,-0.14526422377986806,0.0024685368021567992
2006-10-11,0.00025098646206388463,0.0753014040535236,-0.008156953334179696,8.378561184334518e-05,-0.14518275425575244,0.0024670446735025947
2006-10-12,0.00025098093232871015,0.07531674855577553,-0.008153674775155129,8.369168416235216e-05,-0.1451323942709235,0.002466404263940958
2006-10-13,0.0002509552929980192,0.07533504598063061,-0.008150916212896125,8.386100092789858e-05,-0.14508248938384116,0.0024646425129690934
2006-10-16,0.0002510238938648335,0.07535659457599128,-0.008149154137516003,8.385229389337044e-05,-0.1450165411228295,0.0024627562028020893
2006-10-17,0.0002510728815576865,0.07538005250581227,-0.008146111449791315,8.370581874282697e-05,-0.14503016868631124,0.0024615277470464336
2006-10-18,0.0002510993473508799,0.07540100255000405,-0.008143808658484087,8.361591932340578e-05,-0.14500802628912712,0.002459399837408068
2006-10-19,0.00025106012860160533,0.07541218017906745,-0.008140660110866796,8.375816874423688e-05,-0.14499896335142842,0.002456901564739089
2006-10-20,0.00025102395773493065,0.07543016737600472,-0.008137218192383493,8.349378699923302e-05,-0.14496565956063268,0.002455724404862951
2006-10-23,0.00025107671580578393,0.075454288097431,-0.00813588190798686,8.334043188806205e-05,-0.14494913854173724,0.0024543645905766055
2006-10-24,0.0002511526459652026,0.07547863471577394,-0.008133638065723892,8.323740013856314e-05,-0.14493641925580325,0.002452715106004892
2006-10-25,0.0002512540378140349,0.07549853128886319,-0.008131868794287756,8.330898820249029e-05,-0.1449289619634308,0.0024507626619739552
2006-10-26,0.0002512639286522523,0.07550709957507885,-0.0081297513651191,8.328870702086521e-05,-0.14491300733954882,0.002448976100717021
2006-10-27,0.0002511930356818781,0.07552274984711115,-0.008127222764552543,8.320140216631026e-05,-0.14485647310585253,0.002447427276257696
2006-10-30,0.00025119476636800654,0.07554486947043841,-0.008125052269026524,8.306132694733797e-05,-0.14485483271409988,0.002445425258098993
2006-10-31,0.00025117932895948506,0.07556733365322772,-0.008123258552113367,8.293471168836304e-05,-0.1448165839171612,0.0024422990742470826
2006-11-01,0.0002511807961503421,0.07558549696038476,-0.008120428839278637,8.288377110207877e-05,-0.14479129525362222,0.0024411077363019618
2006-11-02,0.0002511633352658929,0.07560401085390268,-0.008118312120721307,8.289769991166643e-05,-0.1447999053679358,0.002438923091306964
2006-11-03,0.00025121827866555444,0.07562358168199092,-0.008116106937438484,8.295597558179591e-05,-0.14477153216851701,0.0024364243565795467
2006-11-06,0.00025123290448513024,0.07565044675918627,-0.008114065218771895,8.278519116520571e-05,-0.14477348717280136,0.002433052609433147
2006-11-07,0.00025119548726317193,0.07567026648742133,-0.008110779658400737,8.271725322633798e-05,-0.14475069211062397,0.002430968991792274
2006-11-08,0.0002511496676465297,0.07568971677677025,-0.008108861880704513,8.256573376655618e-05,-0.14471531197611354,0.002429384181375948
2006-11-09,0.00025113840217085443,0.07571293585087951,-0.008105970496528383,8.263255939630406e-05,-0.1446725479462564,0.002428489694811977
2006-11-10,0.00025103784156356424,0.07572967457775438,-0.008103604285536553,8.260260996180552e-05,-0.14460028398589395,0.0024265313174714844
2006-11-13,0.00025103850408457115,0.07574811202223251,-0.008101002310274797,8.240177023384637e-05,-0.14456460448874014,0.0024247876568466516
2006-11-14,0.0002510935561230483,0.07577038058535988,-0.008098792901926784,8.24092055436091e-05,-0.14460251935663798,0.0024226266366927708
2006-11-15,0.000251111982808075,0.0757858551080533,-0.00809653005676564,8.228207323155073e-05,-0.14456305213051718,0.0024201880398899344
2006-11-16,0.000251113267645136,0.07580503221976588,-0.008094709420836172,8.22374557321514e-05,-0.14455356955947668,0.002417801507526454
2006-11-17,0.0002511329341448148,0.07582408836413215,-0.008092167107084594,8.222503874733454e-05,-0.1445237175114647,0.002415443743587206
2006-11-20,0.00025112092412160993,0.07584709738027064,-0.008089991672616564,8.21726697218203e-05,-0.1444848532609695,0.0024126571065740308
2006-11-21,0.00025109959465853543,0.0758687735507705,-0.008086755424522255,8.218079194152523e-05,-0.1444574909080728,0.002410891488546344
2006-11-22,0.0002511928776611865,0.07588443726400478,-0.008083849715118612,8.21422781073169e-05,-0.14440652202080223,0.002409353305098711
2006-11-27,0.00025116575676926463,0.07590135428167412,-0.008080636846004076,8.200787847097343e-05,-0.14443740781323852,0.0024076803031755386
2006-11-28,0.00025112877003017573,0.07592140774321893,-0.00807794148702305,8.19926148509505e-05,-0.14439277470195275,0.0024062661130158426
2006-11-29,0.0002511118075404274,0.07594477525056001,-0.008073913385568687,8.205006031124904e-05,-0.14433599829849314,0.002404298672359496
2006-11-30,0.00025116970720550654,0.0759652685034723,-0.008071802747393445,8.202394727110452e-05,-0.1442790813450041,0.0024029296365546057
2006-12-01,0.00025116619942426463,0.07599090625258413,-0.00806930570296088,8.203663167736638e-05,-0.14428776836462343,0.0024011642461249333
2006-12-04,0.00025115630055731536,0.07600629812877903,-0.008066858365671788,8.215440170430662e-05,-0.14425361440573725,0.002399412406799029
2006-12-05,0.0002511523507961647,0.07602051108603425,-0.008063829066947931,8.207615527148209e-05,-0.14422481929096292,0.002396914676064249
2006-12-06,0.0002511540162765339,0.07604262978982518,-0.00806041291267577,8.20730063370962e-05,-0.14424205933906403,0.002394570041373796
2006-12-07,0.0002511978189632485,0.07606207114351032,-0.008057108383005447,8.199689327637379e-05,-0.1442051032576197,0.0023921935791572767
2006-12-08,0.00025113929458478104,0.07608646097892403,-0.008054009529226558,8.183064765919068e-05,-0.1441823565857126,0.0023892162578490936
2006-12-11,0.00025116314327522284,0.07610869541613607,-0.008050789292624648,8.175980814087102e-05,-0.14415329249079473,0.002387157616023772
2006-12-12,0.0002511538445333178,0.07612176936860443,-0.008048796424563805,8.187120770402053e-05,-0.14408237886882064,0.002385816108528429
2006-12-13,0.00025120327603216715,0.07614180127376262,-0.008046135675062814,8.204554938691186e-05,-0.14407931607442687,0.0023831475437243624
2006-12-14,0.0002511674142866753,0.07616325385463855,-0.00804413552519099,8.220468835622108e-05,-0.14408358494964688,0.0023813955664733887
2006-12-15,0.0002511034229724242,0.07617941728102991,-0.00804103011471715,8.210173300256044e-05,-0.14408687498163347,0.0023795698212473967
2006-12-18,0.0002511537499871826,0.07620328466076576,-0.008038448654914206,8.219267068139283e-05,-0.1440828815243157,0.0023792745458106413
2006-12-19,0.00025109380810449844,0.07622032910114956,-0.00803610983345084,8.229706011187522e-05,-0.14407500632914672,0.0023770767366858613
2006-12-20,0.00025107625511495486,0.07623948771643305,-0.008033270435176224,8.235398331335126e-05,-0.1440133123749173,0.0023745012551746342
2006-12-21,0.0002510264629450958,0.07626087864407038,-0.008030650569560809,8.212045608550407e-05,-0.14399752458252157,0.0023717786806832135
2006-12-22,0.00025101672401475793,0.07627437146068311,-0.008028038113448285,8.194192329801071e-05,-0.1439364387176437,0.0023698042449337374
2006-12-27,0.0002510468858618195,0.07628910888062088,-0.008026454121528607,8.192072211314043e-05,-0.14390890375945592,0.0023682193039145766
2006-12-28,0.00025108458259402386,0.07631148635695453,-0.008023150410601539,8.196619181526253e-05,-0.1438636325036003,0.002366111270842797
2006-12-29,0.0002510600682525847,0.07633530634296234,-0.008020541461522911,8.180048311142642e-05,-0.14380891975922683,0.002364333137085236
2007-01-04,0.00025108333617534655,0.07635174957607686,-0.008017433762811579,8.178434420003242e-05,-0.14377608617251714,0.002362719349053937
2007-01-05,0.00025114537869135294,0.07636930333630157,-0.008014175723930612,8.175272573167103e-05,-0.14373033079350336,0.0023606540627747067
2007-01-08,0.00025115991567043784,0.07639238792360632,-0.008011430564242656,8.18784514069596e-05,-0.1436990534285461,0.002358028874857654
2007-01-09,0.0002511925690281183,0.07640963133038331,-0.008008519166063188,8.183651914599634e-05,-0.14367799385423657,0.00235639937427824
2007-01-10,0.0002512168453859461,0.0764224083028279,-0.008006354270090698,8.18675687071659e-05,-0.143668955239664,0.0023540067849577187
2007-01-11,0.00025119556553042095,0.07644015318000025,-0.008004312709571242,8.18427361551422e-05,-0.1436131315559156,0.0023514989279811685
2007-01-12,0.00025118300528839774,0.07645117483718994,-0.00800167247964322,8.165451746774815e-05,-0.14359200649974402,0.002348737512267846
2007-01-17,0.00025115640510331124,0.07646751095225457,-0.00799944114165182,8.165176648032572e-05,-0.14356668811059098,0.0023473512476118903
2007-01-18,0.00025111121210388035,0.07648761418607206,-0.007996608012971885,8.166975085263582e-05,-0.14354293298626375,0.0023454525808031266
2007-01-19,0.00025109923688661955,0.07650988443557868,-0.007994461221275513,8.161941895143753e-05,-0.14351058940247338,0.0023439911677360812
2007-01-22,0.00025101635881623395,0.0765312568141749,-0.007990965151221937,8.161199795528613e-05,-0.1434915444204481,0.0023433069024407956
2007-01-23,0.00025097196786624126,0.07655569572992037,-0.007988412542153213,8.169238626906443e-05,-0.14343442222388875,0.0023415387692011735
2007-01-24,0.0002509933669942404,0.07657556186129466,-0.007985896891356653,8.166534206358674e-05,-0.14341959596161744,0.0023389429844875645
2007-01-25,0.00025100189022137366,0.07658986707927166,-0.007983190455066543,8.172226713157065e-05,-0.1433513020701369,0.0023374302795884615
2007-01-26,0.00025102494246343637,0.07661751858272892,-0.007980848838004203,8.173828575434961e-05,-0.143320968214891,0.002335491397403217
2007-01-29,0.00025102458344046345,0.07663502287081286,-0.007978012129059388,8.174016456181686e-05,-0.14332014343480656,0.0023329958828283755
2007-01-30,0.0002509897198993957,0.07665583236465771,-0.007974629477475917,8.189949505302224e-05,-0.14330135827831972,0.0023317417883139476
2007-01-31,0.0002509186177910006,0.07667589822377567,-0.00797136641053397,8.200336054380043e-05,-0.1432713252382587,0.0023290447231301835
2007-02-01,0.000250937754567295,0.07669634513846027,-0.007969062225469769,8.194846303780319e-05,-0.14318874878021065,0.002328521784314594
2007-02-02,0.0002508712658694567,0.07671821431219562,-0.00796638403029417,8.182445752254644e-05,-0.1431573212703559,0.002328594273662166
2007-02-05,0.0002508605816202925,0.0767383045794901,-0.00796376174583104,8.178382554974633e-05,-0.14315002262795234,0.002326778861932394
2007-02-06,0.0002508377689218991,0.07675394003992872,-0.007961255364639378,8.15890888331057e-05,-0.14307149963043653,0.0023248187232590184
2007-02-07,0.00025079501033499637,0.07677881575256143,-0.007959146621944314,8.175340314115166e-05,-0.14307574079692964,0.0023229850779409584
2007-02-08,0.0002507992633913063,0.07679685407824081,-0.007956718500290668,8.169929321740614e-05,-0.1430124340476015,0.002321031838952112
2007-02-09,0.00025076938160225,0.07681890586526018,-0.007953942359683046,8.15645092552036e-05,-0.1430101567384789,0.0023191580281033807
2007-02-12,0.00025075615845218023,0.07683899350109337,-0.007951862078201768,8.1512365798725e-05,-0.14291736858824472,0.0023182546782495018
2007-02-13,0.0002507605773127507,0.07685797807129037,-0.007948683478108409,8.150578824165936e-05,-0.14294574761948856,0.0023172408929728436
2007-02-14,0.0002507191876997765,0.07688137315287605,-0.007946165213105108,8.167791893334483e-05,-0.14289918228951995,0.002313784890672769
2007-02-15,0.00025062510532452507,0.07690342014823792,-0.007943388359774966,8.178694570322269e-05,-0.14285435119561257,0.0023107960434662527
2007-02-16,0.0002506357864045904,0.07692834762755618,-0.007941011334328448,8.174613802549824e-05,-0.1428078386753988,0.002309396943402752
2007-02-21,0.00025066667703820125,0.0769518311545236,-0.007938742692822109,8.166832909288232e-05,-0.14281888425721773,0.002307560407117946
2007-02-22,0.00025061562173421135,0.07696573219575217,-0.007935508382678438,8.160854160779836e-05,-0.14275056951102985,0.0023059864543835645
2007-02-23,0.0002505880203631414,0.07698291882501868,-0.007932855596734349,8.162330561740588e-05,-0.14268708743452196,0.002304055752745035
2007-02-26,0.000250582954221315,0.07700034227292891,-0.007930290573785942,8.174771930925516e-05,-0.14263750206582554,0.002301581546023477
2007-02-27,0.0002506192921131835,0.07702346132007525,-0.007927859016712353,8.189934416055858e-05,-0.14256287158150843,0.002299839417552822
2007-02-28,0.00025062779557103414,0.07704332246008297,-0.007924604708191915,8.194773407009165e-05,-0.14253582915239377,0.002297653581482362
2007-03-01,0.0002505608920628479,0.07706693353318897,-0.007922205246506641,8.182266290576724e-05,-0.14252579501365742,0.002296161207332902
2007-03-02,0.00025055443690594464,0.07708850410181572,-0.007918926975626772,8.189123816468896e-05,-0.1425137674115423,0.002293728739785167
2007-03-05,0.0002505295172925454,0.07710742713570845,-0.007916096552537449,8.171109956394013e-05,-0.14247657111326986,0.002291393233321471
2007-03-06,0.0002505452072545954,0.0771316941872348,-0.007913233794096438,8.150532863346796e-05,-0.1424251771415363,0.0022896423705369468
2007-03-07,0.0002505102505437279,0.07714805414597285,-0.007911202240164195,8.130264343853084e-05,-0.14235119538120228,0.0022892143138939225
2007-03-08,0.00025060457607742684,0.07716313537933257,-0.007907803327072924,8.116241894620228e-05,-0.14230585196464426,0.0022879980898440153
2007-03-09,0.0002506444768196654,0.077183484472817,-0.007904435089598772,8.106164205422434e-05,-0.1422427806413106,0.002286482805505238
2007-03-12,0.0002506694716871622,0.07719772011723938,-0.007901606723012412,8.103084420080036e-05,-0.1422201052772889,0.0022840639262972813
2007-03-13,0.00025068083016357957,0.07721890967255879,-0.007899869924987127,8.115732849228179e-05,-0.14217642987953288,0.0022823987766405276
2007-03-14,0.00025063756234816235,0.07723898771323286,-0.007897090176192606,8.122729511585438e-05,-0.14215262728492617,0.002280427966457838
2007-03-15,0.0002506565007021343,0.07725530860893545,-0.00789436287308255,8.130720357809907e-05,-0.14208987718782737,0.002279228222575811
2007-03-16,0.0002506277037705859,0.07727139991277324,-0.007892592982016777,8.144464312484845e-05,-0.1420550884999432,0.0022783796758414736
2007-03-19,0.00025059326146334226,0.07729030407430457,-0.007890705147971857,8.126824538137122e-05,-0.14201032190194218,0.002276669953213561
2007-03-20,0.0002506196309750676,0.07731068503964279,-0.007888336934755916,8.109470413121069e-05,-0.14198120826288343,0.0022746624614134285
2007-03-21,0.00025059417147785154,0.07733014678781006,-0.007886332140694745,8.104036253208341e-05,-0.14195764604841854,0.0022733657677713377
2007-03-22,0.0002505578045557576,0.07734596661894128,-0.007882778594524803,8.103928483553899e-05,-0.141949320824812,0.0022718724675947076
2007-03-23,0.0002505002388854773,0.07736303778657987,-0.007879880680157736,8.098200091740312e-05,-0.1419099543871422,0.0022709101069956325
2007-03-26,0.0002505421150393558,0.0773812950499207,-0.00787737184017108,8.078333662923712e-05,-0.1418640649540377,0.0022701677940634574
2007-03-27,0.00025054660964542793,0.07739719994909891,-0.00787358690005595,8.072024260539102e-05,-0.14184803643515023,0.0022696280707918885
2007-03-28,0.0002504734111933299,0.07741851656157252,-0.007870935141894993,8.068608500512358e-05,-0.14183683604004083,0.002267784940817818
2007-03-29,0.0002505009845521409,0.07743572780757146,-0.007868291215983326,8.086254598402986e-05,-0.1418105917716994,0.002267292030788196
2007-03-30,0.000250481244680077,0.07745409229672036,-0.007864829620476193,8.087865429265876e-05,-0.14179051910948237,0.002266034925703272
2007-04-02,0.0002504810675951155,0.07747572891852948,-0.00786272078109866,8.080556177423231e-05,-0.14178431366708433,0.0022641875578456
2007-04-03,0.00025049269242747435,0.07749638747448313,-0.007859836049179341,8.067015432777481e-05,-0.14176790251210236,0.00226190988430073
2007-04-04,0.00025041203534466344,0.07751509953777347,-0.007856700086461225,8.0596517287086e-05,-0.1417527357571008,0.002259339555412844
2007-04-05,0.00025040488716198653,0.07753661352599907,-0.007854092809273986,8.061161566168918e-05,-0.14174111390621189,0.0022567113292794533
2007-04-10,0.00025036275050122146,0.0775537253480352,-0.00785091217940647,8.04493886846705e-05,-0.14172431035164781,0.002255129237285922
2007-04-11,0.0002503607754144678,0.07757405858299671,-0.007848589294203612,8.040818595056199e-05,-0.14170286555968326,0.002253807541734615
2007-04-12,0.00025035517560066797,0.07759088398654301,-0.00784621996265213,8.047231245157462e-05,-0.14170547488400276,0.0022527341129355517
2007-04-13,0.0002503237756470525,0.07761177885603292,-0.007844046129706128,8.049832676387135e-05,-0.1417203487663684,0.0022511356905962694
2007-04-16,0.00025029585104048124,0.07763470201941212,-0.007842611014512368,8.026793829140912e-05,-0.14168044254727033,0.002249491796487723
2007-04-17,0.00025023807591530986,0.07764826908694107,-0.007840120810029598,8.035032075457507e-05,-0.1416609143080596,0.0022478808468171644
2007-04-18,0.0002501477753009192,0.07766572775389093,-0.007837512881108287,8.05278211724991e-05,-0.14164273284235418,0.002246654553868711
2007-04-19,0.0002500820146473389,0.0776767258404418,-0.007834611621476206,8.05126922534977e-05,-0.1416221028442859,0.0022456536329973176
2007-04-20,0.00025007329645367125,0.07769175805766503,-0.00783185125592229,8.056860970408712e-05,-0.14160753363694784,0.0022438688534977356
2007-04-23,0.0002500496605469134,0.07771049056763174,-0.007829126160241406,8.069328430154083e-05,-0.14155161374133424,0.0022422238891973674
2007-04-24,0.0002499994080666413,0.07772426458875446,-0.007826189083875815,8.069067472282326e-05,-0.14151506826164303,0.002240721746360074
2007-04-25,0.0002498941246682978,0.07773721540486844,-0.007823885083499581,8.072083539400492e-05,-0.14147791006495475,0.0022391425736018435
2007-04-26,0.0002498048775722508,0.07774988906145076,-0.007821751639880376,8.065059190635227e-05,-0.14148835067271048,0.002238342860417915
2007-04-27,0.00024974282729411517,0.07777280778334343,-0.007818548536843087,8.058543191749176e-05,-0.14148009161633474,0.002236690793447007
2007-04-30,0.0002497400810113624,0.07778978991667931,-0.007815783143089679,8.066366083613249e-05,-0.14145471400267162,0.0022356121193288165
2007-05-01,0.0002496298914866271,0.07780465456999976,-0.00781388586779268,8.068610294565739e-05,-0.1414487905205317,0.0022343531752816214
2007-05-02,0.0002496392430329469,0.07782807039216982,-0.007810985260756014,8.084959387685455e-05,-0.14139545264809442,0.0022320067561536643
2007-05-03,0.00024964335038413216,0.07784342373954979,-0.007808121589709757,8.077525856749565e-05,-0.14139260987484967,0.0022306898038652713
2007-05-04,0.00024968305142831126,0.07786137569231749,-0.007806484432481965,8.071325446398398e-05,-0.14137834308334618,0.0022291545922976737
2007-05-07,0.0002496786875779134,0.07788246110390283,-0.00780347286112738,8.076083687583489e-05,-0.14134839042889524,0.0022280991981120705
2007-05-08,0.00024962015072706536,0.07789860358893881,-0.007801286056503926,8.087087345007493e-05,-0.14130342415758967,0.0022261384952567144
2007-05-09,0.0002496040266317638,0.07791835545842761,-0.007798558925217685,8.083250481023596e-05,-0.14129689776254048,0.002224194080297778
2007-05-10,0.0002495831152004214,0.07794320235870883,-0.007796691424393714,8.088550153694627e-05,-0.14125744693487177,0.0022217895489555707
2007-05-11,0.0002494640956485043,0.0779669611734759,-0.007794721099552731,8.090734599334872e-05,-0.1412615018300144,0.002220245675750875
2007-05-14,0.0002494794016919806,0.07798085349375801,-0.007792277192571404,8.096028242108275e-05,-0.14121999948541117,0.0022186234020239756
2007-05-15,0.00024944489374506855,0.07800121271271696,-0.007789596582981294,8.088782470521518e-05,-0.14122144079345839,0.0022169199925048183
2007-05-16,0.0002494182247816817,0.07802301470541712,-0.007786630208615612,8.088534064335457e-05,-0.14116276189982765,0.002215034540125221
2007-05-17,0.00024946564761480373,0.07803713584704351,-0.0077837685503735895,8.089249870385592e-05,-0.14113142059065126,0.00221352191398519
2007-05-18,0.0002494578979470936,0.07805036067368507,-0.007780665998005673,8.094558420252687e-05,-0.14109519312139995,0.002211019599182689
2007-05-21,0.000249473478891068,0.07806829470321434,-0.007778087033644212,8.087551091640025e-05,-0.1410590944110004,0.0022099986512895803
2007-05-22,0.00024949898591547693,0.0780857404992879,-0.007775127303576962,8.064984998424665e-05,-0.14109610165239916,0.002209683237496044
2007-05-23,0.0002494327109544175,0.0781061846184957,-0.007773144910309043,8.060355532070254e-05,-0.1410439015568933,0.002208779109189126
2007-05-24,0.00024942520727444766,0.07812696944009095,-0.007770793949225664,8.056204247874716e-05,-0.1409973873526888,0.0022067887999757526
2007-05-25,0.00024945257320907243,0.07814269279594203,-0.007769197977833338,8.068686692344886e-05,-0.14096043666153701,0.0022053118666315453
2007-05-30,0.00024941638473484465,0.0781578807895824,-0.0077664342309305846,8.073339205869835e-05,-0.14093204321451902,0.002203354003459822
2007-05-31,0.00024938888602490586,0.0781796910000407,-0.007763490397610444,8.071981039770312e-05,-0.14095421270399644,0.002201342006963254
2007-06-01,0.000249326606341835,0.07819607174182931,-0.0077614494420790575,8.075590452406823e-05,-0.14094271244582893,0.002200046114546078
2007-06-04,0.00024937228910589134,0.07820619613777524,-0.007758792555260713,8.068701338977123e-05,-0.1409195634222667,0.002198465332037639
2007-06-05,0.0002493959938449473,0.07822070938314532,-0.0077561819698765385,8.055854140758928e-05,-0.14083868321696108,0.0021959387640070847
2007-06-06,0.0002493612997520793,0.07824045516347908,-0.007754314968670401,8.040571498009698e-05,-0.14083868695279894,0.0021938899599311702
2007-06-07,0.0002493231996247094,0.07825214484837213,-0.0077520411445295145,8.047506745929195e-05,-0.14086874142001093,0.002192336125431318
2007-06-08,0.00024932589606273205,0.07827166719808133,-0.007749875203820114,8.04537427481905e-05,-0.14085895493455722,0.0021910966000625452
2007-06-11,0.0002492808134038696,0.07828514383953875,-0.007747463912667188,8.039963543955509e-05,-0.14081073471486838,0.002189576906300837
2007-06-12,0.00024924347982745404,0.07830097535077923,-0.0077443125169015395,8.045710114559507e-05,-0.1408378487510319,0.0021879237180685417
2007-06-13,0.00024917790201545913,0.07831818120547776,-0.007740829583725684,8.051988910785553e-05,-0.14079156964914896,0.002186455280726061
2007-06-14,0.00024917263074259187,0.0783376476395445,-0.007737956555160039,8.051374689917602e-05,-0.1407466724150625,0.0021850582036737395
2007-06-15,0.0002491540700197907,0.0783575304591403,-0.007734925957478992,8.038738836984566e-05,-0.14073191209245728,0.0021825739862892774
2007-06-18,0.0002491777471063815,0.07837129559148016,-0.007731880495549944,8.042110995495642e-05,-0.1407456691942215,0.002179553287383607
2007-06-19,0.00024918669652011354,0.07838909209620804,-0.007728813403249516,8.038372795513689e-05,-0.14072311020321654,0.002177926283461367
2007-06-20,0.0002491599796020249,0.07840600993558214,-0.007726615514471264,8.045646752735432e-05,-0.14066963300703517,0.002175904965179606
2007-06-21,0.0002491036648028785,0.07842241618171598,-0.007723813119402026,8.034715074717479e-05,-0.14063613713204032,0.002173879636022936
2007-06-22,0.00024907653027395407,0.07843844006652288,-0.007721788750691764,8.033321644565983e-05,-0.14063387758684548,0.002172616041403094
2007-06-25,0.00024897992639150656,0.07846506028116822,-0.007719009502321591,8.042863027627824e-05,-0.14065818207935,0.0021706778859426224
2007-06-26,0.00024891335837971405,0.07848798278916744,-0.007716192440599958,8.0359562524949e-05,-0.14062067285865937,0.0021685962032232686
2007-06-27,0.0002488316259493235,0.07851564387838256,-0.007713613148153895,8.040584154983276e-05,-0.14058084802748894,0.0021669629255248605
2007-06-28,0.00024883985990023397,0.07853889853648029,-0.007710966070703736,8.049430866973486e-05,-0.14056102934859183,0.002164822083944573
2007-06-29,0.0002487424447527286,0.07856221352778645,-0.0077085396616528344,8.051465444696454e-05,-0.1405800331550062,0.002162884342613971
2007-07-02,0.0002487026994181923,0.07857917553560395,-0.0077054366176171046,8.064897585073377e-05,-0.14051517611067535,0.0021606556228297865
2007-07-03,0.0002486967494956013,0.0785945446310509,-0.0077033652134606235,8.065251965726123e-05,-0.14057174827943697,0.0021589977695557227
2007-07-06,0.0002486227343501128,0.0786128090284765,-0.007700562298331461,8.077480138163447e-05,-0.14060021704936848,0.0021570869627436174
2007-07-09,0.00024862788062147626,0.07863517420231936,-0.007698358260955449,8.077048880248362e-05,-0.14061888043470108,0.002155750402664537
2007-07-10,0.00024856025772143343,0.07865379986062201,-0.007695993921204906,8.100913846983453e-05,-0.14063945158825314,0.002153311388622269
2007-07-11,0.000248509053716783,0.07867762963904561,-0.007693361844097622,8.10727674440897e-05,-0.1406605252977799,0.0021514681926861567
2007-07-12,0.0002484777113697299,0.07869532730202228,-0.007690960563171063,8.137145012491486e-05,-0.1406546123430461,0.0021480405961493755
2007-07-13,0.0002484179451994489,0.07871581873546976,-0.007688578055287254,8.156965592752618e-05,-0.14064587219963604,0.0021447792770173265
2007-07-16,0.00024837092738547466,0.07873611597101604,-0.007685283347308878,8.180356774548035e-05,-0.1406862330951606,0.0021432482212110195
2007-07-17,0.00024830916763924845,0.07875854330729563,-0.0076834796931241995,8.180905203694839e-05,-0.14069126303567883,0.0021410204572658784
2007-07-18,0.0002483311570818944,0.07877400175445683,-0.007680958726676896,8.191900428527107e-05,-0.14063948887045113,0.002137952168037768
2007-07-19,0.00024826294299617037,0.07879350345097509,-0.007677979818296488,8.193161853947478e-05,-0.14063346701760793,0.0021343114219936126
2007-07-20,0.0002481822191227068,0.07881029301735111,-0.007675383923814435,8.207727387747054e-05,-0.14059839026523757,0.002132448342816068
2007-07-23,0.0002481172082424484,0.07882534784744523,-0.007672704188046731,8.223473764490996e-05,-0.14057435187368522,0.002130035600730031
2007-07-24,0.000248021855092249,0.07884821131295279,-0.007669748453036814,8.233967861617761e-05,-0.1406009723264716,0.0021274665118316957
2007-07-25,0.00024791704155281496,0.07886990471242894,-0.007666725542268251,8.245135407460651e-05,-0.1406255169205077,0.00212481117208399
2007-07-26,0.0002479137393804404,0.07888707863128651,-0.007664443968032966,8.267384456342241e-05,-0.14060978181414513,0.002122387357151979
2007-07-27,0.0002478063285488897,0.07890874320760052,-0.007662623976561587,8.278991238281124e-05,-0.14061143732319595,0.002120607588702501
2007-07-30,0.0002478103089232904,0.07892953260786932,-0.007659658378601452,8.29762712176667e-05,-0.1406167839367141,0.0021180196012226572
2007-07-31,0.0002477539544905791,0.07894961913225108,-0.0076571475019133915,8.299313008743243e-05,-0.14064418737491705,0.0021155425176723995
2007-08-01,0.000247741298216799,0.07896507630902082,-0.007654907674593503,8.307329708626888e-05,-0.14060015362582068,0.002113108203938513
2007-08-02,0.0002477103705641128,0.07898371087678843,-0.007652150830609709,8.330476205582678e-05,-0.14057381298384403,0.002109383671680741
2007-08-03,0.0002476301515004238,0.07900778069674597,-0.007649590853672545,8.343347526003978e-05,-0.1405942095193632,0.002105951940267775
2007-08-06,0.0002475904593177349,0.0790285019905764,-0.007646597502532028,8.355196935795801e-05,-0.14060713009564352,0.0021033237655518414
2007-08-07,0.00024753644657676973,0.0790554634872945,-0.0076428172389077405,8.359069253639241e-05,-0.14061385073009994,0.0021005291061283824
2007-08-08,0.00024743007899007753,0.07907826649392435,-0.007640179757687456,8.353282482148703e-05,-0.14058326933954357,0.002098039111814956
2007-08-09,0.0002473943293725735,0.07910573913109593,-0.007636997639861763,8.370655025788765e-05,-0.1406117750633984,0.002095010716641839
2007-08-10,0.00024734899815551494,0.07912391671727702,-0.007634019723982848,8.369654974842123e-05,-0.14061766486050908,0.0020921146878969676
2007-08-13,0.0002473195174914105,0.07914193943292429,-0.007631272280942137,8.36506724059844e-05,-0.14065844183710235,0.0020902834261372423
2007-08-14,0.00024726891147787135,0.07916610197326887,-0.007627830263078778,8.376970207310734e-05,-0.14066839631765293,0.0020887625627966843
2007-08-15,0.0002471687107694615,0.07918447554784114,-0.007624759726833455,8.383235066381983e-05,-0.14064628575781168,0.002085588455627112
2007-08-16,0.0002471522497540566,0.07920828995808973,-0.00762248899880336,8.38996706078999e-05,-0.14063646507182848,0.002082623117497807
2007-08-17,0.00024711414340029185,0.0792294413462904,-0.007620334205176749,8.403239137534776e-05,-0.14060475739066058,0.0020796776772260875
2007-08-20,0.0002470545229574554,0.07925009114576889,-0.007618385109656547,8.416003503680669e-05,-0.14059341204274814,0.002077000306712121
2007-08-21,0.0002470006448248918,0.07927179063806808,-0.007615171654931533,8.423008611469061e-05,-0.14061585541500235,0.0020739003330447025
2007-08-22,0.00024691052969969094,0.07929223953261746,-0.007611836656783814,8.430196335139902e-05,-0.1405740139638666,0.002071457023064139
2007-08-23,0.0002469556648809847,0.07931748942911906,-0.007609752591954972,8.426920342425847e-05,-0.14053276846562035,0.002068270332881573
2007-08-24,0.00024690359276441885,0.07934141522233609,-0.007607041677745011,8.422426007849943e-05,-0.14054042754736426,0.0020659149068983224
2007-08-27,0.0002468442066428631,0.07936449892768334,-0.0076038861432762015,8.426663865300781e-05,-0.1405666839480243,0.002063101811133942
2007-08-28,0.0002467723732602863,0.07938685770803294,-0.0076004159585332885,8.442892010992651e-05,-0.1405656270955381,0.0020612749411442924
2007-08-29,0.000246762263191682,0.07940424387054824,-0.007596852155194306,8.453710375403422e-05,-0.1405757968889001,0.002058941881235419
2007-08-30,0.00024672229758964406,0.07942285116785065,-0.007593680979809082,8.458729015338649e-05,-0.14056834649683345,0.0020559669671470363
2007-08-31,0.00024669588765693825,0.07943836547627933,-0.00759086393101329,8.45693419596771e-05,-0.14055660057209812,0.002053984457182609
2007-09-05,0.00024662107206311685,0.07945666262454089,-0.007587918096489095,8.470274021410928e-05,-0.14057526732703113,0.0020523112114367997
2007-09-06,0.0002465964495480836,0.07947355637942885,-0.007585148480719986,8.488446426217846e-05,-0.14056153621093082,0.0020501156438368505
2007-09-07,0.0002465136771059129,0.07949554502599152,-0.0075824187876619865,8.496902557946618e-05,-0.140610557160404,0.0020473376755278483
2007-09-10,0.0002464757998886869,0.07951220613988473,-0.0075800084959098,8.51570936519413e-05,-0.14063420709369986,0.0020443408748527002
2007-09-11,0.00024647131270047164,0.07953287421190226,-0.007577224089398524,8.533125857503142e-05,-0.14069933387513356,0.0020411781463009343
2007-09-12,0.0002463680864553526,0.07955357676819168,-0.007575115691661833,8.543856085536695e-05,-0.1407387835768692,0.0020386252308177647
2007-09-13,0.0002462823201998081,0.07957327229967819,-0.007572430380621447,8.534378608147594e-05,-0.14071585499651884,0.002036759705398283
2007-09-14,0.00024626687130934485,0.07959712254405094,-0.007569478846338411,8.550154914322604e-05,-0.14071069967497696,0.002034993450801541
2007-09-17,0.00024627655365614954,0.07961781554433331,-0.007567045067668117,8.562773758199767e-05,-0.140715237561728,0.0020333582081206347
2007-09-18,0.0002461942015312828,0.07964278898993261,-0.00756334584031914,8.57717245863049e-05,-0.14069559399309886,0.0020295828278852307
2007-09-19,0.00024609933535794286,0.07965867876900584,-0.007560176106562316,8.575149746976552e-05,-0.14069371185989543,0.002026658953308503
2007-09-20,0.00024603833238972866,0.07967810683668325,-0.0075578306553018525,8.58842907666457e-05,-0.14067947715876516,0.0020247543216835666
2007-09-21,0.0002459311538640802,0.07970705047911529,-0.007556097443593742,8.592578164684416e-05,-0.14071988208885777,0.002022059330909144
2007-09-24,0.0002459001670451152,0.07972516686713137,-0.007552972874533404,8.595597229727957e-05,-0.1407476866977337,0.002020225401688615
2007-09-25,0.0002458887503094097,0.07974747637308262,-0.007549983337870963,8.601171930675127e-05,-0.14074444640264683,0.0020180114456135752
2007-09-26,0.0002458603452718038,0.07977812958058796,-0.0075472337677296285,8.596383140628909e-05,-0.14075636889320464,0.0020159371899236204
2007-09-27,0.0002458076954447877,0.07979846437402247,-0.007543101065901335,8.614215205129467e-05,-0.14079017346928074,0.0020128933227430367
2007-09-28,0.00024574602693853997,0.07981523746049286,-0.007539763593864587,8.618947530874718e-05,-0.14083649988289387,0.002010173873178595
2007-10-01,0.00024561091804664473,0.07983425278650919,-0.007537347932285963,8.615064584847884e-05,-0.14087636832928713,0.0020070222227876497
2007-10-02,0.00024549857371757526,0.07985776344489064,-0.007533959014408899,8.612998257811719e-05,-0.1409085743892347,0.0020057245766170813
2007-10-03,0.00024538599947278756,0.07987312903731625,-0.007530858710705641,8.602103971468343e-05,-0.1408937987876513,0.0020035846159097963
2007-10-04,0.0002452918349586365,0.07990144495353359,-0.007528657366731533,8.610503131302185e-05,-0.14093118026332718,0.002001877071580243
2007-10-05,0.0002451646568863307,0.07992027897339643,-0.007527307714589512,8.616134157739482e-05,-0.14098843967807234,0.001999404651163837
2007-10-10,0.00024510663593691026,0.07994423446158407,-0.007524587360645524,8.630767555448724e-05,-0.1410199559676768,0.0019964763029250675
2007-10-11,0.00024505178752570495,0.07996427749368526,-0.007521128752169291,8.644987564647415e-05,-0.14106751918860816,0.001993465944574732
2007-10-12,0.00024506000512141546,0.07998376470714359,-0.007518467030933633,8.64839647373502e-05,-0.14108642847974345,0.0019907278151377306
2007-10-15,0.0002449577215862996,0.08000237758561597,-0.0075158493166209,8.661719568548878e-05,-0.14109815575519563,0.001987741108814643
2007-10-16,0.00024489335951232967,0.08002152684803078,-0.007512598972110998,8.676570575569415e-05,-0.1411225153340992,0.0019855409977730266
2007-10-17,0.0002448301641619009,0.08004763378220339,-0.007510318837303791,8.686081348002712e-05,-0.1411848931338301,0.0019824892988051647
2007-10-18,0.00024470830319146103,0.08006380603266011,-0.007507553804166725,8.697345533513717e-05,-0.14123962665641396,0.001980691672165869
2007-10-19,0.00024465586893337315,0.08008123051690909,-0.007504696973996326,8.713434228521688e-05,-0.14130775456264794,0.0019795272374993327
2007-10-22,0.00024456384232951305,0.08009866148040892,-0.007502019668566321,8.72955077955637e-05,-0.14142173570846597,0.0019759332494417225
2007-10-23,0.00024455066236444195,0.08011749862909817,-0.00750015228646841,8.737686351271348e-05,-0.14145276018483166,0.0019735207405491987
2007-10-24,0.00024447316448467733,0.08013964499675529,-0.0074982078376138435,8.748879384059292e-05,-0.1414727146131196,0.001971119536151158
2007-10-25,0.00024433830185456015,0.08015879318773647,-0.007495625465975077,8.745957510748562e-05,-0.14150457067834818,0.001967985667037314
2007-10-26,0.0002442561038767943,0.08018258624426183,-0.007492002898348171,8.749001319554244e-05,-0.14154438956077564,0.001965676784632395
2007-10-29,0.0002441783147283591,0.08020435980682347,-0.007489186997774292,8.755537561184242e-05,-0.14157663127390951,0.0019629098312576717
2007-10-30,0.00024411578414171498,0.08021764003870238,-0.0074878913246249805,8.7764127622166e-05,-0.14160446297265272,0.001960280975666772
2007-10-31,0.00024399470691657897,0.08024322914119895,-0.007485992548522458,8.786701177184731e-05,-0.14161778483883355,0.0019586225989293516
2007-11-01,0.0002439529796672195,0.08026269539550955,-0.007483689509574658,8.77877881711597e-05,-0.14159556883596514,0.001957042216609218
2007-11-02,0.00024385670951591407,0.08027939912359795,-0.0074811572890453575,8.779245904714013e-05,-0.14164189746147007,0.0019548107663336263
2007-11-05,0.0002438600256255848,0.08029586587044878,-0.007477920262339434,8.793647170937449e-05,-0.14165351789926098,0.0019518555869394868
2007-11-06,0.00024376903535355243,0.08031771974759076,-0.0074750932601901025,8.814746018131215e-05,-0.14170088866508485,0.00194827524386396
2007-11-07,0.00024368101841600666,0.08033227190678863,-0.007471639747066874,8.81697976015677e-05,-0.14174127331386915,0.0019461640556853658
2007-11-08,0.00024360357764223608,0.08035059865681796,-0.007468403910921461,8.839928170194846e-05,-0.1417962216229302,0.0019438429095276599
2007-11-09,0.0002435608940950821,0.08037430810835088,-0.007465659422946873,8.856430361273095e-05,-0.14184990167221034,0.0019405652783580694
2007-11-14,0.0002434365563709643,0.08039925287547413,-0.00746351746993525,8.871434272432532e-05,-0.14192369298301438,0.0019385902414392733
2007-11-15,0.00024333820675773065,0.08042099111954133,-0.007460491003251555,8.884347305065684e-05,-0.14200266287522736,0.0019354709650650605
2007-11-16,0.00024331797771812781,0.08044347304970476,-0.007457426023494632,8.889645117825299e-05,-0.14202009409035177,0.001932452058832854
2007-11-19,0.00024329877681277635,0.08047459923776566,-0.0074542335035096005,8.904779787630841e-05,-0.1420973034633113,0.001929738364578666
2007-11-20,0.00024322745773818513,0.08049012686608759,-0.007451322945572928,8.915248770294234e-05,-0.1421559826448256,0.0019271062121589725
2007-11-21,0.00024313397835932978,0.08051694755704751,-0.007448673889120508,8.925168674949724e-05,-0.14224294115733566,0.001923932114153924
2007-11-26,0.00024304570031769696,0.08053197024986142,-0.00744682037506147,8.922025767921257e-05,-0.14227367788534023,0.001921040284632689
2007-11-27,0.00024297852986965147,0.08054801024650411,-0.007444729213810598,8.923083160017487e-05,-0.14229428491436835,0.0019191905684850447
2007-11-28,0.000242864904503171,0.08057089495152692,-0.007441653643329173,8.930846320797624e-05,-0.14234099299796016,0.0019175105582155735
2007-11-29,0.00024278250908307223,0.08059350769230876,-0.007439383640555641,8.938155540910448e-05,-0.1423613011538511,0.0019147719823045864
2007-11-30,0.0002426376095239552,0.08062180113494574,-0.007436741180712935,8.94484437279327e-05,-0.14243890386813862,0.0019121177730289445
2007-12-03,0.0002425514647822728,0.08063818466716324,-0.007434660551579889,8.960723933480525e-05,-0.14247281440942244,0.0019095790076302025
2007-12-04,0.0002424672931415528,0.08066220707278092,-0.007431866317500355,8.973342163147038e-05,-0.14258357480458267,0.0019071411776888357
2007-12-05,0.00024241485417641345,0.08068360024845557,-0.007429118496420811,8.985755316362996e-05,-0.14271383012723973,0.001904394874286596
2007-12-06,0.0002422998062884753,0.08070144152987628,-0.0074265589031493,8.989646712528658e-05,-0.14280805731843593,0.0019021946890292254
2007-12-07,0.0002422865874774274,0.08072411085725652,-0.00742338285401252,9.002181831689639e-05,-0.14280980131201043,0.0018994895882279447
2007-12-10,0.00024218992879535605,0.08074333443779204,-0.007419358461080465,9.00485261433341e-05,-0.14284828134238756,0.0018967226588783607
2007-12-11,0.00024209603713470766,0.08076394884845393,-0.007416464912080868,9.009151203194038e-05,-0.142934327568369,0.0018940194723534032
2007-12-12,0.0002420662188253179,0.08078235106547069,-0.007413568057008608,9.01107845924627e-05,-0.1429825598315346,0.0018910663751874116
2007-12-13,0.00024191021771633774,0.08080105310214339,-0.007411178869075999,9.023394191975648e-05,-0.14306657865669078,0.0018888619683995543
2007-12-14,0.00024183311142075226,0.0808234153828225,-0.0074081327182317445,9.032733915779743e-05,-0.14310838561651656,0.0018871711461400022
2007-12-17,0.0002417372160189699,0.08084888930243135,-0.007405261925435919,9.047177826957338e-05,-0.14317027301597926,0.001884755876876392
2007-12-18,0.0002416150221669873,0.08086946798786518,-0.007402465819782248,9.055007107905453e-05,-0.1432155823792431,0.0018824442331680797
2007-12-19,0.00024153464445971667,0.08088727595515835,-0.007398947681393626,9.079782400273668e-05,-0.1432364400076055,0.0018803948307378618
2007-12-20,0.00024147028588993887,0.08090570306366608,-0.007395623873895638,9.089442046165775e-05,-0.14328849919699765,0.001877371044559513
2007-12-21,0.00024135294217041147,0.0809250631939586,-0.00739363726634501,9.103926060809098e-05,-0.14332248669050668,0.0018740219189069048
2007-12-24,0.00024129407752581462,0.0809338032137296,-0.007390937801034959,9.110134146447689e-05,-0.1433392287506411,0.0018717869470568959
2007-12-27,0.00024122517565293924,0.0809544770458807,-0.00738876733848395,9.123089558644592e-05,-0.14341613471459425,0.0018690577286536742
2007-12-28,0.00024104366819190792,0.08096885301583572,-0.007386670613980755,9.129289523170494e-05,-0.14344237372293117,0.0018663155068003414
2007-12-31,0.0002409692643246847,0.08099128281710916,-0.007382795197203923,9.124470832072404e-05,-0.14348042470913136,0.0018639313750004756
2008-01-03,0.0002409115018540736,0.08101381967172905,-0.007380416510781463,9.139446057748271e-05,-0.14352127651958918,0.001861901674302681
2008-01-04,0.00024086408556430058,0.08103202496963786,-0.007377718309620487,9.155569224263634e-05,-0.14352223299670197,0.0018597629163090395
2008-01-07,0.00024076586520458706,0.08105780613983576,-0.007374753487889842,9.1640322742829e-05,-0.14353925427410105,0.0018567706472998576
2008-01-08,0.00024067117800747318,0.08107918508135961,-0.007371434702713969,9.181489983106356e-05,-0.14357918258384647,0.0018531299920563663
2008-01-09,0.00024062501018144153,0.08110148934740517,-0.0073689237816275946,9.19457165239987e-05,-0.1435994373017458,0.0018508001407610724
2008-01-10,0.00024061376660059443,0.08112537187670212,-0.0073663043226243966,9.204649532370728e-05,-0.14359210441935605,0.0018487126902135087
2008-01-11,0.00024052283833424554,0.0811456641385246,-0.00736299256153699,9.227376746704749e-05,-0.14363134063970834,0.0018450575497070767
2008-01-14,0.00024046822463320361,0.08117556533323264,-0.007359064166618462,9.22816218010079e-05,-0.14361633340695384,0.001842933841817441
2008-01-15,0.00024038109216345695,0.08120278991587995,-0.007355725178178436,9.224085680291846e-05,-0.14361882389371344,0.001839822144372224
2008-01-16,0.0002402831296533014,0.0812312994875789,-0.007352763113452286,9.256645586392584e-05,-0.14367723409976318,0.001836542303914812
2008-01-17,0.00024027968337513183,0.08125775010025993,-0.007349847639004138,9.279104828496546e-05,-0.14374093817723305,0.0018340126607234487
2008-01-18,0.00024018174294595553,0.08128653621477748,-0.007346961939363078,9.278979036808631e-05,-0.14374905221621492,0.001830773408143798
2008-01-23,0.0002401326328842043,0.08130910456599931,-0.007343816915651678,9.298416004530392e-05,-0.14378091863029685,0.0018282704193484601
2008-01-24,0.0002400496607077938,0.08133150298739222,-0.0073408517532475405,9.31692836229722e-05,-0.14377116030813575,0.0018257324386129886
2008-01-25,0.00024000986083303627,0.08135781727034803,-0.007338838754939833,9.320340492841192e-05,-0.14377625694168894,0.001822161336911813
2008-01-28,0.0002399738067508805,0.0813855680744388,-0.007335908248500139,9.327154288689322e-05,-0.14379695638282228,0.0018194726881956206
2008-01-29,0.00023986122737132903,0.08140556219366997,-0.007333005629408955,9.34091816657611e-05,-0.14386698598297148,0.001817534621798694
2008-01-30,0.00023975105596303527,0.08143605060589881,-0.00732960306245196,9.35963734674783e-05,-0.14392976270649693,0.0018149391662262329
2008-01-31,0.00023969207557431702,0.08146197815539723,-0.007326244215203284,9.375960218146571e-05,-0.14401129028037557,0.0018125362155404386
2008-02-01,0.00023964012270974775,0.08148743591180488,-0.00732339124032094,9.386706096168916e-05,-0.14405603113304116,0.0018097873805123456
2008-02-04,0.00023952686167916058,0.08150788476489394,-0.007320460257279924,9.396010140738916e-05,-0.14404325556989717,0.001806289262415696
2008-02-05,0.0002394629202263042,0.08153533662525017,-0.007318747676716735,9.411555899919055e-05,-0.14401985842383835,0.0018040012048076664
2008-02-06,0.00023935395649802438,0.08155148281292436,-0.007317177018830699,9.409596127322383e-05,-0.14404644876835257,0.00180169674272042
2008-02-07,0.00023932905106994204,0.08157054142333643,-0.007313590952695044,9.414105954834675e-05,-0.14407657977209476,0.0017988722578671137
2008-02-08,0.0002392258672147267,0.08159268548142125,-0.007310682655201975,9.415306488732735e-05,-0.14410087765668325,0.0017962175478378598
2008-02-11,0.00023915721239920878,0.0816188735991655,-0.007308678730148017,9.430018571533738e-05,-0.144145756916631,0.001792724055499007
2008-02-12,0.00023908749497865824,0.08164019384570985,-0.0073064136787731335,9.430209671717877e-05,-0.14414400752964868,0.001789728245010942
2008-02-13,0.00023898885277887143,0.08166382984695669,-0.007303712026242524,9.452947704490143e-05,-0.14415896142287912,0.0017873573636839712
2008-02-14,0.0002389163166910339,0.08168377008461512,-0.007301759222569632,9.475344277047299e-05,-0.14418451306501343,0.0017851149442784469
2008-02-15,0.0002387444193746395,0.08170619814862776,-0.007299532381674698,9.491602101742872e-05,-0.14423559007862896,0.0017819774426939934
2008-02-20,0.0002387798485372889,0.08172653240628296,-0.007296689356979288,9.511796304074424e-05,-0.14426934626225188,0.0017785865790860829
2008-02-21,0.00023876809126785258,0.08175015044591137,-0.007293637715109476,9.521301354747687e-05,-0.14429362323956307,0.0017759639457445757
2008-02-22,0.00023870374173428298,0.08177228301812228,-0.007290555330735258,9.550185808623712e-05,-0.14435710692697962,0.0017723705673927939
2008-02-25,0.00023868114833156654,0.08180017068661842,-0.007287501131567831,9.565510632463424e-05,-0.1444140076999706,0.0017688861975175222
2008-02-26,0.00023862185288209227,0.08182626885637019,-0.007284878354116844,9.580246298531346e-05,-0.14446010928874037,0.0017651133546378287
2008-02-27,0.00023856318356840243,0.0818541116647073,-0.0072815657610603305,9.589651077597312e-05,-0.1445519833150568,0.0017617464357445203
2008-02-28,0.00023849456833987558,0.08187856926096197,-0.007279288559954772,9.596550318620616e-05,-0.1446084374181406,0.001758598232748343
2008-02-29,0.00023842250701678616,0.08190176738495454,-0.007276052580667927,9.622042261984988e-05,-0.14470135129724898,0.0017543299406104391
2008-03-03,0.00023836080012891095,0.08192107176805234,-0.007273961473317742,9.627525081335299e-05,-0.14477171778794734,0.0017523738334935721
2008-03-04,0.00023830725945121065,0.08194351457623283,-0.007271578526132387,9.639257757210029e-05,-0.14480416920400718,0.0017495298199156977
2008-03-05,0.0002382471884964548,0.08196980454611034,-0.007268065145721987,9.6427190201318e-05,-0.14485091968836605,0.001745208079722752
2008-03-06,0.00023817316364704085,0.08199217994752561,-0.007265275420563711,9.662706627839982e-05,-0.14488785705702698,0.0017425480457507793
2008-03-07,0.00023811949375773984,0.08202411830337217,-0.007262082503421918,9.671015813229055e-05,-0.14492626751583068,0.001738427576940159
2008-03-10,0.00023809490398290118,0.08204169799521463,-0.0072589483415453435,9.68571389716829e-05,-0.1449654226271765,0.0017349566675994264
2008-03-11,0.00023796053509991146,0.08206577892044793,-0.007257080948264617,9.69464677760761e-05,-0.14500442769357977,0.001730913505524331
2008-03-12,0.00023786671964200472,0.08209017277422502,-0.007254819983403797,9.697979318173925e-05,-0.14505454525195766,0.0017276452118336165
2008-03-13,0.00023779861299905034,0.08211521299935126,-0.007251245059173631,9.698815553886326e-05,-0.14512214117191974,0.0017240664653156255
2008-03-14,0.0002377304707890472,0.08213613391384605,-0.00724818623174739,9.705643757196059e-05,-0.14519250333461786,0.0017207667262966512
2008-03-17,0.00023765917678046536,0.08216140588026773,-0.007245271123653707,9.719988486349602e-05,-0.14528616492110547,0.0017183142482670142
2008-03-18,0.00023763033532110512,0.0821884697814939,-0.00724240745760203,9.722555156141227e-05,-0.1453657406887814,0.0017153089813217843
2008-03-19,0.00023752800763757886,0.08221074401524768,-0.007240072795482394,9.730470190202189e-05,-0.1453877059682851,0.0017132164752043852
2008-03-20,0.00023746401585610959,0.08223271752825778,-0.0072369488110698875,9.755395755817616e-05,-0.14542674107221737,0.0017095186717369624
2008-03-25,0.000237381407627766,0.0822554849306343,-0.0072351344071618405,9.750983519522551e-05,-0.1454736365755449,0.0017078863402282868
2008-03-26,0.0002372916102516409,0.08227215605029253,-0.007232148653424401,9.76803774246732e-05,-0.1454585568346337,0.0017047456576567506
2008-03-27,0.00023719253303877656,0.08230186897031445,-0.007230125860279362,9.778536385895193e-05,-0.14546258840011012,0.001702252998997714
2008-03-28,0.00023713288698049427,0.0823225745547189,-0.007227091711440127,9.791572807607483e-05,-0.145472606169344,0.0016992008952714263
2008-03-31,0.00023706871380846275,0.08234299902516412,-0.007224135525338748,9.801306020432906e-05,-0.14551153815753337,0.0016963763822054432
2008-04-01,0.00023697521911379812,0.08236056395129085,-0.007221109979995661,9.805836989277485e-05,-0.1455558568325322,0.0016938672172215302
2008-04-02,0.00023693008652419414,0.08238704771193296,-0.007218874960742427,9.830246049914169e-05,-0.14560680531466003,0.0016908514696932326
2008-04-03,0.00023686777695097714,0.08240713043856643,-0.007217649392893327,9.841173050820944e-05,-0.14559907636829417,0.0016878039751889705
2008-04-04,0.00023676787010241867,0.08243595728722915,-0.007215000517775945,9.862001574802264e-05,-0.14560959702290233,0.0016853410446503144
2008-04-07,0.00023664724432354123,0.08245913103060788,-0.0072124662407286625,9.880700593093234e-05,-0.14562680247370757,0.0016820504963588041
2008-04-08,0.0002365751189711568,0.08248529514422642,-0.007209643323621813,9.893065063988613e-05,-0.14563580241170243,0.0016798953537667445
2008-04-09,0.00023650252139237844,0.08250632784093057,-0.007207565201271412,9.912199912522139e-05,-0.14567423154760978,0.001676380559801974
2008-04-10,0.00023639803390926558,0.08253276523099785,-0.007205493023555233,9.905094672337135e-05,-0.14573625370956297,0.001673292549648798
2008-04-11,0.00023630887997204227,0.08255042452985002,-0.007202546721686061,9.923959872315206e-05,-0.1457949314243257,0.001669714262643226
2008-04-14,0.000236208264722757,0.08257207782613232,-0.007199590190981921,9.942698057134937e-05,-0.1458403703526464,0.001666620932631062
2008-04-15,0.000236073256921765,0.08259717101084996,-0.007198173076486284,9.945433485541029e-05,-0.14585354193654454,0.0016637726429905308
2008-04-16,0.00023598725267667847,0.08262328714552676,-0.007195201144788877,9.952283702856897e-05,-0.14589297737384083,0.0016611208255410044
2008-04-17,0.00023588803152628756,0.08264568224848792,-0.007193474328117183,9.951391256067439e-05,-0.1459173849796237,0.0016578198325796266
2008-04-18,0.00023581897284596681,0.08267007626612427,-0.0071908895140194275,9.959282455816662e-05,-0.14596275047438445,0.0016554299787149315
2008-04-21,0.00023574709940801163,0.08269354573619,-0.007187939215028659,9.974135091392858e-05,-0.14598833641621828,0.001651894284221299
2008-04-22,0.00023564966500231991,0.08271800818238727,-0.007185488489034483,9.989479946910061e-05,-0.14601977572930266,0.0016504867346479172
2008-04-23,0.00023557132737883588,0.08273393708503549,-0.0071818878486995304,9.999423030499004e-05,-0.14602844569119966,0.0016479820966622013
2008-04-24,0.0002354861286155161,0.08275621142017195,-0.007179371399548499,0.00010005188046482368,-0.14605235769782526,0.0016446701334993576
2008-04-25,0.00023544898846346472,0.08277492738335497,-0.007176370914171743,0.00010015991378266689,-0.14606583376726254,0.0016412537072861878
2008-04-28,0.0002353746389536543,0.08279793664265912,-0.0071743651139116755,0.00010034412126542751,-0.14614105075615505,0.0016385330802266465
2008-04-29,0.00023530140781067248,0.08282243113595913,-0.007171572586352818,0.00010027349739895398,-0.1461816577860734,0.0016359966370092756
2008-04-30,0.0002352180128922582,0.08284355398534908,-0.007169434785602864,0.00010042610267882679,-0.1462567139848232,0.0016333507285607744
2008-05-01,0.00023517269766373385,0.08287294777484877,-0.007166501712662459,0.00010052478497995247,-0.146246310063792,0.001630904402460726
2008-05-02,0.0002350961858049186,0.08290131538533906,-0.007163965310919145,0.0001006165267731014,-0.1462432682668938,0.001627914037121064
2008-05-05,0.00023504768380063894,0.08292214970809453,-0.007162239989318497,0.00010075824508661296,-0.1463274168842119,0.0016254003574501707
2008-05-06,0.00023499081230641088,0.08294543650940991,-0.00715978357597594,0.00010079501775186264,-0.1463350001343432,0.0016224021882775593
2008-05-07,0.00023494111850356827,0.0829698226838479,-0.007156822637099397,0.00010076240945514576,-0.1463812216605793,0.0016182397198920453
2008-05-08,0.00023484710290399977,0.0829952114418983,-0.007154384236891657,0.00010083628537308913,-0.14644193138346673,0.001615740796896695
2008-05-09,0.0002347365593907208,0.08302067064770595,-0.007152031258646261,0.00010102671270635558,-0.14649252862028883,0.0016135238566239495
2008-05-12,0.0002346776626683877,0.08304676938015984,-0.0071497185547088815,0.0001010801167199761,-0.14650363131402247,0.0016111116911517902
2008-05-13,0.0002345621607447806,0.08307257109988528,-0.007147282103016862,0.0001011845938023605,-0.14654985631238546,0.0016081850239145436
2008-05-14,0.00023453140508801894,0.08309395128564877,-0.007145236923457072,0.00010138665086256367,-0.14659851731531431,0.0016061769313226281
2008-05-15,0.0002345085097990946,0.08311168990382779,-0.0071432705045098525,0.00010158390627532384,-0.1466239885777364,0.0016037017140992083
2008-05-16,0.0002343976719904454,0.08313252466777589,-0.007140574752026137,0.00010173544024439972,-0.1466375419615733,0.001600816834284906
2008-05-19,0.00023428005129916938,0.08316123113771476,-0.007139032570043558,0.00010192217793841276,-0.14665091400329455,0.0015982761311931005
2008-05-20,0.00023420149326474027,0.08318550742283552,-0.007136417779809161,0.00010195044669231658,-0.14670299132013875,0.0015955216308069075
2008-05-21,0.0002341226608260108,0.08321371100148765,-0.007133696514379798,0.00010189255566359166,-0.1467517238266423,0.0015930112745595913
2008-05-22,0.0002340823233162171,0.08323656882259546,-0.007131659228751338,0.00010187234581070627,-0.14677065883667986,0.0015894124223352483
2008-05-23,0.00023399620373495983,0.08326108779940644,-0.007129073629110461,0.00010187394857618499,-0.1467839765855413,0.001587098105791842
2008-05-28,0.00023395572478903404,0.0832891456654765,-0.007125832591634176,0.00010199781633429588,-0.14682738488888286,0.0015835431064117383
2008-05-29,0.0002338553984294716,0.08331468007077049,-0.007123546997295433,0.0001020778626970783,-0.14693793729222504,0.0015806525621029524
2008-05-30,0.00023374708968158654,0.08334252819446439,-0.007121796006120248,0.0001022706132946497,-0.14694880612940445,0.0015773537005786583
2008-06-02,0.00023356305658835732,0.08336557337255864,-0.007118726286630045,0.00010231663861369135,-0.14702133685839794,0.0015740490555635294
2008-06-03,0.0002334721012697152,0.08338953806184952,-0.007116914690695934,0.00010254451202377856,-0.14709376484247222,0.001572141630358166
2008-06-04,0.00023336728237413338,0.083414331569812,-0.007115353653562252,0.0001027663634904378,-0.14717428023393003,0.0015692445538410928
2008-06-05,0.00023327318848118174,0.08344127835110444,-0.007113173119764251,0.00010276739143174083,-0.1472106635980541,0.0015664833341283231
2008-06-06,0.00023320058768495886,0.08346129943441973,-0.007110964721691031,0.00010267511142897258,-0.14724829071673384,0.001564771103764324
2008-06-09,0.00023310020190073685,0.08348601196195755,-0.007108795379432545,0.0001028328342383906,-0.14727177523264506,0.001561349524298108
2008-06-10,0.00023300282786655821,0.08351259204588951,-0.007106097084480595,0.00010292597778475896,-0.14733064652616368,0.001558334581603158
2008-06-11,0.00023290126935923203,0.0835386500156098,-0.007102959456723387,0.00010307875851622638,-0.14741273246531983,0.001555947224331127
2008-06-12,0.00023280549914392258,0.08356943274878362,-0.007099496911525458,0.00010326472483974166,-0.14747615870242275,0.001554396015671949
2008-06-13,0.00023275079173565178,0.08359275923038796,-0.007097378789703146,0.00010326385394054998,-0.14756721380872745,0.0015517942477415063
2008-06-16,0.0002327171725598411,0.08361491962888752,-0.007094571208978728,0.00010331087637669449,-0.14762516276592097,0.001548599408785216
2008-06-17,0.0002326540739333626,0.08363842168871517,-0.0070920559574188715,0.00010360675054469026,-0.14768606404242457,0.0015444103193095581
2008-06-18,0.00023259922847073067,0.08366331726569898,-0.007089178403952614,0.00010391149376882933,-0.1477229792912158,0.001543412301588703
2008-06-19,0.00023252527092321168,0.0836882236641492,-0.007085710913657018,0.00010400093086943657,-0.14775729996222456,0.0015393539565939128
2008-06-20,0.0002324771782148765,0.08370745035581861,-0.007083121932061528,0.00010407701425846645,-0.14781289795094837,0.0015362242235851511
2008-06-23,0.0002324530816489567,0.08373298732289952,-0.007081417033616484,0.00010422870455137169,-0.14782779316173505,0.0015328248157247717
2008-06-24,0.00023242271281258465,0.08375256894515914,-0.007079160960007858,0.00010437396812325636,-0.1479226615526345,0.001530245479798017
2008-06-25,0.00023234726202711717,0.08377606396832882,-0.007076772502416188,0.00010433523944053874,-0.14801351041589877,0.0015265525240486032
2008-06-26,0.00023225462848713808,0.08380301498602055,-0.007072957016151283,0.00010431534806706734,-0.1480931447358083,0.0015241554653001928
2008-06-27,0.00023212326431794444,0.0838295045911874,-0.007070100355058321,0.0001043356800661867,-0.1481404341531842,0.0015217144224531918
2008-06-30,0.00023203874570918521,0.08385026143091079,-0.007067680707509173,0.00010447392137946606,-0.14818917553615596,0.0015187537197644582
2008-07-01,0.00023199881866319067,0.08387081007337346,-0.007064343764370092,0.00010462450230426279,-0.14828986427192015,0.0015151365083081708
2008-07-02,0.0002319065988332974,0.08390217939393167,-0.007061575060950971,0.00010465416623382378,-0.14834431684055444,0.0015127343399825093
2008-07-03,0.00023179517238125112,0.08392667751402988,-0.00705908327310612,0.00010474099890298817,-0.14838893825350952,0.0015100717974584035
2008-07-08,0.0002317486633389611,0.0839481540440606,-0.007056510606487633,0.00010464354162510927,-0.1484960759600964,0.0015071181614703525
2008-07-09,0.00023160071073582457,0.08397466137426775,-0.007054053523749937,0.00010451825930544051,-0.14855419438906667,0.001504524834772703
2008-07-10,0.0002314873724106337,0.08399623000165006,-0.007051257835070556,0.00010475029966243419,-0.14861464670510421,0.0015009079708667447
2008-07-11,0.00023134008553950508,0.0840198637013176,-0.0070490663466140965,0.0001049931826538056,-0.14867574752966697,0.0014987413029371728
2008-07-14,0.000231275334822406,0.08404428988994558,-0.007047079425606797,0.00010509396766891327,-0.14877133976534873,0.0014964063167786986
2008-07-15,0.00023119305679197282,0.08407153374578345,-0.007044755721161918,0.00010518738971720174,-0.1488397082147686,0.0014932865552014778
2008-07-16,0.00023113363452736464,0.08409676971882046,-0.007042595079223543,0.00010520576421531154,-0.14891707719211206,0.0014907236794611618
2008-07-17,0.00023099470506291383,0.08412435483765678,-0.007039104726711081,0.00010527597706167157,-0.14898092677757774,0.001487670682168496
2008-07-18,0.0002308807479515887,0.08414752907298806,-0.00703596967678119,0.00010531768951551955,-0.14907171354481324,0.0014847744255807632
2008-07-21,0.00023079133324870803,0.08417177690391137,-0.007033530872742606,0.00010535117367941265,-0.1491638408715129,0.0014810950611926898
2008-07-22,0.00023070185821307755,0.084199077100441,-0.00703173459960747,0.00010536145158305266,-0.14921360839512393,0.0014772778614948958
2008-07-23,0.0002306282028027978,0.08421900320716229,-0.007029068159790031,0.00010541601449393434,-0.14925096231013246,0.0014735232261351427
2008-07-24,0.00023051615816043372,0.08424662931083185,-0.007026531699559951,0.00010519110877701809,-0.14931046711669896,0.0014711035409767552
2008-07-25,0.00023040065779157264,0.08426962466276125,-0.0070234327827661805,0.00010520805887287661,-0.14934961107044345,0.0014673003070927316
2008-07-28,0.00023028494422884266,0.08429118553924253,-0.0070210625897081025,0.00010523808628997423,-0.14946554107085813,0.0014644119577747236
2008-07-29,0.0002301926576996255,0.0843151507568697,-0.007018493322585971,0.00010527023281042713,-0.149538605966486,0.0014615744202806855
2008-07-30,0.00023004240487750253,0.08434675692569368,-0.007015816912556876,0.00010533255123199447,-0.14958445988497376,0.001458193714020807
2008-07-31,0.00022995229967068598,0.08437319228795194,-0.007013287182418361,0.00010538894777745264,-0.14961033018310177,0.0014563198982162325
2008-08-01,0.0002298433208973023,0.0843959116128954,-0.0070104836543226565,0.00010558569048958692,-0.14969007000835854,0.001453905055045852
2008-08-04,0.00022978420917774914,0.08442274956641492,-0.007007885441329452,0.00010588239837115394,-0.1497330191888841,0.0014497460652761515
2008-08-05,0.00022964102877044088,0.08444574320109077,-0.0070048771047768995,0.0001060140253837815,-0.14984844068333417,0.0014474131779433253
2008-08-06,0.00022960698909288505,0.08447389176281088,-0.007003160316071189,0.00010610662108944363,-0.1499458636174349,0.0014436466488524516
2008-08-07,0.0002295733172916865,0.08450728465583994,-0.007000195256627602,0.00010609220132366022,-0.1499880228717254,0.0014398562700981988
2008-08-08,0.00022953326305702145,0.08454659247123252,-0.006996763672653327,0.00010616170259936141,-0.1500653981118647,0.0014364570079859848
2008-08-11,0.00022947210277967725,0.08456589701487553,-0.006995101078672335,0.00010628487247699195,-0.15007470448744942,0.0014337904531842858
2008-08-12,0.00022939012577843958,0.08459410370909919,-0.006991994994901378,0.00010630630703487843,-0.15011302209053068,0.001430466823340456
2008-08-13,0.00022940387377167913,0.08461933656129712,-0.006989854861305608,0.00010634637160552673,-0.15016424402196288,0.0014267246094208583
2008-08-14,0.00022935378617339858,0.08464108041335415,-0.006987214618586176,0.00010633706347454225,-0.15016034873509881,0.0014231566782397177
2008-08-15,0.00022930480487020973,0.08466594413624182,-0.00698402872951487,0.00010647431802988523,-0.15020444088333534,0.001420987483847361
2008-08-18,0.0002292215559500385,0.08469960398592585,-0.0069814704609749804,0.00010643042854711022,-0.1502685218545325,0.001417742608103853
2008-08-19,0.00022911196201729715,0.08472978810037896,-0.006978701754747351,0.00010650956440270135,-0.15033148276069322,0.0014148813022022372
2008-08-20,0.00022906829349766307,0.08476184897797098,-0.00697586671567198,0.00010649463519927866,-0.1503289203340499,0.0014108639614263385
2008-08-21,0.0002289731889640742,0.08478424025309016,-0.006973174167496732,0.0001066648460333036,-0.15037215111487673,0.0014078293916736525
2008-08-22,0.00022884618508628915,0.08481039412582057,-0.006969970005398878,0.00010672024202033198,-0.15046106106774976,0.001405250946430066
2008-08-25,0.0002287223211319195,0.08483866174360978,-0.006967558004318185,0.00010670118779466377,-0.1504839886859305,0.0014014772252579839
2008-08-26,0.00022856302049158238,0.0848638857739489,-0.006964744312786054,0.00010657093112799054,-0.15054682744823922,0.0013981260941008386
2008-08-27,0.0002284758638036297,0.08489275541393378,-0.0069616777104496855,0.00010660109801114651,-0.15060486001309503,0.0013948048609145648
2008-08-28,0.0002284416154769193,0.08492490528366947,-0.006959016724981993,0.00010653343403457265,-0.15068094730628506,0.0013909141831956134
2008-08-29,0.00022835394885180362,0.08495163586027142,-0.006956590068385524,0.00010656991669345884,-0.15077357139548686,0.001387896031379469
2008-09-03,0.0002282420335868496,0.08497971758954147,-0.006953980349767934,0.00010667009011027957,-0.15079692084213897,0.001384330767835975
2008-09-04,0.00022819500261846826,0.0850082739218516,-0.006951417122328046,0.00010679608218362531,-0.15083099612168288,0.00138087845831216
2008-09-05,0.00022801843951021452,0.08503213519109769,-0.006949471738849296,0.00010681553426719095,-0.15085787287522517,0.001377603288023524
2008-09-08,0.0002279767470859676,0.08505145984623791,-0.006945911612745206,0.00010681412478471236,-0.15086472588660038,0.0013748675977556873
2008-09-09,0.00022788810029155933,0.08507908439382494,-0.006943016732190674,0.00010702558039124857,-0.15093839738721243,0.0013718952499251645
2008-09-10,0.0002278553454410159,0.08510944088277579,-0.006940621177959733,0.00010716938818379686,-0.15099911219343762,0.0013685261339724025
2008-09-11,0.00022777559426138283,0.08513601452285015,-0.006937496182589347,0.00010722400390040568,-0.15103970479042012,0.0013653043002972685
2008-09-12,0.00022775125523431136,0.08516136896683742,-0.006934526472373105,0.00010724181900476465,-0.151038044573471,0.0013611812793081475
2008-09-15,0.0002276721041084476,0.08518564840646144,-0.006932297350760248,0.00010752766665021366,-0.15108164977434285,0.0013578392684878767
2008-09-16,0.00022760938704746776,0.08521075738859388,-0.006929517970901253,0.00010743759309789714,-0.15110208244881956,0.0013547014557024118
2008-09-17,0.00022756888677180888,0.08523284282696014,-0.006925948830814731,0.00010765764564173703,-0.15112884529337572,0.0013507857300623465
2008-09-18,0.00022742911888629815,0.0852632612455202,-0.006923021961640826,0.00010767081330246307,-0.15117580632723338,0.0013467873392314044
2008-09-19,0.00022735301453516172,0.08529429622905678,-0.006920215687415356,0.0001076879018254974,-0.15122450406202909,0.0013431286975105088
2008-09-22,0.00022730299163909666,0.08532181782844556,-0.006917933898033248,0.00010786963480246272,-0.15134598579847833,0.0013394484548952417
2008-09-23,0.00022721523899085338,0.08534859085107245,-0.006914802138171132,0.00010778269031150131,-0.1513904948099354,0.00133668435171239
2008-09-24,0.00022709179521482114,0.08537644704265929,-0.006911895445482478,0.00010804441531879915,-0.151388572780222,0.001333437286617556
2008-09-25,0.00022703953818441338,0.08540185530342718,-0.0069097967397901555,0.00010799792420174744,-0.15147789260295524,0.0013302172670863425
2008-09-26,0.0002269873181085372,0.08543375885465884,-0.006907513144052437,0.00010812234424589196,-0.15150796955375817,0.0013274628301756393
2008-09-29,0.00022695011135926327,0.08546195874883074,-0.0069052956136377176,0.0001083117638384134,-0.1515352866346088,0.0013243798665906917
2008-09-30,0.00022686534692589185,0.0854891169965423,-0.006903330488792414,0.00010820281421631695,-0.151558391061143,0.0013194553257508698
2008-10-01,0.00022681011923976797,0.08552080899890863,-0.006900780348979976,0.00010837539009556904,-0.1516139989871356,0.0013160664375760464
2008-10-02,0.00022679500845579676,0.08554882499374473,-0.006897850904519154,0.00010853216772630482,-0.15166058463441967,0.0013125155239847336
2008-10-03,0.0002266812002614483,0.08557982657299495,-0.006895121498424954,0.00010863149047574301,-0.15172432104535616,0.001308870960842493
2008-10-06,0.00022661557876579953,0.08560929484536915,-0.00689227703835351,0.00010862102868049348,-0.15176049026340988,0.0013059661136024183
2008-10-07,0.0002265610354351867,0.08563589542278648,-0.006890143578267208,0.00010873787218839108,-0.15175185673343705,0.0013028372774342583
2008-10-08,0.00022651246619468667,0.08566154784112155,-0.006887383675060111,0.00010860416487449767,-0.15174840964848968,0.0012995911243308287
2008-10-09,0.00022648469074167555,0.0856902024254624,-0.006885017583770027,0.00010872094725233701,-0.15176630391952106,0.0012971932299828798
2008-10-10,0.0002264336873610503,0.08571992397743822,-0.006882235975965176,0.00010879502275472075,-0.15181564172163203,0.001292914931890174
2008-10-15,0.00022636461870064833,0.08574943461289282,-0.006880148037643798,0.00010909125152887773,-0.15188389800669866,0.001289641282240927
2008-10-16,0.00022636886114174798,0.0857835335322374,-0.0068777664947355845,0.00010913472265055341,-0.15191542720313206,0.0012858708977745536
2008-10-17,0.00022629200890842175,0.08580873932138226,-0.0068750476446600645,0.00010912272933595524,-0.1519338731850879,0.0012827921037332816
2008-10-20,0.0002262225440000903,0.0858365239214432,-0.006872421141700923,0.0001090897499251397,-0.15194170763345244,0.0012798420243766285
2008-10-21,0.00022616505942462864,0.08586381811822276,-0.006869718692164251,0.00010933232748633912,-0.15195678026782483,0.00127594931705504
2008-10-22,0.00022610166954237067,0.08589810492575678,-0.006866381807244791,0.00010944161566393643,-0.15201423959021376,0.0012724700936331552
2008-10-23,0.00022611256615426878,0.08592527136303144,-0.0068639354469492014,0.00010964109128196613,-0.1520180930756942,0.0012683499591954223
2008-10-24,0.00022598992032659435,0.08594624734400459,-0.006862484438529793,0.00010974267049168783,-0.15206752874734744,0.001264911912231219
2008-10-27,0.00022593330160124403,0.08597621649375982,-0.0068590147627889215,0.00010971215055398582,-0.1520487557185235,0.0012614400413492243
2008-10-28,0.00022589295517131227,0.08600135112335129,-0.006856230926523768,0.00010996044244559039,-0.15205826319079901,0.0012571142131400195
2008-10-29,0.00022580970217654552,0.08602856955267711,-0.0068542136144546465,0.00011004541816092519,-0.15205577083984295,0.0012535950935006915
2008-10-30,0.00022572908614709101,0.08605914190983883,-0.00685207483715585,0.00011005957641716641,-0.1520924573738045,0.0012495017666005416
2008-10-31,0.0002256966052673642,0.08608534128953522,-0.006849846714778967,0.00011015048335455357,-0.15214501842039962,0.001246794208140338
2008-11-03,0.00022562730882325863,0.08611343286685594,-0.006847806733954632,0.00011029092027597447,-0.152167564126011,0.0012420105758136756
2008-11-04,0.00022548377836507412,0.08614875011191514,-0.0068463071236462385,0.00011044800774457858,-0.15220566442635175,0.0012384626857995418
2008-11-05,0.00022545014222779788,0.08617143530700706,-0.006843495107203842,0.00011068242974041966,-0.15219689411031662,0.0012358535532496912
2008-11-06,0.00022539030734334273,0.08619506903649804,-0.006840719999702492,0.00011074442933805954,-0.15218716134987037,0.0012325286065646547
2008-11-07,0.00022534956312927172,0.08622156427984055,-0.006838681782806765,0.00011083201075227866,-0.15221720647874903,0.00122972831005704
2008-11-10,0.00022533284715556685,0.08624442793531302,-0.006836198033296011,0.00011092284030771853,-0.15222225349789908,0.0012271046384429438
2008-11-13,0.0002252611007032493,0.08627254663041195,-0.006832830708970982,0.00011103554910406563,-0.1522533529315174,0.0012233350011091532
2008-11-14,0.00022516698664327186,0.08629864773215891,-0.006830062606569638,0.00011099803110754019,-0.1522317750997042,0.0012203997095644166
2008-11-17,0.00022504350546350874,0.08632836046334263,-0.006827968938772338,0.00011098823164402487,-0.15223323837922398,0.0012168158784752936
2008-11-18,0.00022496750626942906,0.08636355825413809,-0.006824653662480458,0.00011112397697461281,-0.15226063378707855,0.0012140700372525134
2008-11-19,0.00022491437367003594,0.0863918818080486,-0.006822735796507761,0.00011124458091950875,-0.15231850883672812,0.0012110528855222913
2008-11-20,0.0002249152625817645,0.086426504349358,-0.006819850214800724,0.00011131634495803068,-0.1523878603688811,0.001208223038930824
2008-11-21,0.00022482793733793801,0.0864561520412217,-0.0068169622430423295,0.00011136903795347418,-0.15241010511902886,0.0012056326187679938
2008-11-24,0.00022475897217460238,0.0864835047262627,-0.006814754481142413,0.00011142720036103334,-0.15246358764667806,0.0012018172592652922
2008-11-25,0.00022467515828366363,0.08651352452377904,-0.006811400527119944,0.0001115280439616805,-0.15250052495722552,0.0011991063666610452
2008-11-26,0.00022465169897364364,0.0865451995419951,-0.006808046029640882,0.00011147590599771786,-0.15250019363828815,0.001195665359944793
2008-12-01,0.00022460917021883484,0.08656361602033649,-0.006806034942414635,0.00011161950463465473,-0.1524998512563656,0.0011928841955414046
2008-12-02,0.00022453481451843168,0.08659283605649326,-0.006803893744939096,0.00011166167122027873,-0.15251408837009667,0.00119017339489368
2008-12-03,0.0002244486457189697,0.08661723062180986,-0.00680150213580232,0.00011197344959850509,-0.15249656037823645,0.0011872204084159572
2008-12-04,0.00022437189734251508,0.08664190333680971,-0.006799775227455286,0.00011190634597528749,-0.1525143895325622,0.0011844663234714579
2008-12-05,0.00022434168901225114,0.08666659375427854,-0.0067969837606512585,0.00011203208867782452,-0.15254296073739984,0.0011812379365267068
2008-12-08,0.00022428515656582472,0.08669615635399841,-0.006794528046075809,0.00011210570986326172,-0.15254183804489657,0.0011773180614766375
2008-12-09,0.00022421228741810887,0.08672145414140979,-0.0067928467073730524,0.00011206825743083148,-0.1525661809619114,0.001174285665744696
2008-12-10,0.0002241187290073589,0.08674608946965703,-0.006790486270533058,0.00011212390155528318,-0.15258843767128927,0.0011710974044878658
2008-12-11,0.00022404464529161445,0.08677334881974776,-0.006788199149812897,0.00011222348198955817,-0.1526402731546568,0.0011691479806108763
2008-12-12,0.00022397133928995133,0.08680231145754994,-0.006785534357634368,0.00011236157097250501,-0.15261766424197223,0.0011655957833467837
2008-12-15,0.00022399208074325156,0.08683307788630547,-0.006782541829071108,0.00011249759672587957,-0.1526843772540528,0.0011621323269246382
2008-12-16,0.00022392653911367986,0.08686226813877526,-0.006780130880748966,0.00011253113777156488,-0.15273663096877743,0.001159027531577412
2008-12-17,0.00022383782571750558,0.08688949910634423,-0.006778872946265328,0.00011263326336609272,-0.15279288194008706,0.0011559733312701713
2008-12-18,0.00022377495997340647,0.0869208348454184,-0.00677612189064557,0.00011274313532514717,-0.152801188861676,0.0011532344998633562
2008-12-19,0.00022371676222771107,0.08694356278345125,-0.006773112179042716,0.00011296243692274344,-0.15282439661468342,0.0011495164292247674
2008-12-22,0.00022358765484353733,0.08697026219436663,-0.0067705289042993295,0.00011306881275791392,-0.15284502099399483,0.001146888151243181
2008-12-23,0.00022345867870653078,0.0869949741236942,-0.006767788085487612,0.00011303201505590048,-0.15290370406420906,0.0011427780819206644
2008-12-24,0.00022341898734561802,0.08702153855200434,-0.006765311948500517,0.00011318927666985549,-0.15294731353188246,0.0011392506803621768
2008-12-29,0.00022333978682719948,0.08705233415652491,-0.006762924634363103,0.00011329159600187316,-0.15294661757099032,0.001135072209322753
2008-12-30,0.00022329849162745498,0.08707410605464967,-0.006760641963638254,0.00011338545850368963,-0.15293691239680585,0.0011315935796292983
2008-12-31,0.00022321488806218128,0.08709588181996313,-0.00675824751970515,0.00011363031900554941,-0.15296034095635286,0.0011284740168470133
2009-01-05,0.00022311995714256427,0.08712258458579511,-0.006755502036967929,0.00011378241859733867,-0.15300534598040924,0.0011248118781374112
2009-01-06,0.00022308813318337817,0.08715532872197612,-0.006752620449745169,0.00011387487102718464,-0.1530039884078956,0.0011204747769964156
2009-01-07,0.00022302817675788375,0.08717668836272574,-0.006750943656652372,0.0001138768476973614,-0.15298859215496552,0.0011166977036043532
2009-01-08,0.00022294320255226413,0.08720408692157804,-0.006747495583489919,0.00011397508186867732,-0.15300191101178684,0.0011125787999795753
2009-01-09,0.0002228938456875753,0.08722836311955517,-0.006745688953107909,0.00011404612646262086,-0.15305323179538477,0.0011093164667875998
2009-01-12,0.000222855165196169,0.0872540522712469,-0.006743649566600818,0.00011413594737730997,-0.1530642561008603,0.0011062470743656145
2009-01-13,0.00022280971595783848,0.08728304383881677,-0.006741298755057313,0.00011423557061476393,-0.15306847892768974,0.001103232978987152
2009-01-14,0.00022269496009158756,0.08730938599057037,-0.006739075523786531,0.00011418083998879958,-0.15309344900050972,0.0010993610525956803
2009-01-15,0.00022256393823629218,0.08732839605158584,-0.006736545787811419,0.00011437135008924303,-0.15315065316487364,0.0010959750638794106
2009-01-16,0.00022244264796881965,0.08735869154332376,-0.006733460123542446,0.00011468972951597404,-0.15322093197787356,0.0010927205175572422
2009-01-21,0.0002224269555834788,0.0873887805413478,-0.006730581585881503,0.00011483029503162997,-0.15324520034429046,0.0010897689256093841
2009-01-22,0.00022233642218704943,0.08741722886480317,-0.006727794287462474,0.00011478366525917221,-0.15324442610467928,0.0010871199339276035
2009-01-23,0.00022231658530458054,0.08744312451827779,-0.006725679260346602,0.00011482845963383962,-0.153264025809685,0.00108372007761115
2009-01-26,0.0002222179128770649,0.08746650265055594,-0.006723789907218511,0.00011499941117129082,-0.15325588413055663,0.0010806138259123069
2009-01-27,0.0002221550874656664,0.0874958792277462,-0.006721636731322896,0.00011522818564024092,-0.15329383710239738,0.0010772738095993298
2009-01-28,0.00022208442492503724,0.08753016105311014,-0.006718348159943126,0.00011513925837596581,-0.1533374377016541,0.001074885104278662
2009-01-29,0.0002220541931128789,0.08755772133125236,-0.006715845544296514,0.00011520977844014818,-0.1533879661194278,0.0010717152378190709
2009-01-30,0.00022202478695489207,0.08758481066205,-0.00671379085297372,0.00011518203753275121,-0.15335221891300865,0.0010691919844916479
2009-02-02,0.00022194943247541983,0.0876152611804494,-0.006712063484486988,0.00011543243969691745,-0.1533472298137213,0.0010651783691473823
2009-02-03,0.00022180779128629162,0.08764783994291254,-0.006709872514359406,0.00011553557403614438,-0.15333040407491727,0.0010623214422348234
2009-02-04,0.00022177924664368697,0.08767412607919196,-0.0067062121789702375,0.00011558337594526954,-0.15335659007107477,0.0010599439611430278
2009-02-05,0.00022167815243349383,0.08769736859209502,-0.006704207491500429,0.00011565406365853472,-0.15335081321024657,0.0010568642518195219
2009-02-06,0.00022160887680404756,0.08773019955068341,-0.006701018369656263,0.00011590680819152966,-0.15340161064038169,0.0010535442866775313
2009-02-09,0.00022156833748295158,0.08775499010805804,-0.006698410120252028,0.00011597146112666507,-0.15344170466326262,0.0010498697072713493
2009-02-10,0.00022144248888218026,0.08778086315264827,-0.00669662569601478,0.00011607127741436297,-0.15345727624725958,0.0010457109537430958
2009-02-11,0.00022135831384037676,0.08780938989805931,-0.0066949719773945785,0.00011611399688608761,-0.15347619706172255,0.0010423140757091604
2009-02-12,0.00022130206320813945,0.08783827774595232,-0.006692706000333293,0.0001163795447058428,-0.1535431446174153,0.0010382094834380407
2009-02-13,0.00022122889349912746,0.08786633603979616,-0.006691120785196851,0.00011651988949196247,-0.1535442795307801,0.0010348960712856146
2009-02-18,0.00022113397182726242,0.08789473734401128,-0.006688254630163941,0.00011678693294383033,-0.15360089436308483,0.0010309295479007247
2009-02-19,0.00022107013697236286,0.08792028965183744,-0.006685290741604105,0.00011682449709111894,-0.15365071230986566,0.0010265705350056297
2009-02-20,0.00022102812602431995,0.08794682220438409,-0.0066830272913886365,0.00011698868303339433,-0.15362104484080283,0.0010235551314747456
2009-02-23,0.000220950873855164,0.08797425578015935,-0.006680686908360053,0.0001169554029570053,-0.15363364490884532,0.0010186410961973821
2009-02-24,0.00022087219752686156,0.08800202718073627,-0.0066775166165131995,0.00011713336913209387,-0.15368806305097507,0.0010148644255823388
2009-02-25,0.00022072457867097255,0.08803317240923807,-0.006673832470353231,0.00011723926845368583,-0.15371841369627592,0.0010115317577318306
2009-02-26,0.00022069265782526755,0.08806705156516087,-0.006670951788429514,0.00011715527775998751,-0.15374451725030128,0.001007756749627983
2009-02-27,0.00022061330792502558,0.0880924882758073,-0.006669037319033227,0.00011720206508278646,-0.15376353041713206,0.0010056429298573076
2009-03-02,0.00022051806704165275,0.08812341149745483,-0.0066666183748638475,0.00011737666618822908,-0.15381493794752713,0.001002266587361412
2009-03-03,0.00022047107097554093,0.08815174513244692,-0.0066646109594792,0.00011747118180960642,-0.15385010446777306,0.00099831131981319
2009-03-04,0.00022038567622676295,0.08818472261920977,-0.00666237255097513,0.00011750344632419133,-0.15391636576089168,0.0009956003069510712
2009-03-05,0.00022027192002628147,0.08820879782798945,-0.006660070096720827,0.00011761358134961905,-0.15394292647815094,0.0009921434315297857
2009-03-06,0.00022021083654641605,0.08823296521157974,-0.006658221565883383,0.00011750308362155394,-0.15393948013919728,0.000988325956867481
2009-03-09,0.00022010817158309056,0.08826399263852305,-0.006656136404575122,0.0001176637987395219,-0.15394692191218806,0.0009849143377267246
2009-03-10,0.00022008641257063112,0.08829848667746414,-0.006654255432283528,0.00011773440950967179,-0.1539795419335659,0.0009811716742480904
2009-03-11,0.00021999711698760018,0.08832749692021943,-0.006651621994311584,0.00011789551343425497,-0.15402670785232675,0.0009770340681018528
2009-03-12,0.0002199276913564859,0.08834935347352314,-0.006649207540653228,0.00011799764416951884,-0.15406884386912584,0.0009742020033585996
2009-03-13,0.00021983136679682824,0.08837486739581729,-0.006647127657293696,0.00011801660636024247,-0.15410926869696506,0.000971005323423468
2009-03-16,0.00021973756981670864,0.08840597200372563,-0.00664522214175298,0.00011809734002570565,-0.15415792293770617,0.0009681897789058102
2009-03-17,0.00021971067694225697,0.08842911984677301,-0.006642600189393286,0.00011823316007530104,-0.15419337866472588,0.0009651126195022956
2009-03-18,0.00021960103912968792,0.08845060284422145,-0.00663967034549409,0.00011822429959110744,-0.15422919016915365,0.0009609084113358365
2009-03-19,0.00021961574214187475,0.08847844642850207,-0.006637425107631085,0.00011838725915568478,-0.15424443899489143,0.0009576082833783282
2009-03-20,0.00021953236451613444,0.08850886126347288,-0.006634942936062283,0.00011854514443976932,-0.1542498158776361,0.0009535437742018209
2009-03-23,0.00021949132743928471,0.08853471243785029,-0.006632680380143341,0.0001187435850656614,-0.1542939137487648,0.0009495799950113948
2009-03-24,0.00021938189032448592,0.08855881835518953,-0.006630431379950837,0.0001188354158649282,-0.15431573784388203,0.0009463357645368077
2009-03-25,0.00021935176679262563,0.0885824501155473,-0.00662768198300974,0.000119006132659072,-0.15433829232792967,0.000942975309677833
2009-03-26,0.00021930366552547938,0.08861063261816311,-0.006625531567430449,0.00011910727430714838,-0.15434361555729326,0.0009407895472717878
2009-03-27,0.00021928887692269466,0.08863901927797693,-0.0066224612535556275,0.00011923706881264266,-0.1543544619887186,0.0009383644549978314
2009-03-30,0.00021922503115460242,0.08866852929752796,-0.006620011485692858,0.00011941622233166334,-0.15442129682716954,0.0009352184124934432
2009-03-31,0.00021916696037373775,0.08870147473912234,-0.00661735375396282,0.00011955566736448226,-0.1544154238134497,0.0009318753072484422
2009-04-01,0.00021906239101192467,0.08873289796348212,-0.0066142361876185924,0.00011953939627489785,-0.15443510996495335,0.000928252088032329
2009-04-02,0.0002190015910960183,0.08876170040926469,-0.006611031622642905,0.00011975185197892868,-0.15446236316299128,0.0009248733608363886
2009-04-03,0.00021893176553908038,0.08878763013996924,-0.0066087377257189215,0.00011977098564155157,-0.1545048472740306,0.0009210589031784558
2009-04-06,0.00021885642074117708,0.08881412612472447,-0.006606738144541447,0.00012004906521097318,-0.15451032827695885,0.0009175976949937294
2009-04-07,0.0002188104737004311,0.08884871512933662,-0.0066044692307326534,0.0001201097182012897,-0.15453921427909612,0.000915033648819633
2009-04-08,0.00021875387358957622,0.0888760890607349,-0.00660193804142794,0.00012025025096677648,-0.15458730060623405,0.0009119512584011549
2009-04-09,0.0002187129051116251,0.08890492712575868,-0.006598261023711251,0.00012037455537119258,-0.15455751008820034,0.0009083739046679608
2009-04-14,0.00021861436630065393,0.0889352827351195,-0.006596014651731417,0.00012037227692556304,-0.15453585643160622,0.0009050933405529073
2009-04-15,0.0002185560266244317,0.08895876320059976,-0.006593734483322951,0.00012044916119658996,-0.1546022079849474,0.0009015943587132944
2009-04-16,0.00021855441296220098,0.08898367104328107,-0.006591189725867614,0.00012053793211428809,-0.15467243117219948,0.0008985473943143985
2009-04-17,0.00021847391197327634,0.08900890764159701,-0.006589233973285952,0.00012055671062266766,-0.15474958152026294,0.0008948913431417107
2009-04-20,0.00021844160365599958,0.08903822378801318,-0.006587427008552992,0.0001207200575281394,-0.1547670584745034,0.0008910959998613528
2009-04-21,0.000218383666348136,0.08906250094177529,-0.006585748582309809,0.00012068812683210692,-0.15479837113734352,0.0008887417191772958
2009-04-22,0.0002183030683556899,0.08908678988087076,-0.006583963010637645,0.00012070935065906201,-0.1548372370417641,0.0008854697819376241
2009-04-23,0.0002182988593970918,0.08911209147233715,-0.006582496094489652,0.00012083182611833467,-0.1548982197877647,0.0008808579697761632
2009-04-24,0.00021825494806912177,0.08913761055933711,-0.00658024800896786,0.00012083827595852389,-0.15488588866378908,0.0008787807281525608
2009-04-27,0.00021823275294911978,0.08916721690739375,-0.00657796832107607,0.00012080477846484469,-0.15492692621898957,0.0008745373879117123
2009-04-28,0.00021818026464002772,0.08919252183998819,-0.006576166435268901,0.00012081927216479131,-0.1549028869168395,0.0008702005905554836
2009-04-29,0.00021806669393772472,0.08921807264608851,-0.006573744468227134,0.0001209566768308402,-0.1549252803694182,0.0008657477898583013
2009-04-30,0.00021802819969171924,0.08924219906723513,-0.006571088710627203,0.00012099765658604849,-0.1549262547810334,0.0008623085338208314
2009-05-01,0.00021797011939868641,0.0892665666503278,-0.00656815722846313,0.00012104008462434028,-0.1549430810509917,0.0008592292005855504
2009-05-04,0.00021789427698973423,0.08928697929971856,-0.006565276112066731,0.00012128020483146827,-0.15491988365230752,0.0008557795052700904
2009-05-05,0.00021781850137353746,0.08931325466342586,-0.00656365489787886,0.00012141017712327605,-0.15492937529147804,0.0008527721155679472
2009-05-06,0.00021772339193965035,0.08933886248934259,-0.006560872789656874,0.00012151324100878721,-0.15493131943159963,0.000849333913616646
2009-05-07,0.00021773370600715368,0.08937058280090351,-0.006559165134021512,0.00012166835067110935,-0.15499898627825415,0.0008461069120993931
2009-05-08,0.0002177077736580738,0.08940352251170806,-0.006557496254847697,0.00012157660031687266,-0.15499278645930642,0.000843810098610253
2009-05-11,0.0002175930907633909,0.08942994884106457,-0.006556356895842867,0.0001215350428811462,-0.15503868057967016,0.0008405190456018204
2009-05-12,0.00021755685971942644,0.08945788024263618,-0.006553553489039871,0.00012156723505213926,-0.15507247993591453,0.0008366957043073086
2009-05-13,0.000217510155028767,0.08948781632882874,-0.006551929166548207,0.0001215415261998217,-0.1551085906547335,0.0008325821675115271
2009-05-14,0.00021739779960720093,0.0895119254854801,-0.006550609212300079,0.00012152542640102404,-0.1551555301858958,0.0008289636116742697
2009-05-15,0.0002173617813068144,0.08953886279310068,-0.006548679674395905,0.00012166132667215317,-0.15516551642612006,0.0008261660159531558
2009-05-18,0.0002172659789462767,0.0895664432863984,-0.0065462959863764,0.00012186984292142073,-0.15519893706867297,0.0008234024080953424
2009-05-19,0.0002172050061635697,0.08959036336993323,-0.006544367065049938,0.0001221326050145121,-0.1552616121931421,0.0008194927384504768
2009-05-20,0.00021713870306881039,0.08962175366939865,-0.006542144311680747,0.00012226014828700747,-0.15525737846287865,0.0008165811529197782
2009-05-21,0.00021701545944325184,0.08964577324494688,-0.00653942687122953,0.00012231377607903362,-0.1552768756175421,0.0008129288559561045
2009-05-22,0.00021690347402088367,0.08967620204051724,-0.006537058434744815,0.00012260507867696574,-0.1552825292187624,0.0008092262928291764
2009-05-27,0.0002168474633597867,0.08970334162455298,-0.006534658271776206,0.000122726222520583,-0.15533247194696795,0.0008057554901338211
2009-05-28,0.00021677948012536815,0.08972702311963898,-0.006532888924943159,0.00012290163356368082,-0.15534312741087006,0.0008026850399842692
2009-05-29,0.000216701476166906,0.08975906272660492,-0.006530892134404366,0.00012297095078200748,-0.15535599908175893,0.0007995487268947553
2009-06-01,0.0002166288072063699,0.08978916473410109,-0.006528397500010105,0.00012301938029863425,-0.1553619292094595,0.000795613217529895
2009-06-02,0.00021656484141290873,0.08981299968740425,-0.006526303219313309,0.00012311018177240388,-0.15537668256441647,0.0007927481002642284
2009-06-03,0.00021647828719748396,0.08983685301690245,-0.006524027612960096,0.00012300510344517222,-0.15537288507687352,0.0007892409612701114
2009-06-04,0.00021638026328323005,0.08986846747346655,-0.006521997599711647,0.0001231038210657884,-0.1553906914155762,0.0007864305957920985
2009-06-05,0.00021636592560964388,0.08989378807985587,-0.006520789649420601,0.00012325420241020367,-0.15536542224061525,0.0007832334382164029
2009-06-08,0.0002162686304846872,0.0899241522239859,-0.006518876633532211,0.00012324455306529942,-0.1554133182962372,0.0007793808474194024
2009-06-09,0.00021618575700925593,0.08995045620237856,-0.006516510431762556,0.00012326366218365473,-0.15544398032093326,0.0007740474538668725
2009-06-10,0.00021610387112033961,0.08998266788385269,-0.006515449910354759,0.00012319626160713955,-0.1554828849573355,0.0007724528716236347
2009-06-11,0.00021593217569309606,0.09000997323286765,-0.006513414006836608,0.0001231185916913262,-0.1555154277814405,0.0007688276860209455
2009-06-12,0.0002158670489568913,0.090041907161526,-0.006512177795323018,0.00012326659042741401,-0.1555588115754692,0.0007652195297671241
2009-06-15,0.00021587812150924163,0.09006613937031656,-0.006509694783171989,0.0001233115868169224,-0.15554193776341935,0.0007619601516339577
2009-06-16,0.0002157663940766842,0.09009424651154707,-0.0065068275388011155,0.00012349406523556912,-0.15557836339689046,0.0007592388966456147
2009-06-17,0.00021564832264339053,0.09012078014987891,-0.006504527687711229,0.00012367689076506915,-0.15558599004445486,0.0007552061720284106
2009-06-18,0.00021563068754939485,0.09014940413252945,-0.006502516235661125,0.0001237185801974379,-0.15562514161544605,0.0007513309315677759
2009-06-19,0.00021558996997144932,0.09017749077731968,-0.006502233843444246,0.00012378875437051191,-0.15564665314100623,0.0007477532136308206
2009-06-22,0.00021549365607292348,0.09020347862211842,-0.006500396385197442,0.0001238300427720723,-0.15568448594212136,0.0007448322220879177
2009-06-23,0.00021542970163233177,0.09023220716243875,-0.0064985978614988315,0.0001239442378971308,-0.15572197139601565,0.0007418585004866994
2009-06-24,0.00021533017613903805,0.09026085753782524,-0.006495447383239422,0.00012400650310058454,-0.15573410995770648,0.0007389014810999786
2009-06-25,0.00021524790394569283,0.09028759971777192,-0.006493405077196979,0.00012400560621127985,-0.15576248693349348,0.000736011697476535
2009-06-26,0.0002151607160207029,0.09030923673483844,-0.006491038184734793,0.00012401785495401451,-0.1558514855304139,0.0007320989276688142
2009-06-29,0.0002150333537653285,0.09032872629104355,-0.0064883811512007625,0.00012406526637220646,-0.15584885229530276,0.0007291783043044367
2009-06-30,0.00021494230551700208,0.09035095100614994,-0.006486042306303872,0.00012415344786332022,-0.15590786335782314,0.000726481687806415
2009-07-01,0.00021478917879710858,0.09037215866153324,-0.00648430570696019,0.00012433331427490335,-0.15595980555986702,0.0007232252932638392
2009-07-02,0.00021471631265899624,0.09040319307032481,-0.006482754534636944,0.00012431254330596848,-0.15601582682047915,0.0007200139457383247
2009-07-07,0.00021464266151980657,0.09043079083387782,-0.006480609956262956,0.00012422093680035205,-0.15605830912038193,0.0007155165269315504
2009-07-08,0.0002145474028792775,0.090460277189316,-0.006478488985385996,0.00012418771344756168,-0.15609985126138673,0.0007116833932824474
2009-07-09,0.0002144524675459588,0.09049017094126804,-0.006476830403446874,0.00012427868267462591,-0.1561425719869432,0.0007080120481969469
2009-07-10,0.00021440610655788783,0.09051417111129323,-0.006475203334286894,0.00012444374200374007,-0.15617978868030097,0.0007052246059777762
2009-07-13,0.00021441311948322268,0.09053595142220092,-0.006473437094193278,0.00012464596370256919,-0.15622602608057518,0.0007013413581698318
2009-07-14,0.00021430165099455825,0.0905672055677467,-0.0064715930269345166,0.00012486256603461967,-0.15627042806048896,0.000698346750885254
2009-07-15,0.00021420554053839505,0.09059047640657018,-0.006469176001863626,0.00012475497707057224,-0.15628741346657288,0.0006964377044084569
2009-07-16,0.00021401352388844677,0.09061713852125189,-0.006466940691420331,0.00012484216005573175,-0.1563381398180749,0.000692349419193932
2009-07-17,0.000213949257460558,0.09064277086812049,-0.006464966836233417,0.0001250269704341276,-0.15639140874385532,0.0006902338264439975
2009-07-20,0.0002139154988627086,0.09067096988895179,-0.0064630238296452674,0.0001251334835286206,-0.15639731229157244,0.0006869244880508444
2009-07-21,0.00021379239210569647,0.09069797447576472,-0.006461641189042391,0.00012516333458914683,-0.15642278683104055,0.0006839348784253571
2009-07-22,0.00021377194149773153,0.09072742614407883,-0.0064594121761457415,0.00012528185664048745,-0.15642491040388384,0.0006809472964897462
2009-07-23,0.00021375915216433015,0.09074775929604985,-0.006457827233928249,0.00012530193871633307,-0.15652614038924856,0.0006769068837360284
2009-07-24,0.00021367049835032502,0.09076894772508129,-0.006456130717531497,0.0001253782254688896,-0.15659466290552942,0.0006737970648121304
2009-07-27,0.00021355907474959225,0.09079304853103778,-0.006454620869526582,0.0001253107148609994,-0.15663652798408698,0.0006703933519168863
2009-07-28,0.00021346813360312755,0.09081857516868008,-0.006451568259538862,0.00012549162417582827,-0.15670327202380374,0.0006670428191569898
2009-07-29,0.00021340584307827872,0.09084013141447606,-0.006450664771908509,0.00012543157109352364,-0.15674474403707966,0.000664215028017398
2009-07-30,0.00021328765151614558,0.0908646684760876,-0.006447970647992811,0.00012546354295703377,-0.15675923990456014,0.00066148837507874
2009-07-31,0.00021319744179623077,0.09088691254861145,-0.006446190271603338,0.00012556437100927744,-0.15680309444261237,0.0006590905567112682
2009-08-03,0.0002131358426327458,0.09090696096623714,-0.006444787283214493,0.00012570687521349354,-0.1568555980397719,0.0006569013728894233
2009-08-04,0.0002130739551184879,0.09093187852250967,-0.0064432688914516185,0.00012578151031855447,-0.1569338329635358,0.0006537433102540384
2009-08-05,0.0002130064461535791,0.09096304758868541,-0.006440453076537617,0.00012576659882288137,-0.15695682755260965,0.0006510282442562463
2009-08-06,0.00021296440298598128,0.09099473556283177,-0.006438700563505401,0.00012586601065353055,-0.1570081273816587,0.000648369427648243
2009-08-07,0.00021291865813667342,0.0910164474688014,-0.006437118131305346,0.00012601188710377215,-0.15706570561307126,0.0006456659748549601
2009-08-10,0.0002128570054357275,0.0910416710099085,-0.006434162694207747,0.00012600351709419038,-0.15714058524399216,0.0006422023940045788
2009-08-11,0.0002127555972449796,0.09106849337946882,-0.006432777285045303,0.00012605160076489867,-0.1571687050712991,0.0006391951145513241
2009-08-12,0.0002126767420753406,0.0910913411374971,-0.0064302302781082486,0.00012615311224458415,-0.1572001337475813,0.0006353890095237934
2009-08-13,0.00021255824338952097,0.09111885035504566,-0.006428615771597552,0.00012620984594274726,-0.15728079393002475,0.0006324665401574407
2009-08-14,0.00021244324059883568,0.091147953841776,-0.006426629433466232,0.00012616542977367885,-0.15732730601550196,0.0006292335734656429
2009-08-17,0.00021241107659695385,0.0911688825488101,-0.006424732779116606,0.00012609748149909505,-0.15733883125292947,0.0006261280307530705
2009-08-18,0.00021233553259483316,0.09119528752739704,-0.0064229171412535785,0.0001261013986796068,-0.15740554310987656,0.0006235332082903593
2009-08-19,0.00021218319345339703,0.09122127067621634,-0.006421779235588409,0.00012614994635333021,-0.15743815208577527,0.0006203061908074936
2009-08-20,0.00021205504153101886,0.09124754981716135,-0.006419564236831521,0.00012614302900862753,-0.1574418393082032,0.0006174452329537544
2009-08-21,0.00021200182743420074,0.09127232032546881,-0.006418348910693883,0.00012612601731936516,-0.15748666935043482,0.0006136752195002089
2009-08-24,0.0002118741219298565,0.09129457379991016,-0.006417189542004135,0.00012624958635935497,-0.15754448773376487,0.0006115593026505657
2009-08-25,0.00021180117672919298,0.0913160164758176,-0.006414198186394736,0.00012637813610095078,-0.15758709274392757,0.0006075712654384243
2009-08-26,0.00021171051036878057,0.09134288756502831,-0.006412598374345597,0.00012626028992345617,-0.15757812111052014,0.000604843302744241
2009-08-27,0.00021160615871168966,0.09136955668407297,-0.006410165408323231,0.0001264296047123729,-0.15763525990662997,0.0006023533962061584
2009-08-28,0.00021150312140009295,0.09139719614062257,-0.006408063365387736,0.00012643653025854994,-0.15770103082596756,0.0005996988696659104
2009-08-31,0.00021141928145905017,0.09141750189186841,-0.006406062435268591,0.000126464906368057,-0.1577079464300832,0.0005951953578184425
2009-09-01,0.00021136162595471303,0.09143968131284752,-0.006404040357259327,0.00012648330749843867,-0.15770542022349565,0.0005919420894847515
2009-09-02,0.00021126131615242257,0.091468280829536,-0.006402804046482586,0.00012648532646427637,-0.15776020251278278,0.0005886146120950974
2009-09-03,0.0002111105624476099,0.09149135949126815,-0.0064004114227425475,0.0001265268592944298,-0.15782003030329023,0.00058544296312593
2009-09-04,0.00021104436159384278,0.09150834069951982,-0.0063983059270926665,0.00012671848849379856,-0.15785105187219825,0.0005819277327736915
2009-09-09,0.0002109750933727476,0.09152920276042925,-0.00639676191543453,0.0001267086452832891,-0.15793727982895295,0.0005792790239192849
2009-09-10,0.00021088041538395576,0.09154947973094844,-0.006394719661992734,0.0001266907655283176,-0.15797280805706246,0.0005759045621683389
2009-09-11,0.00021080094828655456,0.0915719756049272,-0.006393162210828601,0.00012672482880429068,-0.1580381732046113,0.0005728450337765111
2009-09-14,0.00021077781940885242,0.0915928258071831,-0.006391516952200678,0.00012675661879665273,-0.15806658186367067,0.0005698697765117324
2009-09-15,0.00021067509740572483,0.09161064132805535,-0.006388715149483519,0.0001267713627661149,-0.1580975522406892,0.0005667042163066664
2009-09-16,0.00021062044239112266,0.0916333043721606,-0.006386795064952384,0.00012698327334748316,-0.15814776594123647,0.0005635546845901764
2009-09-17,0.000210576661893793,0.09165604738886905,-0.006384443166252769,0.0001269460008027504,-0.1582040871267906,0.0005602804227868741
2009-09-18,0.00021043293432226396,0.09167978182152091,-0.006382788449532384,0.00012710925356393513,-0.1582456329786865,0.0005568911912022237
2009-09-21,0.00021031395456334444,0.09170541491997941,-0.006380402875666527,0.00012741802952296344,-0.15829158299367369,0.0005547638932925493
2009-09-22,0.00021022925359812623,0.09172724073728618,-0.006378554423647667,0.00012738461990747062,-0.15828047527089598,0.000552336936760802
2009-09-23,0.0002101157628784455,0.09175093352498599,-0.006376217767192435,0.00012750449560489205,-0.15833274281240067,0.0005508495265016108
2009-09-24,0.00020998860140206225,0.09177583245013943,-0.0063736885673205575,0.00012764093046863432,-0.15833720697485038,0.0005482800430560342
2009-09-25,0.00020992972984252816,0.09179511343672958,-0.006371115267899956,0.00012774746757791483,-0.1584234054853436,0.0005452151785111948
2009-09-28,0.00020986352964813952,0.0918126634774792,-0.006368507472323084,0.00012780766376494542,-0.15843309106326228,0.0005409752510038732
2009-09-29,0.00020984557796361502,0.0918292298056031,-0.006366559535073364,0.00012789167393634026,-0.15849874058736863,0.0005370568847974115
2009-09-30,0.0002097605076597033,0.09184878959820239,-0.006365490537872564,0.00012796412030805597,-0.15851226833577547,0.0005335639860717626
2009-10-01,0.0002097392467848413,0.09186802892989954,-0.006363790110062493,0.00012817155185558781,-0.1585418497995209,0.0005307933027836551
2009-10-02,0.00020962579867066214,0.09189357731444457,-0.0063616728614686695,0.00012817085896576187,-0.1585469464925428,0.0005275088375738131
2009-10-05,0.000209611493174411,0.09192025957108717,-0.006359333721730508,0.00012811409428596993,-0.15855552111569596,0.0005251007416583439
2009-10-06,0.00020958013060894085,0.09194635868966848,-0.00635750338777282,0.0001280115420029406,-0.15859729269636202,0.0005213992752119334
2009-10-07,0.00020948912643582358,0.09196764633344276,-0.006356051990724184,0.00012821391448433105,-0.15861870393504002,0.0005194029177366346
2009-10-08,0.00020948199726450995,0.09198376014857101,-0.006354322568967036,0.0001283804040683789,-0.15865449946761703,0.0005169691862256157
2009-10-09,0.00020940867844331773,0.09200675575185274,-0.00635207258055503,0.00012855208980425356,-0.15868675838224522,0.0005150398381624734
2009-10-14,0.00020935517467503717,0.09202444321285534,-0.006350540190996831,0.00012854285377690778,-0.15869119661108744,0.0005127799753320225
2009-10-15,0.0002092929711317752,0.09205468256363923,-0.006348567033677344,0.00012852775191147248,-0.15878062761815748,0.0005099540455470143
2009-10-16,0.00020925074012534653,0.0920814180521868,-0.0063463610232108655,0.0001285242010062445,-0.15880195652016615,0.0005061023742356531
2009-10-19,0.00020920186566908208,0.09210463884174945,-0.0063443283887042725,0.00012852040203895442,-0.15886201718461748,0.0005030309298528822
2009-10-20,0.00020910819437388039,0.09212438188931268,-0.006342843635585626,0.00012861550439229383,-0.1588399454393843,0.0004998855750018102
2009-10-21,0.0002090299948890686,0.09214972328018779,-0.006340546194369678,0.0001286500861924623,-0.15884904155806273,0.0004962910039613798
2009-10-22,0.00020896245504448954,0.09217319144866278,-0.006338279196670596,0.00012883306424903452,-0.15882609780917006,0.0004942310413030645
2009-10-23,0.00020885474722921252,0.09219880094990726,-0.006336071729939219,0.00012901258946481007,-0.15880229879285782,0.0004906876577369106
2009-10-26,0.00020874461091237076,0.09222232681024665,-0.006334179833852088,0.00012906880791372404,-0.15885503051228078,0.0004881013176942082
2009-10-27,0.00020869324835947814,0.09224336997979288,-0.00633289525073099,0.0001290843908103547,-0.15890523405916596,0.0004852775056117723
2009-10-28,0.0002085710928666463,0.09226762494697324,-0.006330708619860171,0.00012923294249612014,-0.15888883822389388,0.0004822904271988393
2009-10-29,0.00020856480307149605,0.09228855892326024,-0.006328111640126173,0.00012934921373272638,-0.15887615688276885,0.0004797410119434949
2009-10-30,0.0002085041369068648,0.09231100709297947,-0.006326735755967242,0.00012942139140210756,-0.15890815022988325,0.0004762475144028893
2009-11-02,0.00020835044694089496,0.09233311418448582,-0.006324854382260915,0.00012964300255836127,-0.15892849389230645,0.0004742400117691889
2009-11-03,0.0002082463147370878,0.09235409966571365,-0.00632321842929548,0.00012979010839252278,-0.15895693319651494,0.0004715035080382149
2009-11-04,0.00020812451033496907,0.09238240534766935,-0.006321891409467014,0.0001298027141765194,-0.15905434061051565,0.00046855922953649003
2009-11-05,0.00020812116760425057,0.09240419659052526,-0.006319896860413617,0.0001298905987382552,-0.15909253109212695,0.00046523282762477616
2009-11-06,0.00020807011763969871,0.09242586699216938,-0.0063172910491985845,0.00013006830332615196,-0.15913640174906957,0.0004607611434753515
2009-11-09,0.0002080051317088176,0.09244509745594981,-0.006315707835107444,0.00013012798816549497,-0.15916469524103036,0.0004574076399109812
2009-11-10,0.00020797105984296957,0.09245872158610821,-0.006314833305395413,0.000130230555282141,-0.15919314827402653,0.0004552093438313844
2009-11-13,0.00020791591097337383,0.0924861762163592,-0.0063129276264040895,0.0001301704374906043,-0.1592371859166992,0.00045213683452557024
2009-11-16,0.00020782781895280423,0.09251270430026119,-0.006311676989038312,0.00013019443344667187,-0.1592162085900409,0.00044969231361740105
2009-11-17,0.0002077495074687514,0.09254031553305934,-0.006310146634990348,0.00013021891032680984,-0.15924851314876173,0.0004470757375495499
2009-11-18,0.00020768960353953182,0.0925554340336162,-0.006308042093486609,0.0001299327676989519,-0.15924832828732746,0.00044486134193807893
2009-11-19,0.00020759510697800356,0.09257755316866037,-0.006305922427134513,0.00013023035063188554,-0.1592689094960351,0.0004411932721079147
2009-11-20,0.00020751402826560953,0.09260446735416752,-0.006303918137923321,0.00013036494415410974,-0.1592787720933712,0.0004384696414652905
2009-11-23,0.00020744102534689182,0.09262815353127546,-0.006301583676142752,0.0001303419545003958,-0.15930255998518855,0.0004356876003781204
2009-11-24,0.0002073578877062311,0.09265313476032525,-0.006299698782600294,0.0001302523935399841,-0.1593276596900805,0.00043347142030140067
2009-11-25,0.00020724131406428002,0.09267884884599326,-0.0062981224647819245,0.000130249896522206,-0.15934929983745505,0.0004297332499414184
2009-11-30,0.00020714434004180088,0.09269591525212306,-0.0062962989266711475,0.00013035255084802402,-0.1593838679365605,0.0004275919266906844
2009-12-01,0.00020700849731255014,0.09272001917155628,-0.0062945448869055984,0.00013047241237834184,-0.15939719331285365,0.0004242785083744259
2009-12-02,0.00020693711162155656,0.09274431552501454,-0.006293706772123769,0.0001304611469417588,-0.15943588887659696,0.0004217957846317563
2009-12-03,0.00020682547706003682,0.09276347716525021,-0.0062906562657315,0.00013048088695619118,-0.15948825147353343,0.0004198866430766061
2009-12-04,0.0002067163765999659,0.09278369482297333,-0.00628915644330912,0.00013051268903821852,-0.15956420781174885,0.0004178811955874021
2009-12-07,0.00020667134243660564,0.09279800649974061,-0.006287520265442395,0.00013053636996693797,-0.15960325624446048,0.00041599852189348844
2009-12-08,0.00020652263287274537,0.09282063136855317,-0.006287141431370607,0.00013074801210416373,-0.1596530025917041,0.00041370599075597015
2009-12-09,0.00020643441671758925,0.09284687870127051,-0.006285454012886872,0.00013069164277938083,-0.15970122442644308,0.00041063973488827434
2009-12-10,0.00020637090695597678,0.09286578412927074,-0.0062837134895448975,0.00013088360279673087,-0.15969953240695656,0.0004075378417740868
2009-12-11,0.0002062395713936535,0.09288686581578531,-0.0062817997538446605,0.00013084479971251146,-0.1596616748186426,0.00040454507389451537
2009-12-14,0.0002061187103265576,0.09291049116334962,-0.006279930913561635,0.0001308894291730174,-0.15967020353395564,0.0004020920123190197
2009-12-15,0.00020602752019093537,0.09293270223991444,-0.006278625005932848,0.00013106833656957364,-0.15970898902172795,0.00039997300482303604
2009-12-16,0.00020589827384461751,0.09295632254500467,-0.00627642011413901,0.00013118441659237028,-0.1597481941801273,0.0003979455111888431
2009-12-17,0.00020582751087913097,0.09297697314772368,-0.006274402705946666,0.0001311541851527238,-0.1597485326073644,0.00039581433255522715
2009-12-18,0.00020578032566838223,0.09299965597282567,-0.006272007038660362,0.00013113389617006694,-0.15972897592519691,0.0003932659475300664
2009-12-21,0.00020573650105284845,0.09301791698318909,-0.0062694897848915,0.00013132959411892974,-0.1597750925266445,0.00039059527845596877
2009-12-22,0.0002056982364905406,0.09304282616592041,-0.006267766744516113,0.0001315237194013994,-0.15983481790539206,0.0003880636861749895
2009-12-23,0.00020566875262055813,0.09306492578443341,-0.006266121390418746,0.00013170646400256867,-0.15982085068543617,0.00038452972001208434
2009-12-24,0.00020559519200114083,0.09308480070746576,-0.0062660995207202,0.00013188956252221056,-0.15983377843274965,0.00038302741806687553
2009-12-29,0.00020553640952440427,0.0931055664848642,-0.006263480244737002,0.00013184763172429507,-0.15982484982840073,0.00038044716611789414
2009-12-30,0.00020543969901568368,0.09312980822744771,-0.006261265375023495,0.00013188554784690097,-0.15986329982584158,0.00037696875176515223
2009-12-31,0.00020526831810028446,0.09314160463507914,-0.006259550680240503,0.00013182861821474772,-0.1598716971767138,0.0003745090554676647
2010-01-05,0.0002052353089337719,0.09316857744212699,-0.006258213498598827,0.00013189602580248162,-0.15989327697602612,0.0003718602186626573
2010-01-06,0.00020514529052403436,0.09319074010687098,-0.0062571104344345575,0.0001319746593731858,-0.15988441173442114,0.0003694054110916409
2010-01-07,0.00020510037862390848,0.09320575870856701,-0.006256479188247304,0.0001319813991024901,-0.15990689048248857,0.00036788030549902154
2010-01-08,0.00020502584276654523,0.09322752375485374,-0.006255009293928894,0.00013188544853724854,-0.15994626656304806,0.00036468277004708856
2010-01-11,0.00020498828552143538,0.09324804140214969,-0.006252918182605172,0.00013200529541751275,-0.15991840956142056,0.00036223811415197815
2010-01-12,0.00020487127445559873,0.09326296839184083,-0.006250642306565937,0.000131950947744894,-0.15996791696346288,0.000359730256623825
2010-01-13,0.00020484791190844968,0.0932789617849175,-0.006249344072914834,0.00013212584038229487,-0.15999061751854604,0.00035683603312266306
2010-01-14,0.00020479865472994977,0.09330288619394071,-0.006248186003057581,0.00013230460487665454,-0.15998137638018411,0.0003537522021603111
2010-01-15,0.000204704865807714,0.09332003337387668,-0.006246599324548705,0.0001324277162178053,-0.16002344775345947,0.00035071760123072196
2010-01-20,0.00020453560963238498,0.0933399442575529,-0.0062449207959554874,0.00013241963193840261,-0.16004450226394712,0.00034692312642959337
2010-01-21,0.0002044601476316596,0.09336470840101031,-0.006244254615642155,0.00013252007326263105,-0.16005227732335753,0.00034438123705476183
2010-01-22,0.00020436362243465665,0.09338514211182533,-0.006242513141710348,0.00013244688555435496,-0.1600968114090545,0.00034115455917336753
2010-01-25,0.00020424738906438998,0.09340224585663309,-0.0062414889748365196,0.00013232230395987613,-0.16009114287385973,0.00033877957962237504
2010-01-26,0.00020418519731907195,0.0934203517616044,-0.006240243241196519,0.0001322587548847303,-0.16012275154099476,0.0003376496706005653
2010-01-27,0.00020410260243698298,0.09343651449027945,-0.006238116217874455,0.00013239142549627476,-0.1601438273000263,0.00033504666839031497
2010-01-28,0.00020406046127134298,0.0934519798403528,-0.006236422588244833,0.00013240596657427593,-0.16013816357899097,0.00033294744746950817
2010-01-29,0.00020399732987860523,0.09346936165780342,-0.006234335330089516,0.00013239482354156795,-0.16015574407842406,0.0003305143743614086
2010-02-01,0.0002039541250263521,0.09348621580895443,-0.0062328564486335124,0.00013244329004677682,-0.16016610116122257,0.0003281371726661078
2010-02-02,0.0002038465529864606,0.09350519810314449,-0.006231418877152453,0.00013256022647653261,-0.16017465506840206,0.00032528832185911983
2010-02-03,0.0002037484072704842,0.09351961740771277,-0.006229949909437139,0.00013259629231456986,-0.16022988530799498,0.0003228063065198434
2010-02-04,0.0002036701575727066,0.09353840755352413,-0.006229070096386096,0.00013260862068508974,-0.1602635937832387,0.000320026268178423
2010-02-05,0.0002035754018730834,0.09356078534966858,-0.006227134128654648,0.00013266965005670928,-0.16033977492246196,0.00031744716800684357
2010-02-08,0.0002035422900358803,0.09357159785253401,-0.006225637949264227,0.00013290652287677564,-0.16037537320759215,0.0003153435842088027
2010-02-09,0.00020349642977163793,0.09359291805097816,-0.006223623863588101,0.00013291039548754373,-0.1603938551256018,0.00031286961330168723
2010-02-10,0.00020346116912214277,0.09361200307983165,-0.006222556327830726,0.0001331414646184181,-0.16043051531827152,0.0003111780471817167
2010-02-11,0.00020342563525603614,0.09363103435771956,-0.006220049270192208,0.00013322005369652135,-0.16045156601179542,0.00030883136799269586
2010-02-12,0.0002034206136440469,0.0936425560375758,-0.0062183198726144945,0.00013340842003084957,-0.1605056526975094,0.00030656414947425806
2010-02-17,0.00020335829828286675,0.09365562586068614,-0.006218111230234,0.00013356487070213146,-0.16054932529394517,0.00030626441334646285
2010-02-18,0.00020330348893435793,0.09367152352673652,-0.006217048425022611,0.0001337561501083,-0.16063515828730254,0.0003037450300293011
2010-02-19,0.0002032759648050587,0.09369432517340294,-0.006216521779617816,0.00013374313177504858,-0.16062950430490724,0.0003023972544559196
2010-02-22,0.00020319241465761796,0.09371259048329188,-0.006215533240652241,0.00013384253051228393,-0.16066800348154253,0.0003007165907326218
2010-02-23,0.0002031570845366033,0.09372599654564465,-0.006213578005921653,0.00013389778494028295,-0.16067961051161705,0.00029830621066298166
2010-02-24,0.00020303778141833847,0.09374417123451771,-0.006211741645516709,0.00013383109682280783,-0.16070244712521795,0.00029481791581036044
2010-02-25,0.0002029002819931728,0.09376855454007553,-0.006209601647423576,0.00013388651343147932,-0.16076275702138682,0.000292303860029192
2010-02-26,0.00020277859027677942,0.09378877628729397,-0.006209303742554131,0.0001339231871928799,-0.1607880517502329,0.00029010876979487197
2010-03-01,0.00020265674400293088,0.09380533428627329,-0.0062070547431469295,0.0001339074228876387,-0.16084181324095964,0.0002879637775084407
2010-03-02,0.00020261625556596235,0.09382436875388425,-0.006205663278927969,0.00013392476943585417,-0.16092279993483233,0.00028509624287317804
2010-03-03,0.000202603011964386,0.09384894056717354,-0.006203402644387816,0.00013394914380723244,-0.16098560779780313,0.0002823642320651946
2010-03-04,0.00020256260538620556,0.09386622963681795,-0.006201529145421488,0.00013395737441995265,-0.16100172067140167,0.0002796219275554132
2010-03-05,0.00020249585816268994,0.09388436035381731,-0.006200133854545935,0.00013413237953532772,-0.1610250613928197,0.00027637829110550036
2010-03-08,0.00020243114764620552,0.0939065325117655,-0.006198769176270385,0.00013426380420855787,-0.16105692141574793,0.0002731830949630762
2010-03-09,0.00020235828384691166,0.09392694979723396,-0.006198257379526576,0.00013429727192472367,-0.1610808011924478,0.0002709229764376451
2010-03-10,0.00020235088846943866,0.09394103595510997,-0.006196234150751658,0.00013447911710699244,-0.16107864626508173,0.0002679761072273874
2010-03-11,0.00020230639716719336,0.09396742455115638,-0.006194292988308954,0.00013458708196430896,-0.1611229029797079,0.00026632785242762384
2010-03-12,0.00020233301242066995,0.09398781046182107,-0.006192020415530319,0.00013459812719272986,-0.16111909258392082,0.0002640822967853137
2010-03-15,0.00020228957915691668,0.09400522631530567,-0.006189237348181489,0.00013472448622132944,-0.16115494567187003,0.00026164736691770515
2010-03-16,0.00020221455503379913,0.0940307668983867,-0.0061879977151509695,0.0001348583279062683,-0.16114744985231422,0.00025914421502971885
2010-03-17,0.00020222261053416104,0.09404923305099878,-0.006187312210407372,0.00013483576296626984,-0.1612146985774141,0.0002561559995080177
2010-03-18,0.00020213558423868994,0.09407070282058866,-0.006185322972579134,0.0001347455504898273,-0.16126928199357846,0.0002539682423280235
2010-03-19,0.00020209395447309573,0.09409790155757355,-0.006184232219913297,0.0001347863471256377,-0.16131339681808288,0.0002511542337150304
2010-03-22,0.00020200605109626412,0.0941135023745607,-0.006183084606068532,0.00013486667434567867,-0.16130913466965782,0.00024926775325891353
2010-03-23,0.00020201125083976643,0.09413230884059351,-0.006181035382582568,0.0001349722881242202,-0.16133461248808167,0.0002460760486635614
2010-03-24,0.0002019795960640496,0.0941561736940398,-0.0061797399805884915,0.00013528677235206295,-0.1613840548317692,0.00024387832987425204
2010-03-25,0.00020198791107228878,0.09417050743050781,-0.006177422961303256,0.00013540013531707096,-0.16141256858934283,0.00024081617834406687
2010-03-26,0.0002018950338447935,0.09419449625614724,-0.0061753018483575815,0.0001354531948013521,-0.16145656173109382,0.00023855835770107654
2010-03-29,0.00020184461988585208,0.09421691499225421,-0.006173790565046839,0.00013554313808285582,-0.16149902225036944,0.00023521585572463917
2010-03-30,0.00020177364256730322,0.09422773434956026,-0.006172708139731502,0.000135742379247139,-0.1615238746266769,0.00023301593883644575
2010-03-31,0.00020171702282940378,0.09424329452359421,-0.006170644652534151,0.00013582578417075392,-0.16150928078405394,0.000230057438186853
2010-04-01,0.00020159696742852936,0.09426042968499036,-0.006169284439980859,0.00013605342777862342,-0.16154032983009625,0.0002270607939838083
2010-04-06,0.00020147238666583426,0.09427861615066438,-0.006168796370568932,0.00013604577895351313,-0.16153752801979293,0.00022434844537575827
2010-04-07,0.0002013865774412167,0.09429870903450228,-0.006167417781268232,0.00013613723631323993,-0.1615673902164136,0.00022222346885335237
2010-04-08,0.00020130884383960266,0.0943148978787307,-0.006164521246728233,0.00013622636775923258,-0.16159105052891845,0.00021957828312151013
2010-04-09,0.00020124400470791144,0.09433375787585961,-0.006163494174258315,0.0001362804643122029,-0.1616766084920079,0.00021682762009883605
2010-04-12,0.00020119111672222925,0.09434997295259048,-0.006161849974354794,0.000136449750172859,-0.16169161196282247,0.00021394603113717423
2010-04-13,0.00020112433894850534,0.09436975461215684,-0.006159926550084665,0.0001365543470281773,-0.16169596140593795,0.00021216446638068303
2010-04-14,0.00020113960930674492,0.09438957554373142,-0.006158237681452794,0.0001367008254464489,-0.1617391606010875,0.0002095405655642549
2010-04-15,0.0002010704394967792,0.0944050921608201,-0.006155564347880581,0.00013689907269718072,-0.16174493118298558,0.00020843775858822323
2010-04-16,0.00020105218891494078,0.09442630354130206,-0.006154858295176346,0.00013706901922183048,-0.16178076955012835,0.00020610996072059553
2010-04-19,0.00020099933462526678,0.09444076860836793,-0.006153652460130702,0.00013700941889598298,-0.16185609278384586,0.00020380501550908045
2010-04-20,0.00020090165607928258,0.09446246057381538,-0.006151780982163349,0.00013702823462657704,-0.16190197565321993,0.00020214946589514033
2010-04-21,0.00020080697510594221,0.09448511863145077,-0.006149048263477292,0.00013710388451761602,-0.1619523558340022,0.00019950445997879874
2010-04-22,0.00020085762514571287,0.09450440901222476,-0.006147481215958954,0.00013714646682704468,-0.1620147639488163,0.00019824029439587527
2010-04-23,0.00020079406559003884,0.09451790962164776,-0.006145721811739964,0.00013728389979131462,-0.16206606540454616,0.00019531300820307767
2010-04-26,0.00020066926681190514,0.09453270602917489,-0.006143526340770782,0.00013723871574613996,-0.1620888601675842,0.0001924325321593664
2010-04-27,0.00020064108322525817,0.09455221639895876,-0.006141182413010914,0.00013727027645208957,-0.16211998812536152,0.00019047951839909298
2010-04-28,0.0002005746888676022,0.09457054790646247,-0.006138618335651486,0.00013721482806010972,-0.1621598999464366,0.00018809495603468223
2010-04-29,0.00020054922901011904,0.09458520329439468,-0.006137226781641839,0.00013728510178737655,-0.1621798024069383,0.00018534125819724603
2010-04-30,0.00020049057479451618,0.0946012155486634,-0.0061353748141891535,0.00013718902341056279,-0.1621945714187672,0.00018374570267138974
2010-05-03,0.00020045274534398951,0.09461834178454287,-0.0061342675619859115,0.00013741056388149133,-0.16219513136539718,0.00018077071282276362
2010-05-04,0.00020041223157685488,0.09463218794915987,-0.006132035377254792,0.00013764475765699452,-0.1622353790922504,0.00017964399793582946
2010-05-05,0.00020034292194674852,0.09465676537364714,-0.0061302430330489694,0.00013771194121413817,-0.16226852484773036,0.00017717789707369618
2010-05-06,0.0002002924228131689,0.09467531280881519,-0.006128700116386983,0.00013789907898652015,-0.1622652762341397,0.00017486438813607325
2010-05-07,0.00020025722172659945,0.09469247112245296,-0.006127794883686133,0.0001381485462908621,-0.16227591566373054,0.00017192402707324323
2010-05-10,0.00020020527663046307,0.09470566168180439,-0.006126231469336392,0.000138252273549087,-0.162330808854908,0.00016993286311011915
2010-05-11,0.00020022342656384934,0.09472005446618899,-0.006125368407799073,0.00013860742754911464,-0.16236356568778312,0.00016786109248360926
2010-05-12,0.00020013828903136353,0.09473438105794195,-0.006124440315591038,0.00013872712344318363,-0.16240107551973854,0.00016635619272011975
2010-05-13,0.00020006716895492794,0.09475016106758208,-0.006122834579789449,0.00013875652514157915,-0.16241385080373535,0.0001643254037939102
2010-05-14,0.00020001170516789412,0.09477153825700398,-0.006120672494905856,0.0001387429331812882,-0.16237904870428677,0.00016323449666240164
2010-05-17,0.00019996054307789367,0.09478119856503135,-0.006118662090553271,0.00013871748379740126,-0.16236461558941206,0.00016115897342197888
2010-05-18,0.00019994644982662614,0.09480066803371834,-0.006117500581232806,0.00013873104745951333,-0.16236601690616653,0.00016077109522617057
2010-05-19,0.0001999051442610589,0.09481286763785549,-0.006115515009031233,0.0001388050625829806,-0.1623632696754951,0.0001595762108838825
2010-05-20,0.00019986597154902634,0.09482877709257023,-0.006114663356121355,0.00013877125804091545,-0.16238499382873517,0.00015930390852394457
2010-05-21,0.00019984163994648155,0.09485059258153855,-0.006112553038448795,0.00013868139944843877,-0.16243074368335125,0.00015775363597253853
2010-05-24,0.00019978587619921893,0.0948670664797069,-0.006110021780223022,0.00013857051208771755,-0.1624601512472491,0.00015686436509672845
2010-05-25,0.00019976146159263834,0.0948783617611143,-0.006109351187588877,0.0001388177571266295,-0.16246079630195284,0.00015537830989386867
2010-05-26,0.00019967519087558467,0.09489541684564652,-0.006107138414986807,0.0001389516559563305,-0.1624871067796051,0.0001551681901170744
2010-05-27,0.0001995992708508318,0.09491240338395332,-0.006105782445796374,0.0001390361611313749,-0.16252759254107285,0.00015414595744283883
2010-05-28,0.00019954724609441173,0.09493285067931172,-0.006104925758958104,0.00013930606441205583,-0.16250454619433133,0.00015453548768168466
2010-06-02,0.0001995188899124465,0.09495263954179607,-0.006103446566524872,0.000139089430897302,-0.16251914076351076,0.00015340252507086588
2010-06-03,0.00019949274146717814,0.09497168493320601,-0.006102733350300852,0.0001392360680925479,-0.16256709805912828,0.0001526047092151826
2010-06-04,0.00019942751495893114,0.0949793994413964,-0.006101771037526325,0.00013923940186288746,-0.1626526471036807,0.00015179894394137865
2010-06-07,0.00019939317844462626,0.09499112887532987,-0.0061002321989916276,0.00013918776566318661,-0.16268611675475259,0.00015073821866590567
2010-06-08,0.0001993490940777923,0.09500956553468833,-0.006098578130553287,0.0001393453494741555,-0.1627031415299722,0.00014844602396424226
2010-06-09,0.0001993586033815548,0.09502664098939227,-0.006096961914749417,0.0001393063292322771,-0.16272427325666,0.00014686077225551053
2010-06-10,0.000199308794815049,0.09504427781216751,-0.006095291656211133,0.000139250318810684,-0.16277542090008085,0.0001461185608855163
2010-06-11,0.00019924093951586864,0.09505639843661359,-0.006094225758565082,0.00013935651201159974,-0.16278024232291896,0.00014356287830760847
2010-06-14,0.0001992383725535549,0.0950694688964136,-0.006093870211219871,0.00013945013557211937,-0.16281888610593118,0.00014256725802440367
2010-06-15,0.00019922947818790227,0.0950893403547787,-0.006093056649327546,0.0001396844102378971,-0.16284936761620825,0.0001402776609315736
2010-06-16,0.00019916368762076968,0.09510618279719579,-0.006091973476940641,0.00013981472901538808,-0.16289345398852814,0.0001392381804154923
2010-06-17,0.00019918006496759974,0.09511271883628812,-0.006090526741155429,0.00013984267482457919,-0.16292040465148025,0.00013726028009805472
2010-06-18,0.00019910362932382304,0.0951228250624259,-0.00608915606713502,0.00013997290339026668,-0.1629819660328376,0.00013548362003058286
2010-06-21,0.00019901655739108597,0.09514374055546983,-0.006088146887170818,0.00014003453224867423,-0.16301367290169516,0.00013422668040959839
2010-06-22,0.0001989648425682687,0.09516174980883241,-0.006087164264171781,0.000140118314471227,-0.1630374387325811,0.0001327209453043151
2010-06-23,0.00019888403746797228,0.0951769582625456,-0.006085335413137688,0.00014020550407460597,-0.16306221184578978,0.00013098939651897496
2010-06-24,0.00019883432844597945,0.095188453863013,-0.0060845663657607615,0.00014043889783751145,-0.16304848414139156,0.00012960200862936847
2010-06-25,0.00019873197688210166,0.09520768757411557,-0.00608342765453546,0.00014051988915304498,-0.16312174442554667,0.00012809203509023503
2010-06-28,0.000198710632427024,0.09521885176501532,-0.006081927760985682,0.00014053405115420876,-0.16312869169765737,0.00012591394337238857
2010-06-29,0.0001987178697120215,0.09523596465705156,-0.006080914408687098,0.00014070314933803483,-0.16318781247539876,0.00012439603587639304
2010-06-30,0.00019865959474849466,0.09525266396792709,-0.006078845648142031,0.00014084984146064755,-0.16323701705313431,0.00012226150704722254
2010-07-01,0.0001986226330158369,0.09526828727274175,-0.006077625187608101,0.00014085088750753985,-0.16327776587729617,0.00012073217434966309
2010-07-02,0.00019856976193394305,0.09528530605388352,-0.006077194850335746,0.0001409715275884263,-0.16328015336661056,0.00011881209587417832
2010-07-07,0.00019862078671363116,0.09530376173626202,-0.006075398211182144,0.00014112623701540523,-0.16332839588406212,0.00011843471835226005
2010-07-08,0.0001985742945620749,0.09531712382315748,-0.006073313948671278,0.00014132486605095124,-0.16335256227610206,0.00011651258274975778
2010-07-09,0.00019854023659390967,0.09533660529481913,-0.006071766863653254,0.00014130967559756595,-0.16336499963929332,0.00011470242406753288
2010-07-12,0.0001984890292595394,0.09535468617330055,-0.0060704602687481355,0.00014128836721214903,-0.16338544337714006,0.00011386275704441414
2010-07-13,0.00019841415779016185,0.09536868522906225,-0.006068289605205794,0.00014139866714723656,-0.16341644502357144,0.0001132014899496201
2010-07-14,0.00019834398246108581,0.09538098363401985,-0.0060676877133159935,0.00014142151393117244,-0.16344448035834688,0.00011197077226277752
2010-07-15,0.00019826948797033745,0.09539031306259182,-0.006066319691367821,0.00014143528318309262,-0.16344242220439445,0.00010939339419403841
2010-07-16,0.00019824992473261986,0.09540990542293848,-0.006065046315579931,0.00014164586326928424,-0.16349295744631787,0.00010873818922151507
2010-07-19,0.0001981902401589195,0.09542831677589707,-0.006063219294242901,0.0001416595944400928,-0.1635328365345229,0.00010606662628809217
2010-07-20,0.00019811368785421955,0.09544753761333244,-0.00606174282842274,0.0001417054572421695,-0.16356557880113282,0.00010472635406960081
2010-07-21,0.00019808054460634808,0.09546474261086547,-0.006060183111399853,0.00014177667322936373,-0.16354925746418603,0.00010334210034437948
2010-07-22,0.00019803463362048134,0.09548051216745593,-0.006059293733254844,0.0001418074894257204,-0.16357457127098818,0.00010158167518679119
2010-07-23,0.00019795313259149744,0.0954931460278573,-0.006057999761048918,0.00014203585638102674,-0.1636663010109724,9.885553801507099e-05
2010-07-26,0.00019790512422393757,0.0955067211367117,-0.006057135793089884,0.00014222262548698828,-0.16371800696554153,9.630471252866218e-05
2010-07-27,0.00019784364201112445,0.09552823447318715,-0.006056158487386513,0.00014212839978222132,-0.16374697161571564,9.410169137136632e-05
2010-07-28,0.0001977623078492336,0.09554224313774198,-0.00605495451641494,0.000142260021501847,-0.16378163274411553,9.235705632409561e-05
2010-07-29,0.00019773285638752198,0.09555730123192631,-0.006053244440570136,0.00014222789220174709,-0.1638070276673232,9.1141082149602e-05
2010-07-30,0.00019761899526644458,0.09557232566472776,-0.00605149930677616,0.00014244089558172092,-0.1637733423588606,8.993863757512948e-05
2010-08-02,0.0001975520320791636,0.0955902539857267,-0.006049785903885593,0.00014256560435982476,-0.16380131204236684,8.91408567521107e-05
2010-08-03,0.00019752073784290564,0.09560547720406207,-0.006048515798420329,0.00014267153566160825,-0.16382404964980377,8.805526283387372e-05
2010-08-04,0.00019745842747018717,0.09562156731468405,-0.006047323836496603,0.00014274453173667508,-0.16385350359509987,8.578731461394523e-05
2010-08-05,0.00019740475000551476,0.09563545803576878,-0.006046006088728104,0.00014276772129223007,-0.16387264866437698,8.352540549093053e-05
2010-08-06,0.00019736903872551574,0.0956475104995908,-0.006044482910171363,0.00014281001201785866,-0.16392089911712243,8.273706162868115e-05
2010-08-09,0.00019724458703462185,0.09565933560378492,-0.006042339510279821,0.0001428912950527408,-0.16396397471117574,8.080403755840682e-05
2010-08-10,0.00019716889551329411,0.0956776804851971,-0.006041704181682137,0.00014282232352050918,-0.16402372677411356,7.964154094938265e-05
2010-08-11,0.00019708510403582892,0.09569089145442682,-0.006040169651040671,0.00014301106456974873,-0.16408430550143135,7.792939011656554e-05
2010-08-12,0.00019696968668332686,0.09570037724267663,-0.006038386268320472,0.00014317939648188837,-0.16414223064009822,7.668852892863342e-05
2010-08-13,0.00019692354072163703,0.09571271787851066,-0.006037269194607026,0.000143284965448345,-0.16420285448420707,7.642741838035359e-05
2010-08-16,0.00019686126385559446,0.09573007075456902,-0.006035722429181137,0.00014325178980330002,-0.1641846116418928,7.475281565279414e-05
2010-08-17,0.00019680725956925025,0.09574471805183607,-0.006033746402836611,0.00014324756115637359,-0.16425404135532815,7.344264915628364e-05
2010-08-18,0.0001967130625329646,0.09575670684483541,-0.00603417292293542,0.0001433090885573723,-0.16432115590502153,7.244806727054473e-05
2010-08-19,0.00019667454707323646,0.09576447557934403,-0.0060325085706976495,0.00014352196394944264,-0.16434965281044436,7.060025677520118e-05
2010-08-20,0.00019668052553745884,0.09577845576160803,-0.006030510083757051,0.00014359043940915194,-0.16439917202192825,6.912733825455169e-05
2010-08-23,0.00019665193537666767,0.09579015571803774,-0.006029177493372957,0.00014390329049372602,-0.16439216462219108,6.753675298153225e-05
2010-08-24,0.00019655992034225563,0.09580618121356756,-0.006027862006877148,0.00014411634853773935,-0.16435465236222946,6.664216092595909e-05
2010-08-25,0.00019651681827940982,0.095822193641544,-0.006026714655783772,0.0001441411710615612,-0.16435984050387967,6.535521132566499e-05
2010-08-26,0.0001964920910705676,0.095835438276704,-0.006025130723686151,0.00014429051220371078,-0.16439262117892062,6.456805765098358e-05
2010-08-27,0.00019648376399703066,0.0958502363286668,-0.006023848917536602,0.00014435350238237686,-0.16437434848594165,6.426144603983422e-05
2010-08-30,0.00019644095949362657,0.09587018024604846,-0.006022122072112823,0.00014444319755874767,-0.16436680195201636,6.332058347535078e-05
2010-08-31,0.00019642473526602545,0.0958896403493126,-0.006020335024712845,0.00014457358546613214,-0.1643984004460717,6.230739782320526e-05
2010-09-01,0.00019640382712852726,0.09590289806339633,-0.006018737516884066,0.0001446920175970745,-0.16442674899508997,6.071864290761199e-05
2010-09-02,0.0001963622210497724,0.09591367108764291,-0.006017705442596624,0.00014487962907282591,-0.16445997395896603,5.867151886704671e-05
2010-09-03,0.00019639418974193808,0.0959219524940013,-0.006015802219263145,0.0001449532143119334,-0.16445516720051312,5.694204175725882e-05
2010-09-08,0.0001964892685249388,0.09593705069662428,-0.006015118317423277,0.0001450317260001185,-0.16447315145399022,5.6225727712806e-05
2010-09-09,0.0001964273971649333,0.09594428790350742,-0.006013080512564356,0.00014510679882271554,-0.16452985189063007,5.432052722285913e-05
2010-09-10,0.0001963252424984553,0.09595784828294493,-0.0060124546292988894,0.0001452450681828383,-0.1645431719266484,5.134042178987444e-05
2010-09-13,0.0001962436426485236,0.09597335557402949,-0.0060109647321120565,0.00014538238012166163,-0.16455371497644045,5.028866256088279e-05
2010-09-14,0.0001962381734354328,0.09599175682957028,-0.006009395257912442,0.00014566256802482026,-0.1645087781960108,4.963840168885038e-05
2010-09-15,0.0001962471980307848,0.0960016141576579,-0.0060075593054828205,0.00014570327968890887,-0.1645736856825523,4.972346237419194e-05
2010-09-16,0.00019614912146655877,0.0960182639826956,-0.006006440744248505,0.000145862576321146,-0.16454577550269633,4.862373182216382e-05
2010-09-17,0.00019609056881784545,0.09602586102294741,-0.0060047395293356485,0.00014586183307230128,-0.16458245872825505,4.671270950872469e-05
2010-09-20,0.00019602292233325297,0.09604189058250166,-0.006004753151423925,0.00014599192088284683,-0.16462626624492258,4.4709519922535074e-05
2010-09-21,0.00019594221764026023,0.09605523574826376,-0.006003404942380228,0.00014615783029355714,-0.16467753387759188,4.405979823475829e-05
2010-09-22,0.00019585230678319875,0.09607091530039127,-0.0060027899565116664,0.00014624172091027483,-0.16470286120989586,4.2148894635722536e-05
2010-09-23,0.0001958435951955878,0.09607913829725152,-0.006001864372944811,0.00014642205609892894,-0.16476837336526656,4.096805253407204e-05
2010-09-24,0.00019569499232142037,0.0960928114421937,-0.006000801365250945,0.00014652797182430674,-0.16479838539677688,3.8677336075037194e-05
2010-09-27,0.00019561697987477859,0.09610814583779619,-0.005998143631340645,0.00014662692129767543,-0.1648129624752793,3.7342101375722266e-05
2010-09-28,0.00019558265264916607,0.09611942563441475,-0.005996731830980444,0.0001468137089165113,-0.16484387783521498,3.6434270702411994e-05
2010-09-29,0.00019551950067746364,0.09613255188663684,-0.005995995313563871,0.0001468794815168727,-0.16487389347433143,3.5045152712649534e-05
2010-09-30,0.0001954611302528854,0.09614355733965343,-0.00599546507555143,0.00014684332508767376,-0.16490362825252883,3.321268801904437e-05
2010-10-01,0.00019533393326115147,0.0961624369500105,-0.005994882098767333,0.00014685850007666512,-0.16492708422169017,3.249008829954978e-05
2010-10-04,0.00019531876851179667,0.09617940067733027,-0.005993415526174116,0.0001468520289982319,-0.1649474875802669,3.158289090369836e-05
2010-10-05,0.0001953073646308071,0.09619214828699768,-0.005991390130496241,0.0001469904457876387,-0.1649934063904291,2.9412138938440975e-05
2010-10-06,0.00019524716351438797,0.09620506783022516,-0.005991311358567532,0.00014701643094508,-0.1650389877816924,2.8994696421560083e-05
2010-10-07,0.00019518376794925996,0.0962170761481212,-0.005989521662524858,0.00014722777572705919,-0.16503412753286115,2.7476326249973074e-05
2010-10-08,0.00019511502640677254,0.09623581836926086,-0.005988114230906498,0.00014722686693588994,-0.1650903524715959,2.630811101060371e-05
2010-10-13,0.0001950696466041163,0.0962404480609912,-0.005987105212312226,0.00014730125869612468,-0.1651210754131492,2.491740794745875e-05
2010-10-14,0.0001949780242487547,0.09624904768603548,-0.005986593961316058,0.00014737143754409173,-0.16513511879919596,2.423517314626664e-05
2010-10-15,0.00019484547226607,0.09626911199602432,-0.005984932886887765,0.00014747373858658497,-0.16515682635988976,2.266322364088177e-05
2010-10-18,0.00019475338400659314,0.09628288243792561,-0.005983595967734694,0.00014749643879731904,-0.16521685919313575,2.164902179301422e-05
2010-10-19,0.00019470556782117947,0.09629668340204446,-0.005981835439528875,0.00014754453888861805,-0.1652516023401431,1.971863160688843e-05
2010-10-20,0.00019460015692762163,0.09631439080840672,-0.005981385500572327,0.00014749737443740566,-0.16531563426791338,1.9142480383063068e-05
2010-10-21,0.00019451882074051824,0.0963250028043282,-0.005979901393139323,0.00014759081088042359,-0.16535288431115513,1.8148873337135035e-05
2010-10-22,0.0001944353332289757,0.09634106852704227,-0.00597925281405947,0.00014766728157182996,-0.16539800939831212,1.753014821459937e-05
2010-10-25,0.00019432599950395412,0.09635526717798663,-0.00597787490590718,0.00014787409516491521,-0.1654437033108787,1.5960046707080074e-05
2010-10-26,0.00019429377771828263,0.09636994331091833,-0.005976414274413284,0.0001478006451923282,-0.16546779252911473,1.4298526294278873e-05
2010-10-27,0.00019425761167448435,0.09638502097288396,-0.005975419625947923,0.00014786268935341277,-0.1655081668670489,1.324715694432031e-05
2010-10-28,0.00019416889768696124,0.09639756516596927,-0.005974265211106146,0.00014783350799907737,-0.16553782396918656,1.1434065172714555e-05
2010-10-29,0.00019416139188178707,0.09640335047056191,-0.00597268898396781,0.00014775930125824835,-0.16555921369109028,9.292771609035718e-06
2010-11-01,0.00019412587268140147,0.09641549024271523,-0.005971940411038813,0.00014780769065296073,-0.1656221133316438,7.962751624749395e-06
2010-11-02,0.00019403623508900596,0.09642523919249824,-0.0059704856357424485,0.00014784437186942368,-0.1656723616268093,7.172695173061645e-06
2010-11-03,0.00019399149579607772,0.09643955201494148,-0.005969605842395016,0.0001478953146975412,-0.16569608731232252,5.2514946410716e-06
2010-11-04,0.0001939129226375088,0.09645857655676444,-0.005967805338804884,0.0001480296050931804,-0.1657313987619462,3.922111063081916e-06
2010-11-05,0.00019381351850620462,0.09647284140204046,-0.005965799726254845,0.0001479471427504105,-0.16577000569020311,1.2888204565994206e-06
2010-11-08,0.0001937103909583392,0.09648759029337044,-0.005964393610010134,0.00014806479851751738,-0.16583692351516274,-3.3204398043222083e-07
2010-11-09,0.00019364077217411395,0.09649901598314356,-0.005962799563935059,0.00014825086431412607,-0.165862293855643,-2.6724168286345468e-06
2010-11-10,0.0001936110691299947,0.09650666239440515,-0.0059618935700009625,0.00014822125570687346,-0.1659218050665543,-3.610125294002415e-06
2010-11-15,0.0001935209358427696,0.09651756314793287,-0.005960379919423859,0.00014824624079452773,-0.1659757034119845,-4.5429827429032885e-06
2010-11-16,0.00019342440427003936,0.09652609553722277,-0.005958942732824624,0.00014845876646776252,-0.16606994287697208,-5.172451520109886e-06
2010-11-17,0.000193364142851306,0.09653767522929085,-0.005957442196252246,0.00014852867387302488,-0.1661087228193101,-5.752499323090452e-06
2010-11-18,0.00019334723856359487,0.09654881327800832,-0.0059561691576344895,0.0001485569532231886,-0.1661336376486932,-6.133573687620701e-06
2010-11-19,0.0001932299681176481,0.09656730176007197,-0.005955244147789963,0.00014838663839373807,-0.16617018700407676,-6.380157605267382e-06
2010-11-22,0.00019310235721158074,0.09657218857865423,-0.005953400877753327,0.0001484471830558289,-0.16619419809059638,-6.56946672074381e-06
2010-11-23,0.00019301112518149544,0.09657991774148347,-0.005951629349372772,0.00014847471888900735,-0.16618023999909157,-7.954321691232963e-06
2010-11-24,0.00019293529965999412,0.09658803676320081,-0.005951272938298078,0.0001484878955356861,-0.16621031670964478,-8.985841796129042e-06
2010-11-29,0.0001928743926162242,0.09659509103673658,-0.005950569842223499,0.00014857530804131974,-0.16628530813328501,-1.0946671289386505e-05
2010-11-30,0.00019281840456574254,0.09660673992572956,-0.005949261065160776,0.00014851602809820685,-0.16630912882459625,-1.2331262148069231e-05
2010-12-01,0.00019282228879863794,0.09662178183879765,-0.005947298280138943,0.0001485395205570504,-0.16633060793697613,-1.2784112669481497e-05
2010-12-02,0.00019277710839324128,0.09663243216247137,-0.005945724636698454,0.00014884232733942694,-0.16636887301235956,-1.3520699290992834e-05
2010-12-03,0.0001927363072044106,0.09664181196022156,-0.005943609867645116,0.00014897419823791479,-0.16639454851231877,-1.4705654738294616e-05
2010-12-06,0.00019263319155701108,0.0966461747216247,-0.0059425646592176865,0.00014911894315772925,-0.16640520593962743,-1.5057646479594699e-05
2010-12-07,0.00019253482651063436,0.09665154973542517,-0.005941853526148669,0.00014919615319148132,-0.16645867518570245,-1.562031807232899e-05
2010-12-08,0.00019252407312595558,0.09665965956669224,-0.005940297901363268,0.0001493177612638404,-0.16649052433668343,-1.6157535791778228e-05
2010-12-09,0.00019246527510780035,0.09667234535158889,-0.00593895316695453,0.0001494181314337133,-0.1665312438445001,-1.7211907007295328e-05
2010-12-10,0.00019234004916327918,0.09668291413219679,-0.005937970013145318,0.0001494036078230981,-0.1665420255155703,-1.8103896176889912e-05
2010-12-13,0.00019229964198213333,0.09670242142800047,-0.00593692792344574,0.00014947314150695482,-0.16652555844188913,-1.8801048538486258e-05
2010-12-14,0.0001922960170907314,0.09671003600463993,-0.00593536434514948,0.00014964101863720644,-0.16656970942558416,-2.003703998765667e-05
2010-12-15,0.0001922767414801082,0.09672647892556373,-0.005933570620265753,0.00014976863570432812,-0.16659337404627453,-2.157932014460075e-05
2010-12-16,0.00019216997983857539,0.09673357425258114,-0.00593182945753875,0.00014994674105643608,-0.1666420870381471,-2.2788494502401144e-05
2010-12-17,0.00019213431058497235,0.09674372840463026,-0.005930459601952662,0.00014998326873980555,-0.16669984846498748,-2.528929065326427e-05
2010-12-20,0.00019204701321994452,0.09675787969474568,-0.005929650710980207,0.0001501996191935856,-0.1667188561534875,-2.7094931392542215e-05
2010-12-21,0.00019196163666742236,0.09676911602485504,-0.005929072409623428,0.00015025445276250387,-0.16673387953988944,-2.8313709840996663e-05
2010-12-22,0.00019191317573544027,0.09677678372740298,-0.00592758631478389,0.00015033565186904415,-0.16676753866728553,-2.9099777394225857e-05
2010-12-23,0.00019190015344618157,0.09678368213082861,-0.005925650440684948,0.0001505617061995491,-0.16681212638641985,-2.9950351420203697e-05
2010-12-28,0.00019182917644099048,0.09679732732565086,-0.005924651326945356,0.00015070984509902864,-0.16689686104877785,-3.0859995479883635e-05
2010-12-29,0.0001917348420884356,0.09680640569479074,-0.00592397425401351,0.00015077161543623435,-0.1669369412971941,-3.186485664204288e-05
2010-12-30,0.00019168451592477967,0.09681365135442503,-0.005923131760002767,0.00015097935702136568,-0.16700762486917692,-3.235555898356443e-05
2011-01-03,0.00019168007194507176,0.09682676821061852,-0.005922507008319604,0.0001510557106711822,-0.16704812210019232,-3.315533078779325e-05
2011-01-04,0.00019162850730277054,0.09683592308583124,-0.005921089447286256,0.00015105707569918568,-0.16706579472461197,-3.4477687665371954e-05
2011-01-05,0.00019158695852459741,0.09684815436731237,-0.005918907196920797,0.00015117474643960542,-0.16709005330137106,-3.628963105956263e-05
2011-01-06,0.00019149645149949083,0.09686032407003714,-0.005917481597979528,0.0001511655783616559,-0.16705966363288402,-3.748715645762968e-05
2011-01-07,0.00019147287014784084,0.09687404905828534,-0.005916199153797391,0.00015127948884949554,-0.16706849771531057,-3.834674423787513e-05
2011-01-10,0.00019144178451318362,0.09688912726877145,-0.0059159564101910365,0.0001514238004785823,-0.1671415181327284,-3.932339428960207e-05
2011-01-11,0.00019138745585718032,0.09690092611351495,-0.005914125536889369,0.0001515892850067544,-0.16716460874149097,-4.0728538546694565e-05
2011-01-12,0.00019135865480918578,0.09691217825013965,-0.005913025324363597,0.0001516469628951021,-0.1672094122647669,-4.084094272611792e-05
2011-01-13,0.00019131611788665988,0.096929207370577,-0.005910670730115043,0.00015164935861857707,-0.16723948753638138,-4.204366199146969e-05
2011-01-14,0.00019127873031435323,0.09694065152521261,-0.00590930004325976,0.00015181524638856303,-0.16723968722122962,-4.328387362679788e-05
2011-01-19,0.00019115151565555558,0.09694899536189601,-0.005908180022438248,0.00015201935435634628,-0.16725014471720157,-4.379492997998012e-05
2011-01-20,0.00019111955021760738,0.09695683053314186,-0.005907022345954815,0.00015213131932685663,-0.1673069373354837,-4.509951109071261e-05
2011-01-21,0.0001910785441544173,0.0969700427141806,-0.005905737883283849,0.00015216961536561704,-0.16734225287380564,-4.642458827465353e-05
2011-01-24,0.00019103239874456384,0.09697734932804336,-0.00590388969087938,0.0001523079357784111,-0.16735896532195865,-4.790203067132312e-05
2011-01-25,0.00019094993749854192,0.09699259343155228,-0.005902186608127108,0.00015252013523864554,-0.1674548291521663,-4.8249219214524725e-05
2011-01-26,0.00019090366111978074,0.09699728496272063,-0.005900528291728634,0.00015245878315244126,-0.1674893760163897,-4.8210616637063e-05
2011-01-27,0.00019082342775829164,0.09700688161359365,-0.005899020391861639,0.00015243550112964597,-0.16751550983586444,-4.913419832874925e-05
2011-01-28,0.00019078548240549138,0.09702018930245712,-0.0058974902913762305,0.00015239591139444867,-0.16757357614585355,-5.158931741408671e-05
2011-01-31,0.0001907074347228281,0.09703132859328766,-0.005895323252940709,0.0001523698581101138,-0.1675605316723756,-5.2378335734456626e-05
2011-02-01,0.00019066730612837864,0.09703958019338381,-0.005894136231889293,0.00015241031469654016,-0.16758182539285707,-5.2811635043817004e-05
2011-02-02,0.00019055760897676406,0.09705243155491239,-0.005893390357332287,0.00015246931490317783,-0.16762840612457214,-5.3513789051828204e-05
2011-02-03,0.00019047404412525525,0.09705775135022698,-0.0058921020097721655,0.00015250488508137134,-0.16765041458590207,-5.441942550966954e-05
2011-02-04,0.00019039161324672485,0.09706851945484672,-0.005890699103587981,0.00015259988923265928,-0.16766921130958323,-5.5056910840124674e-05
2011-02-07,0.00019035174744685168,0.09707973163056502,-0.00588880763686859,0.00015274758215574606,-0.16769960145474677,-5.704042082368396e-05
2011-02-08,0.0001902987092580473,0.09708942591026488,-0.005886880359631572,0.0001528118556077939,-0.16772509197442217,-5.810352831695816e-05
2011-02-09,0.000190251457766094,0.09709839749096169,-0.005886051184752475,0.00015287019293541481,-0.167719960531108,-5.802963743859233e-05
2011-02-10,0.00019021342987221414,0.09710284652665646,-0.005884129083397976,0.0001529988947105521,-0.16774846434519414,-5.865693935765988e-05
2011-02-11,0.0001901625941744211,0.09711562685791031,-0.0058828410587213106,0.00015307597713691906,-0.1677499479018189,-5.944776431774751e-05
2011-02-14,0.0001900877018456455,0.09713023646371255,-0.005881508857127892,0.0001531488838289356,-0.1678017883094955,-6.110702901408906e-05
2011-02-15,0.00019001043172747154,0.09714087947875474,-0.0058801502837289125,0.0001531877655826706,-0.16781921083180074,-6.218456626669284e-05
2011-02-16,0.00018993623789440438,0.09715312292348008,-0.005878056067343159,0.00015317233688079697,-0.16780231472194979,-6.432556206445358e-05
2011-02-17,0.00018987517478545512,0.0971601202100388,-0.00587602184151312,0.00015341457100776222,-0.16784783438810086,-6.56450257392629e-05
2011-02-18,0.0001898287791122088,0.09717020139787617,-0.0058746567286527005,0.00015357880711488586,-0.16790432897624974,-6.618852233930252e-05
2011-02-23,0.0001898239520202341,0.09717753262612051,-0.0058728076729774,0.00015349649492036558,-0.16793475373795022,-6.767286174517978e-05
2011-02-24,0.000189810066841962,0.09718349376470302,-0.005872554529899269,0.00015352370228051277,-0.16793218067411494,-6.739704635937588e-05
2011-02-25,0.00018971648862945866,0.09719609378454505,-0.005871488877252499,0.00015355031102649876,-0.16798138695388132,-6.816544931774368e-05
2011-02-28,0.00018967995351351454,0.09720457704841713,-0.005870309559398396,0.00015358333471775663,-0.1679793567525641,-6.84891729399437e-05
2011-03-01,0.0001896447114979398,0.09721201969889375,-0.0058691126879020636,0.0001537561547769724,-0.16807868173061727,-6.972009600333457e-05
2011-03-02,0.0001895333090802108,0.097221092068552,-0.005867449972747778,0.00015387005544768628,-0.168109234051104,-7.159150890225858e-05
2011-03-03,0.00018942425383088946,0.09723010747342453,-0.005866417871455356,0.00015388256310827885,-0.16818576394293983,-7.272159288312501e-05
2011-03-04,0.00018932385991071406,0.09724186040793846,-0.005865866686542919,0.0001537768134052311,-0.16823196690481418,-7.4421263788109e-05
2011-03-07,0.00018928699100472586,0.09725151956227461,-0.005864390129839323,0.0001538515615508531,-0.168237155112531,-7.56189604495735e-05
2011-03-08,0.00018917333546280887,0.09726801841919851,-0.005862764061555834,0.0001538976117927259,-0.16826415271304454,-7.667753320575276e-05
2011-03-09,0.0001891234158571304,0.09727678876189086,-0.0058614055933958915,0.00015396734509569776,-0.16827218571359154,-7.82551199825185e-05
2011-03-10,0.00018902859509522925,0.09729116804092806,-0.005859862497803426,0.00015407777984231846,-0.1682743029275459,-7.975045059058287e-05
2011-03-11,0.00018896445072697814,0.09730581403218463,-0.005859562427048695,0.00015408429421356502,-0.1682942267909493,-8.072368636437727e-05
2011-03-14,0.0001889113077408338,0.09732031084109997,-0.005858606893634028,0.00015413786290465826,-0.1683711383089157,-8.140887472211396e-05
2011-03-15,0.00018884811777881676,0.09733005825788962,-0.005856942537833419,0.00015428821055602098,-0.16837853026199334,-8.24016162150368e-05
2011-03-16,0.00018864132937047122,0.09733557917302464,-0.005856227475423735,0.00015451968382432457,-0.16843957176094734,-8.346192469231502e-05
2011-03-17,0.00018861429960421203,0.09735417397474806,-0.0058547915214156206,0.00015442443256070295,-0.16847765212977378,-8.524821259338371e-05
2011-03-18,0.0001885456155570528,0.09736542703612934,-0.005854273557228473,0.00015456976114782973,-0.16852795934975315,-8.593813166749774e-05
2011-03-21,0.00018846583153142937,0.09737327079388317,-0.005852895550376632,0.00015478015120105567,-0.16855983127070723,-8.743724213473104e-05
2011-03-22,0.00018833697671907876,0.09738752848707963,-0.005851079393261184,0.00015500320663518443,-0.1686101903339111,-8.923409827932754e-05
2011-03-23,0.00018825634470048306,0.09739879957865447,-0.005849886075456107,0.00015500197428484571,-0.16866043670798447,-9.048778859945965e-05
2011-03-24,0.00018815446517200506,0.09741513436217383,-0.00584882330804978,0.0001552733279230718,-0.16874165567277294,-9.080347192756954e-05
2011-03-25,0.00018807723567597595,0.09743114259188307,-0.005848613503222607,0.0001554076221095055,-0.16876933770163444,-9.148328563299621e-05
2011-03-28,0.00018807313387532817,0.09744091604272806,-0.005846592298446168,0.0001555735504366955,-0.16881110291695614,-9.24139185482454e-05
2011-03-29,0.00018795509808488568,0.09745040051875556,-0.005844668035085397,0.00015557337135498593,-0.16885244350445897,-9.393468437176444e-05
2011-03-30,0.00018789505869875705,0.09745583890335296,-0.005845108333358031,0.00015568545614999145,-0.16881307049778838,-9.536012568391641e-05
2011-03-31,0.00018780473445120235,0.09746578502691913,-0.005844009361234246,0.00015567915470873637,-0.16884026705844088,-9.667732311060829e-05
2011-04-01,0.00018773202113063112,0.09747539022859068,-0.0058426485206764635,0.00015587877902178987,-0.1689000021609104,-9.729193301555354e-05
2011-04-04,0.00018765104254919021,0.09748442396999252,-0.005841634385178755,0.00015590984150685774,-0.1689305608676064,-9.758618047310243e-05
2011-04-05,0.00018759691037318572,0.09749057383186799,-0.005840408795876076,0.00015588213583432988,-0.1689747950228059,-9.901027309406528e-05
2011-04-06,0.00018749343267226637,0.09749794854607956,-0.005839070046868164,0.0001560320132683153,-0.16901079464340196,-9.989103926019645e-05
2011-04-07,0.00018745383447166776,0.09750215709564936,-0.0058380555798746864,0.00015613200801939503,-0.16905401641821532,-0.00010142467516364566
2011-04-08,0.0001873886762998571,0.09751475087797927,-0.005836974701708899,0.0001564132319391245,-0.1691201452146253,-0.0001017254132327649
2011-04-11,0.00018728581822483755,0.09752706582677322,-0.005835559863920635,0.00015652751236510773,-0.16909677240663334,-0.00010213696903417193
2011-04-12,0.00018723862089137602,0.09753324322479189,-0.005834206187121028,0.0001563779282082986,-0.1691646737458475,-0.00010263917567554282
2011-04-13,0.00018718324220579088,0.09754186824336833,-0.005833101224109782,0.0001564902494586349,-0.16917067134344327,-0.0001034052791485073
2011-04-14,0.00018713831996238468,0.09754319156940368,-0.005831427395601909,0.00015659646174654655,-0.1692408020706348,-0.00010416538290985278
2011-04-15,0.00018708223849722716,0.09755181532731812,-0.005830273956182077,0.00015667788053367964,-0.16928772081196514,-0.00010493498984302021
2011-04-18,0.00018705693531867495,0.09756485813284085,-0.0058291544425141594,0.00015685821457067642,-0.169302328393227,-0.00010622169360747575
2011-04-19,0.00018698148564981552,0.09757595560621415,-0.005828031663916343,0.00015697849520290313,-0.16933073579352848,-0.00010658952916543465
2011-04-20,0.00018688455087337112,0.09758872587149726,-0.005826716762298484,0.00015687750496005007,-0.16931755237556562,-0.00010751055685547152
2011-04-21,0.00018678997193310513,0.09759618573712105,-0.0058259768847173515,0.00015689283347231422,-0.1694081276362147,-0.00010798567200456902
2011-04-26,0.00018672819732829936,0.09761041164185,-0.005824486578393989,0.00015701042675370525,-0.1694556089210099,-0.00010937102573289746
2011-04-27,0.000186685825712199,0.09762508827592067,-0.005822826682443629,0.00015712400060587215,-0.16945553561686363,-0.00010999718688457007
2011-04-28,0.0001866153211502104,0.0976343714503557,-0.005822859472623428,0.00015722096099085803,-0.16950888961577837,-0.00011044184518432717
2011-04-29,0.00018655807945182733,0.0976441010202251,-0.005821763593407237,0.00015722869943897796,-0.16958386811639312,-0.00011061622623942082
2011-05-02,0.00018645328101719896,0.09765562920829343,-0.005820383655886543,0.00015735314189975716,-0.16961311397068762,-0.00011288636257698518
2011-05-03,0.00018633757260600866,0.0976588248924371,-0.005819504280412661,0.00015744562081724416,-0.16964052971481416,-0.00011294170991181773
2011-05-04,0.00018629047584053517,0.09767128855889035,-0.005818529177384972,0.00015751117588367762,-0.16970178733013125,-0.00011363337586452177
2011-05-05,0.00018626654697895668,0.09767593352597531,-0.005816954518913141,0.0001577172184289985,-0.16973099396553654,-0.00011374526416528579
2011-05-06,0.0001861925898797352,0.09768712094830748,-0.005816205949116588,0.0001579044673578073,-0.16974038307551692,-0.00011370628628459047
2011-05-09,0.0001861100951255265,0.0977014016909378,-0.005814679526425285,0.00015809029156818694,-0.16976009334286105,-0.00011442660549951044
2011-05-10,0.00018606466056544625,0.09770496412312882,-0.00581336743864286,0.00015809425077078154,-0.16975004993581505,-0.00011506791860465686
2011-05-11,0.00018602966540851967,0.09771501108316406,-0.005812223972967357,0.00015830349486001364,-0.16974938052816824,-0.00011600219113735288
2011-05-12,0.0001860247567527591,0.09772701936164978,-0.005810659549154275,0.00015830446283636484,-0.16977138887868465,-0.00011715885750599478
2011-05-13,0.0001859340907506686,0.09773702486228891,-0.005809794881340501,0.00015825829846031887,-0.1697675392378784,-0.00011773380915257005
2011-05-16,0.00018586901736794475,0.09774309802981775,-0.005808722201957811,0.0001582140633925277,-0.16981097522489824,-0.00011913306689282673
2011-05-17,0.0001858367184538076,0.0977525378096902,-0.0058079529905797535,0.0001581379692831964,-0.1698227309306544,-0.00011926740793215496
2011-05-18,0.0001857181785358782,0.09775533252037075,-0.005807011642079755,0.00015819814390113316,-0.1698870045353032,-0.0001184267039649666
2011-05-19,0.00018564831549097886,0.09776302856254032,-0.005806255629040372,0.00015837973391784834,-0.16991304053212763,-0.00011896414833629463
2011-05-20,0.0001855263363635849,0.0977736693128453,-0.005805641184896307,0.00015850240117025216,-0.16997185098346124,-0.00011910148261535793
2011-05-23,0.00018549809454189006,0.09778197895409509,-0.005804274117716187,0.00015847480163746992,-0.17003805635649658,-0.00012044825555213755
2011-05-24,0.0001854188504991983,0.09779797883879626,-0.005803392290492596,0.00015845594408407578,-0.17010771821738324,-0.00012084781079671518
2011-05-25,0.00018535378101093634,0.09781273887484497,-0.00580279168271035,0.0001584324302598649,-0.17013886531585892,-0.0001216989312312617
2011-05-26,0.00018531167794777595,0.09782536529702865,-0.0058021777499526455,0.000158576711595467,-0.17013687531702704,-0.00012316187028222546
2011-05-27,0.00018530474745771707,0.0978302098132249,-0.005801945529848439,0.0001584803603185081,-0.17013854154221636,-0.0001233498164265997
2011-06-01,0.00018520941134999582,0.09784484112131424,-0.0058001268095736235,0.00015841781514671163,-0.17013860478390364,-0.00012392499797831753
2011-06-02,0.00018508542404218532,0.09785639670056123,-0.0057988334029778245,0.00015838483904763686,-0.17017293976625159,-0.0001249535232856266
2011-06-03,0.00018499003447303337,0.09786318698914455,-0.005796942361282465,0.00015837288200175987,-0.1702151237766463,-0.0001257699651642749
2011-06-06,0.00018493175886720177,0.09786663426390524,-0.0057953512247326915,0.00015867852366411873,-0.1703092420504883,-0.00012610115352759877
2011-06-07,0.00018489730658576478,0.09787487858651271,-0.00579308030772681,0.000158803743972351,-0.1703000319884221,-0.0001266250442073671
2011-06-08,0.00018479208979551936,0.09787941705530727,-0.005792473000953344,0.00015886203207947185,-0.17031308815262836,-0.00012762588955103567
2011-06-09,0.00018473717316090175,0.09788980268046019,-0.005790777476264749,0.00015895090014849322,-0.17034441869889524,-0.00012814187773078851
2011-06-10,0.00018464236085148644,0.09789896916635055,-0.00578910653142774,0.00015894870418234634,-0.17038005865416622,-0.0001280236101872518
2011-06-13,0.000184564444272999,0.09790465150097279,-0.005787619783857676,0.0001589809060994063,-0.1703970804268861,-0.00012918670912342127
2011-06-14,0.00018447125841839136,0.09791250941990261,-0.005786690685480861,0.00015898940642212125,-0.17040519132963958,-0.00013041538480808556
2011-06-15,0.00018439818250135962,0.09792708865217083,-0.005786065754924115,0.00015906718920151043,-0.1704441063669007,-0.00012922910053904125
2011-06-16,0.00018431648843165733,0.09793578667644852,-0.00578509296199714,0.0001590936761175063,-0.1704992815601075,-0.00012971785222718753
2011-06-17,0.00018421077103392806,0.09794006057818691,-0.005783361403827865,0.0001591204943495185,-0.17051203133719828,-0.00013066512383850761
2011-06-20,0.0001840758842187763,0.09794995704032686,-0.005783440774225018,0.00015905984364893814,-0.17055507529995823,-0.00013088661324122964
2011-06-21,0.00018403502478994254,0.09796298443438234,-0.005782159587620046,0.00015921956378221486,-0.17057832881207483,-0.00013157860015188943
2011-06-22,0.00018397612214744464,0.0979658546590652,-0.0057804549439598365,0.000159248778843522,-0.17060707075736226,-0.00013120827216279383
2011-06-23,0.00018385986780459343,0.09797358280512916,-0.005779261729516903,0.0001594414175642507,-0.17065211316737652,-0.00013111527938946052
2011-06-24,0.00018379312530721924,0.09798443863362712,-0.005778435987866698,0.0001594961691020947,-0.17063568056976716,-0.0001317955856183415
2011-06-27,0.00018384981894146524,0.09799794447472729,-0.0057773436539772845,0.00015953035823024106,-0.17069460441778297,-0.0001318258205843359
2011-06-28,0.00018378885236661685,0.09800557813777358,-0.005777047846081714,0.0001594687459859327,-0.1707165404088365,-0.00013241227405063428
2011-06-29,0.00018370917139006962,0.09800964432848829,-0.005776611328492118,0.0001595396045812669,-0.1707427783644941,-0.00013319418623268883
2011-06-30,0.00018364754093834127,0.098021844812682,-0.005776369980850309,0.0001596515911713453,-0.1707805039321435,-0.00013445149084136137
2011-07-01,0.00018358603384429923,0.0980332814506076,-0.005775655897725046,0.0001597364868373761,-0.1708291910507693,-0.000134730668071598
2011-07-06,0.00018351528187922827,0.09804638771312005,-0.005775457596432957,0.00015985158370047776,-0.17089557133378566,-0.00013605253250226825
2011-07-07,0.00018346357423138095,0.0980559149416905,-0.005774619362288489,0.00015987289439213485,-0.1709276657487122,-0.00013635655621233332
2011-07-08,0.00018333430599744424,0.098060990834236,-0.005772782749181197,0.00016006401335660227,-0.17098666891724623,-0.00013637730446904912
2011-07-11,0.0001832744416323687,0.09806938150041933,-0.0057720870215901,0.00016025339915900678,-0.17097752771631633,-0.00013624606630180765
2011-07-12,0.0001831770669707661,0.09807902850776111,-0.005771445333528852,0.00016044120449173688,-0.17104119805538148,-0.00013659859282908203
2011-07-13,0.0001831164230110371,0.09808191240957814,-0.005770611724585649,0.00016032855128244493,-0.17108781615329927,-0.0001368489272024858
2011-07-14,0.0001830702420515825,0.09808631747274695,-0.005770229584062103,0.00016051105952438768,-0.171087842203806,-0.00013758361267686062
2011-07-15,0.0001830423042649154,0.09809505841248398,-0.005768686261098571,0.0001604289738885805,-0.17114045487216473,-0.0001367865695425749
2011-07-18,0.00018296239176209732,0.0981054748129705,-0.005768318580996454,0.0001606717579935252,-0.17119807288257474,-0.00013760320312209182
2011-07-19,0.00018288736275576075,0.0981110077362079,-0.005767828647472474,0.0001607779368507396,-0.17125729124049446,-0.00013788659154848477
2011-07-20,0.00018283973307815923,0.09812043450925372,-0.005766715204734903,0.00016089774117346113,-0.17130900352478426,-0.00013883850505668518
2011-07-21,0.00018281317816911926,0.09813114227942989,-0.005765830487155804,0.00016103616176891557,-0.17131668108278109,-0.0001393913100992239
2011-07-22,0.00018276920262881864,0.09814070591813973,-0.005765190766597338,0.0001611923948232729,-0.17135533222086102,-0.0001392370871170203
2011-07-25,0.00018273809194360418,0.09815159054527452,-0.005763996931486394,0.00016115481496427794,-0.17138896332842354,-0.00013933957619486156
2011-07-26,0.0001826589621997847,0.09815464208584458,-0.005763044812009789,0.0001613931129056685,-0.1714301566571539,-0.00013913203560388918
2011-07-27,0.00018259231869166068,0.09816530057668779,-0.005762702688387163,0.0001614314471966665,-0.17147737314289088,-0.00013910753693232252
2011-07-28,0.00018251861139057549,0.09817183499460044,-0.005761929834107955,0.0001614429408247042,-0.17148935015110728,-0.00013924371630924997
2011-07-29,0.00018246185403813806,0.09817803956975285,-0.005760843391492715,0.00016169904881699194,-0.17154188456622582,-0.0001385581544262856
2011-08-01,0.00018237296246748032,0.09818672405522723,-0.005759924738817028,0.00016162509312692456,-0.17152749572893367,-0.00013874877103296762
2011-08-02,0.00018229801605160675,0.09818643982897532,-0.00575838497100742,0.00016157565044619732,-0.17150492157215666,-0.0001390165019623493
2011-08-03,0.00018222168665836584,0.09819420019421132,-0.005756658749458192,0.00016153788225641393,-0.17154859133003236,-0.00013946631316950024
2011-08-04,0.00018215533763473965,0.09820247125503957,-0.005755854321713607,0.00016151538850278006,-0.17154796388261045,-0.00014050740763143886
2011-08-05,0.0001820894294587582,0.09821887102129478,-0.005754128524442886,0.00016141815386878024,-0.1715532902649365,-0.00014159565159354892
2011-08-08,0.00018198547207008171,0.09822630846822092,-0.005752893934448338,0.00016141392383984426,-0.17158995236780708,-0.00014151042007182739
2011-08-09,0.000181940631556972,0.09823486112081234,-0.005752228924575321,0.00016154250576767352,-0.17162291220954387,-0.00014178935636505289
2011-08-10,0.00018187263442678,0.09825607404753228,-0.005751317000568055,0.00016174195661390782,-0.17164369952704156,-0.00014285320205306365
2011-08-11,0.00018177558404403036,0.09826848263547538,-0.005750271441393689,0.0001617679495689518,-0.17169400886335867,-0.00014395642410625125
2011-08-12,0.00018173842327716584,0.09827884121532746,-0.005749903983881513,0.00016177350484902555,-0.17173290922976142,-0.00014520051143401212
2011-08-15,0.00018161747145211454,0.09828362201533593,-0.00574914550642582,0.00016182458712923843,-0.17177194453883635,-0.00014567853172697348
2011-08-16,0.00018162907099230458,0.09829589101751415,-0.0057490248120541775,0.00016195310093116084,-0.17176433228898197,-0.0001453174735499664
2011-08-17,0.00018153028859569067,0.09830729416714752,-0.005749003346124102,0.00016195829031453342,-0.17182891239257705,-0.0001450482911778416
2011-08-18,0.00018144704217437993,0.09831455736218231,-0.0057483315425099065,0.0001619291627635636,-0.17188390016770297,-0.00014595778902118747
2011-08-19,0.00018134166717608864,0.09832016245312815,-0.005747715152505434,0.0001619082625329746,-0.1719172299043008,-0.00014574730573692108
2011-08-22,0.00018122917585685833,0.09833587920673473,-0.00574696790758373,0.0001619560241786853,-0.17196383933603052,-0.0001453810303760318
2011-08-23,0.00018118656710381214,0.0983483657921468,-0.0057467562693434135,0.00016203887099823551,-0.17202539900730207,-0.0001464902146199203
2011-08-24,0.00018112125548949424,0.0983632502945209,-0.005746104511294372,0.00016193820647524796,-0.17209441384603627,-0.00014706513267613428
2011-08-25,0.00018100330868134885,0.0983744300860872,-0.005744439382938121,0.0001620884148790703,-0.1721577453492304,-0.000147908573068403
2011-08-26,0.00018094391985020762,0.09838881056856551,-0.005743272222056078,0.0001621925829775974,-0.1721922599689179,-0.00014792806272332168
2011-08-29,0.00018093358945676298,0.09839487939103507,-0.005741641707948672,0.00016220318936992838,-0.1722516599772229,-0.00014832640153346707
2011-08-30,0.00018086594513447014,0.09840655133816116,-0.0057414636842091,0.00016223647980390918,-0.17227727202881185,-0.00014782115139084698
2011-08-31,0.0001807933910755424,0.09841560764317206,-0.0057413864387577266,0.00016222742875701777,-0.17230833789673838,-0.000147340293713908
2011-09-01,0.00018069357248570893,0.09843241869146441,-0.0057396442290512375,0.00016217366696229393,-0.17233422521629016,-0.00014746008475616392
2011-09-02,0.0001805976750531954,0.09844162675695094,-0.005738144045902559,0.00016208759372806925,-0.17231285380660338,-0.00014746028983287116
2011-09-07,0.00018051968178968167,0.09844918822395678,-0.005737401184803766,0.0001623175819318591,-0.17234594875309722,-0.00014724590246670911
2011-09-08,0.00018041637911723262,0.09846384101374221,-0.005736902633687472,0.0001622937243948811,-0.17238932242820515,-0.0001484091904706668
2011-09-09,0.0001803137888923063,0.09847706113858655,-0.0057364374843782776,0.00016248282652688928,-0.17242549085227432,-0.00015016651211120438
2011-09-12,0.00018024383188102697,0.09848236180438165,-0.005735725675827273,0.0001626045082085939,-0.17248864946705922,-0.0001500563368985744
2011-09-13,0.0001802078926984879,0.09849187430513044,-0.005735427047350582,0.00016267205559080886,-0.17249182423256437,-0.00015139225765854156
2011-09-14,0.0001801890436811815,0.09850193963283858,-0.005734918237481766,0.0001626437883447333,-0.17246560843019867,-0.00015229738574037494
2011-09-15,0.0001801838867923501,0.09850898664410451,-0.005734755236597118,0.00016287404664662718,-0.17247281358847624,-0.00015240195872565115
2011-09-16,0.0001801110594040358,0.09851941908520957,-0.005734934340959054,0.0001629017596971717,-0.17248371770873103,-0.0001525774695081068
2011-09-19,0.0001800896754196994,0.09852633766044583,-0.005733794399120829,0.0001630826508232154,-0.17250293382431162,-0.00015367599396461567
2011-09-20,0.00018000344157589353,0.0985356789871433,-0.005733310741229164,0.00016314701247671732,-0.17251386729938384,-0.00015387050484710977
2011-09-21,0.00017990488997971218,0.0985439919545767,-0.00573246553352978,0.00016328087683942295,-0.17254776457486953,-0.00015478377421852748
2011-09-22,0.00017983847862925413,0.0985548164666779,-0.005732759693635056,0.00016337783110802531,-0.17262589671781753,-0.0001551937603034281
2011-09-23,0.00017978481325624823,0.09856103702332145,-0.005731202496160789,0.00016356844795010415,-0.1726746377070954,-0.0001558833604833095
2011-09-26,0.0001797161432632696,0.09857252662557624,-0.0057305770715443665,0.0001636724238002284,-0.1727455141925732,-0.0001561730742749221
2011-09-27,0.00017971189377651004,0.09857962387168803,-0.0057301080742478,0.00016380680493930267,-0.17275324452581237,-0.00015605086155976849
2011-09-28,0.00017961241546810854,0.09858022752845486,-0.0057299272507022195,0.00016396569907478227,-0.17279620462238934,-0.00015660303010272598
2011-09-29,0.00017958164825133656,0.09858678443575875,-0.005730098093609876,0.00016407080956209346,-0.17278247185551954,-0.00015648029088002343
2011-09-30,0.00017952366482007736,0.09859918606118197,-0.005729407558317714,0.0001643051345251506,-0.17280008971809804,-0.00015737677937340688
2011-10-03,0.00017949417472198063,0.09860094929248364,-0.005729096227444175,0.0001644591853580341,-0.17284602881404623,-0.00015783606451713004
2011-10-04,0.00017944185619301516,0.09860408148241712,-0.005728043894330275,0.00016472393289479752,-0.17282753722419275,-0.00015891437210584252
2011-10-05,0.0001792930418155665,0.09861598944394788,-0.005728281895626901,0.00016478745760578544,-0.17284289516987247,-0.00015886762566313077
2011-10-06,0.00017924591738069636,0.09862181225681081,-0.005728037097338446,0.00016487222330912243,-0.17284432580850106,-0.00015962436165164697
2011-10-07,0.00017917824372886397,0.09862217039123827,-0.0057273763644790756,0.00016491042976441418,-0.17284594595599295,-0.0001594958099430447
2011-10-12,0.00017908490157849083,0.09862779806232146,-0.005727203944337694,0.00016507203587624194,-0.1728887884669073,-0.00016008677626153626
2011-10-13,0.00017902036741396536,0.09863013954436585,-0.0057268519336284695,0.00016537265699890022,-0.17291615072114896,-0.00016018557860355507
2011-10-14,0.00017897329344132633,0.09863724555380703,-0.005725783055924926,0.00016549617413109155,-0.17294105264497808,-0.00016027824590714455
2011-10-17,0.00017886601010340625,0.09864361143488684,-0.005726320165540434,0.0001655704660544975,-0.17300936488376192,-0.00016081170937240794
2011-10-18,0.00017879540693457196,0.09865118413945861,-0.005724962353529709,0.00016561190435395446,-0.17302429126620672,-0.000160388949296643
2011-10-19,0.00017878536240335393,0.09865680906541155,-0.00572477487173592,0.00016567731684523758,-0.1730609280529083,-0.00016041593372212128
2011-10-20,0.00017873361772514798,0.09866571805752956,-0.00572370328370673,0.00016583405487940854,-0.17309387018104916,-0.00015982070615513537
2011-10-21,0.00017867492711132798,0.09867380717363654,-0.005724021969796098,0.00016593952517328166,-0.17309886051474543,-0.0001606347697821001
2011-10-24,0.00017864633376185298,0.0986815698365772,-0.005724052192690426,0.00016586767179319992,-0.17309243062217006,-0.00016012292764095007
2011-10-25,0.00017854906984665368,0.09869022547634884,-0.0057237630314478285,0.00016593199264893803,-0.17313407092357708,-0.00015980414894426425
2011-10-26,0.00017846584833307755,0.09870090447307381,-0.0057228197535566325,0.00016611394139036588,-0.17316131753936587,-0.00015925742626838034
2011-10-27,0.00017839639570979739,0.09870548252053704,-0.0057228860110986254,0.0001660753797087058,-0.17324872179143783,-0.00016061083445877941
2011-10-28,0.00017831345471859165,0.09870772569807074,-0.005722240452875683,0.00016619875740439186,-0.17329583232512757,-0.00016176145518994423
2011-10-31,0.00017823666137074375,0.09870911082507566,-0.005721528322020041,0.00016637002724849222,-0.17332535918735179,-0.00016081059561033427
2011-11-01,0.00017827207851199843,0.09871810238174866,-0.005721499011878843,0.00016639374176516243,-0.1733824891824647,-0.0001613670167234683
2011-11-02,0.00017819421798335026,0.0987302463220548,-0.005721077997918414,0.00016659376446725345,-0.173395884942128,-0.0001618401843863475
2011-11-03,0.0001781435474515122,0.09873745669484518,-0.00572057781675427,0.00016672743410118458,-0.17335078336348286,-0.0001616938339824478
2011-11-04,0.0001780911615020967,0.0987449797993795,-0.005720236322528742,0.00016676345603739524,-0.17342201062387724,-0.00016149314894635288
2011-11-07,0.00017806970158936057,0.09875292233019525,-0.005720700176135596,0.00016686769736758795,-0.17347430081507442,-0.00016115056821231069
2011-11-08,0.00017795274708906603,0.09875887532426775,-0.005720701339362193,0.0001667673666338387,-0.1735088967282698,-0.0001625661079458041
2011-11-09,0.00017788607094545403,0.09877341089022536,-0.005719290071447006,0.0001669660214565439,-0.1735719344473337,-0.00016307727894303645
2011-11-10,0.00017779281966116484,0.09877844931001875,-0.005718464737494634,0.00016712887884796253,-0.17359130527553682,-0.00016313328298267282
2011-11-15,0.0001777364014047764,0.0987870988718903,-0.005718946868301098,0.0001670904439293654,-0.1736025421795338,-0.00016353206634061305
2011-11-16,0.0001776463770843037,0.09879302364938193,-0.005718272686527248,0.00016738948335659023,-0.1736542308888318,-0.0001639654705998291
2011-11-17,0.00017757409092391575,0.09879709466074754,-0.005718305528220287,0.0001674067052053408,-0.17366522190989406,-0.00016371470325030833
2011-11-18,0.00017747563648234642,0.09880460732437309,-0.005719317068703743,0.0001674417737695561,-0.17367720129127295,-0.00016395824623930837
2011-11-21,0.00017740311861168674,0.09881118690132312,-0.005718892134487694,0.00016773586747585714,-0.17371601669745654,-0.00016370427363438656
2011-11-22,0.00017740223091057138,0.09882586893082533,-0.005719074463910443,0.00016783065852375115,-0.17374769520172753,-0.0001640192111243552
2011-11-23,0.00017732872485535508,0.0988279243586971,-0.005719031748008137,0.00016796072346001372,-0.17376616222027816,-0.0001641728163606241
2011-11-28,0.00017724310345063697,0.0988341721025561,-0.005718603251469882,0.00016821723812389253,-0.1737951683491606,-0.00016401794081945053
2011-11-29,0.00017719961023577894,0.09883866148259926,-0.005718418766094606,0.00016845668602598346,-0.17384813840294128,-0.00016399035473020927
2011-11-30,0.00017709662340998768,0.09884276867688055,-0.005717494909136966,0.00016872165491354574,-0.17390472211465743,-0.00016421670983910412
2011-12-01,0.00017704461578713697,0.09885115185144751,-0.005717700793471409,0.00016863860155950846,-0.17393544632340466,-0.00016503977347696565
2011-12-02,0.00017696589050866056,0.09885876507171827,-0.00571568766178924,0.00016882351436370267,-0.17396770035783737,-0.00016382177547554362
2011-12-05,0.00017690060052650262,0.09886393760968894,-0.005716032103285236,0.0001689846234005498,-0.17397490422257111,-0.00016324476479375117
2011-12-06,0.00017683966316588904,0.0988674307415447,-0.005715830203495552,0.00016934035341534533,-0.17398910301221984,-0.00016394820046780584
2011-12-07,0.00017678264872284674,0.09887101466041152,-0.00571517599156656,0.00016961580380892263,-0.17400134954116012,-0.0001637520779177813
2011-12-08,0.0001767372091846654,0.0988770197511352,-0.005714733890098118,0.00016991507467778777,-0.17402572772041913,-0.00016336850122526035
2011-12-09,0.00017658161814074295,0.09888326185407868,-0.005715072777677287,0.00017004776757593632,-0.17404649664741795,-0.00016283762785885859
2011-12-12,0.00017655991284189923,0.09888528894216343,-0.005715315013723748,0.0001702148184996068,-0.1740531768835587,-0.0001625767552583584
2011-12-13,0.0001764891645305631,0.0988927155942809,-0.005714766498789081,0.0001702922849416554,-0.17411150429926592,-0.00016367559297591783
2011-12-14,0.00017640489877058735,0.09889369304506443,-0.005714407470845187,0.0001704362954851034,-0.17410940926020296,-0.00016252878773093728
2011-12-15,0.00017641165823124706,0.09889844481577266,-0.00571344147829952,0.00017057423358564423,-0.17417733145725617,-0.00016278283032806264
2011-12-16,0.00017634505346286495,0.09889994388018557,-0.005713352841335055,0.0001707960833836555,-0.17418518196193025,-0.00016285988856239462
2011-12-19,0.00017622256032218987,0.09890253812093412,-0.005713180314762348,0.00017092787724815443,-0.17421128838277322,-0.00016269125236490113
2011-12-20,0.00017614457640293478,0.09891047039155891,-0.005712342277509231,0.00017100752548942214,-0.17424217606023962,-0.00016200830472636415
2011-12-21,0.0001760469023199975,0.09891273160510261,-0.005712518837712911,0.00017110207964088464,-0.17427559342238558,-0.0001610479692539355
2011-12-22,0.00017606691257515995,0.09891466465356555,-0.005712530957458842,0.0001713611505449449,-0.17428895468640845,-0.00016175151905420052
2011-12-23,0.00017600569436618528,0.0989160388459939,-0.005711863710593044,0.00017145267444600292,-0.17430919351257435,-0.00016149672767990468
2011-12-28,0.00017589437403561325,0.09891882761983,-0.005711983134753614,0.00017161625230813338,-0.1743331765385855,-0.00016148193079625013
2011-12-29,0.00017592254456117264,0.09891717955136513,-0.005712919634469087,0.0001718387586631381,-0.17435861484316506,-0.00015969746939463518
2011-12-30,0.00017591710658100427,0.09892654586451763,-0.005712053944650842,0.0001720694579682437,-0.1743754386639692,-0.00016007566120751813
2012-01-04,0.00017589645224188794,0.09892605233575925,-0.005711452995716423,0.0001722075036138997,-0.17439471008187138,-0.0001609535224144976
2012-01-05,0.00017586554185215024,0.0989256824978548,-0.0057115150404303105,0.00017228891892768982,-0.17441460961691319,-0.00016092452593115058
2012-01-06,0.00017574608581203573,0.09893456285531319,-0.0057104179260769675,0.00017219737537289704,-0.17446663611477883,-0.0001618418751686773
2012-01-09,0.0001757188344167982,0.09893681978704594,-0.005710393666755164,0.00017231085908588577,-0.17443684018519412,-0.00016184567651378199
2012-01-10,0.00017563655841088232,0.0989348704137427,-0.005710597910381584,0.00017266998306198947,-0.17447354675894233,-0.00016239848227641115
2012-01-11,0.00017558577027941677,0.0989378412561899,-0.0057110213292479155,0.00017292420668469995,-0.17449913344891488,-0.00016128108925265154
2012-01-12,0.00017551472340118584,0.09894300143482344,-0.005711147944535401,0.00017319844741412095,-0.17452303635067312,-0.00016140643497405553
2012-01-13,0.00017542953277593462,0.09894432456874919,-0.005710651893120681,0.00017324989848494112,-0.17456169683848402,-0.00016172855833927155
2012-01-18,0.0001753915471456727,0.09894970648759452,-0.005710111040586557,0.00017327768219991226,-0.1746146387967159,-0.00016164672230196275
2012-01-19,0.00017529416634505223,0.09895279548048583,-0.005709342253563324,0.00017324199522267397,-0.17465605025623168,-0.00016185920367206775
2012-01-20,0.0001752182678545186,0.09895749622517079,-0.005709318902440447,0.0001734395983479013,-0.17465619738735827,-0.0001622825232146247
2012-01-23,0.00017515108449608414,0.09895723840451952,-0.005709454860831234,0.0001736479658206421,-0.1746971083437996,-0.00016208557521726284
2012-01-24,0.00017510658767849152,0.09896406170767491,-0.005709415403557683,0.00017366163072614837,-0.17470025181467347,-0.00016171823948526038
2012-01-25,0.00017505079594348465,0.09896907306684789,-0.005709899839598952,0.0001736719986659826,-0.1747286275548257,-0.00016124132679696987
2012-01-26,0.00017497491971594383,0.09897373959298918,-0.00570975255887822,0.0001738310152513637,-0.1747605492666404,-0.00016080022447947858
2012-01-27,0.00017493935343919156,0.09897713704541991,-0.005710101201484581,0.00017378121760700728,-0.1748008694608487,-0.00016039214618431263
2012-01-30,0.00017487861172958957,0.09898369625318443,-0.005710309475988384,0.0001736752041382158,-0.17484906453297747,-0.00016005996293135455
2012-01-31,0.00017477777547760188,0.09898576647323891,-0.0057096723352690285,0.0001739185923003499,-0.17487309913175675,-0.00015979963483943603
2012-02-01,0.00017473039552682226,0.09898733831194867,-0.005709610825137981,0.00017408555470123184,-0.17486002950524904,-0.00016052527614618574
2012-02-02,0.0001746152484256657,0.09898654494354824,-0.005709803190372587,0.0001741819682870771,-0.1748932718309171,-0.00016032828058678677
2012-02-03,0.0001745413325272897,0.09899029018468439,-0.005710897428088098,0.00017440435259127846,-0.17489663492284385,-0.00015950559140162412
2012-02-06,0.0001744373087665546,0.09899299456336569,-0.0057108226064361235,0.00017461093469883665,-0.17494711934547133,-0.00015909959280848638
2012-02-07,0.00017437186283187164,0.09899798301502945,-0.005711360803247965,0.0001747974153866832,-0.1749685396557381,-0.0001586183439278818
2012-02-08,0.00017434675239183793,0.09900289419568453,-0.005712544615989763,0.0001748904350635505,-0.1750123159542031,-0.00015796474652481643
2012-02-09,0.00017432488196535994,0.09900539961723623,-0.005712367844912072,0.0001751049077482022,-0.17502926249324913,-0.00015765584294684035
2012-02-10,0.00017428181316759143,0.09900973856562377,-0.00571251285975348,0.0001752751413125447,-0.17503276088122144,-0.0001571659568819983
2012-02-13,0.00017426443527809594,0.0990137024578623,-0.005712754953118921,0.0001754938856395507,-0.17505877628771077,-0.00015639789206344027
2012-02-14,0.00017420975340322307,0.09902196426374389,-0.005712700884176066,0.0001755816001834765,-0.17512338754846896,-0.00015693679223268661
2012-02-15,0.00017418205753270258,0.0990204387984331,-0.005712742197277834,0.0001756051022911797,-0.17514890818936013,-0.00015558053291236067
2012-02-16,0.00017407541582259,0.09902743517066792,-0.005712989002796494,0.0001755423232324848,-0.17517144184876274,-0.00015531914781144088
2012-02-17,0.0001740283388016971,0.09903141509979746,-0.005713225555495447,0.00017576878193672053,-0.17523134475381583,-0.00015511312109002838
2012-02-22,0.00017398012632906693,0.09903636630884191,-0.005712872872359883,0.00017590172292005247,-0.17529810925868794,-0.00015431398236059527
2012-02-23,0.00017392073635416464,0.09904181175800926,-0.005712605341696493,0.00017589331603705112,-0.17533112391560304,-0.00015441591780215798
2012-02-24,0.0001738689179833769,0.09904524553755145,-0.005712176669423246,0.00017592657164171055,-0.17538191885423715,-0.00015394950735726206
2012-02-27,0.00017382064115057622,0.0990469408261049,-0.005711805226138364,0.00017611405774538476,-0.17540519292963613,-0.00015366908451689717
2012-02-28,0.00017374319905935626,0.09904544087559919,-0.005711887459538692,0.00017616225470464062,-0.17539206255482978,-0.00015364036723142547
2012-02-29,0.00017366562585134724,0.09905057039596357,-0.005712130097190033,0.0001763775264456926,-0.17544601403566062,-0.00015436456105704467
2012-03-01,0.0001736250727126985,0.09905396287642473,-0.005711929564879313,0.000176462526157224,-0.17544366427961505,-0.0001540949309034462
2012-03-02,0.00017354435306020838,0.0990565460832813,-0.005711833418523997,0.00017670841932291678,-0.1754861077338234,-0.0001537209047489468
2012-03-05,0.00017348145966728637,0.09905882035382915,-0.005712527386832606,0.0001768694211683012,-0.17555763829009985,-0.00015376692222983016
2012-03-06,0.00017338488087118421,0.0990577351489437,-0.005712380367149283,0.00017700245930525057,-0.17555039912216863,-0.0001526412215108373
2012-03-07,0.00017330734635890704,0.09905867582165447,-0.0057119288135797745,0.0001772130036583457,-0.17553926347599902,-0.0001530229581516961
2012-03-08,0.0001731933760564137,0.09905984672341557,-0.005711724520397661,0.00017725785468526386,-0.1755387664203325,-0.00015169402523902638
2012-03-09,0.0001731218519890716,0.09906420582316512,-0.005712265382812004,0.00017745150335995983,-0.175580591360397,-0.00015166511971546995
2012-03-12,0.0001730132345766294,0.09906989909451897,-0.005713900803771604,0.00017769055437099734,-0.17559657867596748,-0.00015146162117563744
2012-03-13,0.00017300720771367366,0.09907342615266342,-0.005714100771308977,0.0001779545399865203,-0.17557687117693252,-0.00015152222422446508
2012-03-14,0.00017290307166336447,0.09907065694042781,-0.0057144969963663075,0.00017805038956194872,-0.17560902331231615,-0.00015117546661112666
2012-03-15,0.00017281585605517213,0.09907329203566673,-0.005714990851540604,0.00017817732024326432,-0.17563440531354685,-0.0001500066670406393
2012-03-16,0.00017280040428940558,0.09907722767524729,-0.00571584437720107,0.00017827474704286604,-0.1756326407565118,-0.00014949006918257396
2012-03-19,0.00017276908711457188,0.09907686259366091,-0.005716959818684864,0.00017845413035969297,-0.17566198177628034,-0.0001482691016334951
2012-03-20,0.00017269151698143094,0.09907574728637777,-0.005718378628731218,0.00017866840160880686,-0.17567257955347537,-0.00014782862999475783
2012-03-21,0.0001726093313295492,0.09907047678839144,-0.0057185107770529086,0.0001787865705453989,-0.17567236106467504,-0.000148157427001226
2012-03-22,0.0001725066680770718,0.09907396840357159,-0.005719180483267593,0.00017883729218950772,-0.17566903774331735,-0.0001481288085848572
2012-03-23,0.0001724321980042106,0.09907364381934887,-0.005720183803730995,0.00017905371357831765,-0.1757227073559027,-0.00014701567738032974
2012-03-26,0.0001723665234024793,0.09907705427230334,-0.005720052743725351,0.00017923727167277863,-0.1757221355019593,-0.00014608273102432908
2012-03-27,0.00017228846594278562,0.09908385930429724,-0.005719738643124077,0.0001794491971542848,-0.1757675800142807,-0.00014566702150101634
2012-03-28,0.00017220397005831352,0.09908022679389748,-0.005720500840676343,0.0001793357232834938,-0.17579583863734694,-0.00014429532277745544
2012-03-29,0.00017215676274693738,0.09908598133959282,-0.005719789708362321,0.00017943892291999428,-0.1758249100911509,-0.0001438781176062341
2012-03-30,0.0001721195433992129,0.09908465226335927,-0.0057197803336927824,0.00017965503365923417,-0.1758427216084676,-0.00014273957412952828
2012-04-02,0.00017204642511892989,0.09908669293055165,-0.00571985426069758,0.0001799000458899024,-0.17586133258119677,-0.00014238568008042354
2012-04-03,0.0001720463947846378,0.09909183163082,-0.0057192106912313505,0.00018014071218214764,-0.1759070953659214,-0.00014202511688839013
2012-04-04,0.0001719820650705793,0.09910149097005864,-0.005719930902605473,0.00018008019939884216,-0.17595507787515977,-0.00014123775364374176
2012-04-05,0.0001719141331819286,0.0991065831101429,-0.005720195666001954,0.00018016220429416903,-0.17600610101281272,-0.00014106126152976702
2012-04-10,0.00017185009666413945,0.09910744753723079,-0.005720294859329629,0.00018039766687877765,-0.17603094322324725,-0.0001415738169948686
2012-04-11,0.0001718187343841191,0.09910898595019542,-0.005721592946342495,0.00018063604827325453,-0.17603033769204196,-0.00014086359803184857
2012-04-12,0.00017178219005930658,0.09910931894420866,-0.005722200969805451,0.00018057563038112923,-0.1760455722382075,-0.00014025324781882857
2012-04-13,0.00017174519451631167,0.0991035831275434,-0.005721886992867433,0.00018056258166313785,-0.17608386865329848,-0.00013844903904513558
2012-04-16,0.00017166931372613594,0.09910126875385838,-0.005721643477068956,0.00018070950288872397,-0.17612870682031523,-0.0001380412112788457
2012-04-17,0.00017165454658969493,0.09909444262474976,-0.005722508235305193,0.00018076112364340502,-0.1761461869857231,-0.00013657570697003574
2012-04-18,0.0001716027983085631,0.0990958784324244,-0.005723661043033327,0.00018086706842475236,-0.1761826914703202,-0.00013541573204951097
2012-04-19,0.00017159138489583687,0.09910471812370598,-0.005724313691129072,0.00018102279065548474,-0.17620930384810007,-0.00013422845621193733
2012-04-20,0.00017159803810169706,0.09910151668070508,-0.005724562968092123,0.0001811444081502022,-0.17623702696660168,-0.0001333349384489522
2012-04-23,0.00017153194218591365,0.09910124336772051,-0.0057258218780505046,0.0001811568491838667,-0.17630492094983083,-0.0001332948389968761
2012-04-24,0.00017148503429972574,0.09910288024452099,-0.005725810497123235,0.00018124413731580247,-0.17632347956062738,-0.00013294460686684065
2012-04-25,0.00017140887089432753,0.09910054035009211,-0.005725889974353212,0.0001813606975905248,-0.17639840884624267,-0.00013301265675187836
2012-04-26,0.00017133219609596673,0.09909799097201169,-0.005726176896858242,0.00018123686776968853,-0.1764579711629069,-0.00013203209390119278
2012-04-27,0.00017126637313156915,0.0990962288159674,-0.005726850030045652,0.00018126829502573515,-0.17647593958520505,-0.00013101822058977154
2012-04-30,0.00017119783114019562,0.09909508864441516,-0.005727103082172813,0.0001813379741553586,-0.17650979571757552,-0.0001300532258514963
2012-05-01,0.0001711757133833206,0.09909365733079616,-0.005728171492857588,0.00018142194334522433,-0.1765664918496556,-0.00012872007011358277
2012-05-02,0.00017105799029258116,0.09909295630202011,-0.005728663356177523,0.00018170718007164173,-0.17660071563894206,-0.00012752080031195543
2012-05-03,0.00017098945067897106,0.09909537055006437,-0.005728975157755074,0.00018164141731188212,-0.1766354949682716,-0.0001272232831394621
2012-05-04,0.000170928284123105,0.09909792338534597,-0.005729319826891755,0.00018162628289598713,-0.1766346135521655,-0.000125647611451798
2012-05-07,0.00017086391252803967,0.09909780829057152,-0.005729896633965472,0.00018171937159296045,-0.17665813140665684,-0.00012532158790464284
2012-05-08,0.00017078993980966653,0.0991040356323639,-0.005731110289025268,0.00018182216425083984,-0.17664156678852772,-0.00012452937768712389
2012-05-09,0.00017072713274560422,0.09910701535511832,-0.0057310472205246,0.00018186931540463956,-0.17666399970438418,-0.00012372412927678353
2012-05-10,0.00017063606789493945,0.0991053578761316,-0.0057312980678057256,0.00018196678005235435,-0.17669919930904024,-0.00012315408968291815
2012-05-11,0.00017055739845419577,0.09910783169022858,-0.005730392512389954,0.00018200746589213366,-0.17678227982005248,-0.00012182065392017416
2012-05-14,0.00017048048871589147,0.09910682331397253,-0.005730970839315258,0.00018214779837343652,-0.17678710346518814,-0.00012058914688346415
2012-05-15,0.00017041914299461796,0.09910703610874018,-0.005731714487048811,0.0001821969353602672,-0.17678270658325695,-0.00011975258530344117
2012-05-16,0.00017032966529032282,0.09911363779151854,-0.005731666905734548,0.00018225834821667926,-0.17681971103654848,-0.00011960457927608369
2012-05-17,0.00017026828482467408,0.09911063491198109,-0.005730922129662416,0.000182196340638872,-0.17683138865133158,-0.00011842269210653574
2012-05-18,0.0001702509392161648,0.09910875145734412,-0.005731732385178292,0.00018239329162159155,-0.1768859491314291,-0.00011684107147820103
2012-05-21,0.00017018827447658712,0.09911165790279251,-0.005732029155821527,0.00018255251856565433,-0.17691825848280393,-0.000115890946851018
2012-05-22,0.00017014007081548547,0.09911475037820139,-0.005732388661017275,0.00018271138908326515,-0.176972329731045,-0.00011651173469577424
2012-05-23,0.0001700529316552786,0.09911507165475583,-0.005732489395758716,0.0001827102349950823,-0.17702193375842734,-0.00011504835489795805
2012-05-24,0.00016997643186751905,0.0991235566771114,-0.0057334025128672715,0.00018282365467854833,-0.17707294429503315,-0.0001134971098164914
2012-05-25,0.00016991127484730333,0.09912172192097435,-0.005733744259360739,0.00018279634577687275,-0.17716673212071327,-0.00011257649800773339
2012-05-30,0.00016980879129948758,0.09912242353708695,-0.005734012735670034,0.0001828826941704687,-0.1771966248143325,-0.00011193315297461528
2012-05-31,0.0001697256393104757,0.09912156579901892,-0.005735232344121334,0.00018297799634058647,-0.1772107258178962,-0.00011050234322041043
2012-06-01,0.00016969890096249024,0.09912022816082144,-0.00573504820093775,0.00018293014047324977,-0.17725680344567538,-0.00010950152996702379
2012-06-04,0.00016965930502640315,0.0991189646501386,-0.005735599094388651,0.0001830825482049509,-0.17729517149965068,-0.00010868363269752988
2012-06-05,0.00016959024615777635,0.09911415394866409,-0.005737549782466195,0.00018316160276821825,-0.17736263480877007,-0.00010628662172692199
2012-06-06,0.00016955431734105305,0.09911130082099683,-0.0057384069723966785,0.00018338150153643498,-0.17733951803282696,-0.0001053082741731528
2012-06-07,0.00016953383395419374,0.09910931525666526,-0.005739307321664423,0.00018341170842485968,-0.17735397179094953,-0.00010370513503468959
2012-06-08,0.00016947721146734745,0.09911021283864743,-0.005739373067772415,0.0001834312472794072,-0.1773591696295617,-0.0001028401630191335
2012-06-11,0.00016939380751108233,0.09909826979985567,-0.005739807300594518,0.00018347039975368906,-0.17737334466852955,-9.980575463419797e-05
2012-06-12,0.0001692880732944213,0.0991008573133958,-0.0057408519460971285,0.00018361763889264735,-0.17740730555111917,-9.837921058308e-05
2012-06-13,0.00016928587997822498,0.0990965215248828,-0.005741923759011333,0.00018358803402138038,-0.1774308078901356,-9.701316961746072e-05
2012-06-14,0.000169242054519931,0.09909194712299324,-0.005742773571565948,0.00018361646517140172,-0.17746925575945727,-9.618935983303679e-05
2012-06-15,0.0001692006492178812,0.0990920160369462,-0.005743326240937055,0.00018383480903239318,-0.17750819707722687,-9.338418831325411e-05
2012-06-18,0.0001691458285634155,0.09909087038352081,-0.005744383245089867,0.00018384046421208365,-0.17752137704263565,-9.26683613530625e-05
2012-06-19,0.00016907853921359155,0.09908944907053897,-0.005744931686655728,0.0001837928900327403,-0.17751380931030147,-9.123540758086717e-05
2012-06-20,0.00016900022054461785,0.09908302063927413,-0.005746027232014302,0.0001839149316332853,-0.177510846034598,-8.923210215975712e-05
2012-06-21,0.0001689344091497193,0.09907886323885942,-0.005746966801183664,0.0001840357606598,-0.17754673119424627,-8.813959093730727e-05
2012-06-22,0.0001688986556845375,0.0990780380745214,-0.0057480832290643675,0.00018414020005491736,-0.17750075682543065,-8.718489419248001e-05
2012-06-25,0.00016883013123994696,0.0990783451640083,-0.005749401216143122,0.00018413648526358355,-0.177514259609012,-8.588732449946835e-05
2012-06-26,0.0001687878732624636,0.09906848164885082,-0.005749773535014865,0.0001843027356482061,-0.17754967427754328,-8.42659355470298e-05
2012-06-27,0.00016879570764252442,0.0990659952945199,-0.005749840554878529,0.00018434974035189225,-0.17752945175439017,-8.236859105828764e-05
2012-06-28,0.00016880165052191053,0.0990611405717798,-0.0057500904017359755,0.00018434508893911295,-0.17759351642139032,-8.113978918437712e-05
2012-06-29,0.00016874960131742786,0.0990616523417041,-0.005750964034081238,0.00018441165902551924,-0.1775657228860324,-7.974776331294006e-05
2012-07-02,0.00016875121295849158,0.09906093336381716,-0.00575168250621899,0.00018454737526064425,-0.1776120843191255,-7.780962314695084e-05
2012-07-03,0.00016867519419733976,0.0990634919539631,-0.005753043865256823,0.00018448887583828394,-0.1776650128201625,-7.695158134140445e-05
2012-07-06,0.0001686876987725782,0.09905830086341118,-0.005753115278803648,0.00018458855720307168,-0.17766351752762907,-7.514981740948601e-05
2012-07-09,0.0001686437199326606,0.09905319638685657,-0.005752796346341203,0.00018458715861461398,-0.1776918285186288,-7.313747646653178e-05
2012-07-10,0.00016857057689579618,0.09904857851543122,-0.005753279725722623,0.00018472259751247397,-0.17768377002457478,-7.168112601249182e-05
2012-07-11,0.0001685479252604654,0.09905159869544253,-0.005755036039146035,0.0001848877304249602,-0.17767271901417797,-7.032929783937339e-05
2012-07-12,0.00016851113382297312,0.09904484502671135,-0.0057565345279501365,0.00018494656621273267,-0.17773226251728338,-6.950981655786255e-05
2012-07-13,0.00016846791469105017,0.09903918142866186,-0.005758480155421422,0.00018510788387505556,-0.17775502321502057,-6.829205328363403e-05
2012-07-16,0.00016840862130363855,0.0990331842012701,-0.005758652921122636,0.0001852164857366969,-0.17775539487344633,-6.629654529435007e-05
2012-07-17,0.00016840514770297788,0.09902827324558759,-0.005759162507851004,0.00018526000388162218,-0.1778020328091579,-6.46609878512488e-05
2012-07-18,0.0001683436529345243,0.09902438310307426,-0.005760140866171087,0.00018546188956311617,-0.17780868653488058,-6.300593162360209e-05
2012-07-19,0.00016825839944957806,0.09901887409233412,-0.005761238810320249,0.0001857043328741963,-0.17776852472111765,-6.10418160563474e-05
2012-07-20,0.00016823723526434854,0.09901968671710304,-0.0057620241904827885,0.00018549004809278265,-0.17777419893708518,-5.96269826811711e-05
2012-07-23,0.00016816008886657546,0.09901872787348592,-0.005762792922356754,0.00018552139786533789,-0.1778095210718364,-5.7251311965184884e-05
2012-07-24,0.00016811644996605644,0.09901788447442862,-0.005763984864451048,0.0001855127720714121,-0.17786494638689962,-5.4753269679320646e-05
2012-07-25,0.00016809869552929837,0.09901091704984827,-0.005765020473116822,0.00018550309544689375,-0.1778627402170396,-5.289578072306011e-05
2012-07-26,0.00016804108666957165,0.09900606609359985,-0.005765320319535016,0.00018570010758479024,-0.17787905693416958,-5.035141442798831e-05
2012-07-27,0.0001679573764458508,0.09900450455536594,-0.005766001898981344,0.00018557152925066203,-0.1779134410660425,-4.938658379957482e-05
2012-07-30,0.00016789307474858017,0.09900483379039754,-0.005766231739608893,0.000185390703335514,-0.1779436763481782,-4.793313469090454e-05
2012-07-31,0.00016784594832787775,0.09900128215805715,-0.005768086299517543,0.0001855115383781793,-0.17796328167261202,-4.577531889771717e-05
2012-08-01,0.00016779138679307143,0.09899285094442488,-0.005769215734021142,0.00018558371153186052,-0.1780432056603427,-4.3133554155553526e-05
2012-08-02,0.00016773123838061525,0.09899068371228847,-0.005770468820815012,0.00018552175920642065,-0.17811986849817507,-4.170042368443523e-05
2012-08-03,0.00016769940153923626,0.09898389449063864,-0.00577166383830305,0.00018570735203849267,-0.17814587017064082,-4.004276916896068e-05
2012-08-06,0.00016765166530198223,0.09897680191274051,-0.005772582189399194,0.0001857000222564804,-0.1781880560629195,-3.860717606437935e-05
2012-08-07,0.00016767559904360074,0.09896670840216966,-0.005774339921246259,0.0001856301598905191,-0.17820542615393148,-3.606321357874472e-05
2012-08-08,0.00016761863911342163,0.09896190786487566,-0.00577478158881957,0.00018575884062259677,-0.17826607223929178,-3.3561086060790804e-05
2012-08-09,0.00016757333842591296,0.09894872295394452,-0.005776080520923023,0.0001859307256506898,-0.17825600280987028,-3.16877912328849e-05
2012-08-10,0.00016754557946779754,0.09894098518934222,-0.005777283149545724,0.00018598299614933152,-0.17836053153681242,-3.106526601404238e-05
2012-08-13,0.00016744983214241765,0.0989318435445082,-0.0057786029050903125,0.00018613816478085522,-0.17838113986151743,-2.8692164171837938e-05
2012-08-14,0.00016736532340177806,0.09892886081012994,-0.0057793454510109725,0.00018628309175280845,-0.17842612222412774,-2.6550627087755226e-05
2012-08-15,0.00016728000528124003,0.09892185739189174,-0.005780738426227462,0.00018625079806769976,-0.17842780946352038,-2.385575890279985e-05
2012-08-16,0.0001672965286186102,0.09891317199516496,-0.005781229372184527,0.0001863752570551524,-0.17845000339937955,-2.116438495708444e-05
2012-08-17,0.0001672537549711471,0.09890812332906081,-0.005781447870475834,0.00018638263364646138,-0.17846699017400527,-1.9825594278052394e-05
2012-08-20,0.00016721182805451602,0.09889998855691463,-0.005783215783288019,0.00018641917706005204,-0.17851338190460683,-1.8616170988055528e-05
2012-08-21,0.00016715745462720036,0.09889027426328062,-0.00578486732012106,0.00018644346439236452,-0.1785395621438391,-1.573587893599675e-05
2012-08-22,0.00016707915799184751,0.0988840292765838,-0.005786103757797454,0.00018661138311741734,-0.17854938173039075,-1.4507370585471518e-05
2012-08-23,0.00016699685598481177,0.09887866183300226,-0.00578678506198647,0.00018681913089064423,-0.1786269824203039,-1.3304922181207434e-05
2012-08-24,0.00016695970356785849,0.09886728312400628,-0.005788402631872512,0.000186893172182954,-0.17860887061679676,-1.1202597017210224e-05
2012-08-27,0.00016691566988688534,0.09886371796281924,-0.0057890759892788805,0.00018699506696808442,-0.17867500637277797,-9.415528096117214e-06
2012-08-28,0.00016681124417408115,0.09886319139813093,-0.0057899572417308455,0.0001870300986284095,-0.1786455403638459,-6.632527501517903e-06
2012-08-29,0.00016676341531603973,0.0988588833596362,-0.0057913472026493475,0.00018737419046390986,-0.17870218379606984,-4.654885261606899e-06
2012-08-30,0.00016667542978054752,0.098854164880227,-0.0057916038344683046,0.00018727368013723666,-0.17869330541421027,-2.122220946067829e-06
2012-08-31,0.00016660160071835855,0.09885139079760816,-0.005792288497183034,0.00018736517104616515,-0.17870315454412108,-2.2678086180900458e-07
2012-09-05,0.00016649650454760365,0.0988459807548158,-0.005792492163485418,0.00018773834448189837,-0.17874416245815433,2.0844005155911402e-06
2012-09-06,0.00016632970876860015,0.09883322570041954,-0.005794120425832371,0.0001878137993193649,-0.17872386793092288,4.103632888521197e-06
2012-09-07,0.00016624506224369786,0.09882806242044559,-0.005794193178264477,0.00018783709776620135,-0.1787359251367757,5.738948617431167e-06
2012-09-10,0.0001661127504210421,0.09882059953349687,-0.005794689387511421,0.0001879657207244319,-0.17879872505326155,7.66818833365402e-06
2012-09-11,0.00016597010388619323,0.09881144803885895,-0.005795786283639623,0.00018813279666654757,-0.1788623401012505,9.669029065534774e-06
2012-09-12,0.0001658726815951317,0.09880114811825841,-0.005796614550038742,0.00018823305922789093,-0.17884874792660688,1.186603849227943e-05
2012-09-13,0.00016578460295910835,0.0987902165125094,-0.005797534145010068,0.00018828161478014752,-0.17890481448689938,1.3155431033708392e-05
2012-09-14,0.0001656639591496986,0.0987860398877125,-0.005798765110665412,0.0001882722906162924,-0.17892447862584374,1.5092037615993081e-05
2012-09-17,0.000165588018596248,0.09877887722877683,-0.00579988600208203,0.0001882858199011416,-0.17893300656026292,1.6581092933834235e-05
2012-09-18,0.0001654513457364913,0.09876859923592614,-0.005801465740335751,0.00018841482472775473,-0.1789502375693683,1.9104803378667667e-05
2012-09-19,0.0001653483915717139,0.09876076800791549,-0.005802535054788326,0.00018852987311557577,-0.1789852104294718,2.0984252785664025e-05
2012-09-20,0.00016528234829841972,0.09875650247708286,-0.005803937422067152,0.00018860115201491486,-0.17902938603617088,2.219838026932565e-05
2012-09-21,0.0001651765349513327,0.09874985211846642,-0.00580439868035478,0.00018870970124463355,-0.17903301652235015,2.4008419309856372e-05
2012-09-24,0.00016514552851071263,0.0987424143456949,-0.005806357363835956,0.0001887021387909542,-0.17904889652634592,2.5882429018714835e-05
2012-09-25,0.00016500932835776506,0.09873701977490522,-0.0058079628858924235,0.00018880621668117587,-0.179106590176152,2.72417681192125e-05
2012-09-26,0.00016497220080208697,0.09873073628028299,-0.005808116718470112,0.0001889044994793952,-0.1791243155880608,3.1115550805174274e-05
2012-09-27,0.00016493464752567242,0.09872170958358069,-0.0058094460599644755,0.00018904604462117056,-0.17914842097098618,3.365151213969604e-05
2012-09-28,0.00016485427546869698,0.09871582100199351,-0.005810814901415391,0.00018923081079127383,-0.17916999162805275,3.548491015162731e-05
2012-10-01,0.00016474177583486677,0.09870781634118835,-0.005810755084533265,0.00018933341531812725,-0.17920810276756982,3.614377176534058e-05
2012-10-02,0.00016470862667030287,0.09869753816034157,-0.0058122428545779765,0.00018916745245575988,-0.17922371884376348,3.866537027573489e-05
2012-10-03,0.00016461218538152517,0.09869139908029022,-0.005814309568906835,0.00018916596730023772,-0.17926701034247972,4.062649279796556e-05
2012-10-04,0.00016456175114587944,0.09868618148210569,-0.0058166616977540645,0.00018921273683166872,-0.17932697612632775,4.218104385032053e-05
2012-10-05,0.00016452728284293105,0.09867803933854066,-0.0058181032709260574,0.00018916971579889665,-0.17940062713951313,4.4171759674932086e-05
2012-10-10,0.0001643435716850015,0.09867118213208274,-0.005820086659493056,0.00018918224986884386,-0.17940812387250565,4.696796470478516e-05
2012-10-11,0.00016421849343274203,0.09866397396458926,-0.005820961916147274,0.0001893582659345269,-0.17944620852297066,4.8901177779240776e-05
2012-10-12,0.00016416288008070442,0.09865682958881712,-0.0058219877918848795,0.00018946910289666664,-0.1794293284137255,5.1343199292167e-05
2012-10-15,0.00016406255987540456,0.09865340504694786,-0.0058218323762679845,0.0001895530630655554,-0.1795230528838861,5.3029220154380955e-05
2012-10-16,0.00016398704489989924,0.09865153336295676,-0.005823226817559833,0.00018941904930277537,-0.17954975253777472,5.632454509678093e-05
2012-10-17,0.000163974711743315,0.0986457468684915,-0.0058239488756247,0.00018953128422660194,-0.17957157872194063,5.771115057547538e-05
2012-10-18,0.00016388967450502127,0.09863523229931571,-0.005825474258228906,0.00018957651823734274,-0.17961744227027512,5.933025788041783e-05
2012-10-19,0.00016387191916385446,0.09862839638261649,-0.005827966855047264,0.00018979144696635065,-0.17961735689146457,6.117784864158147e-05
2012-10-22,0.00016376996250699674,0.09862097544275716,-0.005828787732456312,0.00018979256375851303,-0.17960907566537418,6.362691073048794e-05
2012-10-23,0.00016365973409553918,0.09861178463523819,-0.005830454453015914,0.00018978252990652807,-0.17965936647856823,6.662417236093682e-05
2012-10-24,0.00016362557604674682,0.09860565843866696,-0.005831997341688121,0.00018980636970818298,-0.17967883230553924,6.908063940804621e-05
2012-10-25,0.00016360497830421588,0.09859410568024414,-0.005833816329190408,0.00018976768228815867,-0.17968264209874943,7.161925952687512e-05
2012-10-26,0.00016352676742602355,0.09857558865664551,-0.005834954623926877,0.00018983728054497497,-0.17973045599173554,7.45032483434457e-05
2012-11-01,0.0001634350330998135,0.09856670947403928,-0.005836179723798565,0.00019000885287518175,-0.17977963863076732,7.700554549790059e-05
2012-11-02,0.0001633151969443562,0.09855676997692503,-0.0058377226702996474,0.00018989215265294483,-0.17980653653931483,7.84903856867819e-05
2012-11-05,0.00016323737159078093,0.09854844403844354,-0.005839239590956432,0.00018983314642021258,-0.1798663560997655,8.08774972117681e-05
2012-11-06,0.0001631436916675511,0.09854770535074131,-0.005841724593028548,0.00018993838492764294,-0.17986008441793455,8.3078093064601e-05
2012-11-07,0.00016303257143695138,0.09853334774775285,-0.005843522583751664,0.00018998640048374052,-0.17986369136532904,8.530756470319118e-05
2012-11-08,0.00016298201553802239,0.09852193196383083,-0.005845698499166382,0.00018986316815189683,-0.1798993606286109,8.716055448881866e-05
2012-11-09,0.00016292404946052875,0.09851311209466712,-0.00584724649160046,0.0001900062564117806,-0.17994346989580995,9.00638969398673e-05
2012-11-14,0.00016289566176662623,0.0984975533308537,-0.005848324533728038,0.00019002814803912278,-0.1799718931725855,9.163163217039042e-05
2012-11-15,0.00016280916054750368,0.09849011612959335,-0.005848626141746104,0.00019006411425081472,-0.17998349413015519,9.425472094250757e-05
2012-11-16,0.00016266240063152545,0.09848159864054734,-0.0058498806559408225,0.0001900470911530405,-0.1800041102013726,9.7389781447303e-05
2012-11-19,0.00016252840128617839,0.09847618122632902,-0.005851031895215474,0.0001903024592239431,-0.18003256514349553,0.00010036025077369973
2012-11-20,0.00016248602896066917,0.09846361943159583,-0.005851652288451206,0.0001902511752024316,-0.18006227425926824,0.00010293843783426343
2012-11-21,0.00016246203319620118,0.09845370545342697,-0.00585314222544829,0.0001902167183023947,-0.18008984635745978,0.00010594298822501531
2012-11-26,0.00016239339144901853,0.09844315732736293,-0.005854211265857811,0.00018999461557201472,-0.18006036563267097,0.00010847743011612636
2012-11-27,0.00016232015550020495,0.09842400741497716,-0.005854724439218904,0.00018999045616186936,-0.18007175922470756,0.00011162376074981339
2012-11-28,0.00016229717590698204,0.09841507206045727,-0.0058556318477757845,0.00018994554342852463,-0.18010055951208245,0.00011345184953706074
2012-11-29,0.00016228495361280657,0.09840524354482963,-0.005856435142184955,0.00019006740974299592,-0.18007722234079354,0.00011719124301905166
2012-11-30,0.00016220786886443742,0.09839080408743163,-0.005858853535773579,0.0001901223678170265,-0.1801196854648599,0.00011985612625977461
2012-12-03,0.00016211981914191552,0.09838012482757602,-0.0058604325669662834,0.00019017838797299699,-0.18011956460437442,0.0001221090177227938
2012-12-04,0.0001620815657408165,0.09837400979106936,-0.0058620999679703184,0.0001900704517948891,-0.1801906288159988,0.0001245744269806274
2012-12-05,0.00016198903972803322,0.09836112801473046,-0.00586392030977554,0.0001900610249889407,-0.18017284006655315,0.0001272619664168555
2012-12-06,0.00016187686628752986,0.09834945686896837,-0.005865388262815629,0.0001899298594264699,-0.18020148510780054,0.00012962090929679064
2012-12-07,0.0001617751906745166,0.09833777816004965,-0.005868030993424304,0.0001899885884364519,-0.1802453399370404,0.0001327662274210285
2012-12-10,0.00016170041040308736,0.0983343170610017,-0.00586898950931075,0.00019014442555023592,-0.18030217632610607,0.00013534619431179425
2012-12-11,0.00016163719323743973,0.09832232268964343,-0.005871372184097065,0.00019024626966533795,-0.18030602081178562,0.00013788955694105863
2012-12-12,0.0001615926362464357,0.09831110455712741,-0.005873349796263534,0.00019031657893760388,-0.18036537623495366,0.00014133352794882658
2012-12-13,0.00016153755390689323,0.09830347647349473,-0.005875476280200903,0.00019037770607688385,-0.18038984081786086,0.00014401939768917137
2012-12-14,0.00016143720569207162,0.0982945975838945,-0.00587809700399387,0.00019042910746938776,-0.1804387355772732,0.0001461788341631716
2012-12-17,0.0001613701932928236,0.09828698273750439,-0.005879761826092719,0.0001902838637046825,-0.1804637241551787,0.00014871277660076623
2012-12-18,0.00016130547567401175,0.09828374062650773,-0.005881185533669578,0.0001902624962448782,-0.18049565657209576,0.0001497091941132155
2012-12-19,0.0001612006440783098,0.0982741923603345,-0.005882639322344868,0.00019032484560372174,-0.18053815653883326,0.00015199147060280193
2012-12-20,0.0001610894571770082,0.09825726933609845,-0.005884784841517967,0.0001905240536883694,-0.18061068431251895,0.00015453725939557718
2012-12-21,0.00016093536118873863,0.09825313074601046,-0.005887209440605933,0.00019057861435691493,-0.18059623437577488,0.00015631148785647192
2012-12-24,0.00016086832956114085,0.09824488947580234,-0.005889006953648435,0.00019057926743976816,-0.180674907887224,0.00015902971681980467
2012-12-27,0.00016075813268326273,0.09823510442948469,-0.0058903360782931345,0.0001906014127767485,-0.18069937929855784,0.0001614628194706628
2012-12-28,0.00016069004059894376,0.09822164711644603,-0.005892443883821474,0.0001906565216880231,-0.18074250320030794,0.00016425981486215078
2012-12-31,0.00016059791485024236,0.09820867975287345,-0.005893877465211929,0.00019070528611887994,-0.1807692559896581,0.00016738058039271237
2013-01-03,0.00016054599866754604,0.09819850584287994,-0.005895176481860988,0.00019067487704106184,-0.18081878572921295,0.00017051188160397307
2013-01-04,0.0001604578131117549,0.09818978787275301,-0.005897609512678002,0.0001907926436854597,-0.18082960075499618,0.00017288204487039631
2013-01-07,0.00016042325493359014,0.09818150071025118,-0.005899399577619018,0.00019085957415475378,-0.18083295695324972,0.0001759020922763888
2013-01-08,0.00016036455758318505,0.09817380384990633,-0.005901782703171831,0.00019101172808981643,-0.18082977019028568,0.0001788064402221652
2013-01-09,0.0001602955573698412,0.09816185244086448,-0.005903766404836484,0.0001911699934063732,-0.18090077094164003,0.0001802733227401676
2013-01-10,0.0001602634261334785,0.09814786557493181,-0.005905280634096269,0.00019124228922194454,-0.18092500984566498,0.00018313681587974292
2013-01-11,0.00016018127433584193,0.09813345837291323,-0.005907447347086735,0.00019145449277666434,-0.18097429917553187,0.00018535472740674106
2013-01-14,0.00016010456976936523,0.09811855843101862,-0.005910211362916801,0.00019149323892098257,-0.1810023534667623,0.00018839096988469727
2013-01-15,0.000160017996746947,0.09811902875833545,-0.005911647885722919,0.00019132315317626009,-0.1810360223285153,0.00018992204884962435
2013-01-16,0.00015997688842884366,0.0981124459178702,-0.005913579396041913,0.00019138765271810673,-0.1810677229886374,0.00019272438202765188
2013-01-17,0.00015990622819071846,0.09810173575598954,-0.005915701639369997,0.0001914292586625625,-0.18112873352866754,0.0001958222976902699
2013-01-18,0.0001598121360489944,0.09808813310190734,-0.005917361331550573,0.00019150356567933021,-0.18116083930525842,0.00019912402582965679
2013-01-23,0.00015978977127302155,0.09807715590370523,-0.005919873106836925,0.00019170097967525007,-0.18121964393369636,0.00020162160207787364
2013-01-24,0.00015970586190029503,0.09806850198042906,-0.0059219700370902306,0.00019189947564519891,-0.18122697997662154,0.00020449538279822109
2013-01-25,0.00015962545320093597,0.09805844534072396,-0.005924209160627639,0.00019210844417917497,-0.18124824284102575,0.0002067939052140002
2013-01-28,0.00015955439964395016,0.09805284465816669,-0.005925314679141078,0.00019196383286520935,-0.1812570992293953,0.00020987534230425438
2013-01-29,0.00015943997268602742,0.09804755175571664,-0.005926415469723423,0.00019187344199651327,-0.18128824356149006,0.00021147309824542406
2013-01-30,0.00015939094100474865,0.09803593361547674,-0.0059283785030798675,0.00019198067343696487,-0.18128000450017567,0.00021437310436911954
2013-01-31,0.00015934926263483354,0.09802677433398319,-0.005930415775777726,0.00019216226764693986,-0.18131732002048717,0.00021665440154083914
2013-02-01,0.00015930843965792548,0.09801008131333871,-0.005932273157651203,0.00019225648515740077,-0.1813517950213437,0.00021962675728601157
2013-02-04,0.0001592577509480545,0.09799917328950097,-0.005933712116890535,0.0001926267166852041,-0.18136256455508193,0.00022252946826209843
2013-02-05,0.00015918898428153355,0.0979934321244122,-0.0059354471300042035,0.00019265877935353436,-0.18132394514888958,0.0002256841290943059
2013-02-06,0.00015913375643318247,0.09797788441251108,-0.005936882111103289,0.00019273807381433835,-0.18136275314418132,0.00022837232368012016
2013-02-07,0.00015911100167535417,0.097968017191328,-0.005939013676540253,0.00019291699268740331,-0.18134934008178374,0.00023151316468934704
2013-02-08,0.0001590571045370979,0.09795812897741885,-0.0059414320232299925,0.00019295387592136392,-0.18136687552223246,0.00023492397970084955
2013-02-11,0.0001590200533167549,0.09795213161632155,-0.0059434267303447655,0.00019290186153732538,-0.18138196143239035,0.00023679604744983215
2013-02-12,0.00015896372783083166,0.09794423474859335,-0.00594463859923506,0.00019287628049717963,-0.18137450668609076,0.00023919509223374136
2013-02-13,0.00015888246137146385,0.0979317163948012,-0.005946954123044808,0.00019295323621393968,-0.18137306246688562,0.0002409444959141973
2013-02-14,0.00015885867221502892,0.09792267392627614,-0.005948619926353411,0.00019313312104704143,-0.18139715384250255,0.00024341511826852613
2013-02-15,0.00015887108418158612,0.09791507993444434,-0.00595054332318723,0.00019304659101896816,-0.1813941259030127,0.000245857673930879
2013-02-20,0.00015881439676659564,0.09790384651039018,-0.005952342622391719,0.0001931147665927999,-0.18144550986975339,0.0002480178340449978
2013-02-21,0.00015871506446862518,0.0978916498206749,-0.0059544170598497875,0.00019308889470897927,-0.18146568968221502,0.0002503713135411929
2013-02-22,0.00015865538021615124,0.09788821509824275,-0.005955187093865402,0.0001930836351458351,-0.18149123355617486,0.0002515867919939975
2013-02-25,0.0001586159325786597,0.09787883793649715,-0.005957423145942485,0.00019295644471185942,-0.18151600715505972,0.0002535132688397621
2013-02-26,0.00015851020228691798,0.0978733361729251,-0.005959917809049171,0.00019307542141675624,-0.18155771393590517,0.00025599896284872123
2013-02-27,0.00015840027757699072,0.0978622431510722,-0.0059622043089476015,0.00019324600220970437,-0.18156465527672544,0.00025969776787281143
2013-02-28,0.00015834801031061184,0.09784975816628892,-0.005963974491319234,0.00019330338347323914,-0.18166205045229566,0.0002623951024315201
2013-03-01,0.00015827102860222096,0.09784267258263428,-0.00596501310648378,0.00019334753858275963,-0.18167707619092735,0.00026616639709991304
2013-03-04,0.0001582574373672287,0.09782829746740065,-0.005966967196010354,0.0001934905378925816,-0.1817191932127433,0.0002695221532268762
2013-03-05,0.0001582422249821245,0.097813632848859,-0.005968690980697499,0.0001935747549359093,-0.1817400832868677,0.00027172323884062124
2013-03-06,0.00015818147066201034,0.09780494957902484,-0.005970149456597486,0.0001937226834327293,-0.18176394788969538,0.00027448560690459774
2013-03-07,0.00015815522049654975,0.09779025144364295,-0.005971918304081333,0.00019386972281037226,-0.18175337470220748,0.0002772048502803238
2013-03-08,0.00015814039763734658,0.09778182076003356,-0.005973466680687274,0.00019404358762060105,-0.18181159719606607,0.00028029844688906975
2013-03-11,0.00015804173017828393,0.09777340184057143,-0.005975609558535988,0.0001940779100411631,-0.18183804144822624,0.00028299874170339213
2013-03-12,0.00015794377785051858,0.09776794314464259,-0.005977518862857733,0.00019418279908192782,-0.18184124871076987,0.0002858756860930876
2013-03-13,0.00015791473386492807,0.09775346207393901,-0.005978416118539561,0.00019417288054000395,-0.1818844888471995,0.0002889882953111898
2013-03-14,0.00015781090921601772,0.09774365935868252,-0.005980931586580258,0.00019429021070622684,-0.18188834104070212,0.0002922088871189683
2013-03-15,0.0001577753952889172,0.09773205671895914,-0.005982096294898268,0.0001943852926398174,-0.18192263542035697,0.0002951685050662982
2013-03-18,0.0001576767845578795,0.09772238021196542,-0.005983417539092458,0.000194529684523083,-0.18198327578165907,0.0002980188622004647
2013-03-19,0.0001576251042866779,0.09771281795855236,-0.005985689998552797,0.00019463212075353012,-0.18203216494504676,0.00029999591009662247
2013-03-20,0.000157564647986658,0.09770152122895696,-0.0059875940919917,0.0001947326330521603,-0.1820841834237016,0.0003015178425791815
2013-03-21,0.000157481944110963,0.09769557347875571,-0.00598969491654471,0.00019468198537531172,-0.18212951339448366,0.0003039298306468098
2013-03-22,0.00015740673225614164,0.09768398400508847,-0.005991306180155743,0.0001947002102566598,-0.18216271923562533,0.00030683392296332996
2013-03-25,0.00015732338212184023,0.09767462650587073,-0.005992687981053003,0.00019467829857329507,-0.18220760126984165,0.0003093111872374693
2013-03-26,0.00015727049415677205,0.09766647319558495,-0.005993987177630521,0.0001947188466840356,-0.18217225318621982,0.0003108850332038459
2013-03-27,0.00015726054259621608,0.09765403859613184,-0.0059965730369688774,0.000194786491274907,-0.1821888589650405,0.00031400762198609874
2013-03-28,0.00015721638592196133,0.09764291578549777,-0.0059988704014842225,0.00019492296157421065,-0.18219500910980002,0.00031735636419288383
2013-04-02,0.00015722535272180282,0.09763725584017377,-0.005999455130441452,0.0001948174169973535,-0.18220154302397504,0.00032063305249195855
2013-04-03,0.00015718990078379753,0.0976306913986216,-0.006002000250165015,0.00019486897790410324,-0.18225570220099385,0.0003241844911679668
2013-04-04,0.0001571877611782787,0.09762710869943948,-0.00600323277760573,0.00019494053985381497,-0.18229765137670073,0.00032722434978299866
2013-04-05,0.00015715550808779888,0.09761304434245913,-0.006005164279648606,0.00019509967822298934,-0.18233097478541588,0.00032999839380807406
2013-04-08,0.00015711593248036448,0.09760724309356464,-0.0060067618533347755,0.00019521680708406577,-0.18235515035399924,0.00033215024122387293
2013-04-09,0.00015708183713328023,0.09759901056040275,-0.0060086089582378,0.00019528351938356508,-0.18232853301378452,0.000334942536084189
2013-04-10,0.00015697560818093398,0.09758445869037355,-0.006009587690121783,0.00019529775749607727,-0.18233960988159992,0.00033767930527096174
2013-04-11,0.00015691578270747827,0.09758069541463453,-0.006011139229987983,0.00019537104836409437,-0.18237334791494542,0.00033990111552343184
2013-04-12,0.00015683578943698385,0.09756923499889969,-0.006012472538299885,0.0001955167758302559,-0.18239291897264315,0.0003425124996063652
2013-04-15,0.00015676974978917857,0.09755801710588757,-0.0060141114435922575,0.00019552846347387908,-0.1824054843054138,0.0003462450574656402
2013-04-16,0.00015678520382264198,0.09754867631943263,-0.006015751094008956,0.0001955590831069623,-0.18245206457206636,0.00034814076597439143
2013-04-17,0.00015676341939340897,0.09753908154073694,-0.006017681786390635,0.00019556905706820328,-0.18242909122156745,0.0003511178000498154
2013-04-18,0.0001566704923720599,0.0975339985916179,-0.006019776389463622,0.00019566524571631858,-0.18244047825599066,0.00035333863982305134
2013-04-19,0.00015665420838192748,0.09752189629071453,-0.006021021384925747,0.0001957907384254653,-0.18243052809553426,0.00035540594141388586
2013-04-22,0.00015660990512719058,0.09750259869713881,-0.006022916136628635,0.0001957381357914904,-0.18242800772644702,0.0003581876047156079
2013-04-23,0.00015658857658796597,0.09749117070039384,-0.006025425978254355,0.0001958125909406645,-0.18242122687938853,0.0003605981533583049
2013-04-24,0.00015652347497724592,0.09747573505509691,-0.0060268098147975985,0.00019594113786340837,-0.18245141628032627,0.00036259981418310187
2013-04-25,0.00015644867113248092,0.09746873928789093,-0.006028631065529919,0.0001958974681838818,-0.1825147290007275,0.0003654709690583778
2013-04-26,0.00015642582268928857,0.09746274976837693,-0.006029951584371646,0.00019591076015502602,-0.18251530253400483,0.0003694062570886212
2013-04-29,0.00015636721418800308,0.09745339449343651,-0.006030700959621653,0.0001959970548389978,-0.18250301276647252,0.00037274164763948723
2013-04-30,0.00015632749838846244,0.09744107714023356,-0.006032060278939426,0.00019604868616147577,-0.18252922330285148,0.0003758549715808084
2013-05-01,0.00015626978865534278,0.09742944164525393,-0.006033616804200779,0.00019609369796799478,-0.1826028378485199,0.0003787991506314142
2013-05-02,0.00015616426120583705,0.09741888378362279,-0.006034742176989058,0.00019622923315600388,-0.1826116703903686,0.00038077502815559583
2013-05-03,0.0001560897856675589,0.0974083389936778,-0.006035952800297336,0.00019634520993578567,-0.18264781837203778,0.0003837279111601043
2013-05-06,0.0001560557010002205,0.09740142944092195,-0.00603712897656321,0.00019639952309421068,-0.18271063898040735,0.0003860977626457663
2013-05-07,0.00015591890019136062,0.09739083254137178,-0.006038247104149496,0.00019639084631988896,-0.1827321143520404,0.0003895239805451804
2013-05-08,0.00015581060268341255,0.09737786277342651,-0.006040649178890139,0.0001964232152765482,-0.18281490507782458,0.0003924274445852744
2013-05-09,0.00015573300902375832,0.0973651210651531,-0.006041922310103136,0.00019635721310576953,-0.18282364998684272,0.0003953457830748637
2013-05-10,0.0001556821058460504,0.09735158464129641,-0.0060436258663755784,0.00019625196046534434,-0.18282045197640667,0.00039725787408425336
2013-05-13,0.00015560753779283163,0.09733956909134583,-0.006044660316127254,0.00019619626005496895,-0.18286477220027672,0.0003994923986965531
2013-05-14,0.00015562374300051663,0.09732473692065648,-0.006046922121457188,0.00019616127541043505,-0.18285862460558566,0.00040236113665560004
2013-05-15,0.00015559273476270367,0.09731562449252532,-0.006047837125625009,0.00019622805854147687,-0.18291830148430843,0.0004045558691153278
2013-05-16,0.00015559135697884788,0.09730330243094065,-0.006049228964281576,0.00019645710504239008,-0.18291013517225274,0.0004075862520666997
2013-05-17,0.00015561868740765686,0.09729310525293895,-0.006049948701945055,0.0001965117420456254,-0.18294674809846953,0.00040964599438132895
2013-05-20,0.00015557322957486565,0.09727934471649842,-0.0060516776407575175,0.00019674016896765876,-0.18294493405128212,0.0004127298698076582
2013-05-21,0.0001556381027997411,0.09727602989968172,-0.006053690720002487,0.00019690025063289455,-0.1829882571756467,0.0004159768037074824
2013-05-22,0.00015559518342895794,0.09726799158853999,-0.0060558434604003585,0.0001968283677631898,-0.18300752189840325,0.0004184444230597441
2013-05-23,0.00015561793170128295,0.09725770338753266,-0.006057838584392744,0.0001968022555441791,-0.18298338620700086,0.00042035987489085847
2013-05-24,0.00015557195693389342,0.09724985595065232,-0.006058835243507928,0.00019675091792230185,-0.1830046944660634,0.00042394449527645157
2013-05-29,0.0001554882677632382,0.0972397525831926,-0.006060282829226658,0.000196883567993849,-0.1830138706484129,0.00042670642841965663
2013-05-30,0.00015542680984885265,0.09722880511200814,-0.006061076582854174,0.00019707746465883716,-0.18307571781228668,0.00042905692575166763
2013-05-31,0.00015534904678356177,0.09721820024008017,-0.006062729514088481,0.00019717390117259085,-0.18306408449842698,0.0004316605638207651
2013-06-03,0.00015533074408458504,0.09721512259125475,-0.006064546896709632,0.0001971627891004779,-0.18309247060302902,0.0004341769429929586
2013-06-04,0.00015529649136220285,0.0972079776736087,-0.006065493006528944,0.00019728669278218543,-0.1831309159182988,0.00043687750528702214
2013-06-05,0.00015526291155453645,0.09719489794405972,-0.006065698345621172,0.00019726417816937666,-0.1831791669266551,0.0004398078839650865
2013-06-06,0.00015523452418622158,0.097181962806258,-0.006066405129391975,0.0001974808785551856,-0.1831996156907464,0.0004434053311758164
2013-06-07,0.00015521551551505604,0.09717207848691958,-0.006067876078725918,0.0001974403205609458,-0.1832281296751827,0.00044562600217271683
2013-06-10,0.00015512757859472174,0.09715916051277942,-0.006068878563858781,0.00019745774482639902,-0.18326705354281164,0.00044868487887343207
2013-06-11,0.0001551332994773064,0.09714751220899742,-0.006070154451178568,0.00019759134001645393,-0.18328889999629966,0.0004518471681903868
2013-06-12,0.00015505035367596048,0.09712933560592861,-0.006071686376423413,0.00019760586535464648,-0.18330807580090286,0.0004540386325338599
2013-06-13,0.00015501438800611506,0.09712535742440977,-0.0060727817968279675,0.0001976410194703471,-0.18335327367555065,0.0004559581768139252
2013-06-14,0.00015500253432362533,0.09711890186537704,-0.006073984449236217,0.00019778680718925685,-0.1833846239258064,0.00045878311506450636
2013-06-17,0.0001549398678679151,0.09710784067694972,-0.006075220589481476,0.00019771301790369418,-0.18338385833010362,0.0004615787449113486
2013-06-18,0.0001548636500493842,0.09709953084387488,-0.006076006085111584,0.00019765012166118187,-0.18336497490083065,0.0004643449604869454
2013-06-19,0.00015479488429310942,0.09709267030303428,-0.00607786931929323,0.00019769846580202543,-0.1833928125938906,0.0004669265438851445
2013-06-20,0.00015474472693164715,0.09708223609391702,-0.006079279926847125,0.0001978383247112248,-0.18340294270854246,0.00046946837173289947
2013-06-21,0.00015476052560758482,0.09707689374856127,-0.006080440088753227,0.00019793951427365608,-0.18345783382209463,0.0004721857629737095
2013-06-24,0.00015473571414285306,0.0970700260296378,-0.0060812526527612,0.00019811358428521836,-0.18347518264525534,0.000475122679889902
2013-06-25,0.00015467519348622428,0.09706229550021718,-0.006082229675769403,0.0001981623698619097,-0.183476955896191,0.00047885035140653176
2013-06-26,0.00015457214397969404,0.0970540659249352,-0.006083465726422462,0.00019834583115779726,-0.1835151050121543,0.00048155060340540786
2013-06-27,0.00015453364934477805,0.0970459696608997,-0.006084192124475242,0.0001984384135170661,-0.183542584111034,0.0004846338315320922
2013-06-28,0.0001544762232909212,0.09703544727886936,-0.006085709834001003,0.00019853127841797243,-0.1835914514111654,0.0004881332461388821
2013-07-01,0.00015439191397913628,0.09702225143523104,-0.006088077772876265,0.00019860997440081983,-0.18366495065184665,0.000491254813875108
2013-07-02,0.00015438958603218743,0.09701212060892268,-0.006088761544266198,0.0001986260492331906,-0.1836639966985911,0.0004934497832941948
2013-07-03,0.00015436387754622977,0.09700727844094913,-0.006089498403518799,0.0001986990068098799,-0.1836596365627743,0.0004957817416078973
2013-07-08,0.00015433390501311047,0.0969966490953411,-0.006090428041032207,0.00019866449830723739,-0.18365616081334774,0.0004996950847254196
2013-07-09,0.00015425684491506494,0.09698811081623458,-0.006091015937891709,0.0001987420882423624,-0.18368836872150082,0.000502205653821865
2013-07-10,0.00015423133796199542,0.0969785573236302,-0.006092187718412405,0.0001988607126269145,-0.1836812997715329,0.000504819211520885
2013-07-11,0.00015422453359603339,0.09696980245975526,-0.0060930487216191076,0.00019903517806336033,-0.18365376091895014,0.0005073645561362817
2013-07-12,0.00015414437073400634,0.0969542327785469,-0.006093568997689756,0.00019898260993201592,-0.1837217131087939,0.0005101985365548126
2013-07-15,0.00015409946386201048,0.09694846337658897,-0.0060949681573253724,0.00019902653224558128,-0.1837085020754324,0.0005123224798829618
2013-07-16,0.00015401651298075044,0.0969425785471884,-0.006097257911764499,0.00019919435422081273,-0.1837084788918011,0.000514507353948717
2013-07-17,0.0001539549042720728,0.09693811302097297,-0.006098187753468843,0.00019932418322516382,-0.18372537835452324,0.0005168635188338367
2013-07-18,0.0001539565766246979,0.09693057011479732,-0.006099271340605644,0.00019929183540280362,-0.18375488299265585,0.0005190038680742852
2013-07-19,0.0001538057758571677,0.09692182122073839,-0.006101343490599506,0.0001992536508592054,-0.1837680448575299,0.0005218430102559562
2013-07-22,0.0001537808057515706,0.09691183530499817,-0.006102956744893922,0.0001993459383758071,-0.18379571268749176,0.0005235343240166464
2013-07-23,0.00015374772799337308,0.09690451282521949,-0.006104102741524314,0.0001995658705333206,-0.18388825533403197,0.0005268718530458032
2013-07-24,0.00015363688906592303,0.09689769168151999,-0.0061054174984451395,0.00019961803904070918,-0.18388127349407707,0.0005294080012493072
2013-07-25,0.00015360105481412135,0.09688591962553855,-0.006107260706310701,0.0001996414872411868,-0.1839310290102226,0.0005314740892298298
2013-07-26,0.00015355157379194298,0.09687902345740348,-0.0061089159759611,0.00019975965003557198,-0.18396276104718082,0.0005342283932651375
2013-07-29,0.000153530208174492,0.09687549659154641,-0.006110118589003189,0.00019992177470234398,-0.18395487971354554,0.0005372241111878697
2013-07-30,0.00015346380296854325,0.09686827200171609,-0.006111501378508444,0.00019985400920284732,-0.183967299336712,0.0005400491843185845
2013-07-31,0.00015337447151210463,0.09685683932373608,-0.0061130053008476345,0.00019997198134608714,-0.1840078020857175,0.000541494573660099
2013-08-01,0.00015338601087502108,0.09684638779894945,-0.0061142150214626425,0.00019989853307110023,-0.1840310844580948,0.0005437660663734753
2013-08-02,0.00015335853256998652,0.09683565970613063,-0.006115192172281922,0.00019991029354303678,-0.18403619197589294,0.0005457916891993869
2013-08-05,0.0001532840745913509,0.09682147345154675,-0.006115762211797203,0.00019991376239470436,-0.18404428089823832,0.0005485515325601748
2013-08-06,0.0001532620304492051,0.09681255922106795,-0.006116510445910195,0.00019998571676174166,-0.18400452381411608,0.0005505907653693178
2013-08-07,0.00015321925811749592,0.09680231008136224,-0.006117297485094588,0.00019994063250935328,-0.18406184246389665,0.0005533127975130027
2013-08-08,0.00015314455579947515,0.09679541535254786,-0.0061187183255001325,0.00019989004942129977,-0.18410042511541236,0.000556254858142973
2013-08-09,0.00015307450126089044,0.0967860780185089,-0.006119759073745487,0.0001999567908411142,-0.18412343574355766,0.0005596229453732988
2013-08-12,0.00015304347012587497,0.09677898122506805,-0.00612158461300967,0.00019987620185549232,-0.1841894390715661,0.0005622437058973997
2013-08-13,0.00015294351632027836,0.09677368675008327,-0.0061228406508527355,0.00019980893222830426,-0.1841521047390029,0.0005655940556390838
2013-08-14,0.00015288711358285985,0.09676559894951307,-0.006123092604441121,0.0001998507159088906,-0.18419370546522076,0.000568009363740581
2013-08-15,0.00015285041550133438,0.09675516242227537,-0.006124041045505495,0.00019970105155077818,-0.1842430448255964,0.0005705582606537133
2013-08-16,0.00015278897583682213,0.09674799405732014,-0.006124753318822991,0.0001997810827040583,-0.18426975757073719,0.0005724367513684987
2013-08-19,0.00015273917659315377,0.09673689485983578,-0.0061256648629845895,0.00019988263053349046,-0.1842458681549166,0.0005741106732060924
2013-08-20,0.0001526295798762355,0.09672891736389287,-0.00612623842448699,0.00020002632995422964,-0.1842651555032689,0.0005770379804227236
2013-08-21,0.00015257196555805324,0.09672659523315687,-0.006127407153168791,0.00020010135851270547,-0.18428307985659156,0.0005805117626573814
2013-08-22,0.00015255113890648303,0.09671692186133583,-0.006128557378763262,0.00020019792223723655,-0.18431941549341035,0.0005823702104031255
2013-08-23,0.00015252272997790206,0.09670593360665404,-0.00612948329528701,0.00020036896861066095,-0.18433597865790743,0.0005847719638853871
2013-08-26,0.0001524340897087486,0.09670200269513464,-0.006131110118540615,0.00020050283391658327,-0.18434912293351335,0.0005880532877172188
2013-08-27,0.00015237870887892493,0.09668514093236807,-0.006133040829868786,0.00020061300657179347,-0.1843673429899666,0.0005899606215220651
2013-08-28,0.00015228714072320512,0.09667409830479155,-0.006133503070475829,0.00020056112315873173,-0.1843494046308788,0.0005922080692807135
2013-08-29,0.0001522344873511183,0.096665912189375,-0.006134833669664385,0.00020060228156260217,-0.18434973429869556,0.0005940848054609104
2013-08-30,0.00015219843470668448,0.0966562102988326,-0.0061352122877413005,0.00020050600615882164,-0.18433503290855394,0.0005966639851166717
2013-09-04,0.00015215119765175494,0.09664987653646041,-0.006135359968788942,0.00020053076876693936,-0.1843558766694426,0.0005990638104586539
2013-09-05,0.00015208262104066106,0.0966395450066801,-0.006135975533612808,0.00020060103429080027,-0.18435448622229733,0.0006022456511993287
2013-09-06,0.00015197331065256708,0.09663412873820132,-0.006137015136703802,0.00020063265374634415,-0.18439090945859493,0.0006042973248572477
2013-09-09,0.0001519366611787935,0.09662353695020585,-0.006137400003892903,0.000200515771542689,-0.1844130456357436,0.0006068274492765437
2013-09-10,0.00015179538698035524,0.09661743819020177,-0.006138717829980365,0.00020046185367407894,-0.18439655320358259,0.0006102497252033551
2013-09-11,0.0001517575042797469,0.09661056368537363,-0.006140155829025236,0.00020057753837299686,-0.18441381531167475,0.0006120174408192207
2013-09-12,0.00015169233044043753,0.0966042642844184,-0.00614101726531428,0.00020047108514379991,-0.18439186432268745,0.0006152277162701017
2013-09-13,0.00015155931737176592,0.0966027930072216,-0.0061414728093028195,0.00020042202915366745,-0.18440853152451342,0.0006187470927733284
2013-09-16,0.0001515014775589981,0.09659951704537739,-0.0061429362083060286,0.000200269992727107,-0.1844248474599622,0.000620784784516474
2013-09-17,0.00015142135435166552,0.09658980633620495,-0.006144107284269835,0.00020039499491336378,-0.18444600385823748,0.0006223651184908865
2013-09-18,0.0001513086731835109,0.09657852187883093,-0.0061453990054950525,0.0002004937979441522,-0.18446510101010113,0.0006258325589837358
2013-09-19,0.00015121726652630576,0.09657259840706765,-0.006146700698670828,0.00020053052417803914,-0.18450278090720085,0.00062794915526697
2013-09-20,0.000151197451342723,0.09656471364423805,-0.006147654780506412,0.00020066556733009365,-0.18450429983958166,0.0006300244457084288
2013-09-23,0.0001511951265490101,0.09655710145647842,-0.006148655564397249,0.00020078116665293486,-0.18455160613173363,0.0006320282487866915
2013-09-24,0.00015111667334916743,0.09654998246567513,-0.006149791433639153,0.00020082933588926288,-0.18455316171725725,0.0006347024531352144
2013-09-25,0.00015098836471179645,0.09654285532375884,-0.006150802533535081,0.00020097254207887438,-0.18456717980644793,0.0006369857538208723
2013-09-26,0.00015090352245723834,0.09653301719454624,-0.006152126021785757,0.0002010386075459908,-0.18459696984983673,0.00063915840577973
2013-09-27,0.00015090820097354342,0.09652263800602372,-0.00615269572610686,0.00020112870365620624,-0.18462550296863145,0.0006425339246195199
2013-09-30,0.00015082676763501177,0.09651283065629275,-0.00615483253842157,0.00020122074910813674,-0.18463783620675975,0.000645739794909172
2013-10-01,0.00015075016615307175,0.09650884264497285,-0.0061566529897289085,0.00020132560446384129,-0.18468292446917123,0.0006484312564741484
2013-10-02,0.00015071829774380386,0.09650133525097572,-0.006157859148279762,0.0002013168001120215,-0.18474698473168522,0.0006512413818811032
2013-10-03,0.00015065715461671744,0.09649102900443143,-0.006159426246607017,0.00020159565066695136,-0.18475844435454755,0.0006539450036632476
2013-10-04,0.00015054186554901033,0.09648499124348811,-0.00616036464973873,0.00020178410615389057,-0.1847918719598723,0.0006556732171889496
2013-10-07,0.0001503994767946418,0.09647132186169059,-0.006160946310057945,0.00020183474655081278,-0.184761564848776,0.0006584066204367947
2013-10-08,0.00015034229061057492,0.09646050873689882,-0.0061618109422483455,0.00020181301682191586,-0.18479807707000387,0.0006616170133545618
2013-10-09,0.00015025951641005933,0.09644750436701466,-0.006164041365021504,0.0002020031778789997,-0.18479451999467508,0.0006643255422520095
2013-10-10,0.00015021376937345354,0.09644524177863902,-0.006165398406011149,0.0002020046438171086,-0.1847983448011462,0.0006663394997896557
2013-10-11,0.00015012316308508756,0.09643848512621543,-0.0061666796992624826,0.00020192191234036578,-0.18480833172967137,0.0006689606330401357
2013-10-16,0.00015005554621085426,0.09642748652789575,-0.00616812030592017,0.00020204057857843046,-0.18482538565348575,0.0006716328697243298
2013-10-17,0.00014994904560862966,0.09642317727533452,-0.006170267569563161,0.00020214375283988787,-0.18485922530556395,0.000673162649891105
2013-10-18,0.0001498688721288058,0.09641273089411465,-0.006170690803955574,0.00020219684636416468,-0.18488863142070325,0.0006765395289887145
2013-10-21,0.00014974666723856643,0.0963998425473589,-0.006171961155494638,0.000202042692918332,-0.18495343969270117,0.0006798284851205954
2013-10-22,0.00014959383006374382,0.0963859497435793,-0.006173044461802094,0.00020218307595211676,-0.18496859741480648,0.0006828152690948529
2013-10-23,0.0001495122319597761,0.09638217438587034,-0.006173759396815151,0.00020213858274306884,-0.18496867691911806,0.0006848255504759073
2013-10-24,0.00014946844795882437,0.09637736082643557,-0.006174531320987788,0.0002023513132149855,-0.18501082548152206,0.0006873471290495194
2013-10-25,0.0001494380241706875,0.09636727920263032,-0.006175176225931922,0.00020229417840988398,-0.18508842968882638,0.000690634050334103
2013-10-28,0.000149315409409867,0.09635498892511106,-0.006175537304285055,0.0002022077515016752,-0.18508627101196187,0.0006928917054020356
2013-10-29,0.00014919506780681108,0.09634427701782391,-0.006176047103461613,0.00020226637800270029,-0.18510661927210975,0.0006945690571444722
2013-10-30,0.0001491400383304574,0.09633431253027748,-0.006176726465709245,0.00020225136451393065,-0.18510636556154192,0.0006971125028714042
2013-10-31,0.00014902059524552646,0.09632480870090808,-0.006177293223380285,0.00020232924146504382,-0.18513504302417877,0.000699647231877001
2013-11-01,0.00014895969206860283,0.0963155951414848,-0.006177840955414852,0.0002024787751705105,-0.18514269549472998,0.0007008906906796957
2013-11-04,0.00014893604813185493,0.09629985958140769,-0.006178569033229877,0.00020242148293013023,-0.18517940000177782,0.0007021640511031917
2013-11-05,0.0001489006601690125,0.09628842659144038,-0.006180309164435514,0.00020253328203961277,-0.1851966396900711,0.0007043729762785987
2013-11-06,0.00014885318671860792,0.09628227048642131,-0.006181375597646276,0.0002025714220906774,-0.18521677168589742,0.000706099190590774
2013-11-07,0.00014885195565410162,0.09626968016433496,-0.006183213990841679,0.00020275935499506928,-0.18523734400976086,0.0007083278804315678
2013-11-08,0.00014881221169524874,0.09626209396368637,-0.00618321218969119,0.00020272662527353892,-0.18522810335398956,0.0007114617913405884
2013-11-13,0.00014879221601390007,0.0962524111283445,-0.006184916803642364,0.00020270665847522515,-0.18524257061126137,0.0007132716959998182
2013-11-14,0.00014868583422748767,0.09624418216757427,-0.00618561941596104,0.00020284639733144863,-0.18524094094510254,0.0007147322333781418
2013-11-15,0.0001486002598090054,0.09623472574190783,-0.006186307179015631,0.00020279229479013691,-0.1852891267222474,0.0007169669541280364
2013-11-18,0.00014849924966399463,0.09623019354366374,-0.006187352786603671,0.00020290051345725946,-0.1853148144276925,0.0007192842476814519
2013-11-19,0.0001484020693726603,0.09622006941063652,-0.006187746354255203,0.00020303787734559964,-0.1853464803300175,0.000722535193224007
2013-11-20,0.00014832569633613273,0.09621651972877804,-0.0061885053856699955,0.00020298776189719056,-0.18537109934310134,0.0007248312464237603
2013-11-21,0.00014823745595476658,0.09620675443709095,-0.006188110878969477,0.00020303242323886587,-0.18544098626288388,0.0007276821156791383
2013-11-22,0.00014813263378745097,0.09619134605038304,-0.006189130014820318,0.0002032743436197785,-0.18544662755604363,0.0007304281712933819
2013-11-25,0.00014813717002403165,0.09618231741233703,-0.006190426370928883,0.00020333547028890056,-0.18544859256125928,0.0007320070251319217
2013-11-26,0.0001480520882176718,0.09617304007313741,-0.006191332834780154,0.0002032824964641303,-0.18548721700597565,0.0007339149505316471
2013-11-27,0.00014796570966214362,0.09616448832215799,-0.006191895399093728,0.00020325117917296528,-0.18550532490109425,0.0007357520721852685
2013-12-02,0.0001479502709218933,0.09615793251497463,-0.006192353718616408,0.0002033009210900411,-0.18553648051650162,0.0007373536601708942
2013-12-03,0.00014791041469189775,0.09615238537346243,-0.00619349550612176,0.00020344973159073469,-0.18554706542293664,0.0007396286800902794
2013-12-04,0.00014787131294023185,0.09614142291165413,-0.0061946424106433156,0.0002035433355395715,-0.18555894670380094,0.0007415937599776634
2013-12-05,0.00014774977762675403,0.09613164801598031,-0.0061947052682188196,0.0002034763584936598,-0.18558839943855637,0.0007435510143338365
2013-12-06,0.00014761074229707331,0.09612450380353117,-0.006195308098939055,0.00020346756778841468,-0.1856160452544149,0.0007453890857705216
2013-12-09,0.00014752091134537056,0.09611298759951784,-0.006196266877715446,0.00020351308322951164,-0.1856135118296363,0.0007474222731729855
2013-12-10,0.00014749582458118074,0.09610643777807604,-0.0061975180387425785,0.00020342629867991455,-0.18564040497701242,0.0007508235607292141
2013-12-11,0.0001474769865874412,0.096093100109738,-0.006198486135034813,0.00020332930718427956,-0.18567118424688217,0.0007534116907797586
2013-12-12,0.000147364450711574,0.09607931058773017,-0.006199532181612916,0.0002034510418312311,-0.18573678245045258,0.0007561192286836741
2013-12-13,0.00014732659088453995,0.09606802292444093,-0.006199741313441579,0.000203466355289854,-0.18574139044124138,0.0007570255140904303
2013-12-16,0.00014728399136242347,0.09606765945832291,-0.006200883711615812,0.00020339895079363136,-0.18579031452481248,0.000758466164508241
2013-12-17,0.00014718251951479733,0.09606306409821805,-0.006201757040498993,0.00020347107478183154,-0.18585202102062356,0.0007611912086299564
2013-12-18,0.00014710564578882695,0.09605829353930373,-0.006202478636138153,0.00020345765804149528,-0.18589323641599062,0.0007627784242652481
2013-12-19,0.0001469960046522479,0.09604996019159012,-0.006203980458859259,0.0002035112978790556,-0.18590950831957992,0.0007657131083578387
2013-12-20,0.00014690291257126806,0.09603575813072479,-0.006205208999700736,0.0002035980462775239,-0.18591651751795674,0.0007682064520488598
2013-12-23,0.00014682709263074786,0.09602586898427555,-0.006206122630014742,0.0002036820611904986,-0.1859466276134383,0.0007710108654679636
2013-12-24,0.0001467746979356655,0.09601686799105631,-0.006207315953663773,0.00020375270079511855,-0.1859585024017008,0.0007729142052198045
2013-12-27,0.00014668028428260033,0.09601030109440363,-0.006208158658389959,0.00020358798297475698,-0.1859691241229684,0.0007755486314966111
2013-12-30,0.00014656230403679353,0.09600261228585917,-0.006209188715069969,0.00020371075216313076,-0.18594933533539515,0.0007780256914091527
2013-12-31,0.00014648421070884228,0.09600210440790691,-0.006210125117251461,0.00020380215569058054,-0.18599534774060708,0.0007813727385762098
2014-01-03,0.00014648368194002587,0.09599441933279038,-0.006211305384705771,0.00020378750572692998,-0.18599664750761252,0.0007830561709238166
2014-01-06,0.00014640809291162175,0.09598816794949835,-0.006212937444577515,0.00020386468507551362,-0.1860194854386267,0.0007855602329602325
2014-01-07,0.0001462790004807577,0.09597872623847795,-0.006213091048481934,0.00020384665196197514,-0.18605372386599967,0.0007880506526575114
2014-01-08,0.00014612719580982578,0.09597135172806394,-0.006213829913902851,0.00020395754051476638,-0.18608853367501538,0.000789414204405741
2014-01-09,0.00014599862234666294,0.09595895673234538,-0.006215076095709697,0.00020395603300660587,-0.18609486827206514,0.0007914555531007231
2014-01-10,0.00014586379264632088,0.09594621838180749,-0.006216328992010913,0.0002039190725931453,-0.18609976612801424,0.0007939601367063522
2014-01-13,0.0001457526343861883,0.0959361454107308,-0.006217610495279,0.00020396087323430308,-0.18611008545351235,0.0007961068035965812
2014-01-14,0.00014557141218885395,0.09592568218697525,-0.00621852919959795,0.0002041608186529079,-0.18613358449590092,0.0007988649784400356
2014-01-15,0.00014543900672641427,0.09591680762403508,-0.006219383088321478,0.00020414653135079032,-0.18615711770626078,0.0008028137215722716
2014-01-16,0.00014532009937800108,0.09590288305142483,-0.0062201041456088225,0.00020409699177146494,-0.18612615277246877,0.0008057732931007102
2014-01-17,0.00014520917297343843,0.09588926548685667,-0.006221359647253839,0.00020400695232617014,-0.1861096943279633,0.0008082279160412146
2014-01-22,0.00014517976441295457,0.0958797711012953,-0.006222367174577824,0.00020401130626743433,-0.18609861372190303,0.0008113134405522162
2014-01-23,0.00014503068290583451,0.09586704143503089,-0.00622288856984861,0.0002040642363383282,-0.18609628013007856,0.0008150777151881187
2014-01-24,0.0001450017457463108,0.09585902592368543,-0.006224276424258527,0.000204074826748048,-0.18615768198747668,0.0008176954816491313
2014-01-27,0.00014488280657699203,0.09585146656161382,-0.006225091490568148,0.00020424211703287643,-0.18616920393972758,0.0008208422950624092
2014-01-28,0.00014474575860911752,0.09583603740091888,-0.006226032665758973,0.00020438025137790497,-0.18618360141514162,0.0008241809376014189
2014-01-29,0.0001446935850221818,0.09581692860427275,-0.006226555165543603,0.0002043202406072756,-0.1861989569798937,0.0008272277426699423
2014-01-30,0.00014464502362273573,0.09581331279261097,-0.006227068399380367,0.00020435502320794685,-0.18627065440130705,0.0008290945174123712
2014-01-31,0.00014456865990230975,0.09579992998109771,-0.0062276122726203365,0.00020423621909173494,-0.1863053544291562,0.0008319165770824176
2014-02-03,0.0001445174927637099,0.0957952628165573,-0.0062282607495457816,0.00020444734328559013,-0.186349432111007,0.0008351195702975503
2014-02-04,0.00014439913447919248,0.09578100316810959,-0.006228710041911492,0.00020457015137077724,-0.18635115234104221,0.0008382449096828484
2014-02-05,0.0001443084915785438,0.09576713312312225,-0.006229238369960539,0.00020459376091211493,-0.18634667169910196,0.0008416264279196785
2014-02-06,0.00014420206783452344,0.09575905416608106,-0.006230494990551713,0.00020461496014748898,-0.186409151738412,0.000845390949840681
2014-02-07,0.00014412418939438454,0.09575127988403218,-0.006231588162517486,0.0002047401947483889,-0.18644608681662592,0.0008487518039421322
2014-02-10,0.00014401988658924327,0.095741851364848,-0.006232877474901928,0.00020488840966153237,-0.18648519413804013,0.0008516654075276199
2014-02-11,0.00014393292027417717,0.09573299150592852,-0.006234276796203997,0.00020502315166902535,-0.18652896978662384,0.0008540553604290701
2014-02-12,0.00014387671982249523,0.09571769870321,-0.006235450091206763,0.0002050791171658207,-0.1865845244670584,0.0008575043851419002
2014-02-13,0.00014382316682391065,0.09570747282725242,-0.006237359095817269,0.00020513686529463913,-0.18661700316063062,0.0008615916945264168
2014-02-14,0.00014373761055150457,0.09569766077234707,-0.006238490303990771,0.0002052325110858277,-0.18664282965644033,0.0008659866348635735
2014-02-19,0.0001436864775814089,0.09568197554653436,-0.006239978383685631,0.00020518590710420675,-0.18668858279576073,0.0008691469445273543
2014-02-20,0.00014358754900478565,0.09566979417367963,-0.0062414220712288075,0.0002051524353284751,-0.1867229929144452,0.000872990536608489
2014-02-21,0.0001434541283948586,0.09565687601436729,-0.006242672762521703,0.00020530090146599138,-0.18675937675930127,0.0008763808757513171
2014-02-24,0.00014338414740519323,0.0956398876613434,-0.006243460694154476,0.00020538390473202374,-0.1868281188841031,0.0008809835994919538
2014-02-25,0.0001433180728585673,0.09563214911310365,-0.006244211567004653,0.00020541074489344914,-0.1868632767619642,0.0008834426526143209
2014-02-26,0.00014318342784577212,0.09562055620485911,-0.006246181343559338,0.00020548346362938996,-0.186914948305286,0.0008877451567291276
2014-02-27,0.00014310786979139918,0.09560382337849364,-0.0062479872358384755,0.00020540819253302717,-0.18699272211312595,0.0008901363039564994
2014-02-28,0.0001429855234396977,0.09558826706017685,-0.006248307640306358,0.00020529520663475223,-0.18700561326841683,0.0008929801381455094
2014-03-03,0.00014291142937238076,0.09557688890177352,-0.006249222816069714,0.00020530782538814648,-0.18706421291385955,0.0008973143692885682
2014-03-04,0.00014282162507519536,0.09555993833076572,-0.0062501918132927044,0.00020536199839647236,-0.1871165997022997,0.0009005264239542151
2014-03-05,0.0001427106286268712,0.0955479269478744,-0.006250722430416349,0.00020543676945356508,-0.18713307227553705,0.0009032427345699458
2014-03-06,0.00014257832992094446,0.0955378635541281,-0.006251905027966107,0.00020547050409668719,-0.1871131728760716,0.0009061360993600563
2014-03-07,0.00014250060209680096,0.09552801084379417,-0.006252625715848559,0.00020538908836777262,-0.18712038257037403,0.0009099629791593017
2014-03-10,0.00014240660052704693,0.0955201391156477,-0.006253714593248353,0.00020534425071781464,-0.18715427732916065,0.0009136136044481293
2014-03-11,0.00014230994763728285,0.09551081272943274,-0.0062548201883436,0.0002055294761088876,-0.18718780622647352,0.0009177711891990961
2014-03-12,0.00014214732537067929,0.09549660593811522,-0.006256071514559092,0.00020549645672780106,-0.1872226807996984,0.0009205642178411225
2014-03-13,0.0001420638507734053,0.09548032263808574,-0.006257959363988898,0.00020540058634482274,-0.18724350561248537,0.0009233034638342017
2014-03-14,0.00014208458246801683,0.09547148447471392,-0.0062581489281533466,0.00020550013930263107,-0.18722072338153906,0.0009263239422979963
2014-03-17,0.0001419851919888404,0.09545790104647996,-0.006259561477798175,0.000205610689945142,-0.18726704929513244,0.0009294568006301309
2014-03-18,0.00014191276265143466,0.09544471679458845,-0.006260417354578772,0.00020581772222951346,-0.1873010227832438,0.0009339903926858884
2014-03-19,0.00014179920313395257,0.09543724764419527,-0.006262165751603863,0.00020601456594187076,-0.1873309930464389,0.0009366672923676047
2014-03-20,0.0001417063028209221,0.09542612584684167,-0.006263731377486309,0.00020611286931635693,-0.18738610279233286,0.0009393554503431282
2014-03-21,0.00014161775159922597,0.09541796572029143,-0.006264259186094169,0.0002062961957190492,-0.18743178306371322,0.0009416810777708036
2014-03-24,0.00014154585511661272,0.09541331563186461,-0.0062653579534123,0.0002063185844044957,-0.1874538507164898,0.0009454309740688587
2014-03-25,0.00014150639569844462,0.0954037384379373,-0.006266748314582867,0.0002062588832912257,-0.18747731380528654,0.000949486607191788
2014-03-26,0.00014140023140175387,0.09539017382337465,-0.0062682307223744975,0.00020615454637613604,-0.18751607239428686,0.0009524884033040709
2014-03-27,0.00014135968134553473,0.09538237188114511,-0.0062698395274740325,0.00020614007797486753,-0.18748924472470127,0.0009557263192596692
2014-03-28,0.00014125076184713458,0.09537133908043273,-0.006270742405009462,0.0002060838530213342,-0.18743801629115944,0.0009587884305973565
2014-03-31,0.00014115577427415603,0.09536870058067035,-0.0062719612106416625,0.00020615231722362893,-0.1874933768114192,0.0009621634968687218
2014-04-01,0.00014111697759305194,0.09535986982520368,-0.006272262011478139,0.00020622916670943835,-0.18754483483366088,0.0009658918641784803
2014-04-02,0.00014102355870603288,0.09535513670782181,-0.006272413003978607,0.00020629260128944614,-0.18758495923189178,0.0009691216596977538
2014-04-03,0.0001409156107672906,0.09534383192334517,-0.006273440999389523,0.00020648080451471184,-0.1876055893353319,0.0009722444135037431
2014-04-04,0.00014080729407322008,0.09532978439764343,-0.006273859814029834,0.0002064186703331433,-0.18765495399349585,0.0009752436857920173
2014-04-07,0.00014069576731534216,0.09532581298173735,-0.006274880986009213,0.00020645949145877958,-0.1876844419851575,0.0009779271827575447
2014-04-08,0.00014063209712033805,0.09531033191630958,-0.006274707205060204,0.00020642142809299945,-0.18771147628999746,0.0009807624986028676
2014-04-09,0.00014054390367582235,0.09529661610788462,-0.006276839527030266,0.00020653739106281968,-0.187706603272977,0.0009830201944761002
2014-04-10,0.00014043305181924323,0.09529264268765818,-0.006278453245861771,0.0002067106688271734,-0.18780685541548836,0.0009859923239289492
2014-04-11,0.00014036905367192435,0.09528346569591906,-0.006280437502815395,0.00020685641274283448,-0.18781387065463928,0.00098913267913716
2014-04-14,0.00014023950399296808,0.0952740882491795,-0.0062816338249755375,0.00020679590775959033,-0.18783811079501245,0.0009916040377155402
2014-04-15,0.00014015138749244005,0.0952593662863423,-0.006283091504620412,0.00020694891619377431,-0.18782530898030414,0.0009947040495693626
2014-04-16,0.00014002578040541236,0.0952511046721898,-0.006283771893362881,0.00020716329183831998,-0.18786897921015022,0.000996561267567508
2014-04-17,0.00013993708592064606,0.09524817181315164,-0.006285325750618896,0.00020721948221862665,-0.18788299544481885,0.0009997869916124086
2014-04-22,0.00013976437584968372,0.09523865358817674,-0.0062861131363545104,0.0002072378779696423,-0.1879257161844756,0.0010023050523255534
2014-04-23,0.0001396409477438559,0.0952312211513413,-0.00628705180677647,0.0002072091512403012,-0.1879479744594552,0.001005608327494861
2014-04-24,0.00013950323134933994,0.0952305425753161,-0.006287819765370154,0.00020717587867586463,-0.18800340458526027,0.0010081887763560681
2014-04-25,0.00013937800686093056,0.09522496223683635,-0.006289192394081002,0.00020721321433719603,-0.1880535593510971,0.0010106565294728661
2014-04-28,0.00013925323175520795,0.09521138987593744,-0.006290064475031635,0.00020743754909549088,-0.18809368239261517,0.0010138713613946978
2014-04-29,0.00013922388922582696,0.09520146315311537,-0.006291293732561844,0.0002074266184918953,-0.18812527161336498,0.0010168907396614132
2014-04-30,0.0001391501387572417,0.09518812596334916,-0.006292336016376541,0.00020755972172709783,-0.18815429208920634,0.0010193077377588008
2014-05-01,0.00013907356255283282,0.09516970914687425,-0.006293028604772528,0.00020776986981360643,-0.18816924300671986,0.0010227682805077727
2014-05-02,0.0001389583730990623,0.09516445643689395,-0.0062943826192020675,0.0002077913119055026,-0.1882033621008327,0.0010259394229529789
2014-05-05,0.00013890595987703177,0.09515385850099978,-0.006295742826736962,0.00020785885693244368,-0.18824863723220014,0.0010285997924998737
2014-05-06,0.00013884357818296048,0.09514333795010702,-0.006297504004435556,0.00020791939910340987,-0.18831241840001386,0.0010319601857698211
2014-05-07,0.00013870968269257648,0.09514094444462176,-0.006298030429051095,0.00020807968829275356,-0.1883268286700832,0.0010349797805393945
2014-05-08,0.00013862579813388095,0.09513605341382059,-0.006298807246353775,0.00020833434589626203,-0.18836287006605676,0.0010383128521863558
2014-05-09,0.00013850714688869092,0.09512598705379449,-0.006299468340861481,0.0002082995220850732,-0.18840523470222909,0.0010417815751258782
2014-05-12,0.0001383719304347855,0.09511387298558595,-0.00630092028204164,0.00020828415680419125,-0.18842160993774945,0.001045052549395326
2014-05-13,0.0001382525646155579,0.09510705845220357,-0.006301179228930925,0.00020833592622317268,-0.1884251919208172,0.0010484149608579068
2014-05-14,0.0001381637643785532,0.0951022022457127,-0.006302548098103921,0.00020856270642409544,-0.1884277065061499,0.0010509314053828924
2014-05-15,0.00013813056819708913,0.0950941489894962,-0.006304195554920932,0.00020850178472563353,-0.1884804647243726,0.001053228068896521
2014-05-16,0.00013802293745736173,0.09508428814341187,-0.006305214416797847,0.0002084161168405139,-0.18851849541578905,0.0010554959244781059
2014-05-19,0.00013792220091296846,0.09507255094187081,-0.006305423346964058,0.00020845529175601577,-0.18855598877293028,0.0010584144348070228
2014-05-20,0.0001378070106312098,0.09506311032887774,-0.006306425136085284,0.00020861832845659944,-0.18861445407483055,0.0010617863946558229
2014-05-21,0.00013771147241425062,0.09504882227129978,-0.006307818548143244,0.00020864168732944257,-0.1886341650292725,0.0010643915452976918
2014-05-22,0.00013762861825705497,0.0950384689057533,-0.0063093544466037025,0.00020876298762335455,-0.18867693028264415,0.0010669240368707366
2014-05-23,0.0001375037160841303,0.09502472475983204,-0.006310287868686058,0.00020895828518072886,-0.1887501886046449,0.0010705558119118706
2014-05-28,0.0001373903897681203,0.09501436029347897,-0.006311248133146081,0.00020923364529863256,-0.18877368305472397,0.0010729028386744302
2014-05-29,0.0001372832861987251,0.09500156090187314,-0.006312451356540712,0.0002091877072396999,-0.1888139002491806,0.0010751942951737188
2014-05-30,0.0001372179323751807,0.0949895567080293,-0.006313665935303806,0.0002093975811257292,-0.1888434517117683,0.0010779178155034019
2014-06-02,0.0001371111990676472,0.09497807091788917,-0.006315131559208547,0.00020935964442543662,-0.1889131080037018,0.0010818458617726735
2014-06-03,0.00013701927314013613,0.09496184540336192,-0.0063153100393816,0.00020936024224125664,-0.18889040718301991,0.0010846465263942115
2014-06-04,0.00013692540757042184,0.0949535797034634,-0.006316622532793802,0.00020950022371588948,-0.18892224043210243,0.0010873188876996916
2014-06-05,0.00013682479941535066,0.09494512765143254,-0.00631772695588346,0.00020950555632650032,-0.18894664113156365,0.0010900215180063176
2014-06-06,0.0001367639791141139,0.09493648924057908,-0.0063193992775643845,0.00020943031363591672,-0.18900685597804182,0.001093502964325182
2014-06-09,0.00013665767703397277,0.09492834046112938,-0.006319559173879338,0.00020948656473350954,-0.18906889691010542,0.0010964285806768545
2014-06-10,0.00013658967583837013,0.09491826356119036,-0.006320877060654723,0.00020954290419245754,-0.18907957320638705,0.0010991777459938047
2014-06-11,0.00013647699933616646,0.09490793961223973,-0.006322254702181278,0.00020956052250244514,-0.18913398988178143,0.0011020843615258283
2014-06-12,0.0001363140492959338,0.09489936725934088,-0.006323421408896005,0.00020950890110255665,-0.1891732095737729,0.0011039023121917737
2014-06-13,0.0001361828812186233,0.09489625791384071,-0.006323713201421332,0.00020962475786059928,-0.18916795615188503,0.0011074757234597905
2014-06-16,0.0001360608361793742,0.09489021399271688,-0.006324817280602139,0.00020986161847237397,-0.18922290966898073,0.0011104897050519228
2014-06-17,0.00013596226579520117,0.09487908193662838,-0.0063262636521581135,0.00020995326307687338,-0.18924701665035584,0.001113379947364849
2014-06-18,0.000135888225853394,0.09486773200624724,-0.006327638072348334,0.00021007250990724344,-0.18929633296903875,0.0011155791284182294
2014-06-19,0.00013576670946805044,0.0948599044097522,-0.006328803059632816,0.00021019278873075095,-0.18934201916231794,0.0011175676722331536
2014-06-20,0.00013563776554532115,0.09485411878198548,-0.006329944056715612,0.00021048978173695328,-0.18935860198069765,0.0011202301023950606
2014-06-23,0.00013558506019156573,0.0948404620948595,-0.0063321184308332955,0.0002106971165284755,-0.1893606305366533,0.0011236010403903854
2014-06-24,0.00013544280559716308,0.09483077232901599,-0.006333448013590963,0.0002107934015583308,-0.18937843569146845,0.0011256298307941572
2014-06-25,0.00013532646860179147,0.09481770375284257,-0.006336200887400414,0.00021105809529081823,-0.1894523771469721,0.0011274030984417668
2014-06-26,0.00013521641803878397,0.09481497509688681,-0.006336357465566285,0.00021127765978038818,-0.1894815905422228,0.0011297866159389847
2014-06-27,0.00013510518195019363,0.09481039291272143,-0.006338054495625096,0.00021143971301394217,-0.1894843682323321,0.0011322479062601768
2014-06-30,0.00013499467211643552,0.0948055999402882,-0.006339052095598219,0.00021161759889063515,-0.18949538511478983,0.0011354734443511912
2014-07-01,0.00013486947962442863,0.09480362667199346,-0.006340100790742387,0.0002120084083470807,-0.1895262611951129,0.001138095236772114
2014-07-02,0.00013468898090706726,0.09479048445617741,-0.006340765627969115,0.00021207720902061,-0.18953642524471065,0.0011408276581550243
2014-07-03,0.00013454541044774184,0.09478609561066367,-0.006342122141479156,0.0002122673549056586,-0.18954782288205013,0.001144465264949124
2014-07-08,0.00013442538935932806,0.09477442245396486,-0.006343001637364596,0.00021265461941955309,-0.1895592053121956,0.0011484096903436325
2014-07-09,0.00013430535270866892,0.09476840979028263,-0.006344197758135179,0.00021297117114901383,-0.1895803738439769,0.0011500039155533243
2014-07-10,0.00013411329831345092,0.09475825598280649,-0.006346035909431936,0.00021319801645386204,-0.18962472330348962,0.00115307989925813
2014-07-11,0.0001339831956506328,0.09474710742718598,-0.006346840825529124,0.0002134637115038424,-0.18966972485503636,0.0011559704377984619
2014-07-14,0.00013381910981524915,0.09474362901428787,-0.006347202158744904,0.0002136877016872835,-0.18966600272341635,0.001158355495189952
2014-07-15,0.0001336727678319668,0.09473565537274718,-0.006348535747143457,0.00021406502384945243,-0.1896574693619946,0.0011619667743663843
2014-07-16,0.0001335741769240793,0.09472919110281036,-0.006349755353597102,0.00021427210675423306,-0.1896598210046301,0.0011642243436397843
2014-07-17,0.00013340357075246017,0.09471508160068828,-0.006350606759231286,0.00021450488650405524,-0.18967883184533138,0.0011674535947925797
2014-07-18,0.00013331202963862588,0.09471070720297133,-0.006352107547003479,0.00021472907576869767,-0.18970787670320352,0.0011691669918570229
2014-07-21,0.00013313141474660258,0.09469776766353297,-0.0063518372397997624,0.00021480477179847018,-0.1897077929309167,0.0011716589412128085
2014-07-22,0.00013302535908506238,0.094691799917654,-0.006353609955371843,0.00021479136996625046,-0.1897235057072172,0.0011742633688311104
2014-07-23,0.00013300155376287897,0.09468297836719529,-0.0063547397695610346,0.0002150794943810021,-0.189734334029419,0.0011760096182197091
2014-07-24,0.00013284079045044415,0.0946775406085757,-0.006356289214678091,0.00021504818450135448,-0.1897302718132905,0.00117850227171669
2014-07-25,0.00013274251441615652,0.09467010600474239,-0.006356936098415325,0.00021529785759770876,-0.18977978102607357,0.0011818102816155264
2014-07-28,0.00013259783579356948,0.09465990997458278,-0.006358435610262559,0.0002152783661125536,-0.18981762099195548,0.0011842619656166058
2014-07-29,0.00013237781527265183,0.09464915380507398,-0.006359268134380583,0.00021543668926591878,-0.18984104451491338,0.0011872659847980062
2014-07-30,0.00013229827044523341,0.09463668222578692,-0.006361297363477042,0.00021580160128818843,-0.18985721628068844,0.0011900417593221234
2014-07-31,0.00013221871860860703,0.09462792882664445,-0.006363303522769011,0.0002160348327344022,-0.18987107749785606,0.0011923691215150322
2014-08-01,0.0001320372069915205,0.0946194393488868,-0.0063649613949428195,0.00021614613781044504,-0.1899586179162025,0.0011942189272188565
2014-08-04,0.00013194966872820057,0.09461382033812188,-0.006365891279082692,0.00021636134337354546,-0.1899855949879534,0.0011972369289792086
2014-08-05,0.00013177573221403972,0.09460539956122441,-0.006366938451475132,0.00021647188848987765,-0.18999232252038467,0.0011997409124840772
2014-08-06,0.00013169634786134947,0.09459784459990235,-0.006369152928658494,0.00021660059271268474,-0.19006178357186004,0.001201994111021104
2014-08-07,0.00013160980622290103,0.09459002653932817,-0.006370059619930718,0.00021667083785973084,-0.19011612382352355,0.0012043744347179043
2014-08-08,0.00013147037454809513,0.09458426193203798,-0.006370766990371596,0.0002168315990375445,-0.19014167155439562,0.0012080989954733937
2014-08-11,0.00013141991340535176,0.09457873685235334,-0.006371407892876964,0.00021681376349769134,-0.19019616321919056,0.0012111127290836963
2014-08-12,0.0001313617072291558,0.09456229272000442,-0.006372619496668994,0.000217054261411992,-0.19018394606862898,0.0012133605077563289
2014-08-13,0.00013124793959456952,0.0945558390048291,-0.00637424297796675,0.00021713634472908747,-0.1901396483106551,0.0012156116412464985
2014-08-14,0.00013111757665369692,0.094551433520598,-0.0063766072717975205,0.00021729726458855726,-0.19017884390653028,0.0012175990851747223
2014-08-15,0.00013100075522011072,0.09454494558322493,-0.006377481572170296,0.0002173752361187804,-0.190222874239408,0.0012213300430904323
2014-08-18,0.0001309370592444276,0.09453736220023105,-0.006378550011002874,0.00021737291382199243,-0.1902493786793457,0.001224048644868952
2014-08-19,0.00013080925395197266,0.09453537973759236,-0.006380231999814823,0.00021734559607543622,-0.19029615002015804,0.0012261227372315352
2014-08-20,0.00013075806881937733,0.0945330069971607,-0.006381404181234996,0.00021736858876134213,-0.19033207938812352,0.001228756498760354
2014-08-21,0.00013060368117638675,0.09452550690584631,-0.006382420136633862,0.0002173766842785165,-0.19038743982032838,0.001231727024795939
2014-08-22,0.0001305501957792199,0.09451568667832021,-0.006383626832914876,0.00021735741927287393,-0.19037518662497827,0.0012333465887519783
2014-08-25,0.00013043318206765238,0.0945046444787403,-0.006384452468334692,0.00021733947423587105,-0.1904245876583735,0.0012353125215679825
2014-08-26,0.00013035377676825713,0.09449659842718863,-0.006385748646240176,0.00021726561735408432,-0.19045416784319744,0.00123608086900457
2014-08-27,0.00013018024066302453,0.09448775634095197,-0.006386396117340163,0.00021726159447939497,-0.1904701726753667,0.0012377992382502623
2014-08-28,0.0001300653222634119,0.09447793873438666,-0.006388013288118788,0.00021728058747247332,-0.19051251562295604,0.001238998018588361
2014-08-29,0.00013002075846293813,0.09447694476772009,-0.006389403611536002,0.00021710919370289693,-0.19051781364687978,0.0012417113920234685
2014-09-03,0.00012995915263111857,0.09446761078430772,-0.0063905813845697435,0.00021723665739938638,-0.19054889912815337,0.0012434321941558308
2014-09-04,0.00012985552600819697,0.09446375076697716,-0.006392818836590529,0.00021722688527871424,-0.19055686336719885,0.0012463142017615457
2014-09-05,0.0001297514481333509,0.09445216514719972,-0.0063944032893996335,0.00021708622117202098,-0.19058744771623465,0.0012478165699038475
2014-09-08,0.00012966785520224689,0.094447683995868,-0.006395602268034498,0.0002170480457649286,-0.19058982690982817,0.001250064489269499
2014-09-09,0.00012958393874412693,0.09443990909200084,-0.006397622427815584,0.00021699183199784912,-0.19062654646956365,0.001251814554542477
2014-09-10,0.00012951799991128466,0.09443086986874477,-0.006398538803600734,0.000216851700613006,-0.19069714302760232,0.0012534595859405224
2014-09-11,0.00012943342157757234,0.09442758217605965,-0.006399623829461529,0.00021686329678104633,-0.1907173316077511,0.0012556117291071852
2014-09-12,0.0001292967344178192,0.09441560448657496,-0.006401082870137834,0.00021681239406542372,-0.19074461617058114,0.0012582017026558758
2014-09-15,0.00012915117421290494,0.09441102885395442,-0.00640210400419315,0.00021674564783873796,-0.19075664417670618,0.0012615254533805047
2014-09-16,0.00012907600177015154,0.09440622656565235,-0.006403177773960342,0.0002166958007453216,-0.19078981448604054,0.001262565059974962
2014-09-17,0.00012902553772368497,0.09439753003535521,-0.006404975677272897,0.00021673508768226067,-0.19080466998331613,0.001264675901477813
2014-09-18,0.00012896094537932133,0.09439114545864563,-0.0064056041037705265,0.00021667356707234407,-0.1908558216798041,0.0012676773708381324
2014-09-19,0.00012892631443581513,0.09438548258799585,-0.006405830186517301,0.00021659129013549546,-0.19096587272974144,0.0012700504165541913
2014-09-22,0.0001287896623637252,0.09437904693157022,-0.006407257024471168,0.00021668254486572757,-0.1910221834195721,0.001273202826370756
2014-09-23,0.0001286684485881901,0.09436900791972226,-0.006408380602888185,0.0002168289760599043,-0.19104528407181504,0.0012748415718229662
2014-09-24,0.00012859593537800247,0.09436378086406527,-0.0064101670633102984,0.00021688509506208352,-0.1910536191015487,0.0012773774332881908
2014-09-25,0.0001285346970921496,0.09435977872873953,-0.006410786130736149,0.00021669912957561195,-0.19108997913691514,0.0012806465609910432
2014-09-26,0.00012848666055146046,0.09435088519886392,-0.00641205876694162,0.000216890488859949,-0.19109359183903418,0.0012828769122183875
2014-09-29,0.0001284053126769797,0.09434362163649454,-0.00641387132850774,0.00021689837635987676,-0.19113699987565583,0.001284763308680523
2014-09-30,0.0001283247295167403,0.09433831547255936,-0.006414372352601842,0.0002168493197996032,-0.1911685023925365,0.0012869162851288417
2014-10-01,0.0001282001516878424,0.09432945158331674,-0.006416292687716622,0.00021675917660958228,-0.19118183189004362,0.0012897277120350727
2014-10-02,0.000128014024692907,0.09432299879167849,-0.00641845891953623,0.00021668672129185806,-0.19118777211444604,0.0012924313435970119
2014-10-03,0.00012799358909472305,0.09431619373931457,-0.00641899641279791,0.00021678349382113946,-0.1912284739375193,0.0012952218312458218
2014-10-06,0.0001278947989447878,0.09431096478946811,-0.0064204696794824614,0.00021672285377163472,-0.1912843612539981,0.001296902467673543
2014-10-07,0.00012778860448278134,0.09430443661117877,-0.006421641802317414,0.00021667004238622896,-0.19137004572929228,0.0012986714597315184
2014-10-08,0.00012775059561017293,0.09429564915121832,-0.006423130391172044,0.00021653988447005356,-0.1914524828499227,0.001300448346657683
2014-10-09,0.00012770154959356074,0.09429070965746802,-0.0064244431809514085,0.00021662148088046578,-0.1914583857252049,0.001302021533599685
2014-10-10,0.00012762164045888313,0.09428295413182612,-0.006424966762158582,0.00021654829149911575,-0.1915424727480589,0.0013037372105226782
2014-10-15,0.00012759781574181336,0.09428767817880503,-0.006426585308386358,0.00021637785689055023,-0.1915804632385518,0.0013056136167876248
2014-10-16,0.00012753070721437842,0.0942771610003297,-0.006426873529515911,0.00021640389759018498,-0.1915758773336374,0.0013073120086217194
2014-10-17,0.00012751583202200276,0.09426766681408448,-0.006427291917554336,0.0002164128320345561,-0.19162003552125098,0.0013080778092641407
2014-10-20,0.0001273925796458734,0.09426089327977816,-0.0064285839335873445,0.0002164784103077657,-0.19163904080810076,0.0013093336655848158
2014-10-21,0.0001274062369262372,0.09425420132387949,-0.006429868182724202,0.00021642860683002987,-0.19164020419411346,0.0013106973618154782
2014-10-22,0.00012731562759949112,0.09425259182426375,-0.006431395184643123,0.0002164198297182744,-0.19164847152798004,0.0013122349135518585
2014-10-23,0.00012722172139867775,0.09424947797089551,-0.006432392795890644,0.00021631954411591202,-0.1916946372351861,0.0013136116139639165
2014-10-24,0.00012720980723156236,0.09424284223360348,-0.00643377041110334,0.00021623561681910123,-0.1917075582187047,0.0013152351929302428
2014-10-27,0.000127132840025808,0.09423900089992089,-0.006434296355062269,0.0002161126228754102,-0.19175190345450893,0.0013171185399705305
2014-10-28,0.00012700546627217538,0.09422933708610572,-0.0064365402064578,0.00021606296604920815,-0.19182092389101538,0.001318890317285775
2014-10-29,0.00012692317235539542,0.09422219726402702,-0.00643737729889582,0.000215997028029879,-0.19185907855062284,0.0013209802666137266
2014-10-30,0.00012686147642611425,0.09421979800488482,-0.006439479465277968,0.00021596643677012674,-0.19187544536762063,0.0013221533046954609
2014-10-31,0.00012677245405854867,0.09422007974574793,-0.006441120140563473,0.00021587413040626092,-0.1918830289040568,0.0013231629782873107
2014-11-03,0.00012671661388775023,0.0942064800798732,-0.0064427884216642735,0.00021590489896587266,-0.19193472409678253,0.0013256561233278266
2014-11-04,0.00012657728588070017,0.0941996626433244,-0.006443837005502749,0.000215914245285252,-0.19195503952642634,0.0013272574962504768
2014-11-05,0.0001265342993512059,0.09419602909358703,-0.006444269846440687,0.00021606781973041914,-0.19196968500603218,0.0013291480097427737
2014-11-06,0.00012649925003475372,0.09418697197825121,-0.006445237445435196,0.00021601132211018025,-0.19204970284011022,0.0013305128135293702
2014-11-07,0.00012640105306662173,0.09418305401996226,-0.006445157622330196,0.00021588117111136142,-0.1920642005619024,0.0013317208333986227
2014-11-10,0.00012631827540593348,0.09417906435912612,-0.006446374119998391,0.00021583891016898436,-0.1920560167164385,0.0013330910077031953
2014-11-13,0.0001262544820425754,0.09417737279966344,-0.006447272418617939,0.00021578777035370108,-0.19207080558881495,0.0013353270524003892
2014-11-14,0.00012619240924036728,0.0941719574173836,-0.006448074557771655,0.00021559608498339248,-0.1920730365432875,0.0013371106446391518
2014-11-17,0.00012611745378613066,0.09417127455077429,-0.006449083520899535,0.00021578131531043766,-0.19209266371610093,0.0013385194581995875
2014-11-18,0.0001260340093155525,0.09416567337526885,-0.006450927529363075,0.00021589889883113963,-0.19210022857233866,0.0013397577111785301
2014-11-19,0.00012598292333236203,0.09416172947680894,-0.006451554683566729,0.00021590786043903674,-0.19216782413229297,0.0013425612647783055
2014-11-20,0.00012591649988936943,0.09415440924335507,-0.00645351274089634,0.00021605164298424683,-0.19221751137564455,0.0013448728075082436
2014-11-21,0.00012584324176835538,0.09414945243093026,-0.0064536864769799305,0.00021597175685151407,-0.19220709662105315,0.0013470008186159598
2014-11-24,0.00012584654142774185,0.09414918375760366,-0.006455532369710838,0.00021585931943173973,-0.1921898945260656,0.0013488438387253073
2014-11-25,0.00012579414272740813,0.09414288892204496,-0.0064574739176885085,0.00021572137862095272,-0.1922225113336748,0.001350506137984784
2014-11-26,0.00012573637744637428,0.09413830208103859,-0.006458559568134897,0.00021557253839021067,-0.1922583484822549,0.0013520307344548745
2014-12-01,0.0001256336067682383,0.09413146071865458,-0.006459150205042305,0.00021540490939641805,-0.19226397503936093,0.0013528459887202828
2014-12-02,0.00012556463709871717,0.09412560669091397,-0.006460992380151806,0.00021540334753352284,-0.1922899303501916,0.0013537220853184445
2014-12-03,0.0001255266481275938,0.09412117898689823,-0.006462113794083358,0.0002153972096243012,-0.19231612658504108,0.0013543844476367754
2014-12-04,0.00012545090198372882,0.0941186965218148,-0.0064621685123106235,0.0002153941525199437,-0.19234487865732475,0.0013564741370276575
2014-12-05,0.00012537300056699246,0.0941182278963552,-0.006463085619425471,0.00021544526618543503,-0.1923554085662752,0.001357458871963542
2014-12-08,0.00012535359271757912,0.09411556331696073,-0.006464597567081984,0.00021528904546385216,-0.19235814109547833,0.00135875683555108
2014-12-09,0.00012529578401193324,0.09410836272901452,-0.00646565695118157,0.00021532831253307335,-0.19240444023280764,0.001360371994687157
2014-12-10,0.000125200787775691,0.09410155282334005,-0.006466895011132342,0.00021525467780389933,-0.19247418024186966,0.0013617810648018141
2014-12-11,0.00012511164945461502,0.09410310616533411,-0.006468625383384195,0.00021542081448699946,-0.19251179602744425,0.0013630671753931275
2014-12-12,0.00012508586481622624,0.09409847946211254,-0.006471081023306512,0.0002153735446079403,-0.19254728143382144,0.0013642007844402618
2014-12-15,0.00012500809487310657,0.09409294478587224,-0.006472828697649317,0.00021538119141556946,-0.1925685916738608,0.0013662940485601538
2014-12-16,0.0001248975120438793,0.09409339146790227,-0.006474084740553849,0.0002152669797700633,-0.19255012136392716,0.0013677596922563118
2014-12-17,0.0001247948669374687,0.09408814349963755,-0.006474272693351435,0.00021542211483247518,-0.19255463841326265,0.001368564984470078
2014-12-18,0.0001247358898543867,0.09408265839478219,-0.006474353251880881,0.0002154385094111691,-0.19260583130706802,0.001369947617044981
2014-12-19,0.00012459530048770077,0.09408445487918414,-0.006475912826795589,0.00021551807300536943,-0.19259734039314197,0.0013714390356704533
2014-12-22,0.00012455945365073975,0.09407741692371722,-0.006476487457770563,0.0002154243459816939,-0.1926388517831564,0.001371396918111809
2014-12-23,0.00012449756915723108,0.09407648020819191,-0.006477383571546261,0.00021538949326260738,-0.19264844878388063,0.0013725506039909872
2014-12-24,0.0001244423383408234,0.09407816780849688,-0.0064774835179078226,0.0002152910773098134,-0.19265119469414083,0.0013734203199346736
2014-12-29,0.00012433540474685387,0.09408260306618023,-0.006479344914330904,0.00021527835646419354,-0.1926788340965319,0.0013745739479647451
2014-12-30,0.00012428262863141567,0.09407468992745847,-0.006480497891981915,0.00021528227044867744,-0.19268921618248241,0.0013748397475470521
2014-12-31,0.0001242752000067364,0.09407445451271078,-0.006481825539273903,0.00021530304738670607,-0.19267370566699646,0.001375842839003794
2015-01-05,0.00012421934710635013,0.09407122050453684,-0.006482517767782986,0.0002153135338860846,-0.19271113619340122,0.0013758520638395997
2015-01-06,0.0001242073940663169,0.09406551462583715,-0.006482561605200764,0.00021538198498218235,-0.19273091078656132,0.0013765834362950257
2015-01-07,0.0001241625944061863,0.09406553352190773,-0.006483501824598785,0.00021536258045630455,-0.19277053338483324,0.0013776185873604493
2015-01-08,0.0001241215272555827,0.09405986435001033,-0.0064836969076682155,0.00021536825728122778,-0.1927994525888757,0.001377765127294491
2015-01-09,0.00012400473061827474,0.09405575799687058,-0.00648383823337462,0.00021544268696847878,-0.19279026996940365,0.0013784772708636695
2015-01-12,0.00012395445500596288,0.09405378706956947,-0.006484420279502264,0.00021550832179943074,-0.19278413350414308,0.001379786177856907
2015-01-13,0.0001239151687419406,0.09404854694740435,-0.0064854708273955125,0.00021552455006303733,-0.19280919713773237,0.0013796140092912272
2015-01-14,0.00012385283349163642,0.09404095576469966,-0.006485969003621532,0.00021556915857821746,-0.19281405054634068,0.0013805752279806077
2015-01-15,0.00012379071455646747,0.09403192920045064,-0.006488641345950082,0.0002156277651091475,-0.1928227116705231,0.0013821921740381383
2015-01-16,0.00012367518177055755,0.09402330419820412,-0.0064898124628515325,0.00021569798505154317,-0.19282922927734303,0.001383244638058228
2015-01-21,0.0001236371370709985,0.09402307478881693,-0.006490626539187963,0.00021559507655572182,-0.1928752441876965,0.0013839999327677787
2015-01-22,0.0001235797732922778,0.09401429738198441,-0.006491282842295835,0.0002158484624513149,-0.19289538503728842,0.0013853427691625565
2015-01-23,0.000123547419967371,0.09401272446299744,-0.006491768708184618,0.00021581246878765026,-0.1929595567041907,0.0013867935225968643
2015-01-26,0.0001235438574928394,0.09400744729450003,-0.006493503180021509,0.00021605708978704856,-0.1929350969022572,0.0013880436263824666
2015-01-27,0.00012349839476780004,0.09400648760557655,-0.006494557135709428,0.00021608099036053474,-0.1929339080559679,0.0013890248560088213
2015-01-28,0.00012340862764841773,0.09400608357962029,-0.006494836483219756,0.00021613828922905018,-0.19291830818954145,0.0013896407181705067
2015-01-29,0.00012332181804784937,0.09399662602342128,-0.006496533849016885,0.00021604502910705444,-0.19292614421690224,0.0013897298736835037
2015-01-30,0.00012324418817636943,0.09399453855218486,-0.006497844362411618,0.00021606910139549304,-0.19293889654075652,0.0013906562508037889
2015-02-02,0.00012320608433964974,0.09399288660569559,-0.006499237619989937,0.0002160676153831036,-0.19296253045960912,0.001391131386905733
2015-02-03,0.0001231163913594618,0.09399195417551158,-0.0065003403413757335,0.00021605542542051478,-0.1929364360010328,0.0013912563727858252
2015-02-04,0.00012302611219652473,0.09398499209162746,-0.0065017476456283325,0.0002162413742161091,-0.19292619031100453,0.0013924475698997925
2015-02-05,0.000123020087924826,0.09398325398765436,-0.006503029087693875,0.00021628128195731825,-0.1929074623789911,0.0013928048309354818
2015-02-06,0.0001229449521979405,0.09398477091499954,-0.006504653444426737,0.00021631263255492193,-0.19292682757051485,0.0013936934465384149
2015-02-09,0.0001228685996730838,0.09397775140998248,-0.006506074043538542,0.00021623474616154124,-0.19298952496087796,0.0013956424951079988
2015-02-10,0.00012280233628471354,0.09398009327895224,-0.006506900903636381,0.0002162221929255633,-0.19303081907717742,0.0013964179022575296
2015-02-11,0.000122737785180766,0.09397530724033017,-0.006507467712315553,0.00021621095647499672,-0.19302599959314817,0.0013977472348319718
2015-02-12,0.00012266079211878367,0.09397043712191197,-0.006508419168538901,0.00021634504085629093,-0.19305354547109532,0.0013986783559029046
2015-02-13,0.00012259447753615936,0.09396482373264614,-0.006509778045393329,0.0002165251744606173,-0.1930871036531051,0.001399661003009699
2015-02-18,0.0001225118872109765,0.09396230691461271,-0.006510759189648442,0.00021655111033075386,-0.1931198912732467,0.001400872582151677
2015-02-19,0.0001224415425351042,0.09395270435266355,-0.006512050942381236,0.00021656146716239887,-0.19310328434633114,0.0014017767057654252
2015-02-20,0.0001223490299540971,0.09395285826782457,-0.006512956754758726,0.00021653686996946715,-0.19313862751448393,0.0014030927788808356
2015-02-23,0.0001222199428328726,0.09394427570465196,-0.006514781334770086,0.0002164828363129573,-0.19312578576832606,0.001403628900328535
2015-02-24,0.00012221535264506485,0.09394097051584836,-0.006515995380633033,0.00021647396889426306,-0.1931689054532431,0.0014057006119303622
2015-02-25,0.00012211042587431588,0.0939330912784782,-0.0065167896226748945,0.00021648972730816307,-0.19320944856059172,0.001406554556353397
2015-02-26,0.00012204684589197244,0.0939312214226801,-0.006517670065067645,0.00021648331554780572,-0.19319680455690041,0.001407049306146429
2015-02-27,0.00012197449958357447,0.09392739803241809,-0.006519683984450106,0.00021651602977772948,-0.19323543121762665,0.0014080021347238818
2015-03-02,0.00012197377096047864,0.09392130149376417,-0.006521074725542548,0.00021650019050799388,-0.19328543984117103,0.0014084710976860404
2015-03-03,0.00012201031326017467,0.09391579584006218,-0.006523300535289501,0.00021652378388021975,-0.19327049908125307,0.00140959235217855
2015-03-04,0.00012193354659068119,0.09391758572510303,-0.006524292117369052,0.00021648419396069998,-0.19328930121622928,0.0014102357722227425
2015-03-05,0.00012188587396123429,0.09391923593516555,-0.00652528271205619,0.00021653528409417103,-0.1933261971638004,0.0014109125436993996
2015-03-06,0.00012183303335309668,0.09391962832042522,-0.006526397901246565,0.00021648241073072392,-0.19338096082006714,0.0014116608257190395
2015-03-09,0.00012179172548739607,0.09391381221801634,-0.006527378055645577,0.00021650146878633825,-0.1934018933917871,0.0014130566874887578
2015-03-10,0.00012175642484074923,0.09391267084757074,-0.006528316065233209,0.0002164878585279945,-0.1934043677272194,0.001414212140938596
2015-03-11,0.00012169188926902576,0.09390742288242362,-0.00652919294897343,0.00021665450683369702,-0.1934168216310167,0.0014158083745659169
2015-03-12,0.00012164205341272586,0.09390373639475233,-0.006530438288611325,0.00021671149957224213,-0.19344306836534972,0.0014172433298737432
2015-03-13,0.0001215251975102031,0.09390006962772952,-0.0065309859190793434,0.00021670582359869983,-0.19346775184496462,0.001417085537134981
2015-03-16,0.00012146760737139224,0.09389863382109535,-0.006530920974218219,0.00021676148611670515,-0.1934531132442192,0.0014188669076479782
2015-03-17,0.00012141602128723274,0.09390315807425315,-0.0065328075151753736,0.00021691918350500973,-0.19344979679550425,0.0014202626554927398
2015-03-18,0.00012137020864699208,0.09390396589912148,-0.006533551869474432,0.0002166468298839947,-0.19345568543653205,0.0014208114359468798
2015-03-19,0.00012130306590036778,0.09390143263991549,-0.0065342696028069264,0.00021664406111181835,-0.19343641409525605,0.0014214775553537688
2015-03-20,0.00012125972377415812,0.0938991104880932,-0.006535122020141206,0.00021661066436861663,-0.1934860125583265,0.0014217351935329951
2015-03-23,0.00012120723408701123,0.09389892471588747,-0.006535708931683969,0.00021673521456610408,-0.19349192298319098,0.0014232569218112997
2015-03-24,0.00012120002156283004,0.09389623510298825,-0.006537065446064056,0.00021666896985204106,-0.19348935442204754,0.001424578115035144
2015-03-25,0.00012111169570778764,0.09389603148438758,-0.006538307844445938,0.0002167487835391898,-0.1934799060690221,0.0014261139783989195
2015-03-26,0.00012110005519625512,0.0938940539490641,-0.006539333912355998,0.0002166104480875078,-0.19350581072020773,0.0014266405549981703
2015-03-27,0.00012094471980481899,0.09389523576212651,-0.006540983913964315,0.00021674005758741697,-0.1935093351137485,0.0014282246012154649
2015-03-30,0.00012090311226083331,0.09389321091131411,-0.006541793267087129,0.00021692850624095396,-0.19351202959447067,0.0014294440750517892
2015-03-31,0.00012085006277462588,0.09389292914752813,-0.006541744122193639,0.00021689298041921066,-0.19353882791774293,0.0014302397353963454
2015-04-01,0.00012080516028867431,0.09389052020159963,-0.0065427691579409315,0.00021694102794027827,-0.19355470442102615,0.0014309486742368255
2015-04-02,0.00012075804260209396,0.09388802021444762,-0.00654336443285613,0.00021686459415271608,-0.1935873880364225,0.0014316718971235315
2015-04-07,0.00012074697548614782,0.09388640600052206,-0.006544256368539292,0.00021680595423679026,-0.19365977012176933,0.0014323133799457146
2015-04-08,0.00012073353278536061,0.09388324582283226,-0.006544430691630144,0.00021683224148983803,-0.1936642877716817,0.0014324715136306003
2015-04-09,0.00012070417934110401,0.09388300868424698,-0.00654569126571646,0.00021670733623125558,-0.19366547865302233,0.0014332252867810685
2015-04-10,0.00012061423397409648,0.093876893100532,-0.006546178220726059,0.000216589143085227,-0.19371807515172543,0.0014335643440418374
2015-04-13,0.00012059318345810749,0.09387715893470577,-0.006547475085326668,0.00021668094565007929,-0.19374730295178608,0.0014349245605082704
2015-04-14,0.00012049558095711036,0.09387439181872224,-0.006548764781402194,0.00021667448914584243,-0.1937657392522722,0.0014351006640121225
2015-04-15,0.00012046921511716916,0.0938719649103932,-0.006549919762370316,0.00021660837000851831,-0.1937628595151311,0.0014363861818520876
2015-04-16,0.00012038037370570482,0.0938663925123985,-0.0065505720010784535,0.00021652627111062162,-0.193783591121345,0.0014374528486128628
2015-04-17,0.00012033203007304586,0.09386281199072254,-0.006550477137056305,0.00021646860799721758,-0.19380839966438673,0.0014390764444870631
2015-04-20,0.00012020135587275859,0.09386045336377181,-0.006552108122563844,0.0002164308131728799,-0.1938034318745962,0.0014395600837283674
2015-04-21,0.00012016149381453973,0.09385770506828056,-0.006553047338528728,0.00021644380441461185,-0.1938614136286145,0.0014399235762960609
2015-04-22,0.00012009161021591209,0.0938583648781334,-0.0065539718536292615,0.00021647159331726344,-0.19388394316546065,0.0014416635816299605
2015-04-23,0.00012003413359391013,0.09385949978431035,-0.00655421124145319,0.0002163610627073857,-0.19390519073970103,0.001442977628679824
2015-04-24,0.0001200277932206182,0.0938599132916764,-0.006556178110679847,0.00021626145996648827,-0.19393361955628535,0.0014439139139167468
2015-04-27,0.00011996309171755474,0.09385877205275985,-0.006558111748563174,0.0002163702035262679,-0.19399077172904813,0.0014439524729187828
2015-04-28,0.00011988049996627048,0.09385244699753222,-0.0065588913356658205,0.00021648949793513447,-0.19401628552576497,0.001443887522065889
2015-04-29,0.00011982451034607823,0.09384887742974679,-0.006560923934566221,0.00021646322544495637,-0.19407649817560757,0.0014452764753982038
2015-04-30,0.00011978097762562835,0.09385327144922946,-0.006561678325534403,0.00021656840463396188,-0.19409694494330526,0.0014467024835883358
2015-05-01,0.0001197521167091564,0.09385262108115835,-0.006562578955011289,0.0002164779033872034,-0.19414660578200643,0.0014475949604162617
2015-05-04,0.00011968241245891594,0.0938520447170143,-0.006562838862818184,0.0002165485934728727,-0.19413179662686747,0.0014482835794794053
2015-05-05,0.00011962082360712075,0.09385125518206942,-0.006564238915003365,0.00021664253064556516,-0.19419561016148285,0.0014484955262110714
2015-05-06,0.00011955231046386909,0.09385217753369757,-0.006565638007539714,0.00021662518057747088,-0.19421032016471626,0.0014479626303984452
2015-05-07,0.00011946632464450327,0.09384827291699416,-0.006568053953537489,0.0002166106426761154,-0.1942221559267959,0.0014493151294891593
2015-05-08,0.00011944609094909928,0.09384922574011567,-0.006569956682096637,0.00021654715747426977,-0.19424313864240056,0.0014507773109900084
2015-05-11,0.00011947991736251299,0.09384823242438059,-0.0065703597034826484,0.00021663343655614327,-0.194246466376675,0.0014523583472742848
2015-05-12,0.000119373366005209,0.09384857824617078,-0.006571249057258682,0.00021660844845373888,-0.1942563737610748,0.0014525861409686051
2015-05-13,0.00011933522738159732,0.09384668849988619,-0.006572675434809038,0.0002164691279926054,-0.19430159344480805,0.0014533081877582254
2015-05-14,0.00011933680745054518,0.09383951337432435,-0.0065735607568625405,0.00021656522259101157,-0.19435105636666458,0.0014546101776386142
2015-05-15,0.00011927004737473203,0.09383327094663127,-0.006574912078615627,0.00021659574996230307,-0.1943861559680878,0.001455691817783121
2015-05-18,0.00011920563687487424,0.09382910260495213,-0.006576691413170318,0.00021646338162801672,-0.19439588490303716,0.001456495425428001
2015-05-19,0.00011919108275789818,0.0938280506235547,-0.006577655636703337,0.00021653065931630903,-0.1944176323714774,0.0014577088055444127
2015-05-20,0.00011914973855226377,0.0938203446150582,-0.0065792814466290855,0.00021647684631234524,-0.19442300455711709,0.0014594027184069687
2015-05-21,0.00011907222689796109,0.0938137813235325,-0.006580659327110571,0.00021652307126768158,-0.1944393800512807,0.0014599250259643777
2015-05-22,0.00011904005714248596,0.09381313187144273,-0.006582147628565745,0.0002166399485303972,-0.19445740550097598,0.0014607611932222347
2015-05-27,0.00011898434831280197,0.0938140573680723,-0.006583462785829662,0.00021658747936267858,-0.1944930679327739,0.001461421986883062
2015-05-28,0.00011895435794760329,0.0938105802270258,-0.006585320201404733,0.00021645732978434703,-0.1945114954693686,0.0014633212219891624
2015-05-29,0.00011888007039176982,0.09380162771602259,-0.006585708765386014,0.00021650359767387312,-0.19451178155049603,0.0014641202297524106
2015-06-01,0.00011878969529234306,0.09380319514645694,-0.006586969258235425,0.00021637925157375748,-0.1945596411455404,0.0014653801334274684
2015-06-02,0.00011880671695710438,0.09379937703221186,-0.006588048891439826,0.00021643014478411226,-0.1945717927263054,0.0014659705998364336
2015-06-03,0.00011878145542444474,0.09379743135393562,-0.006589265450440434,0.00021646982556912134,-0.19451414001507267,0.0014667020641982843
2015-06-04,0.00011876126128535386,0.09379706782406835,-0.006589810458970744,0.00021647660152654782,-0.1944986905502782,0.0014672377648246738
2015-06-05,0.00011867546836548942,0.0938009325314611,-0.006591280699909443,0.00021640083068871953,-0.19446127121304566,0.0014689899292454798
2015-06-08,0.00011865141626792109,0.09378985915611537,-0.006592500896815805,0.00021627398644668834,-0.19446462469808232,0.0014695639297858049
2015-06-09,0.00011862313445812059,0.09378735415290501,-0.0065927162657377775,0.00021629703106490662,-0.19442770414036104,0.001470762466044874
2015-06-10,0.00011852756994655059,0.09378776169199197,-0.006593781270306934,0.00021615592597277255,-0.19442461153009305,0.0014717803605043855
2015-06-11,0.00011848477630691957,0.09378541632259538,-0.006595123505945183,0.00021616466745119173,-0.19442866834602482,0.0014731172857270652
2015-06-12,0.00011848236815797357,0.09378097300655006,-0.006594980422823731,0.00021603055061589368,-0.19445968495744512,0.001473904063376137
2015-06-15,0.00011843918007950936,0.09377303203516682,-0.006595705601992259,0.00021599082547955824,-0.19446728945124186,0.001474365414969078
2015-06-16,0.00011826211448834109,0.09376946223756254,-0.006596033669305776,0.00021598891856031607,-0.19449289397165803,0.00147507786718367
2015-06-17,0.00011822964533233123,0.093764196400915,-0.006597605948335335,0.00021615921830078012,-0.19451993866394718,0.0014758237376744966
2015-06-18,0.00011813794353849818,0.0937590622254462,-0.0065986420952586,0.00021606033949773533,-0.19457513711729074,0.001476606218485555
2015-06-19,0.00011807290459010033,0.0937572389392993,-0.00659949500270758,0.00021613526070895307,-0.19460973057544084,0.001477183619392313
2015-06-22,0.00011801993383986994,0.09376172283778336,-0.006599830621903089,0.00021624166169405498,-0.19461339843124886,0.0014779899001156757
2015-06-23,0.00011800623962860928,0.09375966768253603,-0.006600399377714953,0.00021624872807222409,-0.19464490126624004,0.0014778339747837802
2015-06-24,0.00011791459520275008,0.09376581587116675,-0.0066017817856544245,0.00021627033295770927,-0.19468550805986354,0.001478673338247009
2015-06-25,0.00011784299460329213,0.09376425602478522,-0.006602436320903628,0.00021621337070147707,-0.19472286811363984,0.001479405890972665
2015-06-26,0.00011776687841588896,0.09376327027758369,-0.006603360176026449,0.00021613408394818,-0.19471601566702265,0.001480413953513361
2015-06-29,0.00011764464951653753,0.09376873196847307,-0.006604591098894547,0.000216161227574064,-0.19469084657745003,0.001481332987724265
2015-06-30,0.00011750433766034338,0.09376514659883016,-0.0066059014199799015,0.00021611295395125959,-0.19470952785551388,0.0014826322769020725
2015-07-01,0.00011742283712696008,0.09375943212881797,-0.006607232213325021,0.00021619130792579575,-0.19472635326743262,0.001483428901804353
2015-07-02,0.00011739164785060689,0.09375975389906765,-0.006608225878995877,0.00021612437367559241,-0.19478562203154173,0.0014848353872353446
2015-07-07,0.0001173011695847117,0.09376081334772836,-0.006609747944035698,0.00021606242068387927,-0.19478189527416237,0.001485221451956952
2015-07-08,0.00011725286528774919,0.0937585898906864,-0.0066102462888464174,0.00021590341018611645,-0.194816687171507,0.0014863364079798719
2015-07-09,0.00011723655368152215,0.09375950477008294,-0.006611511498957874,0.00021583488938939837,-0.19488050626354622,0.001486963880036783
2015-07-10,0.00011720866927680266,0.09375976769199151,-0.006612503828299912,0.00021583379885720642,-0.19494273636359224,0.0014883663958172217
2015-07-13,0.00011722480187517869,0.09375158922272052,-0.006613617351037222,0.0002159922787421229,-0.19495491222306335,0.0014903780530993171
2015-07-14,0.00011720998550365071,0.09375016283473857,-0.006614803858035647,0.0002159073401717885,-0.19494308228223348,0.0014910131096180573
2015-07-15,0.00011718271198710591,0.09374695156766687,-0.006615918991266456,0.0002158760295261784,-0.19499560345045447,0.0014925554718725816
2015-07-16,0.00011712370349184367,0.09374502447875725,-0.006616254688866954,0.00021579246473699452,-0.19504914532995574,0.0014942185012239556
2015-07-17,0.00011712135712737831,0.09374224926091346,-0.00661735732524366,0.00021587688094638603,-0.19502521878568654,0.001494991723886114
2015-07-20,0.00011707936788296511,0.09374044904279921,-0.006618190329176007,0.00021583260971750888,-0.195078720021367,0.0014962703218609488
2015-07-21,0.00011706162757626284,0.09373904800747448,-0.006618995859834978,0.00021582956428662102,-0.1951184247851225,0.0014979073313044363
2015-07-22,0.00011704709172110331,0.09373119564285992,-0.006619139919873148,0.00021569673744345518,-0.1952074477123022,0.0014986987866061692
2015-07-23,0.00011693901858734991,0.0937281924815759,-0.006619749543623903,0.0002156398480131058,-0.19519692444366074,0.0014998656073848592
2015-07-24,0.00011688015802979661,0.09372680587617543,-0.006621774130701301,0.00021553291978112786,-0.1952343938736513,0.0015015579781895963
2015-07-27,0.00011674711806057324,0.09372726812971509,-0.006622920868837683,0.00021540284212067748,-0.19523417421572947,0.0015029479621304427
2015-07-28,0.00011662926650587035,0.09372443049270116,-0.006623118915989547,0.00021540806396718663,-0.19523982616083388,0.0015037617558697387
2015-07-29,0.00011650289293459679,0.09372094606393214,-0.006624756340029045,0.0002154806937269931,-0.19526110362781368,0.0015039754038557668
2015-07-30,0.00011641180945959292,0.09372118340303576,-0.006626318227821402,0.00021544475282984568,-0.19523660594701475,0.0015044973485011835
2015-07-31,0.00011636207578273158,0.09371692047979835,-0.006627376710387074,0.00021547584786814618,-0.19522757492233103,0.0015048291500763514
2015-08-03,0.00011628815648185113,0.09371458601396153,-0.00662841013680067,0.00021547958063224462,-0.19522566069038563,0.0015058584262979129
2015-08-04,0.00011624209757652394,0.09371035387941501,-0.006629320336313058,0.0002155079813310308,-0.1952745647786768,0.0015070362911136414
2015-08-05,0.000116243160689536,0.0937067196484691,-0.0066304663277644334,0.00021535988768324688,-0.19526753339538422,0.0015088261953543438
2015-08-06,0.00011616156732697819,0.09370838182134278,-0.006632097271977957,0.00021531354675859444,-0.1952878757468973,0.001509075855516377
2015-08-07,0.00011603586887544186,0.09370650415780427,-0.006632276629363723,0.00021525124999188355,-0.19524867432632584,0.001509887896815186
2015-08-10,0.00011599741168939043,0.09370248623417433,-0.0066335794203152346,0.00021530410441842287,-0.19527734880661388,0.0015112820411422208
2015-08-11,0.00011596257407653738,0.09370301395959887,-0.0066345636913527645,0.0002150607495260702,-0.19531519234233227,0.0015122262949164085
2015-08-12,0.0001159493577709505,0.09369401279277635,-0.006635535829558278,0.0002151331598932461,-0.19531882992371322,0.001512579221195257
2015-08-13,0.00011587386403167593,0.09369194795807569,-0.006636893148129755,0.00021504712747683568,-0.19532442200775862,0.0015140522402108854
2015-08-14,0.00011582004939585061,0.09368724675012466,-0.0066380022175359585,0.00021505881204032264,-0.19538619555346562,0.0015156747329755065
2015-08-17,0.00011574317052657906,0.09368434412265211,-0.006639300773168032,0.00021513917135959528,-0.1954161359046397,0.0015158155128179589
2015-08-18,0.00011569630314751516,0.09368225688300633,-0.006640721362476087,0.00021525391785550668,-0.19541413859556364,0.0015169020115165068
2015-08-19,0.00011565205329465849,0.09368295699783821,-0.006641988900422931,0.000215183626595499,-0.19545627330803556,0.0015169883877910338
2015-08-20,0.00011558670903096303,0.0936749451142581,-0.006643613355961845,0.00021524467014000822,-0.19551133545187385,0.0015188364898992741
2015-08-21,0.00011549523163422786,0.09367102641739262,-0.006643995996952458,0.0002153724524323292,-0.19549919032398005,0.001519434270006684
2015-08-24,0.00011544677796571879,0.09367046015030216,-0.006645220490712052,0.00021534492975268794,-0.1955156166634372,0.0015207806695839185
2015-08-25,0.00011531750859532572,0.09366383610740608,-0.0066461685060731825,0.0002153122800616799,-0.1955449907666575,0.0015208575194339993
2015-08-26,0.00011524258452639927,0.09366116305234556,-0.006647260526744041,0.00021558054004632346,-0.1955375802471009,0.001521113551627509
2015-08-27,0.00011519833850546151,0.09365790570312747,-0.00664758432510388,0.00021562770539759795,-0.1955135593034469,0.001521780946173993
2015-08-28,0.00011514311962436131,0.09365918696430862,-0.006648717416725956,0.00021561111858746002,-0.19556770935791107,0.0015207170843847054
2015-08-31,0.00011505887038114945,0.09366170118313465,-0.006650921434621947,0.00021552976862840523,-0.19557608306713803,0.0015198969417888504
2015-09-01,0.00011498191036872217,0.09366006453841867,-0.006651839839093721,0.00021552799489801727,-0.19556047200776064,0.0015196260457066603
2015-09-02,0.00011494573015802157,0.09366287159785969,-0.006653436468326026,0.00021547735091785835,-0.1955642936788317,0.0015200439032115977
2015-09-03,0.00011495672427843408,0.0936669410032653,-0.006654959517083824,0.000215509754429202,-0.19555350133068428,0.001520173759038369
2015-09-04,0.00011485706447902332,0.09367278063834594,-0.006655873045424678,0.00021555668365907276,-0.1955294695751783,0.0015203283169098196
2015-09-09,0.00011479165856203328,0.09366822191721474,-0.006657029147526293,0.00021553310930796148,-0.19555706518244934,0.001520284925644872
2015-09-10,0.00011480816988194273,0.0936621272263591,-0.006658313923756818,0.00021556946442474962,-0.1956085698657867,0.0015195939049977747
2015-09-11,0.0001148639655603397,0.09367223418765637,-0.006659516357602573,0.0002157241489491754,-0.1956420062626668,0.0015186854841638753
2015-09-14,0.00011482065191970122,0.09367167331899773,-0.006659913682253093,0.00021579650539264546,-0.19567788251462598,0.001517130862244674
2015-09-15,0.0001147201257548319,0.0936802708088527,-0.006660468225157596,0.00021588988341880456,-0.19567255244728887,0.0015179539752837826
2015-09-16,0.0001146937249270864,0.0936849490297496,-0.006661275513035742,0.00021591326977430015,-0.1956977797414632,0.0015181878549269225
2015-09-17,0.00011465505178488104,0.09368134210683524,-0.006662219177178392,0.0002159336358551174,-0.19573263931774362,0.001518479723599554
2015-09-18,0.0001146464108939099,0.09368037365770468,-0.006663748991624969,0.00021577279472633615,-0.19572641883238673,0.0015178081045106504
2015-09-21,0.00011455221959770647,0.09368040479915016,-0.006665122258610633,0.0002158380188426154,-0.19573782722041508,0.0015181250658220697
2015-09-22,0.00011447040235630082,0.09367916434957783,-0.006666216321649205,0.00021572041279651052,-0.19579148758877735,0.0015183956102679857
2015-09-23,0.0001144251077757836,0.09367730633210411,-0.006667096381413747,0.00021594159781433827,-0.19578378134777968,0.0015186991640044523
2015-09-24,0.00011440728517293558,0.0936761493750234,-0.00666830925360359,0.00021606584349671205,-0.19581726838395944,0.0015192213937462616
2015-09-25,0.00011440969850084868,0.09367396141815647,-0.0066701911164052914,0.0002161546108931474,-0.19578133830003483,0.0015200310473084515
2015-09-28,0.00011440241541819466,0.09367918567805794,-0.006669797245611934,0.0002158867981595854,-0.19577591571067515,0.001519200674444064
2015-09-29,0.00011439410737233864,0.09367584748023629,-0.0066710050318765,0.00021589177877016417,-0.195787484803637,0.001518813465535754
2015-09-30,0.0001143235064924343,0.09367336082207559,-0.006672489535436624,0.00021583192836964818,-0.1957852261044556,0.0015185134658346983
2015-10-01,0.00011434094331917658,0.09367140589743664,-0.006673314508831015,0.0002159516166943315,-0.19581883333567635,0.0015187534168239207
2015-10-02,0.00011420083393107622,0.0936731097849249,-0.006673944904345964,0.0002160277156349848,-0.1958034060675084,0.0015189934446497018
2015-10-05,0.00011414063858699284,0.09367750608448724,-0.0066742478418762,0.00021597525197157404,-0.19581275209200888,0.0015198118423229087
2015-10-06,0.00011410898148429469,0.09367929806990194,-0.0066758560850446475,0.00021588825258366732,-0.19584527817319206,0.0015195453930407481
2015-10-07,0.00011408491062918161,0.09367751021746734,-0.006677346793010278,0.00021593391164739724,-0.19587813279167426,0.0015193985093299692
2015-10-08,0.00011397986870067106,0.09367818908521969,-0.006678710707772788,0.00021601334688999918,-0.19588644448531156,0.0015196332654112098
2015-10-09,0.00011393633343677709,0.09367268417565122,-0.006679914334375624,0.00021607144754783194,-0.19590407367463647,0.0015203398699676258
2015-10-14,0.00011390382495855566,0.09368198924115685,-0.006680417614102959,0.00021620386523676986,-0.19590975571034608,0.001520135901523265
2015-10-15,0.00011391483313112574,0.09368549578835493,-0.0066816368635817195,0.00021614020888488866,-0.19591399734819656,0.0015201794941627164
2015-10-16,0.00011389249175546676,0.0936824238346983,-0.006681471967210172,0.0002160700024286122,-0.19592192794352487,0.0015206203751116061
2015-10-19,0.00011384218395431769,0.09368809148406237,-0.00668219588192948,0.0002161528061519328,-0.1958956756247307,0.0015200618938631001
2015-10-20,0.00011382066628169536,0.0936888171858909,-0.006683136902414575,0.00021620901417852278,-0.19592552481542613,0.0015201480222004145
2015-10-21,0.0001138282372555795,0.09368789858410638,-0.006683710524805032,0.000216259781737525,-0.1959427866928657,0.0015202717032420504
2015-10-22,0.00011382597024302488,0.09369602226569947,-0.006683847159569942,0.00021626114071592346,-0.19599256249310762,0.0015202790045083792
2015-10-23,0.00011372158076669856,0.09369873208748258,-0.006685743800513327,0.00021628782576681721,-0.19597878364453586,0.0015204790431882238
2015-10-26,0.00011370244294710286,0.09370023995757344,-0.006686677894506092,0.00021629338544722253,-0.19597386247616833,0.0015200886186503774
2015-10-27,0.00011368249144984061,0.09370394200548066,-0.006687456371018057,0.00021649627504217992,-0.1959831727908924,0.0015206496725030149
2015-10-28,0.00011361924763506703,0.09371453510441241,-0.006687619067315336,0.0002167405350949617,-0.19603668182767717,0.0015203412015203288
2015-10-29,0.00011363587679084742,0.09371264404668146,-0.00668817164420509,0.0002167995230723388,-0.19607445545089075,0.001520821579012776
2015-10-30,0.00011363533544566435,0.09371573439171539,-0.0066893764671641645,0.00021668822883985558,-0.19609896470475566,0.0015203054368913838
2015-11-02,0.00011354806592629428,0.09371839213954579,-0.0066903078990551345,0.0002167513870162947,-0.1961368839680652,0.001520425988218307
2015-11-03,0.00011351715303324008,0.0937240595121187,-0.006690226123018444,0.00021673768954855567,-0.19612884175546236,0.001519426362974362
2015-11-04,0.00011339961814979669,0.09373003662258027,-0.0066908203688181905,0.0002166756129150512,-0.19609542851128658,0.001520454156661848
2015-11-05,0.0001133589676032649,0.0937285694269213,-0.0066919910940757,0.0002166863418882163,-0.1961206271532322,0.0015208786730900327
2015-11-06,0.00011336393542147626,0.09373353148941509,-0.00669237103095807,0.00021675097243910129,-0.19609677639521356,0.0015212177369451866
2015-11-09,0.00011330958498331887,0.09373737628079003,-0.0066932276053115036,0.0002168122226973392,-0.19617554296613582,0.0015203250302373672
2015-11-10,0.00011326687040824622,0.0937400675993956,-0.006694121537501048,0.0002168593340563559,-0.19617953549492906,0.0015202062767137514
2015-11-13,0.0001132438025606556,0.09374070285279665,-0.006693429835450623,0.00021675616748875845,-0.19616516442941478,0.0015205217086223053
2015-11-16,0.00011323707754434142,0.09374224664802573,-0.006694413700135671,0.00021684068141056902,-0.19617934019887112,0.001519855422399265
2015-11-17,0.00011319139384447389,0.09374384020172037,-0.0066947888506561715,0.00021685846712060918,-0.19620967204786496,0.0015197894712173801
2015-11-18,0.000113158740797855,0.09374268664182732,-0.006695798348382496,0.00021672951993637895,-0.19621859762007246,0.0015194140507936746
2015-11-19,0.00011317689156714504,0.09374116665934994,-0.006695776306734507,0.00021678021403528084,-0.19619109532644785,0.0015202868254123526
2015-11-20,0.0001131530394785974,0.0937459625287044,-0.006696517650144601,0.00021668097912596874,-0.19623327544304603,0.0015205097486586296
2015-11-23,0.00011301801200490942,0.0937510493979509,-0.006697006632015437,0.0002166683526180232,-0.1962442880404648,0.0015198830726873033
2015-11-24,0.00011293804981478813,0.09375681383932992,-0.006697763230955694,0.00021656207345996527,-0.19628346308731726,0.0015188695304635563
2015-11-25,0.00011287503535211966,0.09376187474314995,-0.0066987186284041,0.00021651393437056854,-0.1962904805922747,0.0015187341905693603
2015-11-30,0.00011282951512595708,0.09376075312387895,-0.006699401897542343,0.00021657402336279914,-0.1962463428281194,0.0015191293470774275
2015-12-01,0.00011277616244565895,0.0937655941759897,-0.006699992541690412,0.00021666840674765806,-0.19621726990387828,0.0015191999513241479
2015-12-02,0.00011277857507152317,0.09376490135893112,-0.006700825170495493,0.00021676567043374062,-0.19620609266220568,0.0015200726572794751
2015-12-03,0.00011279450374301977,0.09376654538487161,-0.006701496991313501,0.00021687637450094684,-0.19624366756682687,0.0015204128382839298
2015-12-04,0.00011273339948414998,0.09376961068321105,-0.006702728026640461,0.00021704537763832563,-0.19625584741876756,0.0015200928629260661
2015-12-07,0.00011269145937609984,0.09377095433476088,-0.006702666637329174,0.00021711315984884703,-0.19625573465639579,0.0015191869591052473
2015-12-08,0.00011268806116631065,0.09377972516431597,-0.006703511247346519,0.0002172242800549748,-0.1962287896851915,0.0015187283657289846
2015-12-09,0.00011267622323118812,0.09378421085722081,-0.006704603791624487,0.00021722711123992858,-0.19621496490987467,0.0015168900284464784
2015-12-10,0.00011263450955119226,0.09379609431941652,-0.00670513665993057,0.00021720779292027604,-0.19620181618022517,0.0015160230538816266
2015-12-11,0.00011258279572414272,0.09380209841591024,-0.006705245102941416,0.0002171671467975359,-0.19621231022788754,0.0015165177843847564
2015-12-14,0.00011254451538679681,0.09380606900343313,-0.006706301893692377,0.00021708919689919352,-0.1962351711411004,0.0015152043880569605
2015-12-15,0.00011250447857717978,0.09381318713655146,-0.006705914265194507,0.0002169526346713587,-0.19625355991917282,0.0015156003664493077
2015-12-16,0.00011246937150234497,0.09381682355060375,-0.006706765483812604,0.00021710838298906262,-0.1962840659026173,0.0015145491788833225
2015-12-17,0.00011238990851534982,0.09382110216878413,-0.006707041459245278,0.00021720680019733375,-0.196250680774251,0.0015136287741475555
2015-12-18,0.00011232435435700196,0.09382815452185786,-0.006708894090830795,0.0002172718619097596,-0.1963092583760728,0.0015133712435870127
2015-12-21,0.00011230552107334539,0.09382925736162641,-0.006709894918918233,0.0002172753456324869,-0.1963121699710256,0.0015124741910276626
2015-12-22,0.00011223556596292453,0.0938340512634932,-0.006711208286498245,0.00021724310368265805,-0.1963706452182929,0.0015120109080446265
2015-12-23,0.00011219978002996627,0.09384139305193245,-0.0067121516892769545,0.0002172406211632691,-0.19640728939062957,0.0015113356597796126
2015-12-24,0.00011218634410248773,0.0938475286981067,-0.006713882993917384,0.0002174391019899707,-0.1964760763879804,0.0015113229042381668
2015-12-29,0.00011211386021928783,0.09385388341411244,-0.006714895997668941,0.00021746868192041677,-0.1965314297874048,0.0015103303561006109
2015-12-30,0.00011211189591845646,0.09385699295224698,-0.006715935827617838,0.00021753243784476003,-0.19655038181064952,0.0015098477069152765
2015-12-31,0.00011210090665095467,0.09386351010396247,-0.006716449970390408,0.00021744024635126632,-0.1965161161863837,0.00150926166124488
2016-01-05,0.0001120710645512531,0.09386376386138227,-0.006716697461655323,0.0002173934210894142,-0.19655331820013136,0.0015085693620440217
2016-01-06,0.00011198149442914522,0.09387255111164734,-0.006717316492751456,0.000217338447337617,-0.19658676088489807,0.0015074426123277967
2016-01-07,0.00011194661601098281,0.09387998140028793,-0.006718364168119316,0.00021724059213246367,-0.19660021470886932,0.001506750195344107
2016-01-08,0.00011189832832519641,0.09388669283358428,-0.006718471890791244,0.0002173806007194393,-0.19659710482482473,0.0015069830843631043
2016-01-11,0.00011188383478923078,0.09389300854187312,-0.006719787806053271,0.00021739564974251478,-0.19661242413961627,0.00150669329630834
2016-01-12,0.00011186873416978355,0.09390190673708991,-0.006719767437836647,0.00021764263569211894,-0.19659156755314308,0.001505948492590061
2016-01-13,0.00011178531699109238,0.09391166105711836,-0.006720954672525687,0.00021759137229624052,-0.19661715161202475,0.0015053858002195297
2016-01-14,0.00011171467229477998,0.09391966221204937,-0.006721751591418791,0.00021764689948248244,-0.19665950151657213,0.0015048426907359421
2016-01-15,0.0001117019544738637,0.09392583186516255,-0.006721932873313128,0.00021763160482348958,-0.19667771089560993,0.0015041382219762635
2016-01-20,0.00011162816297790103,0.09393578298001684,-0.0067236736013229804,0.00021761507396681078,-0.19666593045985464,0.0015033365186832971
2016-01-21,0.00011162786478182141,0.09394220388656849,-0.006724221225006804,0.000217654766339211,-0.19669234996228796,0.0015029399625199238
2016-01-22,0.00011159574991924034,0.09394896784080549,-0.00672494760047737,0.00021754479499352258,-0.19671160219407782,0.0015025539522443645
2016-01-25,0.00011154067093611058,0.0939558581835489,-0.006726170454693765,0.00021743736365977093,-0.19675437065748336,0.0015016082695116575
2016-01-26,0.00011156609699573945,0.0939616970556523,-0.006726952795343031,0.00021736403479534106,-0.19676613536731022,0.0015011994849437069
2016-01-27,0.00011156686131373496,0.09396645132471579,-0.006727947178060328,0.0002174567381343014,-0.1967592249535399,0.0014999379035267808
2016-01-28,0.00011149165083431981,0.09396564621013595,-0.006727617775574032,0.00021748194770755385,-0.1967515433902457,0.0014988527745168503
2016-01-29,0.0001114938836100549,0.09396766888397425,-0.006728595187021463,0.00021749907876003377,-0.19676230981299325,0.0014973685385293067
2016-02-01,0.00011146740598601731,0.09397636579990315,-0.006730004488802073,0.00021756119265680253,-0.19679742812578713,0.0014964177767683288
2016-02-02,0.00011140958191254012,0.09397446014640629,-0.006731844674437931,0.00021746146302470008,-0.19675579963171558,0.00149583782261199
2016-02-03,0.00011138491204302266,0.09397794802806819,-0.00673276584795636,0.00021765583407004646,-0.19677171573163227,0.001494979828193898
2016-02-04,0.00011137316997996659,0.09398116139866478,-0.006733576135524669,0.00021766004017417632,-0.19681371091750344,0.0014945180177691859
2016-02-05,0.00011136818097186765,0.09398286916368764,-0.006734770789924519,0.00021769460088900993,-0.1967731284757484,0.0014940090446920338
2016-02-08,0.00011129780785489145,0.09398990201577007,-0.006735567457205885,0.00021765421107629022,-0.19680063374922685,0.0014941106936270817
2016-02-09,0.00011125481547732745,0.09399277338195793,-0.006736079181634412,0.00021774859414501742,-0.19680994494384968,0.0014935853810160258
2016-02-10,0.00011125006639114205,0.09400463526225872,-0.006736638261234924,0.00021789182418010335,-0.19683606008709917,0.0014926686138029546
2016-02-11,0.00011130503821941471,0.09401275131274255,-0.006737823942146242,0.0002179760260340909,-0.1968126908207217,0.001492877456018168
2016-02-12,0.00011132523226160479,0.09401722223985594,-0.006738348303633464,0.00021809949284461467,-0.1968338331413205,0.0014926806325516221
2016-02-17,0.00011124733134089724,0.09402096144898495,-0.006738685156061842,0.0002180765336931848,-0.1968900293881552,0.001491957725564121
2016-02-18,0.00011129482527217857,0.09402576962097957,-0.00673949587213754,0.00021805683591067564,-0.19686223283545967,0.0014921859418505741
2016-02-19,0.00011126819816793042,0.0940249993147306,-0.006741365682884611,0.00021797642901141465,-0.19685267972119466,0.0014926136676406852
2016-02-22,0.00011123050273447465,0.09403195365508547,-0.006742029290023018,0.00021810285060017953,-0.19686239049214121,0.0014924854956971044
2016-02-23,0.00011116700203852652,0.09404270687430796,-0.00674281311752787,0.0002181259281377462,-0.19686903364668817,0.001491679862095161
2016-02-24,0.0001111371297681445,0.09404895044102832,-0.006742386060060716,0.00021810762735182586,-0.19687917795894097,0.0014908908069497817
2016-02-25,0.00011115275673355896,0.09405192040356745,-0.00674266923226799,0.00021832990963944194,-0.1968994652343961,0.0014896340809209545
2016-02-26,0.00011113028641935734,0.09405879172668069,-0.006743210666001516,0.0002183739180222326,-0.19688215055875685,0.0014893298218409915
2016-02-29,0.00011114090176461419,0.09406486024515752,-0.006744259134458915,0.00021841107568628618,-0.1969193317028399,0.0014891489856265385
2016-03-01,0.00011110181580762362,0.09406857776875246,-0.006745167410596234,0.00021836736261141306,-0.1969315652060287,0.0014871438908095303
2016-03-02,0.00011109640372574493,0.09406969960612334,-0.0067459170600145295,0.00021846313949017368,-0.19696800861449934,0.0014854187725970012
2016-03-03,0.00011109405719269496,0.09407439921367314,-0.0067457335882196,0.00021849456986187168,-0.19700407339306705,0.001485411933345259
2016-03-04,0.00011107880288189348,0.09408831636993274,-0.006746007042061896,0.00021876508630569067,-0.196986038916436,0.0014847299416519287
2016-03-07,0.00011101717019690134,0.09408552867748499,-0.006746847819578618,0.00021885320214120704,-0.1969896597959719,0.001483910981411831
2016-03-08,0.00011097551512764672,0.09409463773921883,-0.006748398165417735,0.0002188332009658461,-0.19697835492313923,0.0014832311531146902
2016-03-09,0.00011091294322138671,0.09410176437486605,-0.006749043623029984,0.00021902680453386584,-0.19698484647078437,0.0014820376173159497
2016-03-10,0.00011090080321102322,0.094111075547951,-0.006749343226993469,0.00021913373043396423,-0.19698005724425532,0.0014816530590229904
2016-03-11,0.00011086597500931701,0.09411364941594558,-0.006750467919250575,0.00021927567331634455,-0.1970273371974711,0.001480901398145439
2016-03-14,0.0001108151802490573,0.09412315038631253,-0.006751260782829692,0.0002191850519046517,-0.19704861711934468,0.0014800203585577753
2016-03-15,0.00011077829392896071,0.09413310573051897,-0.006752374006926944,0.00021940821717557926,-0.19703244658395175,0.0014786831853451983
2016-03-16,0.00011075055696111653,0.09413731176347569,-0.006753567281743109,0.00021934881583370448,-0.1970400824010981,0.0014780338413813254
2016-03-17,0.00011073707466312197,0.09414455154161289,-0.00675483656782543,0.0002195009910009291,-0.1969851733540829,0.0014777435030611337
2016-03-18,0.0001107137855867879,0.09415006916682724,-0.0067556018970248224,0.0002195886871769343,-0.19704066414174892,0.0014772000631004699
2016-03-21,0.00011063480932332331,0.09415707010361936,-0.006756118816951179,0.00021959445437817174,-0.19708783627075024,0.00147762165563526
2016-03-22,0.00011054172560858188,0.0941655211219854,-0.00675718891046171,0.00021963755589589015,-0.19709621899444496,0.001476715709888011
2016-03-23,0.00011048733169716884,0.09416782931527617,-0.006758214588226119,0.00021954116769441577,-0.19709967092037584,0.001477691306174113
2016-03-24,0.00011042441731892624,0.09417250155610216,-0.006759066402680875,0.00021971316475354676,-0.197125362214782,0.0014768769953127248
2016-03-29,0.00011044195696273531,0.09417622642618366,-0.006758449717436962,0.00021973365795083526,-0.19714083354933692,0.0014757610215882144
2016-03-30,0.0001104432652762317,0.09418470469292871,-0.006759613385271732,0.0002196873051193198,-0.19716172349469335,0.0014746781784992825
2016-03-31,0.000110388326331873,0.09418802832882989,-0.006760570053933337,0.00021978116890213593,-0.19722986507922347,0.0014740953832723437
2016-04-01,0.00011031422530654554,0.09419294715669063,-0.00676031520077213,0.0002198673056639099,-0.19723188213524423,0.0014734647664523884
2016-04-04,0.0001102791598925288,0.09419450759871771,-0.006761740908248235,0.00021983927608296735,-0.1972420727288218,0.0014721864089644505
2016-04-05,0.00011030086426413679,0.09419892368426273,-0.006762712053731575,0.00021993489657744203,-0.1972442424729237,0.0014724706584497232
2016-04-06,0.00011029334383513302,0.09419899243757007,-0.006763451645503956,0.00021997677356169263,-0.1972724158310808,0.0014726656801467644
2016-04-07,0.00011031825385919341,0.09420221343909714,-0.006765109038215782,0.00022001314805370167,-0.19728431233299956,0.001471348356787037
2016-04-08,0.00011028647457038609,0.09420760148777287,-0.00676617250885504,0.00022003495873087117,-0.19734537245574482,0.001471476462848903
2016-04-11,0.00011026624804848199,0.09421367438019115,-0.0067672389166402004,0.0002201856331744307,-0.1973765337076045,0.0014709988796197545
2016-04-12,0.00011025133063652209,0.09421785444491561,-0.006767854771613003,0.00022048297932566687,-0.19735526847730167,0.0014706989917197988
2016-04-13,0.00011018631538798728,0.09422307537490027,-0.006768280185620919,0.00022051103938966807,-0.19737224334278342,0.00147055897275621
2016-04-14,0.00011018136745144424,0.09422518359476975,-0.006769413130894975,0.00022050153854897262,-0.19736460344168172,0.0014701397686810117
2016-04-15,0.00011018534143094844,0.09423563979943518,-0.006770763767995534,0.00022057818447679032,-0.1973126069407895,0.0014696511823045842
2016-04-18,0.0001101263728322206,0.09423513952049932,-0.00677103656642744,0.00022058830872934474,-0.19732474421327423,0.001469355543553183
2016-04-19,0.00011003844558461694,0.09424001815030607,-0.006772411156613338,0.00022059662092410937,-0.19733877444758274,0.001468882844517003
2016-04-20,0.00011002628103102327,0.09424369644319451,-0.006773893619475982,0.000220708323298633,-0.19734016100126256,0.0014674742460460011
2016-04-21,0.00010999832352680996,0.09424883100433495,-0.006775237944846727,0.0002210572130406845,-0.19732927873408843,0.0014663477693006694
2016-04-22,0.000109938253196586,0.09426012831512773,-0.0067757607070562794,0.00022115340474059895,-0.1973700930418235,0.0014648684644940914
2016-04-25,0.00010987995136764356,0.09425989478392084,-0.006776631400489813,0.00022127558501708398,-0.19732913655777956,0.0014641475684314764
2016-04-26,0.00010987842483856183,0.09425789481656031,-0.006777751720500308,0.00022122887200760056,-0.19733426697101136,0.0014634790542834885
2016-04-27,0.00010984792785731867,0.09426780966278886,-0.006778688998479445,0.0002213645820019938,-0.19735695197900718,0.0014624402364928105
2016-04-28,0.00010978201868523196,0.09427557847492926,-0.006780189120698206,0.00022147560625741314,-0.19739650691404453,0.0014620045201782959
2016-04-29,0.00010976461254569547,0.09427481994173743,-0.006782057921587338,0.0002216777574095955,-0.19744656521390996,0.0014614467165992822
2016-05-02,0.00010976663039900557,0.0942743801093165,-0.006782128639359241,0.00022168617044703812,-0.19747444580749582,0.0014607582099118788
2016-05-03,0.00010978503500995135,0.09428085917326157,-0.006782606841130346,0.00022159154356123269,-0.197452197169955,0.0014604100447272114
2016-05-04,0.00010976933476596384,0.09428027344296173,-0.006783696798668197,0.00022175364616895004,-0.197485012462083,0.0014607416721750725
2016-05-05,0.0001097215975393384,0.09428551247125466,-0.006784051679396263,0.00022207578891433942,-0.19749703226053222,0.0014606733260487262
2016-05-06,0.0001096542102335207,0.09428666075031207,-0.006784885907319585,0.00022214490661946052,-0.1975390115778246,0.0014597247839812225
2016-05-09,0.0001096206014633644,0.0942898892871229,-0.006786131271025793,0.00022209114172956634,-0.1975706820428962,0.0014592575485690574
2016-05-10,0.0001095546087591657,0.09428833690094462,-0.00678719763983,0.00022222453459077473,-0.19756690837570437,0.0014581866228931698
2016-05-11,0.00010947445607542573,0.09428753896716258,-0.006787736234125253,0.00022211393745279285,-0.19756404897706,0.0014576183011447382
2016-05-12,0.00010944291065767874,0.09429319368182601,-0.006788264925381167,0.00022219319403128649,-0.19759449642500274,0.0014569295017116213
2016-05-13,0.00010944140099967923,0.09430162595218432,-0.006789045752545642,0.00022232058639841106,-0.1976199300846213,0.001456344123457575
2016-05-16,0.00010942417296640688,0.09430642881922024,-0.006790619684934296,0.00022249209071365777,-0.197598414804782,0.0014557988958159213
2016-05-17,0.00010939440303575649,0.09431301786321698,-0.006792034840372265,0.00022252974508783037,-0.1976121154662252,0.001454364347806446
2016-05-18,0.00010939674065962053,0.09431626942876484,-0.006793065169049991,0.0002225945124896641,-0.19764485650341096,0.0014529019356654654
2016-05-19,0.00010933469147846004,0.09431721023634143,-0.006793755683737348,0.00022258362740259536,-0.19764162033456772,0.0014529298166706813
2016-05-20,0.00010930134771182062,0.09431669483605001,-0.006795145557422686,0.00022229853506620185,-0.19765029858722188,0.0014518388559806616
2016-05-23,0.00010926863577153901,0.09431746672642485,-0.0067957352255907134,0.00022239902488386797,-0.19764666601058123,0.0014515269363423828
2016-05-24,0.00010924344497538497,0.09432220209622239,-0.006796609080334032,0.00022251352268617115,-0.19773131063224683,0.0014518878574594836
2016-05-25,0.00010914184327940386,0.09432433766828863,-0.006797902861888829,0.00022248259286394414,-0.19774272100109536,0.001452720320285179
2016-05-26,0.00010907884226936936,0.0943223778252117,-0.006798518789462218,0.0002226510649472615,-0.19773173284359108,0.0014512057637906914
2016-05-27,0.0001090931395684144,0.09432945216708341,-0.006799526910743458,0.0002226559673412778,-0.19771671027161686,0.001451108668555415
2016-06-01,0.00010910238136260534,0.09433119755019186,-0.006800993585792807,0.0002226050242287527,-0.1977241095337908,0.0014516814313276
2016-06-02,0.00010909675245247674,0.09433298087648727,-0.006801471796332537,0.0002225989307368118,-0.19773374077852912,0.001451202577034507
2016-06-03,0.0001090441659305455,0.09433494479898252,-0.006802361320534991,0.00022277062975725598,-0.19773317939832918,0.0014512345821587145
2016-06-06,0.00010901876532364088,0.09433554078905765,-0.0068034345193854345,0.00022277259073083365,-0.19775749449452418,0.0014506621104666082
2016-06-07,0.0001089453266380267,0.09433608408612211,-0.006804597286616189,0.00022283023816695733,-0.19776760519643882,0.001450888059231205
2016-06-08,0.00010889859231668096,0.09433950800830236,-0.006805064623650681,0.00022281749779994955,-0.19778012365535383,0.0014506545429102033
2016-06-09,0.00010887117522651908,0.09433692996593745,-0.006805784668486991,0.00022289234045824767,-0.19775701534825735,0.0014502997997713355
2016-06-10,0.00010887782747145027,0.09433658370216322,-0.006807569879721402,0.00022289778822942645,-0.19780578220734935,0.0014500785297833125
2016-06-13,0.00010878934149238674,0.09434095864664176,-0.006809773131759312,0.0002230178020014177,-0.19782761678860275,0.0014493916612305468
2016-06-14,0.00010873761589328007,0.09433877159850984,-0.006810559483565341,0.00022313164329419515,-0.19784400496374097,0.0014478997063259373
2016-06-15,0.00010869590064205321,0.09434419163336821,-0.00681186131142688,0.0002229142757695468,-0.19787349844060548,0.0014465015007868057
2016-06-16,0.0001086663957300285,0.09434109645374363,-0.006813469659842536,0.00022287883352690782,-0.1978608163592237,0.001446774003133846
2016-06-17,0.00010865545866048588,0.0943443762778339,-0.006815068715135406,0.00022304197859581484,-0.19787844300418955,0.0014471880119560662
2016-06-20,0.0001086522763858827,0.09434708278939402,-0.006816306451490862,0.0002231012750705756,-0.197864067114553,0.0014469850022135907
2016-06-21,0.00010861670878468099,0.09435034532999394,-0.006818193269244519,0.00022325564169027655,-0.1978528390399475,0.0014459977304657943
2016-06-22,0.00010857284944945452,0.09435925271826066,-0.006818753330390045,0.00022315212719047073,-0.19785283200339265,0.0014448871379888323
2016-06-23,0.00010857381444722763,0.09435622672871469,-0.006819511180187002,0.0002231344837090779,-0.19785548946374876,0.001444553486996105
2016-06-24,0.00010852803470717645,0.09436095008745649,-0.006819674278443945,0.00022305177114070125,-0.1978224036582023,0.0014447769950046094
2016-06-27,0.00010848423759052371,0.09436075351381513,-0.006820969173907843,0.00022313330806448972,-0.19783477042257924,0.001444949640626966
2016-06-28,0.00010839749853737569,0.09437071815771068,-0.006822181609456475,0.00022319791134581187,-0.19783268907921295,0.0014453150744379432
2016-06-29,0.00010842925013772106,0.09437748106675214,-0.006824261997272656,0.00022346552052119145,-0.197863214757796,0.0014452933279441517
2016-06-30,0.00010846951319725205,0.094378360860214,-0.006824108560593355,0.00022365003779704416,-0.19786261669427588,0.0014461316000773986
2016-07-01,0.00010845959273000878,0.09438001533182185,-0.006825238500322851,0.00022363092045078005,-0.19787509466169154,0.0014458416275154348
2016-07-06,0.00010841669202537121,0.09438073204985095,-0.006825363985967154,0.00022361707426779635,-0.19788021204562808,0.0014459546859294692
2016-07-07,0.0001084249022886771,0.09438064949303805,-0.006826229291264886,0.00022370925994046398,-0.19785206163111219,0.0014453014962228954
2016-07-08,0.00010835665840250983,0.09437604654707739,-0.006825952942597098,0.0002235972518977188,-0.19782743986105442,0.0014454235710876441
2016-07-11,0.00010834568331440925,0.09437628316517367,-0.006827377209734413,0.00022350104428999675,-0.1978432777599254,0.001445893521522818
2016-07-12,0.00010834888243320456,0.09437847628316048,-0.00682915734843396,0.00022342537931136554,-0.1979134499735596,0.0014464740069647475
2016-07-13,0.00010826452230771733,0.09438407396935129,-0.006830037216743516,0.00022350112321781247,-0.1979342561838245,0.0014471614129625183
2016-07-14,0.00010827829815645461,0.09438296576885533,-0.006831059364101264,0.00022353937195853388,-0.19794230802023866,0.0014464385493075734
2016-07-15,0.0001082661009968862,0.09438542373702655,-0.006832566246921794,0.00022365973669112696,-0.1978886335776163,0.0014468968212650649
2016-07-18,0.00010821596715720784,0.09438656461278574,-0.006833183520746183,0.00022372149566606897,-0.19789982788384422,0.0014483626972791675
2016-07-19,0.00010823508253597053,0.09438620466958567,-0.006834418847960671,0.00022387326949710725,-0.19790506136148323,0.0014498222541609242
2016-07-20,0.00010819634484236257,0.0943909589000274,-0.0068354173092852,0.00022378878562219034,-0.19791609863782994,0.001449118371512269
2016-07-21,0.00010815724185349515,0.0943891148090173,-0.00683692318704974,0.00022401425967578562,-0.19791404535877033,0.0014494864219669963
2016-07-22,0.00010815616818335888,0.09439062831667998,-0.0068379833636260205,0.00022416048352552652,-0.19789481749012064,0.0014495693710818267
2016-07-25,0.00010811659727405612,0.09439737376498335,-0.0068387233797125805,0.00022416247089054184,-0.1979020003324105,0.0014493714261894551
2016-07-26,0.0001081035045343666,0.09440076298824039,-0.006840096698388408,0.00022433193757906425,-0.19793164046460326,0.001448195765171459
2016-07-27,0.00010809393207191799,0.09440724861646688,-0.006840923838368989,0.00022447541808497045,-0.1979704344331164,0.0014481322732504828
2016-07-28,0.0001080366821202741,0.0944069490103499,-0.006841417368004785,0.0002243441827662215,-0.19799814129744958,0.0014479525722489548
2016-07-29,0.0001081032140452953,0.09440870924651397,-0.00684265883389623,0.00022435610217619642,-0.1980137020243052,0.0014481497349717164
2016-08-01,0.00010803675131258244,0.09441333728175473,-0.006843401916576354,0.00022422417315651723,-0.19801458148431011,0.001447409545290627
2016-08-02,0.00010803100582962419,0.09441985274440234,-0.006843807463098784,0.00022418671848825476,-0.19800694942852368,0.001447341590336415
2016-08-03,0.00010803659886086999,0.09441810856058139,-0.006845552656486224,0.00022428210770163666,-0.19806113133628536,0.0014464148433578046
2016-08-04,0.00010802897274771945,0.09441990846093293,-0.006846230142445638,0.0002243800446357834,-0.1980538657818408,0.001446213401574386
2016-08-05,0.00010795302024959451,0.0944184260883454,-0.0068466019092975755,0.00022438337566720354,-0.1980286539354891,0.0014458150551753261
2016-08-08,0.00010798792227882134,0.0944210011826216,-0.0068481085052483565,0.0002243630558769073,-0.1980294807737017,0.001446166300819626
2016-08-09,0.00010787069915627432,0.09442787176372089,-0.006848832371262564,0.0002246279073122054,-0.19798016113021136,0.0014464806842299299
2016-08-10,0.00010784116531206261,0.09442919025783042,-0.0068491276587908595,0.00022457110483359763,-0.19798627136112334,0.0014457427551108123
2016-08-11,0.00010785565197276239,0.09443078741254401,-0.006850272679006167,0.00022470898751133868,-0.1980425157322621,0.0014468002303840266
2016-08-12,0.00010780746260685359,0.09443793346508436,-0.006852217348615055,0.00022490174514225335,-0.19802153982867865,0.001446846908971531
2016-08-15,0.00010771519505360073,0.09444507041702856,-0.006854700795090016,0.00022493963826471347,-0.19801678760834984,0.0014470204013650658
2016-08-16,0.00010771033892026682,0.0944497097411956,-0.006856155752396386,0.00022501221560754546,-0.19804857292140998,0.0014474868265029024
2016-08-17,0.00010765592526802914,0.09445622166412386,-0.006857038076777228,0.0002250619659801287,-0.19806126402538576,0.0014480358275272324
2016-08-18,0.00010765801579568372,0.09445796852197726,-0.006857362872155818,0.00022503118821176954,-0.19807090492735735,0.0014481604712988066
2016-08-19,0.00010762589068317684,0.09446203766964163,-0.006858582007480339,0.0002251483046812634,-0.19803619551731869,0.001448228014739095
2016-08-22,0.0001076530040892169,0.09446545206320903,-0.006859701268305341,0.00022528656423697515,-0.19804916643913104,0.0014480175719128012
2016-08-23,0.00010761097762462898,0.09446641782764634,-0.006860744748748839,0.00022532690078548896,-0.19801011260465615,0.0014478660045104774
2016-08-24,0.00010758144521870102,0.09446741114143029,-0.006862676664364584,0.00022536060179228584,-0.19802795337654774,0.0014472364013796827
2016-08-25,0.00010754132221333725,0.09447033338163104,-0.006864370962589806,0.00022534634322811354,-0.19804270643662794,0.0014464397634140135
2016-08-26,0.00010751622357614187,0.09446903121231366,-0.006865758470767063,0.00022522569608513765,-0.19799741028861031,0.0014467858451520951
2016-08-29,0.00010744237092929355,0.09447262655525272,-0.006866298239425186,0.00022519354159648342,-0.1980244833736123,0.0014470874702445884
2016-08-30,0.00010743136370837877,0.09447427494516493,-0.006867823692461859,0.00022532048988901503,-0.19803829296281905,0.001446722142779318
2016-08-31,0.00010734611246680899,0.09447554649890158,-0.006869529612353119,0.0002254709765165994,-0.19803494546008812,0.001444126018753023
2016-09-01,0.00010729325850014633,0.09447579571613707,-0.006871247646887901,0.00022553403601457766,-0.19800936392713273,0.0014432559174781762
2016-09-02,0.00010726752190194194,0.09447714365034307,-0.006872189487531494,0.00022551668718173931,-0.19802141438630405,0.0014421278533897543
2016-09-07,0.00010723787971089655,0.09447754502939998,-0.006874042584665031,0.000225559157385531,-0.19805936175583547,0.0014421687983530768
2016-09-08,0.00010721121460158478,0.09447541058240386,-0.006874927035606534,0.0002255419763830404,-0.19808161092983714,0.001441226940211282
2016-09-09,0.00010718454050958851,0.09447947971815795,-0.006876399047035308,0.000225720525591023,-0.19805708420234064,0.0014399149659981875
2016-09-12,0.0001071672009617277,0.0944853789306288,-0.006877529549390903,0.00022582658032173296,-0.1980578109877295,0.0014390621733876353
2016-09-13,0.00010714123606225099,0.09448767216073041,-0.006879981514774938,0.00022578380803619822,-0.19800386526471694,0.0014387406113894649
2016-09-14,0.00010713364337375278,0.09448703567550325,-0.006881714051417899,0.00022584796225286603,-0.19797415859556655,0.0014389275128682054
2016-09-15,0.00010711326229640496,0.0944879433874305,-0.006883204214238738,0.0002258432111519393,-0.197928958978728,0.0014386399623862543
2016-09-16,0.00010709907587561569,0.09448712137464896,-0.0068854973078658205,0.00022594489386168753,-0.1979399824897698,0.0014377432043383939
2016-09-19,0.00010705848023727805,0.09448881052260127,-0.006886638184151382,0.000225770962094555,-0.19787476997553438,0.0014376043341118735
2016-09-20,0.00010702616930512068,0.09449115754673089,-0.006887894788098501,0.0002257375870445709,-0.1979230272371422,0.0014366607582395109
2016-09-21,0.00010699514309249352,0.094496425944501,-0.006889282145126099,0.0002256489691045336,-0.19791158357201583,0.0014366810271917558
2016-09-22,0.00010696691733231024,0.09449708579785122,-0.006889616974866031,0.00022559563212473898,-0.19792064146952543,0.0014360459555637845
2016-09-23,0.00010688462850232411,0.0944992450192067,-0.006889710368280244,0.00022562226814462012,-0.19796592530380414,0.0014362811463637015
2016-09-26,0.00010684096618105648,0.09450580488989131,-0.006890053203259451,0.0002256166401010068,-0.197973609496593,0.0014362381194660185
2016-09-27,0.00010682398458149435,0.09450340638461527,-0.0068920974470699425,0.00022564253274669254,-0.1979493824080923,0.0014353854387394347
2016-09-28,0.00010681292817053099,0.09449910211112225,-0.006893254908977385,0.00022575158657633197,-0.19795134836357656,0.0014355090176359146
2016-09-29,0.00010682935641553756,0.09450046176949807,-0.00689423213044043,0.00022575234662813024,-0.19793924325659548,0.0014346931105956864
2016-09-30,0.0001068151740759231,0.09450411405376416,-0.006894658702897785,0.00022576897248358883,-0.19795102579169074,0.0014346323810235468
2016-10-03,0.00010674927266685035,0.09450337203764982,-0.006896236193038406,0.00022571628668009646,-0.19793293176408058,0.001433973496665944
2016-10-04,0.00010674972062572309,0.09450391997840014,-0.006896907447631155,0.00022568346016288432,-0.19791025358126216,0.0014344142074796894
2016-10-05,0.00010670763710495612,0.09450759407201628,-0.006897199307008642,0.00022567760101147163,-0.1978628502248485,0.0014345877549905366
2016-10-06,0.00010665789053706392,0.09450739011585815,-0.00689862191297951,0.00022574935541548282,-0.19781039949336646,0.0014343368119640882
2016-10-07,0.00010668626870609871,0.09451749286743728,-0.006899811950216614,0.0002257282833908453,-0.19780707091944832,0.001434810691976622
2016-10-12,0.0001066532593209517,0.09451537115529557,-0.006900618953891589,0.00022586457434053985,-0.1978042783541844,0.001435865887143272
2016-10-13,0.00010668779099525427,0.0945156829073891,-0.006902378543613011,0.0002259285371002359,-0.1977755093427025,0.0014362236892788692
2016-10-14,0.00010661549119422834,0.09451366086021634,-0.00690321813927865,0.00022592792289709236,-0.19778744019461633,0.001436130382931452
2016-10-17,0.00010658436270263452,0.09451306855975222,-0.006904320341001443,0.00022600510988881226,-0.19778613168727704,0.0014352329297750714
2016-10-18,0.00010654411949021215,0.09451226041689147,-0.006905048917083545,0.00022594429878161656,-0.19780685740425424,0.0014342952198801286
2016-10-19,0.00010650990744327332,0.09451610415170397,-0.006906560730286241,0.0002261229773487309,-0.19782168030124203,0.0014343170788080587
2016-10-20,0.00010646595278899072,0.09451655881647068,-0.0069067232138390194,0.0002261187246005582,-0.19785016251268867,0.0014336827118907403
2016-10-21,0.00010636445395507027,0.09451514110376517,-0.006908508973769172,0.00022618084132803977,-0.1978833369547958,0.0014339155298024686
2016-10-24,0.00010635969571177305,0.09450504660938563,-0.006909836490756403,0.00022635196244036055,-0.1979438042980572,0.0014338618158871114
2016-10-25,0.00010638846058120393,0.0945060250697889,-0.006910255404791223,0.0002263385622617581,-0.19793677446471447,0.0014344517789297016
2016-10-26,0.00010641241582771087,0.09450306347610304,-0.006910681505856356,0.00022633421402504586,-0.1979262068666224,0.0014340485746894393
2016-10-27,0.00010642431114362051,0.09450720424330024,-0.006912599996079466,0.00022640280656959579,-0.1979729111036546,0.0014342346103074337
2016-10-28,0.00010646252046110969,0.09450854433882813,-0.006913351899064655,0.00022657801087148612,-0.1979663446973182,0.0014345014387766946
2016-10-31,0.00010646226246529121,0.09450308144346603,-0.006914895854584668,0.000226577221752737,-0.19791364787248733,0.0014341671254577244
2016-11-01,0.00010645114655907765,0.09450105680897437,-0.006915511974927372,0.00022674989150878324,-0.19791789959276593,0.0014351772637492153
2016-11-02,0.00010643342101712488,0.09450054862196827,-0.006917255583324293,0.0002266999222475011,-0.19793448617813308,0.0014356569736961385
2016-11-03,0.0001064457484937477,0.09450117693504839,-0.0069184219642888425,0.0002265850913620335,-0.19792326532582327,0.0014357826043045138
2016-11-04,0.00010649101577016601,0.09449648143402699,-0.00691974260386208,0.00022678724669288506,-0.19789984678858796,0.0014350127714846401
2016-11-07,0.00010654139474384741,0.09449515552166274,-0.006920999910265848,0.00022668793941713078,-0.19786339053554305,0.0014340586290878977
2016-11-08,0.00010644420569095662,0.09449462486905567,-0.00692213928929771,0.00022664978913617656,-0.19790119886558696,0.001434332606389522
2016-11-09,0.000106459861256362,0.09449381590769748,-0.006922805453297223,0.0002267722137024663,-0.19789207532519626,0.001434078865149779
2016-11-10,0.00010639701765589007,0.09448192063576538,-0.006923026971880519,0.0002266846865796543,-0.19785076523243722,0.0014342165898445483
2016-11-15,0.00010635327325206432,0.09447836943998224,-0.006923874552675828,0.0002268676789892974,-0.1978168771906696,0.0014345113221451307
2016-11-16,0.00010631159315992209,0.0944830814906663,-0.006924718766648645,0.00022691137982272015,-0.19779729069535942,0.0014354548719913687
2016-11-17,0.00010628265072891082,0.0944823533668164,-0.00692616961362387,0.00022682954863274506,-0.19779499494624703,0.0014347795869483445
2016-11-18,0.00010626913809491359,0.09448612866148184,-0.006926451506634587,0.0002269541968258777,-0.1977934655841571,0.001434851307448216
2016-11-21,0.00010624731016424254,0.09449027417387258,-0.006927372452094863,0.00022705792282666493,-0.19782684347810625,0.001434191406634665
2016-11-22,0.00010620331589223938,0.09449402380481023,-0.006929138218039899,0.00022713452124092234,-0.1978389996343831,0.001434547934517013
2016-11-23,0.00010621079014119496,0.09449118126045136,-0.006930654090723231,0.00022706350658052105,-0.19784346842614525,0.001433727882045619
2016-11-28,0.00010620474487336259,0.09449897310886865,-0.00693165399252867,0.00022729154591962322,-0.19784089087498347,0.001433505127471483
2016-11-29,0.00010620827268331897,0.09450252967700154,-0.006932666006892467,0.00022746493785929736,-0.19782856758328665,0.0014326255723753273
2016-11-30,0.00010620068399710661,0.09450811685114617,-0.00693463084309195,0.00022749012714115682,-0.19781070736189743,0.001432205847466318
2016-12-01,0.00010619510034653552,0.09451079410604397,-0.0069358286339045935,0.00022742987626661924,-0.19781265103938542,0.0014323533225541025
2016-12-02,0.00010625190247167237,0.09451342014614131,-0.006936571180656159,0.00022740518713430956,-0.19782475315412412,0.001432677266943804
2016-12-05,0.0001062066000002726,0.09451202158958728,-0.006937865315426031,0.00022759621012246353,-0.1978540540239712,0.0014339612021537279
2016-12-06,0.00010619171784709374,0.09451606160307785,-0.006939299224683085,0.00022789776884606658,-0.19787094678764758,0.0014328370892060776
2016-12-07,0.00010614132997081685,0.09451653539471971,-0.006940193877717539,0.00022777801454498405,-0.19783921309140398,0.0014333843459578897
2016-12-08,0.00010610552434375807,0.09452136855328233,-0.006941496577880773,0.00022786036645940877,-0.19788059860039894,0.0014331862578895384
2016-12-09,0.00010610389749075261,0.09452400925390987,-0.006942396469846012,0.0002279466276116037,-0.19786578113177122,0.0014323026808707676
2016-12-12,0.00010605430341286819,0.09452750981818012,-0.006943304170895297,0.00022805696553038852,-0.19788640698106663,0.0014319927394794096
2016-12-13,0.00010602666954717454,0.09453047943748351,-0.006943881750079271,0.00022816641794270196,-0.19790756412777094,0.0014318363760412538
2016-12-14,0.00010596139752734374,0.09452825120969587,-0.006945368646601216,0.00022811605931419705,-0.19788238510085174,0.0014316288940557681
2016-12-15,0.00010598039901809156,0.09453233949267091,-0.006946067815470666,0.00022822049515299213,-0.19787763877102166,0.0014317693491080739
2016-12-16,0.00010592531297699309,0.09453316055601267,-0.006946799549865264,0.00022807628017726874,-0.1979073150856883,0.0014313613160883705
2016-12-19,0.0001058543744125623,0.09453829277688666,-0.006948038029887336,0.00022840320016076268,-0.19786542218018982,0.0014312022772331057
2016-12-20,0.00010585397409370178,0.09454679761361823,-0.006948619447014881,0.0002284046056391347,-0.1978396442456281,0.0014321388240321452
2016-12-21,0.00010583677926100812,0.0945522103206668,-0.006949970040495903,0.00022852764005613398,-0.1978455756549818,0.0014331682882009833
2016-12-22,0.00010580358893308221,0.09455384302672575,-0.006951035656551797,0.0002286966781070238,-0.19783001699705172,0.0014333338235566592
2016-12-23,0.00010576746188418294,0.09455982393659518,-0.006951603859907509,0.00022874965599945716,-0.1978185304467386,0.001432166289255742
2016-12-28,0.00010567817097138817,0.09455580369917357,-0.0069526428208566094,0.0002289146407545721,-0.19779493641758858,0.0014320501090721838
2016-12-29,0.00010569789457948545,0.09455512845423716,-0.006954017075907918,0.000229091847973815,-0.19782827782541898,0.001431926262139357
2016-12-30,0.00010565553170728698,0.09455309202791741,-0.006955284745652478,0.00022913203642752788,-0.19783755562979685,0.0014324301816302939
2017-01-04,0.00010565158857936535,0.09455390820795495,-0.006956281381732382,0.0002292219349769407,-0.19786237305484422,0.0014320579385381012
2017-01-05,0.00010555984306814353,0.09455818707152279,-0.006956656499538625,0.00022924770702064239,-0.1978446058409185,0.001432023699082235
2017-01-06,0.0001055488786639869,0.09455890508250712,-0.006957914871449889,0.00022920646662299602,-0.19784395093235857,0.0014316259572657425
2017-01-09,0.00010546991765990694,0.0945604763786304,-0.0069587776772314855,0.0002289765752429352,-0.19784358391729498,0.0014309832306953613
2017-01-10,0.00010543667413603069,0.0945633059090248,-0.006960235505736865,0.00022903232283927227,-0.19786117626586922,0.001430183586450889
2017-01-11,0.000105353851320422,0.09456416802954132,-0.006961852988698248,0.00022904331714491445,-0.19784606550270883,0.001428904907077962
2017-01-12,0.00010530645019832819,0.09456622972633763,-0.006962818699228524,0.0002290681096669616,-0.19786237614860763,0.0014292275861320079
2017-01-13,0.00010526867199317151,0.09456561353658108,-0.006963632426283767,0.00022907938383162732,-0.19788648523124233,0.0014299124473357756
2017-01-18,0.00010526357969914624,0.09456206337989151,-0.006964751404073493,0.00022912871719237455,-0.1978482372460351,0.001429887227320856
2017-01-19,0.00010519233742414851,0.09456069825143325,-0.0069645055010314864,0.0002290012107153859,-0.19785315246637616,0.0014285826302141186
2017-01-23,0.00010510819309473527,0.09456213782708157,-0.006965892358749037,0.00022906138937962622,-0.1978101191286765,0.0014281053998146493
2017-01-24,0.00010511667058870219,0.09456835911488123,-0.006967169050545592,0.0002290455544863062,-0.19783620593120235,0.0014278973487725289
2017-01-25,0.0001051446020225665,0.09456848908258927,-0.0069680536433654305,0.00022921623820423387,-0.19788384255317726,0.001427242131339022
2017-01-26,0.00010521032779739985,0.0945667734565398,-0.006969436093523377,0.00022918353380171273,-0.19788173497111333,0.0014271738421388562
2017-01-27,0.0001051883127708513,0.09456953293658553,-0.006971006409043536,0.0002293353145700059,-0.1979240725148582,0.0014273106186974075
2017-01-30,0.00010524374000258054,0.09456997033074094,-0.006972285968864934,0.00022926903760627578,-0.19793312630162618,0.0014277354314476403
2017-01-31,0.00010522575542025411,0.09456352428723852,-0.006972648073264413,0.00022951840255593635,-0.19792797059421025,0.0014274440831658598
2017-02-01,0.00010519928809940819,0.0945665970478573,-0.006973415391551251,0.0002295749007290005,-0.19794694391103942,0.0014279220441424294
2017-02-02,0.00010517466837399983,0.09457189068830603,-0.006974113250506725,0.00022973334443006745,-0.197957805348969,0.001427511402377452
2017-02-03,0.00010508269609198854,0.0945735943279938,-0.006974913271650128,0.00022993483824563425,-0.19794993011388967,0.0014272557452918015
2017-02-06,0.00010509960817141123,0.09457618354481852,-0.006975328592115226,0.0002299833763649727,-0.1979663189580956,0.0014265651158794667
2017-02-07,0.0001050550691396298,0.09457684203135362,-0.006976347760735085,0.0002298849964742256,-0.19798634441850546,0.0014256314658178148
2017-02-08,0.00010502479391526665,0.09457357879326692,-0.006977050420446818,0.00023004210780233668,-0.19797192921369877,0.0014253489464488914
2017-02-09,0.00010497539175157106,0.09457918232589414,-0.006978419732993887,0.0002300865247900196,-0.19800923092392664,0.0014261809825730362
2017-02-10,0.00010494466082213638,0.09458139805893259,-0.006979377047735555,0.00023019006713106234,-0.19794862739487323,0.001425323011063241
2017-02-13,0.00010487418923662648,0.0945858307368076,-0.006980538261881551,0.00023030416728087998,-0.1979541268663089,0.001424947099165292
2017-02-14,0.00010483811423230531,0.09458795991426762,-0.006980654107608885,0.00023050659936070333,-0.19799716227615746,0.0014249984051726968
2017-02-15,0.00010478736010941413,0.09459347148079349,-0.006981443387115468,0.0002307028419521051,-0.19798049651872773,0.0014248071059009182
2017-02-16,0.00010477097812508585,0.0945995810877149,-0.0069822456092441375,0.00023055366365211274,-0.19801004460325458,0.0014251051538013762
2017-02-17,0.00010469498667187063,0.09459929386691356,-0.006982468884747632,0.00023057286683373127,-0.19802690070410242,0.0014249643476557992
2017-02-22,0.00010469733230848598,0.0945997558449428,-0.006982189685888105,0.00023079289754060484,-0.19802308578099267,0.0014255448171195382
2017-02-23,0.00010463394255637204,0.09459919195970215,-0.006983457161862673,0.00023086355531580255,-0.1979878225141945,0.0014254501175844307
2017-02-24,0.00010462061258549264,0.09460558855757323,-0.006985072641771,0.00023095777982887617,-0.1979667238845452,0.0014255050555748762
2017-02-27,0.00010458756995627913,0.09460800065317869,-0.006985388874264833,0.00023094112986071807,-0.19798682841021445,0.0014259541094504447
2017-02-28,0.00010460465606144404,0.09461060608866532,-0.006985680932464817,0.00023097875740865257,-0.1980098966252768,0.0014254706768061834
2017-03-01,0.00010457015676684058,0.09461394618841616,-0.0069861269212900135,0.00023103649398670983,-0.19797889778274338,0.0014248000910057252
2017-03-02,0.00010461087992645053,0.09461830284975609,-0.006986397246187177,0.00023107855993961463,-0.19799432177286,0.0014236014331486788
2017-03-03,0.0001045645125934065,0.09461818193990208,-0.006987468315977012,0.00023123890545244632,-0.1979935916620601,0.001423294200991908
2017-03-06,0.00010460526917246529,0.0946207669999707,-0.006988051114242919,0.0002312873012903421,-0.1979943507149578,0.0014237778072720552
2017-03-07,0.00010464157970529438,0.09462549004629994,-0.006988957326692637,0.00023121690657689387,-0.1980121647708465,0.0014231814563889654
2017-03-08,0.0001046064591072133,0.09463345669885095,-0.006989952978329981,0.00023119100997055385,-0.19800951127109637,0.0014234642049529961
2017-03-09,0.00010462272098450275,0.09463455606306309,-0.006989562207583537,0.00023141079683107024,-0.19799619233946122,0.0014231057050548318
2017-03-10,0.00010465204188635395,0.09463492608875869,-0.006990438511609245,0.00023143728738539272,-0.19796651719144753,0.001424247971426087
2017-03-13,0.00010453516475842507,0.09464126004197501,-0.006991199411905135,0.0002314616161128255,-0.19799868242334406,0.0014240571100622285
2017-03-14,0.00010454486586242905,0.09464308881880336,-0.0069920241655818515,0.00023146341066522557,-0.1979576469487793,0.0014234248009203359
2017-03-15,0.00010454648247817318,0.09464579360989578,-0.006992562021651361,0.0002315381915663344,-0.19788700218983754,0.00142452365268998
2017-03-16,0.00010457992361824779,0.0946453280633063,-0.006994442979627925,0.00023155088206092725,-0.19787693520579736,0.001423857165299979
2017-03-17,0.00010455042678280149,0.09465052373026284,-0.006995669337863082,0.00023159507010490365,-0.1978229879834037,0.001424960339540148
2017-03-20,0.00010460387402518651,0.09465701927940948,-0.006996564122496255,0.0002315504871424403,-0.19780608940666736,0.0014236786437206812
2017-03-21,0.00010461800728793497,0.09465977193783907,-0.0069977256931660035,0.00023166652375035868,-0.1978240860874222,0.0014242926638181562
2017-03-22,0.0001045308646690678,0.09466087932962446,-0.006998982973995781,0.00023172970585886926,-0.19784902307138374,0.001424875669897322
2017-03-23,0.00010456895332106698,0.09465985784106652,-0.007000047093117779,0.00023176295442783274,-0.19783352359503548,0.0014249582464629733
2017-03-24,0.00010452110600767276,0.09466404510981766,-0.007001133360081542,0.00023174582143013596,-0.19784665131532625,0.0014239205585657446
2017-03-27,0.00010449306565716685,0.09466853788881359,-0.007002275955728423,0.00023188781665737184,-0.19780305418803942,0.0014239144575039706
2017-03-28,0.00010440246030941083,0.09467440522278375,-0.007003016059710831,0.00023180894402845655,-0.19780595794731773,0.0014237966456434367
2017-03-29,0.00010435529327393919,0.09468119943086563,-0.007004073108975906,0.00023171291861682483,-0.19780205238304205,0.0014242983994357365
2017-03-30,0.00010431971575720083,0.09469002964812892,-0.007005009970565745,0.00023193906503872507,-0.19777608718732967,0.0014241778790548382
2017-03-31,0.00010430354594287466,0.09468877683491081,-0.007005734811411364,0.0002320162682566808,-0.19779176353457076,0.0014242651614197795
2017-04-03,0.00010427564014073179,0.09469574475199907,-0.0070066939451501045,0.0002322157145528663,-0.19775570221782562,0.001423828548312011
2017-04-04,0.0001041835989878957,0.09469575226032925,-0.007006917980363592,0.00023223150622626973,-0.19777095389828683,0.001423503784836678
2017-04-05,0.00010415963112107699,0.09469325182904298,-0.007007394712585059,0.0002323447680980031,-0.19778313966411853,0.0014233094402844122
2017-04-06,0.00010403774601472502,0.09469673054349977,-0.007008935992140252,0.00023244295340346332,-0.1978135214253785,0.001424010810093384
2017-04-07,0.00010400062614288012,0.09469711378227462,-0.007009535732280521,0.00023246022740042356,-0.19778059689840166,0.0014244400769307778
2017-04-10,0.00010396277207843435,0.09469851681187598,-0.007011375860910865,0.0002326037655914208,-0.1978095921127627,0.0014238885011296427
2017-04-11,0.00010390204019323888,0.09470426255740672,-0.007012367930700008,0.000232638346595637,-0.19779178016326981,0.0014240543811472046
2017-04-12,0.00010386421589402428,0.094700535004918,-0.007013667319472316,0.00023276360190435598,-0.19777140784736244,0.0014243486460182536
2017-04-13,0.00010384388342825346,0.09471696198225323,-0.007013992683265347,0.00023290188896445672,-0.19778261380055764,0.0014240846163125274
2017-04-18,0.00010381612009803842,0.09472385424844124,-0.007015936961985474,0.0002329870649181939,-0.19776795497070182,0.0014236892171465957
2017-04-19,0.00010375251163114766,0.09473051000437474,-0.00701705451934077,0.00023303624076164987,-0.19777859467068495,0.001423692494150552
2017-04-20,0.00010378320422123948,0.094729683429447,-0.007018628751492881,0.00023298836878893832,-0.19782349011268724,0.001422585952649629
2017-04-21,0.00010376707081234786,0.09473727501347813,-0.007020341008062098,0.00023297890243505591,-0.19787810154451557,0.0014229624981107075
2017-04-24,0.00010372320291584324,0.09473929892692073,-0.0070204672230451,0.00023305788569605524,-0.19791691870191164,0.0014225021026364963
2017-04-25,0.00010366003707849058,0.09474485768129401,-0.007020823602606958,0.0002330161104304008,-0.19795843006878852,0.001422181114819172
2017-04-26,0.00010358091314633351,0.09475021288636182,-0.007021288809737174,0.00023288011915707871,-0.19792939814381216,0.0014222617434481656
2017-04-27,0.00010360289131072148,0.09475506985465948,-0.007022090507727256,0.00023286176123603385,-0.19794333363725206,0.001423553722655335
2017-04-28,0.00010353197417558548,0.09475732589877348,-0.007022422247792242,0.00023297698149570792,-0.19794364898319664,0.0014238212103392196
2017-05-01,0.00010351984680865894,0.0947609866490809,-0.00702299861431643,0.0002330785757550875,-0.19791191522208285,0.0014236449674134653
2017-05-02,0.00010350866809482527,0.0947622888981606,-0.007023213303041543,0.00023300911542818492,-0.19793958511309448,0.0014226517023193995
2017-05-03,0.00010350015244109894,0.09476508585189646,-0.007023661387525222,0.00023304032781511387,-0.19794275374624104,0.0014218269174457454
2017-05-04,0.00010346766127035331,0.09477167250773719,-0.00702488104337492,0.0002331781843989866,-0.19792006252328415,0.0014225626831904602
2017-05-05,0.000103368455066306,0.09477425357672513,-0.007025024176545942,0.00023327296866872731,-0.19792935959046667,0.001421489176818969
2017-05-08,0.00010329264178390263,0.09477598506478023,-0.007025350894154115,0.00023333866665039028,-0.19792357880603004,0.0014213416063071417
2017-05-09,0.0001032753418415688,0.09477651609853566,-0.00702577324804318,0.00023323718254310142,-0.19797690096688703,0.0014214212432668014
2017-05-10,0.0001032665737677062,0.09477528883523459,-0.007027523038125353,0.00023318714062494077,-0.1979744768250079,0.0014220365515625558
2017-05-11,0.00010321677710266013,0.0947781733172945,-0.0070280950912662305,0.00023324038818791935,-0.19796285810182532,0.001421828832814543
2017-05-12,0.00010325081559093343,0.09478219716533676,-0.007028491506355164,0.00023334084603465478,-0.19797465303671288,0.0014223559116010385
2017-05-15,0.00010321918082480514,0.09478314917834635,-0.007029337908169392,0.00023345600460270423,-0.19792761737112577,0.0014231042281841386
2017-05-16,0.00010322043126276492,0.09478712088045006,-0.00703028736802836,0.00023348799493746818,-0.19794296558567015,0.0014228659579507323
2017-05-17,0.00010314842840940892,0.09478879039831477,-0.007030485805793359,0.00023369186132705613,-0.19788374034350628,0.0014230213265699874
2017-05-18,0.0001031305284806661,0.0947917969089618,-0.00703107707657019,0.00023384616221203944,-0.1978903701824225,0.0014222325430853003
2017-05-19,0.00010317945765358234,0.09479658202565547,-0.007031786607716283,0.00023387840654966085,-0.1978499150862726,0.0014224525574945872
2017-05-22,0.00010314541960236737,0.09479976420661106,-0.007032277421495306,0.00023391987389737286,-0.19785927605884585,0.0014227414522924836
2017-05-23,0.00010314304937344008,0.09480303705471314,-0.007032949520275521,0.0002339333839823423,-0.1978795901096003,0.0014227205461940198
2017-05-24,0.00010312315158281745,0.09480928265909756,-0.007035187375667329,0.00023394981519458925,-0.19784787940725723,0.0014218079777867925
2017-05-25,0.00010312179651931222,0.09481175543823946,-0.007036190381346745,0.00023402145933016028,-0.19788329522553033,0.0014216170851523182
2017-05-26,0.00010309603031123054,0.09481978202432745,-0.007037712477153295,0.00023414212876070773,-0.19791426490869113,0.0014220626783464888
2017-05-31,0.0001030849213652227,0.09482558046450268,-0.007038249283202801,0.00023418770068074594,-0.19792191361908978,0.0014213785713185062
2017-06-01,0.00010300921586623543,0.09482784279307094,-0.0070393930539894775,0.00023430157088394772,-0.19797506830855136,0.001420653150967385
2017-06-02,0.00010300047125827448,0.09483178627345096,-0.007041052969130994,0.0002342223399811491,-0.19803649227404263,0.001419997915282205
2017-06-05,0.00010297654465625965,0.09483083082607736,-0.007042583337050167,0.00023432278466052365,-0.19804400319547621,0.0014193664334297964
2017-06-06,0.00010298368594691639,0.09483718698723662,-0.007043291627777402,0.00023441464402979467,-0.19800807542646368,0.0014182134087829979
2017-06-07,0.00010296922429429961,0.09484042145512098,-0.007044410155922455,0.00023458851290969007,-0.1980492444520707,0.0014169198339078612
2017-06-08,0.0001029393484565934,0.09484832333742653,-0.007045529468985468,0.000234629621525628,-0.19806144457054192,0.0014157071414070915
2017-06-09,0.00010286407221562021,0.09484530044453704,-0.007045699883478779,0.00023475711634186056,-0.19803194555194997,0.0014155258083016205
2017-06-12,0.00010283593998594931,0.0948540377195402,-0.0070473248510861,0.00023485037818967412,-0.19800587328024044,0.001415177513535021
2017-06-13,0.00010283696002133673,0.09486284606269507,-0.007048066627961128,0.00023481813532378207,-0.19801957258657835,0.0014159654941128415
2017-06-14,0.00010276846292730843,0.09486315611328926,-0.007048704561451781,0.00023491647954134608,-0.1980353037187734,0.0014150537070331893
2017-06-15,0.00010278064749026366,0.09486734520925559,-0.007049872585170222,0.00023504626358091787,-0.1980477404391448,0.0014144016486389173
2017-06-16,0.00010272277923195846,0.09486723262411774,-0.0070509884333540595,0.00023528077953560082,-0.19808022499399244,0.0014148451963712297
2017-06-19,0.0001027247200858406,0.09487597957746291,-0.007051854361872616,0.00023541326718765494,-0.19810185228663652,0.0014147278603002286
2017-06-20,0.00010265276879159586,0.09487653034153973,-0.00705231452576372,0.00023543941961813141,-0.1980661403919628,0.001414389212690438
2017-06-21,0.00010264627068691485,0.09487559152549167,-0.007052723997564369,0.00023551929239722043,-0.19807190344661538,0.0014138268123723044
2017-06-22,0.00010263070583057193,0.09487832263736318,-0.007053698354024085,0.00023570113518173516,-0.198089540555862,0.0014134510601999824
2017-06-23,0.00010258853627548002,0.09488079757439134,-0.007053513313424333,0.0002357159206699005,-0.1980933777854974,0.0014130681992936462
2017-06-26,0.000102582715593717,0.09488716104967332,-0.007054395155841753,0.0002356557927912744,-0.19803510375059447,0.0014134446129320812
2017-06-27,0.00010252310559998406,0.09489128800864204,-0.007055345936151364,0.00023567922856651321,-0.19806989185759274,0.001413517579405082
2017-06-28,0.00010249974281471488,0.09488863124067606,-0.007054718597534361,0.00023587833354757256,-0.1980866919366409,0.001413291737673391
2017-06-29,0.00010243762356449746,0.09488923806782326,-0.007055759493354555,0.00023594977905651288,-0.19816143295032232,0.0014134178311066255
2017-06-30,0.00010244213645977067,0.09489476039352275,-0.0070560642508991946,0.00023620394590150663,-0.19818742236450154,0.001412983881153518
2017-07-03,0.00010239889214987323,0.09489652564268918,-0.007056706145140966,0.00023630869848717003,-0.19819337417969313,0.0014120243125048913
2017-07-06,0.00010240682173367207,0.09490087728661661,-0.00705771607137012,0.00023644708376477803,-0.1981954379520325,0.0014118458389516405
2017-07-07,0.00010237529064629769,0.09489653236256336,-0.007058506508784104,0.00023650196673780132,-0.19816211623715294,0.0014104157591606774
2017-07-10,0.00010233941718542824,0.09489998993350544,-0.007058975173424137,0.00023655323457572633,-0.19815362269226383,0.0014102481861354612
2017-07-11,0.00010233158546942,0.09490594983127598,-0.007059992173284468,0.0002366442362489341,-0.19817860608545754,0.001409691333236548
2017-07-12,0.00010227986746317805,0.09490712759769615,-0.007060433337136905,0.0002366350353882037,-0.1982071470423431,0.0014091923208251495
2017-07-13,0.0001022584508702685,0.09491450523102195,-0.0070608827940642546,0.00023683888405527442,-0.19820150546798893,0.001409434979691691
2017-07-14,0.00010220701432069127,0.09491753059882799,-0.007061832176847482,0.00023695753884175424,-0.19819410078073432,0.001408546344092398
2017-07-17,0.00010213234779401085,0.09491941165597952,-0.007063251570855759,0.00023701601734833685,-0.19822121930548486,0.0014073869075607683
2017-07-18,0.00010208313675279972,0.09492027126352542,-0.007063946566319316,0.0002371148910503471,-0.19823752734758407,0.001406858484597237
2017-07-19,0.00010205551832728316,0.0949248856513587,-0.007064411374360187,0.0002370917485633906,-0.1982318439519054,0.0014063295966752392
2017-07-20,0.00010204102900788826,0.09492756828094234,-0.007065049988933293,0.00023704912830467832,-0.19823027668096466,0.0014058995304965269
2017-07-21,0.00010199963766886983,0.09493529538119902,-0.007065995781182369,0.00023721950739758477,-0.19823462614696266,0.0014067742815120031
2017-07-24,0.00010203357944729522,0.09493739576522717,-0.007066542748559867,0.0002373416738736031,-0.1982340705847219,0.0014056462424670555
2017-07-25,0.00010195585714811436,0.09493824074465912,-0.007068166038124011,0.0002376508301433053,-0.19826430672178896,0.0014051763980064188
2017-07-26,0.00010190329946484969,0.09494367991578398,-0.007069387968539098,0.00023791388698710982,-0.19827495005630882,0.0014053783970012846
2017-07-27,0.00010190201452115872,0.09494608590004924,-0.007070696008877637,0.00023798592616872775,-0.19827487715342,0.0014054884491919884
2017-07-28,0.00010181804268614252,0.09495369222368201,-0.007071903821642476,0.00023798908814257045,-0.19825162110712474,0.0014046237844470139
2017-07-31,0.00010179183896744582,0.0949596957803926,-0.007072714401380164,0.00023810707599865639,-0.1982400791342126,0.001404163714466911
2017-08-01,0.00010178896500015061,0.09495916050328418,-0.007073257998575024,0.00023842229168023987,-0.19828349239302479,0.001404462902972663
2017-08-02,0.00010169578802755691,0.09496525073557005,-0.007073628486520667,0.00023842782018081572,-0.19830692646779183,0.0014036102344949894
2017-08-03,0.00010167442459927584,0.09496782816359599,-0.007074369377803775,0.00023844991504944714,-0.198318813534129,0.0014027396053364304
2017-08-04,0.00010159700999173927,0.0949678335907996,-0.0070753992819060476,0.00023840898697238578,-0.1983305390775956,0.0014028424738863935
2017-08-07,0.00010157296761320151,0.09497621013347968,-0.007075964863703781,0.00023847412781878238,-0.1983866160832342,0.001403407348467456
2017-08-08,0.00010148311798231385,0.09497775057450976,-0.007076813189424708,0.000238458403910339,-0.19832427056204563,0.0014033313924518222
2017-08-09,0.00010143212925367661,0.09498166759276051,-0.007077543259896705,0.0002385285860461212,-0.1983182791983526,0.0014031854050635614
2017-08-10,0.00010141000404017895,0.09497944317816928,-0.007078674451752356,0.00023855547344326077,-0.19830038465626706,0.0014028855696502853
2017-08-11,0.00010140615977322213,0.09498217715919698,-0.007078889302166319,0.0002387117478105683,-0.1983042564859475,0.0014036701551488923
2017-08-14,0.00010135234416172307,0.09498245024933871,-0.007079565591417844,0.00023876846264558513,-0.19831187958339885,0.001403837815665387
2017-08-15,0.00010132314954180997,0.09498815862347315,-0.007079299998552797,0.00023905492213991932,-0.19829776275400407,0.0014034527505839697
2017-08-16,0.00010124419658883963,0.09499700835116025,-0.007080082768986865,0.0002391197493980097,-0.19830181249627535,0.0014030240573230004
2017-08-17,0.00010128993217093663,0.09500218427048875,-0.0070808180146261866,0.0002392347583046425,-0.19832112527718704,0.001401974547626118
2017-08-18,0.00010132347703684353,0.09500527203423968,-0.007080775714119575,0.00023915944452997632,-0.19835073482442467,0.0014014564840105126
2017-08-21,0.00010123501467571426,0.09500866770820623,-0.0070808963225159685,0.00023916891095391186,-0.1983160490528717,0.0014013266342462313
2017-08-22,0.00010123878743054607,0.09500602849342404,-0.007080876570743775,0.0002394056386255869,-0.19830247848928592,0.001400734272137527
2017-08-23,0.00010127224897230714,0.09500630013374478,-0.0070816968328655285,0.0002395078758557784,-0.1982691148304455,0.001401770020663598
2017-08-24,0.00010119127142340918,0.09500988774677273,-0.007081871557570188,0.0002394598054423474,-0.19828163510487046,0.001401668351085395
2017-08-25,0.00010116583406421374,0.09501381176847498,-0.007082657273014948,0.0002395110978355672,-0.19831015752267167,0.0014006269180793995
2017-08-28,0.00010117357397574625,0.09501838007046406,-0.007082706052662656,0.0002395111887862576,-0.19830771482815465,0.0014004007748984666
2017-08-29,0.00010112758402269179,0.09502126667811903,-0.007082758445394126,0.0002396358382202497,-0.19827582442709077,0.0013996420636914581
2017-08-30,0.00010107613083489922,0.09502392599820808,-0.007083478868167707,0.00023973942485507825,-0.19824947445074104,0.001399017070100976
2017-08-31,0.00010110373960307766,0.0950358701743413,-0.007084083306367712,0.0002398555871054853,-0.1982339732149912,0.0013976957668369188
2017-09-01,0.00010105765382717207,0.09504357369535286,-0.007084878032108112,0.00023994488384690484,-0.19828276764764435,0.00139686249178196
2017-09-06,0.00010092043789771892,0.09504213811836201,-0.007085348501330857,0.00024013743540092026,-0.1982896075057893,0.00139664133090073
2017-09-07,0.00010083723909373033,0.09504631066064016,-0.007085130650598251,0.00024026368869671977,-0.19833699922422005,0.0013955963386037802
2017-09-08,0.00010082551218735757,0.0950492471350504,-0.007085427726443225,0.0002402335094224965,-0.19835462321993852,0.0013954347542936732
2017-09-11,0.00010082801422138072,0.09504902575725944,-0.007086215115024569,0.00024031023227796456,-0.19833905841772753,0.0013953323865851135
2017-09-12,0.00010078043769129046,0.0950501623761272,-0.007087868636323058,0.00024048387766462175,-0.1982949127191298,0.0013958590843791223
2017-09-13,0.00010078669828604134,0.0950543905944469,-0.00708862846074124,0.0002407570957516483,-0.198285562065326,0.0013955406468927835
2017-09-14,0.00010071789356247502,0.09506300376206958,-0.007089602905845293,0.00024088256830336714,-0.1983177049731383,0.0013943854682792545
2017-09-15,0.00010069875504205296,0.09506496062433734,-0.007090295038024216,0.0002410167327018014,-0.1983234035892025,0.0013940015009587233
2017-09-18,0.00010067028268881479,0.09506850820392651,-0.0070890544947575145,0.00024113017940507824,-0.1983163724048843,0.001393793921698452
2017-09-19,0.00010060388717249211,0.09507527746157025,-0.00708989642430383,0.00024115913379740722,-0.1983260199452614,0.0013937506630918993
2017-09-20,0.0001005901259794731,0.0950741922062563,-0.007091264818020026,0.00024114648216646173,-0.19829015655235624,0.0013926216068007868
2017-09-21,0.00010054840378740828,0.09507747428318085,-0.00709239222114978,0.00024125298764688622,-0.19829437277581344,0.001392887295049198
2017-09-22,0.00010048330103185803,0.09507662160138253,-0.007093035043355674,0.00024146990911437884,-0.1982874657844271,0.00139184377199159
2017-09-25,0.00010045028338641672,0.09508271619955082,-0.007093867085046307,0.00024157640808534814,-0.1982454361573912,0.0013920717381472366
2017-09-26,0.00010038348714864619,0.09508738549403473,-0.0070943385985081184,0.0002417112322834051,-0.1982337801251223,0.001391897694027763
2017-09-27,0.00010033055261557722,0.09508995471793591,-0.007095053931419332,0.00024178182161829965,-0.19821057127604522,0.0013912343878375291
2017-09-28,0.00010025874385134531,0.09509060679260561,-0.007096176788011282,0.0002419497769808328,-0.1982320329056982,0.001391206535203942
2017-09-29,0.00010018330238856402,0.09509388105949745,-0.007096150739132405,0.000242054151085411,-0.19822530652461234,0.0013885808967754776
2017-10-02,0.000100170486490341,0.09510121479030428,-0.007096886556758093,0.0002423352512196791,-0.19820730845508733,0.0013893679535890641
2017-10-03,0.00010018150200231244,0.09510168275174745,-0.007097329402377922,0.00024244391458626199,-0.19823546114055654,0.0013892454679472377
2017-10-04,0.00010020408372670435,0.09510968022712199,-0.007098407080107948,0.0002426489443725405,-0.19820819548117155,0.001388997391049561
2017-10-05,0.00010021313889670054,0.0951073634237107,-0.007098575417021356,0.00024274245459478011,-0.19821356655066516,0.001388581157081931
2017-10-06,0.00010019443604504416,0.0951061888338397,-0.007100113591730498,0.00024277439559598405,-0.1982196536300113,0.001387256485141782
2017-10-11,0.00010014966969637522,0.09511370545658455,-0.007101314225585487,0.00024298803735535812,-0.19821496519329196,0.0013863587763996868
2017-10-12,0.0001000608513998662,0.09511873200467222,-0.00710249288577074,0.00024316846672450164,-0.19822190142186424,0.0013864479663565047
2017-10-13,9.999053909757761e-05,0.09511931105190659,-0.00710423358740732,0.00024324865793845358,-0.19820373106734632,0.0013866480091826042
2017-10-16,9.997399389159062e-05,0.09512357398559121,-0.007104856205763628,0.00024339095707610165,-0.19820328240678065,0.0013869177608961752
2017-10-17,9.990852573783213e-05,0.09512958796881506,-0.007105348711427513,0.0002434715392486731,-0.19820501742612937,0.00138704839942482
2017-10-18,9.98199868787383e-05,0.0951291425326833,-0.00710562701909341,0.00024340701415069657,-0.19821393029894196,0.0013862761826780399
2017-10-19,9.979328898222118e-05,0.09513321247589682,-0.0071065177437897985,0.00024348649778033215,-0.19820148333743742,0.0013860504384924594
2017-10-20,9.980276811078647e-05,0.09513531554250658,-0.007106888193994779,0.00024375902984434054,-0.19817059049886304,0.0013863191288055684
2017-10-23,9.973048228465494e-05,0.0951387894176868,-0.007107487604536147,0.00024373089909150708,-0.19819806229392375,0.0013868356060674507
2017-10-24,9.968952109372549e-05,0.09514416036701433,-0.00710811475412621,0.00024400741583022106,-0.19813561412974953,0.001386115568699667
2017-10-25,9.96504953527603e-05,0.09515232892813201,-0.007109643170648839,0.00024407408949168137,-0.19813102160931387,0.0013847416641299265
2017-10-26,9.960515242811182e-05,0.09516094019724149,-0.007111311590878391,0.0002442085448625884,-0.19812632844028708,0.0013838959576975116
2017-10-27,9.956000844955905e-05,0.09516062499610384,-0.007111551631797017,0.0002442777669957597,-0.19814973595657678,0.0013834713883830137
2017-10-30,9.951172181593061e-05,0.09516575593570548,-0.0071128168503646885,0.0002442453985447841,-0.19815663250175597,0.0013828646851432758
2017-10-31,9.946735744969331e-05,0.0951686990118166,-0.007114001322148551,0.0002442218274959578,-0.1981336349644419,0.0013817579823836828
2017-11-01,9.948222369370075e-05,0.09517247631201073,-0.007114866322447083,0.00024437491189712053,-0.19817061660523333,0.0013816047401785055
2017-11-02,9.94496863686923e-05,0.09517874676439654,-0.007115857349158615,0.0002443865840800784,-0.19824523205524322,0.0013816784872598873
2017-11-03,9.938202334358956e-05,0.09518321095314566,-0.007116790940305192,0.00024445466833321496,-0.1982350376201507,0.0013818721813058173
2017-11-06,9.937679016482371e-05,0.09518527169827025,-0.0071173997088463,0.00024449988364994024,-0.1982339282689024,0.0013810432849189205
2017-11-07,9.926970396998907e-05,0.09518425381435802,-0.007117965338691253,0.0002446850888376685,-0.19823179742613806,0.0013797905807411358
2017-11-08,9.923900872684923e-05,0.09518993195478535,-0.007119249022739491,0.00024475340272637645,-0.19822199372268928,0.0013787405442856314
2017-11-09,9.918614246323997e-05,0.0951988562023798,-0.00712022786188256,0.0002447730873241552,-0.19823240907228246,0.001378436065270588
2017-11-13,9.918821461517153e-05,0.09520224346149009,-0.00712132439839507,0.0002446446235063592,-0.19826266989034175,0.0013777884125596072
2017-11-14,9.918782407752756e-05,0.09520250519085802,-0.0071225737326135186,0.0002447830626741434,-0.19831152577101652,0.0013767675769553686
2017-11-15,9.913567229474408e-05,0.09520530294927922,-0.007123532988307537,0.00024471521104025705,-0.19829938153524024,0.0013766549800515362
2017-11-16,9.904694567656168e-05,0.09520829026641607,-0.007123752046957168,0.0002447313234952861,-0.198294278151121,0.0013764469009061094
2017-11-17,9.907997304376017e-05,0.09521571561272843,-0.007124688307942126,0.0002447541233282455,-0.19830079224279618,0.0013757854927999012
2017-11-20,9.910593527731467e-05,0.09521779830681416,-0.007125469710037354,0.00024497025258667836,-0.1982931000598192,0.0013747547463544467
2017-11-21,9.906283461082839e-05,0.09522034678519958,-0.0071264072772688255,0.00024482811163266995,-0.19828014028265817,0.0013748966159306117
2017-11-22,9.905314562896786e-05,0.095227014009314,-0.00712572637843921,0.0002449150303950696,-0.1982878298635988,0.0013743557287567033
2017-11-27,9.901853748723322e-05,0.09522776630627088,-0.007126388283660322,0.0002448460577154363,-0.1982816784212248,0.001374091151408043
2017-11-28,9.901080759454235e-05,0.09523456236593779,-0.00712712701086536,0.0002447087998812315,-0.19826453976860448,0.001373427878013208
2017-11-29,9.896934661565456e-05,0.09524395271176753,-0.0071274420307782735,0.0002448359638482547,-0.1983079433122226,0.001370938243933054
2017-11-30,9.897916631099689e-05,0.09524761319493559,-0.00712830187751607,0.00024503987721044833,-0.19833604893557094,0.0013708195640845977
2017-12-01,9.899454863772505e-05,0.09525447379069582,-0.00712973818679449,0.00024523675946699853,-0.19834180176721167,0.0013699452969275791
2017-12-04,9.894033219232105e-05,0.09526113049052011,-0.007130905800112508,0.0002452476182744207,-0.1983483005574937,0.0013695102921874624
2017-12-05,9.890666956894746e-05,0.09527010556393412,-0.007131380979492718,0.00024537736814411217,-0.19836241584933015,0.0013694265480372217
2017-12-06,9.88671426325243e-05,0.09527491725207732,-0.007131913883073196,0.00024542423533797,-0.19834730018022648,0.00136828180410067
2017-12-07,9.876763202940529e-05,0.09528086448708652,-0.007133266714704973,0.00024543727982054145,-0.19835925172578275,0.0013660676460125131
2017-12-08,9.872068839384386e-05,0.09528839346636901,-0.0071334578512976185,0.00024546045568615013,-0.1983579055992141,0.0013662826817871006
2017-12-11,9.869005992258022e-05,0.09528837941188877,-0.007133446495642372,0.00024567647155095216,-0.19835289213847834,0.0013660164518874338
2017-12-12,9.869131074030716e-05,0.09528961222604913,-0.0071336302159930405,0.00024568875828168016,-0.19837232490399884,0.0013648598051544086
2017-12-13,9.86157611104976e-05,0.09529464554276247,-0.007134575624062266,0.0002457693476799597,-0.19833650861625252,0.0013637470001028225
2017-12-14,9.855549389173419e-05,0.09529596923884716,-0.007136197464917338,0.0002458256083773656,-0.1983678086246095,0.0013619438944999403
2017-12-15,9.853652680899285e-05,0.09529448623833596,-0.007136676724576902,0.0002459438394636107,-0.1983730039716231,0.0013613415782796697
2017-12-18,9.848534586108343e-05,0.09530176927215962,-0.007137389863819337,0.00024599362072168587,-0.19838660602520114,0.001362641894263825
2017-12-19,9.841130811040465e-05,0.0953083053605335,-0.00713779374502122,0.0002459771015326812,-0.19839486808215234,0.0013609100382673096
2017-12-20,9.83935117953824e-05,0.09531324537764632,-0.007138831977819879,0.0002461108524021288,-0.19839204860038606,0.0013608684376821838
2017-12-21,9.838559663557845e-05,0.0953237268171054,-0.007140115706412838,0.00024626804523225453,-0.19841028490993634,0.001360911653693109
2017-12-22,9.832426789908896e-05,0.0953293322599467,-0.007140816915166725,0.0002465202056724101,-0.1984193005898781,0.0013589299676538852
2017-12-27,9.823451311795176e-05,0.09533298857351932,-0.007141805699523387,0.0002465585653161073,-0.1984408586387616,0.0013582176136465109
2017-12-28,9.824634570550405e-05,0.0953377361496139,-0.007141735278592306,0.00024683814127207464,-0.1984414079815012,0.0013567183893237764
2017-12-29,9.818138121047299e-05,0.09534575570461812,-0.007142955932654791,0.00024700451183655165,-0.19847501195412998,0.001355771859066636
2018-01-03,9.819191072352171e-05,0.09535223600246126,-0.007143462091131201,0.0002471090366599036,-0.19847053982271923,0.0013546084811975477
2018-01-04,9.813992468268194e-05,0.09535569226609966,-0.007144601243429524,0.0002472045956657984,-0.1984852605222897,0.001353159883908134
2018-01-05,9.811394057597481e-05,0.09536298268772352,-0.007145405435091184,0.0002475163321186484,-0.19847183432283771,0.001352467073439336
2018-01-08,9.807442998698941e-05,0.09536826467591086,-0.0071452347141036,0.00024752488050952336,-0.19843219706901963,0.001351066804559591
2018-01-09,9.804112689575546e-05,0.09536924826602289,-0.0071454496257306365,0.0002477973656916616,-0.1984068783477123,0.0013496426330515182
2018-01-10,9.797655402227074e-05,0.09536805331122937,-0.007146060813869466,0.0002476811952220417,-0.19842558361264664,0.0013477743481070765
2018-01-11,9.78912206516364e-05,0.0953779444107233,-0.007147110691977821,0.00024774445323159347,-0.19848075784487523,0.0013479444836041808
2018-01-12,9.781447526281986e-05,0.09538741510108002,-0.007148070307948307,0.00024780741378662606,-0.19856309574370826,0.0013465149005521444
2018-01-17,9.774068020513006e-05,0.09538770533618024,-0.007148901749896008,0.00024795149374731067,-0.19853311075325078,0.0013460163598028303
2018-01-18,9.773181279148484e-05,0.09539496484842702,-0.007149610080427019,0.00024816852479937935,-0.19856296619307118,0.0013463146635745169
2018-01-19,9.76932635381852e-05,0.0953966698614237,-0.007150201568771646,0.0002481425548942298,-0.1985767636564154,0.0013449292897793814
2018-01-22,9.771801219722163e-05,0.09539708351682255,-0.007151085891838729,0.00024822447889626164,-0.19859690384155715,0.001343974228973288
2018-01-23,9.766359475904249e-05,0.09539793692680962,-0.007151868794627776,0.00024824851840089265,-0.19859197391222314,0.0013428486776176996
2018-01-24,9.765679820526725e-05,0.09540077032979899,-0.007152555395989938,0.0002483250718306971,-0.19856414335672987,0.0013422847359604168
2018-01-25,9.750663145360464e-05,0.09540596987692186,-0.007153849692114111,0.00024844664469877845,-0.19861527208322294,0.0013406684022663757
2018-01-26,9.746975289629995e-05,0.09541027928356868,-0.007154561498427721,0.0002485345672382745,-0.19863707989923124,0.0013393591062872657
2018-01-29,9.743627591338072e-05,0.09541393880070408,-0.007154807198615172,0.0002486181476939879,-0.1986245985335381,0.0013384580721076326
2018-01-30,9.739695064793698e-05,0.09542142310504854,-0.007155299698971285,0.00024870250818078386,-0.19863193005468194,0.0013382851344291146
2018-01-31,9.737273473132789e-05,0.0954288091674095,-0.0071563564697164,0.0002488789406272754,-0.1987236823873769,0.0013379634088451936
2018-02-01,9.739341799430377e-05,0.0954314864248163,-0.00715667017540331,0.00024913068913814365,-0.19873269274144825,0.0013378912607513907
2018-02-02,9.732359473500436e-05,0.09543118569882429,-0.007156863125181623,0.0002493815409062184,-0.19874016246198217,0.001336737240013351
2018-02-05,9.726654484363073e-05,0.09543885153897153,-0.0071579725261294675,0.00024939181471930316,-0.19873109774298786,0.0013369665913066755
2018-02-06,9.720743848561951e-05,0.09544146671025718,-0.007158524008670724,0.0002497277270489048,-0.19874791258412033,0.0013365043365253025
2018-02-07,9.72032118627029e-05,0.09544868750000869,-0.0071601228307828935,0.00024985751385382654,-0.19877530867880167,0.0013357783479660068
2018-02-08,9.716686704396066e-05,0.09545372155899709,-0.007161029546427905,0.0002499676356194796,-0.19879203950997223,0.0013351218088373735
2018-02-09,9.710117778253681e-05,0.09545875457309172,-0.007161431092575325,0.000250073800942666,-0.19883812582277924,0.0013343468053956956
2018-02-12,9.709936574796345e-05,0.09546019757624388,-0.007161572394536835,0.0002501678803609197,-0.19887386235675886,0.0013335679817878979
2018-02-13,9.708574481939562e-05,0.09546512467994674,-0.007161695597770168,0.00025022952234294074,-0.1988706242015047,0.0013333965029182712
2018-02-14,9.706642367593751e-05,0.09546626180535295,-0.007162658800949647,0.00025047623465705357,-0.19885072213929403,0.0013331975351601646
2018-02-15,9.694450351169268e-05,0.09547165375225457,-0.007163488131169327,0.0002505424656504053,-0.19888031163491468,0.0013324474868818617
2018-02-16,9.686887462026108e-05,0.09548304906213818,-0.007164161856203473,0.0002507921406593269,-0.19889109394084536,0.0013314170886536349
2018-02-21,9.684638154143213e-05,0.09548262019703518,-0.007164441979288956,0.0002507406274193471,-0.198921995030734,0.0013306336116122395
2018-02-22,9.679657866183588e-05,0.09548185680300386,-0.007165879520763246,0.0002508607569750248,-0.19891608917488568,0.001328960395018945
2018-02-23,9.678092568586661e-05,0.0954850594083266,-0.007166823104215355,0.00025090073959515386,-0.19894258856474753,0.0013291707205629673
2018-02-26,9.671748486200085e-05,0.09549047695673367,-0.0071675598311734205,0.00025102147102703496,-0.19892611589458395,0.0013288569652087825
2018-02-27,9.670264503529624e-05,0.09549663967195797,-0.007168396865060678,0.0002512171994004492,-0.19892160822587623,0.0013277502509302479
2018-02-28,9.6645982057485e-05,0.0954981184790079,-0.007169436794908644,0.00025146110003307766,-0.1988792143484372,0.0013268126702513465
2018-03-01,9.661441206705528e-05,0.0954998419759182,-0.007169844406268072,0.00025168640662363867,-0.1988799759361001,0.0013273548895475613
2018-03-02,9.655409652880516e-05,0.095499299129578,-0.007170681488683979,0.00025169604489546325,-0.19889240969212663,0.0013262690129249547
2018-03-05,9.6514892063323e-05,0.09549711864570984,-0.007170898794448136,0.0002518637990882794,-0.1988940705262315,0.0013262654587307108
2018-03-06,9.644848323026487e-05,0.09550116075960076,-0.007171839028636643,0.0002519789755447752,-0.19894033861578733,0.0013251610545179707
2018-03-07,9.638101222865399e-05,0.09550524292119303,-0.007172518572054461,0.000252076643926821,-0.1989378688255852,0.0013250407352312383
2018-03-08,9.626482492319972e-05,0.09550441876956142,-0.0071734345674452716,0.0002522818064240318,-0.19895657718449458,0.0013251289348657736
2018-03-09,9.627228262925591e-05,0.0955090485293332,-0.0071739923242319665,0.0002523716415088066,-0.19903117898925754,0.0013243993373301653
2018-03-12,9.620791826650863e-05,0.09551161451250938,-0.0071741511387851875,0.0002524713377674325,-0.19903263579056313,0.0013243197796578299
2018-03-13,9.615477474501822e-05,0.09551488553878398,-0.007174827788843087,0.0002526952627494219,-0.19902628805983955,0.0013239289735422865
2018-03-14,9.608806461926085e-05,0.09551615840750205,-0.007175818661779916,0.0002527653714504674,-0.19903701612853456,0.0013232514233977798
2018-03-15,9.598695303360913e-05,0.09552243800630517,-0.007176996364314337,0.00025273982736224375,-0.19907414897573203,0.0013232192780262828
2018-03-16,9.592889243630788e-05,0.09552529135900635,-0.007178312004965763,0.00025283786353294524,-0.1991073857115201,0.0013224753337338056
2018-03-19,9.593673475021469e-05,0.09553142405758978,-0.007178918676115218,0.00025293027424112797,-0.19908081195299204,0.0013218598532859919
2018-03-20,9.586760728772699e-05,0.09553520984899139,-0.007179745056410895,0.0002529916163204183,-0.19907730695668646,0.0013213465291922956
2018-03-21,9.584179459441665e-05,0.09554407401670593,-0.00718009662191918,0.0002530948396219307,-0.1990834002529278,0.001322179635611259
2018-03-22,9.57812197792359e-05,0.09554844343583763,-0.007180935602198411,0.00025305460207774037,-0.19907320591363972,0.0013211636429630714
2018-03-23,9.57248389077992e-05,0.09555408546091715,-0.0071817798843046635,0.00025325766450473575,-0.19908386887607313,0.0013207538222156916
2018-03-26,9.558470253556513e-05,0.09555722135836049,-0.0071828289573048895,0.0002532866340619405,-0.19906283009302503,0.001320581686936583
2018-03-27,9.552325584414845e-05,0.09556296167028291,-0.007183756648038278,0.00025344500111860893,-0.1990766931164962,0.001319996780658909
2018-03-28,9.552877957456275e-05,0.0955684749038454,-0.00718478647531546,0.00025360726580365164,-0.199091610966217,0.0013189440397266803
2018-03-29,9.550670490949165e-05,0.09557199007815542,-0.007185354759225245,0.0002536718739912419,-0.19909129907572262,0.0013183696748300035
2018-04-03,9.548694716845429e-05,0.09557378600113238,-0.007185751546456761,0.0002536192146501021,-0.1990936367491612,0.0013181053331018922
2018-04-04,9.543745798968027e-05,0.09557643704654196,-0.007187402879892129,0.00025373743304508766,-0.19910454594227517,0.0013183030670010476
2018-04-05,9.532717086341012e-05,0.09558704237215643,-0.007188425118471764,0.0002536070269087627,-0.19913098708229127,0.0013181021397017814
2018-04-06,9.530355038363322e-05,0.09559012183488036,-0.007189597193172822,0.00025357158275196855,-0.19912112725191275,0.0013173409085116717
2018-04-09,9.523929892205528e-05,0.09559653528269474,-0.007190768835478776,0.0002536449842370943,-0.19918958080645427,0.0013153580810641313
2018-04-10,9.52149763416597e-05,0.09560410397442107,-0.007191268366641062,0.000253682731755591,-0.19917284935836255,0.001313757330835029
2018-04-11,9.513984486056296e-05,0.09561070273752174,-0.007191800117274117,0.00025351746903919125,-0.19919304905283655,0.0013123663201202375
2018-04-12,9.504748805684735e-05,0.09561787111369446,-0.00719233019077996,0.0002535743974299196,-0.19924131205210718,0.0013110997317841613
2018-04-13,9.499481337051821e-05,0.09562415998077287,-0.0071926837201709065,0.0002535818697988442,-0.19927050973996305,0.0013107791098326698
2018-04-16,9.497704968440655e-05,0.09562869288351879,-0.007192295273579204,0.00025371630228099664,-0.19929494908396558,0.0013111734083937616
2018-04-17,9.493118165918726e-05,0.09563928782358852,-0.00719331719706281,0.0002539582701843446,-0.199264730462598,0.001309590337044464
2018-04-18,9.489866961222907e-05,0.09564864432712412,-0.007195181179596317,0.000254205912383576,-0.1992661946388483,0.0013081715992446486
2018-04-19,9.483477948722162e-05,0.09564931881719618,-0.007196356535604807,0.0002544168954957454,-0.1993163728948159,0.001307732121621593
2018-04-20,9.475967733019244e-05,0.0956555206627908,-0.007197501842082468,0.00025459583239165315,-0.1993298650058956,0.001307172370358867
2018-04-23,9.467734011592704e-05,0.09566116943474588,-0.007197613994241071,0.00025475937583155323,-0.19937001314805958,0.0013059953602710074
2018-04-24,9.458460075337696e-05,0.09566402255854443,-0.007198131949378345,0.00025504227208199444,-0.19937150005825968,0.001304372141134241
2018-04-25,9.455297429725859e-05,0.09567077070083448,-0.00719925824556251,0.0002550931607813492,-0.19934152831484378,0.001303367209399907
2018-04-26,9.44977515677863e-05,0.09567719772436731,-0.007200007599911265,0.0002551241137604008,-0.19934231833177346,0.001301997567442206
2018-04-27,9.44503797353332e-05,0.09568804318981332,-0.007200923494492637,0.00025523441356697756,-0.1993346398709611,0.00130082129820395
2018-04-30,9.44492119999405e-05,0.09568826702325108,-0.007201978258182831,0.00025540541031498804,-0.19934847716822046,0.0012991816720432368
2018-05-01,9.440103832464586e-05,0.09569150448810824,-0.007203349983462082,0.00025535080875529467,-0.19934176041892757,0.0012979457256715099
2018-05-02,9.435436368159097e-05,0.09569688206864782,-0.007204384837659604,0.0002554565965521917,-0.19930777285954068,0.001296102239953036
2018-05-03,9.431489453997602e-05,0.09570017493646134,-0.007205155420346556,0.0002556142576056892,-0.1993320767085516,0.0012953323192524298
2018-05-04,9.426370390056693e-05,0.095708504713322,-0.007206040410844632,0.0002557095035680251,-0.19932288459392067,0.0012948113303112984
2018-05-07,9.422133049114945e-05,0.09571596653893301,-0.007206729344830658,0.00025569746492621313,-0.19929848621527343,0.001293831619357085
2018-05-08,9.409027527036816e-05,0.09571525059116427,-0.007206807577784847,0.00025584859677053575,-0.19928578403687905,0.001292774621940311
2018-05-09,9.399785766753628e-05,0.09572363931909457,-0.007207419194382098,0.0002558626599400213,-0.19929939040248618,0.0012920473411030644
2018-05-10,9.403523379484629e-05,0.0957295197414583,-0.007208251771357839,0.000255924127999466,-0.19930173583269412,0.0012899263647857461
2018-05-11,9.398383403245489e-05,0.09573457533814056,-0.007208659268917444,0.00025596905470711247,-0.19933376238793357,0.0012880056140838845
2018-05-14,9.396486241070882e-05,0.09574388048639978,-0.0072081592931438525,0.0002558515280990611,-0.19935941947509367,0.0012862029128190254
2018-05-15,9.387878177565896e-05,0.09575590037527437,-0.0072087693487945725,0.00025603047595438775,-0.199371473797921,0.001285755148526777
2018-05-16,9.376743554368968e-05,0.09576328987058234,-0.007208718858235727,0.000255944782131248,-0.19940530100444934,0.001283612312150916
2018-05-17,9.379074349912351e-05,0.09576902782413249,-0.0072095007994667105,0.00025600534168038793,-0.19937810019927163,0.0012822902438837137
2018-05-18,9.379854140094544e-05,0.09577007788101902,-0.007209555806210532,0.00025608808242607103,-0.19936192914560016,0.0012808543467913004
2018-05-21,9.383399824277869e-05,0.09577597269918829,-0.007210483434071699,0.0002561855315458145,-0.19938042546569745,0.0012801303738523779
2018-05-22,9.379893567010707e-05,0.0957794909095843,-0.007211393597592188,0.00025640916462037124,-0.1993737984764369,0.0012784997522827595
2018-05-23,9.37538732952339e-05,0.09578212950734395,-0.007212333837529481,0.0002566383229593836,-0.1993647554649192,0.0012769005408334682
2018-05-24,9.37299718186251e-05,0.09578727803298835,-0.007213524787213891,0.00025655159667462436,-0.19934260876869042,0.0012760813316705065
2018-05-25,9.376866657859933e-05,0.09579892750901593,-0.007213533056681641,0.00025645205020757904,-0.19936278351740558,0.001274577780729641
2018-05-30,9.376688118110352e-05,0.09580508456574564,-0.007214806515941262,0.0002567217862953845,-0.19935408839870758,0.0012742636126491153
2018-05-31,9.380943460355628e-05,0.09581281550796486,-0.007215780200295504,0.00025674468231822047,-0.19937898030432633,0.0012735980069199541
2018-06-01,9.3785876083641e-05,0.0958168879846596,-0.007215658430627183,0.00025682758670380647,-0.19938574549255883,0.0012718531545102677
2018-06-04,9.374515509674516e-05,0.09582121068073013,-0.007216474433984441,0.00025704334287360205,-0.19936487098014913,0.0012708259255069527
2018-06-05,9.369920228237085e-05,0.09583151114320042,-0.007217467285725072,0.000257337855922602,-0.1993918137830336,0.001270838917134074
2018-06-06,9.364208351103054e-05,0.09583659508603773,-0.007217850020127758,0.00025724061184326393,-0.1993921250402882,0.0012702474109987812
2018-06-07,9.362359592945653e-05,0.09584075886757328,-0.007217783370637223,0.0002572970075548768,-0.19939694148590748,0.0012691087796850094
2018-06-08,9.355745936292897e-05,0.09584683596707574,-0.007218834243211567,0.0002574802600512334,-0.19944506377464186,0.0012680071970570298
2018-06-11,9.354671395337079e-05,0.09585382723879146,-0.007220260648624709,0.0002576049873637133,-0.1994372471523623,0.0012669015768634218
2018-06-12,9.348329031218175e-05,0.09585751701683072,-0.00722058669115542,0.0002577173553678983,-0.1993960402218478,0.0012656540374807567
2018-06-13,9.342391231982143e-05,0.09586695029048097,-0.007222146768992231,0.0002576504454851957,-0.19940235348061147,0.001264081993313585
2018-06-14,9.339592240786645e-05,0.09586556363166378,-0.007223152165427144,0.0002576556694775556,-0.1994312317353031,0.001263270223677712
2018-06-15,9.337652888989231e-05,0.09586381440787753,-0.007223687958619566,0.00025784043299424816,-0.19940991212593306,0.0012620716417945808
2018-06-18,9.33519289192747e-05,0.09586808853498571,-0.007223455473088943,0.00025783716403718717,-0.19945133028548692,0.0012614514642369549
2018-06-19,9.334663237470705e-05,0.09587704212178588,-0.00722445942083653,0.000257846434635006,-0.19945636526353813,0.0012609663870005372
2018-06-20,9.326882756468777e-05,0.09587530037464592,-0.007225526964720201,0.0002578982436671512,-0.19946260434444557,0.0012611478298245281
2018-06-21,9.325021090371251e-05,0.0958808057542302,-0.007225766500358933,0.00025802211907679384,-0.19943539676725835,0.0012596377164591733
2018-06-22,9.323042950729454e-05,0.09588539301595274,-0.007227016660598963,0.00025813673630401544,-0.19947741607999517,0.0012586824495913055
2018-06-25,9.320334043636884e-05,0.09588942697917818,-0.007227559685075464,0.00025807825112187787,-0.1994491776797782,0.0012572704453432712
2018-06-26,9.316231359118046e-05,0.09589507141520678,-0.007228109935325886,0.0002582285983087508,-0.19946660977339914,0.0012558656975952833
2018-06-27,9.309179303328057e-05,0.09590586182983403,-0.007228381279095132,0.0002582211911260551,-0.19946989207369206,0.0012542254778986602
2018-06-28,9.302876360128513e-05,0.09591182045788113,-0.00722972967918791,0.00025829748312354366,-0.1994799143484546,0.0012530287692806223
2018-06-29,9.298540640414294e-05,0.095923080930384,-0.007229857364695249,0.0002583945450976027,-0.1994515233412231,0.0012523277216742684
2018-07-02,9.288571633517307e-05,0.09592964703363763,-0.007230983689578223,0.0002583754649805356,-0.19946767856392655,0.0012524596568876008
2018-07-03,9.287081661815806e-05,0.09593224273770079,-0.007232417530366597,0.0002584225766860175,-0.199460596646652,0.0012513078464249372
2018-07-06,9.279861710696739e-05,0.09594099962035567,-0.007233222084475753,0.00025846742261523606,-0.19947507120231894,0.0012505602525546492
2018-07-09,9.279369609565294e-05,0.09594707919405705,-0.007234026332505861,0.00025863811119459823,-0.19948556958675873,0.00125032099214965
2018-07-10,9.27863382064919e-05,0.09595391690811822,-0.007234973354770088,0.0002586751808268621,-0.19950279767453016,0.00124901872589977
2018-07-11,9.276345882183299e-05,0.09595981008373684,-0.007235215772234532,0.00025863856808808336,-0.19951730412736493,0.001248659054493748
2018-07-12,9.274123692820267e-05,0.09596119809615108,-0.007235634749512752,0.0002586020423183355,-0.1995515695749048,0.0012480747287091332
2018-07-13,9.273444784137851e-05,0.09596441386199421,-0.007236738823703372,0.0002588823193067878,-0.19956338903957174,0.0012469151357769222
2018-07-16,9.262077862919065e-05,0.09597271927370751,-0.00723859904945653,0.00025890703703868164,-0.19956196961370934,0.0012461524454828535
2018-07-17,9.256773447797004e-05,0.09598532280888082,-0.007240891388998866,0.00025889310120025613,-0.19955039487636833,0.0012454464797712348
2018-07-18,9.25110258020108e-05,0.095992698846725,-0.007241315565870574,0.0002587965789708664,-0.19955116947157095,0.0012453029050428735
2018-07-19,9.246163306386574e-05,0.09599757729420906,-0.0072412188557993435,0.00025872081315778887,-0.19953858582431697,0.001244274051691726
2018-07-20,9.24971116129964e-05,0.09600799313875504,-0.007242797241029785,0.0002587463408471679,-0.19951938395692412,0.0012441614576924277
2018-07-23,9.244346010287788e-05,0.09601666016131731,-0.007243833296751381,0.0002586664539989229,-0.19951482088033512,0.001243384710604692
2018-07-24,9.243577517019471e-05,0.09602294199139305,-0.0072456631884807885,0.00025865197555257485,-0.1994925726830645,0.0012425268074434592
2018-07-25,9.245587099967589e-05,0.09602671749129646,-0.007246629136967354,0.00025861321574531483,-0.19954483186771324,0.0012415176787673812
2018-07-26,9.239034765297614e-05,0.09602824880989079,-0.007247250258801993,0.00025860494729138065,-0.19957373862296415,0.0012408539734315353
2018-07-27,9.239269477887115e-05,0.09603539838509252,-0.007248705545573037,0.00025861382133518545,-0.19952797614599949,0.0012395658338847616
2018-07-30,9.23672458091815e-05,0.09604049285868838,-0.007249723315487391,0.0002586490435491513,-0.19950992088190742,0.0012387763725282817
2018-07-31,9.235746023659845e-05,0.09604164084740886,-0.007250572373822762,0.00025870705863900105,-0.19953171197088276,0.0012382172430626314
2018-08-01,9.23051123467012e-05,0.09604715404518975,-0.00725114689909601,0.00025867163516774054,-0.1995512478325836,0.0012360922442590178
2018-08-02,9.22779710164917e-05,0.09605368977260978,-0.007252708358690059,0.000258780731066158,-0.1995436855670771,0.0012348960745388487
2018-08-03,9.223501428289823e-05,0.09605721057428251,-0.007254040128342924,0.0002588810320858448,-0.19950912603168877,0.0012346938564890902
2018-08-06,9.221699040651415e-05,0.0960585442828622,-0.007254068493634247,0.0002588401512041483,-0.1995242151188859,0.00123428852495906
2018-08-07,9.216939162909182e-05,0.09605845567574312,-0.007255386204402647,0.0002588360116504967,-0.19954540504254484,0.0012323375723494007
2018-08-08,9.212264130382844e-05,0.0960627210672029,-0.00725619489751647,0.00025891556205973054,-0.19953838362438597,0.001231242885264004
2018-08-09,9.212466163159351e-05,0.09606661636608803,-0.007257320393256975,0.00025895492475134,-0.1995251779761818,0.0012307517492448155
2018-08-10,9.210007008712466e-05,0.09607640272310178,-0.007258792580405686,0.00025893057465201113,-0.19952579109801227,0.0012299245957640554
2018-08-13,9.204671604990223e-05,0.09608493638682475,-0.007260636180694447,0.00025889738534769306,-0.19951942761493402,0.0012288057690909833
2018-08-14,9.200801586534406e-05,0.09609473867125194,-0.007261411070525059,0.00025885034298985037,-0.19950322586171051,0.0012279114870808686
2018-08-15,9.203669557265743e-05,0.09609915851671211,-0.007261771466544498,0.00025877833786513516,-0.19950266668813074,0.001227211120544332
2018-08-16,9.20746015237911e-05,0.09610807823080082,-0.007263375126192778,0.00025861541097040464,-0.1995058221311461,0.001226577727603912
2018-08-17,9.203647526273834e-05,0.09612020913344281,-0.0072653056155215084,0.0002585902927369926,-0.19949593719201403,0.0012262346178658335
2018-08-20,9.208737770708813e-05,0.09612390912362292,-0.007266975797271868,0.00025865843247875706,-0.19947010972214588,0.0012247755777377006
2018-08-21,9.204875632503893e-05,0.09612392475361875,-0.007266812475733454,0.0002587079802547893,-0.19942954303409047,0.0012249641646386149
2018-08-22,9.198662274130303e-05,0.0961294421978123,-0.007268630745227538,0.00025867653109149836,-0.19939741770770622,0.001224121840664607
2018-08-23,9.195332545472082e-05,0.09613348836412883,-0.007269503287610534,0.0002586331920819918,-0.19943149487174275,0.0012231159647145093
2018-08-24,9.190107770203868e-05,0.09613990175326984,-0.007270133306454805,0.00025860974420639424,-0.19946593987364764,0.001222191532473408
2018-08-27,9.192502014666973e-05,0.09614940074155637,-0.007271275899042237,0.00025861307269132354,-0.19944596745366783,0.0012211742340483762
2018-08-28,9.19523847611843e-05,0.09616041425696156,-0.007272565176611416,0.00025859579514767055,-0.1994099241700207,0.0012206171499635973
2018-08-29,9.192862330136667e-05,0.09616402764449475,-0.007273725858078592,0.0002586519644286207,-0.19936319099311378,0.001221149720205011
2018-08-30,9.195956722221087e-05,0.0961626430535059,-0.007274633907122157,0.00025883448780354733,-0.19936666986268697,0.0012204730216992838
2018-08-31,9.199210306061681e-05,0.09616691617456226,-0.007276009698872372,0.0002587411927364292,-0.19933752323004952,0.001219643352493832
2018-09-05,9.197093868523691e-05,0.09617486052750149,-0.0072774018712566885,0.0002586498829092775,-0.19936572480605733,0.001218634567296686
2018-09-06,9.190124044833809e-05,0.09618123556308097,-0.007279159012612686,0.0002585535154172384,-0.1993233771225535,0.0012180186291243014
2018-09-07,9.190116539955514e-05,0.09618167608563576,-0.007279284217103123,0.00025870429023765645,-0.19933450496539387,0.0012176258285146705
2018-09-10,9.189961245300423e-05,0.09618820112575324,-0.007280319298252678,0.00025876108043836933,-0.19937155888209215,0.0012161795619441637
2018-09-11,9.186633008460614e-05,0.09619355447061774,-0.007282411266414986,0.00025878087760518954,-0.1993457256413218,0.0012155921782861948
2018-09-12,9.179705464762325e-05,0.09619887526432712,-0.007283968973656048,0.0002587593570866642,-0.19933672371672384,0.0012147083325006792
2018-09-13,9.181340667701105e-05,0.0962044313037615,-0.007285154756908541,0.0002587052470797617,-0.19931755767202103,0.0012139103513402172
2018-09-14,9.174916075106711e-05,0.0962095187576404,-0.007286181507738516,0.00025873235068366355,-0.19934643169841876,0.00121330869188105
2018-09-17,9.178242635272115e-05,0.09621546464208554,-0.007287161436004528,0.00025883868605602943,-0.19931691822298903,0.0012127905974394875
2018-09-18,9.173357985920763e-05,0.09621494785677477,-0.0072873425610382805,0.0002591647252087371,-0.19929078725646682,0.001211813503480637
2018-09-19,9.168267844424408e-05,0.09622395529623881,-0.00728871056589012,0.00025916381088327104,-0.19928295452659514,0.0012111645212644958
2018-09-20,9.16200487678775e-05,0.09623347890233044,-0.0072887824879211485,0.000259079242918862,-0.19927937850279398,0.0012107877197479104
2018-09-21,9.158096371397473e-05,0.0962403683545866,-0.007289796735196619,0.00025880311033011955,-0.19929976300517122,0.0012099720344981876
2018-09-24,9.153633618900697e-05,0.09624833264598649,-0.007291068271753193,0.00025877340817389953,-0.19925014313666412,0.0012083954069702881
2018-09-25,9.150303839245546e-05,0.09625627983803414,-0.007292384733697821,0.0002588400980937717,-0.19928801120175468,0.0012082738111366
2018-09-26,9.150526749234316e-05,0.09625947769312926,-0.007292998802108725,0.00025887962216725256,-0.19929777808817614,0.001208000336173595
2018-09-27,9.147261043894543e-05,0.09626710848155015,-0.007294167554107012,0.000258960971389005,-0.19930461946128597,0.0012080794349387063
2018-09-28,9.148409992329033e-05,0.09627158788063231,-0.007294682037486974,0.00025887543643120996,-0.19927523289286023,0.0012071092200983703
2018-10-01,9.148478345072572e-05,0.09628089031210246,-0.007296214697064976,0.00025890322767219707,-0.1992747746711509,0.0012059213634659205
2018-10-02,9.156208152729407e-05,0.09628155520239837,-0.0072974328255511435,0.0002590727907506239,-0.1992360664208943,0.0012044251100228507
2018-10-03,9.155009052871213e-05,0.09628799067403354,-0.007298394825858327,0.00025913143429121005,-0.19927160252424497,0.0012030630213155148
2018-10-04,9.156569454187225e-05,0.09629504197866673,-0.007298955345162164,0.00025929302776040797,-0.19927040050895425,0.0012027550175504455
2018-10-05,9.154095348341559e-05,0.09630269806180204,-0.00730028303946061,0.0002594638581425238,-0.1992824728156342,0.001201268643322568
2018-10-10,9.150527603230057e-05,0.09630959909876333,-0.007301483912591465,0.00025949958846857677,-0.1993082295198961,0.001199567927588059
2018-10-11,9.147767200194468e-05,0.09632090641738622,-0.007302958908231065,0.00025948525847364494,-0.19931430131955705,0.0011977998809074232
2018-10-12,9.140217785348604e-05,0.09633604582880266,-0.0073032105413303435,0.0002597134990158459,-0.19934295690403236,0.0011963568169750178
2018-10-15,9.134036347656012e-05,0.0963400836309047,-0.007304379961324184,0.0002596620733533224,-0.1993011459797782,0.0011951010029356268
2018-10-16,9.131166282981607e-05,0.09634988982610061,-0.007305895130136525,0.0002598918057876742,-0.19930056558996495,0.0011948233907075438
2018-10-17,9.125142886840117e-05,0.09635557299429731,-0.007307253548688467,0.0002598100977921112,-0.19930745001137748,0.0011931001056062463
2018-10-18,9.126043180565894e-05,0.0963645437702958,-0.007308531417746006,0.00025984653519852395,-0.19929356578183338,0.001192621257813749
2018-10-19,9.124498428136276e-05,0.09636976335672573,-0.0073091762879938325,0.0002598852021709663,-0.199275042415336,0.0011900572384703912
2018-10-22,9.125415133846122e-05,0.09637019671922842,-0.007309250347658825,0.0002598432960654447,-0.19927367675872126,0.0011886745282352056
2018-10-23,9.122768780043084e-05,0.09637783271502834,-0.007310625857893289,0.0002598070951318457,-0.19929452398170125,0.001186866174875275
2018-10-24,9.11908904212164e-05,0.09638612212934035,-0.007311987629512514,0.00025970421791625354,-0.19929254513093564,0.0011861689555619224
2018-10-25,9.115412070664114e-05,0.09639090950763991,-0.007313116186278635,0.00025965477450965975,-0.19929250991922728,0.0011850278756389786
2018-10-26,9.114807430912492e-05,0.09639977519888533,-0.007314503956468243,0.00025961325282750086,-0.19921341538123769,0.0011832773969125208
2018-10-29,9.10889211319065e-05,0.09640307147888064,-0.007316126628411162,0.0002595856607463159,-0.1992019261075356,0.001182568459530694
2018-10-30,9.109893765172219e-05,0.09640452950775405,-0.007316898424462731,0.0002596089280407195,-0.19920400867995428,0.0011816883364509823
2018-10-31,9.109236055760576e-05,0.09641317541987948,-0.007318480814289693,0.00025962864101915315,-0.19921375518379014,0.0011808078123213858
2018-11-01,9.11235165592328e-05,0.09642097358358923,-0.00731878026003523,0.00025977556681410467,-0.19921185747439407,0.001179238740006951
2018-11-02,9.107650167167193e-05,0.09642374038921965,-0.0073197162652308394,0.00025984444083955,-0.19920895204472633,0.0011779782841061695
2018-11-05,9.099164594104586e-05,0.096427834297865,-0.007321307667776544,0.0002598436981161896,-0.19922991892722203,0.0011770761632401714
2018-11-06,9.097367824614495e-05,0.09643935311163265,-0.007322464184353974,0.00025987927629148586,-0.19923112803964876,0.0011747506407526094
2018-11-07,9.093401411026276e-05,0.09644340011417296,-0.007323216598970509,0.0002598205352506194,-0.1992383373224967,0.0011740242630684898
2018-11-08,9.089144382352183e-05,0.09644256371726109,-0.007323596393923021,0.00025979635888791176,-0.19926441478180684,0.0011725432900706822
2018-11-09,9.086782370235795e-05,0.09644360417370647,-0.007323727464823469,0.0002597665353069143,-0.19925417163566955,0.001170644388389184
2018-11-14,9.078205028736885e-05,0.09645228375589077,-0.007325867846157808,0.0002597572470213949,-0.19920949426310655,0.001168781459866774
2018-11-15,9.073608074756275e-05,0.09645622500114691,-0.007327817993693469,0.0002596380640943903,-0.1992214293090549,0.0011675409922335515
2018-11-16,9.069685173300707e-05,0.0964625497665273,-0.007329398317914001,0.0002595935882574321,-0.19920907576233024,0.0011660872534592285
2018-11-19,9.066943744047678e-05,0.09646382107840488,-0.007330284622854497,0.00025948643620424277,-0.19923469954679215,0.0011654681210946604
2018-11-20,9.072528485319985e-05,0.0964671219040253,-0.007331336762422451,0.0002595875729585669,-0.19925822636375504,0.001164374324216822
2018-11-21,9.074547064476666e-05,0.0964679974774369,-0.007332376030623934,0.0002596024358872078,-0.19921913845267816,0.0011620109493745228
2018-11-26,9.071755154699393e-05,0.09647943170331728,-0.0073327747751643375,0.00025961609401178187,-0.19920420074334225,0.0011615175808820184
2018-11-27,9.064128810524908e-05,0.09649179691572773,-0.007333586141116818,0.00025951688552423917,-0.19921250981299007,0.0011592253308474359
2018-11-28,9.06449627497931e-05,0.09650464914430154,-0.007334305550637161,0.0002595278684397432,-0.19920056585867646,0.001157440502661874
2018-11-29,9.059759005746476e-05,0.09650759226108872,-0.007335120479906166,0.00025958067170510834,-0.19918821120432606,0.001155969202950358
2018-11-30,9.058836325287179e-05,0.09651376993396095,-0.00733673996201078,0.0002595845111647634,-0.19921617781982906,0.0011542966471262976
2018-12-03,9.059639833723844e-05,0.09651796195084851,-0.007337252532059342,0.0002596238959868484,-0.199256930852653,0.0011534327917621667
2018-12-04,9.064917347580439e-05,0.09652585268228124,-0.007338023276800004,0.00025967887587231023,-0.19927635981109512,0.0011521437717674694
2018-12-07,9.064070070503317e-05,0.09653069281977396,-0.007338189329034621,0.00025976223396166143,-0.19932782300473226,0.0011503366049201646
2018-12-10,9.068321839581096e-05,0.09653969373279839,-0.007339048207472862,0.0002598711087160936,-0.19929793787728506,0.001149927698325937
2018-12-11,9.065821631442457e-05,0.09654338314295213,-0.007339692034623484,0.0002599128449824307,-0.19925758674254457,0.0011479895130029497
2018-12-12,9.06422191680336e-05,0.09655591094823357,-0.007340993726220605,0.00025988742988563863,-0.1992581664823177,0.001147571248466983
2018-12-13,9.067793093559288e-05,0.09656450257557558,-0.007342769445026798,0.00025979483734887826,-0.1992601938887981,0.0011463491912416066
2018-12-14,9.058532699110702e-05,0.09656915750363988,-0.0073435000516373534,0.000259758971947903,-0.19928283245526357,0.0011459336153900356
2018-12-17,9.054703671836851e-05,0.09657149051185572,-0.007344431913984088,0.00025963369118968876,-0.19928384303079286,0.0011442668955520695
2018-12-18,9.056139166867791e-05,0.09657593439828696,-0.007345446927414696,0.00025947694240387935,-0.19928096025310157,0.0011430948310811398
2018-12-19,9.05286624252084e-05,0.09658397753282065,-0.00734579316857387,0.0002593699335932124,-0.19930275812646864,0.0011417039169144562
2018-12-20,9.053458125607381e-05,0.09659220429799904,-0.007347302476343871,0.00025928155853403894,-0.1993144653512438,0.0011410701406977981
2018-12-21,9.050919638964716e-05,0.09660395558248974,-0.007349114776376733,0.00025926949889633973,-0.19933596981498877,0.001139627728981473
2018-12-27,9.05411185825602e-05,0.09661067617330672,-0.007349979261313096,0.00025945233986496334,-0.19934153452160272,0.0011383924714910162
2018-12-28,9.052917833431593e-05,0.09662189258290038,-0.007351241442805602,0.00025938258700348006,-0.1993468132981616,0.0011380225365822433
2018-12-31,9.054688594924762e-05,0.09662478333616376,-0.007352009038282208,0.00025946053517702443,-0.1993285158847788,0.001137170707263957
2019-01-03,9.041861965913984e-05,0.09663285791671553,-0.0073528687207624665,0.00025944299558525397,-0.1993317938796567,0.001136388259034829
2019-01-04,9.039366576203243e-05,0.09664534320780171,-0.007354097319951644,0.00025950788391093833,-0.19937915567216924,0.001136280074764516
2019-01-07,9.032576371134739e-05,0.0966513495744231,-0.007355735579914383,0.0002593816903609097,-0.1993560303784536,0.001135488530114057
2019-01-08,9.037116296223022e-05,0.09665880781285627,-0.007356917224688886,0.00025935149937916736,-0.19930974047315467,0.0011334739707228544
2019-01-09,9.037517134222524e-05,0.09666415951099011,-0.007357418822052849,0.0002592778881468185,-0.1992901784362253,0.0011319456421778485
2019-01-10,9.03433961625413e-05,0.09667682077529148,-0.007357911531467709,0.000259302704126398,-0.1992730395064917,0.0011303911516311641
2019-01-11,9.03474812805317e-05,0.09668608651553032,-0.0073595506307846635,0.0002593673522222924,-0.19926887654828318,0.0011277608111461925
2019-01-15,9.035295286383775e-05,0.09668923004053684,-0.007360867890855051,0.00025952299234102255,-0.19927418225291055,0.0011264292443023017
2019-01-16,9.028676056515011e-05,0.09669486696152896,-0.007362674224711761,0.00025964962852318346,-0.19924377004471633,0.0011245793407646339
2019-01-17,9.028513825380959e-05,0.09670413186275403,-0.00736336271399469,0.00025977454995724017,-0.19926638032689925,0.0011230493073629915
2019-01-18,9.022136937270923e-05,0.09671288492368094,-0.007363736188278606,0.00025981173587855886,-0.19930034930954496,0.0011224397164307496
2019-01-23,9.014992722510284e-05,0.09671792419260891,-0.00736397939108708,0.00025992583306369023,-0.19929530037550217,0.0011225449064907762
2019-01-24,9.011791181512268e-05,0.0967182429688841,-0.0073634137914814326,0.00026008822957680815,-0.19933403494508045,0.001121466036456842
2019-01-25,9.009865069357254e-05,0.09672105507646116,-0.007365027764010093,0.0002599923747586034,-0.19931200168634092,0.001119507043898105
2019-01-28,9.007112177225326e-05,0.09672250137944681,-0.007365267888372979,0.0002600162505177591,-0.19929927813180723,0.0011192369635918049
2019-01-29,9.000014250176833e-05,0.09672934123383135,-0.0073663783515087,0.00026003088589378294,-0.19929136895154312,0.0011184620671707759
2019-01-30,8.997022020327111e-05,0.09673042097208362,-0.007367001950960433,0.0002601408210835914,-0.19930083584384214,0.0011175180721722678
2019-01-31,8.994196683616809e-05,0.09673957861371088,-0.007367602370407161,0.0002603701966707486,-0.19934946203505738,0.001116855869866812
2019-02-01,8.992192477617043e-05,0.09674468239433609,-0.007369144348061606,0.0002603702434623361,-0.19937265049846614,0.001116054304130736
2019-02-04,8.990878031284123e-05,0.09675277864661334,-0.007369345592643526,0.00026031785391997746,-0.19938767337472815,0.0011152417811512753
2019-02-05,8.980705024192878e-05,0.09676094161159894,-0.007370407135918627,0.00026033860788472643,-0.19938097900712262,0.0011133767964615776
2019-02-06,8.97561789399967e-05,0.09676867740304232,-0.007371162584875355,0.00026035225331657544,-0.1993548131650709,0.0011128234375735115
2019-02-07,8.973392628458312e-05,0.09677504442442243,-0.007372645691960849,0.0002604416744544181,-0.19933177814214215,0.001111096334685101
2019-02-08,8.974459972435011e-05,0.09678358108223464,-0.007373520558848168,0.0002604105175811543,-0.1993743398572077,0.0011103668093726637
2019-02-11,8.973105872982367e-05,0.09678961175056439,-0.007374927316166307,0.0002604772800664161,-0.19938433140553669,0.0011101881694366715
2019-02-12,8.970126938487187e-05,0.09679674758166722,-0.007376574038992159,0.00026061221657776757,-0.1994088645078589,0.0011085967190669838
2019-02-13,8.966583518043858e-05,0.09679986855489708,-0.00737717699209375,0.0002606181927603825,-0.19943458710096867,0.0011079538675785813
2019-02-14,8.966001213504319e-05,0.09680389883265966,-0.0073779211478800085,0.00026072029573092855,-0.19943438141314518,0.001106561811473262
2019-02-15,8.962507838869916e-05,0.09681027962843008,-0.007378709319526509,0.00026077276715923766,-0.19941000796121305,0.001106286388809077
2019-02-21,8.959251407113301e-05,0.09681545431723038,-0.007380441896874148,0.0002608202235298787,-0.19939781754592611,0.0011052512511789052
2019-02-22,8.96244625491704e-05,0.09682277700593137,-0.007381986844502108,0.0002608194648450939,-0.19942979451859175,0.0011043316049891881
2019-02-25,8.956276940261907e-05,0.09682856523468363,-0.007383857112018802,0.00026063301955079184,-0.19938206022934363,0.0011036063114740417
2019-02-26,8.955020539071379e-05,0.09683913508841888,-0.00738546848913537,0.0002608424965233575,-0.19935320515949248,0.0011023270679036755
2019-02-27,8.952185562156776e-05,0.09685182937285645,-0.007387105911904951,0.0002608643562040502,-0.19936921386557777,0.0011007292735640461
2019-02-28,8.953788976050501e-05,0.09686210174846235,-0.007387702791237908,0.00026081641983232546,-0.19936595981746896,0.0010986019370218595
2019-03-01,8.952349772451914e-05,0.09687023551574869,-0.007389463907092729,0.00026072665548139136,-0.1993782511616405,0.0010984184100184032
2019-03-04,8.947731530074848e-05,0.09687428715393914,-0.007390314270071702,0.00026085486143009195,-0.19936493128203325,0.0010971280826214073
2019-03-05,8.947330078086076e-05,0.09688306292768835,-0.00739162597529598,0.00026081758551863715,-0.1993733454550125,0.001096404740966297
2019-03-06,8.946109748221248e-05,0.09688425098355505,-0.007392693015039617,0.00026085952750478714,-0.19934569478154798,0.0010954168514518295
2019-03-07,8.937075039299916e-05,0.09689359965730932,-0.00739408106280745,0.00026085013558918183,-0.19931556964793784,0.0010947863086532019
2019-03-08,8.936359981150131e-05,0.09690222577311733,-0.007395660048148982,0.00026086853288836954,-0.19929853108395504,0.0010937380587231608
2019-03-11,8.937660961112047e-05,0.0969120541277283,-0.007396136313006916,0.0002608325147409463,-0.19931296252579997,0.0010928512082388202
2019-03-12,8.931869418890021e-05,0.09691832314292445,-0.007397291688796941,0.00026085491211334794,-0.19929225127260164,0.0010915649267765793
2019-03-13,8.925778844006397e-05,0.09692447001884438,-0.007398280687950505,0.00026064267362766347,-0.19933716860655287,0.0010904825735998298
2019-03-14,8.926794976997191e-05,0.0969290826654942,-0.007400345435308733,0.00026052600867867173,-0.19932877735501334,0.0010906399586875508
2019-03-15,8.921571216361544e-05,0.09693054627493111,-0.007402034731563421,0.0002604276467511142,-0.19936358806468132,0.0010898899550002563
2019-03-18,8.912762370683275e-05,0.09693949404332887,-0.007403313608096603,0.00026053244336654585,-0.19934031497302585,0.0010887385257686288
2019-03-19,8.909184489364367e-05,0.09695376130441827,-0.007405631435279589,0.0002608315684301654,-0.19930304822596362,0.001087278388810918
2019-03-20,8.907422773043279e-05,0.09695116066232687,-0.00740704987443771,0.00026087163719120516,-0.19928301780274654,0.001086411879814059
2019-03-21,8.905119011841018e-05,0.09695348980199563,-0.007407905849357702,0.00026090314106744987,-0.19926957984791727,0.001084639036055438
2019-03-22,8.903054897526734e-05,0.09695315139944524,-0.0074090505646018535,0.00026080939414735703,-0.19925591871859424,0.0010830082897251485
2019-03-25,8.904305063445356e-05,0.09695731201356785,-0.007410002825588044,0.000260904385334152,-0.19926069730413587,0.0010817680692818154
2019-03-26,8.895829659943415e-05,0.0969630595616642,-0.007412203843847015,0.00026104626802007474,-0.1993022228121139,0.0010804097306975628
2019-03-27,8.891299498729975e-05,0.09696937689355487,-0.007412939015737591,0.0002611291824660224,-0.19939287719508275,0.0010795492275492648
2019-03-28,8.893494368024079e-05,0.0969779142095687,-0.007413459543898563,0.0002611049512720532,-0.1993963148897348,0.0010777981775960267
2019-03-29,8.890789763869907e-05,0.09698864074969143,-0.007414322819105512,0.00026109994407930165,-0.19940269528893734,0.0010760298726187453
2019-04-01,8.882738195106741e-05,0.09699568558661839,-0.0074147217472638844,0.0002611389054075924,-0.1993824637380297,0.0010747263389027611
2019-04-02,8.89061058821338e-05,0.0970030815177012,-0.007415887022478312,0.0002612195337731116,-0.19938237370632794,0.0010739695812551323
2019-04-03,8.885051955478279e-05,0.0970053507896175,-0.007417531616240037,0.00026130966818250145,-0.19941537707297474,0.0010735097053417475
2019-04-04,8.884878759649026e-05,0.09701253156958568,-0.0074186282005013725,0.00026126743949561403,-0.1994215221409361,0.0010720223844442732
2019-04-05,8.889420015086479e-05,0.09701701846578979,-0.007420326230382223,0.0002612722155561687,-0.1993895806406933,0.0010704406360269212
2019-04-08,8.891040265119844e-05,0.0970260599597973,-0.007421960829499786,0.00026126694238364374,-0.19934902644995137,0.0010692362413500394
2019-04-09,8.890288416758893e-05,0.09703210221596613,-0.007423482207468718,0.0002613060415317775,-0.19937749509510497,0.0010677277062349907
2019-04-10,8.892525524080228e-05,0.09703789457634887,-0.007425280994691123,0.000261400597480432,-0.19935564873008438,0.0010660019312405354
2019-04-11,8.890860726210469e-05,0.09704180144008769,-0.007426671808326348,0.00026144591025838306,-0.19933821974696386,0.001064477799367569
2019-04-12,8.891084620583071e-05,0.09705209678047026,-0.00742738035073673,0.0002614177282485771,-0.19929975784241777,0.0010630918417204465
2019-04-15,8.888420721193069e-05,0.09706073625412219,-0.007428499937280131,0.00026138336327731764,-0.1993050496669751,0.0010621448899579382
2019-04-16,8.885834158363334e-05,0.09707098591796195,-0.007429419244459097,0.0002613044215400564,-0.19932282721183892,0.0010608351914283209
2019-04-17,8.884245273985953e-05,0.09708231322654694,-0.007430452484528573,0.0002614220858206354,-0.19934664017180959,0.0010604235189535743
2019-04-18,8.884363812012098e-05,0.09708629256425509,-0.007431004475164319,0.0002612132160701809,-0.19936432943801335,0.001059199324827401
2019-04-23,8.886484597132698e-05,0.09709174638591701,-0.007432263013434316,0.0002611973926863593,-0.19937439967576295,0.001058787292541603
2019-04-24,8.885913764810969e-05,0.09709631858273503,-0.007432762563575523,0.0002613262357706233,-0.1993595037490586,0.0010574732081638897
2019-04-25,8.885188616797631e-05,0.09710516975033749,-0.007433569100916539,0.0002614516091174064,-0.19934833380308184,0.0010552440286770812
2019-04-26,8.882185323796713e-05,0.0971129252883039,-0.0074347867356891325,0.0002614258614926861,-0.199363978584211,0.0010531004200343109
2019-04-29,8.880958296909172e-05,0.09712221158365278,-0.007435364767983442,0.00026134375086986524,-0.19933098722169884,0.0010514827486578227
2019-04-30,8.877253159253184e-05,0.09713490905306708,-0.007437044855975223,0.0002614667200749101,-0.19931125641735592,0.001050267466304909
2019-05-01,8.87986484225515e-05,0.09713849928332974,-0.007437874612100117,0.00026150229117221616,-0.19927858982229532,0.0010502466736254173
2019-05-02,8.879000324032897e-05,0.09714484522291837,-0.007438781099626085,0.00026153494204239207,-0.1992845310035931,0.0010477848291472497
2019-05-03,8.879002987198036e-05,0.09715454360840568,-0.0074405632630115005,0.00026152389190384445,-0.199274240720013,0.0010466959915927069
2019-05-06,8.874581549614117e-05,0.09716363251433593,-0.007441443840054454,0.00026153601050859425,-0.1992518275320101,0.001045385025157817
2019-05-07,8.871630453798414e-05,0.09717216833917651,-0.0074413204567258815,0.0002615932998737332,-0.19926016335756608,0.0010441995881329907
2019-05-08,8.869605366217435e-05,0.09718337898461817,-0.007443145249783302,0.0002615732054554791,-0.19923984849472096,0.001043932106709131
2019-05-09,8.858279663450741e-05,0.09718506487934861,-0.007444790107866944,0.0002616167741199314,-0.19924865627120136,0.0010425557200580587
2019-05-10,8.859506131683758e-05,0.09719395562148996,-0.007446799998401948,0.00026174886804474027,-0.19925635607631037,0.0010418096868240198
2019-05-13,8.856681123630759e-05,0.09719144069286337,-0.007447304302084698,0.00026187860847110987,-0.19927789367979953,0.0010401092312252139
2019-05-14,8.851324882130312e-05,0.09719913384123988,-0.007448614788197352,0.0002619105673088359,-0.19930183898538223,0.0010394568732563089
2019-05-15,8.844692989449092e-05,0.09720161550823085,-0.007450246755665631,0.00026195128466562404,-0.19935295517587015,0.0010390239035606205
2019-05-16,8.850535111580095e-05,0.09720006433483716,-0.007451657469764851,0.0002619815689739193,-0.1993324820017058,0.0010382636216602873
2019-05-17,8.85024230790216e-05,0.09720008268976497,-0.007452021395332159,0.00026184650407412693,-0.19933394239021834,0.0010359775381140787
2019-05-20,8.849186933916034e-05,0.09720989986102183,-0.007453120235436606,0.00026177689266285446,-0.19929341134152134,0.0010345502321911842
2019-05-21,8.840858934164174e-05,0.09721314029733599,-0.0074544270404872295,0.0002617059310590165,-0.19930219828191315,0.0010338703281663124
2019-05-22,8.841487285578258e-05,0.09722251007766237,-0.007456118153572381,0.0002616825468297107,-0.19931064878684138,0.0010331219237800034
2019-05-23,8.838100206009101e-05,0.09723012660027079,-0.0074570998179634826,0.0002616768283866977,-0.19928052263980695,0.0010324111043079883
2019-05-24,8.837978497847772e-05,0.09723860767896682,-0.0074577008134449445,0.0002615356434844776,-0.19928901782210934,0.0010313716637233238
2019-05-29,8.837395029236382e-05,0.09725036965015767,-0.0074585696511476705,0.0002614663950550323,-0.1992899381652817,0.0010305075865095748
2019-05-30,8.831496221724008e-05,0.0972566744932413,-0.007460244322369368,0.0002613424378161024,-0.19924986301859382,0.0010302390799830344
2019-05-31,8.831036184537568e-05,0.0972624542122051,-0.007461446075922802,0.00026130572422938244,-0.1992594913090923,0.001029416312177482
2019-06-03,8.833615085277915e-05,0.09726828664928638,-0.007461888256585171,0.00026131476803603447,-0.19925152834200505,0.001029307330654257
2019-06-04,8.835280216538874e-05,0.09727335918854284,-0.007463578318245149,0.0002614261480346692,-0.19922769436398954,0.0010288913802125278
2019-06-05,8.837440456370341e-05,0.09728404525657174,-0.007464694268256966,0.0002614040224636793,-0.1992346361173113,0.001028393783014961
2019-06-06,8.835900357574296e-05,0.09728946816532291,-0.007465798112088766,0.0002612819783592967,-0.19924129773540603,0.0010283285201063282
2019-06-07,8.830541867533317e-05,0.09729680265019199,-0.007467476893813761,0.00026121600047623113,-0.1992220825185839,0.0010281069279079453
2019-06-10,8.83547634329434e-05,0.09730389751637261,-0.007468649802226362,0.00026117333787382854,-0.19924959689723812,0.0010275221922445407
2019-06-11,8.832386155597356e-05,0.09731007528411745,-0.007470083511867943,0.00026117800026008344,-0.19922310206947746,0.0010268584697291057
2019-06-12,8.837684264999768e-05,0.09731818814339017,-0.007470054277529053,0.00026121594187255095,-0.1991888877423538,0.0010260849534922559
2019-06-13,8.833602813347078e-05,0.09732281830260801,-0.007471858139901286,0.00026122988146671963,-0.1992447332090657,0.001026653095061569
2019-06-14,8.836109697789389e-05,0.09732565744213797,-0.00747326719689586,0.0002611509208088168,-0.19923645172119686,0.0010260827653474334
2019-06-17,8.837286466639171e-05,0.09733756652909174,-0.007474276017123036,0.0002610252410595974,-0.19924663180866892,0.001024646717688255
2019-06-18,8.83983816470385e-05,0.09734496174502599,-0.0074743911150818975,0.00026094797423290575,-0.19918638080923118,0.0010236166294139723
2019-06-19,8.846432046396469e-05,0.09735045729534801,-0.00747548858086446,0.00026078145583634526,-0.1991995425724582,0.0010227587245124326
2019-06-20,8.840568753386368e-05,0.0973612267062577,-0.007476853925751778,0.0002605919472924321,-0.19916847287621509,0.001022557295543003
2019-06-21,8.837803622700466e-05,0.09737059679843466,-0.007478725282258807,0.0002605776092878464,-0.19919210854408312,0.0010216800169163208
2019-06-24,8.835462845993721e-05,0.09737260664853988,-0.0074795400725067565,0.00026053867044250034,-0.1991573638741516,0.0010210171265077784
2019-06-25,8.839385791698758e-05,0.09737810760287863,-0.007480845212315962,0.0002604807909860865,-0.19914218270279854,0.001020498487433111
2019-06-26,8.83274065780932e-05,0.09738515104047804,-0.007481848332605233,0.0002605540482751486,-0.19912714872743573,0.0010195935351641017
2019-06-27,8.827688878249807e-05,0.0973832629364915,-0.007483652749842652,0.00026045558585075407,-0.19911033257189384,0.0010194719614028695
2019-06-28,8.828124763290931e-05,0.09739250398379831,-0.007484443508285773,0.00026032612163946864,-0.19910941842194896,0.0010187802805388848
2019-07-01,8.825039999682654e-05,0.09740198347405155,-0.007485748431276758,0.00026026477565873246,-0.19909544213113056,0.0010171679418818835
2019-07-02,8.819143982711293e-05,0.09740631623520983,-0.007487805794471503,0.0002602941784638498,-0.19912353761334814,0.0010158046257646707
2019-07-03,8.818704334384859e-05,0.09740896853868826,-0.007487933447737001,0.0002602777229810578,-0.1991531069224418,0.0010142036105500562
2019-07-08,8.826584590350699e-05,0.09740972208980443,-0.007487844358145947,0.00026008483878781487,-0.19912138918743527,0.0010129183025137222
2019-07-09,8.828768986802839e-05,0.09741761713416591,-0.007488903581744189,0.00025993544569717403,-0.19910981285887158,0.0010111119300998978
2019-07-10,8.826467704454507e-05,0.09741990790601107,-0.00749008403082383,0.00025985599542725974,-0.1991288059313909,0.0010095197269368123
2019-07-11,8.824062087285612e-05,0.0974241752140783,-0.007490756970906946,0.00025975856305564195,-0.19911608145762033,0.001008739328527496
2019-07-12,8.827826908087852e-05,0.09742440225756557,-0.007492014592420912,0.0002597059298482382,-0.1991361245735343,0.0010073535854503363
2019-07-15,8.824633461690822e-05,0.09743059784362812,-0.007493196198780994,0.00025968233886207123,-0.19908750496968045,0.0010062085955913071
2019-07-16,8.822711421435692e-05,0.09743392346585832,-0.007493931105798473,0.00025957035386982806,-0.19912942810313736,0.0010051369372538256
2019-07-17,8.830831953102123e-05,0.09743686324986899,-0.007495007126117222,0.00025945310040840033,-0.19914495993064654,0.0010046772704539082
2019-07-18,8.826691730844661e-05,0.09744659077079133,-0.007496063098603701,0.0002594235109686495,-0.19912584354335947,0.001004074168555023
2019-07-19,8.831829115278259e-05,0.09745216890372552,-0.007497352410002604,0.0002593413730470825,-0.19911638182629868,0.0010020787917754822
2019-07-22,8.83779558692981e-05,0.09745969692180322,-0.007498038239016612,0.0002591958606533837,-0.19911516918186511,0.0010019332750467668
2019-07-23,8.841317162525288e-05,0.09746341560103958,-0.007498661240670999,0.00025898072730580203,-0.1991018115964036,0.0010008136267403024
2019-07-24,8.836783840712562e-05,0.09747200827213887,-0.007499523596428533,0.0002589021660487841,-0.19907688080307206,0.0009997718723814173
2019-07-25,8.832986678589297e-05,0.09747984510078593,-0.00750077935083485,0.00025892465739154897,-0.1990494989464615,0.0009987287102608002
2019-07-26,8.83736249914701e-05,0.0974801787522247,-0.007501920954475078,0.0002585757436148941,-0.19907823522821155,0.0009981209493014455
2019-07-29,8.83683505652378e-05,0.09748359431272449,-0.007502548408803603,0.000258473726310712,-0.19904699020107144,0.0009962333694437705
2019-07-30,8.844675312687171e-05,0.0974948373947812,-0.007504340119037705,0.00025836117162070265,-0.19903470256943337,0.000995282021416516
2019-07-31,8.843441493993354e-05,0.09750380154079367,-0.00750699642313125,0.00025820304621878263,-0.19903731300681868,0.0009944245252210516
2019-08-01,8.849980138967755e-05,0.09751342426615559,-0.007508111522562014,0.0002581464181959318,-0.19905942145413413,0.0009924289136787419
2019-08-02,8.852084125715175e-05,0.09750976071882803,-0.00750974592502014,0.0002581647484619034,-0.1990588765818137,0.0009917441623939357
2019-08-05,8.855337041478565e-05,0.09751642654345895,-0.007511369955587617,0.0002579131066619629,-0.19911175557714772,0.000990440857314295
2019-08-06,8.854893724490711e-05,0.09752418549884115,-0.0075126272650098405,0.0002578581613702725,-0.19911670359393607,0.0009884381789027523
2019-08-07,8.851138994837334e-05,0.09752731876566474,-0.007514433940255161,0.0002576898160558512,-0.19914129136472683,0.0009882326371444747
2019-08-08,8.856896849473527e-05,0.09753184606807741,-0.0075156139831079015,0.0002577090715988987,-0.19917918412749985,0.0009871359131942057
2019-08-09,8.860470213635505e-05,0.09753752415353241,-0.007516588667228639,0.0002575344523895529,-0.199133238365283,0.0009854727245610603
2019-08-12,8.857624937278779e-05,0.0975421026075207,-0.0075179653726093094,0.000257493408745768,-0.1991084740076099,0.0009844261924164253
2019-08-13,8.866655305347904e-05,0.09754725626727946,-0.007518668754153121,0.00025725248326589797,-0.19910849445935808,0.0009829130401031129
2019-08-14,8.872155985756148e-05,0.097554266222543,-0.00751973781897513,0.0002571274010723398,-0.19913314317817593,0.0009813729778902621
2019-08-15,8.873649461100158e-05,0.0975637056974445,-0.007520834578964149,0.00025704171168104895,-0.19908076968194877,0.0009803100742741397
2019-08-16,8.865266083175651e-05,0.09756915682710182,-0.007522380813741339,0.00025683821343946295,-0.1990243255113741,0.0009790596773553866
2019-08-19,8.868922131511388e-05,0.09757263361639543,-0.0075240044589589454,0.0002567967583033476,-0.19899933104051584,0.0009771975631625248
2019-08-20,8.868257801681962e-05,0.09758453048656045,-0.007525335319439755,0.0002566795008404053,-0.19896404812662385,0.0009767814513498474
2019-08-21,8.869251328835721e-05,0.09759218864739473,-0.007526169510488163,0.00025642966951336545,-0.19897222262860104,0.0009756068024242815
2019-08-22,8.869986229699973e-05,0.09759925169731185,-0.007527032886497118,0.0002563658834774534,-0.19891394989512232,0.0009735592324806445
2019-08-23,8.877619682775145e-05,0.09760655993231947,-0.007528339871035839,0.00025628967717201316,-0.19888333668981403,0.0009719421656578628
2019-08-26,8.87869759482976e-05,0.09761181496984349,-0.007529276570347947,0.0002560305660416918,-0.1988916117880831,0.000970805978216725
2019-08-27,8.880692392629443e-05,0.09762094003006075,-0.007531786371854638,0.00025596208964703273,-0.1989308271115317,0.0009694148641989824
2019-08-28,8.876073583957132e-05,0.09762822991631875,-0.007532637237814585,0.00025583881204063383,-0.19896022902557753,0.000968506582743191
2019-08-29,8.874457166880599e-05,0.09763671571674823,-0.007534512475194222,0.0002556050799965942,-0.1989553713807314,0.0009676692208355848
2019-08-30,8.877845475559173e-05,0.09764763262783782,-0.0075360727427142065,0.000255393582590978,-0.19894016326089298,0.000965732127181911
2019-09-04,8.881113780412036e-05,0.09765734681263133,-0.00753741230995879,0.0002553425403500046,-0.1989536928388435,0.000964055236865908
2019-09-05,8.881467246377662e-05,0.0976633833172291,-0.007538472609311507,0.00025524228450336404,-0.19897629679960213,0.0009626052692235524
2019-09-06,8.88125301944083e-05,0.09766630559139258,-0.00753985119094547,0.00025519482225395013,-0.19895719935870088,0.0009603213485032157
2019-09-09,8.876706000020324e-05,0.09767405813521238,-0.007541623131643185,0.00025523096605987175,-0.19897965747577998,0.0009589122100959709
2019-09-10,8.876758467560879e-05,0.0976791671628948,-0.0075434299634042105,0.00025500334521493423,-0.1990421955188149,0.0009576263275312602
2019-09-11,8.871604481185751e-05,0.0976891104169829,-0.007545014914782737,0.00025503260977163724,-0.19906429410965956,0.0009560096601651053
2019-09-12,8.870570324530753e-05,0.09769837039254897,-0.007546314579140447,0.000254933113962674,-0.19905755500243635,0.0009552472107303435
2019-09-13,8.867109382230697e-05,0.09770036425659115,-0.007548549287272787,0.00025484816041991364,-0.19904810285467398,0.0009539700745152938
2019-09-16,8.862650147308294e-05,0.09770545001121814,-0.007550087245997447,0.00025470975265431354,-0.19905858766412807,0.0009534134060790818
2019-09-17,8.858634341806232e-05,0.09771190558013533,-0.0075520406235031765,0.0002545818146543476,-0.19903839838603074,0.000951842270549767
2019-09-18,8.860733510831252e-05,0.09771451515437608,-0.0075530972481334165,0.00025439809183476817,-0.19902807748753762,0.0009505366001000431
2019-09-19,8.864214972583502e-05,0.0977214523365661,-0.0075545463018343246,0.00025447143164110793,-0.19904450022066678,0.0009487438633599464
2019-09-20,8.862488829330608e-05,0.09772719609476375,-0.007556004413408829,0.0002545025022654985,-0.1990218330036797,0.0009471445845135873
2019-09-23,8.86461403340159e-05,0.09772628764557134,-0.007556326219334556,0.0002542346404425418,-0.19905017686914434,0.0009463359951039047
2019-09-24,8.865597111323527e-05,0.0977301197201307,-0.007557293093415446,0.00025407363438840623,-0.19906859784591324,0.0009455177267254865
2019-09-25,8.862720151321633e-05,0.0977353392370682,-0.007557554215739311,0.00025397770779800023,-0.19905792094785174,0.0009437104715635214
2019-09-26,8.859501834833206e-05,0.09774023380965328,-0.007558634392731143,0.0002539745702165476,-0.19903298215298804,0.0009420356248325168
2019-09-27,8.853950793853955e-05,0.0977524292037483,-0.007558925611171484,0.00025398084450224115,-0.19899826795450515,0.0009423522981774942
2019-09-30,8.855291701113313e-05,0.09775543659846843,-0.007560425225711826,0.00025391149819292696,-0.1989969251912977,0.0009410830880261895
2019-10-01,8.855733842772124e-05,0.09776321226700277,-0.007561811017182575,0.0002538053236276686,-0.19901291068287724,0.0009404682666476023
2019-10-02,8.854654858677937e-05,0.097768123837732,-0.007562717422027425,0.000253663203113621,-0.19903590397914744,0.0009383119372091146
2019-10-03,8.858613711883377e-05,0.09777704773145858,-0.007564167787258975,0.0002534173613200518,-0.19901128501871074,0.0009373127216253134
2019-10-04,8.854771444650775e-05,0.09778940568448319,-0.00756482073870338,0.00025320607586722305,-0.19898881165715981,0.0009355302745418608
2019-10-07,8.853160588568443e-05,0.09779607807094659,-0.007565985263434856,0.0002533373992848628,-0.19894783343133549,0.0009328410998849426
2019-10-08,8.849046203341949e-05,0.09780179117730492,-0.007567043787940318,0.0002532272613651247,-0.1989390692990329,0.0009305119817843558
2019-10-09,8.844794696893087e-05,0.09781319528465916,-0.00756898589004427,0.0002531228712665083,-0.1988810473839788,0.0009296279160269834
2019-10-10,8.849454127377169e-05,0.09782458816870407,-0.00757034250100637,0.000253073093410329,-0.19889378062165827,0.0009278108932527678
2019-10-11,8.852856992123967e-05,0.09783210734994857,-0.007571181979973656,0.00025298182894382704,-0.19892630915656148,0.0009271189949359528
2019-10-16,8.858135813526103e-05,0.09784366750038641,-0.007571576011918891,0.000252905667641038,-0.19893706694145794,0.0009254780724734554
2019-10-17,8.857701228822049e-05,0.09785036683915144,-0.007572664823376656,0.0002527110368696824,-0.198965742126458,0.0009243066185908651
2019-10-18,8.861839694480504e-05,0.09785807559358504,-0.0075745720612426515,0.0002525753535740426,-0.19896615954842123,0.0009236180111568202
2019-10-21,8.864064845964292e-05,0.09786435859906649,-0.007576176736175419,0.00025235881316072175,-0.1989661438597173,0.0009222047681934282
2019-10-22,8.862925541569435e-05,0.09786915797032428,-0.0075780109068024105,0.0002523102364152564,-0.19899593919955183,0.0009211599372887479
2019-10-23,8.871978546522411e-05,0.09787183399093564,-0.007579268906047769,0.00025229601580815995,-0.19901041643304537,0.0009204916174010628
2019-10-24,8.870006373405544e-05,0.09788244929656516,-0.007580202861438392,0.00025218838961949,-0.19899449767418076,0.0009198375932972472
2019-10-25,8.870240849468706e-05,0.0978895282592224,-0.00758171948134336,0.00025212886943020704,-0.1990071020291437,0.0009185571092763526
2019-10-28,8.874420353506618e-05,0.09789423740903201,-0.007583670214789783,0.0002521010652639779,-0.19899041715393564,0.0009171407881443719
2019-10-29,8.877293507565018e-05,0.09790408225328295,-0.007584882901668047,0.00025198163577727195,-0.19896705076632262,0.0009159410776033456
2019-10-30,8.876037360814172e-05,0.09791043551810567,-0.007585765277849607,0.0002520320861270569,-0.19892040557204993,0.0009146348923895408
2019-10-31,8.879190271815089e-05,0.0979198826003043,-0.007587765583054947,0.0002518651062945807,-0.198928794617978,0.0009132650784470568
2019-11-01,8.878250496161035e-05,0.09792770518253952,-0.007588574170984313,0.00025174385611939523,-0.1989191620880829,0.0009114425548147926
2019-11-04,8.879895018012218e-05,0.09793056660967436,-0.00758971437940802,0.0002515833707380166,-0.19889656181267734,0.000909959150345896
2019-11-05,8.887476487189597e-05,0.09793903200738814,-0.007590664761489788,0.00025152759876537043,-0.19887671359395864,0.0009084432661868462
2019-11-06,8.888556642325292e-05,0.09794508232277994,-0.00759136448125736,0.0002514134686837368,-0.19885190298190195,0.000907058954761958
2019-11-07,8.884444595852288e-05,0.09794683995355027,-0.0075919001159333414,0.0002514407916539254,-0.198842340337082,0.0009063253606472854
2019-11-08,8.887312165565701e-05,0.09795259960670018,-0.007593648813773953,0.0002514284753110947,-0.19884392474674634,0.000904599915870423
2019-11-13,8.886295170687084e-05,0.0979622136915064,-0.007594135046058759,0.0002513739382531655,-0.19881300468886257,0.000902276671413632
2019-11-14,8.879131318295212e-05,0.09797147245219612,-0.007594698278265733,0.0002513419861940703,-0.19880483052079254,0.0009007521312607905
2019-11-15,8.878266025185668e-05,0.09798349709198866,-0.007595868626220943,0.0002511641128306221,-0.19876688953624183,0.000898541153700004
2019-11-18,8.874182080150745e-05,0.09799309007772163,-0.007596977368518193,0.0002509871277109444,-0.19879086130840984,0.0008969044040651212
2019-11-19,8.877857102955555e-05,0.09799205796065975,-0.007598659657139947,0.00025088886589679687,-0.19875588144637468,0.000895282317844079
2019-11-20,8.868839392305756e-05,0.09800391948826204,-0.007599956240652485,0.00025081124870716487,-0.19871580202514422,0.0008938462611232515
2019-11-21,8.868576421694643e-05,0.09800916217635619,-0.007601551505747914,0.000250811875686328,-0.19875627428691306,0.0008934835594109232
2019-11-22,8.876699271703254e-05,0.09801961759191007,-0.0076036580978464914,0.0002505798779085891,-0.1987719960463921,0.0008923449218440492
2019-11-25,8.874445825856894e-05,0.09802788204988963,-0.007605829337921412,0.0002503870404312482,-0.19874297837646618,0.0008913121464388247
2019-11-26,8.873410985291577e-05,0.09803185022246118,-0.007607463776091351,0.0002501692504032851,-0.19876883642322277,0.000890556724066406
2019-11-27,8.877479518973963e-05,0.09803191592738292,-0.007608960177389605,0.00024998574521539947,-0.19876075491440584,0.0008895930329796815
2019-12-02,8.874783622880873e-05,0.09803487526010016,-0.007610531455932623,0.00024982581272051736,-0.19879176170792698,0.0008890601678229453
2019-12-03,8.872439544487923e-05,0.09803758314493506,-0.007612230573793362,0.0002496797197008559,-0.19879419145550695,0.0008874317553630227
2019-12-04,8.87365176885669e-05,0.09804714660760219,-0.007613810420429979,0.0002496878578147425,-0.19880212876875095,0.0008849505690206618
2019-12-05,8.872404889047275e-05,0.0980544023849102,-0.007615461968737615,0.00024964892905512346,-0.1987680748195995,0.0008831742583853082
2019-12-06,8.872479677087301e-05,0.09806707332862975,-0.0076166597603213974,0.00024965611365070935,-0.19880944319254945,0.000882420674859954
2019-12-09,8.870706442773848e-05,0.09807468714585449,-0.007618260992497126,0.00024961863313762453,-0.1988422578141331,0.0008814968673402042
2019-12-10,8.872074001851012e-05,0.09807795606951099,-0.007619001911493411,0.0002496511997116666,-0.19881636636716563,0.0008803572785661357
2019-12-11,8.87136468083522e-05,0.09808551131798823,-0.007620041542613729,0.0002496443558976557,-0.19883620581864142,0.0008796391504596784
2019-12-12,8.87097097936581e-05,0.09808902712295069,-0.007622045192479307,0.00024968757412093326,-0.1988302592038235,0.0008788084776687563
2019-12-13,8.866517745417414e-05,0.09809688148411586,-0.007622756654459278,0.00024968090557856527,-0.19882768800519185,0.0008786763435004025
2019-12-16,8.869327675486662e-05,0.09810564391803064,-0.00762333394952392,0.0002498444425966887,-0.19884703692490915,0.0008777296141284039
2019-12-17,8.875555795610829e-05,0.0981135233648407,-0.007625262508994966,0.0002498144540540463,-0.19887484083532994,0.0008763228693794015
2019-12-18,8.869335786561217e-05,0.09812147171018082,-0.007626464529445685,0.000249784374412273,-0.19885291936480226,0.0008745468571670126
2019-12-19,8.864023695025471e-05,0.09813095284009715,-0.007628337716004245,0.0002495908155857678,-0.1988851690971501,0.0008740682540069736
2019-12-20,8.86798254223611e-05,0.09813863220043854,-0.007629366611887301,0.00024943027178139115,-0.19887399092435423,0.000873165967252963
2019-12-23,8.868471871911697e-05,0.09815023048012635,-0.007630194242185368,0.00024930453795797114,-0.19890831219447647,0.0008708750715952067
2019-12-24,8.865297033963888e-05,0.09816235330033113,-0.007631482524913574,0.0002492080938243964,-0.1988994686483557,0.0008692968536005269
2019-12-27,8.869920005899094e-05,0.09816724343151143,-0.007632094427561028,0.00024906053273791666,-0.1989243926685642,0.0008680845330580563
2019-12-30,8.866014865569295e-05,0.09817262993272523,-0.007633590455550403,0.00024897216181933384,-0.1989362568872852,0.0008662263868118921
2019-12-31,8.86560864937471e-05,0.09817705053926558,-0.007634344630335758,0.0002488448102125252,-0.19894888195181232,0.0008648210942348277
2020-01-03,8.864894113996485e-05,0.09818695665799279,-0.007635373449926319,0.0002487396574704263,-0.19893786832688803,0.0008631483823339569
2020-01-06,8.865115738769764e-05,0.09819892319447011,-0.007635528052658741,0.0002486670768463146,-0.1989427716905679,0.0008612620339986188
2020-01-07,8.859107807939212e-05,0.09820495262303064,-0.007636833046263856,0.00024864163258908655,-0.19894864602113882,0.0008600738085927707
2020-01-08,8.859248139279772e-05,0.09820855817379243,-0.007638725632679827,0.0002486605248632355,-0.1989673586163126,0.0008597782066783084
2020-01-09,8.861419035629342e-05,0.09822109338092491,-0.007639967715430892,0.0002486867050089984,-0.19898685424073756,0.0008592417114971957
2020-01-10,8.863550399423783e-05,0.09822338134358569,-0.007641544218139919,0.00024867742269477246,-0.1989620165297602,0.0008583892040939832
2020-01-13,8.86234301041594e-05,0.09822457664040554,-0.007641945646265497,0.00024854271480240957,-0.19894518538382477,0.0008569903346459283
2020-01-14,8.86169197386861e-05,0.09822845251104893,-0.007643692611056021,0.00024840477848093177,-0.1989579488825372,0.0008556509754974919
2020-01-15,8.854674801246581e-05,0.09823418234476271,-0.007644820787445059,0.00024830705173501354,-0.19894993575179848,0.0008539522483342674
2020-01-16,8.860741652275712e-05,0.09824679113374148,-0.007645335864023081,0.0002482247196871648,-0.1989525244907616,0.0008524716621022142
2020-01-17,8.856830493927051e-05,0.098253290957216,-0.007646576465901475,0.0002480067668703562,-0.19895243573442434,0.0008518195648732215
2020-01-22,8.852489854583376e-05,0.098262184086378,-0.007647912950637015,0.00024796748857451297,-0.19891137729513586,0.0008503748324126495
2020-01-23,8.848929270450294e-05,0.0982713311264265,-0.007649566026857357,0.00024791535444021847,-0.19894931340785954,0.000850082549696667
2020-01-24,8.854312212028721e-05,0.0982791559876731,-0.0076509949830021375,0.00024780794590536446,-0.19896061675027477,0.0008494119109382712
2020-01-27,8.849493669835869e-05,0.0982853289906665,-0.007652117463987939,0.0002477658890196176,-0.1989346227658234,0.0008476618533987388
2020-01-28,8.847303198252666e-05,0.09828945192529924,-0.007652247564818053,0.00024767974335327325,-0.19896628259410967,0.0008464444903843863
2020-01-29,8.853527942956952e-05,0.09829397206185662,-0.007652962625930166,0.00024754493062432157,-0.19892630586160906,0.00084492559556505
2020-01-30,8.856376264876728e-05,0.09830687565890153,-0.007654422421886368,0.0002475459590839447,-0.19890716953157492,0.0008437310938768296
2020-01-31,8.849099336518057e-05,0.09830731259126972,-0.007655376123008577,0.0002472570210814597,-0.1988980206243951,0.0008427329126347201
2020-02-03,8.849499569357429e-05,0.09831414351733554,-0.0076557356421673465,0.00024719768290286175,-0.19889516941037894,0.0008417945629080009
2020-02-04,8.845769893553712e-05,0.09832408695536135,-0.0076575122069633544,0.0002470077816826544,-0.19890791989595097,0.0008407398383276385
2020-02-05,8.850038082419151e-05,0.09833439743677569,-0.007659137275507914,0.0002470302787763583,-0.19890972992761755,0.0008391066342938434
2020-02-06,8.849070941421024e-05,0.09834233386927074,-0.007660322851316627,0.00024703681275773303,-0.19891731979894528,0.000837554868195415
2020-02-07,8.849181989992637e-05,0.09834442027651437,-0.007662609615382176,0.0002469674311350995,-0.1989366874837075,0.0008363791786893699
2020-02-10,8.84725974338923e-05,0.09834989905871316,-0.007664119954041012,0.00024704264048891846,-0.19893178587890314,0.0008349985947975941
2020-02-11,8.850075005730084e-05,0.09835770364353501,-0.007665202917105513,0.00024693863100695327,-0.19889498576249956,0.0008339480555965416
2020-02-12,8.849888756859378e-05,0.09836500157977442,-0.00766650678564153,0.00024682090969991953,-0.1988805031269405,0.0008320366701177948
2020-02-13,8.847469459343453e-05,0.09836957580354488,-0.007666682222306327,0.00024679376935949943,-0.1988776430856749,0.0008307702496793284
2020-02-14,8.84979557425968e-05,0.0983798863258445,-0.007668283160854391,0.0002467368584724913,-0.19883016161627226,0.0008290360967799236
2020-02-19,8.852710623920479e-05,0.0983857887085547,-0.0076689511403242,0.0002466685714228619,-0.19887720445142493,0.0008268270735023709
2020-02-20,8.84930628358513e-05,0.0983875044251827,-0.007670209839669355,0.00024666045417733723,-0.19884026030179852,0.00082545525333922
2020-02-21,8.853758298572196e-05,0.09839572119549995,-0.007671314770920358,0.00024649556055219576,-0.19886555814830156,0.000823402479898646
2020-02-24,8.852048730316669e-05,0.09840079829310884,-0.007672696744547293,0.00024631789784661023,-0.1988741137522511,0.0008212141698383846
2020-02-25,8.850981421674733e-05,0.09840818941938106,-0.00767440290231903,0.00024645808618475136,-0.19884804108530388,0.0008199854025790359
2020-02-26,8.852697027812824e-05,0.09841899656059233,-0.007675712368807624,0.0002462836604140234,-0.1988455626047064,0.0008187993934400286
2020-02-27,8.855498320169354e-05,0.09842429420116984,-0.007676547702775463,0.00024638330088824306,-0.19883171901024976,0.0008175320898742075
2020-02-28,8.857766658730218e-05,0.09843699331236748,-0.007677106794995128,0.00024651051289698977,-0.19882263259518246,0.0008162589881787732
2020-03-02,8.856374567709479e-05,0.09844912536998718,-0.007678359875795814,0.00024637857364673385,-0.1988261025487995,0.0008150042233859361
2020-03-03,8.857549361092634e-05,0.09845448112920593,-0.0076803057176014,0.0002462096349398921,-0.1988238454413494,0.0008127336109196683
2020-03-04,8.856566602250927e-05,0.09845488977210273,-0.007681541006917361,0.0002461560529768953,-0.19878713208423088,0.000810801160494214
2020-03-05,8.857988383553328e-05,0.09846279329935213,-0.0076821439999174715,0.0002461513706102692,-0.1987956033734649,0.0008084440863035802
2020-03-06,8.858644653533961e-05,0.09847363721719198,-0.007683451495201561,0.00024606822501137575,-0.19876557004620185,0.0008072010242798303
2020-03-09,8.855490404621181e-05,0.09847927274211658,-0.00768418606972273,0.0002459948336818699,-0.19875699019932527,0.0008055961817139674
2020-03-10,8.858558593543093e-05,0.09849169099614322,-0.007684328898562333,0.00024594933261533054,-0.1987395916431338,0.0008041738099514894
2020-03-11,8.855854867542741e-05,0.09849953231793482,-0.007685313627942996,0.00024588100444313297,-0.1987691724413116,0.0008028444116849466
2020-03-12,8.857799928757032e-05,0.09851342793989394,-0.007685649838447833,0.0002457415826821693,-0.19872974588748715,0.0008011657481372999
2020-03-13,8.856949019701866e-05,0.09852540797047571,-0.007687012607363331,0.0002456528997899101,-0.19872556480445466,0.0007992422409858926
2020-03-16,8.858502934278103e-05,0.09853627324857407,-0.007688409804957948,0.00024550706369535265,-0.19870841805321315,0.0007962779689427548
2020-03-17,8.862920229239274e-05,0.09854539828738525,-0.007688924884445632,0.00024531731019218714,-0.19863088852607239,0.0007954098884570791
2020-03-18,8.865385503460831e-05,0.09855480114928653,-0.00768959942571666,0.000245169935564402,-0.1985879550513364,0.0007931060205169613
2020-03-19,8.863428435776295e-05,0.09857239381281463,-0.007691046337374037,0.00024505148052351457,-0.19861473050155906,0.0007918137082972515
2020-03-20,8.85962017830983e-05,0.09858240119683297,-0.0076909731542476245,0.0002449007409787643,-0.1985528579945082,0.0007894164306999493
2020-03-23,8.86707479722388e-05,0.09860337006856248,-0.007690818391615619,0.0002449705456071232,-0.19854469246747608,0.0007885984197383894
2020-03-24,8.875793561986829e-05,0.09861613430533449,-0.0076914218924257925,0.00024479383045214345,-0.1985757312142432,0.0007869769265350039
2020-03-25,8.876100213859487e-05,0.09862878297932781,-0.007692412386891706,0.00024462435140339936,-0.19854112726582948,0.0007864617465301485
2020-03-26,8.871098193408371e-05,0.09863566604176957,-0.007692635550387954,0.0002444796289277934,-0.19854101255326542,0.00078443647495316
2020-03-27,8.870853763093504e-05,0.09864374990190564,-0.0076942683976389216,0.0002441981145551557,-0.19851816408567835,0.0007820963293722283
2020-03-30,8.870248922491787e-05,0.09865443664112973,-0.007695351762556851,0.0002442853676965879,-0.1984947948402694,0.0007798048163198212
2020-03-31,8.870400544741873e-05,0.09866733140065682,-0.007695475776635332,0.0002443419610987144,-0.19850831282832676,0.0007776378787426983
2020-05-01,8.875721131519174e-05,0.09867680685331501,-0.007696825953621686,0.0002442001416698028,-0.19852090219637858,0.0007757738602231365
2020-05-04,8.877675377448187e-05,0.09868586210805902,-0.007696913355807084,0.000244164254001701,-0.19851914201417684,0.0007744209206293883
2020-05-05,8.869947093097126e-05,0.0986984595908225,-0.007697400423377335,0.00024409749509685726,-0.19849476769541194,0.000772798097254556
2020-05-06,8.869090334786016e-05,0.09870516514239155,-0.007697971840783981,0.00024411438865603024,-0.19854745252505018,0.0007699723063060283
2020-05-07,8.869254418367381e-05,0.09871278191065082,-0.007699184755704615,0.00024406373401852916,-0.19854122586999354,0.0007675591368177784
2020-05-08,8.867910330186959e-05,0.09872103971325853,-0.007699990935626413,0.00024396296268552133,-0.19853021054347564,0.0007658522318459858
2020-05-11,8.862236864194314e-05,0.0987318631368265,-0.007700840958175786,0.00024376955737290406,-0.1985729174573911,0.0007635034158860382
2020-05-12,8.865159279532336e-05,0.09873947727725733,-0.007701545765535198,0.00024372869239834493,-0.19850966459870928,0.0007627939035649122
2020-05-13,8.867572603983871e-05,0.09874262873702905,-0.007702307554841038,0.00024360317739260154,-0.19851733899603513,0.000761129074858054
2020-05-14,8.869168597093208e-05,0.09875401182702656,-0.00770345925469953,0.00024349765108217083,-0.198514879331069,0.0007599430238307014
2020-05-15,8.872504986446317e-05,0.09875931332565795,-0.007703920230696541,0.00024337025608483527,-0.19852873887181738,0.0007581441709074637
2020-05-18,8.869029797200588e-05,0.09877187137790981,-0.007704748757675242,0.00024322988808801664,-0.19852300382039775,0.0007561986311348933
2020-05-19,8.869907966588237e-05,0.0987786381122118,-0.007705915495000144,0.00024317128416624718,-0.1985271990591856,0.0007536345756663435
2020-05-20,8.876780951136301e-05,0.09878188864431,-0.007707455773599857,0.000243089892725917,-0.19855159521823168,0.0007513465379293594
2020-05-21,8.878206688535875e-05,0.09879666730150591,-0.0077075691196392135,0.0002433091451781249,-0.19856884245633144,0.000750522679542369
2020-05-22,8.882554959762168e-05,0.09879781229667702,-0.007708119905459995,0.00024329873295595586,-0.19858664442133256,0.0007485647423960977
2020-05-27,8.87704393922974e-05,0.09880241560950816,-0.007709258554885972,0.00024324080493571697,-0.19860276752404857,0.0007473383749884883
2020-05-28,8.87274274218893e-05,0.0988144529800857,-0.007709502722407077,0.000243174821116814,-0.19859134951975624,0.0007459310566368654
2020-05-29,8.872955055822699e-05,0.0988267537817988,-0.007710035866019163,0.00024293001892730754,-0.19858294631780832,0.000744562192316093
2020-06-01,8.872239341633977e-05,0.09883720147994508,-0.007710276115143529,0.00024283489997261668,-0.1986126510754345,0.0007429190323213587
2020-06-02,8.871997352016563e-05,0.09885117148483492,-0.007710834822308612,0.00024283816635644896,-0.19862952498054232,0.0007401422662954866
2020-06-03,8.873591981191326e-05,0.09885791273394835,-0.007712663094460609,0.00024278296805452097,-0.19861883928654694,0.0007382740029271747
2020-06-04,8.873293736780712e-05,0.0988674914284242,-0.007714203360790567,0.0002429357095504808,-0.19861235807342442,0.0007373456538120309
2020-06-05,8.865540986357973e-05,0.09887581264137763,-0.007714988198203763,0.0002427422257144133,-0.1986170861975819,0.0007356760257784397
2020-06-08,8.868303802077832e-05,0.09888376872826193,-0.007716859286355681,0.00024269362906283138,-0.198600003803044,0.0007338971391742354
2020-06-09,8.868428121577219e-05,0.09889606376293072,-0.007717780457686674,0.00024264277251130758,-0.1985860273907628,0.0007322233846735434
2020-06-10,8.866405269646693e-05,0.09890560882304703,-0.007719416095078438,0.000242511489955302,-0.198615677017266,0.000729465228105733
2020-06-11,8.865621267587152e-05,0.0989087999247171,-0.007720622392123805,0.0002423177533306165,-0.19859785864621524,0.0007282345469166625
2020-06-12,8.859619988605141e-05,0.09892073621922294,-0.007721554295612002,0.0002423824106451756,-0.19863662845224528,0.0007268538527329968
2020-06-15,8.862387806123984e-05,0.09892868952175793,-0.007721317750442284,0.00024238025632959475,-0.19863836839684007,0.0007259616560633085
2020-06-16,8.859919302642698e-05,0.09893729317270505,-0.007722634804041754,0.00024229906203362687,-0.19864901957466152,0.0007238579461717352
2020-06-17,8.864752484859291e-05,0.09894442704055428,-0.007723896463478624,0.00024232203351404045,-0.1986880529839605,0.00072215632969267
2020-06-18,8.866440117235322e-05,0.09894974886612512,-0.00772480859935536,0.00024222445651070283,-0.19869209050938746,0.0007195303349376569
2020-06-19,8.86299063179875e-05,0.09896432587042087,-0.007725688797087641,0.0002421243097731854,-0.19867775911958963,0.0007171594402902349
2020-06-22,8.866043563647845e-05,0.09897061651839971,-0.0077263108291122625,0.0002420506075776252,-0.1987099044319288,0.0007156253608499612
2020-06-23,8.869032989382899e-05,0.09897677437365883,-0.007727084588886029,0.00024213269181571723,-0.19874027303630662,0.0007138950762982793
2020-06-24,8.867204705180651e-05,0.09898675610954766,-0.007727725836762184,0.00024195728874522066,-0.1987901190817399,0.0007121776964597107
2020-06-25,8.868227605793304e-05,0.098994733042038,-0.0077283789365530505,0.00024188577850306887,-0.19880947530689747,0.0007100849732372877
2020-06-26,8.867690575902012e-05,0.09900274636198189,-0.0077299942273712135,0.00024184358629120202,-0.1988169827802765,0.0007078267794816377
2020-06-29,8.866361823755647e-05,0.09901606082248438,-0.007730732842921863,0.0002416970476279317,-0.1988419353435895,0.0007064903161872371
2020-06-30,8.861790605230577e-05,0.09902280206641825,-0.007731821163883031,0.000241609742885427,-0.19882905578741708,0.0007053169233537766
2020-07-01,8.858379165900781e-05,0.09903327688632614,-0.0077318376467085444,0.00024149609412987496,-0.1988063987607871,0.0007038417636985457
2020-07-02,8.853355701368263e-05,0.09903308079713362,-0.007732371890350801,0.0002412954781700921,-0.1987823292169778,0.0007017453424061843
2020-07-07,8.852572022755852e-05,0.09904138101673923,-0.007733448628957263,0.00024123866307164762,-0.19879207394655218,0.0007000619144064704
2020-07-08,8.851033779545216e-05,0.09904651714679848,-0.007733716219884753,0.00024124021035994972,-0.19876933081438694,0.000699213023162431
2020-07-09,8.851102327245225e-05,0.099051356287795,-0.007735292784461611,0.0002410915556314981,-0.19878151199961216,0.0006965728925245434
2020-07-10,8.848074194985781e-05,0.09906077630290407,-0.007736693058762887,0.00024109605248044582,-0.1987951139501527,0.0006952333166462695
2020-07-13,8.845177692699225e-05,0.09906992437105094,-0.007737931426891988,0.00024094219289015606,-0.19881650705897058,0.0006939707708573061
2020-07-14,8.838714566135043e-05,0.09908322981096399,-0.007738953084726947,0.00024102203506618446,-0.1988013860736588,0.0006930757930104747
2020-07-15,8.841558623527308e-05,0.09908310656606512,-0.007739531133763118,0.00024089122869256973,-0.1987707643424449,0.0006915501503566796
2020-07-16,8.839601772690306e-05,0.0990990954927295,-0.007740309412230537,0.00024067470609125607,-0.19877157499847586,0.0006899879876436936
2020-07-17,8.834345816263228e-05,0.09910353605380232,-0.007741778528453975,0.00024052803732851823,-0.19879987598937598,0.0006881491438734913
2020-07-20,8.833734451313546e-05,0.09911114923772452,-0.007742824323005425,0.0002403527115161394,-0.19877188157860806,0.000686648620317535
2020-07-21,8.830771047713815e-05,0.09911318272293185,-0.007743573759381364,0.00024035689283176035,-0.19878792252149985,0.0006851523919392358
2020-07-22,8.834631541290434e-05,0.09912394794070246,-0.007744207853068024,0.00024025129516669076,-0.19876113730215808,0.0006840695177743133
2020-07-23,8.833943005449523e-05,0.09912789532445057,-0.007744720371874462,0.0002402328580158353,-0.19872300610940422,0.0006824562693885844
2020-07-24,8.834112405629612e-05,0.09913380208450338,-0.007745411891413236,0.0002401128641546365,-0.19871920033289883,0.0006803426832532702
2020-07-27,8.835572171620584e-05,0.09914171567218248,-0.007745937458888628,0.0002400910573103033,-0.1987669136105606,0.0006783735161336169
2020-07-28,8.834784178154868e-05,0.09915223340526386,-0.007747216707970565,0.00024019201384888771,-0.19877603792127535,0.000676361503596722
2020-07-29,8.833404017134569e-05,0.09916479791784982,-0.007747753232360512,0.00024015444454992852,-0.19878238502791198,0.0006745023792991983
2020-07-30,8.838801240802949e-05,0.09917587988256828,-0.007748821046900372,0.00024018023554362328,-0.19879162577775797,0.0006726744222969902
2020-07-31,8.837459053047041e-05,0.09918735948131671,-0.007749175451871557,0.00024015295659397486,-0.1988137585542991,0.0006709923493936042
2020-08-03,8.832061396238585e-05,0.0991932346791203,-0.007750154476923748,0.0002401659781967601,-0.1988184860040606,0.0006693331450405987
2020-08-04,8.84015019558843e-05,0.0991970989023333,-0.007750399376471436,0.00024016488026628138,-0.1988182656659078,0.0006684283714231917
2020-08-05,8.839298117337664e-05,0.09920518746218925,-0.007751912922459072,0.00024008294921400706,-0.19879479698037728,0.0006668636712758261
2020-08-06,8.837558286757714e-05,0.09921690897982258,-0.0077526225664555195,0.00023998373478066755,-0.1988274913263674,0.0006646199663869469
2020-08-07,8.834743822485353e-05,0.09922836315249213,-0.007753087707677429,0.00023991139941969148,-0.1988749638444187,0.0006636490632138136
2020-08-10,8.831030699742162e-05,0.09923500500863741,-0.0077540168316901,0.0002399046135862052,-0.19888650936413826,0.0006623917508108007
2020-08-11,8.830300676194822e-05,0.09924362644928893,-0.007754610320658462,0.00023992983026914158,-0.19887381380578595,0.000660967333924321
2020-08-12,8.834049082111954e-05,0.09924904952886358,-0.007755934249499722,0.00023991622375743154,-0.19887368806651518,0.000658837275587323
2020-08-13,8.836529334123413e-05,0.09925984643468343,-0.007757679221954739,0.00023992618218673955,-0.19889132054615233,0.0006565172257856747
2020-08-14,8.839177871510093e-05,0.09926951308705029,-0.007758210372572596,0.00024002946254762884,-0.19893306771389382,0.000653547741120194
2020-08-17,8.841643304433962e-05,0.09928230721986812,-0.007759058595282412,0.00024010676144598593,-0.19893790241343473,0.0006515121274372733
2020-08-18,8.836360909853297e-05,0.09929380778059406,-0.007761070454059971,0.0002400591386026926,-0.19888758890006716,0.0006491970470560273
2020-08-19,8.835344261129257e-05,0.09929744289349851,-0.0077611210466511935,0.00024009438600977503,-0.1989154322801607,0.0006480090444848497
2020-08-20,8.835030696347777e-05,0.09930279708240665,-0.007761883857352301,0.00024004512141754684,-0.19892865652239566,0.0006461303506128561
2020-08-21,8.836175108632037e-05,0.0993134747830716,-0.007761577904351058,0.00024006878589508725,-0.19900907415125715,0.0006437443441128045
2020-08-24,8.836954139159946e-05,0.09931958368571352,-0.007762813424327554,0.00023999862303501253,-0.19900959101473611,0.0006413741548920869
2020-08-25,8.830818448809033e-05,0.09932809054182164,-0.007764089980978889,0.00023986678857641905,-0.19907021872867264,0.0006405340017235742
2020-08-26,8.830890449551415e-05,0.09934286364243267,-0.007765423937822961,0.00023976121494867405,-0.19907093356613742,0.0006391852753787197
2020-08-27,8.82515687525625e-05,0.09935638749886187,-0.00776604065294773,0.0002398053638593765,-0.19909518276114552,0.0006379696072910761
2020-08-28,8.819227058431034e-05,0.09936215096670721,-0.007767379902614586,0.00023964929024772677,-0.19908577198228675,0.000635947520761107
2020-08-31,8.816499482622259e-05,0.09936615817537414,-0.007769190693072062,0.00023970074974103908,-0.19910257098782777,0.0006336590190556079
2020-09-01,8.802323658382423e-05,0.09937134228695389,-0.007769952331250422,0.00023973322999005158,-0.19906540390173313,0.0006324070509088763
2020-09-02,8.803505097239214e-05,0.09938015991259279,-0.007771331164623783,0.00023974857515442015,-0.19906622061879176,0.0006294304839279056
2020-09-03,8.791913595046146e-05,0.09939285529438394,-0.0077722090827230155,0.00023990583672717496,-0.19904393370672616,0.0006278873888915068
2020-09-04,8.791059809754964e-05,0.09939682846695082,-0.007772567131438173,0.00023984573333485782,-0.19906149889127775,0.0006264006632070789
2020-09-09,8.786780177063123e-05,0.09940916019702985,-0.007772851770429229,0.000239787900989527,-0.19903811301972824,0.0006229631275284766
2020-09-10,8.787512337313e-05,0.09941920920149079,-0.007773835222101143,0.00023981911590928396,-0.1990504621904208,0.0006208384294440643
2020-09-11,8.78408211162611e-05,0.09942884120054454,-0.007774360124675627,0.00023983392455857725,-0.1990496896154397,0.0006192265859488383
2020-09-14,8.780510872158237e-05,0.09943818605238872,-0.007775700079496167,0.00023979529540092944,-0.19903461243989057,0.0006173789455088132
2020-09-15,8.781969498709208e-05,0.09944370888094145,-0.0077762647671706375,0.00023986021870931113,-0.1990246459497928,0.0006164705772053502
2020-09-16,8.781348746146886e-05,0.09945794072629077,-0.007777446723684755,0.000239867714280438,-0.19904505960418067,0.0006149866356566441
2020-09-17,8.781467095563445e-05,0.09946583379423826,-0.0077791916477547825,0.00023983946571061546,-0.1990186332181963,0.0006146564517345049
2020-09-18,8.775548543257812e-05,0.09947543683163464,-0.007781166661883742,0.00023996838349650486,-0.19900947436899635,0.0006124888120004813
2020-09-21,8.775127161172497e-05,0.0994783091120032,-0.007781953234985843,0.00023995280998657725,-0.19900331290836154,0.0006111571248971296
2020-09-22,8.769620440903677e-05,0.09948363418709327,-0.007782773330642114,0.00023987203716148387,-0.19897457758566078,0.0006101037701851342
2020-09-23,8.775433546815647e-05,0.09949039123979074,-0.007784304706481907,0.00023990057236111296,-0.19893525943389895,0.0006081468422204952
2020-09-24,8.774237962489287e-05,0.09950180203518703,-0.007785011089414768,0.0002399104530138126,-0.19894809567833527,0.0006058505261494977
2020-09-25,8.775486896379022e-05,0.09951515444899882,-0.007786062994204528,0.00023978777832366787,-0.19892281677212567,0.0006033720441418554
2020-09-28,8.771608276991451e-05,0.09952406312181628,-0.007786132999685064,0.00023984345076398858,-0.19891402485054935,0.0006020326745918862
2020-09-29,8.77085280906387e-05,0.0995353695852498,-0.0077857591529149495,0.00023988297682653453,-0.19897233353875785,0.0006002571213568207
2020-09-30,8.770300743725883e-05,0.09954371259399764,-0.007785584890197671,0.000239672383078006,-0.1989967367979043,0.0005994280758101526
2020-10-01,8.773896504951192e-05,0.0995509399602068,-0.007786616002256303,0.00023963711051058512,-0.19905010129897083,0.000597351092337406
2020-10-02,8.777096777637761e-05,0.09955783977370529,-0.007787442612338251,0.00023969821981041718,-0.19905750379801632,0.0005959917391071521
2020-10-05,8.772422704145705e-05,0.09955845543915115,-0.007788957932894755,0.00023957135939794717,-0.19908283763380155,0.0005940620904414218
2020-10-06,8.769589578961983e-05,0.09956283034941414,-0.007790417122331447,0.00023962877636849646,-0.1990629027859592,0.0005934844654845395
2020-10-07,8.77211232082127e-05,0.09956499547237088,-0.007790511666979852,0.00023967983299992215,-0.19907515156003272,0.0005912831296074952
2020-10-08,8.768641185106658e-05,0.09957171538158165,-0.0077912340206381814,0.00023990956278206076,-0.19908695755867753,0.0005896886440729251
2020-10-09,8.766480187835853e-05,0.0995739311769814,-0.007793000584214133,0.00023994834355119506,-0.19908131986747962,0.0005888490305619023
2020-10-14,8.766796937442173e-05,0.09958477466950622,-0.007793230012957006,0.00023987648516409236,-0.19909398987104915,0.0005867343096568152
2020-10-15,8.758174897469903e-05,0.09958730429707276,-0.007794347888459683,0.00023983252406885704,-0.19909882245873428,0.0005849433054141071
2020-10-16,8.756185267449393e-05,0.09959422754283043,-0.007795988191691075,0.00023975250431890608,-0.1991006761250642,0.0005835607168073302
2020-10-19,8.752933001990139e-05,0.09959782001271503,-0.007796847169264985,0.00023966120365397303,-0.19909878282923424,0.0005820002473037663
2020-10-20,8.756002182505454e-05,0.09960959740698097,-0.007798187796114149,0.00023970618789705378,-0.19910147041687876,0.0005800051459773518
2020-10-21,8.75721895365482e-05,0.09961996069396828,-0.007798321768706968,0.0002395988236305436,-0.19907982464216123,0.00057850632788193
2020-10-22,8.76175765666835e-05,0.09962625888434659,-0.007800086103975258,0.00023945193660346347,-0.19910193705512724,0.0005775499409371559
2020-10-23,8.754345043964072e-05,0.09963127466692195,-0.00780110205621437,0.0002393111142796248,-0.19912415844287984,0.0005758498094095806
2020-10-26,8.756941493110253e-05,0.09963783842264301,-0.007801898443098463,0.00023921304364694977,-0.19914669085264006,0.0005744475600110518
2020-10-27,8.751814525147473e-05,0.09964547093401607,-0.007802119654571735,0.00023931189667086904,-0.19911682527770158,0.0005730059448437265
2020-10-28,8.750517435116524e-05,0.09965275863031917,-0.007802820220100701,0.00023938347625080815,-0.19910439491694001,0.0005722383169811014
2020-10-29,8.746626798383093e-05,0.09966743614599438,-0.007804556452846663,0.00023931081497377695,-0.19910544552551965,0.0005702565029427107
2020-10-30,8.747851197335591e-05,0.09967435496392012,-0.007806197679728049,0.0002393747184349809,-0.19911119459989313,0.0005689788174017591
2020-11-02,8.750353261559561e-05,0.0996812969226947,-0.007805903871402913,0.00023946638661040496,-0.19913566082105263,0.0005672556065222859
2020-11-03,8.751432330983339e-05,0.09969419200464263,-0.007807051161822432,0.0002396235978836745,-0.19909604776499787,0.0005655861912116149
2020-11-04,8.755206177320067e-05,0.09970207853423704,-0.00780720657195292,0.000239639058060555,-0.1991188603638131,0.0005629015503831073
2020-11-05,8.757282814838935e-05,0.09970877279288115,-0.007807676361490973,0.0002397120936106733,-0.19910709544972638,0.0005599317837809715
2020-11-06,8.761988202459265e-05,0.09971897039329684,-0.007808960963423708,0.00023967051946748982,-0.19910065100137694,0.0005564376982100429
2020-11-09,8.759046237016559e-05,0.09972687203427294,-0.007808981830879095,0.00023971970546601655,-0.19911006443484122,0.0005541609677012943
2020-11-10,8.757701720299483e-05,0.09973069002370681,-0.007809483669431988,0.00023962334576747667,-0.1991279183734438,0.0005521870776333791
2020-11-13,8.761607606090853e-05,0.09974101896322227,-0.007809695624021749,0.00023973930365787601,-0.19911857397621732,0.0005509650905183957
2020-11-16,8.758485166922387e-05,0.09975188131841625,-0.007810033849003866,0.000239796036629675,-0.19912254379404962,0.0005497630410754075
2020-11-17,8.750079372626524e-05,0.09976072597736715,-0.007810647297176748,0.0002398642849457421,-0.19912743817560105,0.0005465916066491369
2020-11-18,8.758033206992306e-05,0.09976991457843294,-0.0078117920572390465,0.00023993711122658243,-0.19911412366653589,0.0005452958701931
2020-11-19,8.76269349700453e-05,0.09978240457746725,-0.007812442481590384,0.000239906127669626,-0.19915662877995677,0.000542741726359445
2020-11-20,8.76468930073184e-05,0.09978509383344247,-0.007813261078449478,0.00023992405755192178,-0.1991444775287435,0.0005399135370538149
2020-11-23,8.761090222229044e-05,0.09979781009298463,-0.007813324283525233,0.00023984444228903695,-0.19916231833648854,0.0005384769500309629
2020-11-24,8.754341967578006e-05,0.09980924608129113,-0.00781381882530547,0.0002398702483332042,-0.19919838992417643,0.0005355594191062404
2020-11-25,8.747955051933543e-05,0.09981340262413908,-0.007814228078913564,0.00023993075432214982,-0.19923373647137052,0.00053346836914125
2020-11-30,8.745923946421399e-05,0.09982212235385744,-0.007815477070864234,0.00023993730209736738,-0.19926150141993004,0.0005315192666755109
2020-12-01,8.745395389240633e-05,0.09983073717769458,-0.0078164411852571,0.0002398250070705375,-0.19926640155654568,0.0005301969546447707
2020-12-02,8.740596357972542e-05,0.09984077839967559,-0.007817253856040988,0.00023976734006505315,-0.19928142862441872,0.000528217075279449
2020-12-03,8.748713876945076e-05,0.09985167171952554,-0.007817812110981093,0.00023977436921673168,-0.19925439222664165,0.0005267408380757264
2020-12-04,8.742176028634891e-05,0.09985997680331529,-0.007819161595103935,0.00023973741284035789,-0.19924753824589497,0.0005252677016005311
2020-12-07,8.736195894095098e-05,0.09986818733420441,-0.007819762696807259,0.00023978426519634665,-0.1992444815277169,0.0005234847741366833
2020-12-08,8.739303981211957e-05,0.09987684536248816,-0.00782162581595724,0.00023989491275392874,-0.19924785121824773,0.0005211866169970272
2020-12-09,8.742610224584672e-05,0.09988506797439772,-0.007823515649833468,0.00023985425531768852,-0.1992562230976416,0.0005192527195808476
2020-12-10,8.733659860812473e-05,0.09989226875538335,-0.0078249499436898,0.0002398384464688106,-0.19928281406994047,0.0005169666268023897
2020-12-11,8.727118143913134e-05,0.09990386415257825,-0.007825459274797037,0.00023985356922343173,-0.19928303993235139,0.0005158486947338672
2020-12-14,8.719587000961038e-05,0.09991178665938512,-0.007826696812483974,0.00024004743027496964,-0.19927412225911784,0.0005147083088344114
2020-12-15,8.71805329421641e-05,0.09992866236056226,-0.007828372595826989,0.00024026791689314085,-0.19931720065932543,0.0005130819185441767
2020-12-16,8.71359617983834e-05,0.09993854395437422,-0.007828710239845441,0.00024017286012188014,-0.1993284542081834,0.0005116957063015257
2020-12-17,8.711470680914998e-05,0.09994429992290454,-0.007829192860579154,0.0002403320169374277,-0.19932606848821263,0.0005113926720618502
2020-12-18,8.708997002195904e-05,0.09995383465647716,-0.00782986473766487,0.00024020009305797106,-0.19932841694214187,0.0005098894105279069
2020-12-21,8.703265710833907e-05,0.09996030534400938,-0.007830776848582598,0.00024026928828268308,-0.19930769985577068,0.0005078970145966772
2020-12-22,8.696215874019293e-05,0.09996424728028591,-0.007832076654381728,0.00024013250786152442,-0.19935429131026622,0.0005069538291187553
2020-12-23,8.687301955338705e-05,0.09996999073816752,-0.007833126896484846,0.0002400434255239879,-0.19930687273277936,0.0005041549820014777
2020-12-29,8.687641330584536e-05,0.09997833742256332,-0.007835001633660407,0.00024004087584700626,-0.19932680062867958,0.0005007835205223663
2020-12-30,8.681093675541207e-05,0.09998981236524764,-0.00783655276346287,0.00024008031433690795,-0.1993675602582023,0.0004995103110157645
2020-12-31,8.677670700204392e-05,0.09999352115327367,-0.007838077968709832,0.00024009302555120314,-0.19938457817350067,0.0004978079748890203
2021-01-05,8.676510408988168e-05,0.10000226460575741,-0.007839318994582078,0.00023998448137811163,-0.19942250127976663,0.0004949787439538618
2021-01-06,8.674666456403016e-05,0.1000134139968952,-0.007840286791552041,0.0002402327708917822,-0.19941146424005343,0.0004937255863152834
2021-01-07,8.671446255839416e-05,0.1000203858195359,-0.007841228509003782,0.00024022132263518218,-0.19944152706773352,0.000491003864444373
2021-01-08,8.66798597141552e-05,0.10002491820632702,-0.007841431414656035,0.0002401724235967501,-0.19942648283618447,0.0004899332058304277
2021-01-11,8.667499458671425e-05,0.10002787095468366,-0.007842544173781166,0.00024015766774241297,-0.1994651419544289,0.0004874989768363766
2021-01-12,8.662462157969138e-05,0.10003396530471967,-0.007843781907519755,0.000240354017333887,-0.1994677011643225,0.0004858658527885658
2021-01-13,8.65729461606257e-05,0.10003839978360413,-0.007845515765547536,0.00024041253543946264,-0.1994288256758953,0.00048443289523885925
2021-01-14,8.651623363891599e-05,0.1000465124403119,-0.007845818684883786,0.00024046933464905816,-0.19942420289311494,0.00048196920722688805
2021-01-15,8.652454765101182e-05,0.10005712509386568,-0.007847100705903597,0.00024041566228019163,-0.19942897844773189,0.00048041085211555186
2021-01-21,8.647821647686343e-05,0.10006325305376777,-0.007847757539592262,0.00024054125667205068,-0.19943257430286945,0.0004798040773929802
2021-01-22,8.652923821445338e-05,0.10006784400937191,-0.007849393117807852,0.00024060502311541357,-0.19945797334355786,0.0004787899665436144
2021-01-25,8.652667881167311e-05,0.10007172200010164,-0.007850599367544666,0.00024059624835873325,-0.1994701870661243,0.00047736576312928225
2021-01-26,8.651630972296055e-05,0.10007741278455781,-0.007850885087715882,0.00024063152688286508,-0.19947407466835274,0.00047565665940839993
2021-01-27,8.648253585573175e-05,0.1000832502503974,-0.007852400272946206,0.00024084002446084657,-0.19946431246181193,0.0004741816668893254
2021-01-28,8.645191324089667e-05,0.10008480660195847,-0.007853001132991753,0.00024092092224933912,-0.1994703640802497,0.000473158423870972
2021-01-29,8.64132275011152e-05,0.10009895466106639,-0.007854121461608469,0.00024087719213938604,-0.1995138111866314,0.00047199583578459665
2021-02-01,8.637349305040737e-05,0.10010776828543869,-0.007854879652475345,0.00024082243918904388,-0.19953216411646216,0.0004697995193289985
2021-02-02,8.634655703091466e-05,0.10011805148511262,-0.007855443630184875,0.00024082512511041217,-0.19956813998684653,0.0004688956286470071
2021-02-03,8.625450532943153e-05,0.10012461192031491,-0.007857613143009406,0.00024089746784648037,-0.1995605127907875,0.0004676107318886531
2021-02-04,8.616220528782624e-05,0.1001350980579327,-0.007858225363974927,0.00024076441923320276,-0.19955623198381978,0.00046584882885208266
2021-02-05,8.610577064070254e-05,0.10014147049164247,-0.007859053418009186,0.00024064984461947395,-0.19960757552897274,0.00046372458211409303
2021-02-08,8.608220180136833e-05,0.10015320310926534,-0.007858912168028564,0.00024066460966488024,-0.1996060860760626,0.00046121691354729063
2021-02-09,8.605734313659091e-05,0.1001626550303182,-0.007859637655464682,0.00024057526634451858,-0.19959627699577243,0.000458091696695857
2021-02-10,8.606460033956504e-05,0.10017322813775408,-0.00786076997450976,0.00024053254859511617,-0.19958385389288566,0.00045659241187872093
2021-02-11,8.607348617764042e-05,0.10018200084791164,-0.007861997151664347,0.0002405714530197976,-0.19961586576069504,0.00045643598101728053
2021-02-12,8.60493221997494e-05,0.10018996258946458,-0.007862445820439386,0.00024060628186931097,-0.19960055113235475,0.00045406198438710456
2021-02-17,8.600832333502293e-05,0.1001994530531074,-0.007863908456687635,0.00024050663789764001,-0.19959211258403628,0.0004527580045979015
2021-02-18,8.595503406038903e-05,0.10020727750051814,-0.007865884020500341,0.0002405694165844823,-0.19963250393002235,0.000452210203259777
2021-02-19,8.59124939814607e-05,0.10021749374067929,-0.007866826455670276,0.000240706683778923,-0.19967600898509527,0.00045110836296530514
2021-02-22,8.583553687958859e-05,0.10022699551711993,-0.007868509578169359,0.00024091745916775265,-0.19969283286659992,0.0004504969383782319
2021-02-23,8.58724087589039e-05,0.10023103650667206,-0.007869330003744629,0.0002409513268354722,-0.19971034711556737,0.0004490891878582194
2021-02-24,8.57375728726754e-05,0.10023465831363611,-0.007870467754038966,0.00024090647023949625,-0.1997131467376641,0.00044648312658752124
2021-02-25,8.576435862178566e-05,0.10024218671772221,-0.007871357284732783,0.00024092929367851962,-0.19970414311160067,0.0004439191427623058
2021-02-26,8.57450119093329e-05,0.1002502292477998,-0.007873118026235734,0.00024117121735295121,-0.19972751833670402,0.00044174876521286237
2021-03-01,8.566248838778316e-05,0.1002522195205832,-0.007873323313657418,0.00024126566734683635,-0.19973304643901002,0.0004409957232355073
2021-03-02,8.565452249805475e-05,0.10025795183574643,-0.007874888811344218,0.00024149939174858566,-0.19975043171510992,0.000438417498418205
2021-03-03,8.56086623980778e-05,0.10026783947087621,-0.007875448733441138,0.00024159216782678283,-0.19975428687060054,0.000437206505257355
2021-03-04,8.55858844786743e-05,0.10027604047870231,-0.00787717862805066,0.000241636916974114,-0.19978097142814258,0.00043468287993239836
2021-03-05,8.555210758799412e-05,0.10028618492836336,-0.007876987780586736,0.00024160466666008496,-0.19978668483503936,0.0004326493829301435
2021-03-08,8.549921703578313e-05,0.10029283393691948,-0.007878526939320774,0.00024180008392186162,-0.19979746132946943,0.00042977619209728495
2021-03-09,8.545777250115089e-05,0.1003066399675677,-0.007879175364974376,0.0002419518967137863,-0.19979387056853767,0.0004274805384470189
2021-03-10,8.53962249464199e-05,0.10032188683255884,-0.007880578623531044,0.0002419952814819514,-0.19983339206646325,0.00042375122943003865
2021-03-11,8.534925372231787e-05,0.10033912086004192,-0.007882029315238088,0.00024202068756926247,-0.1998186576193377,0.00042174944344410844
2021-03-12,8.523891785538299e-05,0.10034854186015471,-0.007882432472937887,0.00024205552163338712,-0.19980162441559654,0.0004196523250816039
2021-03-15,8.518090080755943e-05,0.10035151746290451,-0.00788393208627418,0.0002421365057083907,-0.1997701021881664,0.0004171634071759212
2021-03-16,8.513651592770852e-05,0.10036339025928917,-0.007884384734426597,0.00024243897507423111,-0.19976493691989358,0.00041594403417875945
2021-03-17,8.515595117178616e-05,0.10037143919281759,-0.00788486482700828,0.00024258005096991177,-0.19976471892661787,0.00041373768927789546
2021-03-18,8.517973010814895e-05,0.10038450130811885,-0.007886750066207902,0.00024268926190477056,-0.19978597790350602,0.00041134007316737375
2021-03-19,8.505300861374036e-05,0.10039661308171971,-0.007888101820058885,0.00024272999858357213,-0.19977924793338728,0.0004097965610978198
2021-03-22,8.505679875138381e-05,0.10040684389954113,-0.007889610041160339,0.00024273777431081057,-0.19981142894791507,0.0004077985128436367
2021-03-23,8.500932299866532e-05,0.10041023892031666,-0.00789156704661937,0.00024266697001537054,-0.1997504391589886,0.0004056371177610991
2021-03-24,8.501259140230056e-05,0.10041852488824604,-0.00789236363406486,0.00024271714034267313,-0.1997656383136297,0.0004033918945515949
2021-03-25,8.497020153596421e-05,0.10042098345257083,-0.007894468778160036,0.00024258741815131094,-0.19978085127218584,0.0004009015907685587
2021-03-26,8.495740778138831e-05,0.10043332198960198,-0.007895518285892167,0.00024275398204198434,-0.19977669028787226,0.0003980735935787984
2021-03-29,8.496459227198851e-05,0.1004400327648305,-0.007896447387651214,0.00024280973798369366,-0.19976739740272187,0.00039645013686820504
2021-03-30,8.485849432534447e-05,0.10044999539657395,-0.007897879995951379,0.00024285646476178345,-0.1998260016898065,0.0003937084626109367
2021-03-31,8.480475045658283e-05,0.10046597509956824,-0.007899309145133251,0.00024298594386507698,-0.19986726975235486,0.00039198296644750994
2021-04-01,8.477349617397773e-05,0.10047878163331872,-0.007900227086156102,0.00024321597705838848,-0.19986901895005005,0.0003889162211200261
2021-04-06,8.470512397736234e-05,0.1004907320939126,-0.007901675111393643,0.00024335716094895908,-0.19991406570776246,0.00038707379326233146
2021-04-07,8.46453316851934e-05,0.10050566275839443,-0.00790387316944424,0.00024335780336625864,-0.1999027717260193,0.0003847154143093137
2021-04-08,8.463273052938469e-05,0.10052020866472357,-0.007904788801923347,0.00024330555790246937,-0.19998196995744846,0.0003832251413176746
2021-04-09,8.455243679439786e-05,0.10052514213444574,-0.007906712768059392,0.0002431145809675786,-0.2000047195660683,0.0003808408280916103
2021-04-12,8.450521138201514e-05,0.10053343820870224,-0.00790708655886926,0.00024321583879136348,-0.20003882323984679,0.00037850016324521144
2021-04-13,8.441808850640483e-05,0.10053951244816667,-0.007908675962295605,0.00024301072079066475,-0.20002965899740305,0.00037611508149449117
2021-04-14,8.436866424689603e-05,0.10054614468540658,-0.007911460260257382,0.0002429469561397767,-0.20006202091398756,0.0003735436274181691
2021-04-15,8.437158959430973e-05,0.10055658584327151,-0.007913263943773476,0.00024303370101342982,-0.20009889140353687,0.0003710491401156561
2021-04-16,8.430967447024189e-05,0.100568070352834,-0.007914455806869116,0.00024298837100559872,-0.2001201549132624,0.0003681040214937271
2021-04-19,8.431318797619158e-05,0.10057933864680553,-0.007915472901588581,0.00024304442441783333,-0.2001323954512447,0.0003670839713576904
2021-04-20,8.430633602047139e-05,0.100590967487624,-0.007916774123869973,0.00024314333035970766,-0.2000812442539504,0.0003637762742697177
2021-04-21,8.425434645392383e-05,0.1006040974785383,-0.00791795142213077,0.0002431696448631741,-0.2000794789595168,0.00036235203125853306
2021-04-22,8.418327136343189e-05,0.1006172990627102,-0.00791975105715129,0.00024304610222184637,-0.2001267134837052,0.000359451123930842
2021-04-23,8.411910250919597e-05,0.10062447816679135,-0.007921469703031052,0.00024315758341212664,-0.20014196471680648,0.00035611696440886827
2021-04-26,8.406431636780969e-05,0.10063107535736725,-0.007923197200758925,0.00024328263328731104,-0.20014357227489246,0.0003543174997307308
2021-04-27,8.396666488898964e-05,0.10063968966246227,-0.00792512304412539,0.00024322559386238162,-0.20019604179641143,0.000352326290201907
2021-04-28,8.396434410949498e-05,0.10064986963259817,-0.00792709825881291,0.00024338576692664273,-0.20021765280498988,0.00035001708061096066
2021-04-29,8.392333734401214e-05,0.10065500039493466,-0.007929055471256477,0.00024344175360773907,-0.20018603938249074,0.00034754005065627087
2021-04-30,8.392306501656395e-05,0.10066972041451819,-0.007930118587991062,0.0002434428257172679,-0.2001904337717254,0.00034457482676987484
2021-05-03,8.391438215222071e-05,0.10068003783049385,-0.007930833756200602,0.0002434790712710224,-0.20023982996807338,0.0003428136649459748
2021-05-04,8.38656550425478e-05,0.10068701818585078,-0.007932457870404384,0.0002435221911164138,-0.20023530442995702,0.00034008824165801977
2021-05-05,8.385883412594866e-05,0.10069764238044078,-0.007933942637168791,0.0002435472986912151,-0.2002326338354355,0.000337388176631496
2021-05-06,8.377794678195277e-05,0.10070810725582015,-0.007935387893253815,0.00024363727002588034,-0.20026533057852874,0.00033447905292383274
2021-05-07,8.377505010352894e-05,0.10072015644805,-0.007936677065562609,0.0002437112762786798,-0.2002804658322508,0.0003319421164618252
2021-05-10,8.377427694848624e-05,0.10072573758773187,-0.00793750141622917,0.00024383540239731108,-0.20030322028709444,0.0003288539991871818
2021-05-11,8.372783100751133e-05,0.10073666919359824,-0.00793830037832221,0.00024389028447598175,-0.20028822161207943,0.000326972307832217
2021-05-12,8.364319747745285e-05,0.10075389494939489,-0.007939433189404186,0.00024385993157066493,-0.2002828761480598,0.000325137282286784
2021-05-13,8.363392108888117e-05,0.10076778431311509,-0.007941790933896527,0.00024400736143366698,-0.20033119412334033,0.0003222490291000823
2021-05-14,8.356447488190436e-05,0.10077605092816722,-0.00794411426983937,0.0002439749928284388,-0.2003100116317125,0.0003200313728324878
2021-05-17,8.355091649080455e-05,0.10078844531945787,-0.007945382353036688,0.00024407265338813043,-0.20027520340479818,0.000316511312877174
2021-05-18,8.347498094296426e-05,0.10080096427991492,-0.00794742367082843,0.0002443208857500123,-0.20025965835002596,0.0003129663047083388
2021-05-19,8.335392887444977e-05,0.10080629572626057,-0.007949405044644153,0.000244484794801489,-0.2002833291015647,0.0003108656734012536
2021-05-20,8.323118654071822e-05,0.10082019770202102,-0.007950533225643902,0.00024453243925911465,-0.20024415183229216,0.00030747775045404115
2021-05-21,8.318714180429036e-05,0.10082742625958546,-0.00795251704664086,0.00024466806310854906,-0.20028981578733046,0.000304966831563132
2021-05-24,8.315401741194058e-05,0.1008364123309045,-0.007953983327430282,0.00024478869138688434,-0.20030488350819153,0.0003026995625838934
2021-05-25,8.312081180384767e-05,0.10084458804335669,-0.007954076506261202,0.00024501196009494685,-0.20030632687680297,0.00029913522613930977
2021-05-26,8.308555369940357e-05,0.10085505822592128,-0.007955037253025127,0.00024499677533980894,-0.20033758784355554,0.0002975618681285293
2021-05-27,8.304026510547951e-05,0.10086384444559256,-0.007956201728360101,0.00024499544143380105,-0.20033488736107108,0.00029416840024841214
2021-05-28,8.302466677984555e-05,0.10087019352473332,-0.007957037004548358,0.0002451374512850731,-0.20034708560353068,0.0002915494774081496
2021-06-02,8.294018227181047e-05,0.1008798963280816,-0.007958387515541999,0.0002453201101987015,-0.20037531374712536,0.0002897805724303475
2021-06-03,8.29471843795347e-05,0.10089121821593267,-0.007959198854123193,0.00024547802599288843,-0.2003596107226195,0.00028657166606642056
2021-06-04,8.29155377642615e-05,0.10089952245052806,-0.007961139719712728,0.00024549180902917213,-0.2003527137528482,0.00028468382469398117
2021-06-07,8.290054370989687e-05,0.10091014919168044,-0.007962914726306801,0.0002455488649006669,-0.2003528115955819,0.0002822165257749939
2021-06-08,8.289011248394932e-05,0.1009202438410956,-0.007963673471420902,0.00024554608800407475,-0.20034067399968927,0.0002803573371903811
2021-06-09,8.280957958677567e-05,0.1009354843056981,-0.007965240728704236,0.00024581512818931846,-0.2003315693928372,0.0002779657149963587
2021-06-10,8.27925427479838e-05,0.10094167987800386,-0.007966269469209319,0.0002460619222489892,-0.20030178833944953,0.0002763508322411647
2021-06-11,8.276325093641613e-05,0.10095431560205934,-0.00796741166518736,0.00024628804240523264,-0.20031191087538588,0.00027380095393645775
2021-06-14,8.2688459275174e-05,0.10096643005222755,-0.00796903193358026,0.0002463365277734995,-0.20032027255651966,0.00027211748748934804
2021-06-15,8.264258773165871e-05,0.1009782069677718,-0.007969777556666982,0.00024655773189811607,-0.20035663683414118,0.0002690399889519393
2021-06-16,8.253956652652012e-05,0.1009888805550993,-0.007970851794228358,0.0002467815009191893,-0.2003697854895488,0.0002666696374752544
2021-06-17,8.249264659248356e-05,0.10099568974893527,-0.007972950583494664,0.0002469318545850189,-0.20040515751258434,0.00026414810532938765
2021-06-18,8.243656587318645e-05,0.10100758996757685,-0.007973885403454464,0.0002470715974467876,-0.20037111974972174,0.00026144079062045977
2021-06-21,8.231376471457648e-05,0.10101318653045141,-0.007975401220441195,0.00024725373681591423,-0.2003710637219473,0.0002587312981256597
2021-06-22,8.223830911067471e-05,0.10102017453003162,-0.0079764442803081,0.0002472798354856972,-0.20039763002291433,0.0002569462614476079
2021-06-23,8.22271995954929e-05,0.10103120104181883,-0.007978146080000453,0.0002473685759350894,-0.2004240774741369,0.00025505409146666866
2021-06-24,8.215930751784068e-05,0.10103930487624209,-0.007979869111446127,0.000247404710323075,-0.20042815702163633,0.0002526518064677202
2021-06-25,8.212355446101113e-05,0.10105222374284706,-0.007980828687946959,0.000247618379925322,-0.20043102060241752,0.00024940099848813244
2021-06-28,8.208837735850611e-05,0.10106196908804627,-0.007982880630781173,0.00024771793582847764,-0.20047238156093522,0.0002465363427422057
2021-06-29,8.205092522429364e-05,0.10106887600341599,-0.007984525184560871,0.0002478535217594455,-0.20046947519458436,0.0002452029889376775
2021-06-30,8.200543336175445e-05,0.10107578861513009,-0.007986617343835694,0.0002478339335949916,-0.2004643501013509,0.00024366523319239598
2021-07-01,8.195684264327967e-05,0.10108407704331315,-0.00798866294839176,0.00024786436355651707,-0.20045560444018054,0.00024115055101855048
2021-07-02,8.20061144582398e-05,0.1010903318338619,-0.007990697640230346,0.0002478057733898535,-0.20049570605163905,0.0002394664203516315
2021-07-07,8.200420945439199e-05,0.10110020973296957,-0.007992701317362275,0.0002477562957847908,-0.2004644248815234,0.00023754004519335576
2021-07-08,8.20075340738526e-05,0.10111088366833752,-0.007995246961080348,0.0002477132254861693,-0.20049795327488265,0.00023612824914186507
2021-07-09,8.194807059708106e-05,0.10111934045835913,-0.007997010924667031,0.00024784872369524794,-0.20053778663929614,0.00023343799364787
2021-07-12,8.190619296389787e-05,0.10112243115830964,-0.007998741396604472,0.00024796497942380105,-0.20054341974767562,0.00023260574434451564
2021-07-13,8.188713206475718e-05,0.10113210190054721,-0.008001243407311748,0.0002480884952453357,-0.2005290774396723,0.0002300440260174858
2021-07-14,8.182398090656437e-05,0.10114292106771741,-0.008003684501715016,0.00024811072104591553,-0.20053615596097615,0.00022755862147905858
2021-07-15,8.17479005319071e-05,0.10115022996524091,-0.008005398321983033,0.00024839922125123414,-0.20055253478996193,0.00022644033185938693
2021-07-16,8.173705457545705e-05,0.10115732970632424,-0.008007606811879267,0.0002484307908089884,-0.20058302030697672,0.000223850876381617
2021-07-19,8.168125260427813e-05,0.10116722989663764,-0.00800929592326549,0.00024850571951474097,-0.20057065292766205,0.00022180493201878998
2021-07-20,8.168470341654265e-05,0.10117245124982785,-0.008011603617902823,0.0002485103994497673,-0.2005640269452205,0.00022032951888619146
2021-07-21,8.163622493567504e-05,0.10117832684797495,-0.008013546506254982,0.00024855327506334644,-0.20057789451402344,0.00021791102336611476
2021-07-22,8.155316838220271e-05,0.10119197759191723,-0.008015025714171037,0.0002486223885516198,-0.20058592272082004,0.0002161205266075072
2021-07-23,8.154869253969711e-05,0.10119738254825901,-0.008016562316169177,0.00024861058480997195,-0.20058118444580864,0.000214134682238348
2021-07-26,8.149620112682587e-05,0.10119970693263253,-0.008017701987664038,0.0002487430363350368,-0.20061479815133126,0.00021186158781214177
2021-07-27,8.14933577374542e-05,0.10120823676909965,-0.008019861410369672,0.00024876847193173383,-0.20066899468433916,0.00021029074724251967
2021-07-28,8.150608967711903e-05,0.10122005339844299,-0.008021648261388436,0.00024888510416470574,-0.20067372172312448,0.00020866460252047856
2021-07-29,8.148193686506003e-05,0.10122866205296645,-0.008023406762246934,0.0002489718200224421,-0.20071042800497807,0.00020548900668657658
2021-07-30,8.143707084889148e-05,0.10124125010195595,-0.008025254055737768,0.0002491245829418433,-0.20075410563372154,0.00020378370512779006
2021-08-02,8.142582077709436e-05,0.10125779255860305,-0.008027693488418083,0.000249121141635988,-0.20075468343238473,0.0002020932190510319
2021-08-03,8.137673384528735e-05,0.10126456799337677,-0.008029500024210469,0.00024926368290923307,-0.2007630836723439,0.00020026650651513924
2021-08-04,8.131061029685699e-05,0.10127092685223638,-0.008031562572821938,0.0002495744036959359,-0.20075377470300393,0.00019835512270058645
2021-08-05,8.128923890466973e-05,0.10127926847637793,-0.008032824631887257,0.0002496988946835475,-0.20075918581059227,0.00019668450284898107
2021-08-06,8.124000680371664e-05,0.10128652816881104,-0.008034819913610467,0.0002498341069677374,-0.20078655427297235,0.00019436638234291055
2021-08-09,8.124218463004337e-05,0.10130005899146707,-0.008036579914138899,0.00024994583981067836,-0.20076846217999608,0.00019280171804712972
2021-08-10,8.117477219469804e-05,0.10130660654813294,-0.008037899829149861,0.00024994101728512813,-0.20075980195115756,0.00019210341433310597
2021-08-11,8.118523249824567e-05,0.10131072563565366,-0.008040729260192713,0.00024988055844135,-0.20076873005383689,0.00019064018310416676
2021-08-12,8.117906039982956e-05,0.10131946538235087,-0.008041852166467637,0.0002500896076800611,-0.20077177482386652,0.00018893225771896282
2021-08-13,8.118053723012865e-05,0.10132951339726609,-0.0080436299144804,0.0002501664629298814,-0.20075022041104912,0.0001870045401106473
2021-08-16,8.12253255512398e-05,0.10133781378240916,-0.008045021730837112,0.0002503155096216598,-0.20073621842406691,0.0001859999150753927
2021-08-17,8.119821193825215e-05,0.1013512946341294,-0.008046710618694743,0.0002503951986129291,-0.20073394100528127,0.00018427140902026987
2021-08-18,8.115732495037692e-05,0.10135398882744576,-0.008049009420895368,0.0002503527900153975,-0.20077351798526225,0.00018167142430944945
2021-08-19,8.109670990887323e-05,0.10136357920998373,-0.00805079881477085,0.00025047451636601525,-0.20079243841781197,0.00017872878286939975
2021-08-20,8.106531113796118e-05,0.10136853906815117,-0.008052747039925017,0.0002505247655646831,-0.20082448037407227,0.00017734967790421322
2021-08-23,8.103978522352706e-05,0.10137539290720832,-0.008054046446296932,0.0002505683795549625,-0.20085778450130168,0.0001749520928078762
2021-08-24,8.093680385774599e-05,0.1013846127030093,-0.008055643284351936,0.0002507618711266057,-0.20084575951935887,0.00017245446286435573
2021-08-25,8.097625458816952e-05,0.10139297785978443,-0.008057294432001916,0.00025098153190423084,-0.2008336760571416,0.00017020569772797304
2021-08-26,8.091829646251586e-05,0.10140236481435883,-0.008059174993744058,0.00025094713348371655,-0.20082494427647923,0.00016965604732020815
2021-08-27,8.089902309807972e-05,0.10141126507195966,-0.008061096777454426,0.00025103132805917735,-0.20083284241057295,0.00016890518023806786
2021-08-30,8.085068835354598e-05,0.1014214484706026,-0.00806317421819244,0.0002512263939580663,-0.2008257663974063,0.00016761181934028986
2021-08-31,8.082788108245293e-05,0.10143001468420644,-0.008064766892727258,0.0002512972347407968,-0.20082345780483465,0.00016640189833925704
2021-09-01,8.076707145095348e-05,0.10143897546351203,-0.008066474833634214,0.0002513895805253949,-0.2008151580243376,0.00016448218973580538
2021-09-02,8.07042387262144e-05,0.10145009356042649,-0.008068602280841513,0.0002515257800005432,-0.20085061140407912,0.0001636968849755551
2021-09-03,8.060148608613325e-05,0.10146222494504786,-0.00807012568670587,0.00025152284806287276,-0.2008488749639145,0.00016108971429034237
2021-09-08,8.049381308748833e-05,0.10147178907978215,-0.008072266386578054,0.0002514462502342736,-0.20080113840830174,0.0001597221629932657
2021-09-09,8.042294751046817e-05,0.10147475180931431,-0.008073396150024276,0.00025148153438050346,-0.20077096063644642,0.0001577866178779107
2021-09-10,8.034383676698598e-05,0.1014866527777401,-0.008074456191387316,0.00025160274936347375,-0.2007945896792803,0.00015563569726855696
2021-09-13,8.027210920530072e-05,0.10149525225254367,-0.008076686142371439,0.0002516914769242861,-0.20078283067213898,0.0001527169788904289
2021-09-14,8.02575115773028e-05,0.10150120692066493,-0.008077863474805021,0.00025190535030558984,-0.20079378078327853,0.00015080020300022734
2021-09-15,8.023743175419148e-05,0.10151194374040767,-0.008079705216465354,0.0002518943745361351,-0.20078602041772933,0.00014767578105646543
2021-09-16,8.022861098414299e-05,0.10152115955286896,-0.008081432333642884,0.0002518339080940272,-0.20078068393451567,0.00014579194823881845
2021-09-17,8.015988333066582e-05,0.10152934302844926,-0.008083408693129165,0.00025186563701846824,-0.20077812053401714,0.00014451494136156736
2021-09-20,8.009233332727026e-05,0.10153465029206787,-0.008085105123242804,0.0002518878172154561,-0.20075894652436477,0.00014210514723901705
2021-09-21,8.006984358528477e-05,0.10154028706368033,-0.008086762767697903,0.00025185899981642056,-0.2007602242524742,0.00014101830366622218
2021-09-22,8.003459707504384e-05,0.1015439216775613,-0.008088145240256858,0.00025188659868567476,-0.20075478870350888,0.0001400055998961885
2021-09-23,8.003172883377269e-05,0.1015514874717708,-0.00808996204175544,0.00025197011014568046,-0.20075791239028704,0.00013899242679829397
2021-09-24,7.998137388206327e-05,0.10156310595290609,-0.008091374317064508,0.00025205598669376017,-0.2007414895193605,0.00013608366767721078
2021-09-27,7.993408977508526e-05,0.10157722302683217,-0.0080927932616248,0.00025211106041097056,-0.20075132836153403,0.0001349414595723985
2021-09-28,7.994274067076635e-05,0.10158122011666207,-0.00809401328126625,0.00025201955376275513,-0.2007505954564741,0.00013399753061517583
2021-09-29,7.987278289337487e-05,0.10159018259941947,-0.008094700899620022,0.00025198006611381176,-0.20073943853113588,0.00013270895463523397
2021-09-30,7.984954938510123e-05,0.10160042135448843,-0.008096562783657944,0.0002520690819877295,-0.20068464329033373,0.00013224954231056188
2021-10-01,7.99226770149179e-05,0.1016045503678486,-0.008098608793813303,0.0002520475878380828,-0.20071817013658472,0.0001308491581822369
2021-10-04,7.991134405333063e-05,0.1016100393457037,-0.00810008953884632,0.0002521765412060754,-0.20069070457268834,0.00013017166032237653
2021-10-05,7.991852669432676e-05,0.1016189678488204,-0.008101553314321365,0.00025217955030580933,-0.20066981678708665,0.00012969022281373444
2021-10-06,7.989780719153655e-05,0.10161902105913476,-0.008102991916547385,0.0002523029042072362,-0.20068367408835988,0.0001284244093409332
2021-10-07,7.98868402510852e-05,0.1016306069889113,-0.008104897268790854,0.00025252365813392176,-0.20067848675071856,0.0001261464898030724
2021-10-08,7.982489404559485e-05,0.10163443590936794,-0.008106858197691878,0.0002526508487333481,-0.2006903396812265,0.00012488677592385885
2021-10-13,7.982273305076497e-05,0.10163950055615217,-0.008109425343390998,0.0002527144480752439,-0.2007330651070942,0.00012372392472703313
2021-10-14,7.984277225807492e-05,0.10164954055373432,-0.008111224973321621,0.00025274898132314597,-0.20078684359413806,0.00012309263987155547
2021-10-15,7.988100089220592e-05,0.10165829057650955,-0.008113293422055443,0.00025281352339781853,-0.2008325539790671,0.00012237911743529943
2021-10-18,7.977424131856688e-05,0.10166469090682047,-0.008114797357136362,0.0002527929584801412,-0.20088179415100704,0.00012074216810515698
2021-10-19,7.971094162732737e-05,0.10166584826526395,-0.00811727970332811,0.00025274799505939865,-0.20089387184037438,0.00011941382366867267
2021-10-20,7.964169598089175e-05,0.10167118109403718,-0.0081194587122433,0.00025289337997260657,-0.20087344017344871,0.00011911942650821524
2021-10-21,7.960366135329394e-05,0.10167652671795394,-0.008122214426425868,0.0002531296517773688,-0.2008686013343836,0.00011794159445321331
2021-10-22,7.955122597031596e-05,0.10167967175186651,-0.008124987473241004,0.00025323160682066547,-0.20085442097297085,0.00011666504034266216
2021-10-25,7.955020359372816e-05,0.1016909210501579,-0.008127185379888532,0.0002533308948616583,-0.20087775091432852,0.00011556935057256565
2021-10-26,7.950029417079122e-05,0.10169794425345002,-0.00812897207171173,0.00025337386925418744,-0.20087190134810665,0.00011504591740255001
2021-10-27,7.952708605615133e-05,0.10171142738795089,-0.008130600022363191,0.0002533523419743938,-0.20083642852224134,0.00011436943431123646
2021-10-28,7.947709863654239e-05,0.10172137640967052,-0.008132578331712803,0.0002533174246390973,-0.20082571650396835,0.00011466012025212704
2021-10-29,7.939982025794646e-05,0.10173334547188645,-0.00813424314483938,0.00025338184495066196,-0.2008291119538734,0.00011402733663805342
2021-11-01,7.93874253229166e-05,0.1017371586433087,-0.0081372106846653,0.0002535796688881422,-0.2008333795836895,0.00011463012020695832
2021-11-02,7.93963634235294e-05,0.10174033643810396,-0.008139256990033749,0.00025365393494622965,-0.2008291370426043,0.00011411216786961798
2021-11-03,7.931223959873746e-05,0.10174292270934496,-0.00814085271595405,0.00025369464286910506,-0.2008228188465963,0.00011328764965220904
2021-11-04,7.927937986343843e-05,0.10175580173119707,-0.008143288169077487,0.00025364094059967716,-0.20083575896479602,0.00011217402594157028
2021-11-05,7.925010574681432e-05,0.10176384730186783,-0.008144810723071239,0.00025363510676898503,-0.20082095629744315,0.0001106976776606891
2021-11-08,7.929566185946335e-05,0.10176892358413593,-0.008147240884710895,0.00025384636651698257,-0.20081186116144534,0.00010949701274701483
2021-11-09,7.930544674449701e-05,0.1017717345058396,-0.008149195325643522,0.00025382135250508236,-0.20080977453498192,0.00010873039670415853
2021-11-10,7.929789212832626e-05,0.10177525900319306,-0.00815087598458097,0.0002538771291588424,-0.20081431994344953,0.00010710154982510332
2021-11-15,7.923419231356969e-05,0.10178056388224634,-0.008153437767411464,0.00025385634757307764,-0.2008190545174247,0.00010574569208056356
2021-11-16,7.92521372936158e-05,0.10178983068745699,-0.008155365702258877,0.00025396021549835745,-0.2008110713707787,0.00010414120821376088
2021-11-17,7.924163053765115e-05,0.1017918570791437,-0.008157242913247214,0.00025411705429692654,-0.20082951364177884,0.00010297489290059085
2021-11-18,7.927523782808762e-05,0.10179622786174672,-0.008159085681186583,0.0002542403967581622,-0.20084587843603677,0.00010249215598397973
2021-11-19,7.928601839368087e-05,0.10179987846325496,-0.008160135233004122,0.00025436121434820443,-0.2008342776425246,0.00010132108459011592
2021-11-22,7.926833835195931e-05,0.10180397782092403,-0.00816224660603445,0.0002544430220790831,-0.20085186667796562,0.00010049575301173568
2021-11-23,7.926513438892818e-05,0.10180454646400312,-0.008164548876491463,0.0002543664102972992,-0.20081985160567878,0.00010010684696340542
2021-11-24,7.9232078132355e-05,0.1018105938958329,-0.008166562516142827,0.0002545412273513641,-0.20080685054912684,9.90209615774301e-05
2021-11-29,7.922389161944544e-05,0.10181408959681633,-0.00816902031498256,0.0002543915503310171,-0.20080222181046994,9.74678050875935e-05
2021-11-30,7.920091266918628e-05,0.1018169271420958,-0.00817198465764914,0.0002544136267653537,-0.2008234712077598,9.5582622939728e-05
2021-12-01,7.918326825807532e-05,0.10182342263991949,-0.00817347702778702,0.00025449562895908515,-0.20084506529845347,9.48207079406504e-05
2021-12-02,7.920822626027007e-05,0.10183117019564038,-0.008174962682409718,0.00025437211257262537,-0.2008917353118636,9.393669085299762e-05
2021-12-03,7.917159896689265e-05,0.10183344796219632,-0.008177536405601192,0.0002543125483879792,-0.2008782305310442,9.268112265821654e-05
2021-12-06,7.913733713228845e-05,0.10184304124130417,-0.008179897595340482,0.00025431630242152064,-0.20085295769926573,9.190029299906485e-05
2021-12-07,7.914812131337373e-05,0.10184758118929868,-0.00818280564042193,0.0002543433391937085,-0.20082478042702903,9.089233512066421e-05
2021-12-08,7.911785580116096e-05,0.10185388527714724,-0.008184763560955755,0.00025431629560573594,-0.20084786947195168,9.023302979632638e-05
2021-12-09,7.916483719074123e-05,0.10186685531246367,-0.008186411560217419,0.0002543964605746302,-0.20087600780646567,8.92054762746621e-05
2021-12-10,7.914489408895916e-05,0.10187442479140837,-0.008188020864816825,0.00025433644524319477,-0.20084331810799663,8.832844778446759e-05
2021-12-13,7.914839153351269e-05,0.10187991275390712,-0.00819070280915479,0.00025428659898272247,-0.200862086017516,8.731560367979569e-05
2021-12-14,7.909683729516333e-05,0.10189105425042824,-0.008192995314002253,0.0002543644521354742,-0.20084848954855297,8.58138208056929e-05
2021-12-15,7.904276492214596e-05,0.10189628028933898,-0.008194911899496672,0.00025434496638899307,-0.20086623974408888,8.462849715500174e-05
2021-12-16,7.902025963785307e-05,0.10189671445848646,-0.00819769389072111,0.00025439136979584116,-0.20084402748853902,8.19506673219803e-05
2021-12-17,7.895404851876639e-05,0.1019064438805722,-0.008199309172873783,0.00025426615897970197,-0.20084915777612145,8.16525377186375e-05
2021-12-20,7.89556191276876e-05,0.10191381800870075,-0.008200476016644805,0.00025431536268422024,-0.20087532275776798,8.072206875355242e-05
2021-12-21,7.890984349700488e-05,0.10192110600188031,-0.0082027465146937,0.0002543791049798086,-0.20087749506661837,8.036939437575796e-05
2021-12-22,7.888502187254882e-05,0.10192897441216608,-0.008204759043252007,0.0002545376960272921,-0.20088719207123346,7.95497182757338e-05
2021-12-23,7.887187868664777e-05,0.10194106245652518,-0.0082074855185875,0.0002546613831111703,-0.20087692174712898,7.729894632943284e-05
2021-12-28,7.886053574978873e-05,0.10194640183488476,-0.008209575492484935,0.00025483175536167107,-0.2008907423601425,7.628617303038934e-05
2021-12-29,7.883717838565983e-05,0.10194817909297624,-0.008211790850667727,0.0002547826943139844,-0.20086707253539426,7.52356837799889e-05
2021-12-30,7.877797939023935e-05,0.1019516035034711,-0.008214639517108551,0.0002547185592353529,-0.20087902607958444,7.379101171876216e-05
2022-01-03,7.871923690969511e-05,0.10196715261775595,-0.008216172800474928,0.00025461316933400623,-0.2009185141334201,7.251529744204516e-05
2022-01-04,7.86801884323177e-05,0.10197277205337713,-0.0082186197671902,0.0002546473114170039,-0.200892639786206,7.218520592021854e-05
2022-01-05,7.865973933486413e-05,0.10198227709439667,-0.00822019002071669,0.00025458707302389826,-0.200885438727862,7.131994759409301e-05
2022-01-06,7.864068727096204e-05,0.10199177922449298,-0.00822218014290599,0.00025480852445940925,-0.20088476582588333,7.090606142445783e-05
2022-01-07,7.855925959791838e-05,0.1020013064826701,-0.008224391916907407,0.00025501379209316786,-0.20087381972303547,7.014792051030264e-05
2022-01-10,7.851662066570743e-05,0.10200938564974801,-0.008226795610605688,0.0002550494788254618,-0.2008462535626576,6.888016366491805e-05
2022-01-11,7.849008239596724e-05,0.1020207492917945,-0.008229496774629221,0.00025516385350302155,-0.20084691797785134,6.702389807098676e-05
2022-01-12,7.846414744828397e-05,0.10203166186652858,-0.008231093996523062,0.0002552643691253598,-0.20083112977166848,6.62617652376408e-05
2022-01-13,7.84514734003639e-05,0.1020341905615033,-0.008233112948807025,0.0002553556310960912,-0.20083803113794912,6.503051089197889e-05
2022-01-14,7.840841197231233e-05,0.10203912252608963,-0.008236300983034878,0.0002554109050666827,-0.20084847915733509,6.348579765818647e-05
2022-01-19,7.839707951364526e-05,0.1020428160695633,-0.00823838286370188,0.0002554675965184292,-0.20082795542280102,6.29030019589521e-05
2022-01-20,7.842943771663544e-05,0.10205043052771813,-0.00824040724013225,0.00025551548839013855,-0.20083788373947462,6.258054874386481e-05
2022-01-21,7.83787290039749e-05,0.1020540162302366,-0.008242616302170748,0.0002557094659549178,-0.2008518780179269,6.195782398592844e-05
2022-01-24,7.835464508152189e-05,0.10205648547204754,-0.008244828103512607,0.000255857516215075,-0.20086864079278252,6.028371983879166e-05
2022-01-25,7.838615881306604e-05,0.10205999280537777,-0.008246275729039803,0.00025607602264121306,-0.20083751222860766,5.824049597921374e-05
2022-01-26,7.832645838566907e-05,0.10206676175293923,-0.00824783196670931,0.00025609076967684645,-0.2008169824137046,5.678787061756164e-05
2022-01-27,7.828839141939617e-05,0.10207045388322292,-0.008250448996988027,0.0002560908795677608,-0.2008515951590193,5.5505209964711e-05
2022-01-28,7.821738960512931e-05,0.10207530523533608,-0.008252597272755359,0.0002560761564443406,-0.20086090170148388,5.349380470690956e-05
2022-01-31,7.81658956376739e-05,0.10208852201821382,-0.008254396661071018,0.0002559901712404129,-0.20089260587524127,5.2271379800775195e-05
2022-02-01,7.802695953580732e-05,0.10208768929914398,-0.008256161523008324,0.00025606112671401306,-0.20087930542646462,5.093427191730452e-05
2022-02-02,7.805756953764154e-05,0.10209346400473251,-0.008258245231385112,0.0002560509214607953,-0.20084685657781942,5.033579654387929e-05
2022-02-03,7.804658301594064e-05,0.10209812814947192,-0.008260640804635715,0.0002562879557784409,-0.20088766964595803,5.003623509892139e-05
2022-02-04,7.797937503623494e-05,0.10210938138831158,-0.008263171833041214,0.0002564084444663726,-0.20087585623320378,4.8721045661362925e-05
2022-02-07,7.791082717519152e-05,0.10211659539504774,-0.008265877617858318,0.00025650421276216136,-0.20090165010603184,4.7554849074422044e-05
2022-02-08,7.790528081423755e-05,0.10212712860098244,-0.00826818520224125,0.00025661678099991105,-0.20093677022159678,4.6768526046992245e-05
2022-02-09,7.787250638922934e-05,0.10213904897273186,-0.008270558865291062,0.00025669657394141284,-0.20095967533939565,4.62086681955545e-05
2022-02-10,7.777027310282316e-05,0.10214679990271577,-0.00827280797147924,0.00025669193621999896,-0.20097008908680972,4.528041535653305e-05
2022-02-11,7.774258931916618e-05,0.1021602665958862,-0.008275441286761387,0.0002568783003260826,-0.2010110220707591,4.503350814019018e-05
2022-02-14,7.771918083390305e-05,0.1021722806694719,-0.008277926849434297,0.00025685434459637036,-0.20098182786135893,4.473247056246672e-05
2022-02-15,7.761176250673431e-05,0.10218017985647242,-0.008279809191245425,0.0002569439679135372,-0.2010299786435046,4.3348452625712754e-05
2022-02-16,7.756899721731747e-05,0.10218612581836722,-0.008281972503241026,0.00025718050004030867,-0.20106048936314674,4.2392693102567185e-05
2022-02-17,7.757308560284062e-05,0.10219202115367484,-0.008283442471330527,0.00025725959370012186,-0.20110437119727054,4.111012468630942e-05
2022-02-18,7.756091697160318e-05,0.10220298105217361,-0.008286057474883632,0.0002574525540623475,-0.20103664565493917,3.986904188679513e-05
2022-02-23,7.747957022343548e-05,0.10221427294597404,-0.008288271136279684,0.00025750984423439914,-0.20104588325792325,3.779680276391566e-05
2022-02-24,7.740419985432403e-05,0.10222485705154367,-0.008289609272358058,0.0002576637226149021,-0.2010403835039982,3.7029001360938815e-05
2022-02-25,7.731679745588166e-05,0.10223140946945852,-0.008292224783764037,0.0002577598790540713,-0.20102697873599992,3.603365114671634e-05
2022-02-28,7.726786715313575e-05,0.10223325671177211,-0.008295420494567296,0.00025794490453432106,-0.20099145937101398,3.397191114280871e-05
2022-03-01,7.722091211604346e-05,0.10223833217504923,-0.008298065830419806,0.00025800043501797546,-0.20102190589826072,3.180235324168123e-05
2022-03-02,7.718135056769348e-05,0.10224876957585163,-0.008300171067966999,0.0002581607213367886,-0.20103284400128993,3.160267541443742e-05
2022-03-03,7.717007752411242e-05,0.1022590484965986,-0.008302138430511832,0.0002582719132693475,-0.20106240917599041,3.135250104040915e-05
2022-03-04,7.713964689303815e-05,0.10226666371841583,-0.00830430819806703,0.00025837027777868065,-0.20107810401050083,3.108570372239376e-05
2022-03-07,7.7085534011122e-05,0.10227452782526728,-0.008307135156946865,0.00025845336382284735,-0.20105942169818533,3.007540786822445e-05
2022-03-08,7.712346478095431e-05,0.10228230751334251,-0.008309469658074706,0.0002585440992233265,-0.20106185477622393,2.9357004600539605e-05
2022-03-09,7.715984110923052e-05,0.10229218295496441,-0.008312528782341708,0.00025865783911747296,-0.20108126721361336,2.8234971595397264e-05
2022-03-10,7.715290609808293e-05,0.10229041957238633,-0.00831431183137984,0.0002586160912030279,-0.20107140948414876,2.82508763232181e-05
2022-03-11,7.710312013920747e-05,0.10229719869802653,-0.008316672902299089,0.00025867406926111873,-0.20107225316702912,2.80013797445303e-05
2022-03-14,7.703900128665335e-05,0.10231200675841484,-0.008319866246468414,0.0002587785547580036,-0.2010534195892113,2.657898601497548e-05
2022-03-15,7.698789944766503e-05,0.10231863956232022,-0.008322141716592232,0.0002588418139310927,-0.20105289864733397,2.5369497203928495e-05
2022-03-16,7.695272284047592e-05,0.1023220908559723,-0.008323978475171927,0.0002590005765827107,-0.20099241356244987,2.4561150713843787e-05
2022-03-17,7.68950050035496e-05,0.10232704128920285,-0.008326219630568841,0.00025909927487387154,-0.20097891754723057,2.4306151201318915e-05
2022-03-18,7.689647249463111e-05,0.10233411873037596,-0.008328293435667704,0.0002592477220825684,-0.2009950540664773,2.3554503220817892e-05
2022-03-21,7.688241277336749e-05,0.10233946051658584,-0.008329831532924938,0.00025943760621804,-0.2009795084839951,2.1835556266723544e-05
2022-03-22,7.68872731591143e-05,0.10234810730284882,-0.00833302830871314,0.0002593583282965357,-0.2010178396783965,2.025479255421067e-05
2022-03-23,7.682419190537863e-05,0.10234976915279233,-0.008335910275509433,0.0002594014609341739,-0.20100533281307062,1.9209128489024716e-05
2022-03-24,7.677732122063314e-05,0.10236153899101724,-0.008337884183517804,0.0002593893245462721,-0.2009348943903761,1.807807502779283e-05
2022-03-25,7.67315567607573e-05,0.10237044579884778,-0.008339946989746114,0.0002595535844456342,-0.20094589425933876,1.6865460263627255e-05
2022-03-28,7.671756026833108e-05,0.10237253588094618,-0.008341811481472129,0.00025951691458202746,-0.20094385780197624,1.4695372201261356e-05
2022-03-29,7.674604600817711e-05,0.10237424447543465,-0.008344438946265312,0.00025959080794022636,-0.20096526786018645,1.3284039857436108e-05
2022-03-30,7.667795191440704e-05,0.10238334903149979,-0.008346750925700093,0.00025951854290368146,-0.20097644344056495,1.1302123666650577e-05
2022-03-31,7.660031064985906e-05,0.10239017672220062,-0.00834920539904197,0.0002595484018013383,-0.20095390597291599,1.0610977704191569e-05
2022-04-01,7.655168172219277e-05,0.10240044163723372,-0.008352484367315647,0.0002596524128085522,-0.20097631916854014,9.477971910849846e-06
2022-04-04,7.652419500998581e-05,0.10240544239130007,-0.008355115145997755,0.0002597922227492176,-0.2009664650457848,8.476322603764765e-06
2022-04-05,7.650948309171927e-05,0.10241742463887461,-0.008357314423958161,0.00025988357231271277,-0.20094167716802833,6.531406508529416e-06
2022-04-06,7.644139272344904e-05,0.10242397598969602,-0.008359958529120444,0.0002601627508787676,-0.20091421847203633,6.387327661562493e-06
2022-04-07,7.639098822297045e-05,0.1024263161576214,-0.008362557388495841,0.00026031250845177695,-0.20086760748712354,4.712709543283752e-06
2022-04-08,7.634192724046837e-05,0.1024341661825684,-0.008365838897870695,0.0002601750772799908,-0.20085044793139972,3.3710894303822132e-06
2022-04-11,7.623110293820418e-05,0.10244544582290276,-0.008368611482818759,0.0002603647106656431,-0.20089239621814614,3.322091452411663e-06
2022-04-12,7.615810177192242e-05,0.10244958493423903,-0.008371161768943484,0.00026044321457764364,-0.2008865685775476,1.5863644507637113e-06
2022-04-13,7.60676920580926e-05,0.10245639582610847,-0.008372473417340603,0.0002604677356179378,-0.20089935078355384,8.031601347563248e-07
2022-04-14,7.598704859522997e-05,0.10246174108998982,-0.00837475124575605,0.00026072759779426877,-0.20090720538732085,-3.202009431647196e-07
2022-04-19,7.596603554902622e-05,0.10247012560250701,-0.008377221954163419,0.0002608600096965927,-0.20093528795170187,-2.3222961459876384e-06
2022-04-20,7.600862237769057e-05,0.10247749736579424,-0.008379075458491229,0.00026090199792644603,-0.20096446323322442,-3.920048197571507e-06
2022-04-21,7.597237491276718e-05,0.10248308336533495,-0.008381243012444813,0.000260969232476012,-0.20097369773157306,-5.8706005115875554e-06
2022-04-22,7.592582930301544e-05,0.10249082191120663,-0.00838247531600752,0.0002610804656456024,-0.20092272275449785,-7.315594351404715e-06
2022-04-25,7.587862333322101e-05,0.10250161562620942,-0.008384447137684886,0.000260968555243623,-0.20094530365996688,-7.599410728913452e-06
2022-04-26,7.588679718886548e-05,0.10250541530535567,-0.00838657935303742,0.0002609523835614214,-0.20096229899950976,-8.259574748182305e-06
2022-04-27,7.587540724036232e-05,0.10250862580340162,-0.008388714259718051,0.0002611628502962913,-0.2009452601886249,-8.590325487792098e-06
2022-04-28,7.58346800271415e-05,0.10251271583991868,-0.00839093477074108,0.0002612306697043418,-0.20092846143670304,-1.0207600833370123e-05
2022-04-29,7.582056507781641e-05,0.1025169522249913,-0.008394051795769361,0.0002612663055802596,-0.20094640317372892,-1.1205886670458815e-05
2022-05-02,7.585728953947332e-05,0.10252207153486018,-0.008397027308717041,0.000261242101327507,-0.2008937856003407,-1.3040992690620918e-05
2022-05-03,7.57797414120912e-05,0.1025222916408962,-0.008400163759741185,0.0002613424412827331,-0.2008722401104366,-1.3679978557599862e-05
2022-05-04,7.577789923253937e-05,0.1025314628317921,-0.008403810600446466,0.00026129530943926234,-0.20087816682367543,-1.5031266783598182e-05
2022-05-05,7.574440047607674e-05,0.10253878736692275,-0.008406522030135843,0.0002614545873326619,-0.20086450545795848,-1.5891659226347583e-05
2022-05-06,7.577085009150851e-05,0.10254686595480003,-0.008409250414226889,0.000261706576431686,-0.20086469672774407,-1.736493526896028e-05
2022-05-09,7.575819526065357e-05,0.10255354219736568,-0.008410616594525652,0.0002618188676575664,-0.20085483674379861,-1.8104607667385555e-05
2022-05-10,7.5758165136556e-05,0.10255860393235502,-0.008412585524925192,0.0002618820560103548,-0.20086469455007472,-2.0174325611662118e-05
2022-05-11,7.572396173618261e-05,0.10256926341698588,-0.008414730398310208,0.00026204741997830897,-0.20086371259215072,-2.1843575210892007e-05
2022-05-12,7.573350522375139e-05,0.10257146676868578,-0.008417470807273718,0.00026208536042620354,-0.20086596702318416,-2.275025798296977e-05
2022-05-13,7.569469760146462e-05,0.10258090707688779,-0.008420370776464738,0.000262195916179877,-0.20088191215030066,-2.302204921962402e-05
2022-05-16,7.575509005978298e-05,0.10258586905151355,-0.008422732178584687,0.00026214267171367593,-0.20092282727219152,-2.4203363502665507e-05
2022-05-17,7.571486986518286e-05,0.10259630687140422,-0.008426266656354426,0.00026202424366368225,-0.2009477311503596,-2.478692726262346e-05
2022-05-18,7.576104908431968e-05,0.10260249059563058,-0.008428997337093659,0.0002620290075481589,-0.20094427489220062,-2.482536198096329e-05
2022-05-19,7.574069364789291e-05,0.10260965065791096,-0.008432291267792894,0.00026208942595374663,-0.2009355780543323,-2.5881056780701457e-05
2022-05-20,7.566822199026968e-05,0.10262188898495218,-0.008435602287932126,0.00026211944663422136,-0.20095657648850893,-2.6369577152567157e-05
2022-05-23,7.570738714082379e-05,0.10262893718021972,-0.008439103737397795,0.0002619955908819485,-0.20096487645547534,-2.6876271917669972e-05
2022-05-24,7.565737132966536e-05,0.1026380930698855,-0.008441405773265508,0.0002620818582035031,-0.20095742079006085,-2.7416847649240183e-05
2022-05-25,7.564901459341986e-05,0.10264470861170284,-0.008444332531725619,0.00026222080386835813,-0.20089046667041968,-2.7899802010708074e-05
2022-05-26,7.565337664520973e-05,0.10265235169462276,-0.008447100198015397,0.00026219264794174557,-0.2008787314022996,-2.9506088548738164e-05
2022-05-27,7.562823992917646e-05,0.10266169466928929,-0.008450533445471323,0.0002623238082591314,-0.20089207445236057,-3.0593490636692444e-05
2022-06-01,7.556772551655905e-05,0.10266702400868113,-0.008452717197265291,0.00026221077761162627,-0.20089742385716694,-3.245610850150887e-05
2022-06-02,7.550767487720827e-05,0.1026781257035502,-0.008454777099728058,0.00026222240435722614,-0.200901772807338,-3.3377076227229785e-05
2022-06-03,7.545785351571399e-05,0.10268120113497312,-0.008457454454238487,0.0002621559301882474,-0.20089061378898437,-3.507150954610818e-05
2022-06-06,7.540393376993481e-05,0.10268950127036076,-0.008459959897700112,0.0002620403628485319,-0.2009185786950248,-3.5652539896029146e-05
2022-06-07,7.539389185506541e-05,0.10268961305410251,-0.008464026838121594,0.00026209087217001577,-0.20093850299779406,-3.681194246739453e-05
2022-06-08,7.530435072776914e-05,0.10269121398607586,-0.008466028191086085,0.00026204752987314846,-0.2009442123916869,-3.691486416644731e-05
2022-06-09,7.529150300093594e-05,0.10269474882096813,-0.008467735170317684,0.0002621591738106592,-0.20094333800319145,-3.859649951307181e-05
2022-06-10,7.527400532216831e-05,0.10269823756470847,-0.008470801073447951,0.00026230877813149836,-0.20097709950956336,-3.93559503717484e-05
2022-06-13,7.527541318166477e-05,0.10270274207153232,-0.008472969438290134,0.0002622423468765837,-0.20103775241257085,-4.0318628546366175e-05
2022-06-14,7.52965498835945e-05,0.10270804243015803,-0.008474266990606613,0.0002622563924769496,-0.20102943091053252,-4.1542377999836554e-05
2022-06-15,7.530589119687514e-05,0.10271091713746035,-0.008476760843958295,0.00026230204306462176,-0.201016060578804,-4.2484167282736296e-05
2022-06-16,7.533837563184788e-05,0.10271451569855126,-0.008479906803564466,0.00026237486996228917,-0.20104749208465797,-4.3789697969166266e-05
2022-06-17,7.5358560443971e-05,0.10272049881999704,-0.008481993387464094,0.00026249934880126263,-0.20103808954834188,-4.437579159174157e-05
2022-06-22,7.526054441026178e-05,0.10272699540610342,-0.008483947085228705,0.00026255297327309974,-0.20102258454476346,-4.466325779859775e-05
2022-06-23,7.526404809653082e-05,0.10273483764005566,-0.008486221325756958,0.00026252855038469273,-0.20101768660058594,-4.476669710512857e-05
2022-06-24,7.52457853216483e-05,0.10274508791846217,-0.008487811802770154,0.00026266799207443374,-0.2010357976478986,-4.596957396861312e-05
2022-06-27,7.519344823507172e-05,0.10274892403027958,-0.008490218362154503,0.00026276687295857993,-0.20102417034149903,-4.672520292778223e-05
2022-06-28,7.517350422357684e-05,0.10275498732433869,-0.00849229771570637,0.0002628396080118264,-0.20100518659152625,-4.695098924207929e-05
2022-06-29,7.515494578751453e-05,0.10275801409622418,-0.00849527530182233,0.00026279431874703734,-0.20100448892025305,-4.797474126949983e-05
2022-06-30,7.50805423651291e-05,0.10275752240319677,-0.008498309480367693,0.0002627657454726618,-0.20101481801143964,-4.9433095831836755e-05
2022-07-01,7.5048282930114e-05,0.10276235507481125,-0.00849986489889756,0.00026284499059565025,-0.20101067657649796,-5.0509284838698486e-05
2022-07-06,7.500129529923475e-05,0.10276330009239167,-0.0085012213979162,0.000262958014350502,-0.20101486404067773,-5.1724904040497093e-05
2022-07-07,7.5010253833118e-05,0.10277517390470159,-0.008503441754599996,0.00026284318811623355,-0.20103832059013899,-5.2125558795715246e-05
2022-07-08,7.505889448356966e-05,0.1027790103960156,-0.008504821490854974,0.0002629972261171967,-0.20102551597111437,-5.379710878525057e-05
2022-07-11,7.503646914990755e-05,0.10278875652697451,-0.00850823713530235,0.0002629311677389681,-0.2010250340364208,-5.502948495526822e-05
2022-07-12,7.499670731375178e-05,0.10279565901967022,-0.008510777196354458,0.0002628834332555889,-0.20100481237626425,-5.579068048882605e-05
2022-07-13,7.506750506256396e-05,0.10280078179812152,-0.00851341369701105,0.0002628393545623529,-0.2010183473051052,-5.763928121654691e-05
2022-07-14,7.502798191112656e-05,0.10280695400807859,-0.00851586659268534,0.00026273887045498987,-0.20106032847524707,-5.821685022173068e-05
2022-07-15,7.497605596772261e-05,0.10281071522166768,-0.008518686846939098,0.000262841117384303,-0.20103726274205375,-5.8490088139845754e-05
2022-07-18,7.494431671251642e-05,0.102823345421026,-0.008521261945619484,0.0002629596080974919,-0.2010391229050533,-6.0209636855534595e-05
2022-07-19,7.497844985123104e-05,0.10282911959318264,-0.008524063249757062,0.00026294096926579927,-0.20100720043471354,-6.0246281935810166e-05
2022-07-20,7.500546847233078e-05,0.10283508443942836,-0.008526553308593346,0.0002631185131561931,-0.2009743795652787,-6.105641671049937e-05
2022-07-21,7.508069716916698e-05,0.10284438956096685,-0.008528922157937716,0.00026324734646312033,-0.20102091440148354,-6.109250363781716e-05
2022-07-22,7.503046989430542e-05,0.10284940602159265,-0.008531794959707956,0.0002632344975064654,-0.2009724799268581,-6.066519209776657e-05
2022-07-25,7.503975749883789e-05,0.10285477500111578,-0.008534711967849398,0.00026332216714037063,-0.2009475855915958,-6.214583069859492e-05
2022-07-26,7.5018955063315e-05,0.10286258050194226,-0.008537150284142835,0.0002633752560299608,-0.2009532537549294,-6.295615005472518e-05
2022-07-27,7.499486876433026e-05,0.10287118604568267,-0.008539930519383428,0.0002634172741979062,-0.20096615070369106,-6.421723852768918e-05
2022-07-28,7.49765562435032e-05,0.10287713445241396,-0.008542550789004524,0.00026358107994730933,-0.20092581564151313,-6.5681229895638e-05
2022-07-29,7.49906584241935e-05,0.10287814973893233,-0.008545507281483395,0.0002635048530034599,-0.20092446747049847,-6.74494953257795e-05
2022-08-01,7.50416473483493e-05,0.10287982860083829,-0.00854896007283471,0.00026354926002498556,-0.2009258247009611,-6.922963574428862e-05
2022-08-02,7.509150492254758e-05,0.10288267894393284,-0.008552151240347586,0.0002636763636931129,-0.20088435300280047,-6.973242840095558e-05
2022-08-03,7.513490036970521e-05,0.10288872790641009,-0.008554814857123625,0.00026352270355856116,-0.20086340574757344,-7.00674165924347e-05
2022-08-04,7.508346722012163e-05,0.10289690976169708,-0.008557231609344832,0.0002635544506894636,-0.20088021618107665,-7.013229381895987e-05
2022-08-05,7.510408881109215e-05,0.10290679406462575,-0.008559439493136905,0.0002635884448125118,-0.20090295094553373,-7.162721907294484e-05
2022-08-08,7.510495127790518e-05,0.102912053395956,-0.00856210436975337,0.00026361619192694395,-0.20093579280436755,-7.419122775339078e-05
2022-08-09,7.513228397768045e-05,0.10292219195520731,-0.00856489633187238,0.00026358675560992284,-0.20091174098943315,-7.517552243963753e-05
2022-08-10,7.518834623209848e-05,0.10292658145905445,-0.008567388082397587,0.00026367125545029746,-0.2008890487341544,-7.614177270440057e-05
2022-08-11,7.519919169765194e-05,0.10293078141632406,-0.008569996844028887,0.000263704669929087,-0.20090863389600283,-7.682315592026726e-05
2022-08-12,7.519156423563946e-05,0.10294197354825002,-0.008572787521149481,0.00026384030432103636,-0.2009394838203544,-7.868692679829779e-05
2022-08-15,7.52255708792131e-05,0.10294476676743172,-0.00857588862072435,0.0002639552602955051,-0.20094343354963454,-8.02831761073254e-05
2022-08-16,7.531719926040279e-05,0.10295085773358421,-0.008577975547585211,0.00026400074710243083,-0.20093342418533094,-8.217508784097953e-05
2022-08-17,7.532775959683456e-05,0.10295812078115513,-0.008580198176749704,0.0002639626906524018,-0.20090964012348325,-8.340249073499154e-05
2022-08-18,7.529645201861724e-05,0.10296319689089646,-0.008583011437926261,0.0002641208605756658,-0.2009190022236734,-8.362599788775202e-05
2022-08-19,7.533392364438308e-05,0.10296602075586106,-0.008585204836945658,0.00026422971420449697,-0.2009611230639818,-8.481202363118514e-05
2022-08-22,7.527638620717655e-05,0.10297772694469905,-0.008587683863574794,0.0002643659553100814,-0.20094450139850317,-8.561174721808865e-05
2022-08-23,7.52732633124895e-05,0.10298078260946268,-0.008589887898727173,0.0002644565155525573,-0.20097840829584718,-8.741245716540447e-05
2022-08-24,7.524340881953741e-05,0.10298682143834686,-0.008592582652639118,0.0002645651553849768,-0.20098464760572757,-8.894784553430997e-05
2022-08-25,7.521652638065172e-05,0.10299276865911317,-0.008594713828172949,0.00026448261169147424,-0.2009548942402113,-8.909975431302576e-05
2022-08-26,7.52158914546578e-05,0.1029886276584722,-0.008597865411246406,0.00026456726976896645,-0.20091527167987586,-8.936304636092575e-05
2022-08-29,7.520381896839362e-05,0.10299746489371622,-0.008599566403542265,0.0002646842642934221,-0.20092021130957516,-9.014718767179553e-05
2022-08-30,7.52541777108356e-05,0.10300719047624762,-0.008601908834655067,0.0002647049278130441,-0.2008996661360895,-9.163570671102207e-05
2022-08-31,7.526052679890578e-05,0.10301347950286105,-0.008604869073873183,0.0002646724892958162,-0.2009108895735233,-9.298509828620005e-05
2022-09-01,7.528717807513043e-05,0.1030218067105726,-0.00860757222232133,0.000264793749621778,-0.20092651423034505,-9.356069671175206e-05
2022-09-02,7.523009352641493e-05,0.10302188154235846,-0.008610413316692244,0.0002648222813360627,-0.2009233600568895,-9.491960729449855e-05
2022-09-07,7.523201657310509e-05,0.10302843483782531,-0.008612608109165396,0.0002650418268846798,-0.20095714507026086,-9.53231301086647e-05
2022-09-08,7.516013825049205e-05,0.10303899457637655,-0.008614948213262147,0.0002650475789684796,-0.20092064877298466,-9.644137560868696e-05
2022-09-09,7.513731152492909e-05,0.10304313386393346,-0.008617314386185558,0.00026504132905662585,-0.20091683815162897,-9.674869425290664e-05
2022-09-12,7.507365318080528e-05,0.10305042802559386,-0.008620263239730626,0.0002651653649521252,-0.20093998537703345,-9.839208995713467e-05
2022-09-13,7.507204595239322e-05,0.10305595390482983,-0.008622835685441576,0.0002652979363726368,-0.2009653799142578,-9.915590001857802e-05
2022-09-14,7.505484234908273e-05,0.10306542589417195,-0.008624920074268946,0.0002652648850406152,-0.2009614283148335,-0.00010071909549702363
2022-09-15,7.508493916410362e-05,0.10307360148955705,-0.008627645362529324,0.00026534871626826057,-0.2009481612358165,-0.00010119358593994231
2022-09-16,7.50849189941502e-05,0.10308275463958019,-0.00863053309185374,0.00026543744629228426,-0.20096954928675642,-0.0001012101275328627
2022-09-19,7.513048403563686e-05,0.10308572454379003,-0.008632903155263444,0.0002654979245901722,-0.20093791843127592,-0.00010159528136943508
2022-09-20,7.514117414092853e-05,0.10309069220887082,-0.00863628673357572,0.000265657120688571,-0.20098085204581073,-0.0001018524552814384
2022-09-21,7.51015293555832e-05,0.10309750698646285,-0.008638838550271912,0.00026563724357382684,-0.2009758484333607,-0.00010384510105759267
2022-09-22,7.507787014405588e-05,0.10310378714524857,-0.008641178533002091,0.0002657838961573742,-0.2009340291381902,-0.00010548059676177755
2022-09-23,7.515035402996687e-05,0.10311154274935568,-0.008643411208704495,0.00026581057203217765,-0.2009124028060849,-0.00010761804443630742
2022-09-26,7.515290104125725e-05,0.1031191223589707,-0.00864523570464656,0.0002657860496563639,-0.20087620951051152,-0.00010946099988739627
2022-09-27,7.5121284491434e-05,0.10312239735319935,-0.008647262012272847,0.00026590693627022286,-0.20085824948271,-0.00010977344866395508
2022-09-28,7.513507056965601e-05,0.10313165238960523,-0.008650768891152622,0.0002659630543465311,-0.2008805823949282,-0.00010998740503653668
2022-09-29,7.515658694381772e-05,0.10314036587422833,-0.008651639887923123,0.00026597507528626426,-0.2008806174674376,-0.00011093505690415586
2022-09-30,7.511622178168701e-05,0.10313985209272415,-0.008653790411434636,0.0002659583605932218,-0.20087653795878527,-0.00011282612943190482
2022-10-03,7.50999660293861e-05,0.10314108708654587,-0.008656143929618422,0.000266117232677623,-0.20087256908427606,-0.00011383078772564625
2022-10-04,7.516207253157415e-05,0.10314507608454282,-0.00865826091775776,0.00026617834567248337,-0.2008901937024245,-0.00011464095701831952
2022-10-05,7.514897304593585e-05,0.10314724834281398,-0.00866086451892029,0.0002662282779624849,-0.2009153109326414,-0.0001156222081186464
2022-10-06,7.518848063369182e-05,0.1031477954757458,-0.008663197817692411,0.00026622435763819355,-0.2009045478961689,-0.00011616507734364098
2022-10-07,7.520172281803698e-05,0.10315476871244382,-0.008665317238049858,0.00026619536059302695,-0.20088734769079178,-0.00011698554935780247
2022-10-12,7.521122732755173e-05,0.10316286556108402,-0.008667648075324576,0.0002663792491022206,-0.20087413007591037,-0.00011866490258001977
2022-10-13,7.512204712835291e-05,0.10316695595459022,-0.00866982048240828,0.0002661553057109766,-0.20087796332242136,-0.00011956849470893784
2022-10-14,7.507169375363135e-05,0.10317609848315407,-0.008671512735161434,0.000266223749442931,-0.20085692968582422,-0.00012072492712136758
2022-10-17,7.506633951725028e-05,0.10318051334436958,-0.008673654665182258,0.0002663226116393134,-0.2008822084959514,-0.0001220486590131421
2022-10-18,7.506565523558072e-05,0.10318648286434248,-0.008676513553797777,0.00026634701002562617,-0.2008795052950329,-0.00012190036302996127
2022-10-19,7.506796359205267e-05,0.10319247843388536,-0.008678720371242845,0.0002664578950277096,-0.20089324384931767,-0.00012354133553029145
2022-10-20,7.50311517111098e-05,0.1031955089228282,-0.008681010028291206,0.00026644773034619764,-0.20084892601290524,-0.00012504627553784527
2022-10-21,7.506679331400688e-05,0.10320260665879635,-0.008684538927186196,0.0002666443943598902,-0.20089479788909032,-0.0001256709397839956
2022-10-24,7.505014981097837e-05,0.10320936136913597,-0.008686908674390134,0.00026669696782959226,-0.20089414360095934,-0.000126395791647861
2022-10-25,7.501281232940648e-05,0.10321175284265278,-0.008689253885851334,0.0002668195898892008,-0.2009088360490239,-0.00012781703457997914
2022-10-26,7.503296624171694e-05,0.10321910777283508,-0.008691451101914513,0.0002669213190217155,-0.20091121584924693,-0.00012927273400851097
2022-10-27,7.505003546777571e-05,0.103223300979262,-0.008693230843845077,0.0002670223953499643,-0.20093213830965356,-0.00013000975605674748
2022-10-28,7.513075367909692e-05,0.10322966500595351,-0.008696357010640546,0.00026699192413978624,-0.20092810789903073,-0.0001308505730000811
2022-10-31,7.511346098961135e-05,0.10323122517297781,-0.008698589657462188,0.00026692208554884747,-0.20092316525571127,-0.00013140933015254032
2022-11-01,7.512310916763684e-05,0.10323508649849034,-0.008702118258416599,0.00026698146976486737,-0.2009121601407187,-0.00013238677428587502
2022-11-02,7.512643966758625e-05,0.10324076557814724,-0.008704845053034541,0.0002670409442297299,-0.2009096056945105,-0.00013355898318087247
2022-11-03,7.506546571927078e-05,0.10323894239852727,-0.00870672760693622,0.0002670553286516187,-0.2009412453208237,-0.00013397008009112256
2022-11-04,7.510729652531923e-05,0.1032444846693339,-0.008709101333368184,0.0002670238836772454,-0.20089903589820396,-0.00013564210331421667
2022-11-07,7.511693116390492e-05,0.10325121191726229,-0.008710111119872488,0.0002669809860944143,-0.2008845933987889,-0.00013761493565215974
2022-11-08,7.514053755188957e-05,0.10325303116072698,-0.008712210145061702,0.00026696895820798634,-0.20083519876349734,-0.0001381460598091591
2022-11-09,7.515200248305104e-05,0.10324874903937818,-0.008714054106415025,0.00026696929104912386,-0.20079550552955636,-0.00014045620079660331
2022-11-10,7.51787392925124e-05,0.10325150339339606,-0.008716102918341642,0.00026707100945865155,-0.200779064217651,-0.00014248998864081162
2022-11-15,7.517955571477263e-05,0.10325329881364989,-0.008716788758398712,0.0002670476360522952,-0.20071867978850136,-0.00014262170243316237
2022-11-16,7.515358005676468e-05,0.10324841516465208,-0.00871963497594384,0.00026727094178479144,-0.20068444804425078,-0.00014272528597227728
2022-11-17,7.515572565313545e-05,0.10324192463841737,-0.008721081987356596,0.00026734655062960936,-0.2006881927065399,-0.00014264909600803492
2022-11-18,7.519342734999337e-05,0.10324523449616364,-0.00872382262464001,0.00026746224552412436,-0.20067531102331745,-0.00014224943127044324
2022-11-21,7.522108032056018e-05,0.10324712069954478,-0.008725454471000179,0.00026756168799804946,-0.2006435352990803,-0.0001429169415430377
2022-11-22,7.524143444917148e-05,0.10325467589063458,-0.008727267531801041,0.0002676366896313118,-0.20063009243709543,-0.00014460585690824322
2022-11-23,7.529874561879588e-05,0.10325590574702981,-0.008728562636917141,0.00026791092563461627,-0.2006842669898204,-0.00014491760003437862
2022-11-28,7.526647068724589e-05,0.10326207945613242,-0.008729841684470977,0.00026786812554896396,-0.2006431391139358,-0.00014483903546871029
2022-11-29,7.524562095620748e-05,0.10326901289422971,-0.008731614523137957,0.0002680428516415143,-0.20067559296309243,-0.00014560480020073269
2022-11-30,7.517183937376464e-05,0.10327852465111202,-0.008733709126120967,0.0002680264974285663,-0.20063572463137475,-0.00014590213491474257
2022-12-01,7.519059578664385e-05,0.10328513515017283,-0.008735693892429059,0.00026804868924569205,-0.20061212919095037,-0.0001468356189448105
2022-12-02,7.520416951102022e-05,0.10329095446577934,-0.008738012539568714,0.0002679822707955288,-0.20061564860084252,-0.00014712806173221255
2022-12-05,7.522922679049271e-05,0.1032949692320505,-0.00873991435766092,0.0002680449936000668,-0.20060342430862468,-0.0001490968949783166
2022-12-06,7.511881029498754e-05,0.10330040350616554,-0.008742168567570454,0.0002680882631113831,-0.2006028427380253,-0.00014975891660646412
2022-12-07,7.509771594438897e-05,0.10330542131217016,-0.008744370379219928,0.0002679627378523296,-0.20057029656371175,-0.00015036024086431053
2022-12-08,7.512686122652457e-05,0.10329644703083887,-0.008745538575973757,0.00026804406759626495,-0.20054642658703736,-0.00015182923080708826
2022-12-09,7.511957697655256e-05,0.10329560553183319,-0.008747764231910789,0.00026806027897718486,-0.20056511025783463,-0.0001517091351797522
2022-12-12,7.506024651192542e-05,0.10329864265783999,-0.008749737476019329,0.00026805466986444,-0.20052456177581895,-0.00015255272933937597
2022-12-13,7.502724931599103e-05,0.10329526078865289,-0.008752167397121265,0.00026789471931152296,-0.20052893368899194,-0.0001526009720722754
2022-12-14,7.502114964736683e-05,0.10329989923766253,-0.008753763811932134,0.00026828629222636465,-0.20052287468878988,-0.00015367611968339167
2022-12-15,7.508536248711623e-05,0.10330236042995514,-0.008755875775038533,0.00026837427858619647,-0.20054568580044083,-0.0001545358100202105
2022-12-16,7.512786780506549e-05,0.10330564243070091,-0.00875842286942319,0.0002684620507423036,-0.2005241273103734,-0.00015491840393573386
2022-12-19,7.508244194970717e-05,0.10330641054772388,-0.008759480737087186,0.0002685222834784446,-0.2005095256835072,-0.0001552832857799862
2022-12-20,7.508634278626552e-05,0.10331097050710991,-0.008761149260480708,0.0002686288555129839,-0.20052535163099072,-0.00015540305883902228
2022-12-21,7.511177636344614e-05,0.10331147058845003,-0.008763625421486902,0.00026856424740351575,-0.20050021330270565,-0.00015639473460634415
2022-12-22,7.522074784444693e-05,0.10331355629887654,-0.008766174721180107,0.0002686325323121945,-0.20048918653873204,-0.00015617031166328266
2022-12-23,7.516358508842817e-05,0.10331290573140833,-0.008768330929029816,0.00026876961835490594,-0.20045285391153883,-0.0001562034567535832
2022-12-28,7.51536184481001e-05,0.10331425113724371,-0.008770524542784182,0.0002688063877025825,-0.20043417414590886,-0.00015681274502334406
2022-12-29,7.515312044063304e-05,0.10331705162148429,-0.00877266108621278,0.000268936834867183,-0.20039782802178066,-0.00015609465298563444
2022-12-30,7.512584346315527e-05,0.10332626774865357,-0.00877496259663552,0.00026885822970146436,-0.20039248634830117,-0.0001571858987753064
2023-01-04,7.511671280896226e-05,0.10333042340151274,-0.008777918543526001,0.00026895714322196424,-0.2003861508553612,-0.00015808019139718863
2023-01-05,7.511382422149505e-05,0.10333294116752965,-0.00877969428726532,0.00026914780088091575,-0.20034670513825426,-0.0001586873006060216
2023-01-06,7.514083205588952e-05,0.10333492733612226,-0.008781163287815842,0.00026926720487482816,-0.20031302020360114,-0.0001601795695272003
2023-01-09,7.515312084286697e-05,0.10334269507736278,-0.008783171911187668,0.0002693890098926793,-0.20030433044801527,-0.00015981572884646457
2023-01-10,7.508522847166837e-05,0.10334534124970719,-0.008785995192754952,0.00026938347912489535,-0.2003424653528276,-0.0001607405246988333
2023-01-11,7.505846207411339e-05,0.10334155288153808,-0.008787600035980354,0.0002694269628502245,-0.20033723797536657,-0.0001612836045085248
2023-01-12,7.507326691909555e-05,0.10334024721462715,-0.00879043611674776,0.00026931256754379594,-0.20030927680250354,-0.00016216715537245775
2023-01-13,7.504300468108104e-05,0.10334254590820931,-0.008791610906859962,0.0002695155550004329,-0.20031762066330097,-0.00016268580472525955
2023-01-18,7.503903539923958e-05,0.1033470687084698,-0.008794314523387664,0.00026976109020120613,-0.20029360352322167,-0.00016331180470206661
2023-01-19,7.500820897058882e-05,0.10335128843095459,-0.00879573999376518,0.00026967072104248116,-0.20028462059830177,-0.0001636072991273065
2023-01-20,7.500317187753235e-05,0.10335308808589382,-0.00879814373557062,0.0002698428656658089,-0.20028030684043346,-0.00016362182910207185
2023-01-23,7.50214849336224e-05,0.10335654021637675,-0.008799641953227756,0.0002697346041471669,-0.20030640461344332,-0.0001651378535720978
2023-01-24,7.497032495051067e-05,0.10335678677865502,-0.008801668582893213,0.0002698077907610321,-0.20030143573002698,-0.0001653760516635542
2023-01-25,7.497134973402539e-05,0.10335729176149058,-0.008803934091445238,0.0002699724450051276,-0.20031132679880587,-0.00016547922937335875
2023-01-26,7.499487328791105e-05,0.10335751720281872,-0.008804555389178025,0.00026999727048086504,-0.2002859473561415,-0.0001650983389559811
2023-01-27,7.495392265230806e-05,0.10335883140337102,-0.008806177434347837,0.0002699018750642463,-0.20026730233506648,-0.000166885748197476
2023-01-30,7.495261410838582e-05,0.10335613531729562,-0.00880799371625309,0.00026989221654825864,-0.2002904248465626,-0.00016689860338445851
2023-01-31,7.49572442591753e-05,0.10335582558330658,-0.00881014678083625,0.00026990803236920467,-0.20027217512237147,-0.00016778243919105999
2023-02-01,7.489346265427812e-05,0.10335686582801325,-0.008811799762798786,0.00026990603755118914,-0.2002274200194227,-0.00016958198175788872
2023-02-02,7.489057247231068e-05,0.1033612653725499,-0.008813425816701905,0.00026980313384710705,-0.20019103881514771,-0.00016936731933822228
2023-02-03,7.494031355070748e-05,0.10336273989878293,-0.008814935203210547,0.00026990460038098804,-0.20020050345191867,-0.00017067103100157545
2023-02-06,7.498588166912344e-05,0.10336667594318318,-0.008816889974655469,0.0002699760086178271,-0.20016072389075737,-0.00017128447159813067
2023-02-07,7.496001138467901e-05,0.10336315481568217,-0.008818053008269634,0.0002699483466907714,-0.20014830152249932,-0.00017096120653139368
2023-02-08,7.501851868979392e-05,0.10336113144152245,-0.008819979342801708,0.00027010378317345106,-0.20015392032416995,-0.00017195280331440914
2023-02-09,7.496920736208904e-05,0.10336200588348847,-0.008821534856442902,0.000270128583622241,-0.20014586192364517,-0.00017252624542107587
2023-02-10,7.492156959233158e-05,0.10336490530469412,-0.008823184812049002,0.0002702500909808792,-0.20018386195379154,-0.0001737950044935199
2023-02-13,7.485571883994605e-05,0.10337001782219737,-0.008825046953799836,0.00027026873682092523,-0.20013699123999015,-0.00017507701476287472
2023-02-14,7.487236241633056e-05,0.1033715882503176,-0.008825360307820121,0.00027031592166280763,-0.20010100067053538,-0.00017659699507346303
2023-02-15,7.48630614307119e-05,0.10337955282519001,-0.008827183943287407,0.0002703691579537977,-0.20009964660383092,-0.00017694047523348976
2023-02-16,7.484699548512009e-05,0.10337800994709591,-0.008829150110338658,0.0002704208816533631,-0.20006419280861337,-0.00017691799984643732
2023-02-17,7.486667110190718e-05,0.10338497285098092,-0.0088312205643118,0.00027044900091928236,-0.20000174451370256,-0.00017892689341802726
2023-02-22,7.487067131042474e-05,0.10338640892348525,-0.008832720489038723,0.0002705168164602222,-0.20000999725114305,-0.00017996732809564148
2023-02-23,7.481727429248418e-05,0.10338423329319596,-0.008834818367951056,0.0002705505046096114,-0.20005258879635066,-0.00018201679238490982
2023-02-24,7.489341167120508e-05,0.10338443189538778,-0.00883613927763336,0.00027067699017133394,-0.2000154548158092,-0.00018269964668409016
2023-02-27,7.488867577312172e-05,0.10338275471645016,-0.008838412072403174,0.00027087611099253225,-0.20000211480757787,-0.00018360967445610587
2023-02-28,7.49016679006471e-05,0.10338020198638748,-0.008839494495464222,0.0002708636911257785,-0.20000815631571567,-0.00018433334299730017
2023-03-01,7.492501915898553e-05,0.10338540405263172,-0.00884053475850686,0.0002707200296364748,-0.20001559764517557,-0.00018468947347836663
2023-03-02,7.494993057233377e-05,0.10338277687839555,-0.00884189902055649,0.0002707470676265236,-0.20002449687898857,-0.00018561191369776217
2023-03-03,7.487486406570259e-05,0.1033845599445587,-0.00884298859123758,0.00027065933056198737,-0.20003489855495074,-0.0001864482713210916
2023-03-06,7.485795963797125e-05,0.1033898274898558,-0.008844346362897713,0.00027072622773311014,-0.20000568588791323,-0.00018690384047594918
2023-03-07,7.484024321208771e-05,0.10339498977029524,-0.008846105735095441,0.0002708545208390903,-0.19998363544859454,-0.00018739838720074567
2023-03-08,7.475681954308997e-05,0.10339428623549085,-0.008847305401112978,0.0002710265305923007,-0.20001855645265404,-0.00018824678186463742
2023-03-09,7.478122680656534e-05,0.10339719078875939,-0.008848424578592771,0.0002711546848680322,-0.20003036325500145,-0.0001892754156170837
2023-03-10,7.478114412170508e-05,0.10340137367287679,-0.008850190780696564,0.00027117367608088506,-0.19999297292196316,-0.00019105482591270695
2023-03-13,7.478697713377531e-05,0.10340560968769383,-0.008853063357269373,0.0002712382267833052,-0.19994880680657842,-0.00019167245673904263
2023-03-14,7.482325905941238e-05,0.10340124043482417,-0.008853730907096185,0.0002712076439454988,-0.19995851323901873,-0.0001921669128768935
2023-03-15,7.48019511234289e-05,0.103403712066264,-0.008855124113360289,0.00027126096052028663,-0.19995264641629504,-0.0001930463432558601
2023-03-16,7.476559176304398e-05,0.1034055136270114,-0.00885680554672423,0.0002713294086629543,-0.20000530546156814,-0.0001951070376970913
2023-03-17,7.479944983898422e-05,0.1034114870114043,-0.008857923678273153,0.0002714608428927033,-0.20001178464199015,-0.0001953050534336109
2023-03-20,7.479442531136683e-05,0.10341376658285187,-0.008860327451475141,0.0002716405310150999,-0.200015981208315,-0.00019571883266041452
2023-03-21,7.478471821251105e-05,0.10341345334590044,-0.008863023360516153,0.0002717059907971183,-0.20001563288895535,-0.000196515921247561
2023-03-22,7.481021310199697e-05,0.10341918324733435,-0.008864163101731212,0.0002717417598985145,-0.19999884843567542,-0.00019716391978237335
2023-03-23,7.482404599890193e-05,0.10341797433996625,-0.008865971484226916,0.00027180556045433644,-0.1999735221655342,-0.00019902723277175554
2023-03-24,7.479789921493215e-05,0.10342035908184406,-0.008867292138892629,0.00027185689011096964,-0.19996345752922023,-0.00019945907661106014
2023-03-27,7.472527221916938e-05,0.1034217356676134,-0.008869263531587925,0.000272179640191305,-0.19996513835727223,-0.00019998767768377015
2023-03-28,7.469494576401538e-05,0.10341927348044777,-0.008870183631983592,0.0002722634770016938,-0.19991372538428834,-0.00020083521597746167
2023-03-29,7.464551847966144e-05,0.10342277880619799,-0.0088715393679805,0.00027225155142201823,-0.19989241696015236,-0.00020157009813117152
2023-03-30,7.459607548923294e-05,0.10342121667626324,-0.008872762785765577,0.00027229374736932897,-0.19990102389285486,-0.00020316179113422588
2023-03-31,7.458643250947774e-05,0.10342906005761514,-0.008874793779787614,0.0002723911275808137,-0.1999006359658225,-0.00020334929780763442
2023-04-03,7.460436231435677e-05,0.10342991852378877,-0.008876674780156283,0.00027241306351644725,-0.19987499288490995,-0.00020499816185125572
2023-04-04,7.461182806780857e-05,0.10343092272889118,-0.008878253310625401,0.0002724081901547826,-0.1998660723101259,-0.00020607453617950893
2023-04-05,7.457980775078848e-05,0.10343692249088643,-0.00887941110872169,0.00027239784840848633,-0.1998278212962787,-0.00020614394112784964
2023-04-06,7.459047397676146e-05,0.10343750031397743,-0.008880911015401794,0.00027227734627460705,-0.19982584048211047,-0.0002059339640643352
2023-04-11,7.458702453289095e-05,0.10344281832761668,-0.00888278575870881,0.0002723228391559679,-0.19983556853482382,-0.00020665499261977312
2023-04-12,7.456643291368712e-05,0.10344607517975046,-0.00888420332387246,0.00027239508456476164,-0.19981561672695725,-0.00020811106371574256
2023-04-13,7.457952067647303e-05,0.10344739461867544,-0.008886049506272805,0.0002725252358191204,-0.19985722594135277,-0.0002088340978472838
2023-04-14,7.455100334479402e-05,0.103449770307197,-0.008888086055324493,0.00027258980965333857,-0.19989818461212436,-0.0002096790494377282
2023-04-17,7.452901559833112e-05,0.10344931761064369,-0.008888156442321786,0.00027268229721369897,-0.1999124594822724,-0.00021024180657695037
2023-04-18,7.448035701581707e-05,0.10345126184108251,-0.008889536553509231,0.0002728224201922559,-0.19988804566629062,-0.0002108554190335795
2023-04-19,7.44736458733235e-05,0.10345314532913509,-0.008890166012602407,0.0002727275802757802,-0.19989276250107782,-0.0002113574584003283
2023-04-20,7.44784550648124e-05,0.10345869831395224,-0.008891306074211694,0.00027264408527097095,-0.19990221781819215,-0.0002120498728990507
2023-04-21,7.448252070704585e-05,0.1034577579816591,-0.008892873779515522,0.0002723628465518346,-0.19992198003468659,-0.00021312803405066266
2023-04-24,7.44187406876762e-05,0.10345635723249977,-0.008894810184094113,0.00027241089697128506,-0.19991162716617822,-0.0002147227953035354
2023-04-25,7.436016424797049e-05,0.10346199912699389,-0.008896177138380935,0.0002724035489678995,-0.19991781414098775,-0.00021563126011949228
2023-04-26,7.443029543060845e-05,0.1034647450657453,-0.008897248244605416,0.0002723766401438101,-0.19989590886733646,-0.00021746824075898579
2023-04-27,7.444412564697731e-05,0.10346152070109763,-0.008899050546691175,0.000272375289005757,-0.19989078761547555,-0.00021868716971148327
2023-04-28,7.448460799974349e-05,0.10345964159125307,-0.008899894491961794,0.00027242708212764903,-0.19990280010267714,-0.0002192465375905741
2023-05-01,7.445849617169661e-05,0.10346042301121185,-0.008901589404408225,0.0002725012502465158,-0.1999375910010002,-0.00022043642389099914
2023-05-02,7.4501418862844e-05,0.10346034471258665,-0.00890260391292598,0.000272595724209828,-0.1998994293713418,-0.000220522341930511
2023-05-03,7.450803421005524e-05,0.103463430333079,-0.008903312503079104,0.00027275412968059693,-0.19987703901096335,-0.00022088373146759136
2023-05-04,7.451033843843593e-05,0.10346486727335867,-0.008904924906206724,0.00027292543462286193,-0.19985314585176134,-0.00022108506728352135
2023-05-05,7.446923627602817e-05,0.10346563620491579,-0.008905716878911691,0.0002730710804930929,-0.19987670430770157,-0.00022237101337510345
2023-05-08,7.446935815188404e-05,0.1034710506249587,-0.00890679151025369,0.0002731693477410384,-0.19988566142368897,-0.00022249343165002517
2023-05-09,7.44089981442005e-05,0.10347460031114734,-0.008907794760571526,0.00027334294675921913,-0.19990928370435426,-0.00022351933839658353
2023-05-10,7.437216963209399e-05,0.10347377492756113,-0.008909955325025658,0.0002734319534253757,-0.19989246914784656,-0.000224020359634016
2023-05-11,7.436964550306377e-05,0.10347511254983195,-0.00891058849569252,0.0002734075206716727,-0.19990110769883548,-0.00022454580079374846
2023-05-12,7.430045517633581e-05,0.10347893673671785,-0.00891267109763405,0.0002734885439973644,-0.19993926371253196,-0.00022524062775455112
2023-05-15,7.431489200042569e-05,0.10347792458697783,-0.008914853109543402,0.0002738188984341371,-0.19986699298331054,-0.00022620156589455424
2023-05-16,7.43977878800077e-05,0.10348209615063535,-0.008916136226762596,0.0002738425472070324,-0.19982889309449287,-0.00022595681042040242
2023-05-17,7.443120227271593e-05,0.10348014318877866,-0.008917282870465894,0.0002739737948407494,-0.19977785227558315,-0.00022726560702702412
2023-05-18,7.438848749370802e-05,0.10348549109626629,-0.008918468695763914,0.0002740101777198836,-0.1997937264106661,-0.00022742721877840147
2023-05-19,7.43975523313571e-05,0.10348583570041892,-0.0089203438764022,0.00027414445120707825,-0.19984404556194407,-0.00022793618758187693
2023-05-22,7.439037432790615e-05,0.10348668681909923,-0.00892131349927947,0.000274305556067752,-0.19985108279440345,-0.0002284901105273996
2023-05-23,7.445240269411637e-05,0.10348926158714483,-0.0089222653972763,0.00027436340425974966,-0.1997961821188838,-0.00022936909800100785
2023-05-24,7.447271876723429e-05,0.10349290188203857,-0.008924464802346023,0.00027438083560822987,-0.19980734336427425,-0.00022987737658003963
2023-05-25,7.451487754350954e-05,0.10349380752616477,-0.00892504955575388,0.0002745130743351188,-0.19983003713960737,-0.00023103955801391589
2023-05-26,7.455794010656868e-05,0.10349500874449243,-0.00892561108757613,0.000274449708720124,-0.19981579176639708,-0.0002314112589413896
2023-05-31,7.455729854955068e-05,0.1034930815807051,-0.008927511544823682,0.000274501276919957,-0.1997656498642965,-0.00023221170975908193
2023-06-01,7.454837742208773e-05,0.10349286503152529,-0.008928931365434606,0.00027439029639424813,-0.19976924451643852,-0.00023178254804381474
2023-06-02,7.450863800603738e-05,0.10349134987487765,-0.008930270795292199,0.00027440453693632386,-0.1997464365487441,-0.00023263259332502803
2023-06-05,7.452779052194978e-05,0.10349552558876539,-0.008932188824383755,0.0002745582904636869,-0.1997271530052459,-0.00023394034089888315
2023-06-06,7.445769369166739e-05,0.10350487979131859,-0.008933334346362082,0.0002746341056740728,-0.19969285455448438,-0.0002346588812410149
2023-06-07,7.44635123496464e-05,0.10350735684601287,-0.008935207173145124,0.00027474795121908965,-0.19970292454426397,-0.0002359453042198773
2023-06-08,7.447308542324124e-05,0.10350296878476564,-0.008936271836829088,0.000274889692231246,-0.19967015811484673,-0.00023658801704134076
2023-06-09,7.446847338781284e-05,0.10350737287903,-0.00893812671913613,0.00027497078237394106,-0.19963741559863746,-0.00023673905026060338
2023-06-12,7.454975900559067e-05,0.10350356567707795,-0.008939394355784228,0.00027511938802858864,-0.19965419047505154,-0.00023742719697426705
2023-06-13,7.453442283163501e-05,0.10350398156692299,-0.008939658150366929,0.0002752484237555928,-0.19965620964985328,-0.00023846209484079374
2023-06-14,7.451928193361724e-05,0.10350486711042989,-0.008941495787394994,0.0002753316294343192,-0.19963382827813475,-0.00023905819549195493
2023-06-15,7.455615906340501e-05,0.10350400884912692,-0.008941863021129919,0.0002754391805697642,-0.19961902411499574,-0.000239290686322399
2023-06-16,7.449935230344708e-05,0.10350505268614521,-0.008943065161167437,0.00027540419855910864,-0.19962969567217106,-0.0002395554840834751
2023-06-21,7.447708074007802e-05,0.10350580762647164,-0.008943913277254774,0.00027548762053335017,-0.19966254928748783,-0.0002396027602112589
2023-06-22,7.44464526287899e-05,0.10350899987761897,-0.008944917138294732,0.00027539506700406034,-0.19969998237187717,-0.0002403585761515911
2023-06-23,7.44269045605588e-05,0.1035087197064477,-0.008946371007386902,0.00027549791914556124,-0.19969208315568637,-0.00024081907732791948
2023-06-26,7.437714201464154e-05,0.10351517886190742,-0.008947249396383026,0.00027548875359292163,-0.19971477005092186,-0.00024217813487055273
2023-06-27,7.440967327896098e-05,0.1035158092812824,-0.008948275760928378,0.00027554490003223295,-0.19969745748986378,-0.00024391335655483563
2023-06-28,7.433088094980027e-05,0.10352245486435702,-0.008949899208828145,0.00027559387476832654,-0.19975735066171757,-0.00024383786764003767
2023-06-29,7.434098402665943e-05,0.10352570510788171,-0.008951463538054006,0.00027548476566688926,-0.19976053451758516,-0.0002447449261006777
2023-06-30,7.433324549208557e-05,0.10353053395491507,-0.008952994257722974,0.00027567718701879135,-0.19978325982791198,-0.0002455856931545968
2023-07-03,7.42986700489439e-05,0.10352560475787151,-0.008954280549908324,0.0002756458147567138,-0.19978674995634982,-0.00024552639452446364
2023-07-06,7.427114803930883e-05,0.1035250656566537,-0.008955112361599666,0.0002757550152591765,-0.1997512770245073,-0.000246294850346672
2023-07-07,7.422487820343479e-05,0.1035208370331424,-0.008956296048023112,0.0002757281035900961,-0.1997589977680912,-0.00024757666769443203
2023-07-10,7.419520151221888e-05,0.10352279763516317,-0.008956804110152462,0.0002757816540487613,-0.1997715982471859,-0.0002469979943179478
2023-07-11,7.417330947759207e-05,0.10351989706619302,-0.008957483611515965,0.0002758570333909866,-0.19980886477510298,-0.00024825564825402155
2023-07-12,7.416956079322219e-05,0.1035278702402575,-0.008959438338165994,0.00027585002149631917,-0.1998178491863005,-0.0002477848048025566
2023-07-13,7.411756937889048e-05,0.10352816888270469,-0.008960364443707236,0.0002759769117080944,-0.19983819134566488,-0.0002485577377910123
2023-07-14,7.407305286957007e-05,0.10352908521849398,-0.008961551247517269,0.00027613347008012334,-0.1998285406566025,-0.0002491531544868456
2023-07-17,7.407516541087102e-05,0.10353436277773802,-0.008963417171549271,0.0002762258926431424,-0.19983029413196038,-0.0002488807964995024
2023-07-18,7.403793681593546e-05,0.10353142413253916,-0.008964501881534415,0.0002762723108339102,-0.1998634884288152,-0.00024956120974532634
2023-07-19,7.397819509185236e-05,0.10353815850200523,-0.008965702245445191,0.0002762804065334297,-0.199864605937425,-0.0002500958170393194
2023-07-20,7.390072069972744e-05,0.10353965420794146,-0.008967623392016238,0.0002762327069889973,-0.19984341045866863,-0.0002498742708635846
2023-07-21,7.389351496470627e-05,0.10353796747172779,-0.008969859202981923,0.0002763539310229524,-0.19983158046693272,-0.0002495050441798172
2023-07-24,7.385224277592482e-05,0.1035419194126456,-0.008971602004822662,0.00027638412500180645,-0.1998415595342077,-0.0002506852691820719
2023-07-25,7.374142377728602e-05,0.10354143881359855,-0.00897329736976506,0.00027642157940322435,-0.19985235997999323,-0.00025068515484593176
2023-07-26,7.37202241569442e-05,0.10353927302930448,-0.008974270460393164,0.0002764958518235908,-0.19981096177264043,-0.00025179593969886204
2023-07-27,7.370775844094898e-05,0.10354420584660261,-0.008975344933583214,0.000276588203223652,-0.1998185007721227,-0.0002523056854353477
2023-07-28,7.371493071897507e-05,0.10355207373418822,-0.008976725456276874,0.00027668711748629735,-0.19980115775532298,-0.0002524407663020781
2023-07-31,7.374313925382821e-05,0.10355865380811526,-0.008978083384905808,0.0002765226601221514,-0.19981715308207987,-0.00025331325986079366
2023-08-01,7.36905833253071e-05,0.10356254989604191,-0.008979731698398346,0.00027658492517851666,-0.19980296969522066,-0.00025296639746481023
2023-08-02,7.370946918608086e-05,0.10356134421479177,-0.008981434885728676,0.0002767074078844906,-0.19976532476590772,-0.0002532224497677438
2023-08-03,7.370226787513621e-05,0.10356507249042643,-0.00898268467961142,0.0002768068640477012,-0.1997306638322065,-0.00025417155420036206
2023-08-04,7.367327843281478e-05,0.10356976947222504,-0.008984472499022962,0.00027687603335795465,-0.19973906559582666,-0.00025490768472656485
2023-08-07,7.367843727222975e-05,0.10357021941521699,-0.008985770796824345,0.00027691069361102805,-0.19972554853994454,-0.0002544242856959763
2023-08-08,7.367692605239571e-05,0.10356982899477998,-0.008987457290909995,0.0002768649953247227,-0.1996847414697033,-0.0002541746067007573
2023-08-09,7.362903134432264e-05,0.10356802718042309,-0.008988585064441963,0.0002769255784962218,-0.1996732116664827,-0.00025426537837633785
2023-08-10,7.356810222927267e-05,0.10356865489016204,-0.008990268297932943,0.0002769794218270269,-0.19967554946246008,-0.0002538403004359948
2023-08-11,7.35536638380839e-05,0.10356564171379035,-0.00899173125651189,0.0002768274553714632,-0.19965656238781182,-0.00025345268099509396
2023-08-14,7.355942994178662e-05,0.10355876847833373,-0.008992663007275453,0.0002767219904808968,-0.19965957982625027,-0.00025350383945568544
2023-08-15,7.357441015910878e-05,0.10356004718749406,-0.008994248514610708,0.00027676095999964057,-0.1996248217357279,-0.0002533883560347997
2023-08-16,7.353108881840181e-05,0.10356749634020687,-0.008995149995314727,0.0002769704877290059,-0.1996246498984787,-0.00025343002697153825
2023-08-17,7.353670204594199e-05,0.10357161968812491,-0.008996748963279505,0.00027702801993219524,-0.1996342801390116,-0.00025366953310678716
2023-08-18,7.355614052448003e-05,0.10357524038918903,-0.008998582213910465,0.00027706576071317225,-0.19965155328076228,-0.0002544797545528087
2023-08-21,7.35527965890654e-05,0.10358041370213804,-0.008999810197846538,0.00027730437156083025,-0.19970808605050133,-0.0002553734172173766
2023-08-22,7.360197669238786e-05,0.1035809945694493,-0.009002197504263478,0.0002773942661882686,-0.19965911944535086,-0.00025640355061591304
2023-08-23,7.359435737904602e-05,0.10358372709639158,-0.009003459366775386,0.00027726934812322807,-0.19961468240416566,-0.0002577651675238271
2023-08-24,7.363984893652734e-05,0.10358533782761688,-0.009005955932524304,0.0002771445492050746,-0.19963134612626066,-0.00025871913057356333
2023-08-25,7.364918738896719e-05,0.10358880339980822,-0.009007118775332888,0.0002771281519064776,-0.19961431109764483,-0.0002588662178539387
2023-08-28,7.358681106740787e-05,0.10358705597029128,-0.009008182297866948,0.00027711778122058606,-0.19963293427938777,-0.00026102122191341473
2023-08-29,7.362110120749504e-05,0.10359366164331947,-0.009009441858729234,0.00027716796187027693,-0.1996420664244015,-0.00026166184208201555
2023-08-30,7.367777149171606e-05,0.10359335450691613,-0.009010901381066382,0.0002772627241696858,-0.19967705004176692,-0.000261944980501844
2023-08-31,7.369028003733424e-05,0.10359028302719683,-0.009011758938489845,0.00027743841569420266,-0.19969546477540678,-0.00026233876695981806
2023-09-01,7.369059692150637e-05,0.10359321250549737,-0.009012929205721212,0.0002773870511293056,-0.19968924416785605,-0.0002635253035979047
2023-09-06,7.363159484072186e-05,0.10359714339096673,-0.009013868785820698,0.0002773391217667352,-0.19964665171575993,-0.00026575575253642126
2023-09-07,7.364881358308287e-05,0.10360057043964013,-0.009015272936276585,0.0002772253157866815,-0.1996066609020727,-0.0002655481153430471
2023-09-08,7.363534381714441e-05,0.10359816790268936,-0.009016628785664716,0.00027725740989563544,-0.19959888866585218,-0.00026621737968019306
2023-09-11,7.360745878470458e-05,0.10361166868991785,-0.009017932880564404,0.00027737955186436705,-0.19961095746532964,-0.0002667055337930467
2023-09-12,7.358156804116966e-05,0.10361433597665676,-0.009019492938669072,0.000277427828812437,-0.19963168255035146,-0.0002663516691491328
2023-09-13,7.357571679361178e-05,0.10361159883508829,-0.009020185913791225,0.00027756309988988747,-0.19966031729331382,-0.0002669640240922266
2023-09-14,7.360289541182705e-05,0.10361701115962946,-0.009021738495741193,0.00027764481420087216,-0.1996418718587235,-0.0002673977024159016
2023-09-15,7.363384506316131e-05,0.1036200230089615,-0.009022714491781682,0.0002777284730838312,-0.19963281899011528,-0.00026883426126545336
2023-09-18,7.356186146905212e-05,0.10361619450890021,-0.009023924951851461,0.0002775911526899914,-0.19961492887051396,-0.00027076376687970566
2023-09-19,7.35974598451956e-05,0.10361573231369879,-0.009024508840004435,0.0002777580292502947,-0.19958428150474158,-0.0002709829391637775
2023-09-20,7.358186946292231e-05,0.10361777141614098,-0.009026646730053545,0.0002778308601203319,-0.19955413989751491,-0.00027106041079223963
2023-09-21,7.360255561526478e-05,0.10361285029396006,-0.009028317508895189,0.000277986103822502,-0.199551333319691,-0.00027098826715522367
2023-09-22,7.36034573680676e-05,0.10361540481090581,-0.009029269758578476,0.0002780482860218634,-0.19957812567862437,-0.00027063524542020144
2023-09-25,7.357211309759473e-05,0.10362013958268418,-0.009029426784198004,0.0002779574679091059,-0.19956754495415593,-0.0002721698264361718
2023-09-26,7.349845341988547e-05,0.10362113477770385,-0.009031029965843701,0.00027807688132721285,-0.19954880784405082,-0.0002721580645246876
2023-09-27,7.342341226570238e-05,0.10361700865584864,-0.009032600969532052,0.0002779865715079042,-0.19959314849118237,-0.00027222887677792073
2023-09-28,7.340947692204788e-05,0.10361737074333877,-0.009033486332958647,0.0002780406155400952,-0.19953592391939684,-0.00027226189990645647
2023-09-29,7.334736151975633e-05,0.10362215653300375,-0.00903396469793026,0.0002780512899510237,-0.19956930701453118,-0.0002730832637794514
2023-10-02,7.333870156931812e-05,0.10362150205147333,-0.00903440045625516,0.00027811313749243706,-0.1995563369912122,-0.00027320268110398853
2023-10-03,7.327282878685322e-05,0.10362393566032588,-0.009036233631482326,0.00027789784717317106,-0.19954947551070742,-0.0002732498581032858
2023-10-04,7.329152051076946e-05,0.10362187022979939,-0.009037834456734586,0.0002778107732490447,-0.1995339292356145,-0.0002739552798643598
2023-10-05,7.328636864289803e-05,0.10362694868704495,-0.009038768184476482,0.0002778213586802095,-0.19955462602074137,-0.00027460690323200513
2023-10-06,7.333361824455314e-05,0.1036234674254598,-0.009039483457867594,0.00027762732076450753,-0.1995343186243403,-0.0002739874235259103
2023-10-11,7.331316894927247e-05,0.10362508374020422,-0.009040167662978767,0.0002775942065011004,-0.19956292380904578,-0.0002741171482335462
2023-10-12,7.33666902627901e-05,0.10362183548487044,-0.009041226094130462,0.0002775796895712277,-0.1995802548849971,-0.000273624212440591
2023-10-13,7.334192568064366e-05,0.10362158632566075,-0.009042663633639888,0.0002776141195486477,-0.19952910504164542,-0.00027310401014611104
2023-10-16,7.334838993291124e-05,0.10362184442409267,-0.00904402064034543,0.0002776749118323968,-0.19955009113027783,-0.00027275103460772354
2023-10-17,7.338023232128571e-05,0.10362392260051038,-0.009044788893321413,0.0002775552768449072,-0.19955287129060864,-0.0002724648203495205
2023-10-18,7.33949416600725e-05,0.10363059236738001,-0.00904532533676906,0.0002774708347488131,-0.19950476094132985,-0.0002725215482399103
2023-10-19,7.336651459174778e-05,0.10363019787480077,-0.00904608046336176,0.00027739861624006705,-0.1994910621184485,-0.0002719005709653645
2023-10-20,7.336211228228082e-05,0.10362178346394366,-0.009048086400413838,0.00027744867499338206,-0.19947671670901257,-0.00027245988537706747
2023-10-23,7.33884694068379e-05,0.10362087496189486,-0.009050179884812744,0.00027736591232875064,-0.1994339413262513,-0.0002721098912239045
2023-10-24,7.335316281148414e-05,0.10362412743255635,-0.009051168314080862,0.0002773022457768388,-0.19940004877810522,-0.00027265085316467366
2023-10-25,7.337162779502136e-05,0.10362390652959579,-0.00905187134896666,0.00027715219298948764,-0.19938660258678845,-0.00027238480774198303
2023-10-26,7.339467902701323e-05,0.1036251060004659,-0.009052496594384897,0.0002772190342060644,-0.19939064546891636,-0.00027300522117852064
2023-10-27,7.338211928225882e-05,0.10362708313665764,-0.009053176438495231,0.00027722322240698784,-0.19940600133645348,-0.0002728958756556287
2023-10-30,7.336534355629161e-05,0.10362352414512957,-0.009054360016557291,0.0002771756504071273,-0.199429190632596,-0.00027262404434370114
2023-10-31,7.336327198673344e-05,0.10362199905174069,-0.009055462565914123,0.0002772398331133324,-0.19941716790528094,-0.0002722476517252513
2023-11-01,7.341556115080741e-05,0.10361675955370264,-0.009056559428519345,0.00027718757514616813,-0.1994342694363096,-0.0002726372643595696
2023-11-02,7.347837929658003e-05,0.10361270704693012,-0.009057628547141382,0.0002770826015258415,-0.19942247440920094,-0.00027316780281557617
2023-11-03,7.356244700510394e-05,0.10361197455776122,-0.009058963802285528,0.0002770946921813975,-0.1994260286671739,-0.00027328917471651596
2023-11-06,7.35772626319982e-05,0.10361943434293494,-0.00905940865645965,0.000277055840495657,-0.19943083307022705,-0.0002736253188036488
2023-11-07,7.355811823849898e-05,0.10362221765990043,-0.00905996843306025,0.00027715933661721405,-0.19940896115546475,-0.0002734603165976121
2023-11-08,7.355422808011425e-05,0.10362138426907377,-0.009060796764299602,0.000277206121100617,-0.19943762628534684,-0.00027269929674987847
2023-11-09,7.351159330595913e-05,0.10362284897562352,-0.009061312411519055,0.00027708777985100693,-0.1994569728151016,-0.0002726570421420122
2023-11-13,7.345666852501754e-05,0.10361455496946861,-0.009062313409702009,0.0002771104160282559,-0.1994918613285068,-0.0002729588744482941
2023-11-14,7.351347565262182e-05,0.10361683786031832,-0.009063488588913102,0.0002771335869943279,-0.19951371069619084,-0.0002734773514257248
2023-11-15,7.347003639224891e-05,0.10361124531893826,-0.009064071271479698,0.0002771635504520679,-0.19948104424711455,-0.0002723961595689159
2023-11-16,7.345493993797834e-05,0.10360998443290234,-0.009064685045646384,0.0002774478727581709,-0.19946795831774616,-0.00027167309162334053
2023-11-17,7.345450182619463e-05,0.10361045869554164,-0.00906516164669392,0.000277442590392961,-0.19950408563502495,-0.0002729451041986614
2023-11-20,7.34278358063139e-05,0.10360891528849961,-0.009065903359338866,0.0002773824310819802,-0.1995011195781759,-0.0002728833029903731
2023-11-21,7.33770647662282e-05,0.10360759395158761,-0.00906682913014919,0.00027746412012607976,-0.19952223710647488,-0.00027431141156947393
2023-11-22,7.336320744922948e-05,0.10361131028726522,-0.009067057833571649,0.0002774153108970619,-0.19952815597582332,-0.0002750028508989544
2023-11-27,7.342900814835214e-05,0.10360947004410878,-0.009067837698800655,0.00027754288943528224,-0.19955166623005602,-0.00027457127052545966
2023-11-28,7.341226566082985e-05,0.10361371332330928,-0.009068555457456719,0.00027751982663109864,-0.19957079023110166,-0.0002739519457581609
2023-11-29,7.347471389982441e-05,0.10360823663490663,-0.00906892419183879,0.0002776121102709921,-0.19956854592802256,-0.00027465242715559113
2023-11-30,7.349383046326286e-05,0.10360494613235427,-0.009070321226109148,0.00027773049873836074,-0.19956445879128182,-0.00027529900654601076
2023-12-01,7.343019839204112e-05,0.1036062080434708,-0.009071228773865011,0.000277637940450767,-0.1995251749299125,-0.00027466474035870917
2023-12-04,7.342932114307445e-05,0.10360648149297813,-0.009072271133026758,0.00027749496175802417,-0.19951323414202024,-0.00027544726702054435
2023-12-05,7.33890260963712e-05,0.1036051908473028,-0.00907248301584166,0.00027742316882597203,-0.19950960095390402,-0.0002756329961747422
2023-12-06,7.337831676819318e-05,0.10359746702232736,-0.00907345778714905,0.00027741835772895955,-0.19946745650841852,-0.0002768728809485165
2023-12-07,7.337613051055025e-05,0.10360253242378384,-0.009073339665919581,0.00027739437091240786,-0.19944859240601648,-0.0002768726368463107
2023-12-08,7.339409709753956e-05,0.10359964854486818,-0.009073125009728946,0.00027749338849576656,-0.19946853103960385,-0.00027606046899466657
2023-12-11,7.339619035116712e-05,0.10360109513710178,-0.009073232586193034,0.0002774847147728602,-0.19947139548326526,-0.0002771191918695879
2023-12-12,7.34662807492572e-05,0.10360239256255536,-0.009073176340384143,0.0002775618812785101,-0.19951082150965846,-0.00027780773939979213
2023-12-13,7.339912582632934e-05,0.10360511788725334,-0.009073730519801794,0.0002775186040598499,-0.19949521220282115,-0.00027751730179445766
2023-12-14,7.337044748305582e-05,0.10360633731117765,-0.009074117518446556,0.0002775851258500094,-0.19949887051168633,-0.00027804976600177643
2023-12-15,7.33717967230714e-05,0.10360306377392789,-0.009074567980889141,0.00027776506817459034,-0.19948859092996862,-0.0002778029726284202
2023-12-18,7.341918138630204e-05,0.1035968480884335,-0.009074985927428846,0.00027767817536543865,-0.1995238795873324,-0.00027863932607828716
2023-12-19,7.34404191742556e-05,0.10359216684420483,-0.009075955845319658,0.00027781746117931585,-0.19954914654668243,-0.0002787086252573994
2023-12-20,7.341869271841191e-05,0.10359356151899986,-0.009076533043369337,0.0002779836370130063,-0.19954273568830477,-0.0002797903234548848
2023-12-21,7.3434950848343e-05,0.10358973073272239,-0.00907756559800013,0.0002779614265495254,-0.19954021676347203,-0.00027954198830722085
2023-12-22,7.337178788920467e-05,0.10358971166918347,-0.009078242273251316,0.00027802049844187314,-0.19954303152191677,-0.0002791181283643642
2023-12-27,7.34300602624957e-05,0.10358891214593285,-0.009078884483956353,0.0002780213708782369,-0.19957892089298973,-0.0002786727570611892
2023-12-28,7.348425534564902e-05,0.10358645828630669,-0.009079879481170335,0.00027818246087524294,-0.1996044988711555,-0.0002781572945532987
2023-12-29,7.345172979870154e-05,0.10357714019712543,-0.0090801827842597,0.0002780577296159236,-0.19960374251037413,-0.0002785686472766288
2024-01-03,7.344641763480582e-05,0.1035773587111746,-0.009081092627200584,0.0002780250056509657,-0.19959459072283214,-0.0002780517959838949
2024-01-04,7.344575158206863e-05,0.1035730541849581,-0.009082075508928767,0.00027801752134671106,-0.19962378606164533,-0.00027848432815069305
2024-01-05,7.34458018598567e-05,0.10356898723445924,-0.009083010817400712,0.0002780968355106605,-0.1996081677805498,-0.0002781505062000496
2024-01-08,7.33533799009191e-05,0.10356718509909596,-0.009083108580490815,0.0002783100658263843,-0.19957986079848747,-0.00027769169501218083
2024-01-09,7.337413918790815e-05,0.10356550205372678,-0.009084096538460953,0.0002782130760725817,-0.19957372584418806,-0.0002779338801923215
2024-01-10,7.342218520120447e-05,0.10356381243360029,-0.00908434074982312,0.0002783143936560731,-0.19960644263403815,-0.0002783920272640161
2024-01-11,7.344300023687085e-05,0.1035589957945022,-0.009083803368295965,0.0002782363180131854,-0.19959805121750465,-0.00027896839179921453
2024-01-12,7.343839531816167e-05,0.10355695387084787,-0.009084350947666797,0.00027841975308395773,-0.199560396272486,-0.0002785779338226108
2024-01-17,7.338817782465051e-05,0.10355753885129176,-0.00908431572102308,0.0002783776746201426,-0.19953652630113214,-0.0002782622258107543
2024-01-18,7.335326298024573e-05,0.10356215042331247,-0.009084544814297543,0.0002781611810902238,-0.19954589800177328,-0.000277662719094181
2024-01-19,7.334385722915172e-05,0.10355912619098775,-0.009085096374122713,0.00027814500518798366,-0.1995689298561086,-0.0002780924236673328
2024-01-22,7.331093936690317e-05,0.10356051887884579,-0.009085255419949013,0.000278071264611482,-0.1995715886283643,-0.0002778053719302193
2024-01-23,7.330739308268838e-05,0.10355944585528493,-0.009085437630155558,0.0002779865950236188,-0.1995617499568302,-0.00027732788889473734
2024-01-24,7.329480501737948e-05,0.10356176388626417,-0.009086176402715621,0.00027815032538632234,-0.1995817603420968,-0.00027829064716487073
2024-01-25,7.332300797531464e-05,0.10355964405720974,-0.009086102167849865,0.00027803409061817727,-0.19957299482115665,-0.00027816173805909357
2024-01-26,7.33268373139747e-05,0.10355849470830669,-0.009086444573002493,0.0002780196297375409,-0.19955842861373127,-0.00027781762888946505
2024-01-29,7.328293914998748e-05,0.10355628894808122,-0.009087492141962273,0.0002779692093730514,-0.19956464980207117,-0.0002787434351050999
2024-01-30,7.32817222081906e-05,0.10354680929456528,-0.009088413199347695,0.0002779428469843731,-0.19956613651253335,-0.0002791803402202964
2024-01-31,7.330131503894593e-05,0.1035470733515458,-0.009088716212810766,0.00027783411931914,-0.19954535358249598,-0.00027912240183992774
2024-02-01,7.332560566726152e-05,0.10354434666329848,-0.009089237103363498,0.0002778574171228073,-0.19953940884200747,-0.0002792258918812344
2024-02-02,7.32666569935389e-05,0.10353948251154736,-0.009089805086468061,0.0002778024932131719,-0.19956148851984265,-0.0002791729216498581
2024-02-05,7.328279512400073e-05,0.10353385038882554,-0.009090135091982202,0.00027789770237348065,-0.1995373805935808,-0.0002798707172342501
2024-02-06,7.325249664135218e-05,0.1035295631743547,-0.009090117046196252,0.000277888707914121,-0.19949947506040322,-0.0002801298662377511
2024-02-07,7.326285276525768e-05,0.10352676534866359,-0.00909008021505656,0.0002779697740531022,-0.19947400922745387,-0.00027988180407162775
2024-02-08,7.329051827922013e-05,0.10352376453777198,-0.009089469163393758,0.0002780060098445884,-0.1994454543880271,-0.0002799436678689329
2024-02-09,7.328851198665107e-05,0.10352428921173532,-0.009089776572304493,0.00027788038220006775,-0.19948084870458635,-0.00027977848221368815
2024-02-12,7.329667404944904e-05,0.10352158875846174,-0.009089244200243481,0.00027769073985883347,-0.19942114228445193,-0.0002799666829178937
2024-02-13,7.328706954214998e-05,0.10351628731933572,-0.009089550581412,0.00027765155442603835,-0.19939701939512378,-0.00027973454446195606
2024-02-14,7.328605823688594e-05,0.10351495278758215,-0.009090311869390537,0.0002775700723073237,-0.19940112361066994,-0.00028003184476996966
2024-02-15,7.329500952439849e-05,0.10351701974609027,-0.009090287388589788,0.0002774983066944125,-0.19937095477750139,-0.00027954833731009106
2024-02-16,7.324887922412824e-05,0.10352032505604729,-0.009090851292354325,0.00027750163261698206,-0.1993884449389668,-0.00027990069914867556
2024-02-21,7.322107823545874e-05,0.10351841314709748,-0.00909112280284357,0.00027742604730427036,-0.19937954459016358,-0.0002797340636651894
2024-02-22,7.326989713588524e-05,0.10351805501098771,-0.009091070496943049,0.00027725055867017185,-0.1993475462082245,-0.0002806393736232249
2024-02-23,7.327618504667401e-05,0.10351640073897356,-0.009091686983828793,0.00027734196636527433,-0.19933977473962744,-0.0002811798433850721
2024-02-26,7.326974484105464e-05,0.10351477102599979,-0.009091780300953192,0.00027722640952414175,-0.19933329081417367,-0.0002814442112717994
2024-02-27,7.329669163970864e-05,0.10351441385708324,-0.00909172375149295,0.000277342161255977,-0.19935489929606662,-0.00028173667298005085
2024-02-28,7.332195650469415e-05,0.10351803118474007,-0.009091852399410046,0.0002774735644941979,-0.19938234375955508,-0.00028238092839339134
2024-02-29,7.332702641894281e-05,0.1035199540015592,-0.0090924362352058,0.00027737503372247854,-0.19942100959548337,-0.0002818201831470374
2024-03-01,7.331369899853253e-05,0.10352357183544064,-0.009093019353459016,0.0002774040391491426,-0.19946332638041436,-0.0002822991677915655
2024-03-04,7.335517221476002e-05,0.10352168051169218,-0.009093865076403754,0.00027745346390781504,-0.19944347371209112,-0.00028247138002605805
2024-03-05,7.330897794675154e-05,0.10352221492599661,-0.009094231859255683,0.0002773910111096777,-0.19946255114963718,-0.00028362480144876516
2024-03-06,7.33365155448661e-05,0.10352099734841527,-0.009094863224978624,0.0002774593267676021,-0.19945437034366056,-0.0002837530135063005
2024-03-07,7.328988843195048e-05,0.1035286331560617,-0.009094641473294208,0.0002774848129322606,-0.19943669291014324,-0.0002839937873088631
2024-03-08,7.326270540182981e-05,0.10352881725330033,-0.009094411846889503,0.0002773967639448455,-0.19943532715758489,-0.00028381293518704216
2024-03-11,7.32906295447219e-05,0.10352853946833246,-0.009095031056431882,0.00027748693258691456,-0.19939148094760117,-0.0002834504600424624
2024-03-12,7.328460910017733e-05,0.10352082699689542,-0.009095832206514817,0.00027747109313711396,-0.19937413766710976,-0.00028319533042741614
2024-03-13,7.334292455153703e-05,0.10352021345165255,-0.009096250281291825,0.00027743124822511176,-0.19938464606514555,-0.0002831867786392439
2024-03-14,7.334476665203678e-05,0.10351069679466084,-0.009096951086693702,0.0002775923766803251,-0.19936484076116964,-0.0002829822136244451
2024-03-15,7.333123770366574e-05,0.10351249642496897,-0.009096662069262622,0.00027766944767131546,-0.19937458326856436,-0.00028270089982214
2024-03-18,7.33630206673485e-05,0.10351062925463242,-0.009096019971323515,0.0002775997507410001,-0.19938503557955223,-0.00028233226567334746
2024-03-19,7.337978220456951e-05,0.10351450190883979,-0.009095757250122011,0.0002776918470135756,-0.19941586967491082,-0.0002817609496187711
2024-03-20,7.339429421229564e-05,0.10351569266734306,-0.009095592673977878,0.00027774613049203097,-0.19941889159575074,-0.0002823867054388166
2024-03-21,7.338999814392318e-05,0.10351890440727636,-0.009096111817146034,0.0002778255658026165,-0.1994229769297747,-0.0002832130135537961
2024-03-22,7.339996303130182e-05,0.10351555391265263,-0.009095939587174005,0.00027777528090283166,-0.19945669302056068,-0.0002817952060617355
2024-03-25,7.343758565750426e-05,0.10351300499908951,-0.009096136842528278,0.0002776474297100467,-0.19951181746472957,-0.00028232618444514016
2024-03-26,7.342423867168975e-05,0.10351305980891745,-0.009096290306039116,0.00027757693152480047,-0.1995215045602726,-0.00028257539170214123
2024-03-27,7.34559227523464e-05,0.10351758585189796,-0.009096539314387203,0.00027756734906977156,-0.19949215360979272,-0.0002830450417128533
2024-03-28,7.347448286457072e-05,0.10351677171568026,-0.009097008938291053,0.00027760210388752435,-0.19948763165303346,-0.00028326100426807167
2024-04-02,7.351004451332086e-05,0.10351736606841605,-0.0090963520487346,0.00027749987703121404,-0.1994850285631667,-0.0002835659020776243
2024-04-03,7.347401267669938e-05,0.10351799241395312,-0.009096682307041656,0.0002775473336856638,-0.1994783636091123,-0.0002842819833296899
2024-04-04,7.348006296799376e-05,0.10351732793649424,-0.00909664401645417,0.00027751908994302714,-0.19949930822966705,-0.00028568078552000583
2024-04-05,7.34951892045673e-05,0.10351912958889947,-0.00909657378612417,0.0002774790178227752,-0.19951546489400035,-0.0002854358204328503
2024-04-08,7.349211444884995e-05,0.10351956129904212,-0.009096824133712671,0.000277399632787515,-0.19949834839127756,-0.0002865830316303441
2024-04-09,7.353975174851165e-05,0.10351711798174319,-0.009097880777514892,0.00027724404323992396,-0.1994674531060602,-0.000286589691036645
2024-04-10,7.355258344352917e-05,0.10351876965120353,-0.009098459883609588,0.00027715797519390413,-0.1994304965790354,-0.0002866192882307273
2024-04-11,7.357499323624374e-05,0.10352237041913848,-0.009098760006131376,0.0002772324269621192,-0.19941917625111186,-0.00028672623681527356
2024-04-12,7.36317203353643e-05,0.1035286368860017,-0.009098185921823527,0.00027740735109073203,-0.199449161385356,-0.0002867146651496705
2024-04-15,7.364376050961855e-05,0.10353480690675008,-0.009098491561263886,0.00027733382830735564,-0.19943425538114654,-0.00028733844564421044
2024-04-16,7.367115024880836e-05,0.103531282365032,-0.009098883745997806,0.0002773335143969172,-0.19946052207653,-0.00028744219453036047
2024-04-17,7.371964616377599e-05,0.10353163077785414,-0.009100160587614085,0.00027733821754347685,-0.19945784457835342,-0.00028843806067000913
2024-04-18,7.371433765178246e-05,0.10352835725797147,-0.00910055682589929,0.0002771302971017491,-0.1994684008338285,-0.000289071404723415
2024-04-19,7.368589271920842e-05,0.1035325333818142,-0.009100744752146363,0.00027721062471970805,-0.19947854409734653,-0.00028932794245760705
2024-04-22,7.375441631215318e-05,0.10353470343488451,-0.009101323002183711,0.0002770712676023289,-0.1994969210025304,-0.00029146995755821825
2024-04-23,7.376886344628337e-05,0.10353757068516584,-0.009101778159237496,0.00027718005326208444,-0.19949816658747052,-0.0002911783989378149
2024-04-24,7.377822459621588e-05,0.10353339602352443,-0.00910161605645376,0.00027716235335860227,-0.19956910246260393,-0.0002912879939726977
2024-04-25,7.374919652208852e-05,0.10353571572586974,-0.009102815854110154,0.00027704603244071193,-0.19957018504302723,-0.00029166136523758245
2024-04-26,7.380116338955803e-05,0.10354110156481602,-0.009102646910957756,0.000277025553709575,-0.1995581573684955,-0.0002921952196480452
2024-04-29,7.380488792384755e-05,0.1035410188781196,-0.009102498227196538,0.00027700796906979426,-0.1995508688441203,-0.0002920329838489378
2024-04-30,7.379843093741226e-05,0.10354651776274551,-0.00910213740254545,0.0002770625003914668,-0.19950546273549588,-0.0002922807784547867
2024-05-01,7.378523846952722e-05,0.10354956200747664,-0.00910354322138561,0.0002769943231401012,-0.19953477841514283,-0.00029136432380865704
2024-05-02,7.369125471888575e-05,0.10355165414647761,-0.009102984765412273,0.0002770787113936139,-0.19952694872925686,-0.00029110898290092584
2024-05-03,7.369963639407626e-05,0.1035484313202884,-0.009102332187518294,0.00027713930556899977,-0.1995101538312777,-0.000289898419623064
2024-05-06,7.367748177184858e-05,0.10355420148264491,-0.009102824185558472,0.0002771384600402935,-0.19952439295126503,-0.00028839525313962877
2024-05-07,7.364933330072677e-05,0.10355835726686367,-0.009102998562660124,0.0002770267632884744,-0.19951820106280443,-0.00028828675897185505
2024-05-08,7.359892437677564e-05,0.10355309145841407,-0.009103599060962921,0.00027693980060684446,-0.19955642622174438,-0.0002886952262663955
2024-05-09,7.364835945324324e-05,0.10354967557617223,-0.009103029851027686,0.0002767368726990793,-0.19955433895928615,-0.0002895824808989461
2024-05-10,7.364133838308344e-05,0.1035553918815442,-0.009103365454543851,0.00027684929733351053,-0.19952419284648984,-0.0002893706887073496
2024-05-13,7.371104535525178e-05,0.10355111810344392,-0.009103445329128646,0.0002768184132882919,-0.19949526864714387,-0.0002898249359851868
2024-05-14,7.372451092255406e-05,0.10355527436073028,-0.009103751019789354,0.00027660066025349077,-0.19951990009947249,-0.00028985307926810425
2024-05-15,7.380093448060667e-05,0.10355543072042021,-0.00910421692680349,0.0002766281690003378,-0.1995226317877195,-0.00028955449372708013
2024-05-16,7.379428799096554e-05,0.10355097514919864,-0.009104915344272591,0.0002765680044249148,-0.1995259351266757,-0.000289853225935484
2024-05-17,7.37822733153238e-05,0.10355574799430378,-0.009105727301167519,0.000276616889164557,-0.19953134833587985,-0.00029022537890136115
2024-05-20,7.38041112571209e-05,0.10355355674209844,-0.009106718411069938,0.00027647214752388644,-0.19950406488625705,-0.0002896633714605631
2024-05-21,7.381641250139497e-05,0.10355087662302817,-0.009107750248787313,0.0002765309328715869,-0.1994674312663796,-0.00028955928694487286
2024-05-22,7.378445407116046e-05,0.10355555061909591,-0.009107852659038474,0.00027664628558932895,-0.19945653074211103,-0.00028985445698566104
2024-05-23,7.377439484482088e-05,0.10355017741206801,-0.009108644514787968,0.00027667215052354236,-0.199423147699778,-0.00029073698861280787
2024-05-24,7.374557734485528e-05,0.10354663495141063,-0.009109340111512876,0.00027659449264994977,-0.19942638434900847,-0.0002897475241475423
2024-05-29,7.36693020828555e-05,0.10354941407468307,-0.009110326313164932,0.00027664390296485146,-0.1994330561426002,-0.0002896009051572658
2024-05-30,7.364005458817947e-05,0.10354614054375415,-0.009109904426533495,0.00027669680574516606,-0.19941977888554738,-0.00029034703628587946
2024-05-31,7.3590624702883e-05,0.10354022681179988,-0.0091101845200697,0.0002765966234671788,-0.1994252813686536,-0.00029034887423045236
2024-06-03,7.353770914278004e-05,0.10354141296442451,-0.009109237171161383,0.0002765924641272985,-0.19941237531144043,-0.0002895076422142543
2024-06-04,7.354260842488776e-05,0.10353792049771017,-0.009109730598020133,0.0002766625278820317,-0.19943243664443855,-0.000290032471037385
2024-06-05,7.342796503397771e-05,0.10353483846659554,-0.009110796090484258,0.0002767530094720383,-0.19946571783227646,-0.0002903228916066002
2024-06-06,7.345819614245768e-05,0.10353650274220773,-0.009110666316470274,0.00027686299037261487,-0.1994876309114732,-0.00029034820770296085
2024-06-07,7.341182369637e-05,0.10354041068145005,-0.009110834169104572,0.0002769129754378044,-0.19947137057947223,-0.00029013501067359136
2024-06-10,7.345008359355807e-05,0.10354028290794101,-0.0091100465890665,0.00027677288245001757,-0.19951456453117702,-0.0002892012504991869
2024-06-11,7.34683357980497e-05,0.1035413601284809,-0.009109953264720696,0.00027695522377011567,-0.19951441041597937,-0.0002902728338085517
2024-06-12,7.341727190285346e-05,0.10354672893320797,-0.00910981439788389,0.0002769762059217573,-0.19949976762436092,-0.0002916394751441026
2024-06-13,7.341186792430889e-05,0.10354967983134486,-0.00910949370155864,0.00027698222968436197,-0.19946669933523523,-0.000291064255701491
2024-06-14,7.337139043117682e-05,0.10355399195788394,-0.009109548506703057,0.0002770241976433466,-0.19946769503755868,-0.0002912316425841244
2024-06-17,7.33754640909842e-05,0.10355481819401262,-0.009110107329194404,0.0002770606557133234,-0.1994660032424156,-0.00029136235589174135
2024-06-18,7.343715989660025e-05,0.10355578734013036,-0.00910862318885113,0.00027716751578428495,-0.1994735619712407,-0.0002916369628516231
2024-06-21,7.343985235097185e-05,0.10355002538944745,-0.009108332127930902,0.0002772570770113401,-0.19946260194105933,-0.0002926351692394299
2024-06-24,7.345078189638628e-05,0.10354807864479257,-0.009109151860753046,0.00027715796274058586,-0.19949429964664728,-0.00029234183481926845
2024-06-25,7.343825703159144e-05,0.10354550397223931,-0.009108537613086252,0.00027719804181775085,-0.19945630164080028,-0.0002930029601308177
2024-06-26,7.341785220804798e-05,0.10354452436853315,-0.009109162998694768,0.00027723685373317404,-0.19946054756332565,-0.00029354970197602103
2024-06-27,7.338312667568417e-05,0.10354391259573971,-0.009109193935447051,0.00027743685729034173,-0.19942797881848395,-0.0002932166895102492
2024-06-28,7.34047110471951e-05,0.10354647068652369,-0.009109062883439234,0.00027742362212431924,-0.19941427240948448,-0.000292875263140394
